{"type":"FeatureCollection","features":[{"type":"Feature","id":"lariac:396181888201","geometry":{"type":"Polygon","coordinates":[[[-118.54728816395115,34.179646516698405],[-118.54727267125722,34.179633589243146],[-118.54727161063788,34.17959273246079],[-118.54725775878498,34.17959298806965],[-118.54725785105117,34.17959697157524],[-118.54705420203979,34.179600668740235],[-118.54705561018338,34.179654026564585],[-118.54709005825005,34.17965340374502],[-118.54709071845159,34.17967851687352],[-118.54707461667049,34.17971387253521],[-118.54734292198586,34.179712768591244],[-118.54734251883906,34.17964627072463],[-118.54728816395115,34.179646516698405]]]},"properties":{"building_pk":2433,"building_key":"lariac:396181888201","source_tile":"r03-c04","source_tile_ids":["r03-c04"],"source_bld_id":"396181888201","height_m":4.572,"receiver_ids":[145991,145992,145993,145994,145995,145996,145997,145998,145999,146000],"receiver_keys":["r03-c04:expanded-facade-max4m:2433:0:1","r03-c04:expanded-facade-max4m:2433:0:11","r03-c04:expanded-facade-max4m:2433:0:19","r03-c04:expanded-facade-max4m:2433:0:2","r03-c04:expanded-facade-max4m:2433:0:20","r03-c04:expanded-facade-max4m:2433:0:21","r03-c04:expanded-facade-max4m:2433:0:6","r03-c04:expanded-facade-max4m:2433:0:7","r03-c04:expanded-facade-max4m:2433:0:8","r03-c04:expanded-facade-max4m:2433:0:9"],"receiver_count":10,"periods":{"D":{"min":55.35407,"max":64.91125,"receiver_count":10,"unavailable_count":0},"E":{"min":53.135582,"max":62.692757,"receiver_count":10,"unavailable_count":0},"N":{"min":48.36437,"max":57.921547,"receiver_count":10,"unavailable_count":0}}}},{"type":"Feature","id":"lariac:395276888102","geometry":{"type":"Polygon","coordinates":[[[-118.55017375751933,34.17927372296265],[-118.55013918592869,34.179295754389436],[-118.5501143771313,34.17926885516823],[-118.55006113595957,34.179302786225925],[-118.55008141706794,34.17932476017971],[-118.55005906069965,34.17933901339801],[-118.55007061566033,34.1793515464017],[-118.55007354622461,34.17934966417198],[-118.55012160021059,34.17940173877355],[-118.55014435196327,34.17938723582055],[-118.55016326616048,34.179407704088916],[-118.55024772047395,34.17935387274128],[-118.55017375751933,34.17927372296265]]]},"properties":{"building_pk":2469,"building_key":"lariac:395276888102","source_tile":"r03-c04","source_tile_ids":["r03-c04"],"source_bld_id":"395276888102","height_m":6.081,"receiver_ids":[146077,146078,146079,146080,146081,146082,146083],"receiver_keys":["r03-c04:expanded-facade-max4m:2469:0:10","r03-c04:expanded-facade-max4m:2469:0:11","r03-c04:expanded-facade-max4m:2469:0:12","r03-c04:expanded-facade-max4m:2469:0:6","r03-c04:expanded-facade-max4m:2469:0:7","r03-c04:expanded-facade-max4m:2469:0:8","r03-c04:expanded-facade-max4m:2469:0:9"],"receiver_count":7,"periods":{"D":{"min":54.257763,"max":62.479412,"receiver_count":7,"unavailable_count":0},"E":{"min":52.039276,"max":60.260925,"receiver_count":7,"unavailable_count":0},"N":{"min":47.268063,"max":55.489716,"receiver_count":7,"unavailable_count":0}}}},{"type":"Feature","id":"lariac:394609888312","geometry":{"type":"Polygon","coordinates":[[[-118.55226102738075,34.17982384991282],[-118.55226175096085,34.17992329415491],[-118.55225543671061,34.17992332298696],[-118.55225550210062,34.17993321443216],[-118.55226244441404,34.17993318273225],[-118.55226256430724,34.179951318551],[-118.55231708516467,34.17995104253827],[-118.55231710969166,34.17995475228098],[-118.55235033716288,34.17995457258973],[-118.55235066602552,34.17999922457611],[-118.55241765163044,34.179998891591744],[-118.55241763436598,34.179996280798335],[-118.552430660976,34.17999622129864],[-118.55243063481046,34.1799922645403],[-118.55244574411533,34.17999219552598],[-118.55244556821317,34.17996559626525],[-118.55242920170309,34.17996567102196],[-118.55242901779611,34.17994278165255],[-118.5524090477955,34.179942872865766],[-118.55240852120484,34.17986815978838],[-118.55244521980134,34.179867965118234],[-118.55244488960659,34.17982295522489],[-118.55226102738075,34.17982384991282]]]},"properties":{"building_pk":2510,"building_key":"lariac:394609888312","source_tile":"r03-c04","source_tile_ids":["r03-c04"],"source_bld_id":"394609888312","height_m":4.947,"receiver_ids":[146197,146198,146199,146202,146203,146204,146205,146206,146207,146208,146209,146210],"receiver_keys":["r03-c04:expanded-facade-max4m:2510:0:11","r03-c04:expanded-facade-max4m:2510:0:12","r03-c04:expanded-facade-max4m:2510:0:14","r03-c04:expanded-facade-max4m:2510:0:16","r03-c04:expanded-facade-max4m:2510:0:17","r03-c04:expanded-facade-max4m:2510:0:18","r03-c04:expanded-facade-max4m:2510:0:19","r03-c04:expanded-facade-max4m:2510:0:20","r03-c04:expanded-facade-max4m:2510:0:21","r03-c04:expanded-facade-max4m:2510:0:5","r03-c04:expanded-facade-max4m:2510:0:6","r03-c04:expanded-facade-max4m:2510:0:7"],"receiver_count":12,"periods":{"D":{"min":52.9708,"max":63.292442,"receiver_count":12,"unavailable_count":0},"E":{"min":50.75231,"max":61.073956,"receiver_count":12,"unavailable_count":0},"N":{"min":45.9811,"max":56.302742,"receiver_count":12,"unavailable_count":0}}}},{"type":"Feature","id":"lariac:394360886881","geometry":{"type":"Polygon","coordinates":[[[-118.55321973556694,34.1760327623804],[-118.5532181086285,34.17591697276943],[-118.55307052832862,34.175918417680606],[-118.55305861031077,34.175926083920906],[-118.55306029480619,34.175960810014224],[-118.5530698432936,34.17596977908646],[-118.5530215406443,34.1759699179296],[-118.55302179450369,34.176033338605784],[-118.55321973556694,34.1760327623804]]]},"properties":{"building_pk":2567,"building_key":"lariac:394360886881","source_tile":"r03-c04","source_tile_ids":["r03-c04"],"source_bld_id":"394360886881","height_m":9.641,"receiver_ids":[146259,146260,146261,146262,146263,146264,146265,146266,146267,146268,146269],"receiver_keys":["r03-c04:expanded-facade-max4m:2567:0:1","r03-c04:expanded-facade-max4m:2567:0:10","r03-c04:expanded-facade-max4m:2567:0:11","r03-c04:expanded-facade-max4m:2567:0:12","r03-c04:expanded-facade-max4m:2567:0:2","r03-c04:expanded-facade-max4m:2567:0:3","r03-c04:expanded-facade-max4m:2567:0:4","r03-c04:expanded-facade-max4m:2567:0:5","r03-c04:expanded-facade-max4m:2567:0:6","r03-c04:expanded-facade-max4m:2567:0:7","r03-c04:expanded-facade-max4m:2567:0:8"],"receiver_count":11,"periods":{"D":{"min":66.6889,"max":71.7784,"receiver_count":11,"unavailable_count":0},"E":{"min":64.47041,"max":69.55991,"receiver_count":11,"unavailable_count":0},"N":{"min":59.6992,"max":64.7887,"receiver_count":11,"unavailable_count":0}}}},{"type":"Feature","id":"lariac:395076888285","geometry":{"type":"Polygon","coordinates":[[[-118.55087061721929,34.17987215140014],[-118.55087026636798,34.17986401926639],[-118.55088107611513,34.1798636950596],[-118.55087905620128,34.17981811677547],[-118.5508683128073,34.17981846772614],[-118.55086803972661,34.17981225913343],[-118.55072060531063,34.17981680539933],[-118.55072328140868,34.179876697219775],[-118.55087061721929,34.17987215140014]]]},"properties":{"building_pk":2581,"building_key":"lariac:395076888285","source_tile":"r03-c04","source_tile_ids":["r03-c04"],"source_bld_id":"395076888285","height_m":5.16,"receiver_ids":[146294,146295,146296,146297,146298,146299,146300,146301,146302,146303,146304],"receiver_keys":["r03-c04:expanded-facade-max4m:2581:0:1","r03-c04:expanded-facade-max4m:2581:0:10","r03-c04:expanded-facade-max4m:2581:0:11","r03-c04:expanded-facade-max4m:2581:0:2","r03-c04:expanded-facade-max4m:2581:0:3","r03-c04:expanded-facade-max4m:2581:0:4","r03-c04:expanded-facade-max4m:2581:0:5","r03-c04:expanded-facade-max4m:2581:0:6","r03-c04:expanded-facade-max4m:2581:0:7","r03-c04:expanded-facade-max4m:2581:0:8","r03-c04:expanded-facade-max4m:2581:0:9"],"receiver_count":11,"periods":{"D":{"min":53.426277,"max":59.61952,"receiver_count":11,"unavailable_count":0},"E":{"min":51.20779,"max":57.40103,"receiver_count":11,"unavailable_count":0},"N":{"min":46.436577,"max":52.629818,"receiver_count":11,"unavailable_count":0}}}},{"type":"Feature","id":"lariac:393951886916","geometry":{"type":"Polygon","coordinates":[[[-118.55475088112777,34.176037510244456],[-118.5546444264811,34.1760384384595],[-118.55464407498388,34.17601032901681],[-118.55446449089433,34.176011921496006],[-118.55446607338729,34.176135790040945],[-118.55447043798846,34.176135742984386],[-118.55447086043708,34.17616948495119],[-118.55454114618033,34.17616886067544],[-118.55454106731067,34.17616188128067],[-118.5546715233472,34.17616073309267],[-118.55467122664109,34.176135976242136],[-118.55475212565183,34.176135248172905],[-118.55475088112777,34.176037510244456]]]},"properties":{"building_pk":2931,"building_key":"lariac:393951886916","source_tile":"r03-c04","source_tile_ids":["r03-c04"],"source_bld_id":"393951886916","height_m":5.688,"receiver_ids":[146783,146784,146785,146786,146787,146788,146789,146790,146791],"receiver_keys":["r03-c04:expanded-facade-max4m:2931:0:10","r03-c04:expanded-facade-max4m:2931:0:11","r03-c04:expanded-facade-max4m:2931:0:12","r03-c04:expanded-facade-max4m:2931:0:13","r03-c04:expanded-facade-max4m:2931:0:14","r03-c04:expanded-facade-max4m:2931:0:6","r03-c04:expanded-facade-max4m:2931:0:7","r03-c04:expanded-facade-max4m:2931:0:8","r03-c04:expanded-facade-max4m:2931:0:9"],"receiver_count":9,"periods":{"D":{"min":58.26936,"max":67.089966,"receiver_count":9,"unavailable_count":0},"E":{"min":56.050873,"max":64.871475,"receiver_count":9,"unavailable_count":0},"N":{"min":51.27966,"max":60.10026,"receiver_count":9,"unavailable_count":0}}}},{"type":"Feature","id":"lariac:395299888339","geometry":{"type":"Polygon","coordinates":[[[-118.55012481446212,34.179925091279685],[-118.55010174492183,34.17994143662702],[-118.55008490664274,34.17992505281875],[-118.5500434731077,34.179954424244976],[-118.55004071099319,34.17995174389429],[-118.54999924380255,34.17998111545822],[-118.55007734619478,34.180057234648096],[-118.55012012954076,34.18002692307104],[-118.55011823195973,34.18002506280111],[-118.55012652528929,34.180019172253985],[-118.55012319765439,34.18001594453546],[-118.55015077698799,34.17999636376372],[-118.55016205742676,34.1800073870199],[-118.55018940587932,34.17998799931846],[-118.55012481446212,34.179925091279685]]]},"properties":{"building_pk":3593,"building_key":"lariac:395299888339","source_tile":"r03-c04","source_tile_ids":["r03-c04"],"source_bld_id":"395299888339","height_m":5.675,"receiver_ids":[147708,147709,147710,147711,147715,147716,147717],"receiver_keys":["r03-c04:expanded-facade-max4m:3593:0:11","r03-c04:expanded-facade-max4m:3593:0:12","r03-c04:expanded-facade-max4m:3593:0:13","r03-c04:expanded-facade-max4m:3593:0:2","r03-c04:expanded-facade-max4m:3593:0:3","r03-c04:expanded-facade-max4m:3593:0:4","r03-c04:expanded-facade-max4m:3593:0:5"],"receiver_count":7,"periods":{"D":{"min":60.647884,"max":65.51421,"receiver_count":7,"unavailable_count":0},"E":{"min":58.429394,"max":63.295723,"receiver_count":7,"unavailable_count":0},"N":{"min":53.658184,"max":58.52451,"receiver_count":7,"unavailable_count":0}}}},{"type":"Feature","id":"lariac:394683888221","geometry":{"type":"Polygon","coordinates":[[[-118.55208402255451,34.17969154952152],[-118.55214591508503,34.17969107495246],[-118.55214590745219,34.17968992010904],[-118.55214935356624,34.17969005583608],[-118.552149188196,34.179627615634914],[-118.55208330585181,34.17962807596287],[-118.55208402255451,34.17969154952152]]]},"properties":{"building_pk":3646,"building_key":"lariac:394683888221","source_tile":"r03-c04","source_tile_ids":["r03-c04"],"source_bld_id":"394683888221","height_m":4.624,"receiver_ids":[147796,147797,147798,147799],"receiver_keys":["r03-c04:expanded-facade-max4m:3646:0:1","r03-c04:expanded-facade-max4m:3646:0:2","r03-c04:expanded-facade-max4m:3646:0:6","r03-c04:expanded-facade-max4m:3646:0:7"],"receiver_count":4,"periods":{"D":{"min":55.580597,"max":58.465057,"receiver_count":4,"unavailable_count":0},"E":{"min":53.36211,"max":56.24657,"receiver_count":4,"unavailable_count":0},"N":{"min":48.590897,"max":51.475357,"receiver_count":4,"unavailable_count":0}}}},{"type":"Feature","id":"lariac:395043888190","geometry":{"type":"Polygon","coordinates":[[[-118.5509734640709,34.17949895659338],[-118.55089111298922,34.17951554419206],[-118.55089933188067,34.17954361780548],[-118.5508383775576,34.17955590400388],[-118.55086148224389,34.179635076062],[-118.55088921859269,34.17962948096226],[-118.55090187103228,34.179672867845085],[-118.55096031645392,34.17966108799202],[-118.55096731860897,34.179685100277844],[-118.5510244424691,34.179673601385154],[-118.5509734640709,34.17949895659338]]]},"properties":{"building_pk":3797,"building_key":"lariac:395043888190","source_tile":"r03-c04","source_tile_ids":["r03-c04"],"source_bld_id":"395043888190","height_m":6.032,"receiver_ids":[147930,147931,147932,147933,147934,147935,147936,147937,147938,147939,147940,147941,147942,147943,147944,147945,147946],"receiver_keys":["r03-c04:expanded-facade-max4m:3797:0:1","r03-c04:expanded-facade-max4m:3797:0:10","r03-c04:expanded-facade-max4m:3797:0:11","r03-c04:expanded-facade-max4m:3797:0:12","r03-c04:expanded-facade-max4m:3797:0:13","r03-c04:expanded-facade-max4m:3797:0:14","r03-c04:expanded-facade-max4m:3797:0:15","r03-c04:expanded-facade-max4m:3797:0:16","r03-c04:expanded-facade-max4m:3797:0:17","r03-c04:expanded-facade-max4m:3797:0:2","r03-c04:expanded-facade-max4m:3797:0:3","r03-c04:expanded-facade-max4m:3797:0:4","r03-c04:expanded-facade-max4m:3797:0:5","r03-c04:expanded-facade-max4m:3797:0:6","r03-c04:expanded-facade-max4m:3797:0:7","r03-c04:expanded-facade-max4m:3797:0:8","r03-c04:expanded-facade-max4m:3797:0:9"],"receiver_count":17,"periods":{"D":{"min":51.99034,"max":65.96379,"receiver_count":17,"unavailable_count":0},"E":{"min":49.771854,"max":63.745308,"receiver_count":17,"unavailable_count":0},"N":{"min":45.00064,"max":58.974094,"receiver_count":17,"unavailable_count":0}}}},{"type":"Feature","id":"lariac:2014121120390000","geometry":{"type":"Polygon","coordinates":[[[-118.55234557676374,34.17412578706146],[-118.55243180592277,34.17412501816059],[-118.55243052525982,34.174025828901776],[-118.55234429728783,34.174026597796804],[-118.55234557676374,34.17412578706146]]]},"properties":{"building_pk":4237,"building_key":"lariac:2014121120390000","source_tile":"r03-c04","source_tile_ids":["r03-c04"],"source_bld_id":"2014121120390000","height_m":5.651,"receiver_ids":[148413,148414,148415,148416,148417],"receiver_keys":["r03-c04:expanded-facade-max4m:4237:0:2","r03-c04:expanded-facade-max4m:4237:0:3","r03-c04:expanded-facade-max4m:4237:0:4","r03-c04:expanded-facade-max4m:4237:0:5","r03-c04:expanded-facade-max4m:4237:0:6"],"receiver_count":5,"periods":{"D":{"min":73.540344,"max":79.62241,"receiver_count":5,"unavailable_count":0},"E":{"min":71.32185,"max":77.40393,"receiver_count":5,"unavailable_count":0},"N":{"min":66.550644,"max":72.63271,"receiver_count":5,"unavailable_count":0}}}},{"type":"Feature","id":"lariac:395124888220","geometry":{"type":"Polygon","coordinates":[[[-118.55064472204585,34.179736251741154],[-118.55063486838229,34.17974107839349],[-118.55065736163513,34.17977276894086],[-118.55066761086985,34.179767721410464],[-118.55067128221971,34.17977289849074],[-118.55068637656657,34.17976546504961],[-118.55068944678237,34.17976979290712],[-118.55071175872327,34.17975883672172],[-118.55070762074617,34.17975297479075],[-118.55072202321583,34.179745902408555],[-118.55071925311658,34.17974201313884],[-118.55074275137977,34.17973050250533],[-118.55076904945172,34.179767534484945],[-118.55081673874272,34.179744124178086],[-118.5506896522783,34.17956515496165],[-118.55056622764656,34.179625703827256],[-118.55064472204585,34.179736251741154]]]},"properties":{"building_pk":8543,"building_key":"lariac:395124888220","source_tile":"r03-c04","source_tile_ids":["r03-c04"],"source_bld_id":"395124888220","height_m":5.998,"receiver_ids":[150043,150044,150045,150046,150047,150048,150049,150050,150051,150052,150053,150054,150055,150056,150057,150058,150059,150060,150061],"receiver_keys":["r03-c04:expanded-facade-max4m:8543:0:1","r03-c04:expanded-facade-max4m:8543:0:10","r03-c04:expanded-facade-max4m:8543:0:11","r03-c04:expanded-facade-max4m:8543:0:12","r03-c04:expanded-facade-max4m:8543:0:13","r03-c04:expanded-facade-max4m:8543:0:14","r03-c04:expanded-facade-max4m:8543:0:15","r03-c04:expanded-facade-max4m:8543:0:16","r03-c04:expanded-facade-max4m:8543:0:17","r03-c04:expanded-facade-max4m:8543:0:18","r03-c04:expanded-facade-max4m:8543:0:19","r03-c04:expanded-facade-max4m:8543:0:2","r03-c04:expanded-facade-max4m:8543:0:20","r03-c04:expanded-facade-max4m:8543:0:3","r03-c04:expanded-facade-max4m:8543:0:4","r03-c04:expanded-facade-max4m:8543:0:6","r03-c04:expanded-facade-max4m:8543:0:7","r03-c04:expanded-facade-max4m:8543:0:8","r03-c04:expanded-facade-max4m:8543:0:9"],"receiver_count":19,"periods":{"D":{"min":52.20827,"max":65.56619,"receiver_count":19,"unavailable_count":0},"E":{"min":49.98978,"max":63.347702,"receiver_count":19,"unavailable_count":0},"N":{"min":45.21857,"max":58.576492,"receiver_count":19,"unavailable_count":0}}}},{"type":"Feature","id":"lariac:394189887375","geometry":{"type":"Polygon","coordinates":[[[-118.55380992510565,34.17727890565085],[-118.55379107603434,34.17727846996804],[-118.55379132678152,34.17727129613321],[-118.55375329889348,34.17727042626883],[-118.55375288642897,34.17728315075085],[-118.55367256504586,34.17728134757191],[-118.55366880729939,34.17739768472826],[-118.55370147788527,34.177398414164095],[-118.55369969770494,34.17745404038686],[-118.55373471597758,34.17745481405969],[-118.55373446958426,34.177462481920806],[-118.55381257581206,34.17746424020882],[-118.55381336655788,34.177438873441176],[-118.55380476863529,34.17743866488762],[-118.55380992510565,34.17727890565085]]]},"properties":{"building_pk":8544,"building_key":"lariac:394189887375","source_tile":"r03-c04","source_tile_ids":["r03-c04"],"source_bld_id":"394189887375","height_m":9.397,"receiver_ids":[150062,150063,150064,150065,150066,150067,150068,150069,150070,150071,150072,150073,150074,150075],"receiver_keys":["r03-c04:expanded-facade-max4m:8544:0:10","r03-c04:expanded-facade-max4m:8544:0:12","r03-c04:expanded-facade-max4m:8544:0:15","r03-c04:expanded-facade-max4m:8544:0:16","r03-c04:expanded-facade-max4m:8544:0:17","r03-c04:expanded-facade-max4m:8544:0:18","r03-c04:expanded-facade-max4m:8544:0:2","r03-c04:expanded-facade-max4m:8544:0:3","r03-c04:expanded-facade-max4m:8544:0:4","r03-c04:expanded-facade-max4m:8544:0:5","r03-c04:expanded-facade-max4m:8544:0:6","r03-c04:expanded-facade-max4m:8544:0:7","r03-c04:expanded-facade-max4m:8544:0:8","r03-c04:expanded-facade-max4m:8544:0:9"],"receiver_count":14,"periods":{"D":{"min":56.991245,"max":71.35228,"receiver_count":14,"unavailable_count":0},"E":{"min":54.77276,"max":69.13379,"receiver_count":14,"unavailable_count":0},"N":{"min":50.001545,"max":64.36258,"receiver_count":14,"unavailable_count":0}}}},{"type":"Feature","id":"lariac:394382887489","geometry":{"type":"Polygon","coordinates":[[[-118.552993957044,34.1777067519252],[-118.55300268677749,34.177706876991756],[-118.55300253411332,34.17771380245157],[-118.55305130730902,34.177714623416605],[-118.5530518509036,34.17769186865738],[-118.5530574725851,34.177691952938424],[-118.55305715889246,34.17770453902976],[-118.55305967252377,34.17770458252931],[-118.55305881506564,34.17773989723594],[-118.55314072089712,34.17774125452573],[-118.55314450623578,34.17758391863403],[-118.55308726788397,34.177582944390835],[-118.5530871384796,34.177588302860435],[-118.55299683391927,34.177586819856685],[-118.552993957044,34.1777067519252]]]},"properties":{"building_pk":8875,"building_key":"lariac:394382887489","source_tile":"r03-c04","source_tile_ids":["r03-c04"],"source_bld_id":"394382887489","height_m":8.476,"receiver_ids":[150566,150567,150568,150569,150570,150571,150572,150573],"receiver_keys":["r03-c04:expanded-facade-max4m:8875:0:1","r03-c04:expanded-facade-max4m:8875:0:11","r03-c04:expanded-facade-max4m:8875:0:13","r03-c04:expanded-facade-max4m:8875:0:14","r03-c04:expanded-facade-max4m:8875:0:17","r03-c04:expanded-facade-max4m:8875:0:4","r03-c04:expanded-facade-max4m:8875:0:5","r03-c04:expanded-facade-max4m:8875:0:6"],"receiver_count":8,"periods":{"D":{"min":49.499557,"max":64.34579,"receiver_count":8,"unavailable_count":0},"E":{"min":47.28107,"max":62.127304,"receiver_count":8,"unavailable_count":0},"N":{"min":42.509857,"max":57.35609,"receiver_count":8,"unavailable_count":0}}}},{"type":"Feature","id":"lariac:393953887337","geometry":{"type":"Polygon","coordinates":[[[-118.55437754893838,34.177159656057654],[-118.55437743788059,34.17717773794038],[-118.55437185022309,34.177177708559086],[-118.55437160878604,34.17721112450582],[-118.55437755982061,34.17721115222152],[-118.55437735226133,34.17723953829706],[-118.55436617585924,34.177239480440676],[-118.55436634532047,34.17721516050485],[-118.55432260201661,34.17721494900012],[-118.55432243891929,34.17724022995291],[-118.55431843817571,34.17724019329565],[-118.55431826168376,34.17726836015331],[-118.55432322112554,34.17726836537017],[-118.55432321830229,34.177272844255484],[-118.55436825044764,34.177273077800265],[-118.55436828652333,34.17726854286677],[-118.55439344872478,34.177268647503055],[-118.55439341100524,34.17727293451943],[-118.55456567331525,34.17727373867954],[-118.5545664429148,34.177160576006216],[-118.55437754893838,34.177159656057654]]]},"properties":{"building_pk":9250,"building_key":"lariac:393953887337","source_tile":"r03-c04","source_tile_ids":["r03-c04"],"source_bld_id":"393953887337","height_m":9.126,"receiver_ids":[150913,150914,150915,150916],"receiver_keys":["r03-c04:expanded-facade-max4m:9250:0:1","r03-c04:expanded-facade-max4m:9250:0:17","r03-c04:expanded-facade-max4m:9250:0:5","r03-c04:expanded-facade-max4m:9250:0:6"],"receiver_count":4,"periods":{"D":{"min":58.02158,"max":66.80426,"receiver_count":4,"unavailable_count":0},"E":{"min":55.803093,"max":64.58577,"receiver_count":4,"unavailable_count":0},"N":{"min":51.03188,"max":59.814556,"receiver_count":4,"unavailable_count":0}}}},{"type":"Feature","id":"lariac:394665888221","geometry":{"type":"Polygon","coordinates":[[[-118.55215491496675,34.17969215989406],[-118.55221674132858,34.179691685590825],[-118.55221602289213,34.17962796501724],[-118.55215419657749,34.17962843932008],[-118.55215491496675,34.17969215989406]]]},"properties":{"building_pk":9324,"building_key":"lariac:394665888221","source_tile":"r03-c04","source_tile_ids":["r03-c04"],"source_bld_id":"394665888221","height_m":5.102,"receiver_ids":[150963,150964],"receiver_keys":["r03-c04:expanded-facade-max4m:9324:0:1","r03-c04:expanded-facade-max4m:9324:0:2"],"receiver_count":2,"periods":{"D":{"min":54.439568,"max":55.842945,"receiver_count":2,"unavailable_count":0},"E":{"min":52.22108,"max":53.62446,"receiver_count":2,"unavailable_count":0},"N":{"min":47.449867,"max":48.853245,"receiver_count":2,"unavailable_count":0}}}},{"type":"Feature","id":"lariac:393978887836","geometry":{"type":"Polygon","coordinates":[[[-118.55435653848083,34.178537500574066],[-118.55435653144545,34.178531372809246],[-118.55428534553292,34.178531342065185],[-118.55428533978545,34.17860012271424],[-118.55434687030748,34.17860014272052],[-118.55434685389261,34.178642460386925],[-118.55435475535499,34.17864247916431],[-118.55435475381358,34.178647150974285],[-118.55441036577494,34.17864714308234],[-118.55441039237209,34.178641180145895],[-118.55452611498391,34.17864119865292],[-118.55452612455788,34.17859786407541],[-118.55453372862362,34.178597857158394],[-118.5545337611984,34.17854295385791],[-118.55450099510276,34.17854293910588],[-118.55450099279595,34.17853752534246],[-118.55435653848083,34.178537500574066]]]},"properties":{"building_pk":9956,"building_key":"lariac:393978887836","source_tile":"r03-c04","source_tile_ids":["r03-c04"],"source_bld_id":"393978887836","height_m":9.217,"receiver_ids":[151673,151674,151675,151676,151677,151678,151679,151680,151681,151682,151683,151684,151685],"receiver_keys":["r03-c04:expanded-facade-max4m:9956:0:10","r03-c04:expanded-facade-max4m:9956:0:11","r03-c04:expanded-facade-max4m:9956:0:12","r03-c04:expanded-facade-max4m:9956:0:13","r03-c04:expanded-facade-max4m:9956:0:14","r03-c04:expanded-facade-max4m:9956:0:2","r03-c04:expanded-facade-max4m:9956:0:3","r03-c04:expanded-facade-max4m:9956:0:4","r03-c04:expanded-facade-max4m:9956:0:5","r03-c04:expanded-facade-max4m:9956:0:6","r03-c04:expanded-facade-max4m:9956:0:7","r03-c04:expanded-facade-max4m:9956:0:8","r03-c04:expanded-facade-max4m:9956:0:9"],"receiver_count":13,"periods":{"D":{"min":52.64414,"max":65.06451,"receiver_count":13,"unavailable_count":0},"E":{"min":50.42565,"max":62.846016,"receiver_count":13,"unavailable_count":0},"N":{"min":45.654438,"max":58.074806,"receiver_count":13,"unavailable_count":0}}}},{"type":"Feature","id":"lariac:396331888297","geometry":{"type":"Polygon","coordinates":[[[-118.54668629843161,34.17987794779668],[-118.5466865176094,34.179870994098614],[-118.54666079095233,34.179870451354724],[-118.54666057176657,34.17987740415126],[-118.54665448749293,34.179877267570376],[-118.54665359581288,34.17991141667819],[-118.54668698617236,34.17991126575441],[-118.54668805154215,34.17987796691873],[-118.54668629843161,34.17987794779668]]]},"properties":{"building_pk":10268,"building_key":"lariac:396331888297","source_tile":"r03-c04","source_tile_ids":["r03-c04"],"source_bld_id":"396331888297","height_m":3.456,"receiver_ids":[152050,152051,152052],"receiver_keys":["r03-c04:expanded-facade-max4m:10268:0:1","r03-c04:expanded-facade-max4m:10268:0:3","r03-c04:expanded-facade-max4m:10268:0:4"],"receiver_count":3,"periods":{"D":{"min":62.942173,"max":64.21132,"receiver_count":3,"unavailable_count":0},"E":{"min":60.723682,"max":61.992832,"receiver_count":3,"unavailable_count":0},"N":{"min":55.952473,"max":57.22162,"receiver_count":3,"unavailable_count":0}}}},{"type":"Feature","id":"lariac:394501887391","geometry":{"type":"Polygon","coordinates":[[[-118.55279620743592,34.17740195039896],[-118.5527202219105,34.17740084169342],[-118.552725116996,34.177391118705636],[-118.55273053287806,34.177375184402095],[-118.55272350714627,34.17735765713319],[-118.55269960063528,34.17735240760851],[-118.55269950953809,34.177308633542474],[-118.55258220420781,34.17730881255652],[-118.55258235066273,34.177380972392335],[-118.55257170519957,34.17738099308314],[-118.55257175825311,34.17741410566027],[-118.55258901733814,34.17741408179798],[-118.55258913381607,34.17746662146285],[-118.55260219275158,34.177466588841476],[-118.55260219692637,34.17747213963051],[-118.55270158280398,34.17747198749682],[-118.5527015664437,34.17746951463567],[-118.55279635642526,34.17746938342723],[-118.55279620743592,34.17740195039896]]]},"properties":{"building_pk":10273,"building_key":"lariac:394501887391","source_tile":"r03-c04","source_tile_ids":["r03-c04"],"source_bld_id":"394501887391","height_m":9.72,"receiver_ids":[152053,152054,152055,152056,152057,152058,152059,152060,152061,152062,152063,152064,152065,152066,152067],"receiver_keys":["r03-c04:expanded-facade-max4m:10273:0:1","r03-c04:expanded-facade-max4m:10273:0:10","r03-c04:expanded-facade-max4m:10273:0:11","r03-c04:expanded-facade-max4m:10273:0:13","r03-c04:expanded-facade-max4m:10273:0:17","r03-c04:expanded-facade-max4m:10273:0:18","r03-c04:expanded-facade-max4m:10273:0:19","r03-c04:expanded-facade-max4m:10273:0:20","r03-c04:expanded-facade-max4m:10273:0:3","r03-c04:expanded-facade-max4m:10273:0:4","r03-c04:expanded-facade-max4m:10273:0:5","r03-c04:expanded-facade-max4m:10273:0:6","r03-c04:expanded-facade-max4m:10273:0:7","r03-c04:expanded-facade-max4m:10273:0:8","r03-c04:expanded-facade-max4m:10273:0:9"],"receiver_count":15,"periods":{"D":{"min":54.483356,"max":64.38866,"receiver_count":15,"unavailable_count":0},"E":{"min":52.26487,"max":62.170166,"receiver_count":15,"unavailable_count":0},"N":{"min":47.493656,"max":57.398952,"receiver_count":15,"unavailable_count":0}}}},{"type":"Feature","id":"lariac:394062886917","geometry":{"type":"Polygon","coordinates":[[[-118.55428539269398,34.17611650390734],[-118.55428511310647,34.176134201602586],[-118.55435838504314,34.176135046787174],[-118.55435862215649,34.17612092210654],[-118.55441225273783,34.17612155527075],[-118.55441356226204,34.1760447728493],[-118.55435302046658,34.17604406137674],[-118.55435284978564,34.176053321921096],[-118.55429234160977,34.17605261026405],[-118.55429257581508,34.176038045643296],[-118.55425593997313,34.17603763565785],[-118.5542557026693,34.17605173419425],[-118.55418934097979,34.17605096636962],[-118.55419000390445,34.17601125571304],[-118.55409765370638,34.176010194918675],[-118.554095873227,34.17611561344268],[-118.5541288057963,34.176116012496806],[-118.55412837706986,34.17614115763115],[-118.55418250444923,34.17614178862103],[-118.55418295695081,34.17611532441807],[-118.55428539269398,34.17611650390734]]]},"properties":{"building_pk":10801,"building_key":"lariac:394062886917","source_tile":"r03-c04","source_tile_ids":["r03-c04"],"source_bld_id":"394062886917","height_m":6.194,"receiver_ids":[152764,152765,152766,152767,152768,152769,152770,152771,152772,152773,152774,152775,152776,152777,152778,152779,152780,152781,152782,152783,152784],"receiver_keys":["r03-c04:expanded-facade-max4m:10801:0:1","r03-c04:expanded-facade-max4m:10801:0:11","r03-c04:expanded-facade-max4m:10801:0:12","r03-c04:expanded-facade-max4m:10801:0:14","r03-c04:expanded-facade-max4m:10801:0:15","r03-c04:expanded-facade-max4m:10801:0:16","r03-c04:expanded-facade-max4m:10801:0:17","r03-c04:expanded-facade-max4m:10801:0:18","r03-c04:expanded-facade-max4m:10801:0:19","r03-c04:expanded-facade-max4m:10801:0:2","r03-c04:expanded-facade-max4m:10801:0:20","r03-c04:expanded-facade-max4m:10801:0:21","r03-c04:expanded-facade-max4m:10801:0:22","r03-c04:expanded-facade-max4m:10801:0:24","r03-c04:expanded-facade-max4m:10801:0:25","r03-c04:expanded-facade-max4m:10801:0:4","r03-c04:expanded-facade-max4m:10801:0:5","r03-c04:expanded-facade-max4m:10801:0:6","r03-c04:expanded-facade-max4m:10801:0:7","r03-c04:expanded-facade-max4m:10801:0:8","r03-c04:expanded-facade-max4m:10801:0:9"],"receiver_count":21,"periods":{"D":{"min":58.003147,"max":68.949104,"receiver_count":21,"unavailable_count":0},"E":{"min":55.78466,"max":66.73061,"receiver_count":21,"unavailable_count":0},"N":{"min":51.013447,"max":61.9594,"receiver_count":21,"unavailable_count":0}}}},{"type":"Feature","id":"lariac:393974886470","geometry":{"type":"Polygon","coordinates":[[[-118.55449468575821,34.17475296390066],[-118.5543493787495,34.17475291601692],[-118.55434937856573,34.17479767949707],[-118.55435856915123,34.17479766441568],[-118.5543585640081,34.17482173657448],[-118.55435135619061,34.17482174166577],[-118.5543513411042,34.17488420252955],[-118.55449463193821,34.174884259656004],[-118.55449468575821,34.17475296390066]]]},"properties":{"building_pk":10851,"building_key":"lariac:393974886470","source_tile":"r03-c04","source_tile_ids":["r03-c04"],"source_bld_id":"393974886470","height_m":8.952,"receiver_ids":[152879,152880,152881,152882,152883,152884,152885,152886],"receiver_keys":["r03-c04:expanded-facade-max4m:10851:0:12","r03-c04:expanded-facade-max4m:10851:0:13","r03-c04:expanded-facade-max4m:10851:0:14","r03-c04:expanded-facade-max4m:10851:0:15","r03-c04:expanded-facade-max4m:10851:0:5","r03-c04:expanded-facade-max4m:10851:0:6","r03-c04:expanded-facade-max4m:10851:0:7","r03-c04:expanded-facade-max4m:10851:0:8"],"receiver_count":8,"periods":{"D":{"min":69.169785,"max":71.37026,"receiver_count":8,"unavailable_count":0},"E":{"min":66.951294,"max":69.15177,"receiver_count":8,"unavailable_count":0},"N":{"min":62.180084,"max":64.38056,"receiver_count":8,"unavailable_count":0}}}},{"type":"Feature","id":"lariac:394136887595","geometry":{"type":"Polygon","coordinates":[[[-118.55384508265324,34.17801375571977],[-118.55390281338204,34.17801417831021],[-118.553902587196,34.17803487159182],[-118.55398233941106,34.17803546825751],[-118.55398396323035,34.17788644094844],[-118.55384651287945,34.17788539449963],[-118.55384508265324,34.17801375571977]]]},"properties":{"building_pk":11084,"building_key":"lariac:394136887595","source_tile":"r03-c04","source_tile_ids":["r03-c04"],"source_bld_id":"394136887595","height_m":8.355,"receiver_ids":[153095,153096,153097,153098,153099,153100],"receiver_keys":["r03-c04:expanded-facade-max4m:11084:0:1","r03-c04:expanded-facade-max4m:11084:0:10","r03-c04:expanded-facade-max4m:11084:0:11","r03-c04:expanded-facade-max4m:11084:0:3","r03-c04:expanded-facade-max4m:11084:0:4","r03-c04:expanded-facade-max4m:11084:0:9"],"receiver_count":6,"periods":{"D":{"min":60.99784,"max":64.25278,"receiver_count":6,"unavailable_count":0},"E":{"min":58.779354,"max":62.03429,"receiver_count":6,"unavailable_count":0},"N":{"min":54.00814,"max":57.263077,"receiver_count":6,"unavailable_count":0}}}},{"type":"Feature","id":"lariac:394543887996","geometry":{"type":"Polygon","coordinates":[[[-118.55252962910197,34.17908763914227],[-118.55252798342033,34.17909877622466],[-118.55261039991673,34.17910711040111],[-118.5526278598938,34.178987523715],[-118.55254544369257,34.178979216596026],[-118.55252962910197,34.17908763914227]]]},"properties":{"building_pk":11138,"building_key":"lariac:394543887996","source_tile":"r03-c04","source_tile_ids":["r03-c04"],"source_bld_id":"394543887996","height_m":7.785,"receiver_ids":[153152,153153,153154,153155,153156,153157,153158,153159,153160,153161,153162],"receiver_keys":["r03-c04:expanded-facade-max4m:11138:0:1","r03-c04:expanded-facade-max4m:11138:0:10","r03-c04:expanded-facade-max4m:11138:0:11","r03-c04:expanded-facade-max4m:11138:0:2","r03-c04:expanded-facade-max4m:11138:0:3","r03-c04:expanded-facade-max4m:11138:0:4","r03-c04:expanded-facade-max4m:11138:0:5","r03-c04:expanded-facade-max4m:11138:0:6","r03-c04:expanded-facade-max4m:11138:0:7","r03-c04:expanded-facade-max4m:11138:0:8","r03-c04:expanded-facade-max4m:11138:0:9"],"receiver_count":11,"periods":{"D":{"min":53.735554,"max":64.39625,"receiver_count":11,"unavailable_count":0},"E":{"min":51.517063,"max":62.177757,"receiver_count":11,"unavailable_count":0},"N":{"min":46.745853,"max":57.406544,"receiver_count":11,"unavailable_count":0}}}},{"type":"Feature","id":"lariac:2014121105410000","geometry":{"type":"Polygon","coordinates":[[[-118.54664308077939,34.179702979449175],[-118.54669176454726,34.17970289913939],[-118.54669152153306,34.179600951839035],[-118.54664283890926,34.179601032143786],[-118.54664282633661,34.17959596101561],[-118.54639743041695,34.17959638292339],[-118.54639753118508,34.179632023206594],[-118.54640196123428,34.17963200319274],[-118.54640203719764,34.17966385079251],[-118.54633974639228,34.17966396720978],[-118.5463398659533,34.17971757878588],[-118.5464473542223,34.17971739520296],[-118.54644735550615,34.17970747550866],[-118.54664309083103,34.179707167977185],[-118.54664308077939,34.179702979449175]]]},"properties":{"building_pk":11269,"building_key":"lariac:2014121105410000","source_tile":"r03-c04","source_tile_ids":["r03-c04"],"source_bld_id":"2014121105410000","height_m":6.605,"receiver_ids":[153276,153277,153278,153279,153280,153281,153282,153283,153284,153285,153286,153287,153288,153289,153290,153291,153292,153293],"receiver_keys":["r03-c04:expanded-facade-max4m:11269:0:1","r03-c04:expanded-facade-max4m:11269:0:12","r03-c04:expanded-facade-max4m:11269:0:13","r03-c04:expanded-facade-max4m:11269:0:15","r03-c04:expanded-facade-max4m:11269:0:16","r03-c04:expanded-facade-max4m:11269:0:2","r03-c04:expanded-facade-max4m:11269:0:20","r03-c04:expanded-facade-max4m:11269:0:21","r03-c04:expanded-facade-max4m:11269:0:22","r03-c04:expanded-facade-max4m:11269:0:23","r03-c04:expanded-facade-max4m:11269:0:24","r03-c04:expanded-facade-max4m:11269:0:3","r03-c04:expanded-facade-max4m:11269:0:4","r03-c04:expanded-facade-max4m:11269:0:5","r03-c04:expanded-facade-max4m:11269:0:6","r03-c04:expanded-facade-max4m:11269:0:7","r03-c04:expanded-facade-max4m:11269:0:8","r03-c04:expanded-facade-max4m:11269:0:9"],"receiver_count":18,"periods":{"D":{"min":51.62134,"max":65.50823,"receiver_count":18,"unavailable_count":0},"E":{"min":49.402855,"max":63.28975,"receiver_count":18,"unavailable_count":0},"N":{"min":44.63164,"max":58.518536,"receiver_count":18,"unavailable_count":0}}}},{"type":"Feature","id":"lariac:2014121117320000","geometry":{"type":"Polygon","coordinates":[[[-118.55267707428288,34.17965749694049],[-118.55274441961168,34.179656978215014],[-118.55274409597669,34.17962790308736],[-118.55279008334035,34.17962754865929],[-118.55278985769066,34.17960738214466],[-118.55280190013704,34.17960728923802],[-118.55280182566094,34.179600624461415],[-118.55286190555653,34.179600161416786],[-118.55286112020654,34.17952984635412],[-118.55267566539496,34.17953127635875],[-118.55267707428288,34.17965749694049]]]},"properties":{"building_pk":11309,"building_key":"lariac:2014121117320000","source_tile":"r03-c04","source_tile_ids":["r03-c04"],"source_bld_id":"2014121117320000","height_m":8.367,"receiver_ids":[153361,153362,153363,153364,153365,153366,153367,153368,153369,153370,153371,153372,153373,153374],"receiver_keys":["r03-c04:expanded-facade-max4m:11309:0:1","r03-c04:expanded-facade-max4m:11309:0:10","r03-c04:expanded-facade-max4m:11309:0:11","r03-c04:expanded-facade-max4m:11309:0:12","r03-c04:expanded-facade-max4m:11309:0:13","r03-c04:expanded-facade-max4m:11309:0:14","r03-c04:expanded-facade-max4m:11309:0:15","r03-c04:expanded-facade-max4m:11309:0:16","r03-c04:expanded-facade-max4m:11309:0:2","r03-c04:expanded-facade-max4m:11309:0:4","r03-c04:expanded-facade-max4m:11309:0:6","r03-c04:expanded-facade-max4m:11309:0:7","r03-c04:expanded-facade-max4m:11309:0:8","r03-c04:expanded-facade-max4m:11309:0:9"],"receiver_count":14,"periods":{"D":{"min":49.559345,"max":55.697712,"receiver_count":14,"unavailable_count":0},"E":{"min":47.34086,"max":53.479225,"receiver_count":14,"unavailable_count":0},"N":{"min":42.569645,"max":48.70801,"receiver_count":14,"unavailable_count":0}}}},{"type":"Feature","id":"lariac:201700285583","geometry":{"type":"Polygon","coordinates":[[[-118.55301652448871,34.174234846793944],[-118.55304035331396,34.17423488297664],[-118.5530405261017,34.17415578790518],[-118.55302591620634,34.17415576546201],[-118.55302598232694,34.174125771683556],[-118.55301099387817,34.17412574916661],[-118.55301112851934,34.174064320029636],[-118.55293773311597,34.17406420936024],[-118.55293758149472,34.17413324219881],[-118.55286248540757,34.17413315819164],[-118.55286234155669,34.17419894904124],[-118.55290537617229,34.17419901465055],[-118.55290534691268,34.17421229453123],[-118.55288556621419,34.174212264157006],[-118.55288552118888,34.174232340851844],[-118.55301652982044,34.17423253881627],[-118.55301652448871,34.174234846793944]]]},"properties":{"building_pk":11654,"building_key":"lariac:201700285583","source_tile":"r03-c04","source_tile_ids":["r03-c04"],"source_bld_id":"201700285583","height_m":5.279,"receiver_ids":[153741,153742,153743,153744,153745,153746,153747,153748,153749,153750,153751,153752,153753,153754,153755,153756,153757],"receiver_keys":["r03-c04:expanded-facade-max4m:11654:0:1","r03-c04:expanded-facade-max4m:11654:0:10","r03-c04:expanded-facade-max4m:11654:0:11","r03-c04:expanded-facade-max4m:11654:0:12","r03-c04:expanded-facade-max4m:11654:0:13","r03-c04:expanded-facade-max4m:11654:0:14","r03-c04:expanded-facade-max4m:11654:0:16","r03-c04:expanded-facade-max4m:11654:0:17","r03-c04:expanded-facade-max4m:11654:0:18","r03-c04:expanded-facade-max4m:11654:0:19","r03-c04:expanded-facade-max4m:11654:0:2","r03-c04:expanded-facade-max4m:11654:0:3","r03-c04:expanded-facade-max4m:11654:0:4","r03-c04:expanded-facade-max4m:11654:0:6","r03-c04:expanded-facade-max4m:11654:0:7","r03-c04:expanded-facade-max4m:11654:0:8","r03-c04:expanded-facade-max4m:11654:0:9"],"receiver_count":17,"periods":{"D":{"min":70.64632,"max":79.09005,"receiver_count":17,"unavailable_count":0},"E":{"min":68.42783,"max":76.87156,"receiver_count":17,"unavailable_count":0},"N":{"min":63.656616,"max":72.10035,"receiver_count":17,"unavailable_count":0}}}},{"type":"Feature","id":"lariac:201700286207","geometry":{"type":"Polygon","coordinates":[[[-118.54864656178353,34.17953791972226],[-118.54889059299583,34.179538170192494],[-118.54889078663854,34.1794699043938],[-118.54887746457568,34.17946989092684],[-118.54887748098406,34.179458354693985],[-118.54888849357098,34.17945836602051],[-118.54888859062069,34.17939273407058],[-118.54867847081069,34.17939251908433],[-118.54867838525139,34.17945034631394],[-118.54864669152833,34.179450314290776],[-118.54864656178353,34.17953791972226]]]},"properties":{"building_pk":11683,"building_key":"lariac:201700286207","source_tile":"r03-c04","source_tile_ids":["r03-c04"],"source_bld_id":"201700286207","height_m":5.861,"receiver_ids":[153846,153847,153848,153849,153850,153851,153852,153853,153854,153855,153856,153857,153858,153859,153860],"receiver_keys":["r03-c04:expanded-facade-max4m:11683:0:1","r03-c04:expanded-facade-max4m:11683:0:10","r03-c04:expanded-facade-max4m:11683:0:16","r03-c04:expanded-facade-max4m:11683:0:17","r03-c04:expanded-facade-max4m:11683:0:18","r03-c04:expanded-facade-max4m:11683:0:19","r03-c04:expanded-facade-max4m:11683:0:2","r03-c04:expanded-facade-max4m:11683:0:20","r03-c04:expanded-facade-max4m:11683:0:3","r03-c04:expanded-facade-max4m:11683:0:4","r03-c04:expanded-facade-max4m:11683:0:5","r03-c04:expanded-facade-max4m:11683:0:6","r03-c04:expanded-facade-max4m:11683:0:7","r03-c04:expanded-facade-max4m:11683:0:8","r03-c04:expanded-facade-max4m:11683:0:9"],"receiver_count":15,"periods":{"D":{"min":51.976887,"max":63.38454,"receiver_count":15,"unavailable_count":0},"E":{"min":49.7584,"max":61.16605,"receiver_count":15,"unavailable_count":0},"N":{"min":44.987186,"max":56.39484,"receiver_count":15,"unavailable_count":0}}}},{"type":"Feature","id":"lariac:394086887598","geometry":{"type":"Polygon","coordinates":[[[-118.55401175282056,34.17789406332845],[-118.55401362378457,34.17801163777784],[-118.55400211879459,34.17801177251993],[-118.55400312758482,34.17807409075812],[-118.55408954838983,34.17807314581783],[-118.55408860816192,34.17801626808612],[-118.55416577233738,34.178015419591944],[-118.55416515523156,34.17797717169566],[-118.5541423761256,34.17797741310347],[-118.55414101963927,34.1778926191553],[-118.55401175282056,34.17789406332845]]]},"properties":{"building_pk":16092,"building_key":"lariac:394086887598","source_tile":"r03-c04","source_tile_ids":["r03-c04"],"source_bld_id":"394086887598","height_m":8.041,"receiver_ids":[155754,155755,155756,155757,155758,155759,155760,155761,155762,155763,155764,155765],"receiver_keys":["r03-c04:expanded-facade-max4m:16092:0:10","r03-c04:expanded-facade-max4m:16092:0:11","r03-c04:expanded-facade-max4m:16092:0:12","r03-c04:expanded-facade-max4m:16092:0:14","r03-c04:expanded-facade-max4m:16092:0:15","r03-c04:expanded-facade-max4m:16092:0:16","r03-c04:expanded-facade-max4m:16092:0:17","r03-c04:expanded-facade-max4m:16092:0:18","r03-c04:expanded-facade-max4m:16092:0:6","r03-c04:expanded-facade-max4m:16092:0:7","r03-c04:expanded-facade-max4m:16092:0:8","r03-c04:expanded-facade-max4m:16092:0:9"],"receiver_count":12,"periods":{"D":{"min":54.476345,"max":63.42169,"receiver_count":12,"unavailable_count":0},"E":{"min":52.25786,"max":61.203205,"receiver_count":12,"unavailable_count":0},"N":{"min":47.486645,"max":56.43199,"receiver_count":12,"unavailable_count":0}}}},{"type":"Feature","id":"lariac:394626887291","geometry":{"type":"Polygon","coordinates":[[[-118.55222957796857,34.17706701345789],[-118.55222135199607,34.17706793002395],[-118.55221539913245,34.17707271104762],[-118.55221460671456,34.17708296432235],[-118.55221915273741,34.177090335326525],[-118.55222790384647,34.17709386818838],[-118.55223049990154,34.17711147070612],[-118.55221986954922,34.177113772204066],[-118.55221445600318,34.17712006175329],[-118.55221428181748,34.177128828263406],[-118.55221885403137,34.177135238101826],[-118.55222910242965,34.17714013717887],[-118.5522309971763,34.177196708542965],[-118.5523626669525,34.177193661363376],[-118.5523621254994,34.177176901423884],[-118.55237934836447,34.17717649279734],[-118.5523792240429,34.17717261942947],[-118.55239869512778,34.17717214553754],[-118.55239808022819,34.177154121968556],[-118.55236264200641,34.177154943757614],[-118.55235840158863,34.177028751436005],[-118.5523060388708,34.17702997956813],[-118.55230509447458,34.17700214780059],[-118.55227289594112,34.17700289887301],[-118.55227368582922,34.17702721442218],[-118.55222826427739,34.17702827378911],[-118.55222957796857,34.17706701345789]]]},"properties":{"building_pk":16109,"building_key":"lariac:394626887291","source_tile":"r03-c04","source_tile_ids":["r03-c04"],"source_bld_id":"394626887291","height_m":7.013,"receiver_ids":[155786],"receiver_keys":["r03-c04:expanded-facade-max4m:16109:0:10"],"receiver_count":1,"periods":{"D":{"min":64.20167,"max":64.20167,"receiver_count":1,"unavailable_count":0},"E":{"min":61.98318,"max":61.98318,"receiver_count":1,"unavailable_count":0},"N":{"min":57.21197,"max":57.21197,"receiver_count":1,"unavailable_count":0}}}},{"type":"Feature","id":"lariac:395385888105","geometry":{"type":"Polygon","coordinates":[[[-118.5497466182824,34.17934532486942],[-118.54979270037781,34.179394330692126],[-118.54984277575738,34.17936178809913],[-118.54979666002401,34.17931278244839],[-118.5497466182824,34.17934532486942]]]},"properties":{"building_pk":16115,"building_key":"lariac:395385888105","source_tile":"r03-c04","source_tile_ids":["r03-c04"],"source_bld_id":"395385888105","height_m":5.468,"receiver_ids":[155801,155802,155803,155804,155805],"receiver_keys":["r03-c04:expanded-facade-max4m:16115:0:3","r03-c04:expanded-facade-max4m:16115:0:4","r03-c04:expanded-facade-max4m:16115:0:5","r03-c04:expanded-facade-max4m:16115:0:6","r03-c04:expanded-facade-max4m:16115:0:7"],"receiver_count":5,"periods":{"D":{"min":61.191315,"max":65.40835,"receiver_count":5,"unavailable_count":0},"E":{"min":58.972828,"max":63.189857,"receiver_count":5,"unavailable_count":0},"N":{"min":54.201614,"max":58.418644,"receiver_count":5,"unavailable_count":0}}}},{"type":"Feature","id":"lariac:396368888147","geometry":{"type":"Polygon","coordinates":[[[-118.54651091484291,34.17950180938746],[-118.54658616157785,34.1795009744001],[-118.54658533163497,34.17944989486502],[-118.54651011748798,34.1794507297048],[-118.54651091484291,34.17950180938746]]]},"properties":{"building_pk":16116,"building_key":"lariac:396368888147","source_tile":"r03-c04","source_tile_ids":["r03-c04"],"source_bld_id":"396368888147","height_m":4.737,"receiver_ids":[155806,155807,155808,155809,155810,155811],"receiver_keys":["r03-c04:expanded-facade-max4m:16116:0:1","r03-c04:expanded-facade-max4m:16116:0:2","r03-c04:expanded-facade-max4m:16116:0:3","r03-c04:expanded-facade-max4m:16116:0:4","r03-c04:expanded-facade-max4m:16116:0:5","r03-c04:expanded-facade-max4m:16116:0:6"],"receiver_count":6,"periods":{"D":{"min":55.682823,"max":65.45093,"receiver_count":6,"unavailable_count":0},"E":{"min":53.464333,"max":63.232437,"receiver_count":6,"unavailable_count":0},"N":{"min":48.693123,"max":58.461224,"receiver_count":6,"unavailable_count":0}}}},{"type":"Feature","id":"lariac:396400888157","geometry":{"type":"Polygon","coordinates":[[[-118.54647486407957,34.17957597371958],[-118.5464748750547,34.17957251083946],[-118.54650248256662,34.17957255107757],[-118.54650255456828,34.1795278422841],[-118.54647408579424,34.179527805937624],[-118.54647412503702,34.17950843338305],[-118.5464805056034,34.179508431599366],[-118.54648055295364,34.17948018330756],[-118.54647043530852,34.17948017402885],[-118.5464704407236,34.179470886298255],[-118.54640203164362,34.179470782468066],[-118.54640199402226,34.17948526413904],[-118.54638079982853,34.17948524989962],[-118.54638075539336,34.1794935488128],[-118.54632388512809,34.17949347665353],[-118.54632372909862,34.17957577660391],[-118.54647486407957,34.17957597371958]]]},"properties":{"building_pk":16721,"building_key":"lariac:396400888157","source_tile":"r03-c04","source_tile_ids":["r03-c04"],"source_bld_id":"396400888157","height_m":5.246,"receiver_ids":[156536,156537,156538,156539,156540,156541,156542],"receiver_keys":["r03-c04:expanded-facade-max4m:16721:0:10","r03-c04:expanded-facade-max4m:16721:0:11","r03-c04:expanded-facade-max4m:16721:0:12","r03-c04:expanded-facade-max4m:16721:0:13","r03-c04:expanded-facade-max4m:16721:0:2","r03-c04:expanded-facade-max4m:16721:0:7","r03-c04:expanded-facade-max4m:16721:0:9"],"receiver_count":7,"periods":{"D":{"min":55.316074,"max":64.149475,"receiver_count":7,"unavailable_count":0},"E":{"min":53.097588,"max":61.930984,"receiver_count":7,"unavailable_count":0},"N":{"min":48.326374,"max":57.15977,"receiver_count":7,"unavailable_count":0}}}},{"type":"Feature","id":"lariac:393974887188","geometry":{"type":"Polygon","coordinates":[[[-118.55425579042318,34.176807574146125],[-118.55433020920626,34.176806739025245],[-118.55433049295809,34.17682465411556],[-118.55432556753301,34.17682470373746],[-118.55432606256527,34.17685451644176],[-118.55433022851909,34.176854442353026],[-118.55433038666848,34.1768634002744],[-118.55449251365513,34.17686161216919],[-118.55449245977658,34.17685839750904],[-118.5545208916491,34.17685807512155],[-118.55451958830095,34.176776275863695],[-118.5544946273019,34.17677655529123],[-118.55449412655551,34.176745890654175],[-118.55433424709607,34.17674764051309],[-118.55433415139089,34.17674318912573],[-118.5542547747093,34.17674407491869],[-118.55425579042318,34.176807574146125]]]},"properties":{"building_pk":16877,"building_key":"lariac:393974887188","source_tile":"r03-c04","source_tile_ids":["r03-c04"],"source_bld_id":"393974887188","height_m":9.409,"receiver_ids":[156675,156676,156677,156678,156679,156680,156681,156682,156683,156684,156685,156686,156687,156688],"receiver_keys":["r03-c04:expanded-facade-max4m:16877:0:1","r03-c04:expanded-facade-max4m:16877:0:10","r03-c04:expanded-facade-max4m:16877:0:11","r03-c04:expanded-facade-max4m:16877:0:13","r03-c04:expanded-facade-max4m:16877:0:14","r03-c04:expanded-facade-max4m:16877:0:15","r03-c04:expanded-facade-max4m:16877:0:16","r03-c04:expanded-facade-max4m:16877:0:17","r03-c04:expanded-facade-max4m:16877:0:18","r03-c04:expanded-facade-max4m:16877:0:19","r03-c04:expanded-facade-max4m:16877:0:20","r03-c04:expanded-facade-max4m:16877:0:3","r03-c04:expanded-facade-max4m:16877:0:4","r03-c04:expanded-facade-max4m:16877:0:9"],"receiver_count":14,"periods":{"D":{"min":54.930553,"max":67.61961,"receiver_count":14,"unavailable_count":0},"E":{"min":52.712067,"max":65.40112,"receiver_count":14,"unavailable_count":0},"N":{"min":47.940853,"max":60.629913,"receiver_count":14,"unavailable_count":0}}}},{"type":"Feature","id":"lariac:394118886758","geometry":{"type":"Polygon","coordinates":[[[-118.55410448432065,34.17558451208884],[-118.55401642088167,34.17558664740253],[-118.5540162528297,34.17558126144498],[-118.55399023808114,34.175581903510405],[-118.55398763062038,34.17550783104972],[-118.55395649365089,34.175494042111204],[-118.55391819250643,34.17549666343206],[-118.55388791640429,34.175517988388876],[-118.55388812791314,34.175549890368984],[-118.55390178185822,34.17554982783451],[-118.55390196447813,34.17558227988897],[-118.55388659131016,34.1755823502973],[-118.55388673159061,34.175603508899975],[-118.55381260761702,34.17560382040872],[-118.55381307717167,34.17568463449399],[-118.55390383064383,34.17568427386934],[-118.55390382226378,34.175683009942574],[-118.55401887584615,34.1756825379341],[-118.55401882464075,34.17567481644146],[-118.55410501466878,34.175674449524365],[-118.55410448432065,34.17558451208884]]]},"properties":{"building_pk":17320,"building_key":"lariac:394118886758","source_tile":"r03-c04","source_tile_ids":["r03-c04"],"source_bld_id":"394118886758","height_m":8.605,"receiver_ids":[157100,157101,157102,157103,157104,157105,157106,157107,157108,157109,157110,157111,157112,157113,157114,157115,157116,157117,157118,157119,157120],"receiver_keys":["r03-c04:expanded-facade-max4m:17320:0:1","r03-c04:expanded-facade-max4m:17320:0:12","r03-c04:expanded-facade-max4m:17320:0:13","r03-c04:expanded-facade-max4m:17320:0:14","r03-c04:expanded-facade-max4m:17320:0:15","r03-c04:expanded-facade-max4m:17320:0:16","r03-c04:expanded-facade-max4m:17320:0:17","r03-c04:expanded-facade-max4m:17320:0:18","r03-c04:expanded-facade-max4m:17320:0:19","r03-c04:expanded-facade-max4m:17320:0:2","r03-c04:expanded-facade-max4m:17320:0:20","r03-c04:expanded-facade-max4m:17320:0:21","r03-c04:expanded-facade-max4m:17320:0:22","r03-c04:expanded-facade-max4m:17320:0:23","r03-c04:expanded-facade-max4m:17320:0:24","r03-c04:expanded-facade-max4m:17320:0:3","r03-c04:expanded-facade-max4m:17320:0:4","r03-c04:expanded-facade-max4m:17320:0:5","r03-c04:expanded-facade-max4m:17320:0:6","r03-c04:expanded-facade-max4m:17320:0:7","r03-c04:expanded-facade-max4m:17320:0:8"],"receiver_count":21,"periods":{"D":{"min":61.71361,"max":71.163086,"receiver_count":21,"unavailable_count":0},"E":{"min":59.495125,"max":68.944595,"receiver_count":21,"unavailable_count":0},"N":{"min":54.72391,"max":64.173386,"receiver_count":21,"unavailable_count":0}}}},{"type":"Feature","id":"lariac:394151887134","geometry":{"type":"Polygon","coordinates":[[[-118.55377657878259,34.17660757821333],[-118.55377667178884,34.17665662810944],[-118.55370896048717,34.17665671815815],[-118.55370911112612,34.176724289116834],[-118.55392021335622,34.17672398146043],[-118.5539200021822,34.17660738840399],[-118.55377657878259,34.17660757821333]]]},"properties":{"building_pk":17483,"building_key":"lariac:394151887134","source_tile":"r03-c04","source_tile_ids":["r03-c04"],"source_bld_id":"394151887134","height_m":9.754,"receiver_ids":[157327,157328,157329,157330,157331,157332,157333,157334,157335,157336,157337,157338,157339,157340],"receiver_keys":["r03-c04:expanded-facade-max4m:17483:0:1","r03-c04:expanded-facade-max4m:17483:0:11","r03-c04:expanded-facade-max4m:17483:0:12","r03-c04:expanded-facade-max4m:17483:0:13","r03-c04:expanded-facade-max4m:17483:0:14","r03-c04:expanded-facade-max4m:17483:0:15","r03-c04:expanded-facade-max4m:17483:0:16","r03-c04:expanded-facade-max4m:17483:0:17","r03-c04:expanded-facade-max4m:17483:0:3","r03-c04:expanded-facade-max4m:17483:0:4","r03-c04:expanded-facade-max4m:17483:0:5","r03-c04:expanded-facade-max4m:17483:0:6","r03-c04:expanded-facade-max4m:17483:0:7","r03-c04:expanded-facade-max4m:17483:0:8"],"receiver_count":14,"periods":{"D":{"min":63.20534,"max":72.09384,"receiver_count":14,"unavailable_count":0},"E":{"min":60.986855,"max":69.87535,"receiver_count":14,"unavailable_count":0},"N":{"min":56.21564,"max":65.10414,"receiver_count":14,"unavailable_count":0}}}},{"type":"Feature","id":"lariac:394526886881","geometry":{"type":"Polygon","coordinates":[[[-118.55275273507216,34.17603344170691],[-118.55275174486694,34.175968705437306],[-118.55269865063586,34.17596927805699],[-118.55271247551376,34.175960119195835],[-118.55271312605693,34.17592843235113],[-118.55270096314594,34.175919090239645],[-118.5525558467877,34.175918159413236],[-118.5525547827281,34.17603214831825],[-118.55275273507216,34.17603344170691]]]},"properties":{"building_pk":17518,"building_key":"lariac:394526886881","source_tile":"r03-c04","source_tile_ids":["r03-c04"],"source_bld_id":"394526886881","height_m":9.799,"receiver_ids":[157415,157416,157417,157418,157419,157420,157421,157422,157423,157424,157425,157426],"receiver_keys":["r03-c04:expanded-facade-max4m:17518:0:1","r03-c04:expanded-facade-max4m:17518:0:10","r03-c04:expanded-facade-max4m:17518:0:11","r03-c04:expanded-facade-max4m:17518:0:12","r03-c04:expanded-facade-max4m:17518:0:16","r03-c04:expanded-facade-max4m:17518:0:2","r03-c04:expanded-facade-max4m:17518:0:4","r03-c04:expanded-facade-max4m:17518:0:5","r03-c04:expanded-facade-max4m:17518:0:6","r03-c04:expanded-facade-max4m:17518:0:7","r03-c04:expanded-facade-max4m:17518:0:8","r03-c04:expanded-facade-max4m:17518:0:9"],"receiver_count":12,"periods":{"D":{"min":64.74476,"max":71.467964,"receiver_count":12,"unavailable_count":0},"E":{"min":62.526276,"max":69.24948,"receiver_count":12,"unavailable_count":0},"N":{"min":57.755062,"max":64.478264,"receiver_count":12,"unavailable_count":0}}}},{"type":"Feature","id":"lariac:395778888320","geometry":{"type":"Polygon","coordinates":[[[-118.54842798919123,34.17999707124252],[-118.54856702288077,34.17999704474756],[-118.54856700350231,34.17985813852727],[-118.54850342099752,34.17985815192866],[-118.54850340013878,34.179769229123295],[-118.5484279479974,34.179769214274714],[-118.54842798919123,34.17999707124252]]]},"properties":{"building_pk":17722,"building_key":"lariac:395778888320","source_tile":"r03-c04","source_tile_ids":["r03-c04"],"source_bld_id":"395778888320","height_m":10.351,"receiver_ids":[157637,157638,157639,157640,157641,157642,157643,157644,157645,157646,157647,157648,157649,157650,157651,157652,157653,157654,157655,157656],"receiver_keys":["r03-c04:expanded-facade-max4m:17722:0:1","r03-c04:expanded-facade-max4m:17722:0:10","r03-c04:expanded-facade-max4m:17722:0:11","r03-c04:expanded-facade-max4m:17722:0:12","r03-c04:expanded-facade-max4m:17722:0:13","r03-c04:expanded-facade-max4m:17722:0:14","r03-c04:expanded-facade-max4m:17722:0:15","r03-c04:expanded-facade-max4m:17722:0:16","r03-c04:expanded-facade-max4m:17722:0:17","r03-c04:expanded-facade-max4m:17722:0:18","r03-c04:expanded-facade-max4m:17722:0:19","r03-c04:expanded-facade-max4m:17722:0:2","r03-c04:expanded-facade-max4m:17722:0:20","r03-c04:expanded-facade-max4m:17722:0:3","r03-c04:expanded-facade-max4m:17722:0:4","r03-c04:expanded-facade-max4m:17722:0:5","r03-c04:expanded-facade-max4m:17722:0:6","r03-c04:expanded-facade-max4m:17722:0:7","r03-c04:expanded-facade-max4m:17722:0:8","r03-c04:expanded-facade-max4m:17722:0:9"],"receiver_count":20,"periods":{"D":{"min":59.817986,"max":66.69901,"receiver_count":20,"unavailable_count":0},"E":{"min":57.5995,"max":64.48052,"receiver_count":20,"unavailable_count":0},"N":{"min":52.828285,"max":59.709312,"receiver_count":20,"unavailable_count":0}}}},{"type":"Feature","id":"lariac:395245888318","geometry":{"type":"Polygon","coordinates":[[[-118.55022410263024,34.1799597304264],[-118.55029839970531,34.17996024435847],[-118.55029893748139,34.17990635481282],[-118.55022464046026,34.17990584178256],[-118.55022410263024,34.1799597304264]]]},"properties":{"building_pk":17739,"building_key":"lariac:395245888318","source_tile":"r03-c04","source_tile_ids":["r03-c04"],"source_bld_id":"395245888318","height_m":5.093,"receiver_ids":[157690,157691,157692,157693,157694,157695,157696],"receiver_keys":["r03-c04:expanded-facade-max4m:17739:0:1","r03-c04:expanded-facade-max4m:17739:0:2","r03-c04:expanded-facade-max4m:17739:0:3","r03-c04:expanded-facade-max4m:17739:0:4","r03-c04:expanded-facade-max4m:17739:0:5","r03-c04:expanded-facade-max4m:17739:0:6","r03-c04:expanded-facade-max4m:17739:0:7"],"receiver_count":7,"periods":{"D":{"min":56.883305,"max":64.866936,"receiver_count":7,"unavailable_count":0},"E":{"min":54.664818,"max":62.64845,"receiver_count":7,"unavailable_count":0},"N":{"min":49.893604,"max":57.877235,"receiver_count":7,"unavailable_count":0}}}},{"type":"Feature","id":"lariac:393962887136","geometry":{"type":"Polygon","coordinates":[[[-118.55440848153985,34.17671413241817],[-118.55455121273123,34.17671405502273],[-118.55455109656143,34.17653722754588],[-118.55446956438395,34.17653724435862],[-118.55446960558247,34.17659313631372],[-118.55440840665018,34.17659316985076],[-118.55440848153985,34.17671413241817]]]},"properties":{"building_pk":17966,"building_key":"lariac:393962887136","source_tile":"r03-c04","source_tile_ids":["r03-c04"],"source_bld_id":"393962887136","height_m":9.857,"receiver_ids":[157942,157943,157944,157945,157946,157947,157948,157949,157950,157951,157952,157953],"receiver_keys":["r03-c04:expanded-facade-max4m:17966:0:1","r03-c04:expanded-facade-max4m:17966:0:10","r03-c04:expanded-facade-max4m:17966:0:11","r03-c04:expanded-facade-max4m:17966:0:12","r03-c04:expanded-facade-max4m:17966:0:13","r03-c04:expanded-facade-max4m:17966:0:14","r03-c04:expanded-facade-max4m:17966:0:15","r03-c04:expanded-facade-max4m:17966:0:16","r03-c04:expanded-facade-max4m:17966:0:17","r03-c04:expanded-facade-max4m:17966:0:2","r03-c04:expanded-facade-max4m:17966:0:3","r03-c04:expanded-facade-max4m:17966:0:9"],"receiver_count":12,"periods":{"D":{"min":54.96977,"max":68.59405,"receiver_count":12,"unavailable_count":0},"E":{"min":52.75128,"max":66.37556,"receiver_count":12,"unavailable_count":0},"N":{"min":47.98007,"max":61.604347,"receiver_count":12,"unavailable_count":0}}}},{"type":"Feature","id":"lariac:394184887213","geometry":{"type":"Polygon","coordinates":[[[-118.5536714803803,34.17698298464093],[-118.55371181760027,34.17698304699235],[-118.55371180558727,34.17699612755391],[-118.55381559045057,34.176996284327224],[-118.55381597022617,34.17682923724276],[-118.5537254768952,34.1768291016569],[-118.55372549413039,34.17682662864194],[-118.55367183329389,34.176826571396504],[-118.5536714803803,34.17698298464093]]]},"properties":{"building_pk":18029,"building_key":"lariac:394184887213","source_tile":"r03-c04","source_tile_ids":["r03-c04"],"source_bld_id":"394184887213","height_m":9.263,"receiver_ids":[158052,158053,158054,158055,158056,158057,158058,158059,158060,158061,158062,158063],"receiver_keys":["r03-c04:expanded-facade-max4m:18029:0:1","r03-c04:expanded-facade-max4m:18029:0:10","r03-c04:expanded-facade-max4m:18029:0:11","r03-c04:expanded-facade-max4m:18029:0:12","r03-c04:expanded-facade-max4m:18029:0:13","r03-c04:expanded-facade-max4m:18029:0:14","r03-c04:expanded-facade-max4m:18029:0:15","r03-c04:expanded-facade-max4m:18029:0:16","r03-c04:expanded-facade-max4m:18029:0:17","r03-c04:expanded-facade-max4m:18029:0:2","r03-c04:expanded-facade-max4m:18029:0:3","r03-c04:expanded-facade-max4m:18029:0:4"],"receiver_count":12,"periods":{"D":{"min":64.63782,"max":71.72854,"receiver_count":12,"unavailable_count":0},"E":{"min":62.419327,"max":69.510056,"receiver_count":12,"unavailable_count":0},"N":{"min":57.648113,"max":64.73884,"receiver_count":12,"unavailable_count":0}}}},{"type":"Feature","id":"lariac:394137886252","geometry":{"type":"Polygon","coordinates":[[[-118.55384399705711,34.17417443232478],[-118.55384414290452,34.1741915240353],[-118.55378446951367,34.17419185229571],[-118.55378491308053,34.174248787294815],[-118.55381357618842,34.174248628091796],[-118.5538139263266,34.17429146607058],[-118.55398636931969,34.1742905121888],[-118.55398600414814,34.17424542041826],[-118.55400157537794,34.17424532114098],[-118.55400099964467,34.17417354822959],[-118.55384399705711,34.17417443232478]]]},"properties":{"building_pk":18221,"building_key":"lariac:394137886252","source_tile":"r03-c04","source_tile_ids":["r03-c04"],"source_bld_id":"394137886252","height_m":9.638,"receiver_ids":[158215,158216,158217,158218,158219,158220,158221,158222],"receiver_keys":["r03-c04:expanded-facade-max4m:18221:0:11","r03-c04:expanded-facade-max4m:18221:0:12","r03-c04:expanded-facade-max4m:18221:0:13","r03-c04:expanded-facade-max4m:18221:0:2","r03-c04:expanded-facade-max4m:18221:0:3","r03-c04:expanded-facade-max4m:18221:0:4","r03-c04:expanded-facade-max4m:18221:0:5","r03-c04:expanded-facade-max4m:18221:0:6"],"receiver_count":8,"periods":{"D":{"min":74.14228,"max":77.258,"receiver_count":8,"unavailable_count":0},"E":{"min":71.92379,"max":75.03951,"receiver_count":8,"unavailable_count":0},"N":{"min":67.15258,"max":70.2683,"receiver_count":8,"unavailable_count":0}}}},{"type":"Feature","id":"lariac:394437887629","geometry":{"type":"Polygon","coordinates":[[[-118.55297441613719,34.17797135526981],[-118.55293804704121,34.17797138451681],[-118.55293805007464,34.177956765060685],[-118.5528621705729,34.177956837881844],[-118.55286219065177,34.177989867668224],[-118.55285362775658,34.17798987886346],[-118.55285362991434,34.177980206184905],[-118.55279927358649,34.177980234670216],[-118.55279940790848,34.17807544975467],[-118.55283524879493,34.17807542296405],[-118.55283526045783,34.17808718445756],[-118.55297458763545,34.17808706949915],[-118.55297441613719,34.17797135526981]]]},"properties":{"building_pk":18349,"building_key":"lariac:394437887629","source_tile":"r03-c04","source_tile_ids":["r03-c04"],"source_bld_id":"394437887629","height_m":8.135,"receiver_ids":[158450,158451,158452,158453,158454,158455,158456,158457,158458,158459,158460,158461],"receiver_keys":["r03-c04:expanded-facade-max4m:18349:0:1","r03-c04:expanded-facade-max4m:18349:0:10","r03-c04:expanded-facade-max4m:18349:0:11","r03-c04:expanded-facade-max4m:18349:0:12","r03-c04:expanded-facade-max4m:18349:0:13","r03-c04:expanded-facade-max4m:18349:0:2","r03-c04:expanded-facade-max4m:18349:0:3","r03-c04:expanded-facade-max4m:18349:0:5","r03-c04:expanded-facade-max4m:18349:0:6","r03-c04:expanded-facade-max4m:18349:0:7","r03-c04:expanded-facade-max4m:18349:0:8","r03-c04:expanded-facade-max4m:18349:0:9"],"receiver_count":12,"periods":{"D":{"min":53.502735,"max":61.78911,"receiver_count":12,"unavailable_count":0},"E":{"min":51.28425,"max":59.57062,"receiver_count":12,"unavailable_count":0},"N":{"min":46.513035,"max":54.799408,"receiver_count":12,"unavailable_count":0}}}},{"type":"Feature","id":"lariac:201700286216","geometry":{"type":"Polygon","coordinates":[[[-118.55159666489193,34.17963397648335],[-118.55168855035734,34.17963436877351],[-118.55168953213287,34.1794755392453],[-118.5516499549881,34.17947560617562],[-118.55159334502557,34.179475364915],[-118.55159333620448,34.179476821850756],[-118.55152483364947,34.17947653021704],[-118.55152466505096,34.17950390006581],[-118.55149475727504,34.179503772293344],[-118.55149451725664,34.17954267231702],[-118.55152503795541,34.17954280270382],[-118.55152492951349,34.179560224639246],[-118.55150705317871,34.17956014838624],[-118.55150672200507,34.17961383054494],[-118.55159678715984,34.17961421497748],[-118.55159666489193,34.17963397648335]]]},"properties":{"building_pk":19200,"building_key":"lariac:201700286216","source_tile":"r03-c04","source_tile_ids":["r03-c04"],"source_bld_id":"201700286216","height_m":5.227,"receiver_ids":[159625,159626,159627,159628],"receiver_keys":["r03-c04:expanded-facade-max4m:19200:0:13","r03-c04:expanded-facade-max4m:19200:0:16","r03-c04:expanded-facade-max4m:19200:0:17","r03-c04:expanded-facade-max4m:19200:0:18"],"receiver_count":4,"periods":{"D":{"min":53.55403,"max":64.169914,"receiver_count":4,"unavailable_count":0},"E":{"min":51.335545,"max":61.95143,"receiver_count":4,"unavailable_count":0},"N":{"min":46.56433,"max":57.180218,"receiver_count":4,"unavailable_count":0}}}},{"type":"Feature","id":"lariac:394160887886","geometry":{"type":"Polygon","coordinates":[[[-118.55377606198245,34.17878409251407],[-118.55392671148707,34.178786040545596],[-118.55392664266299,34.178790711762126],[-118.55399039488167,34.17879154668796],[-118.55399169151957,34.17872289806316],[-118.5539319078114,34.17872212790425],[-118.55393271225266,34.17867887172811],[-118.55392358649338,34.17867874854201],[-118.55392366242819,34.1786753133103],[-118.55377813806979,34.178673451797216],[-118.55377606198245,34.17878409251407]]]},"properties":{"building_pk":23660,"building_key":"lariac:394160887886","source_tile":"r03-c04","source_tile_ids":["r03-c04"],"source_bld_id":"394160887886","height_m":9.025,"receiver_ids":[161358,161359,161360,161361,161362,161363,161364,161365,161366,161367,161368,161369,161370],"receiver_keys":["r03-c04:expanded-facade-max4m:23660:0:10","r03-c04:expanded-facade-max4m:23660:0:11","r03-c04:expanded-facade-max4m:23660:0:12","r03-c04:expanded-facade-max4m:23660:0:13","r03-c04:expanded-facade-max4m:23660:0:15","r03-c04:expanded-facade-max4m:23660:0:16","r03-c04:expanded-facade-max4m:23660:0:17","r03-c04:expanded-facade-max4m:23660:0:3","r03-c04:expanded-facade-max4m:23660:0:4","r03-c04:expanded-facade-max4m:23660:0:5","r03-c04:expanded-facade-max4m:23660:0:6","r03-c04:expanded-facade-max4m:23660:0:7","r03-c04:expanded-facade-max4m:23660:0:8"],"receiver_count":13,"periods":{"D":{"min":53.223335,"max":69.17357,"receiver_count":13,"unavailable_count":0},"E":{"min":51.00485,"max":66.95508,"receiver_count":13,"unavailable_count":0},"N":{"min":46.233635,"max":62.18387,"receiver_count":13,"unavailable_count":0}}}},{"type":"Feature","id":"lariac:396408888252","geometry":{"type":"Polygon","coordinates":[[[-118.54634122789783,34.17973889595197],[-118.54634163161963,34.17977524979103],[-118.54635763326732,34.179775122512],[-118.54635812631764,34.17982015781612],[-118.54641367128744,34.179819742803275],[-118.54641379405443,34.17983353677317],[-118.54645181548449,34.17983325500321],[-118.54645143491318,34.17980028184963],[-118.5464702471141,34.17980014185714],[-118.5464700065741,34.17977862669504],[-118.54646408826098,34.17977865343581],[-118.54646362463357,34.1797379589333],[-118.54634122789783,34.17973889595197]]]},"properties":{"building_pk":23677,"building_key":"lariac:396408888252","source_tile":"r03-c04","source_tile_ids":["r03-c04"],"source_bld_id":"396408888252","height_m":5.115,"receiver_ids":[161399,161400,161401,161402,161403,161404],"receiver_keys":["r03-c04:expanded-facade-max4m:23677:0:1","r03-c04:expanded-facade-max4m:23677:0:3","r03-c04:expanded-facade-max4m:23677:0:4","r03-c04:expanded-facade-max4m:23677:0:5","r03-c04:expanded-facade-max4m:23677:0:8","r03-c04:expanded-facade-max4m:23677:0:9"],"receiver_count":6,"periods":{"D":{"min":52.40111,"max":64.39694,"receiver_count":6,"unavailable_count":0},"E":{"min":50.182625,"max":62.178455,"receiver_count":6,"unavailable_count":0},"N":{"min":45.41141,"max":57.40724,"receiver_count":6,"unavailable_count":0}}}},{"type":"Feature","id":"lariac:394606886625","geometry":{"type":"Polygon","coordinates":[[[-118.5522703470922,34.175267392765114],[-118.55227007055053,34.175305141685115],[-118.5523872469127,34.17530573346882],[-118.55238751295755,34.175270998458686],[-118.5524168726144,34.17527113932563],[-118.5524169032535,34.17526724271148],[-118.5522703470922,34.175267392765114]]]},"properties":{"building_pk":23743,"building_key":"lariac:394606886625","source_tile":"r03-c04","source_tile_ids":["r03-c04"],"source_bld_id":"394606886625","height_m":2.969,"receiver_ids":[161479,161480],"receiver_keys":["r03-c04:expanded-facade-max4m:23743:0:5","r03-c04:expanded-facade-max4m:23743:0:6"],"receiver_count":2,"periods":{"D":{"min":72.7892,"max":72.96883,"receiver_count":2,"unavailable_count":0},"E":{"min":70.57072,"max":70.750336,"receiver_count":2,"unavailable_count":0},"N":{"min":65.7995,"max":65.979126,"receiver_count":2,"unavailable_count":0}}}},{"type":"Feature","id":"lariac:393970886365","geometry":{"type":"Polygon","coordinates":[[[-118.55449447602646,34.174457426907814],[-118.5543566777842,34.17445770161906],[-118.55435681577599,34.174503508454],[-118.55436524706906,34.17450349775395],[-118.55436531109287,34.174523117769766],[-118.55435380585405,34.174523142560226],[-118.5543540255543,34.174591235196516],[-118.55449486650771,34.17459094653859],[-118.55449447602646,34.174457426907814]]]},"properties":{"building_pk":23851,"building_key":"lariac:393970886365","source_tile":"r03-c04","source_tile_ids":["r03-c04"],"source_bld_id":"393970886365","height_m":8.044,"receiver_ids":[161581,161582,161583,161584,161585,161586,161587,161588],"receiver_keys":["r03-c04:expanded-facade-max4m:23851:0:12","r03-c04:expanded-facade-max4m:23851:0:13","r03-c04:expanded-facade-max4m:23851:0:14","r03-c04:expanded-facade-max4m:23851:0:15","r03-c04:expanded-facade-max4m:23851:0:4","r03-c04:expanded-facade-max4m:23851:0:5","r03-c04:expanded-facade-max4m:23851:0:7","r03-c04:expanded-facade-max4m:23851:0:8"],"receiver_count":8,"periods":{"D":{"min":71.11263,"max":74.022,"receiver_count":8,"unavailable_count":0},"E":{"min":68.89414,"max":71.80351,"receiver_count":8,"unavailable_count":0},"N":{"min":64.12293,"max":67.0323,"receiver_count":8,"unavailable_count":0}}}},{"type":"Feature","id":"lariac:394515886936","geometry":{"type":"Polygon","coordinates":[[[-118.5527483704429,34.176163328205455],[-118.55274791502528,34.17609957848554],[-118.55273102121535,34.17609968364446],[-118.55273092976647,34.176085861585726],[-118.5527005129879,34.17608600059573],[-118.55270023503061,34.176048905122634],[-118.55258511549785,34.17604948616406],[-118.55258532378548,34.17608097615332],[-118.55257014902223,34.17608104548736],[-118.55257030042607,34.17609901617885],[-118.5525757564,34.17609899125052],[-118.55257622005274,34.17616416988048],[-118.5527483704429,34.176163328205455]]]},"properties":{"building_pk":23852,"building_key":"lariac:394515886936","source_tile":"r03-c04","source_tile_ids":["r03-c04"],"source_bld_id":"394515886936","height_m":9.461,"receiver_ids":[161589,161590,161591,161592,161593,161594,161595],"receiver_keys":["r03-c04:expanded-facade-max4m:23852:0:1","r03-c04:expanded-facade-max4m:23852:0:10","r03-c04:expanded-facade-max4m:23852:0:11","r03-c04:expanded-facade-max4m:23852:0:2","r03-c04:expanded-facade-max4m:23852:0:3","r03-c04:expanded-facade-max4m:23852:0:8","r03-c04:expanded-facade-max4m:23852:0:9"],"receiver_count":7,"periods":{"D":{"min":65.91372,"max":67.92948,"receiver_count":7,"unavailable_count":0},"E":{"min":63.695232,"max":65.711,"receiver_count":7,"unavailable_count":0},"N":{"min":58.92402,"max":60.93978,"receiver_count":7,"unavailable_count":0}}}},{"type":"Feature","id":"lariac:394517887276","geometry":{"type":"Polygon","coordinates":[[[-118.55258094245573,34.17713806313217],[-118.55271822342505,34.177138782724064],[-118.5527185127824,34.1771025086693],[-118.55272337350064,34.177102513501346],[-118.55272399820991,34.177022162315865],[-118.5525818574396,34.1770213828955],[-118.55258094245573,34.17713806313217]]]},"properties":{"building_pk":23878,"building_key":"lariac:394517887276","source_tile":"r03-c04","source_tile_ids":["r03-c04"],"source_bld_id":"394517887276","height_m":8.278,"receiver_ids":[161596,161597,161598,161599,161600,161601,161602,161603,161604,161605],"receiver_keys":["r03-c04:expanded-facade-max4m:23878:0:10","r03-c04:expanded-facade-max4m:23878:0:11","r03-c04:expanded-facade-max4m:23878:0:12","r03-c04:expanded-facade-max4m:23878:0:13","r03-c04:expanded-facade-max4m:23878:0:14","r03-c04:expanded-facade-max4m:23878:0:4","r03-c04:expanded-facade-max4m:23878:0:6","r03-c04:expanded-facade-max4m:23878:0:7","r03-c04:expanded-facade-max4m:23878:0:8","r03-c04:expanded-facade-max4m:23878:0:9"],"receiver_count":10,"periods":{"D":{"min":56.282166,"max":63.202217,"receiver_count":10,"unavailable_count":0},"E":{"min":54.06368,"max":60.98373,"receiver_count":10,"unavailable_count":0},"N":{"min":49.292465,"max":56.212517,"receiver_count":10,"unavailable_count":0}}}},{"type":"Feature","id":"lariac:394203888193","geometry":{"type":"Polygon","coordinates":[[[-118.55367669678967,34.17960578852828],[-118.55372170238144,34.179606736464194],[-118.55372349563993,34.17954800526159],[-118.553678488995,34.17954705733126],[-118.55367669678967,34.17960578852828]]]},"properties":{"building_pk":23983,"building_key":"lariac:394203888193","source_tile":"r03-c04","source_tile_ids":["r03-c04"],"source_bld_id":"394203888193","height_m":3.993,"receiver_ids":[161739,161740,161741,161742],"receiver_keys":["r03-c04:expanded-facade-max4m:23983:0:1","r03-c04:expanded-facade-max4m:23983:0:4","r03-c04:expanded-facade-max4m:23983:0:5","r03-c04:expanded-facade-max4m:23983:0:6"],"receiver_count":4,"periods":{"D":{"min":69.037865,"max":71.04785,"receiver_count":4,"unavailable_count":0},"E":{"min":66.81938,"max":68.82937,"receiver_count":4,"unavailable_count":0},"N":{"min":62.04817,"max":64.05815,"receiver_count":4,"unavailable_count":0}}}},{"type":"Feature","id":"lariac:393981887886","geometry":{"type":"Polygon","coordinates":[[[-118.55449601034618,34.17878312977574],[-118.55449391059139,34.17867597011779],[-118.55433746636562,34.1786777592086],[-118.554338195672,34.17872293135267],[-118.55432599636941,34.17872307020903],[-118.55432604567449,34.17872543293079],[-118.55429331460313,34.17872580292107],[-118.55429324705702,34.17872052739298],[-118.55427790658321,34.178720707687006],[-118.55427896544577,34.17878563566573],[-118.55449601034618,34.17878312977574]]]},"properties":{"building_pk":24061,"building_key":"lariac:393981887886","source_tile":"r03-c04","source_tile_ids":["r03-c04"],"source_bld_id":"393981887886","height_m":8.918,"receiver_ids":[161958,161959,161960,161961,161962,161963,161964,161965,161966,161967,161968,161969,161970,161971],"receiver_keys":["r03-c04:expanded-facade-max4m:24061:0:1","r03-c04:expanded-facade-max4m:24061:0:10","r03-c04:expanded-facade-max4m:24061:0:11","r03-c04:expanded-facade-max4m:24061:0:12","r03-c04:expanded-facade-max4m:24061:0:15","r03-c04:expanded-facade-max4m:24061:0:16","r03-c04:expanded-facade-max4m:24061:0:17","r03-c04:expanded-facade-max4m:24061:0:2","r03-c04:expanded-facade-max4m:24061:0:3","r03-c04:expanded-facade-max4m:24061:0:4","r03-c04:expanded-facade-max4m:24061:0:5","r03-c04:expanded-facade-max4m:24061:0:6","r03-c04:expanded-facade-max4m:24061:0:7","r03-c04:expanded-facade-max4m:24061:0:8"],"receiver_count":14,"periods":{"D":{"min":52.643246,"max":64.48379,"receiver_count":14,"unavailable_count":0},"E":{"min":50.42476,"max":62.265297,"receiver_count":14,"unavailable_count":0},"N":{"min":45.653545,"max":57.494087,"receiver_count":14,"unavailable_count":0}}}},{"type":"Feature","id":"lariac:394437886657","geometry":{"type":"Polygon","coordinates":[[[-118.55288881722106,34.175383707794126],[-118.55291732385109,34.1753832835651],[-118.55291674929225,34.17533301878813],[-118.55288729581741,34.17533362044221],[-118.55288881722106,34.175383707794126]]]},"properties":{"building_pk":24127,"building_key":"lariac:394437886657","source_tile":"r03-c04","source_tile_ids":["r03-c04"],"source_bld_id":"394437886657","height_m":3.228,"receiver_ids":[162047,162048,162049,162050],"receiver_keys":["r03-c04:expanded-facade-max4m:24127:0:1","r03-c04:expanded-facade-max4m:24127:0:2","r03-c04:expanded-facade-max4m:24127:0:4","r03-c04:expanded-facade-max4m:24127:0:5"],"receiver_count":4,"periods":{"D":{"min":62.286354,"max":67.863434,"receiver_count":4,"unavailable_count":0},"E":{"min":60.067867,"max":65.64494,"receiver_count":4,"unavailable_count":0},"N":{"min":55.296654,"max":60.87373,"receiver_count":4,"unavailable_count":0}}}},{"type":"Feature","id":"lariac:394395888036","geometry":{"type":"Polygon","coordinates":[[[-118.55325416867932,34.17919545218643],[-118.55326740013571,34.17911136051597],[-118.55318984259715,34.17910292252195],[-118.55319022341081,34.17910047489042],[-118.55313569562236,34.17909454149378],[-118.55314273957562,34.17904974579989],[-118.55306898697411,34.17904172937867],[-118.55305648660698,34.179121255869205],[-118.55296357743143,34.17911115696452],[-118.55297211223079,34.17905690087115],[-118.55285640699948,34.17904435023088],[-118.55284549772603,34.17911452672194],[-118.5527855099646,34.179108041136985],[-118.55277986260398,34.17914392677455],[-118.55325416867932,34.17919545218643]]]},"properties":{"building_pk":24268,"building_key":"lariac:394395888036","source_tile":"r03-c04","source_tile_ids":["r03-c04"],"source_bld_id":"394395888036","height_m":4.325,"receiver_ids":[162174,162175,162176,162177,162178,162179,162180,162181,162182,162183,162184,162185,162186,162187,162188,162189,162190,162191,162192,162193,162194,162195,162196,162197,162198,162199],"receiver_keys":["r03-c04:expanded-facade-max4m:24268:0:1","r03-c04:expanded-facade-max4m:24268:0:10","r03-c04:expanded-facade-max4m:24268:0:11","r03-c04:expanded-facade-max4m:24268:0:12","r03-c04:expanded-facade-max4m:24268:0:13","r03-c04:expanded-facade-max4m:24268:0:14","r03-c04:expanded-facade-max4m:24268:0:15","r03-c04:expanded-facade-max4m:24268:0:16","r03-c04:expanded-facade-max4m:24268:0:17","r03-c04:expanded-facade-max4m:24268:0:18","r03-c04:expanded-facade-max4m:24268:0:19","r03-c04:expanded-facade-max4m:24268:0:2","r03-c04:expanded-facade-max4m:24268:0:21","r03-c04:expanded-facade-max4m:24268:0:22","r03-c04:expanded-facade-max4m:24268:0:23","r03-c04:expanded-facade-max4m:24268:0:24","r03-c04:expanded-facade-max4m:24268:0:25","r03-c04:expanded-facade-max4m:24268:0:26","r03-c04:expanded-facade-max4m:24268:0:27","r03-c04:expanded-facade-max4m:24268:0:28","r03-c04:expanded-facade-max4m:24268:0:3","r03-c04:expanded-facade-max4m:24268:0:4","r03-c04:expanded-facade-max4m:24268:0:5","r03-c04:expanded-facade-max4m:24268:0:7","r03-c04:expanded-facade-max4m:24268:0:8","r03-c04:expanded-facade-max4m:24268:0:9"],"receiver_count":26,"periods":{"D":{"min":54.25004,"max":70.49959,"receiver_count":26,"unavailable_count":0},"E":{"min":52.03155,"max":68.2811,"receiver_count":26,"unavailable_count":0},"N":{"min":47.260338,"max":63.509888,"receiver_count":26,"unavailable_count":0}}}},{"type":"Feature","id":"lariac:393975887485","geometry":{"type":"Polygon","coordinates":[[[-118.55450434903169,34.17757870849954],[-118.55450424948694,34.17757368014147],[-118.55435835646372,34.17757564086912],[-118.55435826404066,34.17757168441452],[-118.5543443123807,34.177571885398336],[-118.55434421138592,34.177566637069994],[-118.5542843065576,34.17756743362681],[-118.55428565542235,34.17763618011902],[-118.55434774254998,34.177635346512794],[-118.55434856034967,34.1776789793145],[-118.55435623103321,34.17767888916075],[-118.55435632983932,34.17768380753389],[-118.55452040617176,34.17768162640556],[-118.55452031009067,34.17767712002574],[-118.55455221384436,34.17767669967302],[-118.55455030220547,34.17757811284139],[-118.55450434903169,34.17757870849954]]]},"properties":{"building_pk":25343,"building_key":"lariac:393975887485","source_tile":"r03-c04","source_tile_ids":["r03-c04"],"source_bld_id":"393975887485","height_m":8.251,"receiver_ids":[163474,163475,163476,163477,163478,163479,163480,163481,163482,163483,163484,163485,163486,163487],"receiver_keys":["r03-c04:expanded-facade-max4m:25343:0:10","r03-c04:expanded-facade-max4m:25343:0:11","r03-c04:expanded-facade-max4m:25343:0:12","r03-c04:expanded-facade-max4m:25343:0:13","r03-c04:expanded-facade-max4m:25343:0:14","r03-c04:expanded-facade-max4m:25343:0:15","r03-c04:expanded-facade-max4m:25343:0:19","r03-c04:expanded-facade-max4m:25343:0:3","r03-c04:expanded-facade-max4m:25343:0:4","r03-c04:expanded-facade-max4m:25343:0:5","r03-c04:expanded-facade-max4m:25343:0:6","r03-c04:expanded-facade-max4m:25343:0:7","r03-c04:expanded-facade-max4m:25343:0:8","r03-c04:expanded-facade-max4m:25343:0:9"],"receiver_count":14,"periods":{"D":{"min":53.272167,"max":61.049896,"receiver_count":14,"unavailable_count":0},"E":{"min":51.05368,"max":58.83141,"receiver_count":14,"unavailable_count":0},"N":{"min":46.282467,"max":54.060196,"receiver_count":14,"unavailable_count":0}}}},{"type":"Feature","id":"lariac:394126886291","geometry":{"type":"Polygon","coordinates":[[[-118.5540167636782,34.17442677931422],[-118.55401671228843,34.17441902987474],[-118.55402216706761,34.174419004886126],[-118.55402202420807,34.17439746223767],[-118.5540340911005,34.17439740695778],[-118.55403385603132,34.17436196021383],[-118.55402519498901,34.17436199989121],[-118.55402489823051,34.174322320679266],[-118.55401154168392,34.17432238186617],[-118.55401147153493,34.174311803466566],[-118.55383671400276,34.17431263094876],[-118.55383690800214,34.17434189508996],[-118.55378979563066,34.1743421108339],[-118.55379026859006,34.17440838840214],[-118.55383860341594,34.17440816705992],[-118.55383873238685,34.174427621795346],[-118.5540167636782,34.17442677931422]]]},"properties":{"building_pk":25829,"building_key":"lariac:394126886291","source_tile":"r03-c04","source_tile_ids":["r03-c04"],"source_bld_id":"394126886291","height_m":10.314,"receiver_ids":[164236,164237,164238,164239,164240,164241,164242,164243,164244,164245],"receiver_keys":["r03-c04:expanded-facade-max4m:25829:0:1","r03-c04:expanded-facade-max4m:25829:0:10","r03-c04:expanded-facade-max4m:25829:0:11","r03-c04:expanded-facade-max4m:25829:0:12","r03-c04:expanded-facade-max4m:25829:0:13","r03-c04:expanded-facade-max4m:25829:0:2","r03-c04:expanded-facade-max4m:25829:0:3","r03-c04:expanded-facade-max4m:25829:0:4","r03-c04:expanded-facade-max4m:25829:0:5","r03-c04:expanded-facade-max4m:25829:0:9"],"receiver_count":10,"periods":{"D":{"min":70.084595,"max":76.22554,"receiver_count":10,"unavailable_count":0},"E":{"min":67.86611,"max":74.00705,"receiver_count":10,"unavailable_count":0},"N":{"min":63.094894,"max":69.23584,"receiver_count":10,"unavailable_count":0}}}},{"type":"Feature","id":"lariac:2014121117350000","geometry":{"type":"Polygon","coordinates":[[[-118.55283851234842,34.1799832001944],[-118.55283908582324,34.179915282437406],[-118.5527914604592,34.17991500517509],[-118.55279145502155,34.17991565881959],[-118.55277551372524,34.179915565795525],[-118.55277558707976,34.17990697915232],[-118.5527644677712,34.17990691457458],[-118.5527646506166,34.17988520184748],[-118.552716385234,34.179884921169986],[-118.55271661427923,34.1798578927267],[-118.55264871818578,34.179857497082104],[-118.55264766684773,34.17998208809551],[-118.55283851234842,34.1799832001944]]]},"properties":{"building_pk":26363,"building_key":"lariac:2014121117350000","source_tile":"r03-c04","source_tile_ids":["r03-c04"],"source_bld_id":"2014121117350000","height_m":8.461,"receiver_ids":[164869,164870,164871,164872,164873,164874,164875],"receiver_keys":["r03-c04:expanded-facade-max4m:26363:0:1","r03-c04:expanded-facade-max4m:26363:0:12","r03-c04:expanded-facade-max4m:26363:0:2","r03-c04:expanded-facade-max4m:26363:0:3","r03-c04:expanded-facade-max4m:26363:0:5","r03-c04:expanded-facade-max4m:26363:0:7","r03-c04:expanded-facade-max4m:26363:0:8"],"receiver_count":7,"periods":{"D":{"min":52.772907,"max":60.294495,"receiver_count":7,"unavailable_count":0},"E":{"min":50.55442,"max":58.076008,"receiver_count":7,"unavailable_count":0},"N":{"min":45.783207,"max":53.304794,"receiver_count":7,"unavailable_count":0}}}},{"type":"Feature","id":"lariac:201700286190","geometry":{"type":"Polygon","coordinates":[[[-118.54852822637642,34.179373600121906],[-118.54860598177984,34.179373882134236],[-118.54860629312512,34.17931458436391],[-118.54852761789743,34.17931430201598],[-118.54852744751845,34.17934683681028],[-118.54852500132415,34.17934682807064],[-118.54852489443527,34.179367225088924],[-118.54852825944324,34.17936723687371],[-118.54852822637642,34.179373600121906]]]},"properties":{"building_pk":26874,"building_key":"lariac:201700286190","source_tile":"r03-c04","source_tile_ids":["r03-c04"],"source_bld_id":"201700286190","height_m":4.109,"receiver_ids":[165444,165445,165446,165447,165448,165449],"receiver_keys":["r03-c04:expanded-facade-max4m:26874:0:3","r03-c04:expanded-facade-max4m:26874:0:4","r03-c04:expanded-facade-max4m:26874:0:5","r03-c04:expanded-facade-max4m:26874:0:6","r03-c04:expanded-facade-max4m:26874:0:7","r03-c04:expanded-facade-max4m:26874:0:8"],"receiver_count":6,"periods":{"D":{"min":62.48083,"max":65.24457,"receiver_count":6,"unavailable_count":0},"E":{"min":60.262344,"max":63.026077,"receiver_count":6,"unavailable_count":0},"N":{"min":55.49113,"max":58.254868,"receiver_count":6,"unavailable_count":0}}}},{"type":"Feature","id":"lariac:201700286210","geometry":{"type":"Polygon","coordinates":[[[-118.5471451551414,34.17957564876385],[-118.54727066087463,34.179575420802244],[-118.54727045062923,34.17949563871319],[-118.54726300165096,34.179495652585366],[-118.54726286407696,34.17944352142441],[-118.54723346736316,34.179443575102354],[-118.5472333001874,34.17938029828666],[-118.54705546537954,34.17938062137425],[-118.54705577028308,34.179496590109906],[-118.5471008600154,34.17949649523882],[-118.54710105350992,34.17957026590772],[-118.54714514105449,34.17957018547079],[-118.5471451551414,34.17957564876385]]]},"properties":{"building_pk":26875,"building_key":"lariac:201700286210","source_tile":"r03-c04","source_tile_ids":["r03-c04"],"source_bld_id":"201700286210","height_m":5.724,"receiver_ids":[165450,165451,165452,165453,165454,165455,165456,165457,165458,165459,165460,165461,165462,165463,165464,165465,165466],"receiver_keys":["r03-c04:expanded-facade-max4m:26875:0:10","r03-c04:expanded-facade-max4m:26875:0:11","r03-c04:expanded-facade-max4m:26875:0:12","r03-c04:expanded-facade-max4m:26875:0:13","r03-c04:expanded-facade-max4m:26875:0:14","r03-c04:expanded-facade-max4m:26875:0:15","r03-c04:expanded-facade-max4m:26875:0:16","r03-c04:expanded-facade-max4m:26875:0:17","r03-c04:expanded-facade-max4m:26875:0:19","r03-c04:expanded-facade-max4m:26875:0:20","r03-c04:expanded-facade-max4m:26875:0:21","r03-c04:expanded-facade-max4m:26875:0:4","r03-c04:expanded-facade-max4m:26875:0:5","r03-c04:expanded-facade-max4m:26875:0:6","r03-c04:expanded-facade-max4m:26875:0:7","r03-c04:expanded-facade-max4m:26875:0:8","r03-c04:expanded-facade-max4m:26875:0:9"],"receiver_count":17,"periods":{"D":{"min":55.29627,"max":63.287025,"receiver_count":17,"unavailable_count":0},"E":{"min":53.07778,"max":61.06854,"receiver_count":17,"unavailable_count":0},"N":{"min":48.30657,"max":56.297325,"receiver_count":17,"unavailable_count":0}}}},{"type":"Feature","id":"lariac:201700286213","geometry":{"type":"Polygon","coordinates":[[[-118.54945015798194,34.179544659256955],[-118.54948773205449,34.179597930286135],[-118.54954976687016,34.17956797590544],[-118.54952773456334,34.17953603603684],[-118.54959904374358,34.179484270806235],[-118.54956089451989,34.179444984473164],[-118.54948524696825,34.179495697455856],[-118.54943918868744,34.17952269879134],[-118.54945392658453,34.179542865192694],[-118.54945015798194,34.179544659256955]]]},"properties":{"building_pk":26876,"building_key":"lariac:201700286213","source_tile":"r03-c04","source_tile_ids":["r03-c04"],"source_bld_id":"201700286213","height_m":5.096,"receiver_ids":[165467,165468,165469,165470,165471,165472,165473,165474,165475],"receiver_keys":["r03-c04:expanded-facade-max4m:26876:0:10","r03-c04:expanded-facade-max4m:26876:0:11","r03-c04:expanded-facade-max4m:26876:0:12","r03-c04:expanded-facade-max4m:26876:0:13","r03-c04:expanded-facade-max4m:26876:0:3","r03-c04:expanded-facade-max4m:26876:0:6","r03-c04:expanded-facade-max4m:26876:0:7","r03-c04:expanded-facade-max4m:26876:0:8","r03-c04:expanded-facade-max4m:26876:0:9"],"receiver_count":9,"periods":{"D":{"min":59.584255,"max":64.41825,"receiver_count":9,"unavailable_count":0},"E":{"min":57.36577,"max":62.19976,"receiver_count":9,"unavailable_count":0},"N":{"min":52.59456,"max":57.42855,"receiver_count":9,"unavailable_count":0}}}},{"type":"Feature","id":"lariac:395962888121","geometry":{"type":"Polygon","coordinates":[[[-118.54793725256333,34.17944207364972],[-118.54793635507667,34.17935568364995],[-118.5478092313128,34.17935658947986],[-118.54781012866802,34.17944297948051],[-118.54793725256333,34.17944207364972]]]},"properties":{"building_pk":31079,"building_key":"lariac:395962888121","source_tile":"r03-c04","source_tile_ids":["r03-c04"],"source_bld_id":"395962888121","height_m":6.27,"receiver_ids":[167000,167001,167002,167003,167004,167005,167006,167007,167008,167009],"receiver_keys":["r03-c04:expanded-facade-max4m:31079:0:10","r03-c04:expanded-facade-max4m:31079:0:11","r03-c04:expanded-facade-max4m:31079:0:2","r03-c04:expanded-facade-max4m:31079:0:3","r03-c04:expanded-facade-max4m:31079:0:4","r03-c04:expanded-facade-max4m:31079:0:5","r03-c04:expanded-facade-max4m:31079:0:6","r03-c04:expanded-facade-max4m:31079:0:7","r03-c04:expanded-facade-max4m:31079:0:8","r03-c04:expanded-facade-max4m:31079:0:9"],"receiver_count":10,"periods":{"D":{"min":54.55903,"max":64.79121,"receiver_count":10,"unavailable_count":0},"E":{"min":52.34054,"max":62.572716,"receiver_count":10,"unavailable_count":0},"N":{"min":47.56933,"max":57.801506,"receiver_count":10,"unavailable_count":0}}}},{"type":"Feature","id":"lariac:394525887569","geometry":{"type":"Polygon","coordinates":[[[-118.55255763623965,34.177933360512775],[-118.55257281242409,34.17793329117538],[-118.5525730296205,34.1779661280317],[-118.55268223289094,34.177965629044294],[-118.55268187167634,34.17791102956709],[-118.55269433608117,34.17791097260666],[-118.55269413574602,34.17788069155137],[-118.55270673248081,34.177880633984884],[-118.55270646869157,34.177840762591444],[-118.55269417025781,34.17784081879472],[-118.55269403318623,34.17782010013049],[-118.55255692470287,34.17782069957876],[-118.55255763623965,34.177933360512775]]]},"properties":{"building_pk":31082,"building_key":"lariac:394525887569","source_tile":"r03-c04","source_tile_ids":["r03-c04"],"source_bld_id":"394525887569","height_m":8.437,"receiver_ids":[167010,167011,167012,167013,167014,167015,167016,167017,167018],"receiver_keys":["r03-c04:expanded-facade-max4m:31082:0:12","r03-c04:expanded-facade-max4m:31082:0:13","r03-c04:expanded-facade-max4m:31082:0:14","r03-c04:expanded-facade-max4m:31082:0:15","r03-c04:expanded-facade-max4m:31082:0:3","r03-c04:expanded-facade-max4m:31082:0:4","r03-c04:expanded-facade-max4m:31082:0:5","r03-c04:expanded-facade-max4m:31082:0:8","r03-c04:expanded-facade-max4m:31082:0:9"],"receiver_count":9,"periods":{"D":{"min":56.00987,"max":64.84789,"receiver_count":9,"unavailable_count":0},"E":{"min":53.79138,"max":62.629402,"receiver_count":9,"unavailable_count":0},"N":{"min":49.02017,"max":57.85819,"receiver_count":9,"unavailable_count":0}}}},{"type":"Feature","id":"lariac:393972887282","geometry":{"type":"Polygon","coordinates":[[[-118.55450063119717,34.17713820752818],[-118.55450046091482,34.17710748638161],[-118.55453200199663,34.17710736971339],[-118.55453172781277,34.177056094733246],[-118.55449863238262,34.177056219429524],[-118.55449845123621,34.177018958530034],[-118.55433724224909,34.1770195325616],[-118.55433779019276,34.17712205457566],[-118.55433782273376,34.177122054426505],[-118.55433790123045,34.17713878853304],[-118.55450063119717,34.17713820752818]]]},"properties":{"building_pk":31083,"building_key":"lariac:393972887282","source_tile":"r03-c04","source_tile_ids":["r03-c04"],"source_bld_id":"393972887282","height_m":9.114,"receiver_ids":[167019,167020,167021,167022,167023,167024,167025,167026,167027],"receiver_keys":["r03-c04:expanded-facade-max4m:31083:0:1","r03-c04:expanded-facade-max4m:31083:0:10","r03-c04:expanded-facade-max4m:31083:0:11","r03-c04:expanded-facade-max4m:31083:0:12","r03-c04:expanded-facade-max4m:31083:0:13","r03-c04:expanded-facade-max4m:31083:0:2","r03-c04:expanded-facade-max4m:31083:0:3","r03-c04:expanded-facade-max4m:31083:0:4","r03-c04:expanded-facade-max4m:31083:0:5"],"receiver_count":9,"periods":{"D":{"min":56.90685,"max":67.42051,"receiver_count":9,"unavailable_count":0},"E":{"min":54.688362,"max":65.20202,"receiver_count":9,"unavailable_count":0},"N":{"min":49.91715,"max":60.43081,"receiver_count":9,"unavailable_count":0}}}},{"type":"Feature","id":"lariac:394350887634","geometry":{"type":"Polygon","coordinates":[[[-118.55316447091231,34.17811241626975],[-118.55322054823938,34.17811279175416],[-118.55322065687646,34.178104134628754],[-118.55327293210121,34.17810450043422],[-118.55327289395956,34.17810873245773],[-118.55331091822369,34.17810899845683],[-118.55331215022075,34.17798055521143],[-118.55325845301721,34.177980195928214],[-118.55325837563217,34.17798833001497],[-118.55324382639347,34.17798823158783],[-118.55324415189386,34.177952535255024],[-118.55316602087017,34.17795201363001],[-118.55316447091231,34.17811241626975]]]},"properties":{"building_pk":31085,"building_key":"lariac:394350887634","source_tile":"r03-c04","source_tile_ids":["r03-c04"],"source_bld_id":"394350887634","height_m":7.73,"receiver_ids":[167028,167029,167030,167031,167032,167033,167034,167035,167036,167037],"receiver_keys":["r03-c04:expanded-facade-max4m:31085:0:1","r03-c04:expanded-facade-max4m:31085:0:11","r03-c04:expanded-facade-max4m:31085:0:12","r03-c04:expanded-facade-max4m:31085:0:3","r03-c04:expanded-facade-max4m:31085:0:4","r03-c04:expanded-facade-max4m:31085:0:5","r03-c04:expanded-facade-max4m:31085:0:6","r03-c04:expanded-facade-max4m:31085:0:7","r03-c04:expanded-facade-max4m:31085:0:8","r03-c04:expanded-facade-max4m:31085:0:9"],"receiver_count":10,"periods":{"D":{"min":65.21617,"max":71.665955,"receiver_count":10,"unavailable_count":0},"E":{"min":62.99768,"max":69.44747,"receiver_count":10,"unavailable_count":0},"N":{"min":58.22647,"max":64.676254,"receiver_count":10,"unavailable_count":0}}}},{"type":"Feature","id":"lariac:395810888147","geometry":{"type":"Polygon","coordinates":[[[-118.54836746504805,34.17951593916424],[-118.54841243924973,34.17951708124655],[-118.54844429783493,34.17948967769559],[-118.54844216506694,34.179451820712245],[-118.54841331068054,34.17942823733796],[-118.54836715938369,34.17942905153452],[-118.54833296704,34.179453579803265],[-118.54833478811562,34.17948924023698],[-118.54836746504805,34.17951593916424]]]},"properties":{"building_pk":31087,"building_key":"lariac:395810888147","source_tile":"r03-c04","source_tile_ids":["r03-c04"],"source_bld_id":"395810888147","height_m":5.898,"receiver_ids":[167038,167039,167040,167041,167042,167043,167044,167045,167046],"receiver_keys":["r03-c04:expanded-facade-max4m:31087:0:1","r03-c04:expanded-facade-max4m:31087:0:2","r03-c04:expanded-facade-max4m:31087:0:3","r03-c04:expanded-facade-max4m:31087:0:4","r03-c04:expanded-facade-max4m:31087:0:5","r03-c04:expanded-facade-max4m:31087:0:6","r03-c04:expanded-facade-max4m:31087:0:7","r03-c04:expanded-facade-max4m:31087:0:8","r03-c04:expanded-facade-max4m:31087:0:9"],"receiver_count":9,"periods":{"D":{"min":58.900024,"max":66.254555,"receiver_count":9,"unavailable_count":0},"E":{"min":56.681538,"max":64.036064,"receiver_count":9,"unavailable_count":0},"N":{"min":51.910324,"max":59.26485,"receiver_count":9,"unavailable_count":0}}}},{"type":"Feature","id":"lariac:396262888136","geometry":{"type":"Polygon","coordinates":[[[-118.54687141729299,34.179472947814766],[-118.54687587987559,34.179472927636354],[-118.5468758720262,34.1794917789571],[-118.54691045649591,34.17949178665242],[-118.5469104684853,34.1794734032143],[-118.54691721352445,34.17947340066095],[-118.5469171909125,34.17937914704145],[-118.54687139779554,34.17937916208276],[-118.54687141729299,34.179472947814766]]]},"properties":{"building_pk":31118,"building_key":"lariac:396262888136","source_tile":"r03-c04","source_tile_ids":["r03-c04"],"source_bld_id":"396262888136","height_m":5.014,"receiver_ids":[167086,167087,167088,167089,167090,167091,167092],"receiver_keys":["r03-c04:expanded-facade-max4m:31118:0:1","r03-c04:expanded-facade-max4m:31118:0:2","r03-c04:expanded-facade-max4m:31118:0:3","r03-c04:expanded-facade-max4m:31118:0:4","r03-c04:expanded-facade-max4m:31118:0:5","r03-c04:expanded-facade-max4m:31118:0:6","r03-c04:expanded-facade-max4m:31118:0:9"],"receiver_count":7,"periods":{"D":{"min":57.525265,"max":64.464195,"receiver_count":7,"unavailable_count":0},"E":{"min":55.306778,"max":62.24571,"receiver_count":7,"unavailable_count":0},"N":{"min":50.535564,"max":57.474495,"receiver_count":7,"unavailable_count":0}}}},{"type":"Feature","id":"lariac:393971886523","geometry":{"type":"Polygon","coordinates":[[[-118.55449629315376,34.174900519505506],[-118.55440431829685,34.174900914125665],[-118.55440429732799,34.17489775430888],[-118.55435787991865,34.17489796708685],[-118.554358230832,34.174955918551255],[-118.55437327432952,34.17495587754157],[-118.55437332494031,34.174968571955354],[-118.55435996829068,34.174968633180725],[-118.55435999400167,34.17497250790046],[-118.55435427434703,34.17497250707193],[-118.55435463728399,34.17503210740592],[-118.55449709639248,34.175031509314174],[-118.55449629315376,34.174900519505506]]]},"properties":{"building_pk":31150,"building_key":"lariac:393971886523","source_tile":"r03-c04","source_tile_ids":["r03-c04"],"source_bld_id":"393971886523","height_m":8.958,"receiver_ids":[167186,167187,167188,167189,167190,167191,167192,167193],"receiver_keys":["r03-c04:expanded-facade-max4m:31150:0:12","r03-c04:expanded-facade-max4m:31150:0:13","r03-c04:expanded-facade-max4m:31150:0:14","r03-c04:expanded-facade-max4m:31150:0:15","r03-c04:expanded-facade-max4m:31150:0:4","r03-c04:expanded-facade-max4m:31150:0:5","r03-c04:expanded-facade-max4m:31150:0:7","r03-c04:expanded-facade-max4m:31150:0:8"],"receiver_count":8,"periods":{"D":{"min":68.196724,"max":70.71856,"receiver_count":8,"unavailable_count":0},"E":{"min":65.97824,"max":68.50007,"receiver_count":8,"unavailable_count":0},"N":{"min":61.207024,"max":63.72886,"receiver_count":8,"unavailable_count":0}}}},{"type":"Feature","id":"lariac:394598886619","geometry":{"type":"Polygon","coordinates":[[[-118.5522703470922,34.175267392765114],[-118.5524169032535,34.17526724271148],[-118.55241705536012,34.17524874323039],[-118.55227048688883,34.17524801072875],[-118.5522703470922,34.175267392765114]]]},"properties":{"building_pk":31174,"building_key":"lariac:394598886619","source_tile":"r03-c04","source_tile_ids":["r03-c04"],"source_bld_id":"394598886619","height_m":2.957,"receiver_ids":[167264,167265],"receiver_keys":["r03-c04:expanded-facade-max4m:31174:0:4","r03-c04:expanded-facade-max4m:31174:0:5"],"receiver_count":2,"periods":{"D":{"min":73.019775,"max":73.3076,"receiver_count":2,"unavailable_count":0},"E":{"min":70.801285,"max":71.08911,"receiver_count":2,"unavailable_count":0},"N":{"min":66.030075,"max":66.3179,"receiver_count":2,"unavailable_count":0}}}},{"type":"Feature","id":"lariac:394588887167","geometry":{"type":"Polygon","coordinates":[[[-118.55242985508525,34.17674940163421],[-118.55239177291236,34.17675029050362],[-118.55239242579684,34.176769137910455],[-118.55243050779944,34.17676822199528],[-118.55242985508525,34.17674940163421]]]},"properties":{"building_pk":31175,"building_key":"lariac:394588887167","source_tile":"r03-c04","source_tile_ids":["r03-c04"],"source_bld_id":"394588887167","height_m":2.737,"receiver_ids":[167266,167267,167268],"receiver_keys":["r03-c04:expanded-facade-max4m:31175:0:1","r03-c04:expanded-facade-max4m:31175:0:3","r03-c04:expanded-facade-max4m:31175:0:4"],"receiver_count":3,"periods":{"D":{"min":66.76432,"max":66.95838,"receiver_count":3,"unavailable_count":0},"E":{"min":64.54583,"max":64.73989,"receiver_count":3,"unavailable_count":0},"N":{"min":59.77462,"max":59.96868,"receiver_count":3,"unavailable_count":0}}}},{"type":"Feature","id":"lariac:394370886936","geometry":{"type":"Polygon","coordinates":[[[-118.55320422975424,34.17616269986178],[-118.55320304030595,34.176092990685724],[-118.55320823161574,34.176092966939464],[-118.55320808047685,34.17608013504938],[-118.55319750063089,34.176080211391636],[-118.55319721105225,34.17605138673913],[-118.55307901770588,34.17605217433971],[-118.55307933670784,34.176085285700815],[-118.55304534950622,34.17608549611996],[-118.55304548245049,34.17610049901194],[-118.55303040656962,34.176100594997884],[-118.55303102379898,34.176163849029926],[-118.55320422975424,34.17616269986178]]]},"properties":{"building_pk":31436,"building_key":"lariac:394370886936","source_tile":"r03-c04","source_tile_ids":["r03-c04"],"source_bld_id":"394370886936","height_m":9.248,"receiver_ids":[167704,167705,167706,167707,167708,167709,167710],"receiver_keys":["r03-c04:expanded-facade-max4m:31436:0:1","r03-c04:expanded-facade-max4m:31436:0:10","r03-c04:expanded-facade-max4m:31436:0:11","r03-c04:expanded-facade-max4m:31436:0:2","r03-c04:expanded-facade-max4m:31436:0:3","r03-c04:expanded-facade-max4m:31436:0:4","r03-c04:expanded-facade-max4m:31436:0:7"],"receiver_count":7,"periods":{"D":{"min":60.4129,"max":71.805595,"receiver_count":7,"unavailable_count":0},"E":{"min":58.194412,"max":69.58711,"receiver_count":7,"unavailable_count":0},"N":{"min":53.4232,"max":64.815895,"receiver_count":7,"unavailable_count":0}}}},{"type":"Feature","id":"lariac:393963887436","geometry":{"type":"Polygon","coordinates":[[[-118.55431894378083,34.17743589732562],[-118.55431879778928,34.177498577866196],[-118.55433321316033,34.17749862178302],[-118.5543331473102,34.17752351823233],[-118.55440287741965,34.177523665606216],[-118.55440280721692,34.177547903046644],[-118.55454276408666,34.17754816744902],[-118.55454296575935,34.17747902979121],[-118.5545529184674,34.17747906619612],[-118.55455301485402,34.177448811728205],[-118.55454233539186,34.177448777754144],[-118.55454238510158,34.17743632990311],[-118.55431894378083,34.17743589732562]]]},"properties":{"building_pk":31524,"building_key":"lariac:393963887436","source_tile":"r03-c04","source_tile_ids":["r03-c04"],"source_bld_id":"393963887436","height_m":8.943,"receiver_ids":[167876,167877,167878,167879,167880,167881,167882,167883],"receiver_keys":["r03-c04:expanded-facade-max4m:31524:0:1","r03-c04:expanded-facade-max4m:31524:0:10","r03-c04:expanded-facade-max4m:31524:0:12","r03-c04:expanded-facade-max4m:31524:0:17","r03-c04:expanded-facade-max4m:31524:0:2","r03-c04:expanded-facade-max4m:31524:0:3","r03-c04:expanded-facade-max4m:31524:0:4","r03-c04:expanded-facade-max4m:31524:0:9"],"receiver_count":8,"periods":{"D":{"min":56.884045,"max":66.77834,"receiver_count":8,"unavailable_count":0},"E":{"min":54.665554,"max":64.55985,"receiver_count":8,"unavailable_count":0},"N":{"min":49.894344,"max":59.78864,"receiver_count":8,"unavailable_count":0}}}},{"type":"Feature","id":"lariac:394362887019","geometry":{"type":"Polygon","coordinates":[[[-118.55306656559166,34.17631358536657],[-118.55306724683918,34.17637667412338],[-118.55308179434063,34.17637655260157],[-118.55308195637689,34.17639103336642],[-118.55311419066392,34.176390803908184],[-118.55311461150617,34.17642946471022],[-118.55322853875334,34.17642861455172],[-118.55322815697357,34.17639586048925],[-118.55324234002812,34.176395741516856],[-118.55324218069242,34.176381672745514],[-118.55323989976779,34.17638171022592],[-118.55323914164451,34.17631227404784],[-118.55306656559166,34.17631358536657]]]},"properties":{"building_pk":31550,"building_key":"lariac:394362887019","source_tile":"r03-c04","source_tile_ids":["r03-c04"],"source_bld_id":"394362887019","height_m":9.33,"receiver_ids":[167917,167918,167919,167920,167921,167922,167923],"receiver_keys":["r03-c04:expanded-facade-max4m:31550:0:1","r03-c04:expanded-facade-max4m:31550:0:10","r03-c04:expanded-facade-max4m:31550:0:11","r03-c04:expanded-facade-max4m:31550:0:2","r03-c04:expanded-facade-max4m:31550:0:3","r03-c04:expanded-facade-max4m:31550:0:8","r03-c04:expanded-facade-max4m:31550:0:9"],"receiver_count":7,"periods":{"D":{"min":65.21785,"max":72.02483,"receiver_count":7,"unavailable_count":0},"E":{"min":62.999363,"max":69.80635,"receiver_count":7,"unavailable_count":0},"N":{"min":58.22815,"max":65.03513,"receiver_count":7,"unavailable_count":0}}}},{"type":"Feature","id":"lariac:394617887546","geometry":{"type":"Polygon","coordinates":[[[-118.5522771224093,34.17777726912555],[-118.55227563554973,34.1778373728556],[-118.5522863497714,34.17783757095236],[-118.55228556544151,34.177869065475065],[-118.55243357237558,34.17787157736812],[-118.55243584321028,34.17777995116542],[-118.5522771224093,34.17777726912555]]]},"properties":{"building_pk":31952,"building_key":"lariac:394617887546","source_tile":"r03-c04","source_tile_ids":["r03-c04"],"source_bld_id":"394617887546","height_m":3.868,"receiver_ids":[168147,168148,168149,168150],"receiver_keys":["r03-c04:expanded-facade-max4m:31952:0:10","r03-c04:expanded-facade-max4m:31952:0:7","r03-c04:expanded-facade-max4m:31952:0:8","r03-c04:expanded-facade-max4m:31952:0:9"],"receiver_count":4,"periods":{"D":{"min":65.71544,"max":65.8516,"receiver_count":4,"unavailable_count":0},"E":{"min":63.496952,"max":63.63311,"receiver_count":4,"unavailable_count":0},"N":{"min":58.72574,"max":58.861897,"receiver_count":4,"unavailable_count":0}}}},{"type":"Feature","id":"lariac:396375888318","geometry":{"type":"Polygon","coordinates":[[[-118.54648797402345,34.17998282456138],[-118.5465818047261,34.17998220852497],[-118.546581197566,34.17991975139907],[-118.54648739947564,34.179920367287934],[-118.54648797402345,34.17998282456138]]]},"properties":{"building_pk":32844,"building_key":"lariac:396375888318","source_tile":"r03-c04","source_tile_ids":["r03-c04"],"source_bld_id":"396375888318","height_m":4.788,"receiver_ids":[169247,169248,169249,169250,169251,169252],"receiver_keys":["r03-c04:expanded-facade-max4m:32844:0:1","r03-c04:expanded-facade-max4m:32844:0:2","r03-c04:expanded-facade-max4m:32844:0:3","r03-c04:expanded-facade-max4m:32844:0:4","r03-c04:expanded-facade-max4m:32844:0:7","r03-c04:expanded-facade-max4m:32844:0:8"],"receiver_count":6,"periods":{"D":{"min":60.556313,"max":65.49851,"receiver_count":6,"unavailable_count":0},"E":{"min":58.337826,"max":63.28003,"receiver_count":6,"unavailable_count":0},"N":{"min":53.566612,"max":58.508816,"receiver_count":6,"unavailable_count":0}}}},{"type":"Feature","id":"lariac:394928888279","geometry":{"type":"Polygon","coordinates":[[[-118.5514302759929,34.17979765508542],[-118.55143087168044,34.179795212790744],[-118.55142898865975,34.17979046753332],[-118.55135357802354,34.17979674619784],[-118.55135345156799,34.179792542873535],[-118.55133642684349,34.179792977494635],[-118.55133634598468,34.17979075195054],[-118.55127158464292,34.179792449053494],[-118.55127394933011,34.17985506314341],[-118.55133799219465,34.179849852390554],[-118.55133878361197,34.179856521111724],[-118.55133914781555,34.17985960183122],[-118.5514079492272,34.17985401233746],[-118.55141844550155,34.17984613276806],[-118.5514302759929,34.17979765508542]]]},"properties":{"building_pk":33046,"building_key":"lariac:394928888279","source_tile":"r03-c04","source_tile_ids":["r03-c04"],"source_bld_id":"394928888279","height_m":4.682,"receiver_ids":[169528,169529,169530,169531,169532,169533,169534,169535,169536],"receiver_keys":["r03-c04:expanded-facade-max4m:33046:0:1","r03-c04:expanded-facade-max4m:33046:0:10","r03-c04:expanded-facade-max4m:33046:0:11","r03-c04:expanded-facade-max4m:33046:0:2","r03-c04:expanded-facade-max4m:33046:0:3","r03-c04:expanded-facade-max4m:33046:0:4","r03-c04:expanded-facade-max4m:33046:0:5","r03-c04:expanded-facade-max4m:33046:0:7","r03-c04:expanded-facade-max4m:33046:0:9"],"receiver_count":9,"periods":{"D":{"min":56.69973,"max":63.343132,"receiver_count":9,"unavailable_count":0},"E":{"min":54.481243,"max":61.124645,"receiver_count":9,"unavailable_count":0},"N":{"min":49.71003,"max":56.35343,"receiver_count":9,"unavailable_count":0}}}},{"type":"Feature","id":"lariac:394522888053","geometry":{"type":"Polygon","coordinates":[[[-118.5526966168412,34.17928013659174],[-118.5527065657291,34.1792146363061],[-118.55271553211827,34.179215584324126],[-118.55271654518921,34.17920884786318],[-118.5527240558674,34.179209637550535],[-118.55273048799204,34.179167262619536],[-118.55271831170964,34.17916597226047],[-118.55271916735124,34.179160362547734],[-118.55254169150783,34.17914174520931],[-118.55253982222753,34.17915400934223],[-118.55252125996164,34.179152061161155],[-118.55251375029516,34.17920144780526],[-118.55252989724171,34.1792031329524],[-118.55252900923048,34.179208934840524],[-118.5525663313999,34.17921285914403],[-118.55255831476256,34.17926562799684],[-118.5526966168412,34.17928013659174]]]},"properties":{"building_pk":33196,"building_key":"lariac:394522888053","source_tile":"r03-c04","source_tile_ids":["r03-c04"],"source_bld_id":"394522888053","height_m":7.943,"receiver_ids":[169682,169683,169684,169685,169686,169687,169688,169689,169690,169691,169692,169693,169694,169695,169696,169697,169698],"receiver_keys":["r03-c04:expanded-facade-max4m:33196:0:1","r03-c04:expanded-facade-max4m:33196:0:10","r03-c04:expanded-facade-max4m:33196:0:11","r03-c04:expanded-facade-max4m:33196:0:12","r03-c04:expanded-facade-max4m:33196:0:13","r03-c04:expanded-facade-max4m:33196:0:14","r03-c04:expanded-facade-max4m:33196:0:15","r03-c04:expanded-facade-max4m:33196:0:16","r03-c04:expanded-facade-max4m:33196:0:17","r03-c04:expanded-facade-max4m:33196:0:2","r03-c04:expanded-facade-max4m:33196:0:3","r03-c04:expanded-facade-max4m:33196:0:4","r03-c04:expanded-facade-max4m:33196:0:5","r03-c04:expanded-facade-max4m:33196:0:6","r03-c04:expanded-facade-max4m:33196:0:7","r03-c04:expanded-facade-max4m:33196:0:8","r03-c04:expanded-facade-max4m:33196:0:9"],"receiver_count":17,"periods":{"D":{"min":51.5188,"max":64.11277,"receiver_count":17,"unavailable_count":0},"E":{"min":49.300312,"max":61.89428,"receiver_count":17,"unavailable_count":0},"N":{"min":44.5291,"max":57.123066,"receiver_count":17,"unavailable_count":0}}}},{"type":"Feature","id":"lariac:395830888342","geometry":{"type":"Polygon","coordinates":[[[-118.54837177618391,34.179956052538],[-118.54836737883765,34.17995609952203],[-118.54836714025822,34.17993991518276],[-118.5482838588612,34.17994084269465],[-118.5482840847979,34.17995510319623],[-118.54827651369465,34.17995519251245],[-118.548278256544,34.18006455182584],[-118.54837347290245,34.1800634881647],[-118.54837177618391,34.179956052538]]]},"properties":{"building_pk":33294,"building_key":"lariac:395830888342","source_tile":"r03-c04","source_tile_ids":["r03-c04"],"source_bld_id":"395830888342","height_m":5.477,"receiver_ids":[169772,169773,169774,169775,169776,169777,169781,169782,169783],"receiver_keys":["r03-c04:expanded-facade-max4m:33294:0:1","r03-c04:expanded-facade-max4m:33294:0:10","r03-c04:expanded-facade-max4m:33294:0:11","r03-c04:expanded-facade-max4m:33294:0:12","r03-c04:expanded-facade-max4m:33294:0:2","r03-c04:expanded-facade-max4m:33294:0:3","r03-c04:expanded-facade-max4m:33294:0:4","r03-c04:expanded-facade-max4m:33294:0:5","r03-c04:expanded-facade-max4m:33294:0:6"],"receiver_count":9,"periods":{"D":{"min":61.05264,"max":66.56603,"receiver_count":9,"unavailable_count":0},"E":{"min":58.834152,"max":64.34755,"receiver_count":9,"unavailable_count":0},"N":{"min":54.06294,"max":59.576336,"receiver_count":9,"unavailable_count":0}}}},{"type":"Feature","id":"lariac:394349887491","geometry":{"type":"Polygon","coordinates":[[[-118.55316435523157,34.177745350330525],[-118.55324602147196,34.177745416731945],[-118.55324607691287,34.17769400230808],[-118.55325669005366,34.17769400875225],[-118.55325666261506,34.17771983992526],[-118.55330969705805,34.17771989932173],[-118.55330987670503,34.17758733903079],[-118.55316456421788,34.17758720678397],[-118.55316435523157,34.177745350330525]]]},"properties":{"building_pk":33311,"building_key":"lariac:394349887491","source_tile":"r03-c04","source_tile_ids":["r03-c04"],"source_bld_id":"394349887491","height_m":7.8,"receiver_ids":[169811,169812,169813,169814,169815,169816,169817,169818,169819,169820,169821],"receiver_keys":["r03-c04:expanded-facade-max4m:33311:0:1","r03-c04:expanded-facade-max4m:33311:0:10","r03-c04:expanded-facade-max4m:33311:0:11","r03-c04:expanded-facade-max4m:33311:0:12","r03-c04:expanded-facade-max4m:33311:0:13","r03-c04:expanded-facade-max4m:33311:0:2","r03-c04:expanded-facade-max4m:33311:0:5","r03-c04:expanded-facade-max4m:33311:0:6","r03-c04:expanded-facade-max4m:33311:0:7","r03-c04:expanded-facade-max4m:33311:0:8","r03-c04:expanded-facade-max4m:33311:0:9"],"receiver_count":11,"periods":{"D":{"min":65.27803,"max":71.50418,"receiver_count":11,"unavailable_count":0},"E":{"min":63.05954,"max":69.2857,"receiver_count":11,"unavailable_count":0},"N":{"min":58.288326,"max":64.51449,"receiver_count":11,"unavailable_count":0}}}},{"type":"Feature","id":"lariac:394427887229","geometry":{"type":"Polygon","coordinates":[[[-118.55284697944279,34.176925422559925],[-118.55274134944848,34.1769260703539],[-118.55274176486633,34.17697393775165],[-118.5529956096684,34.17697236442012],[-118.55299487475615,34.17688624866396],[-118.55293572786351,34.176886601135685],[-118.55293576460136,34.17689215177587],[-118.55292736687763,34.17689219016961],[-118.55292729178908,34.176885925681646],[-118.55289879282752,34.1768861109664],[-118.55289885791416,34.17689086451184],[-118.55288493926213,34.17689095518855],[-118.55288503763514,34.17690090237843],[-118.55287505318363,34.176900975970106],[-118.55284697944279,34.176925422559925]]]},"properties":{"building_pk":33506,"building_key":"lariac:394427887229","source_tile":"r03-c04","source_tile_ids":["r03-c04"],"source_bld_id":"394427887229","height_m":8.568,"receiver_ids":[170065,170066,170067,170068,170069,170070,170071,170072,170073,170074,170075,170076,170077,170078,170079,170080,170081],"receiver_keys":["r03-c04:expanded-facade-max4m:33506:0:1","r03-c04:expanded-facade-max4m:33506:0:10","r03-c04:expanded-facade-max4m:33506:0:11","r03-c04:expanded-facade-max4m:33506:0:12","r03-c04:expanded-facade-max4m:33506:0:13","r03-c04:expanded-facade-max4m:33506:0:14","r03-c04:expanded-facade-max4m:33506:0:15","r03-c04:expanded-facade-max4m:33506:0:16","r03-c04:expanded-facade-max4m:33506:0:17","r03-c04:expanded-facade-max4m:33506:0:2","r03-c04:expanded-facade-max4m:33506:0:3","r03-c04:expanded-facade-max4m:33506:0:4","r03-c04:expanded-facade-max4m:33506:0:5","r03-c04:expanded-facade-max4m:33506:0:6","r03-c04:expanded-facade-max4m:33506:0:7","r03-c04:expanded-facade-max4m:33506:0:8","r03-c04:expanded-facade-max4m:33506:0:9"],"receiver_count":17,"periods":{"D":{"min":50.416576,"max":68.13819,"receiver_count":17,"unavailable_count":0},"E":{"min":48.19809,"max":65.9197,"receiver_count":17,"unavailable_count":0},"N":{"min":43.426876,"max":61.14849,"receiver_count":17,"unavailable_count":0}}}},{"type":"Feature","id":"lariac:394556886667","geometry":{"type":"Polygon","coordinates":[[[-118.55247211877246,34.17544103721118],[-118.55254184895908,34.17544146062073],[-118.55254268997396,34.17534360406698],[-118.5524729924094,34.17534318050921],[-118.55247211877246,34.17544103721118]]]},"properties":{"building_pk":33598,"building_key":"lariac:394556886667","source_tile":"r03-c04","source_tile_ids":["r03-c04"],"source_bld_id":"394556886667","height_m":5.166,"receiver_ids":[170211,170212,170213,170214,170215,170216,170217,170218,170219],"receiver_keys":["r03-c04:expanded-facade-max4m:33598:0:1","r03-c04:expanded-facade-max4m:33598:0:2","r03-c04:expanded-facade-max4m:33598:0:3","r03-c04:expanded-facade-max4m:33598:0:4","r03-c04:expanded-facade-max4m:33598:0:5","r03-c04:expanded-facade-max4m:33598:0:6","r03-c04:expanded-facade-max4m:33598:0:7","r03-c04:expanded-facade-max4m:33598:0:8","r03-c04:expanded-facade-max4m:33598:0:9"],"receiver_count":9,"periods":{"D":{"min":63.19454,"max":72.20871,"receiver_count":9,"unavailable_count":0},"E":{"min":60.97605,"max":69.99023,"receiver_count":9,"unavailable_count":0},"N":{"min":56.204838,"max":65.21901,"receiver_count":9,"unavailable_count":0}}}},{"type":"Feature","id":"lariac:394548887198","geometry":{"type":"Polygon","coordinates":[[[-118.5525358504465,34.17697886259998],[-118.55263116702751,34.17697840004894],[-118.55263549840937,34.17697348847769],[-118.55263728964324,34.1769443522989],[-118.55264853382383,34.176944823814004],[-118.55265247056043,34.176880092075464],[-118.55263841395386,34.17687949727899],[-118.55261955880079,34.176863041000246],[-118.5526153597554,34.17686303223916],[-118.5526154132001,34.17685602519292],[-118.55259689760324,34.17685597185862],[-118.55259713104162,34.17680631643842],[-118.5524912950656,34.176805975060255],[-118.55249086409091,34.176890723091184],[-118.55253629356037,34.17689087255998],[-118.5525358504465,34.17697886259998]]]},"properties":{"building_pk":33693,"building_key":"lariac:394548887198","source_tile":"r03-c04","source_tile_ids":["r03-c04"],"source_bld_id":"394548887198","height_m":8.623,"receiver_ids":[170330,170331,170332,170333,170334,170335,170336,170337,170338,170339,170340,170341,170342,170343,170344],"receiver_keys":["r03-c04:expanded-facade-max4m:33693:0:1","r03-c04:expanded-facade-max4m:33693:0:10","r03-c04:expanded-facade-max4m:33693:0:11","r03-c04:expanded-facade-max4m:33693:0:12","r03-c04:expanded-facade-max4m:33693:0:13","r03-c04:expanded-facade-max4m:33693:0:14","r03-c04:expanded-facade-max4m:33693:0:16","r03-c04:expanded-facade-max4m:33693:0:17","r03-c04:expanded-facade-max4m:33693:0:2","r03-c04:expanded-facade-max4m:33693:0:3","r03-c04:expanded-facade-max4m:33693:0:5","r03-c04:expanded-facade-max4m:33693:0:6","r03-c04:expanded-facade-max4m:33693:0:7","r03-c04:expanded-facade-max4m:33693:0:8","r03-c04:expanded-facade-max4m:33693:0:9"],"receiver_count":15,"periods":{"D":{"min":57.962048,"max":66.517525,"receiver_count":15,"unavailable_count":0},"E":{"min":55.743557,"max":64.299034,"receiver_count":15,"unavailable_count":0},"N":{"min":50.972347,"max":59.527824,"receiver_count":15,"unavailable_count":0}}}},{"type":"Feature","id":"lariac:393964886191","geometry":{"type":"Polygon","coordinates":[[[-118.55452749925024,34.17402316025728],[-118.55435783354973,34.174024103084],[-118.55435823356275,34.17407441553778],[-118.55434272852946,34.17407451455766],[-118.55434327265255,34.174141642857165],[-118.55449660703476,34.174140802880196],[-118.55449649395881,34.17412376601378],[-118.5545282982064,34.174123593140564],[-118.55452749925024,34.17402316025728]]]},"properties":{"building_pk":33716,"building_key":"lariac:393964886191","source_tile":"r03-c04","source_tile_ids":["r03-c04"],"source_bld_id":"393964886191","height_m":8.696,"receiver_ids":[170367,170368,170369,170370,170371,170372,170373,170374,170375,170376,170377,170378,170379,170380],"receiver_keys":["r03-c04:expanded-facade-max4m:33716:0:1","r03-c04:expanded-facade-max4m:33716:0:10","r03-c04:expanded-facade-max4m:33716:0:11","r03-c04:expanded-facade-max4m:33716:0:12","r03-c04:expanded-facade-max4m:33716:0:14","r03-c04:expanded-facade-max4m:33716:0:15","r03-c04:expanded-facade-max4m:33716:0:16","r03-c04:expanded-facade-max4m:33716:0:2","r03-c04:expanded-facade-max4m:33716:0:3","r03-c04:expanded-facade-max4m:33716:0:4","r03-c04:expanded-facade-max4m:33716:0:5","r03-c04:expanded-facade-max4m:33716:0:7","r03-c04:expanded-facade-max4m:33716:0:8","r03-c04:expanded-facade-max4m:33716:0:9"],"receiver_count":14,"periods":{"D":{"min":68.80011,"max":81.980965,"receiver_count":14,"unavailable_count":0},"E":{"min":66.58163,"max":79.76248,"receiver_count":14,"unavailable_count":0},"N":{"min":61.810413,"max":74.991264,"receiver_count":14,"unavailable_count":0}}}},{"type":"Feature","id":"lariac:2014121117410000","geometry":{"type":"Polygon","coordinates":[[[-118.55169354579161,34.17980685377401],[-118.55163205395867,34.179836810386604],[-118.55166583006807,34.17988472937258],[-118.55172733814163,34.17985476455492],[-118.55169354579161,34.17980685377401]]]},"properties":{"building_pk":33857,"building_key":"lariac:2014121117410000","source_tile":"r03-c04","source_tile_ids":["r03-c04"],"source_bld_id":"2014121117410000","height_m":5.087,"receiver_ids":[170513,170514,170515,170516,170517,170518,170519],"receiver_keys":["r03-c04:expanded-facade-max4m:33857:0:1","r03-c04:expanded-facade-max4m:33857:0:2","r03-c04:expanded-facade-max4m:33857:0:3","r03-c04:expanded-facade-max4m:33857:0:4","r03-c04:expanded-facade-max4m:33857:0:5","r03-c04:expanded-facade-max4m:33857:0:6","r03-c04:expanded-facade-max4m:33857:0:7"],"receiver_count":7,"periods":{"D":{"min":60.34217,"max":64.178795,"receiver_count":7,"unavailable_count":0},"E":{"min":58.123684,"max":61.96031,"receiver_count":7,"unavailable_count":0},"N":{"min":53.35247,"max":57.1891,"receiver_count":7,"unavailable_count":0}}}},{"type":"Feature","id":"lariac:394656888273","geometry":{"type":"Polygon","coordinates":[[[-118.5521762790802,34.17983800434445],[-118.5522388487777,34.17983837498986],[-118.55223879321674,34.1798109349404],[-118.5522370367926,34.179810906898496],[-118.55223742095531,34.17976399869734],[-118.55217691246946,34.17976364298265],[-118.5521762790802,34.17983800434445]]]},"properties":{"building_pk":38643,"building_key":"lariac:394656888273","source_tile":"r03-c04","source_tile_ids":["r03-c04"],"source_bld_id":"394656888273","height_m":4.231,"receiver_ids":[172871,172872,172873,172874,172875],"receiver_keys":["r03-c04:expanded-facade-max4m:38643:0:3","r03-c04:expanded-facade-max4m:38643:0:4","r03-c04:expanded-facade-max4m:38643:0:5","r03-c04:expanded-facade-max4m:38643:0:6","r03-c04:expanded-facade-max4m:38643:0:7"],"receiver_count":5,"periods":{"D":{"min":59.00581,"max":63.17119,"receiver_count":5,"unavailable_count":0},"E":{"min":56.787323,"max":60.9527,"receiver_count":5,"unavailable_count":0},"N":{"min":52.01611,"max":56.181488,"receiver_count":5,"unavailable_count":0}}}},{"type":"Feature","id":"lariac:395494888190","geometry":{"type":"Polygon","coordinates":[[[-118.549426927167,34.17962703700519],[-118.54947979292534,34.17960143369436],[-118.54944327878373,34.179549334362726],[-118.54939041304715,34.17957493765756],[-118.549426927167,34.17962703700519]]]},"properties":{"building_pk":38678,"building_key":"lariac:395494888190","source_tile":"r03-c04","source_tile_ids":["r03-c04"],"source_bld_id":"395494888190","height_m":5.297,"receiver_ids":[172990,172991,172992,172993,172994],"receiver_keys":["r03-c04:expanded-facade-max4m:38678:0:1","r03-c04:expanded-facade-max4m:38678:0:2","r03-c04:expanded-facade-max4m:38678:0:5","r03-c04:expanded-facade-max4m:38678:0:6","r03-c04:expanded-facade-max4m:38678:0:7"],"receiver_count":5,"periods":{"D":{"min":56.264282,"max":64.66565,"receiver_count":5,"unavailable_count":0},"E":{"min":54.045795,"max":62.447163,"receiver_count":5,"unavailable_count":0},"N":{"min":49.274582,"max":57.67595,"receiver_count":5,"unavailable_count":0}}}},{"type":"Feature","id":"lariac:395695888338","geometry":{"type":"Polygon","coordinates":[[[-118.54885747381358,34.18005524695453],[-118.54886771073609,34.18004813870336],[-118.54886823552899,34.180032417900165],[-118.54885825042962,34.180022378541175],[-118.54887464985751,34.18002235911258],[-118.54887459885296,34.180004524998445],[-118.54889486627381,34.18000446096696],[-118.5488946237487,34.17993238451737],[-118.54887425745655,34.179932421951264],[-118.54887429464847,34.17993808257795],[-118.54864787646581,34.17993861494998],[-118.54864814867547,34.18002036393107],[-118.54868068357797,34.180020271331884],[-118.54868081623452,34.180055663548494],[-118.54885747381358,34.18005524695453]]]},"properties":{"building_pk":39299,"building_key":"lariac:395695888338","source_tile":"r03-c04","source_tile_ids":["r03-c04"],"source_bld_id":"395695888338","height_m":9.187,"receiver_ids":[173754,173755,173756,173757,173758,173759],"receiver_keys":["r03-c04:expanded-facade-max4m:39299:0:11","r03-c04:expanded-facade-max4m:39299:0:12","r03-c04:expanded-facade-max4m:39299:0:13","r03-c04:expanded-facade-max4m:39299:0:3","r03-c04:expanded-facade-max4m:39299:0:4","r03-c04:expanded-facade-max4m:39299:0:5"],"receiver_count":6,"periods":{"D":{"min":63.75171,"max":66.754684,"receiver_count":6,"unavailable_count":0},"E":{"min":61.533222,"max":64.5362,"receiver_count":6,"unavailable_count":0},"N":{"min":56.76201,"max":59.764988,"receiver_count":6,"unavailable_count":0}}}},{"type":"Feature","id":"lariac:394535887645","geometry":{"type":"Polygon","coordinates":[[[-118.55276428438525,34.17812880951755],[-118.55277348723816,34.17806059177536],[-118.55270040630265,34.17805378103459],[-118.55270132083089,34.17804707207043],[-118.55271289999364,34.17804814608403],[-118.55271904482564,34.17800252961193],[-118.55257040089339,34.17798870028601],[-118.5525541709552,34.1781092423897],[-118.55276428438525,34.17812880951755]]]},"properties":{"building_pk":39396,"building_key":"lariac:394535887645","source_tile":"r03-c04","source_tile_ids":["r03-c04"],"source_bld_id":"394535887645","height_m":7.772,"receiver_ids":[173850,173851,173852,173853,173854,173855,173856,173857,173858,173859,173860,173861,173862,173863,173864],"receiver_keys":["r03-c04:expanded-facade-max4m:39396:0:1","r03-c04:expanded-facade-max4m:39396:0:10","r03-c04:expanded-facade-max4m:39396:0:11","r03-c04:expanded-facade-max4m:39396:0:12","r03-c04:expanded-facade-max4m:39396:0:13","r03-c04:expanded-facade-max4m:39396:0:14","r03-c04:expanded-facade-max4m:39396:0:15","r03-c04:expanded-facade-max4m:39396:0:16","r03-c04:expanded-facade-max4m:39396:0:17","r03-c04:expanded-facade-max4m:39396:0:18","r03-c04:expanded-facade-max4m:39396:0:3","r03-c04:expanded-facade-max4m:39396:0:5","r03-c04:expanded-facade-max4m:39396:0:6","r03-c04:expanded-facade-max4m:39396:0:7","r03-c04:expanded-facade-max4m:39396:0:8"],"receiver_count":15,"periods":{"D":{"min":53.788166,"max":64.61778,"receiver_count":15,"unavailable_count":0},"E":{"min":51.56968,"max":62.399292,"receiver_count":15,"unavailable_count":0},"N":{"min":46.798466,"max":57.62808,"receiver_count":15,"unavailable_count":0}}}},{"type":"Feature","id":"lariac:393971886409","geometry":{"type":"Polygon","coordinates":[[[-118.55449465338312,34.174603615115274],[-118.55436676544913,34.17460285540396],[-118.55436670448557,34.1746085435266],[-118.55435612391179,34.17460848203812],[-118.55435557732153,34.17467061537281],[-118.55435045298488,34.17467058386751],[-118.55434987176207,34.17473747030263],[-118.55449346501861,34.1747383509562],[-118.55449465338312,34.174603615115274]]]},"properties":{"building_pk":39428,"building_key":"lariac:393971886409","source_tile":"r03-c04","source_tile_ids":["r03-c04"],"source_bld_id":"393971886409","height_m":8.827,"receiver_ids":[173868,173869,173870,173871,173872,173873,173874],"receiver_keys":["r03-c04:expanded-facade-max4m:39428:0:12","r03-c04:expanded-facade-max4m:39428:0:13","r03-c04:expanded-facade-max4m:39428:0:14","r03-c04:expanded-facade-max4m:39428:0:15","r03-c04:expanded-facade-max4m:39428:0:5","r03-c04:expanded-facade-max4m:39428:0:7","r03-c04:expanded-facade-max4m:39428:0:8"],"receiver_count":7,"periods":{"D":{"min":69.871124,"max":72.21361,"receiver_count":7,"unavailable_count":0},"E":{"min":67.65263,"max":69.995125,"receiver_count":7,"unavailable_count":0},"N":{"min":62.88142,"max":65.22391,"receiver_count":7,"unavailable_count":0}}}},{"type":"Feature","id":"lariac:393978887536","geometry":{"type":"Polygon","coordinates":[[[-118.55450281538471,34.17782583515347],[-118.55450015312194,34.177713678110614],[-118.55433845967306,34.17771631528927],[-118.55433942319176,34.17775689749855],[-118.55432216676022,34.17775716862132],[-118.55432386437322,34.17782877141066],[-118.55450281538471,34.17782583515347]]]},"properties":{"building_pk":39453,"building_key":"lariac:393978887536","source_tile":"r03-c04","source_tile_ids":["r03-c04"],"source_bld_id":"393978887536","height_m":8.403,"receiver_ids":[173959,173960,173961,173962,173963,173964,173965,173966,173967,173968],"receiver_keys":["r03-c04:expanded-facade-max4m:39453:0:1","r03-c04:expanded-facade-max4m:39453:0:10","r03-c04:expanded-facade-max4m:39453:0:11","r03-c04:expanded-facade-max4m:39453:0:2","r03-c04:expanded-facade-max4m:39453:0:3","r03-c04:expanded-facade-max4m:39453:0:4","r03-c04:expanded-facade-max4m:39453:0:5","r03-c04:expanded-facade-max4m:39453:0:6","r03-c04:expanded-facade-max4m:39453:0:7","r03-c04:expanded-facade-max4m:39453:0:8"],"receiver_count":10,"periods":{"D":{"min":53.19809,"max":65.62107,"receiver_count":10,"unavailable_count":0},"E":{"min":50.979603,"max":63.402584,"receiver_count":10,"unavailable_count":0},"N":{"min":46.20839,"max":58.63137,"receiver_count":10,"unavailable_count":0}}}},{"type":"Feature","id":"lariac:393972886570","geometry":{"type":"Polygon","coordinates":[[[-118.55449490232046,34.17504462692711],[-118.55436844263876,34.17504490375275],[-118.55436847090455,34.175049163420226],[-118.55435646989777,34.17504919048309],[-118.55435668340417,34.175116349148254],[-118.55435248463189,34.17511636839452],[-118.55435269984613,34.17517871731289],[-118.55449536060975,34.175178393271025],[-118.55449490232046,34.17504462692711]]]},"properties":{"building_pk":39723,"building_key":"lariac:393972886570","source_tile":"r03-c04","source_tile_ids":["r03-c04"],"source_bld_id":"393972886570","height_m":9.101,"receiver_ids":[174269,174270,174271,174272,174273,174274,174275,174276],"receiver_keys":["r03-c04:expanded-facade-max4m:39723:0:11","r03-c04:expanded-facade-max4m:39723:0:12","r03-c04:expanded-facade-max4m:39723:0:13","r03-c04:expanded-facade-max4m:39723:0:14","r03-c04:expanded-facade-max4m:39723:0:4","r03-c04:expanded-facade-max4m:39723:0:5","r03-c04:expanded-facade-max4m:39723:0:6","r03-c04:expanded-facade-max4m:39723:0:7"],"receiver_count":8,"periods":{"D":{"min":66.1234,"max":68.46945,"receiver_count":8,"unavailable_count":0},"E":{"min":63.90491,"max":66.25096,"receiver_count":8,"unavailable_count":0},"N":{"min":59.133698,"max":61.479748,"receiver_count":8,"unavailable_count":0}}}},{"type":"Feature","id":"lariac:395963888284","geometry":{"type":"Polygon","coordinates":[[[-118.54777311492515,34.17975324852986],[-118.54777576711278,34.179809816521235],[-118.54776942032456,34.17981001024904],[-118.5477750367574,34.17993037069421],[-118.54797103034498,34.179924042039595],[-118.5479627614976,34.179747141563375],[-118.54777311492515,34.17975324852986]]]},"properties":{"building_pk":40327,"building_key":"lariac:395963888284","source_tile":"r03-c04","source_tile_ids":["r03-c04"],"source_bld_id":"395963888284","height_m":8.806,"receiver_ids":[175110,175111,175112,175113,175114,175115,175116,175117,175118,175119,175120,175121,175122,175123,175124,175125],"receiver_keys":["r03-c04:expanded-facade-max4m:40327:0:1","r03-c04:expanded-facade-max4m:40327:0:10","r03-c04:expanded-facade-max4m:40327:0:11","r03-c04:expanded-facade-max4m:40327:0:12","r03-c04:expanded-facade-max4m:40327:0:13","r03-c04:expanded-facade-max4m:40327:0:14","r03-c04:expanded-facade-max4m:40327:0:15","r03-c04:expanded-facade-max4m:40327:0:16","r03-c04:expanded-facade-max4m:40327:0:17","r03-c04:expanded-facade-max4m:40327:0:18","r03-c04:expanded-facade-max4m:40327:0:19","r03-c04:expanded-facade-max4m:40327:0:2","r03-c04:expanded-facade-max4m:40327:0:3","r03-c04:expanded-facade-max4m:40327:0:4","r03-c04:expanded-facade-max4m:40327:0:5","r03-c04:expanded-facade-max4m:40327:0:6"],"receiver_count":16,"periods":{"D":{"min":51.25957,"max":65.7212,"receiver_count":16,"unavailable_count":0},"E":{"min":49.041084,"max":63.50271,"receiver_count":16,"unavailable_count":0},"N":{"min":44.26987,"max":58.731495,"receiver_count":16,"unavailable_count":0}}}},{"type":"Feature","id":"lariac:394384887633","geometry":{"type":"Polygon","coordinates":[[[-118.55299937895442,34.177971296126124],[-118.55299626142505,34.17809977503382],[-118.5530889480332,34.17810133008912],[-118.5530888695236,34.17810454535516],[-118.5531416773589,34.17810540282789],[-118.5531446062012,34.17798351957498],[-118.55314444132509,34.17798352032906],[-118.55314534454403,34.17794512844158],[-118.55306271067181,34.17794377448328],[-118.55306149009307,34.17799420433915],[-118.55305087582202,34.17799403290018],[-118.5530514252375,34.17797215712],[-118.55299937895442,34.177971296126124]]]},"properties":{"building_pk":40796,"building_key":"lariac:394384887633","source_tile":"r03-c04","source_tile_ids":["r03-c04"],"source_bld_id":"394384887633","height_m":8.745,"receiver_ids":[175560,175561,175562,175563,175564,175565],"receiver_keys":["r03-c04:expanded-facade-max4m:40796:0:13","r03-c04:expanded-facade-max4m:40796:0:14","r03-c04:expanded-facade-max4m:40796:0:17","r03-c04:expanded-facade-max4m:40796:0:5","r03-c04:expanded-facade-max4m:40796:0:6","r03-c04:expanded-facade-max4m:40796:0:7"],"receiver_count":6,"periods":{"D":{"min":61.080845,"max":64.53502,"receiver_count":6,"unavailable_count":0},"E":{"min":58.86236,"max":62.316536,"receiver_count":6,"unavailable_count":0},"N":{"min":54.091145,"max":57.545322,"receiver_count":6,"unavailable_count":0}}}},{"type":"Feature","id":"lariac:2014121117480000","geometry":{"type":"Polygon","coordinates":[[[-118.55074598082322,34.18003524670331],[-118.55077824241987,34.18004026203229],[-118.55078248855548,34.18002139320934],[-118.55081888193327,34.18002705054334],[-118.55083273641863,34.17996549131187],[-118.55076408149998,34.17995481865787],[-118.55074598082322,34.18003524670331]]]},"properties":{"building_pk":41374,"building_key":"lariac:2014121117480000","source_tile":"r03-c04","source_tile_ids":["r03-c04"],"source_bld_id":"2014121117480000","height_m":4.621,"receiver_ids":[176211,176212,176213,176214],"receiver_keys":["r03-c04:expanded-facade-max4m:41374:0:4","r03-c04:expanded-facade-max4m:41374:0:5","r03-c04:expanded-facade-max4m:41374:0:6","r03-c04:expanded-facade-max4m:41374:0:7"],"receiver_count":4,"periods":{"D":{"min":59.055923,"max":62.202423,"receiver_count":4,"unavailable_count":0},"E":{"min":56.837437,"max":59.983936,"receiver_count":4,"unavailable_count":0},"N":{"min":52.066223,"max":55.212723,"receiver_count":4,"unavailable_count":0}}}},{"type":"Feature","id":"lariac:201700286202","geometry":{"type":"Polygon","coordinates":[[[-118.54853004063315,34.17939201945474],[-118.5485307112206,34.17944954213864],[-118.54860620454699,34.17944893466957],[-118.54860553403776,34.17939143181942],[-118.54853004063315,34.17939201945474]]]},"properties":{"building_pk":41716,"building_key":"lariac:201700286202","source_tile":"r03-c04","source_tile_ids":["r03-c04"],"source_bld_id":"201700286202","height_m":4.118,"receiver_ids":[176564,176565,176566,176567,176568],"receiver_keys":["r03-c04:expanded-facade-max4m:41716:0:1","r03-c04:expanded-facade-max4m:41716:0:2","r03-c04:expanded-facade-max4m:41716:0:3","r03-c04:expanded-facade-max4m:41716:0:4","r03-c04:expanded-facade-max4m:41716:0:5"],"receiver_count":5,"periods":{"D":{"min":62.710926,"max":65.39418,"receiver_count":5,"unavailable_count":0},"E":{"min":60.49244,"max":63.175694,"receiver_count":5,"unavailable_count":0},"N":{"min":55.721226,"max":58.40448,"receiver_count":5,"unavailable_count":0}}}},{"type":"Feature","id":"lariac:201700286222","geometry":{"type":"Polygon","coordinates":[[[-118.55162581081701,34.17971782690719],[-118.55169623963576,34.17971788160723],[-118.55169631243064,34.17965351011433],[-118.55162588350547,34.179653431073426],[-118.55162581081701,34.17971782690719]]]},"properties":{"building_pk":41717,"building_key":"lariac:201700286222","source_tile":"r03-c04","source_tile_ids":["r03-c04"],"source_bld_id":"201700286222","height_m":4.602,"receiver_ids":[176569,176570,176571,176572],"receiver_keys":["r03-c04:expanded-facade-max4m:41717:0:1","r03-c04:expanded-facade-max4m:41717:0:2","r03-c04:expanded-facade-max4m:41717:0:6","r03-c04:expanded-facade-max4m:41717:0:7"],"receiver_count":4,"periods":{"D":{"min":55.329536,"max":57.138264,"receiver_count":4,"unavailable_count":0},"E":{"min":53.111046,"max":54.919773,"receiver_count":4,"unavailable_count":0},"N":{"min":48.339836,"max":50.148563,"receiver_count":4,"unavailable_count":0}}}},{"type":"Feature","id":"lariac:394143887520","geometry":{"type":"Polygon","coordinates":[[[-118.55382729815862,34.17778482686842],[-118.55398784475653,34.17778376160966],[-118.55398829483472,34.17779029123682],[-118.55404610466091,34.177790232872646],[-118.55404521825963,34.177715460140575],[-118.55402415902681,34.177715611607],[-118.55402419638739,34.17772124518642],[-118.55398260490135,34.177721517746534],[-118.55398216207155,34.17767469536485],[-118.55382624412823,34.17767573942122],[-118.55382729815862,34.17778482686842]]]},"properties":{"building_pk":46128,"building_key":"lariac:394143887520","source_tile":"r03-c04","source_tile_ids":["r03-c04"],"source_bld_id":"394143887520","height_m":9.101,"receiver_ids":[178188,178189,178190,178191,178192,178193,178194,178195,178196,178197,178198,178199,178200,178201,178202,178203,178204],"receiver_keys":["r03-c04:expanded-facade-max4m:46128:0:1","r03-c04:expanded-facade-max4m:46128:0:10","r03-c04:expanded-facade-max4m:46128:0:11","r03-c04:expanded-facade-max4m:46128:0:12","r03-c04:expanded-facade-max4m:46128:0:13","r03-c04:expanded-facade-max4m:46128:0:14","r03-c04:expanded-facade-max4m:46128:0:15","r03-c04:expanded-facade-max4m:46128:0:16","r03-c04:expanded-facade-max4m:46128:0:17","r03-c04:expanded-facade-max4m:46128:0:2","r03-c04:expanded-facade-max4m:46128:0:3","r03-c04:expanded-facade-max4m:46128:0:4","r03-c04:expanded-facade-max4m:46128:0:5","r03-c04:expanded-facade-max4m:46128:0:6","r03-c04:expanded-facade-max4m:46128:0:7","r03-c04:expanded-facade-max4m:46128:0:8","r03-c04:expanded-facade-max4m:46128:0:9"],"receiver_count":17,"periods":{"D":{"min":57.502663,"max":67.65931,"receiver_count":17,"unavailable_count":0},"E":{"min":55.284172,"max":65.44082,"receiver_count":17,"unavailable_count":0},"N":{"min":50.512962,"max":60.669605,"receiver_count":17,"unavailable_count":0}}}},{"type":"Feature","id":"lariac:394022886973","geometry":{"type":"Polygon","coordinates":[[[-118.55426450579253,34.176237397559916],[-118.55429013267945,34.17623794004025],[-118.55429089438067,34.17621328742529],[-118.5542652675013,34.176212744945126],[-118.55426450579253,34.176237397559916]]]},"properties":{"building_pk":46148,"building_key":"lariac:394022886973","source_tile":"r03-c04","source_tile_ids":["r03-c04"],"source_bld_id":"394022886973","height_m":3.146,"receiver_ids":[178216,178217,178218,178219],"receiver_keys":["r03-c04:expanded-facade-max4m:46148:0:1","r03-c04:expanded-facade-max4m:46148:0:2","r03-c04:expanded-facade-max4m:46148:0:3","r03-c04:expanded-facade-max4m:46148:0:4"],"receiver_count":4,"periods":{"D":{"min":63.01815,"max":67.09375,"receiver_count":4,"unavailable_count":0},"E":{"min":60.79966,"max":64.87526,"receiver_count":4,"unavailable_count":0},"N":{"min":56.02845,"max":60.10405,"receiver_count":4,"unavailable_count":0}}}},{"type":"Feature","id":"lariac:395945888206","geometry":{"type":"Polygon","coordinates":[[[-118.54820155326786,34.179556535942176],[-118.54788129581347,34.179556146183735],[-118.54788101162791,34.17971940087259],[-118.5481605679625,34.17971975513496],[-118.54816079238958,34.17959277343807],[-118.54820149425089,34.17959283598035],[-118.54820155326786,34.179556535942176]]]},"properties":{"building_pk":46166,"building_key":"lariac:395945888206","source_tile":"r03-c04","source_tile_ids":["r03-c04"],"source_bld_id":"395945888206","height_m":11.558,"receiver_ids":[178242,178243,178244,178245,178246,178247,178248,178249,178250,178251,178252,178253,178254,178255,178256,178257,178258,178259,178260,178261,178262,178263,178264,178265],"receiver_keys":["r03-c04:expanded-facade-max4m:46166:0:1","r03-c04:expanded-facade-max4m:46166:0:10","r03-c04:expanded-facade-max4m:46166:0:11","r03-c04:expanded-facade-max4m:46166:0:12","r03-c04:expanded-facade-max4m:46166:0:13","r03-c04:expanded-facade-max4m:46166:0:14","r03-c04:expanded-facade-max4m:46166:0:15","r03-c04:expanded-facade-max4m:46166:0:16","r03-c04:expanded-facade-max4m:46166:0:17","r03-c04:expanded-facade-max4m:46166:0:18","r03-c04:expanded-facade-max4m:46166:0:19","r03-c04:expanded-facade-max4m:46166:0:2","r03-c04:expanded-facade-max4m:46166:0:20","r03-c04:expanded-facade-max4m:46166:0:21","r03-c04:expanded-facade-max4m:46166:0:22","r03-c04:expanded-facade-max4m:46166:0:23","r03-c04:expanded-facade-max4m:46166:0:24","r03-c04:expanded-facade-max4m:46166:0:3","r03-c04:expanded-facade-max4m:46166:0:4","r03-c04:expanded-facade-max4m:46166:0:5","r03-c04:expanded-facade-max4m:46166:0:6","r03-c04:expanded-facade-max4m:46166:0:7","r03-c04:expanded-facade-max4m:46166:0:8","r03-c04:expanded-facade-max4m:46166:0:9"],"receiver_count":24,"periods":{"D":{"min":51.22276,"max":62.71561,"receiver_count":24,"unavailable_count":0},"E":{"min":49.004272,"max":60.49712,"receiver_count":24,"unavailable_count":0},"N":{"min":44.23306,"max":55.72591,"receiver_count":24,"unavailable_count":0}}}},{"type":"Feature","id":"lariac:394190886740","geometry":{"type":"Polygon","coordinates":[[[-118.55374723408966,34.1755923591087],[-118.55374612806801,34.17557016093955],[-118.55368967093344,34.175572123346775],[-118.55369077694012,34.1755943215165],[-118.55374723408966,34.1755923591087]]]},"properties":{"building_pk":46199,"building_key":"lariac:394190886740","source_tile":"r03-c04","source_tile_ids":["r03-c04"],"source_bld_id":"394190886740","height_m":3.356,"receiver_ids":[178283,178284,178285,178286],"receiver_keys":["r03-c04:expanded-facade-max4m:46199:0:1","r03-c04:expanded-facade-max4m:46199:0:2","r03-c04:expanded-facade-max4m:46199:0:3","r03-c04:expanded-facade-max4m:46199:0:4"],"receiver_count":4,"periods":{"D":{"min":71.407555,"max":72.55868,"receiver_count":4,"unavailable_count":0},"E":{"min":69.189064,"max":70.34019,"receiver_count":4,"unavailable_count":0},"N":{"min":64.417854,"max":65.56898,"receiver_count":4,"unavailable_count":0}}}},{"type":"Feature","id":"lariac:394982888282","geometry":{"type":"Polygon","coordinates":[[[-118.55125538263974,34.17982287338804],[-118.55122983543392,34.1798240482398],[-118.55122807276791,34.179797428263285],[-118.55116431229017,34.17980038471206],[-118.55116423578984,34.17979881907838],[-118.55109687272358,34.179801928943846],[-118.55110076197955,34.179860194252804],[-118.55123023302377,34.17985421840834],[-118.5512303795015,34.179856360711376],[-118.55125545395691,34.179855215962164],[-118.55125538263974,34.17982287338804]]]},"properties":{"building_pk":46209,"building_key":"lariac:394982888282","source_tile":"r03-c04","source_tile_ids":["r03-c04"],"source_bld_id":"394982888282","height_m":4.27,"receiver_ids":[178313,178314,178315,178316,178317,178318,178319,178320,178321],"receiver_keys":["r03-c04:expanded-facade-max4m:46209:0:10","r03-c04:expanded-facade-max4m:46209:0:2","r03-c04:expanded-facade-max4m:46209:0:3","r03-c04:expanded-facade-max4m:46209:0:4","r03-c04:expanded-facade-max4m:46209:0:5","r03-c04:expanded-facade-max4m:46209:0:6","r03-c04:expanded-facade-max4m:46209:0:7","r03-c04:expanded-facade-max4m:46209:0:8","r03-c04:expanded-facade-max4m:46209:0:9"],"receiver_count":9,"periods":{"D":{"min":58.459682,"max":60.97513,"receiver_count":9,"unavailable_count":0},"E":{"min":56.241196,"max":58.75664,"receiver_count":9,"unavailable_count":0},"N":{"min":51.469982,"max":53.98543,"receiver_count":9,"unavailable_count":0}}}},{"type":"Feature","id":"lariac:394514886466","geometry":{"type":"Polygon","coordinates":[[[-118.55269054825405,34.17485456913319],[-118.55268999837566,34.174816375920805],[-118.55261263791782,34.17481711439528],[-118.55261315539967,34.17485533480225],[-118.55269054825405,34.17485456913319]]]},"properties":{"building_pk":46218,"building_key":"lariac:394514886466","source_tile":"r03-c04","source_tile_ids":["r03-c04"],"source_bld_id":"394514886466","height_m":2.972,"receiver_ids":[178330,178331,178332,178333,178334],"receiver_keys":["r03-c04:expanded-facade-max4m:46218:0:2","r03-c04:expanded-facade-max4m:46218:0:3","r03-c04:expanded-facade-max4m:46218:0:4","r03-c04:expanded-facade-max4m:46218:0:5","r03-c04:expanded-facade-max4m:46218:0:6"],"receiver_count":5,"periods":{"D":{"min":74.55411,"max":75.15543,"receiver_count":5,"unavailable_count":0},"E":{"min":72.33562,"max":72.93694,"receiver_count":5,"unavailable_count":0},"N":{"min":67.56441,"max":68.16573,"receiver_count":5,"unavailable_count":0}}}},{"type":"Feature","id":"lariac:394169886919","geometry":{"type":"Polygon","coordinates":[[[-118.55374301515278,34.17601335814943],[-118.55374547081009,34.176129363939175],[-118.55380953890202,34.17612841154543],[-118.55380981772613,34.176140527925874],[-118.55395309650552,34.17613844278816],[-118.5539525640636,34.176113110028304],[-118.55402056719888,34.17611211155071],[-118.55401926795908,34.17605081158646],[-118.55385304660645,34.17605324889598],[-118.55385280012261,34.176040939437094],[-118.55383865021956,34.17604114127158],[-118.55383802723004,34.17601196203644],[-118.55374301515278,34.17601335814943]]]},"properties":{"building_pk":46386,"building_key":"lariac:394169886919","source_tile":"r03-c04","source_tile_ids":["r03-c04"],"source_bld_id":"394169886919","height_m":5.928,"receiver_ids":[178497,178498,178499,178500,178501,178502,178503,178504,178505,178506,178507,178508,178509,178510,178511,178512,178513,178514,178515],"receiver_keys":["r03-c04:expanded-facade-max4m:46386:0:1","r03-c04:expanded-facade-max4m:46386:0:10","r03-c04:expanded-facade-max4m:46386:0:11","r03-c04:expanded-facade-max4m:46386:0:12","r03-c04:expanded-facade-max4m:46386:0:13","r03-c04:expanded-facade-max4m:46386:0:14","r03-c04:expanded-facade-max4m:46386:0:15","r03-c04:expanded-facade-max4m:46386:0:16","r03-c04:expanded-facade-max4m:46386:0:18","r03-c04:expanded-facade-max4m:46386:0:19","r03-c04:expanded-facade-max4m:46386:0:2","r03-c04:expanded-facade-max4m:46386:0:20","r03-c04:expanded-facade-max4m:46386:0:3","r03-c04:expanded-facade-max4m:46386:0:4","r03-c04:expanded-facade-max4m:46386:0:5","r03-c04:expanded-facade-max4m:46386:0:6","r03-c04:expanded-facade-max4m:46386:0:7","r03-c04:expanded-facade-max4m:46386:0:8","r03-c04:expanded-facade-max4m:46386:0:9"],"receiver_count":19,"periods":{"D":{"min":60.82813,"max":71.43924,"receiver_count":19,"unavailable_count":0},"E":{"min":58.609642,"max":69.22075,"receiver_count":19,"unavailable_count":0},"N":{"min":53.83843,"max":64.44954,"receiver_count":19,"unavailable_count":0}}}},{"type":"Feature","id":"lariac:394523887446","geometry":{"type":"Polygon","coordinates":[[[-118.55270333247734,34.177566590262074],[-118.55277175272933,34.177568613463876],[-118.55277464363074,34.17750075453587],[-118.55256015582431,34.177494452907574],[-118.55255938397272,34.17751272983486],[-118.5525248272161,34.17751170578846],[-118.55252110735518,34.17759924379884],[-118.55255566523263,34.17760026784132],[-118.5525549470065,34.177616648575956],[-118.55270101374508,34.17762092701535],[-118.55270333247734,34.177566590262074]]]},"properties":{"building_pk":46521,"building_key":"lariac:394523887446","source_tile":"r03-c04","source_tile_ids":["r03-c04"],"source_bld_id":"394523887446","height_m":8.763,"receiver_ids":[178654,178655,178656,178657,178658,178659,178660,178661,178662,178663,178664,178665,178666,178667],"receiver_keys":["r03-c04:expanded-facade-max4m:46521:0:1","r03-c04:expanded-facade-max4m:46521:0:11","r03-c04:expanded-facade-max4m:46521:0:12","r03-c04:expanded-facade-max4m:46521:0:13","r03-c04:expanded-facade-max4m:46521:0:15","r03-c04:expanded-facade-max4m:46521:0:16","r03-c04:expanded-facade-max4m:46521:0:17","r03-c04:expanded-facade-max4m:46521:0:18","r03-c04:expanded-facade-max4m:46521:0:19","r03-c04:expanded-facade-max4m:46521:0:2","r03-c04:expanded-facade-max4m:46521:0:3","r03-c04:expanded-facade-max4m:46521:0:4","r03-c04:expanded-facade-max4m:46521:0:5","r03-c04:expanded-facade-max4m:46521:0:9"],"receiver_count":14,"periods":{"D":{"min":48.46862,"max":64.354195,"receiver_count":14,"unavailable_count":0},"E":{"min":46.250134,"max":62.135704,"receiver_count":14,"unavailable_count":0},"N":{"min":41.478924,"max":57.36449,"receiver_count":14,"unavailable_count":0}}}},{"type":"Feature","id":"lariac:396409888358","geometry":{"type":"Polygon","coordinates":[[[-118.54647845572549,34.18010976619725],[-118.54647856205767,34.18007560982099],[-118.54649975657803,34.180075651088806],[-118.54649992551533,34.180020555168745],[-118.54646157063709,34.180020453500816],[-118.54646171726188,34.17998217418189],[-118.54633336121543,34.17998190209972],[-118.54633323861023,34.18002386321536],[-118.54634815122284,34.180023905839725],[-118.54634813606957,34.18003684847371],[-118.5463590803526,34.180036854028636],[-118.54635899862639,34.18006482840627],[-118.5463454430144,34.180064779653264],[-118.54634530458223,34.18010946170023],[-118.54647845572549,34.18010976619725]]]},"properties":{"building_pk":46810,"building_key":"lariac:396409888358","source_tile":"r03-c04","source_tile_ids":["r03-c04"],"source_bld_id":"396409888358","height_m":5.307,"receiver_ids":[179039,179040,179041,179042,179043,179044,179045,179046,179047,179048],"receiver_keys":["r03-c04:expanded-facade-max4m:46810:0:10","r03-c04:expanded-facade-max4m:46810:0:11","r03-c04:expanded-facade-max4m:46810:0:12","r03-c04:expanded-facade-max4m:46810:0:3","r03-c04:expanded-facade-max4m:46810:0:4","r03-c04:expanded-facade-max4m:46810:0:5","r03-c04:expanded-facade-max4m:46810:0:6","r03-c04:expanded-facade-max4m:46810:0:7","r03-c04:expanded-facade-max4m:46810:0:8","r03-c04:expanded-facade-max4m:46810:0:9"],"receiver_count":10,"periods":{"D":{"min":62.2627,"max":67.17779,"receiver_count":10,"unavailable_count":0},"E":{"min":60.04421,"max":64.9593,"receiver_count":10,"unavailable_count":0},"N":{"min":55.273,"max":60.188084,"receiver_count":10,"unavailable_count":0}}}},{"type":"Feature","id":"lariac:396157888310","geometry":{"type":"Polygon","coordinates":[[[-118.5471664369264,34.179870747749845],[-118.54716720252446,34.179982501486926],[-118.54732081218827,34.17998180644612],[-118.54732004729222,34.17987002565951],[-118.5471664369264,34.179870747749845]]]},"properties":{"building_pk":46865,"building_key":"lariac:396157888310","source_tile":"r03-c04","source_tile_ids":["r03-c04"],"source_bld_id":"396157888310","height_m":5.8,"receiver_ids":[179093,179094,179095,179096,179097,179098,179099,179100],"receiver_keys":["r03-c04:expanded-facade-max4m:46865:0:1","r03-c04:expanded-facade-max4m:46865:0:10","r03-c04:expanded-facade-max4m:46865:0:2","r03-c04:expanded-facade-max4m:46865:0:3","r03-c04:expanded-facade-max4m:46865:0:4","r03-c04:expanded-facade-max4m:46865:0:5","r03-c04:expanded-facade-max4m:46865:0:8","r03-c04:expanded-facade-max4m:46865:0:9"],"receiver_count":8,"periods":{"D":{"min":51.789356,"max":64.688805,"receiver_count":8,"unavailable_count":0},"E":{"min":49.570866,"max":62.47032,"receiver_count":8,"unavailable_count":0},"N":{"min":44.799656,"max":57.69911,"receiver_count":8,"unavailable_count":0}}}},{"type":"Feature","id":"lariac:395482888265","geometry":{"type":"Polygon","coordinates":[[[-118.54941224953919,34.17973809187865],[-118.54941959388958,34.179748721077985],[-118.5494057499466,34.17975529581973],[-118.54941196003027,34.179764336242016],[-118.5494040163302,34.179768137175586],[-118.54945358944624,34.17984009951567],[-118.5494804858446,34.17982733677202],[-118.54949243598028,34.17984470391829],[-118.54954019636685,34.179821981671736],[-118.54954229930487,34.179825049988295],[-118.54959028999158,34.179802216686994],[-118.54957793938884,34.17978432847449],[-118.54957296190547,34.17978671494096],[-118.54952525843424,34.17971749206113],[-118.54948646397739,34.17973596876583],[-118.54946927207453,34.179710985748166],[-118.54941224953919,34.17973809187865]]]},"properties":{"building_pk":47096,"building_key":"lariac:395482888265","source_tile":"r03-c04","source_tile_ids":["r03-c04"],"source_bld_id":"395482888265","height_m":6.187,"receiver_ids":[179357,179358,179359,179360,179361,179362,179363,179364,179365,179366,179367],"receiver_keys":["r03-c04:expanded-facade-max4m:47096:0:10","r03-c04:expanded-facade-max4m:47096:0:11","r03-c04:expanded-facade-max4m:47096:0:13","r03-c04:expanded-facade-max4m:47096:0:14","r03-c04:expanded-facade-max4m:47096:0:2","r03-c04:expanded-facade-max4m:47096:0:3","r03-c04:expanded-facade-max4m:47096:0:4","r03-c04:expanded-facade-max4m:47096:0:6","r03-c04:expanded-facade-max4m:47096:0:7","r03-c04:expanded-facade-max4m:47096:0:8","r03-c04:expanded-facade-max4m:47096:0:9"],"receiver_count":11,"periods":{"D":{"min":57.871628,"max":62.872833,"receiver_count":11,"unavailable_count":0},"E":{"min":55.653137,"max":60.654346,"receiver_count":11,"unavailable_count":0},"N":{"min":50.881927,"max":55.883133,"receiver_count":11,"unavailable_count":0}}}},{"type":"Feature","id":"lariac:394146887171","geometry":{"type":"Polygon","coordinates":[[[-118.55389418620986,34.17678285070244],[-118.55389405408145,34.176747870486025],[-118.55383460863189,34.1767480056899],[-118.55383470801522,34.17678295900988],[-118.55389418620986,34.17678285070244]]]},"properties":{"building_pk":47128,"building_key":"lariac:394146887171","source_tile":"r03-c04","source_tile_ids":["r03-c04"],"source_bld_id":"394146887171","height_m":3.856,"receiver_ids":[179411,179412,179413,179414],"receiver_keys":["r03-c04:expanded-facade-max4m:47128:0:1","r03-c04:expanded-facade-max4m:47128:0:3","r03-c04:expanded-facade-max4m:47128:0:4","r03-c04:expanded-facade-max4m:47128:0:5"],"receiver_count":4,"periods":{"D":{"min":63.006264,"max":65.47449,"receiver_count":4,"unavailable_count":0},"E":{"min":60.787777,"max":63.255997,"receiver_count":4,"unavailable_count":0},"N":{"min":56.016563,"max":58.484787,"receiver_count":4,"unavailable_count":0}}}},{"type":"Feature","id":"lariac:394389887406","geometry":{"type":"Polygon","coordinates":[[[-118.55318689125731,34.1773489986984],[-118.55301382008739,34.177350889185114],[-118.55301500359748,34.17742480229152],[-118.55300584580685,34.17742489916007],[-118.5530065194684,34.177466691673175],[-118.55301326379639,34.1774666058403],[-118.55301361400277,34.177489522396435],[-118.55313673030145,34.1774881624116],[-118.55313672466067,34.177487310478014],[-118.55320420122416,34.177486561896096],[-118.55320316792042,34.17742028688857],[-118.55318802600473,34.177420439090774],[-118.55318689125731,34.1773489986984]]]},"properties":{"building_pk":47623,"building_key":"lariac:394389887406","source_tile":"r03-c04","source_tile_ids":["r03-c04"],"source_bld_id":"394389887406","height_m":8.592,"receiver_ids":[179876,179877,179878,179879,179880,179881,179882,179883,179884,179885,179886,179887,179888,179889,179890,179891,179892],"receiver_keys":["r03-c04:expanded-facade-max4m:47623:0:1","r03-c04:expanded-facade-max4m:47623:0:10","r03-c04:expanded-facade-max4m:47623:0:11","r03-c04:expanded-facade-max4m:47623:0:12","r03-c04:expanded-facade-max4m:47623:0:13","r03-c04:expanded-facade-max4m:47623:0:14","r03-c04:expanded-facade-max4m:47623:0:15","r03-c04:expanded-facade-max4m:47623:0:16","r03-c04:expanded-facade-max4m:47623:0:17","r03-c04:expanded-facade-max4m:47623:0:2","r03-c04:expanded-facade-max4m:47623:0:3","r03-c04:expanded-facade-max4m:47623:0:4","r03-c04:expanded-facade-max4m:47623:0:5","r03-c04:expanded-facade-max4m:47623:0:6","r03-c04:expanded-facade-max4m:47623:0:7","r03-c04:expanded-facade-max4m:47623:0:8","r03-c04:expanded-facade-max4m:47623:0:9"],"receiver_count":17,"periods":{"D":{"min":55.440777,"max":69.27682,"receiver_count":17,"unavailable_count":0},"E":{"min":53.22229,"max":67.05833,"receiver_count":17,"unavailable_count":0},"N":{"min":48.451077,"max":62.287117,"receiver_count":17,"unavailable_count":0}}}},{"type":"Feature","id":"lariac:394943888330","geometry":{"type":"Polygon","coordinates":[[[-118.55122423762148,34.17999282299796],[-118.55129356515752,34.179991820032086],[-118.55129346616607,34.179986846663766],[-118.55130258138165,34.17998715942132],[-118.55132155682794,34.17991707252265],[-118.5512879507092,34.17991756919778],[-118.55128837457676,34.179931663811224],[-118.55122255278816,34.17993295371544],[-118.55122423762148,34.17999282299796]]]},"properties":{"building_pk":47679,"building_key":"lariac:394943888330","source_tile":"r03-c04","source_tile_ids":["r03-c04"],"source_bld_id":"394943888330","height_m":4.63,"receiver_ids":[179961,179962,179963,179964,179965,179966],"receiver_keys":["r03-c04:expanded-facade-max4m:47679:0:3","r03-c04:expanded-facade-max4m:47679:0:4","r03-c04:expanded-facade-max4m:47679:0:5","r03-c04:expanded-facade-max4m:47679:0:7","r03-c04:expanded-facade-max4m:47679:0:8","r03-c04:expanded-facade-max4m:47679:0:9"],"receiver_count":6,"periods":{"D":{"min":60.40947,"max":64.31209,"receiver_count":6,"unavailable_count":0},"E":{"min":58.190983,"max":62.093597,"receiver_count":6,"unavailable_count":0},"N":{"min":53.41977,"max":57.322384,"receiver_count":6,"unavailable_count":0}}}},{"type":"Feature","id":"lariac:394173887956","geometry":{"type":"Polygon","coordinates":[[[-118.55391654652725,34.17899336206427],[-118.55391678648351,34.17890979681941],[-118.55385452533211,34.17890939497973],[-118.55385473841913,34.17888672376973],[-118.5538470339887,34.1788866490631],[-118.55384762755102,34.17882646735823],[-118.55383691392201,34.178826378483315],[-118.55383714370197,34.17880115222031],[-118.55378199117767,34.178800772785124],[-118.55378173339318,34.17882668615301],[-118.55377654154907,34.17882665493127],[-118.55377603673332,34.17888010439758],[-118.55375867754238,34.178879963903604],[-118.55375757052997,34.178992304101975],[-118.55391654652725,34.17899336206427]]]},"properties":{"building_pk":47694,"building_key":"lariac:394173887956","source_tile":"r03-c04","source_tile_ids":["r03-c04"],"source_bld_id":"394173887956","height_m":4.852,"receiver_ids":[180014,180015,180016,180017,180018,180019,180020,180021,180022,180023,180024,180025,180026],"receiver_keys":["r03-c04:expanded-facade-max4m:47694:0:1","r03-c04:expanded-facade-max4m:47694:0:10","r03-c04:expanded-facade-max4m:47694:0:11","r03-c04:expanded-facade-max4m:47694:0:12","r03-c04:expanded-facade-max4m:47694:0:13","r03-c04:expanded-facade-max4m:47694:0:14","r03-c04:expanded-facade-max4m:47694:0:15","r03-c04:expanded-facade-max4m:47694:0:2","r03-c04:expanded-facade-max4m:47694:0:3","r03-c04:expanded-facade-max4m:47694:0:4","r03-c04:expanded-facade-max4m:47694:0:6","r03-c04:expanded-facade-max4m:47694:0:7","r03-c04:expanded-facade-max4m:47694:0:9"],"receiver_count":13,"periods":{"D":{"min":53.047264,"max":69.88327,"receiver_count":13,"unavailable_count":0},"E":{"min":50.828777,"max":67.66478,"receiver_count":13,"unavailable_count":0},"N":{"min":46.057564,"max":62.89357,"receiver_count":13,"unavailable_count":0}}}},{"type":"Feature","id":"lariac:394390888068","geometry":{"type":"Polygon","coordinates":[[[-118.55303559369364,34.179196561839525],[-118.5530302282395,34.17924011383455],[-118.55304501547648,34.17924139222314],[-118.55304219142162,34.17926426830043],[-118.55304622788749,34.17926460685438],[-118.55304111401566,34.17930634379231],[-118.55317532886016,34.179317738565175],[-118.55318197992021,34.179263574014314],[-118.55324734966096,34.17926912783048],[-118.5532540017631,34.17921512825326],[-118.55303559369364,34.179196561839525]]]},"properties":{"building_pk":47911,"building_key":"lariac:394390888068","source_tile":"r03-c04","source_tile_ids":["r03-c04"],"source_bld_id":"394390888068","height_m":7.995,"receiver_ids":[180365,180366,180367,180368,180369,180370,180371],"receiver_keys":["r03-c04:expanded-facade-max4m:47911:0:1","r03-c04:expanded-facade-max4m:47911:0:10","r03-c04:expanded-facade-max4m:47911:0:11","r03-c04:expanded-facade-max4m:47911:0:12","r03-c04:expanded-facade-max4m:47911:0:3","r03-c04:expanded-facade-max4m:47911:0:4","r03-c04:expanded-facade-max4m:47911:0:8"],"receiver_count":7,"periods":{"D":{"min":56.496475,"max":70.41971,"receiver_count":7,"unavailable_count":0},"E":{"min":54.27799,"max":68.20122,"receiver_count":7,"unavailable_count":0},"N":{"min":49.506775,"max":63.430008,"receiver_count":7,"unavailable_count":0}}}},{"type":"Feature","id":"lariac:393985888192","geometry":{"type":"Polygon","coordinates":[[[-118.55424424503101,34.17949758660058],[-118.55424511719912,34.17953437733419],[-118.55423039297136,34.17954277057134],[-118.5542458530984,34.17955569728936],[-118.55424550676834,34.179573148267785],[-118.55428111981298,34.17957367203781],[-118.55428066741585,34.179595245363366],[-118.55432920994485,34.179595956886835],[-118.554329688674,34.17957344944039],[-118.55434764335224,34.179573724158416],[-118.55434768891796,34.17957061903073],[-118.55438307073489,34.17957111678422],[-118.55438244548544,34.17960145661854],[-118.55437116950034,34.17960131537399],[-118.55437056967094,34.17963041907442],[-118.55449963019099,34.179632300371516],[-118.55450109038713,34.179563513052656],[-118.55450575311383,34.179563574617255],[-118.55450705984111,34.179501410746994],[-118.55424424503101,34.17949758660058]]]},"properties":{"building_pk":48044,"building_key":"lariac:393985888192","source_tile":"r03-c04","source_tile_ids":["r03-c04"],"source_bld_id":"393985888192","height_m":6.608,"receiver_ids":[180479,180480,180481,180482,180483,180484,180485,180486,180487,180488,180489,180490,180491,180492,180493,180494,180495,180496,180497,180498],"receiver_keys":["r03-c04:expanded-facade-max4m:48044:0:1","r03-c04:expanded-facade-max4m:48044:0:10","r03-c04:expanded-facade-max4m:48044:0:11","r03-c04:expanded-facade-max4m:48044:0:12","r03-c04:expanded-facade-max4m:48044:0:13","r03-c04:expanded-facade-max4m:48044:0:14","r03-c04:expanded-facade-max4m:48044:0:15","r03-c04:expanded-facade-max4m:48044:0:16","r03-c04:expanded-facade-max4m:48044:0:17","r03-c04:expanded-facade-max4m:48044:0:18","r03-c04:expanded-facade-max4m:48044:0:19","r03-c04:expanded-facade-max4m:48044:0:2","r03-c04:expanded-facade-max4m:48044:0:20","r03-c04:expanded-facade-max4m:48044:0:21","r03-c04:expanded-facade-max4m:48044:0:22","r03-c04:expanded-facade-max4m:48044:0:3","r03-c04:expanded-facade-max4m:48044:0:5","r03-c04:expanded-facade-max4m:48044:0:7","r03-c04:expanded-facade-max4m:48044:0:8","r03-c04:expanded-facade-max4m:48044:0:9"],"receiver_count":20,"periods":{"D":{"min":53.253586,"max":65.4252,"receiver_count":20,"unavailable_count":0},"E":{"min":51.0351,"max":63.206715,"receiver_count":20,"unavailable_count":0},"N":{"min":46.263885,"max":58.4355,"receiver_count":20,"unavailable_count":0}}}},{"type":"Feature","id":"lariac:394529886976","geometry":{"type":"Polygon","coordinates":[[[-118.55254302641907,34.17617924209572],[-118.55254299042362,34.17618380407411],[-118.55251743282506,34.176183728808596],[-118.55251702478569,34.17626701983894],[-118.5525438384795,34.176267089365886],[-118.55254370774958,34.17629226107887],[-118.5526938137715,34.17629275711446],[-118.55270459577325,34.17628322720093],[-118.55270310192635,34.176252375069204],[-118.5526929843011,34.17624230868493],[-118.55274128547404,34.17624192295725],[-118.55274053085198,34.1761777076049],[-118.55254302641907,34.17617924209572]]]},"properties":{"building_pk":48085,"building_key":"lariac:394529886976","source_tile":"r03-c04","source_tile_ids":["r03-c04"],"source_bld_id":"394529886976","height_m":9.885,"receiver_ids":[180499,180500,180501,180502,180503,180504,180505],"receiver_keys":["r03-c04:expanded-facade-max4m:48085:0:1","r03-c04:expanded-facade-max4m:48085:0:11","r03-c04:expanded-facade-max4m:48085:0:12","r03-c04:expanded-facade-max4m:48085:0:17","r03-c04:expanded-facade-max4m:48085:0:2","r03-c04:expanded-facade-max4m:48085:0:3","r03-c04:expanded-facade-max4m:48085:0:9"],"receiver_count":7,"periods":{"D":{"min":62.28016,"max":68.10478,"receiver_count":7,"unavailable_count":0},"E":{"min":60.061672,"max":65.8863,"receiver_count":7,"unavailable_count":0},"N":{"min":55.29046,"max":61.11508,"receiver_count":7,"unavailable_count":0}}}},{"type":"Feature","id":"lariac:394156886617","geometry":{"type":"Polygon","coordinates":[[[-118.55397540372452,34.175204710323676],[-118.5537812540085,34.17520307156766],[-118.55377979324706,34.17532192523676],[-118.55395003930491,34.17532337147033],[-118.553950172387,34.175313505261265],[-118.55397467199117,34.175313723005345],[-118.55397505885423,34.17528225823808],[-118.55397062867284,34.17528222353685],[-118.5539708307598,34.17526787813946],[-118.55397463291305,34.17526791571751],[-118.55397540372452,34.175204710323676]]]},"properties":{"building_pk":48135,"building_key":"lariac:394156886617","source_tile":"r03-c04","source_tile_ids":["r03-c04"],"source_bld_id":"394156886617","height_m":8.845,"receiver_ids":[180531,180532,180533,180534,180535,180536,180537,180538,180539,180540,180541,180542,180543,180544,180545,180546],"receiver_keys":["r03-c04:expanded-facade-max4m:48135:0:1","r03-c04:expanded-facade-max4m:48135:0:10","r03-c04:expanded-facade-max4m:48135:0:11","r03-c04:expanded-facade-max4m:48135:0:12","r03-c04:expanded-facade-max4m:48135:0:13","r03-c04:expanded-facade-max4m:48135:0:14","r03-c04:expanded-facade-max4m:48135:0:15","r03-c04:expanded-facade-max4m:48135:0:16","r03-c04:expanded-facade-max4m:48135:0:2","r03-c04:expanded-facade-max4m:48135:0:3","r03-c04:expanded-facade-max4m:48135:0:4","r03-c04:expanded-facade-max4m:48135:0:5","r03-c04:expanded-facade-max4m:48135:0:6","r03-c04:expanded-facade-max4m:48135:0:7","r03-c04:expanded-facade-max4m:48135:0:8","r03-c04:expanded-facade-max4m:48135:0:9"],"receiver_count":16,"periods":{"D":{"min":59.762436,"max":71.74767,"receiver_count":16,"unavailable_count":0},"E":{"min":57.54395,"max":69.52918,"receiver_count":16,"unavailable_count":0},"N":{"min":52.772736,"max":64.75797,"receiver_count":16,"unavailable_count":0}}}},{"type":"Feature","id":"lariac:394086886960","geometry":{"type":"Polygon","coordinates":[[[-118.55405329804019,34.176201818531005],[-118.55407684176399,34.17620228765791],[-118.55407764490081,34.17617373297089],[-118.55405410118507,34.17617326384416],[-118.55405329804019,34.176201818531005]]]},"properties":{"building_pk":48520,"building_key":"lariac:394086886960","source_tile":"r03-c04","source_tile_ids":["r03-c04"],"source_bld_id":"394086886960","height_m":3.155,"receiver_ids":[180957,180958,180959,180960],"receiver_keys":["r03-c04:expanded-facade-max4m:48520:0:1","r03-c04:expanded-facade-max4m:48520:0:2","r03-c04:expanded-facade-max4m:48520:0:3","r03-c04:expanded-facade-max4m:48520:0:4"],"receiver_count":4,"periods":{"D":{"min":63.055325,"max":65.67438,"receiver_count":4,"unavailable_count":0},"E":{"min":60.836838,"max":63.45589,"receiver_count":4,"unavailable_count":0},"N":{"min":56.065624,"max":58.684677,"receiver_count":4,"unavailable_count":0}}}},{"type":"Feature","id":"lariac:2014121112000000","geometry":{"type":"Polygon","coordinates":[[[-118.55431321299996,34.17886945485936],[-118.55435342269543,34.17886961495218],[-118.5543538153755,34.17880128420283],[-118.55428146793085,34.17880099733152],[-118.55428119801857,34.17884794829453],[-118.55428107518563,34.1788693271791],[-118.55431321299996,34.17886945485936]]]},"properties":{"building_pk":48860,"building_key":"lariac:2014121112000000","source_tile":"r03-c04","source_tile_ids":["r03-c04"],"source_bld_id":"2014121112000000","height_m":3.527,"receiver_ids":[181244,181245,181246,181247,181248,181249],"receiver_keys":["r03-c04:expanded-facade-max4m:48860:0:1","r03-c04:expanded-facade-max4m:48860:0:2","r03-c04:expanded-facade-max4m:48860:0:3","r03-c04:expanded-facade-max4m:48860:0:6","r03-c04:expanded-facade-max4m:48860:0:7","r03-c04:expanded-facade-max4m:48860:0:8"],"receiver_count":6,"periods":{"D":{"min":54.295795,"max":59.02034,"receiver_count":6,"unavailable_count":0},"E":{"min":52.077305,"max":56.801853,"receiver_count":6,"unavailable_count":0},"N":{"min":47.306095,"max":52.03064,"receiver_count":6,"unavailable_count":0}}}},{"type":"Feature","id":"lariac:201700285604","geometry":{"type":"Polygon","coordinates":[[[-118.55284821256852,34.174441253162954],[-118.5530183797422,34.174441708460094],[-118.55301844822444,34.174423869290585],[-118.55315803393792,34.17442424244934],[-118.55315859163339,34.174280265983064],[-118.552826916142,34.17427937907403],[-118.55282680323955,34.17431985351783],[-118.55278451451797,34.17431974029527],[-118.5527843559933,34.174360535897236],[-118.5527358648497,34.17436040683197],[-118.55273556418032,34.17443808706182],[-118.55278841268347,34.17443822866623],[-118.55278840534018,34.174440069653166],[-118.55281403937505,34.17444013819877],[-118.55281409138439,34.17442668782232],[-118.5528482686479,34.174426779515116],[-118.55284821256852,34.174441253162954]]]},"properties":{"building_pk":49455,"building_key":"lariac:201700285604","source_tile":"r03-c04","source_tile_ids":["r03-c04"],"source_bld_id":"201700285604","height_m":5.261,"receiver_ids":[181769,181770,181771,181772,181773,181774,181775,181776,181777,181778,181779,181780,181781,181782,181783,181784,181785,181786,181787,181788,181789,181790,181791,181792,181793,181794],"receiver_keys":["r03-c04:expanded-facade-max4m:49455:0:1","r03-c04:expanded-facade-max4m:49455:0:10","r03-c04:expanded-facade-max4m:49455:0:11","r03-c04:expanded-facade-max4m:49455:0:12","r03-c04:expanded-facade-max4m:49455:0:13","r03-c04:expanded-facade-max4m:49455:0:14","r03-c04:expanded-facade-max4m:49455:0:15","r03-c04:expanded-facade-max4m:49455:0:16","r03-c04:expanded-facade-max4m:49455:0:17","r03-c04:expanded-facade-max4m:49455:0:18","r03-c04:expanded-facade-max4m:49455:0:19","r03-c04:expanded-facade-max4m:49455:0:20","r03-c04:expanded-facade-max4m:49455:0:21","r03-c04:expanded-facade-max4m:49455:0:22","r03-c04:expanded-facade-max4m:49455:0:23","r03-c04:expanded-facade-max4m:49455:0:24","r03-c04:expanded-facade-max4m:49455:0:25","r03-c04:expanded-facade-max4m:49455:0:26","r03-c04:expanded-facade-max4m:49455:0:27","r03-c04:expanded-facade-max4m:49455:0:28","r03-c04:expanded-facade-max4m:49455:0:29","r03-c04:expanded-facade-max4m:49455:0:4","r03-c04:expanded-facade-max4m:49455:0:6","r03-c04:expanded-facade-max4m:49455:0:7","r03-c04:expanded-facade-max4m:49455:0:8","r03-c04:expanded-facade-max4m:49455:0:9"],"receiver_count":26,"periods":{"D":{"min":61.28129,"max":77.18959,"receiver_count":26,"unavailable_count":0},"E":{"min":59.0628,"max":74.97111,"receiver_count":26,"unavailable_count":0},"N":{"min":54.291588,"max":70.19989,"receiver_count":26,"unavailable_count":0}}}},{"type":"Feature","id":"lariac:394095888337","geometry":{"type":"Polygon","coordinates":[[[-118.55413544587583,34.179989733343675],[-118.5541347333273,34.179920580041234],[-118.55407644413175,34.1799210391197],[-118.55407636912418,34.17991463669527],[-118.55402723908556,34.17991499969697],[-118.55402750563458,34.179940306629376],[-118.55400168384783,34.17994047990555],[-118.55400197297882,34.179969029589635],[-118.55402795965439,34.17996885555808],[-118.55402820108233,34.179989883876],[-118.55413544587583,34.179989733343675]]]},"properties":{"building_pk":53721,"building_key":"lariac:394095888337","source_tile":"r03-c04","source_tile_ids":["r03-c04"],"source_bld_id":"394095888337","height_m":3.792,"receiver_ids":[183522,183523,183524],"receiver_keys":["r03-c04:expanded-facade-max4m:53721:0:2","r03-c04:expanded-facade-max4m:53721:0:3","r03-c04:expanded-facade-max4m:53721:0:5"],"receiver_count":3,"periods":{"D":{"min":64.2688,"max":64.93645,"receiver_count":3,"unavailable_count":0},"E":{"min":62.050316,"max":62.717957,"receiver_count":3,"unavailable_count":0},"N":{"min":57.279102,"max":57.946743,"receiver_count":3,"unavailable_count":0}}}},{"type":"Feature","id":"lariac:396400888064","geometry":{"type":"Polygon","coordinates":[[[-118.54646663436077,34.179242881384866],[-118.54651503817153,34.17924266267066],[-118.54651479530524,34.179210512906316],[-118.5464899984362,34.17921062495421],[-118.54649000994213,34.17921238381453],[-118.54632469692866,34.17921321271349],[-118.5463247359285,34.17921917625079],[-118.54630764279172,34.17921925346206],[-118.54630782106982,34.17924137293983],[-118.54632617032595,34.179241290054485],[-118.54632638308945,34.17927382401262],[-118.54640080720294,34.179273460756896],[-118.54640105002554,34.17930561052144],[-118.54646707619179,34.17930528426337],[-118.54646663436077,34.179242881384866]]]},"properties":{"building_pk":53726,"building_key":"lariac:396400888064","source_tile":"r03-c04","source_tile_ids":["r03-c04"],"source_bld_id":"396400888064","height_m":4.892,"receiver_ids":[183528,183529,183530,183531,183532],"receiver_keys":["r03-c04:expanded-facade-max4m:53726:0:10","r03-c04:expanded-facade-max4m:53726:0:11","r03-c04:expanded-facade-max4m:53726:0:12","r03-c04:expanded-facade-max4m:53726:0:13","r03-c04:expanded-facade-max4m:53726:0:14"],"receiver_count":5,"periods":{"D":{"min":55.751507,"max":59.62802,"receiver_count":5,"unavailable_count":0},"E":{"min":53.53302,"max":57.40953,"receiver_count":5,"unavailable_count":0},"N":{"min":48.761806,"max":52.63832,"receiver_count":5,"unavailable_count":0}}}},{"type":"Feature","id":"lariac:394362886976","geometry":{"type":"Polygon","coordinates":[[[-118.55307495272281,34.17624215642406],[-118.55306535558954,34.1762556648766],[-118.55306587252153,34.17628393854754],[-118.5530774703868,34.17629278916061],[-118.55322185611261,34.17629319981057],[-118.55322228486551,34.176178088674114],[-118.55302860134816,34.17617757259577],[-118.55302833370186,34.17624201259878],[-118.55307495272281,34.17624215642406]]]},"properties":{"building_pk":54682,"building_key":"lariac:394362886976","source_tile":"r03-c04","source_tile_ids":["r03-c04"],"source_bld_id":"394362886976","height_m":10.086,"receiver_ids":[184503,184504,184505,184506,184507,184508,184509,184510,184511],"receiver_keys":["r03-c04:expanded-facade-max4m:54682:0:1","r03-c04:expanded-facade-max4m:54682:0:14","r03-c04:expanded-facade-max4m:54682:0:15","r03-c04:expanded-facade-max4m:54682:0:16","r03-c04:expanded-facade-max4m:54682:0:2","r03-c04:expanded-facade-max4m:54682:0:6","r03-c04:expanded-facade-max4m:54682:0:7","r03-c04:expanded-facade-max4m:54682:0:8","r03-c04:expanded-facade-max4m:54682:0:9"],"receiver_count":9,"periods":{"D":{"min":57.863182,"max":71.88701,"receiver_count":9,"unavailable_count":0},"E":{"min":55.644695,"max":69.668526,"receiver_count":9,"unavailable_count":0},"N":{"min":50.87348,"max":64.89731,"receiver_count":9,"unavailable_count":0}}}},{"type":"Feature","id":"lariac:393993888239","geometry":{"type":"Polygon","coordinates":[[[-118.55437994549155,34.179727871812325],[-118.55443197829622,34.17972653431382],[-118.55442999879344,34.17967229926573],[-118.55437796475832,34.179673609722855],[-118.55437994549155,34.179727871812325]]]},"properties":{"building_pk":55009,"building_key":"lariac:393993888239","source_tile":"r03-c04","source_tile_ids":["r03-c04"],"source_bld_id":"393993888239","height_m":3.444,"receiver_ids":[184905,184906,184907,184908],"receiver_keys":["r03-c04:expanded-facade-max4m:55009:0:1","r03-c04:expanded-facade-max4m:55009:0:4","r03-c04:expanded-facade-max4m:55009:0:5","r03-c04:expanded-facade-max4m:55009:0:6"],"receiver_count":4,"periods":{"D":{"min":54.15481,"max":62.138084,"receiver_count":4,"unavailable_count":0},"E":{"min":51.936325,"max":59.919598,"receiver_count":4,"unavailable_count":0},"N":{"min":47.16511,"max":55.148384,"receiver_count":4,"unavailable_count":0}}}},{"type":"Feature","id":"lariac:394386888132","geometry":{"type":"Polygon","coordinates":[[[-118.55322660605877,34.1794668799996],[-118.55322761890652,34.17946011558735],[-118.55324469155656,34.179461851399154],[-118.55325256980012,34.1794082311726],[-118.55323351191882,34.179406312414],[-118.55323455584256,34.179399162900054],[-118.5531956464202,34.179395219015944],[-118.55320330164737,34.17934280878376],[-118.55313478011087,34.17933586745678],[-118.55313399066388,34.179341476869844],[-118.55306557019901,34.1793345629893],[-118.55305645867293,34.179396734581275],[-118.55304732756059,34.179395814388],[-118.55303970422209,34.17944797744089],[-118.55322660605877,34.1794668799996]]]},"properties":{"building_pk":55844,"building_key":"lariac:394386888132","source_tile":"r03-c04","source_tile_ids":["r03-c04"],"source_bld_id":"394386888132","height_m":8.224,"receiver_ids":[185687,185688,185689,185690,185691,185692,185693,185694,185695,185696,185697,185698,185699,185700],"receiver_keys":["r03-c04:expanded-facade-max4m:55844:0:1","r03-c04:expanded-facade-max4m:55844:0:10","r03-c04:expanded-facade-max4m:55844:0:11","r03-c04:expanded-facade-max4m:55844:0:12","r03-c04:expanded-facade-max4m:55844:0:13","r03-c04:expanded-facade-max4m:55844:0:14","r03-c04:expanded-facade-max4m:55844:0:15","r03-c04:expanded-facade-max4m:55844:0:16","r03-c04:expanded-facade-max4m:55844:0:17","r03-c04:expanded-facade-max4m:55844:0:2","r03-c04:expanded-facade-max4m:55844:0:3","r03-c04:expanded-facade-max4m:55844:0:4","r03-c04:expanded-facade-max4m:55844:0:5","r03-c04:expanded-facade-max4m:55844:0:6"],"receiver_count":14,"periods":{"D":{"min":51.213566,"max":70.22291,"receiver_count":14,"unavailable_count":0},"E":{"min":48.99508,"max":68.00442,"receiver_count":14,"unavailable_count":0},"N":{"min":44.223866,"max":63.233204,"receiver_count":14,"unavailable_count":0}}}},{"type":"Feature","id":"lariac:394369887236","geometry":{"type":"Polygon","coordinates":[[[-118.55316491686038,34.176991403393316],[-118.55316489071811,34.176997448367366],[-118.55323726542228,34.17699750227479],[-118.55323738959355,34.17689635114099],[-118.55317529718384,34.17689630519823],[-118.5531753162842,34.17686921100011],[-118.55308300532349,34.176869138241265],[-118.5530829622583,34.17690752709569],[-118.553076745674,34.17690752757717],[-118.55307669408325,34.17694970836579],[-118.55306786644942,34.176949693741044],[-118.55306784502416,34.176991352397685],[-118.55316491686038,34.176991403393316]]]},"properties":{"building_pk":55862,"building_key":"lariac:394369887236","source_tile":"r03-c04","source_tile_ids":["r03-c04"],"source_bld_id":"394369887236","height_m":9.226,"receiver_ids":[185701,185702,185703,185704,185705,185706,185707,185708,185709,185710,185711,185712,185713,185714],"receiver_keys":["r03-c04:expanded-facade-max4m:55862:0:1","r03-c04:expanded-facade-max4m:55862:0:10","r03-c04:expanded-facade-max4m:55862:0:11","r03-c04:expanded-facade-max4m:55862:0:13","r03-c04:expanded-facade-max4m:55862:0:14","r03-c04:expanded-facade-max4m:55862:0:15","r03-c04:expanded-facade-max4m:55862:0:2","r03-c04:expanded-facade-max4m:55862:0:3","r03-c04:expanded-facade-max4m:55862:0:4","r03-c04:expanded-facade-max4m:55862:0:5","r03-c04:expanded-facade-max4m:55862:0:6","r03-c04:expanded-facade-max4m:55862:0:7","r03-c04:expanded-facade-max4m:55862:0:8","r03-c04:expanded-facade-max4m:55862:0:9"],"receiver_count":14,"periods":{"D":{"min":60.35693,"max":71.20759,"receiver_count":14,"unavailable_count":0},"E":{"min":58.138443,"max":68.989105,"receiver_count":14,"unavailable_count":0},"N":{"min":53.36723,"max":64.21789,"receiver_count":14,"unavailable_count":0}}}},{"type":"Feature","id":"lariac:394560887296","geometry":{"type":"Polygon","coordinates":[[[-118.55247987016351,34.177098185291584],[-118.55247942891458,34.17713643892883],[-118.55252909175148,34.177136844033164],[-118.55252953388346,34.17709856334522],[-118.55247987016351,34.177098185291584]]]},"properties":{"building_pk":55943,"building_key":"lariac:394560887296","source_tile":"r03-c04","source_tile_ids":["r03-c04"],"source_bld_id":"394560887296","height_m":3.719,"receiver_ids":[185730,185731,185732,185733,185734],"receiver_keys":["r03-c04:expanded-facade-max4m:55943:0:1","r03-c04:expanded-facade-max4m:55943:0:2","r03-c04:expanded-facade-max4m:55943:0:3","r03-c04:expanded-facade-max4m:55943:0:4","r03-c04:expanded-facade-max4m:55943:0:5"],"receiver_count":5,"periods":{"D":{"min":63.074314,"max":64.92271,"receiver_count":5,"unavailable_count":0},"E":{"min":60.855827,"max":62.704216,"receiver_count":5,"unavailable_count":0},"N":{"min":56.084614,"max":57.933006,"receiver_count":5,"unavailable_count":0}}}},{"type":"Feature","id":"lariac:394129886558","geometry":{"type":"Polygon","coordinates":[[[-118.55403437077199,34.175107576477444],[-118.55403367086173,34.17503687516889],[-118.55403763751009,34.17503685699708],[-118.55403743267148,34.17501594661497],[-118.55397729608133,34.17501635913032],[-118.55397735649342,34.175020398673674],[-118.5539529571483,34.175020565430685],[-118.55395292872441,34.175016278717685],[-118.55387345170212,34.17501683476223],[-118.55387465682085,34.175138727049585],[-118.55401905518228,34.17513774379482],[-118.55403466883281,34.175137637107404],[-118.55403437077199,34.175107576477444]]]},"properties":{"building_pk":56144,"building_key":"lariac:394129886558","source_tile":"r03-c04","source_tile_ids":["r03-c04"],"source_bld_id":"394129886558","height_m":9.604,"receiver_ids":[185990,185991,185992,185993,185994,185995,185996,185997,185998,185999,186000,186001],"receiver_keys":["r03-c04:expanded-facade-max4m:56144:0:1","r03-c04:expanded-facade-max4m:56144:0:11","r03-c04:expanded-facade-max4m:56144:0:12","r03-c04:expanded-facade-max4m:56144:0:13","r03-c04:expanded-facade-max4m:56144:0:14","r03-c04:expanded-facade-max4m:56144:0:15","r03-c04:expanded-facade-max4m:56144:0:2","r03-c04:expanded-facade-max4m:56144:0:3","r03-c04:expanded-facade-max4m:56144:0:4","r03-c04:expanded-facade-max4m:56144:0:5","r03-c04:expanded-facade-max4m:56144:0:6","r03-c04:expanded-facade-max4m:56144:0:7"],"receiver_count":12,"periods":{"D":{"min":59.145664,"max":70.52554,"receiver_count":12,"unavailable_count":0},"E":{"min":56.927177,"max":68.30705,"receiver_count":12,"unavailable_count":0},"N":{"min":52.155964,"max":63.53584,"receiver_count":12,"unavailable_count":0}}}},{"type":"Feature","id":"lariac:201700286191","geometry":{"type":"Polygon","coordinates":[[[-118.54868056564565,34.17937371509106],[-118.548889225356,34.17937278001887],[-118.54888877872975,34.17930480471861],[-118.54887660699109,34.179304859957696],[-118.54887652994871,34.17929296894057],[-118.54888952500036,34.17929291086655],[-118.54888911136436,34.179229296185454],[-118.54865203973158,34.17923035834724],[-118.54865260094986,34.17931680215998],[-118.54868019645927,34.17931667877554],[-118.54868056564565,34.17937371509106]]]},"properties":{"building_pk":56742,"building_key":"lariac:201700286191","source_tile":"r03-c04","source_tile_ids":["r03-c04"],"source_bld_id":"201700286191","height_m":5.892,"receiver_ids":[186951,186952,186953,186954],"receiver_keys":["r03-c04:expanded-facade-max4m:56742:0:18","r03-c04:expanded-facade-max4m:56742:0:20","r03-c04:expanded-facade-max4m:56742:0:6","r03-c04:expanded-facade-max4m:56742:0:7"],"receiver_count":4,"periods":{"D":{"min":62.782463,"max":63.506702,"receiver_count":4,"unavailable_count":0},"E":{"min":60.563976,"max":61.288216,"receiver_count":4,"unavailable_count":0},"N":{"min":55.792763,"max":56.517002,"receiver_count":4,"unavailable_count":0}}}},{"type":"Feature","id":"lariac:201700286234","geometry":{"type":"Polygon","coordinates":[[[-118.5465197689108,34.17991090627079],[-118.54658624378712,34.17991061398404],[-118.5465862039596,34.179904361054774],[-118.54662716146721,34.17990418045691],[-118.54662673599702,34.179837499677824],[-118.5465867154275,34.17983779504524],[-118.5465866893288,34.17983281142799],[-118.54658610515773,34.179832890699224],[-118.54644994037807,34.17983349066435],[-118.54645012827781,34.1798630451321],[-118.54649281700988,34.179862857659145],[-118.54649287970727,34.179872773458264],[-118.5464578318626,34.17987292821125],[-118.54645807338244,34.1799108451588],[-118.54649218620018,34.179910694630735],[-118.54649214317142,34.17990395127611],[-118.54651972370353,34.17990383025626],[-118.5465197689108,34.17991090627079]]]},"properties":{"building_pk":56744,"building_key":"lariac:201700286234","source_tile":"r03-c04","source_tile_ids":["r03-c04"],"source_bld_id":"201700286234","height_m":4.346,"receiver_ids":[186959,186960,186961,186962,186963,186964,186965,186966,186967],"receiver_keys":["r03-c04:expanded-facade-max4m:56744:0:10","r03-c04:expanded-facade-max4m:56744:0:13","r03-c04:expanded-facade-max4m:56744:0:14","r03-c04:expanded-facade-max4m:56744:0:3","r03-c04:expanded-facade-max4m:56744:0:5","r03-c04:expanded-facade-max4m:56744:0:6","r03-c04:expanded-facade-max4m:56744:0:7","r03-c04:expanded-facade-max4m:56744:0:8","r03-c04:expanded-facade-max4m:56744:0:9"],"receiver_count":9,"periods":{"D":{"min":54.32758,"max":63.537697,"receiver_count":9,"unavailable_count":0},"E":{"min":52.10909,"max":61.31921,"receiver_count":9,"unavailable_count":0},"N":{"min":47.33788,"max":56.547997,"receiver_count":9,"unavailable_count":0}}}},{"type":"Feature","id":"lariac:394760888223","geometry":{"type":"Polygon","coordinates":[[[-118.55187685555192,34.17964811649487],[-118.55184742419303,34.17964737088073],[-118.5518459388185,34.179687717255895],[-118.55187537037024,34.17968848991589],[-118.55187685555192,34.17964811649487]]]},"properties":{"building_pk":61145,"building_key":"lariac:394760888223","source_tile":"r03-c04","source_tile_ids":["r03-c04"],"source_bld_id":"394760888223","height_m":3.261,"receiver_ids":[188699,188700,188701],"receiver_keys":["r03-c04:expanded-facade-max4m:61145:0:2","r03-c04:expanded-facade-max4m:61145:0:3","r03-c04:expanded-facade-max4m:61145:0:4"],"receiver_count":3,"periods":{"D":{"min":54.22501,"max":60.98221,"receiver_count":3,"unavailable_count":0},"E":{"min":52.006523,"max":58.76372,"receiver_count":3,"unavailable_count":0},"N":{"min":47.23531,"max":53.99251,"receiver_count":3,"unavailable_count":0}}}},{"type":"Feature","id":"lariac:394534887074","geometry":{"type":"Polygon","coordinates":[[[-118.55253145659064,34.17656446982253],[-118.55272693550104,34.17656159860631],[-118.55272560211586,34.176499913828856],[-118.55267753401587,34.17650062844963],[-118.5526882306167,34.17648835102092],[-118.5526898842171,34.17645841850526],[-118.55267622812019,34.17644817626105],[-118.55264531550574,34.17644831752248],[-118.55264533187005,34.176450791285184],[-118.55253070820798,34.1764513150122],[-118.55253145659064,34.17656446982253]]]},"properties":{"building_pk":61147,"building_key":"lariac:394534887074","source_tile":"r03-c04","source_tile_ids":["r03-c04"],"source_bld_id":"394534887074","height_m":9.671,"receiver_ids":[188702,188703,188704,188705,188706,188707,188708,188709,188710,188711,188712],"receiver_keys":["r03-c04:expanded-facade-max4m:61147:0:1","r03-c04:expanded-facade-max4m:61147:0:14","r03-c04:expanded-facade-max4m:61147:0:15","r03-c04:expanded-facade-max4m:61147:0:16","r03-c04:expanded-facade-max4m:61147:0:2","r03-c04:expanded-facade-max4m:61147:0:3","r03-c04:expanded-facade-max4m:61147:0:4","r03-c04:expanded-facade-max4m:61147:0:5","r03-c04:expanded-facade-max4m:61147:0:6","r03-c04:expanded-facade-max4m:61147:0:7","r03-c04:expanded-facade-max4m:61147:0:9"],"receiver_count":11,"periods":{"D":{"min":51.232094,"max":67.44885,"receiver_count":11,"unavailable_count":0},"E":{"min":49.013607,"max":65.23036,"receiver_count":11,"unavailable_count":0},"N":{"min":44.242397,"max":60.45915,"receiver_count":11,"unavailable_count":0}}}},{"type":"Feature","id":"lariac:396303888071","geometry":{"type":"Polygon","coordinates":[[[-118.54679133611269,34.17924545365701],[-118.54672468067488,34.179245590006516],[-118.54672484506601,34.17930104143176],[-118.54679150054803,34.179300905082165],[-118.54679133611269,34.17924545365701]]]},"properties":{"building_pk":61187,"building_key":"lariac:396303888071","source_tile":"r03-c04","source_tile_ids":["r03-c04"],"source_bld_id":"396303888071","height_m":4.801,"receiver_ids":[188815,188816,188817],"receiver_keys":["r03-c04:expanded-facade-max4m:61187:0:4","r03-c04:expanded-facade-max4m:61187:0:5","r03-c04:expanded-facade-max4m:61187:0:6"],"receiver_count":3,"periods":{"D":{"min":56.609074,"max":61.752308,"receiver_count":3,"unavailable_count":0},"E":{"min":54.390587,"max":59.53382,"receiver_count":3,"unavailable_count":0},"N":{"min":49.619373,"max":54.762608,"receiver_count":3,"unavailable_count":0}}}},{"type":"Feature","id":"lariac:394409886515","geometry":{"type":"Polygon","coordinates":[[[-118.55288030550392,34.17505179900942],[-118.55290903596702,34.17505177765036],[-118.55290903861855,34.17508708842251],[-118.55297436923323,34.175087063793875],[-118.55297435271014,34.175089647695316],[-118.55309585460202,34.17508958612906],[-118.55309580085098,34.17503149536949],[-118.55303830631996,34.175031539224776],[-118.55303828091688,34.17500263132386],[-118.55304780235033,34.17500261482922],[-118.55304781316757,34.1749842584368],[-118.55303865491642,34.17498424532278],[-118.55303863986504,34.17495198543301],[-118.55305199687699,34.174951979346076],[-118.55305196944893,34.17491785061158],[-118.55291102650892,34.1749178901282],[-118.55291104664674,34.17490585442017],[-118.55285315502157,34.174905871153854],[-118.55285315979792,34.17492659042223],[-118.55290301709124,34.17492658247229],[-118.5529030073597,34.174955105574234],[-118.55288026107017,34.1749551004764],[-118.55288030550392,34.17505179900942]]]},"properties":{"building_pk":61242,"building_key":"lariac:394409886515","source_tile":"r03-c04","source_tile_ids":["r03-c04"],"source_bld_id":"394409886515","height_m":4.782,"receiver_ids":[188881,188882,188883,188884,188885,188886,188887,188888,188889,188890,188891,188892,188893,188894,188895,188896,188897,188898,188899,188900,188901],"receiver_keys":["r03-c04:expanded-facade-max4m:61242:0:10","r03-c04:expanded-facade-max4m:61242:0:11","r03-c04:expanded-facade-max4m:61242:0:12","r03-c04:expanded-facade-max4m:61242:0:13","r03-c04:expanded-facade-max4m:61242:0:14","r03-c04:expanded-facade-max4m:61242:0:15","r03-c04:expanded-facade-max4m:61242:0:16","r03-c04:expanded-facade-max4m:61242:0:18","r03-c04:expanded-facade-max4m:61242:0:19","r03-c04:expanded-facade-max4m:61242:0:2","r03-c04:expanded-facade-max4m:61242:0:20","r03-c04:expanded-facade-max4m:61242:0:22","r03-c04:expanded-facade-max4m:61242:0:23","r03-c04:expanded-facade-max4m:61242:0:24","r03-c04:expanded-facade-max4m:61242:0:3","r03-c04:expanded-facade-max4m:61242:0:4","r03-c04:expanded-facade-max4m:61242:0:5","r03-c04:expanded-facade-max4m:61242:0:6","r03-c04:expanded-facade-max4m:61242:0:7","r03-c04:expanded-facade-max4m:61242:0:8","r03-c04:expanded-facade-max4m:61242:0:9"],"receiver_count":21,"periods":{"D":{"min":66.79295,"max":73.04705,"receiver_count":21,"unavailable_count":0},"E":{"min":64.57447,"max":70.82857,"receiver_count":21,"unavailable_count":0},"N":{"min":59.803257,"max":66.05735,"receiver_count":21,"unavailable_count":0}}}},{"type":"Feature","id":"lariac:394427886341","geometry":{"type":"Polygon","coordinates":[[[-118.55288668624347,34.17452213692714],[-118.55296312012081,34.174521402512745],[-118.5529623115717,34.174464140118154],[-118.55288587792572,34.17446490157753],[-118.55288668624347,34.17452213692714]]]},"properties":{"building_pk":61290,"building_key":"lariac:394427886341","source_tile":"r03-c04","source_tile_ids":["r03-c04"],"source_bld_id":"394427886341","height_m":4.194,"receiver_ids":[188909,188910,188911,188912,188913,188914],"receiver_keys":["r03-c04:expanded-facade-max4m:61290:0:1","r03-c04:expanded-facade-max4m:61290:0:2","r03-c04:expanded-facade-max4m:61290:0:3","r03-c04:expanded-facade-max4m:61290:0:4","r03-c04:expanded-facade-max4m:61290:0:6","r03-c04:expanded-facade-max4m:61290:0:7"],"receiver_count":6,"periods":{"D":{"min":63.850903,"max":72.31004,"receiver_count":6,"unavailable_count":0},"E":{"min":61.632412,"max":70.09156,"receiver_count":6,"unavailable_count":0},"N":{"min":56.861202,"max":65.32034,"receiver_count":6,"unavailable_count":0}}}},{"type":"Feature","id":"lariac:395957888351","geometry":{"type":"Polygon","coordinates":[[[-118.54810302364346,34.180080569549844],[-118.54801354611186,34.18007954606527],[-118.548014743657,34.18000512719153],[-118.54804328074464,34.180005464883834],[-118.54804416073638,34.17995325067608],[-118.5478074399282,34.17995055825847],[-118.54780614679458,34.18003077539204],[-118.54777873475584,34.18003046049619],[-118.54777731581109,34.180116641011594],[-118.54810239177478,34.18012033411323],[-118.54810302364346,34.180080569549844]]]},"properties":{"building_pk":61406,"building_key":"lariac:395957888351","source_tile":"r03-c04","source_tile_ids":["r03-c04"],"source_bld_id":"395957888351","height_m":6.248,"receiver_ids":[189099,189100,189101,189102,189103,189104,189105,189106,189107],"receiver_keys":["r03-c04:expanded-facade-max4m:61406:0:13","r03-c04:expanded-facade-max4m:61406:0:14","r03-c04:expanded-facade-max4m:61406:0:15","r03-c04:expanded-facade-max4m:61406:0:4","r03-c04:expanded-facade-max4m:61406:0:5","r03-c04:expanded-facade-max4m:61406:0:6","r03-c04:expanded-facade-max4m:61406:0:7","r03-c04:expanded-facade-max4m:61406:0:8","r03-c04:expanded-facade-max4m:61406:0:9"],"receiver_count":9,"periods":{"D":{"min":53.520264,"max":65.56076,"receiver_count":9,"unavailable_count":0},"E":{"min":51.301777,"max":63.342274,"receiver_count":9,"unavailable_count":0},"N":{"min":46.530563,"max":58.57106,"receiver_count":9,"unavailable_count":0}}}},{"type":"Feature","id":"lariac:394365887293","geometry":{"type":"Polygon","coordinates":[[[-118.55309968035311,34.17716053305545],[-118.55310993005149,34.17716054117433],[-118.55310991900612,34.17716886698642],[-118.55312648311137,34.17716890121981],[-118.55312650397995,34.177162059304734],[-118.55314290320938,34.17716209428987],[-118.55314288343449,34.17716910118259],[-118.55319922297444,34.17716920050373],[-118.55319923655999,34.177161259639384],[-118.55324529367012,34.17716132302959],[-118.55324552138627,34.17705091166042],[-118.55309991207565,34.177050697755874],[-118.55309968035311,34.17716053305545]]]},"properties":{"building_pk":61445,"building_key":"lariac:394365887293","source_tile":"r03-c04","source_tile_ids":["r03-c04"],"source_bld_id":"394365887293","height_m":8.443,"receiver_ids":[189198,189199,189200,189201,189202,189203,189204,189205,189206,189207],"receiver_keys":["r03-c04:expanded-facade-max4m:61445:0:1","r03-c04:expanded-facade-max4m:61445:0:10","r03-c04:expanded-facade-max4m:61445:0:11","r03-c04:expanded-facade-max4m:61445:0:3","r03-c04:expanded-facade-max4m:61445:0:4","r03-c04:expanded-facade-max4m:61445:0:5","r03-c04:expanded-facade-max4m:61445:0:6","r03-c04:expanded-facade-max4m:61445:0:7","r03-c04:expanded-facade-max4m:61445:0:8","r03-c04:expanded-facade-max4m:61445:0:9"],"receiver_count":10,"periods":{"D":{"min":60.6515,"max":70.68317,"receiver_count":10,"unavailable_count":0},"E":{"min":58.433014,"max":68.46468,"receiver_count":10,"unavailable_count":0},"N":{"min":53.6618,"max":63.69347,"receiver_count":10,"unavailable_count":0}}}},{"type":"Feature","id":"lariac:395529888057","geometry":{"type":"Polygon","coordinates":[[[-118.54931214591805,34.179317703971535],[-118.54938457708151,34.1793059163519],[-118.54935137908065,34.17916487992802],[-118.54921718581075,34.179186675671694],[-118.54923841005771,34.17927690319143],[-118.54930017324689,34.17926686708465],[-118.54931214591805,34.179317703971535]]]},"properties":{"building_pk":61558,"building_key":"lariac:395529888057","source_tile":"r03-c04","source_tile_ids":["r03-c04"],"source_bld_id":"395529888057","height_m":6.367,"receiver_ids":[189269,189270,189271,189272],"receiver_keys":["r03-c04:expanded-facade-max4m:61558:0:1","r03-c04:expanded-facade-max4m:61558:0:13","r03-c04:expanded-facade-max4m:61558:0:15","r03-c04:expanded-facade-max4m:61558:0:2"],"receiver_count":4,"periods":{"D":{"min":55.543232,"max":56.953835,"receiver_count":4,"unavailable_count":0},"E":{"min":53.324745,"max":54.735348,"receiver_count":4,"unavailable_count":0},"N":{"min":48.553535,"max":49.964134,"receiver_count":4,"unavailable_count":0}}}},{"type":"Feature","id":"lariac:396239888225","geometry":{"type":"Polygon","coordinates":[[[-118.54691991698715,34.17966414793648],[-118.54692160139443,34.179714482537214],[-118.54705581958102,34.17971134758935],[-118.54705446382748,34.17967079415769],[-118.54696437811378,34.179672905515375],[-118.54691991698715,34.17966414793648]]]},"properties":{"building_pk":61983,"building_key":"lariac:396239888225","source_tile":"r03-c04","source_tile_ids":["r03-c04"],"source_bld_id":"396239888225","height_m":4.008,"receiver_ids":[189945,189946,189947,189948,189949,189950,189951,189952],"receiver_keys":["r03-c04:expanded-facade-max4m:61983:0:1","r03-c04:expanded-facade-max4m:61983:0:2","r03-c04:expanded-facade-max4m:61983:0:3","r03-c04:expanded-facade-max4m:61983:0:4","r03-c04:expanded-facade-max4m:61983:0:6","r03-c04:expanded-facade-max4m:61983:0:7","r03-c04:expanded-facade-max4m:61983:0:8","r03-c04:expanded-facade-max4m:61983:0:9"],"receiver_count":8,"periods":{"D":{"min":60.353153,"max":64.700836,"receiver_count":8,"unavailable_count":0},"E":{"min":58.134666,"max":62.48235,"receiver_count":8,"unavailable_count":0},"N":{"min":53.363457,"max":57.711136,"receiver_count":8,"unavailable_count":0}}}},{"type":"Feature","id":"lariac:395332888138","geometry":{"type":"Polygon","coordinates":[[[-118.54999000358214,34.179376067179895],[-118.54993168921993,34.17941779797004],[-118.54992017459296,34.179406446694145],[-118.54987320914057,34.179439305145145],[-118.54996379604063,34.179528695171165],[-118.55002955495073,34.17948264366734],[-118.5500103524163,34.179463687677355],[-118.5500503723225,34.17943564164981],[-118.54999000358214,34.179376067179895]]]},"properties":{"building_pk":62507,"building_key":"lariac:395332888138","source_tile":"r03-c04","source_tile_ids":["r03-c04"],"source_bld_id":"395332888138","height_m":6.16,"receiver_ids":[190815,190816,190817,190818,190819,190820,190821,190822,190823,190824,190825,190826],"receiver_keys":["r03-c04:expanded-facade-max4m:62507:0:1","r03-c04:expanded-facade-max4m:62507:0:11","r03-c04:expanded-facade-max4m:62507:0:12","r03-c04:expanded-facade-max4m:62507:0:13","r03-c04:expanded-facade-max4m:62507:0:2","r03-c04:expanded-facade-max4m:62507:0:3","r03-c04:expanded-facade-max4m:62507:0:4","r03-c04:expanded-facade-max4m:62507:0:5","r03-c04:expanded-facade-max4m:62507:0:6","r03-c04:expanded-facade-max4m:62507:0:7","r03-c04:expanded-facade-max4m:62507:0:8","r03-c04:expanded-facade-max4m:62507:0:9"],"receiver_count":12,"periods":{"D":{"min":55.182865,"max":65.37772,"receiver_count":12,"unavailable_count":0},"E":{"min":52.96438,"max":63.159233,"receiver_count":12,"unavailable_count":0},"N":{"min":48.193165,"max":58.388023,"receiver_count":12,"unavailable_count":0}}}},{"type":"Feature","id":"lariac:394480887906","geometry":{"type":"Polygon","coordinates":[[[-118.5528729941082,34.178802925589],[-118.55287296255314,34.17876324516253],[-118.5528796413668,34.17876324257918],[-118.55287961748039,34.17873471962983],[-118.55289178515838,34.178734719000275],[-118.55289177654772,34.178713421858674],[-118.55292583117901,34.17871340410979],[-118.55292583741391,34.17867435639458],[-118.55289677486533,34.17867437927005],[-118.55289674738232,34.178665145778986],[-118.55289082897113,34.17866514578872],[-118.55289082474684,34.178649592365794],[-118.55289575154403,34.17864956984292],[-118.55289575442485,34.17864000714938],[-118.55292256833768,34.178639994554345],[-118.55292257802887,34.17860146881748],[-118.55288581165138,34.178601499863866],[-118.5528858041453,34.17858528652552],[-118.55290577436985,34.17858527817316],[-118.55290575177631,34.178506962926406],[-118.55283043346778,34.17850700431038],[-118.55283043909644,34.17850277333727],[-118.55279916142875,34.17850277836694],[-118.552799150352,34.178506186255035],[-118.5527762045863,34.178506181143426],[-118.552776227521,34.17852472941085],[-118.55264708276242,34.17852476966155],[-118.55264714873937,34.178644606232645],[-118.55273741062865,34.17864455076154],[-118.55273743719239,34.17867348570411],[-118.55264724017614,34.17867351383236],[-118.5526472872514,34.178735561501185],[-118.55271834063753,34.17873553882162],[-118.55271836482635,34.178744277379884],[-118.55262942509823,34.17874432589337],[-118.55262950705122,34.17886674531593],[-118.55270763637937,34.178866718258696],[-118.55270761783567,34.17886391544226],[-118.55276068391869,34.17886389289765],[-118.55276068376305,34.17888387021833],[-118.5527841926037,34.17888387275982],[-118.55278416897521,34.17888538385602],[-118.55281723223398,34.17888536976768],[-118.55281725331449,34.17888347372365],[-118.55282743597144,34.17888348217392],[-118.55282742144239,34.178891121926675],[-118.55286670035059,34.17889110736113],[-118.55286668288325,34.17888355069665],[-118.5528883724587,34.1788835335863],[-118.55288833460727,34.178802910455765],[-118.5528729941082,34.178802925589]]]},"properties":{"building_pk":62508,"building_key":"lariac:394480887906","source_tile":"r03-c04","source_tile_ids":["r03-c04"],"source_bld_id":"394480887906","height_m":10.235,"receiver_ids":[190827,190828,190829,190830,190831,190832,190833,190834,190835,190836,190837,190838,190839,190840,190841,190842,190843,190844,190845,190846,190847,190848,190849,190850,190851,190852,190853,190854,190855,190856,190857,190858,190859,190860,190861],"receiver_keys":["r03-c04:expanded-facade-max4m:62508:0:1","r03-c04:expanded-facade-max4m:62508:0:11","r03-c04:expanded-facade-max4m:62508:0:12","r03-c04:expanded-facade-max4m:62508:0:13","r03-c04:expanded-facade-max4m:62508:0:14","r03-c04:expanded-facade-max4m:62508:0:15","r03-c04:expanded-facade-max4m:62508:0:16","r03-c04:expanded-facade-max4m:62508:0:17","r03-c04:expanded-facade-max4m:62508:0:18","r03-c04:expanded-facade-max4m:62508:0:19","r03-c04:expanded-facade-max4m:62508:0:2","r03-c04:expanded-facade-max4m:62508:0:20","r03-c04:expanded-facade-max4m:62508:0:21","r03-c04:expanded-facade-max4m:62508:0:22","r03-c04:expanded-facade-max4m:62508:0:23","r03-c04:expanded-facade-max4m:62508:0:24","r03-c04:expanded-facade-max4m:62508:0:26","r03-c04:expanded-facade-max4m:62508:0:27","r03-c04:expanded-facade-max4m:62508:0:28","r03-c04:expanded-facade-max4m:62508:0:29","r03-c04:expanded-facade-max4m:62508:0:3","r03-c04:expanded-facade-max4m:62508:0:34","r03-c04:expanded-facade-max4m:62508:0:35","r03-c04:expanded-facade-max4m:62508:0:36","r03-c04:expanded-facade-max4m:62508:0:37","r03-c04:expanded-facade-max4m:62508:0:38","r03-c04:expanded-facade-max4m:62508:0:39","r03-c04:expanded-facade-max4m:62508:0:4","r03-c04:expanded-facade-max4m:62508:0:42","r03-c04:expanded-facade-max4m:62508:0:43","r03-c04:expanded-facade-max4m:62508:0:44","r03-c04:expanded-facade-max4m:62508:0:45","r03-c04:expanded-facade-max4m:62508:0:46","r03-c04:expanded-facade-max4m:62508:0:5","r03-c04:expanded-facade-max4m:62508:0:8"],"receiver_count":35,"periods":{"D":{"min":51.240738,"max":64.30732,"receiver_count":35,"unavailable_count":0},"E":{"min":49.02225,"max":62.088833,"receiver_count":35,"unavailable_count":0},"N":{"min":44.251038,"max":57.31762,"receiver_count":35,"unavailable_count":0}}}},{"type":"Feature","id":"lariac:395403888119","geometry":{"type":"Polygon","coordinates":[[[-118.54968752679734,34.179384532045525],[-118.54973201034531,34.17943178624398],[-118.54978649807809,34.179396364822296],[-118.54974201451816,34.179349110643855],[-118.54968752679734,34.179384532045525]]]},"properties":{"building_pk":62529,"building_key":"lariac:395403888119","source_tile":"r03-c04","source_tile_ids":["r03-c04"],"source_bld_id":"395403888119","height_m":5.145,"receiver_ids":[190890,190891,190892,190893,190894,190895],"receiver_keys":["r03-c04:expanded-facade-max4m:62529:0:1","r03-c04:expanded-facade-max4m:62529:0:2","r03-c04:expanded-facade-max4m:62529:0:3","r03-c04:expanded-facade-max4m:62529:0:4","r03-c04:expanded-facade-max4m:62529:0:6","r03-c04:expanded-facade-max4m:62529:0:7"],"receiver_count":6,"periods":{"D":{"min":58.934494,"max":63.67543,"receiver_count":6,"unavailable_count":0},"E":{"min":56.716003,"max":61.456944,"receiver_count":6,"unavailable_count":0},"N":{"min":51.944794,"max":56.68573,"receiver_count":6,"unavailable_count":0}}}},{"type":"Feature","id":"lariac:393970887233","geometry":{"type":"Polygon","coordinates":[[[-118.5545058260398,34.17699930440735],[-118.55450500649447,34.176970455139156],[-118.55451022984889,34.1769703482483],[-118.5545089205384,34.17692245880565],[-118.55450574707925,34.176922528349934],[-118.55450461990034,34.17688230390396],[-118.55441020526247,34.17688413775103],[-118.55441011794694,34.176880951191976],[-118.55434393523083,34.176882243559085],[-118.55434549181322,34.176937496585516],[-118.55433808731357,34.17693764051301],[-118.55433947327509,34.1769871244377],[-118.55434357306896,34.176987050651796],[-118.55434400492473,34.17700243713292],[-118.5545058260398,34.17699930440735]]]},"properties":{"building_pk":62675,"building_key":"lariac:393970887233","source_tile":"r03-c04","source_tile_ids":["r03-c04"],"source_bld_id":"393970887233","height_m":9.153,"receiver_ids":[191062,191063,191064,191065,191066,191067,191068,191069],"receiver_keys":["r03-c04:expanded-facade-max4m:62675:0:1","r03-c04:expanded-facade-max4m:62675:0:10","r03-c04:expanded-facade-max4m:62675:0:11","r03-c04:expanded-facade-max4m:62675:0:2","r03-c04:expanded-facade-max4m:62675:0:3","r03-c04:expanded-facade-max4m:62675:0:4","r03-c04:expanded-facade-max4m:62675:0:8","r03-c04:expanded-facade-max4m:62675:0:9"],"receiver_count":8,"periods":{"D":{"min":56.65041,"max":67.44846,"receiver_count":8,"unavailable_count":0},"E":{"min":54.431923,"max":65.22998,"receiver_count":8,"unavailable_count":0},"N":{"min":49.66071,"max":60.458767,"receiver_count":8,"unavailable_count":0}}}},{"type":"Feature","id":"lariac:396265888197","geometry":{"type":"Polygon","coordinates":[[[-118.54686620373542,34.17963630772304],[-118.54690442250018,34.17963585993551],[-118.54690375799295,34.17959483637703],[-118.54686553924687,34.17959528416436],[-118.54686620373542,34.17963630772304]]]},"properties":{"building_pk":63021,"building_key":"lariac:396265888197","source_tile":"r03-c04","source_tile_ids":["r03-c04"],"source_bld_id":"396265888197","height_m":3.914,"receiver_ids":[191371,191372,191373,191374,191375],"receiver_keys":["r03-c04:expanded-facade-max4m:63021:0:1","r03-c04:expanded-facade-max4m:63021:0:2","r03-c04:expanded-facade-max4m:63021:0:3","r03-c04:expanded-facade-max4m:63021:0:4","r03-c04:expanded-facade-max4m:63021:0:5"],"receiver_count":5,"periods":{"D":{"min":62.129128,"max":63.649357,"receiver_count":5,"unavailable_count":0},"E":{"min":59.910637,"max":61.430866,"receiver_count":5,"unavailable_count":0},"N":{"min":55.139427,"max":56.659657,"receiver_count":5,"unavailable_count":0}}}},{"type":"Feature","id":"lariac:394665888309","geometry":{"type":"Polygon","coordinates":[[[-118.5522305145332,34.1798595479464],[-118.55214825052236,34.17985945563098],[-118.55214834819911,34.179819088540306],[-118.55205342049562,34.17981897283422],[-118.55205330944197,34.17986717170073],[-118.55206385668988,34.17986717855161],[-118.55206373224284,34.17993337590904],[-118.55212176023225,34.17993344098722],[-118.55212174161201,34.17994572371136],[-118.55215969908576,34.1799457704043],[-118.55215958751951,34.17999880605857],[-118.55223024569337,34.17999889546339],[-118.5522305145332,34.1798595479464]]]},"properties":{"building_pk":63031,"building_key":"lariac:394665888309","source_tile":"r03-c04","source_tile_ids":["r03-c04"],"source_bld_id":"394665888309","height_m":5.486,"receiver_ids":[191387,191388,191389,191390,191391,191392,191393,191394,191397],"receiver_keys":["r03-c04:expanded-facade-max4m:63031:0:10","r03-c04:expanded-facade-max4m:63031:0:13","r03-c04:expanded-facade-max4m:63031:0:16","r03-c04:expanded-facade-max4m:63031:0:4","r03-c04:expanded-facade-max4m:63031:0:5","r03-c04:expanded-facade-max4m:63031:0:6","r03-c04:expanded-facade-max4m:63031:0:7","r03-c04:expanded-facade-max4m:63031:0:8","r03-c04:expanded-facade-max4m:63031:0:9"],"receiver_count":9,"periods":{"D":{"min":52.680283,"max":64.69611,"receiver_count":9,"unavailable_count":0},"E":{"min":50.461796,"max":62.477627,"receiver_count":9,"unavailable_count":0},"N":{"min":45.690582,"max":57.706417,"receiver_count":9,"unavailable_count":0}}}},{"type":"Feature","id":"lariac:394380886367","geometry":{"type":"Polygon","coordinates":[[[-118.55301930923032,34.17461391539229],[-118.55315268032287,34.17461402036842],[-118.55315281223362,34.17448404322578],[-118.55310923632426,34.174483995505696],[-118.55310920231202,34.1745137556376],[-118.55301943858063,34.174513671192315],[-118.55301930923032,34.17461391539229]]]},"properties":{"building_pk":63491,"building_key":"lariac:394380886367","source_tile":"r03-c04","source_tile_ids":["r03-c04"],"source_bld_id":"394380886367","height_m":6.084,"receiver_ids":[191789,191790,191791,191792,191793,191794,191795,191796,191797,191798,191799,191800,191801,191802],"receiver_keys":["r03-c04:expanded-facade-max4m:63491:0:1","r03-c04:expanded-facade-max4m:63491:0:10","r03-c04:expanded-facade-max4m:63491:0:11","r03-c04:expanded-facade-max4m:63491:0:12","r03-c04:expanded-facade-max4m:63491:0:13","r03-c04:expanded-facade-max4m:63491:0:14","r03-c04:expanded-facade-max4m:63491:0:2","r03-c04:expanded-facade-max4m:63491:0:3","r03-c04:expanded-facade-max4m:63491:0:4","r03-c04:expanded-facade-max4m:63491:0:5","r03-c04:expanded-facade-max4m:63491:0:6","r03-c04:expanded-facade-max4m:63491:0:7","r03-c04:expanded-facade-max4m:63491:0:8","r03-c04:expanded-facade-max4m:63491:0:9"],"receiver_count":14,"periods":{"D":{"min":68.73964,"max":73.9665,"receiver_count":14,"unavailable_count":0},"E":{"min":66.52116,"max":71.74801,"receiver_count":14,"unavailable_count":0},"N":{"min":61.749943,"max":66.9768,"receiver_count":14,"unavailable_count":0}}}},{"type":"Feature","id":"lariac:2014121117310000","geometry":{"type":"Polygon","coordinates":[[[-118.55261497159493,34.179506981202145],[-118.55247796709281,34.179510108003335],[-118.55248312069452,34.17966607776767],[-118.55253307204396,34.179664938115465],[-118.55253268944614,34.17965367055973],[-118.5526190400253,34.179651700139594],[-118.55261804047421,34.17962145428958],[-118.55261875414463,34.17962143840707],[-118.55261497159493,34.179506981202145]]]},"properties":{"building_pk":63864,"building_key":"lariac:2014121117310000","source_tile":"r03-c04","source_tile_ids":["r03-c04"],"source_bld_id":"2014121117310000","height_m":8.65,"receiver_ids":[192143,192144,192145,192146,192147,192148,192149,192150,192151,192152,192153,192154,192155,192156,192157],"receiver_keys":["r03-c04:expanded-facade-max4m:63864:0:1","r03-c04:expanded-facade-max4m:63864:0:10","r03-c04:expanded-facade-max4m:63864:0:11","r03-c04:expanded-facade-max4m:63864:0:12","r03-c04:expanded-facade-max4m:63864:0:13","r03-c04:expanded-facade-max4m:63864:0:14","r03-c04:expanded-facade-max4m:63864:0:15","r03-c04:expanded-facade-max4m:63864:0:2","r03-c04:expanded-facade-max4m:63864:0:3","r03-c04:expanded-facade-max4m:63864:0:4","r03-c04:expanded-facade-max4m:63864:0:5","r03-c04:expanded-facade-max4m:63864:0:6","r03-c04:expanded-facade-max4m:63864:0:7","r03-c04:expanded-facade-max4m:63864:0:8","r03-c04:expanded-facade-max4m:63864:0:9"],"receiver_count":15,"periods":{"D":{"min":50.300037,"max":63.26557,"receiver_count":15,"unavailable_count":0},"E":{"min":48.08155,"max":61.04708,"receiver_count":15,"unavailable_count":0},"N":{"min":43.310337,"max":56.27587,"receiver_count":15,"unavailable_count":0}}}},{"type":"Feature","id":"lariac:2014121117340000","geometry":{"type":"Polygon","coordinates":[[[-118.55262042546805,34.17982358404739],[-118.5525521477761,34.179824204329634],[-118.55255230711525,34.17983632216004],[-118.55253255359285,34.17983650165761],[-118.55253220974556,34.17981042786297],[-118.55248075362532,34.1798108946239],[-118.55248270752816,34.17995953592678],[-118.55252276891387,34.17995917170782],[-118.55252282799691,34.179963676454726],[-118.55262225635123,34.17996277412091],[-118.55262042546805,34.17982358404739]]]},"properties":{"building_pk":63865,"building_key":"lariac:2014121117340000","source_tile":"r03-c04","source_tile_ids":["r03-c04"],"source_bld_id":"2014121117340000","height_m":8.65,"receiver_ids":[192158,192159,192160,192161,192162,192163,192164,192165,192166,192167,192168,192169],"receiver_keys":["r03-c04:expanded-facade-max4m:63865:0:1","r03-c04:expanded-facade-max4m:63865:0:10","r03-c04:expanded-facade-max4m:63865:0:11","r03-c04:expanded-facade-max4m:63865:0:12","r03-c04:expanded-facade-max4m:63865:0:16","r03-c04:expanded-facade-max4m:63865:0:2","r03-c04:expanded-facade-max4m:63865:0:4","r03-c04:expanded-facade-max4m:63865:0:5","r03-c04:expanded-facade-max4m:63865:0:6","r03-c04:expanded-facade-max4m:63865:0:7","r03-c04:expanded-facade-max4m:63865:0:8","r03-c04:expanded-facade-max4m:63865:0:9"],"receiver_count":12,"periods":{"D":{"min":49.25774,"max":62.497883,"receiver_count":12,"unavailable_count":0},"E":{"min":47.039253,"max":60.279396,"receiver_count":12,"unavailable_count":0},"N":{"min":42.26804,"max":55.508183,"receiver_count":12,"unavailable_count":0}}}},{"type":"Feature","id":"lariac:201700285687","geometry":{"type":"Polygon","coordinates":[[[-118.55269493731173,34.17488610222228],[-118.5527946805923,34.174885840179385],[-118.55279467516993,34.17488305353088],[-118.55284020915293,34.17488293374258],[-118.55284004470874,34.17483988846051],[-118.55273172705692,34.1748401735017],[-118.55273170560328,34.17483479949443],[-118.55270793800466,34.17483486214023],[-118.55270802188474,34.17485688648297],[-118.55269482669473,34.174856920641865],[-118.55269493731173,34.17488610222228]]]},"properties":{"building_pk":64214,"building_key":"lariac:201700285687","source_tile":"r03-c04","source_tile_ids":["r03-c04"],"source_bld_id":"201700285687","height_m":3.335,"receiver_ids":[192491,192492,192493,192494,192495,192496,192497,192498],"receiver_keys":["r03-c04:expanded-facade-max4m:64214:0:1","r03-c04:expanded-facade-max4m:64214:0:10","r03-c04:expanded-facade-max4m:64214:0:2","r03-c04:expanded-facade-max4m:64214:0:3","r03-c04:expanded-facade-max4m:64214:0:4","r03-c04:expanded-facade-max4m:64214:0:5","r03-c04:expanded-facade-max4m:64214:0:6","r03-c04:expanded-facade-max4m:64214:0:7"],"receiver_count":8,"periods":{"D":{"min":72.5209,"max":74.52273,"receiver_count":8,"unavailable_count":0},"E":{"min":70.302414,"max":72.30424,"receiver_count":8,"unavailable_count":0},"N":{"min":65.5312,"max":67.53303,"receiver_count":8,"unavailable_count":0}}}},{"type":"Feature","id":"lariac:201700286184","geometry":{"type":"Polygon","coordinates":[[[-118.55028129049703,34.17930758348362],[-118.55029409660881,34.179330550655024],[-118.55034866050951,34.179309536209686],[-118.55033966131812,34.17929339714617],[-118.55035415599644,34.179287814640546],[-118.55034824361655,34.17927721053558],[-118.55041233784358,34.17925252397858],[-118.5503743421064,34.17918438237945],[-118.5503783120148,34.179182853325656],[-118.55035963635133,34.17914936029833],[-118.55027079543963,34.17918357785449],[-118.55027762464879,34.17919586277774],[-118.55023020968328,34.17921412470894],[-118.55026127425994,34.179269835842724],[-118.55023430740818,34.17928552639578],[-118.55025925725501,34.17931769357499],[-118.55028129049703,34.17930758348362]]]},"properties":{"building_pk":64241,"building_key":"lariac:201700286184","source_tile":"r03-c04","source_tile_ids":["r03-c04"],"source_bld_id":"201700286184","height_m":6.514,"receiver_ids":[192650,192651,192652],"receiver_keys":["r03-c04:expanded-facade-max4m:64241:0:1","r03-c04:expanded-facade-max4m:64241:0:17","r03-c04:expanded-facade-max4m:64241:0:2"],"receiver_count":3,"periods":{"D":{"min":54.19958,"max":58.97686,"receiver_count":3,"unavailable_count":0},"E":{"min":51.981094,"max":56.758373,"receiver_count":3,"unavailable_count":0},"N":{"min":47.20988,"max":51.98716,"receiver_count":3,"unavailable_count":0}}}},{"type":"Feature","id":"lariac:394031888011","geometry":{"type":"Polygon","coordinates":[[[-118.55415749263294,34.17914476715478],[-118.55423396199632,34.17914383976493],[-118.55423349670308,34.17911850669731],[-118.55429912276199,34.17911773804261],[-118.55429922904365,34.179123783312065],[-118.5543412827596,34.17912326060296],[-118.55433999533811,34.17904890802548],[-118.55430670352267,34.17904930853681],[-118.55430639124441,34.17903216259408],[-118.55423064874961,34.17903308669925],[-118.55422946879878,34.178964944367785],[-118.55416209138919,34.17896577510257],[-118.55416363794544,34.17905436007622],[-118.55415590205187,34.17905445051596],[-118.55415749263294,34.17914476715478]]]},"properties":{"building_pk":68725,"building_key":"lariac:394031888011","source_tile":"r03-c04","source_tile_ids":["r03-c04"],"source_bld_id":"394031888011","height_m":5.093,"receiver_ids":[194742,194743,194744,194745,194746,194747,194748,194749,194750,194751,194752,194753,194754,194755,194756,194757,194758,194759],"receiver_keys":["r03-c04:expanded-facade-max4m:68725:0:1","r03-c04:expanded-facade-max4m:68725:0:10","r03-c04:expanded-facade-max4m:68725:0:12","r03-c04:expanded-facade-max4m:68725:0:13","r03-c04:expanded-facade-max4m:68725:0:14","r03-c04:expanded-facade-max4m:68725:0:15","r03-c04:expanded-facade-max4m:68725:0:16","r03-c04:expanded-facade-max4m:68725:0:17","r03-c04:expanded-facade-max4m:68725:0:18","r03-c04:expanded-facade-max4m:68725:0:19","r03-c04:expanded-facade-max4m:68725:0:2","r03-c04:expanded-facade-max4m:68725:0:3","r03-c04:expanded-facade-max4m:68725:0:4","r03-c04:expanded-facade-max4m:68725:0:5","r03-c04:expanded-facade-max4m:68725:0:6","r03-c04:expanded-facade-max4m:68725:0:7","r03-c04:expanded-facade-max4m:68725:0:8","r03-c04:expanded-facade-max4m:68725:0:9"],"receiver_count":18,"periods":{"D":{"min":54.600655,"max":61.427483,"receiver_count":18,"unavailable_count":0},"E":{"min":52.382168,"max":59.208996,"receiver_count":18,"unavailable_count":0},"N":{"min":47.610954,"max":54.437782,"receiver_count":18,"unavailable_count":0}}}},{"type":"Feature","id":"lariac:394574887438","geometry":{"type":"Polygon","coordinates":[[[-118.55244544939622,34.177527786825856],[-118.55248039933268,34.17752806622636],[-118.5524809020469,34.17748418036112],[-118.55244595320754,34.17748390005427],[-118.55244544939622,34.177527786825856]]]},"properties":{"building_pk":68746,"building_key":"lariac:394574887438","source_tile":"r03-c04","source_tile_ids":["r03-c04"],"source_bld_id":"394574887438","height_m":2.963,"receiver_ids":[194806,194807,194808,194809,194810],"receiver_keys":["r03-c04:expanded-facade-max4m:68746:0:1","r03-c04:expanded-facade-max4m:68746:0:2","r03-c04:expanded-facade-max4m:68746:0:3","r03-c04:expanded-facade-max4m:68746:0:4","r03-c04:expanded-facade-max4m:68746:0:5"],"receiver_count":5,"periods":{"D":{"min":63.45239,"max":64.22641,"receiver_count":5,"unavailable_count":0},"E":{"min":61.233902,"max":62.007927,"receiver_count":5,"unavailable_count":0},"N":{"min":56.46269,"max":57.236713,"receiver_count":5,"unavailable_count":0}}}},{"type":"Feature","id":"lariac:394456886331","geometry":{"type":"Polygon","coordinates":[[[-118.5528173277403,34.17447793844114],[-118.55285123939005,34.17447640856766],[-118.55284950832326,34.174449707330915],[-118.55281556431741,34.174451263496586],[-118.5528173277403,34.17447793844114]]]},"properties":{"building_pk":68794,"building_key":"lariac:394456886331","source_tile":"r03-c04","source_tile_ids":["r03-c04"],"source_bld_id":"394456886331","height_m":2.829,"receiver_ids":[194934,194935,194936],"receiver_keys":["r03-c04:expanded-facade-max4m:68794:0:1","r03-c04:expanded-facade-max4m:68794:0:2","r03-c04:expanded-facade-max4m:68794:0:4"],"receiver_count":3,"periods":{"D":{"min":67.69349,"max":71.85564,"receiver_count":3,"unavailable_count":0},"E":{"min":65.475,"max":69.63715,"receiver_count":3,"unavailable_count":0},"N":{"min":60.703785,"max":64.86594,"receiver_count":3,"unavailable_count":0}}}},{"type":"Feature","id":"lariac:395186888340","geometry":{"type":"Polygon","coordinates":[[[-118.55042391720882,34.17996632298155],[-118.5504244090956,34.17998072020671],[-118.55039326810069,34.17998146596052],[-118.55039465838226,34.18002190921668],[-118.55042579938635,34.18002116256101],[-118.55042669453918,34.18004654957762],[-118.55050983661606,34.18004454928872],[-118.55050910311547,34.18002344928095],[-118.5504912179643,34.18002386065295],[-118.55048917533622,34.179964762008254],[-118.55042391720882,34.17996632298155]]]},"properties":{"building_pk":68812,"building_key":"lariac:395186888340","source_tile":"r03-c04","source_tile_ids":["r03-c04"],"source_bld_id":"395186888340","height_m":5.044,"receiver_ids":[194974,194979,194980,194981],"receiver_keys":["r03-c04:expanded-facade-max4m:68812:0:10","r03-c04:expanded-facade-max4m:68812:0:2","r03-c04:expanded-facade-max4m:68812:0:7","r03-c04:expanded-facade-max4m:68812:0:9"],"receiver_count":4,"periods":{"D":{"min":58.975258,"max":62.49577,"receiver_count":4,"unavailable_count":0},"E":{"min":56.75677,"max":60.277283,"receiver_count":4,"unavailable_count":0},"N":{"min":51.985558,"max":55.50607,"receiver_count":4,"unavailable_count":0}}}},{"type":"Feature","id":"lariac:394772888171","geometry":{"type":"Polygon","coordinates":[[[-118.55190964846813,34.17952192014913],[-118.55187641917209,34.17952196179221],[-118.55187634579941,34.17947587969245],[-118.5517664439585,34.17947602321708],[-118.55176648619701,34.17948750959965],[-118.55170846069188,34.17948760932374],[-118.55170863180079,34.17956361593553],[-118.55171620340667,34.17956360844255],[-118.55171634421757,34.179635026332434],[-118.55170030825187,34.17963504448875],[-118.55170045388282,34.17969717464783],[-118.55176228278755,34.17969708462319],[-118.55176214769284,34.17963162952071],[-118.55175712212679,34.17963165244773],[-118.5517569659828,34.179562845499845],[-118.55183476349247,34.17956273848268],[-118.5518348158948,34.179575597870816],[-118.55184218900177,34.17957559217716],[-118.55184230659968,34.179633462667816],[-118.55190988797872,34.17963337426812],[-118.55190964846813,34.17952192014913]]]},"properties":{"building_pk":69303,"building_key":"lariac:394772888171","source_tile":"r03-c04","source_tile_ids":["r03-c04"],"source_bld_id":"394772888171","height_m":5.91,"receiver_ids":[195626,195627,195628,195629,195630,195631,195632,195633,195634,195635],"receiver_keys":["r03-c04:expanded-facade-max4m:69303:0:14","r03-c04:expanded-facade-max4m:69303:0:15","r03-c04:expanded-facade-max4m:69303:0:16","r03-c04:expanded-facade-max4m:69303:0:17","r03-c04:expanded-facade-max4m:69303:0:18","r03-c04:expanded-facade-max4m:69303:0:19","r03-c04:expanded-facade-max4m:69303:0:20","r03-c04:expanded-facade-max4m:69303:0:22","r03-c04:expanded-facade-max4m:69303:0:24","r03-c04:expanded-facade-max4m:69303:0:25"],"receiver_count":10,"periods":{"D":{"min":51.47514,"max":59.852066,"receiver_count":10,"unavailable_count":0},"E":{"min":49.256653,"max":57.63358,"receiver_count":10,"unavailable_count":0},"N":{"min":44.48544,"max":52.862366,"receiver_count":10,"unavailable_count":0}}}},{"type":"Feature","id":"lariac:394158888023","geometry":{"type":"Polygon","coordinates":[[[-118.55378142235737,34.179014260188744],[-118.5537813602876,34.17903484273034],[-118.55377031724018,34.179034810351915],[-118.55377011061452,34.179093479296256],[-118.55378102241794,34.17909351227562],[-118.55378086204232,34.17914410226936],[-118.55375156664942,34.179144043473556],[-118.5537514100094,34.17919012662991],[-118.55391801957443,34.17919049061202],[-118.55391835166844,34.1790810668499],[-118.55404035727855,34.179081332921015],[-118.55404057794378,34.179014832195286],[-118.55378142235737,34.179014260188744]]]},"properties":{"building_pk":69349,"building_key":"lariac:394158888023","source_tile":"r03-c04","source_tile_ids":["r03-c04"],"source_bld_id":"394158888023","height_m":9.513,"receiver_ids":[195689,195690,195691,195692,195693,195694,195695,195696,195697,195698,195699,195700,195701,195702,195703,195704,195705,195706,195707,195708,195709],"receiver_keys":["r03-c04:expanded-facade-max4m:69349:0:1","r03-c04:expanded-facade-max4m:69349:0:10","r03-c04:expanded-facade-max4m:69349:0:11","r03-c04:expanded-facade-max4m:69349:0:12","r03-c04:expanded-facade-max4m:69349:0:13","r03-c04:expanded-facade-max4m:69349:0:14","r03-c04:expanded-facade-max4m:69349:0:15","r03-c04:expanded-facade-max4m:69349:0:16","r03-c04:expanded-facade-max4m:69349:0:17","r03-c04:expanded-facade-max4m:69349:0:18","r03-c04:expanded-facade-max4m:69349:0:19","r03-c04:expanded-facade-max4m:69349:0:2","r03-c04:expanded-facade-max4m:69349:0:20","r03-c04:expanded-facade-max4m:69349:0:21","r03-c04:expanded-facade-max4m:69349:0:3","r03-c04:expanded-facade-max4m:69349:0:4","r03-c04:expanded-facade-max4m:69349:0:5","r03-c04:expanded-facade-max4m:69349:0:6","r03-c04:expanded-facade-max4m:69349:0:7","r03-c04:expanded-facade-max4m:69349:0:8","r03-c04:expanded-facade-max4m:69349:0:9"],"receiver_count":21,"periods":{"D":{"min":50.429947,"max":69.64112,"receiver_count":21,"unavailable_count":0},"E":{"min":48.21146,"max":67.42263,"receiver_count":21,"unavailable_count":0},"N":{"min":43.440247,"max":62.651417,"receiver_count":21,"unavailable_count":0}}}},{"type":"Feature","id":"lariac:393978887585","geometry":{"type":"Polygon","coordinates":[[[-118.55450236676148,34.17795746268838],[-118.55450129880832,34.177916193981964],[-118.55452969739842,34.17791570586251],[-118.5545280022911,34.17784973681449],[-118.55434670664212,34.17785293087869],[-118.55434652543953,34.17784556699335],[-118.55432080483388,34.177846014847916],[-118.5543225067205,34.177913193739556],[-118.55433807844412,34.17791290239091],[-118.55433919417199,34.17795647883297],[-118.55434626792518,34.17795633642185],[-118.5543463599893,34.177960238785424],[-118.55450236676148,34.17795746268838]]]},"properties":{"building_pk":69545,"building_key":"lariac:393978887585","source_tile":"r03-c04","source_tile_ids":["r03-c04"],"source_bld_id":"393978887585","height_m":8.54,"receiver_ids":[196008,196009,196010,196011,196012,196013,196014,196015,196016,196017,196018],"receiver_keys":["r03-c04:expanded-facade-max4m:69545:0:1","r03-c04:expanded-facade-max4m:69545:0:10","r03-c04:expanded-facade-max4m:69545:0:11","r03-c04:expanded-facade-max4m:69545:0:12","r03-c04:expanded-facade-max4m:69545:0:13","r03-c04:expanded-facade-max4m:69545:0:14","r03-c04:expanded-facade-max4m:69545:0:15","r03-c04:expanded-facade-max4m:69545:0:16","r03-c04:expanded-facade-max4m:69545:0:2","r03-c04:expanded-facade-max4m:69545:0:3","r03-c04:expanded-facade-max4m:69545:0:4"],"receiver_count":11,"periods":{"D":{"min":52.771,"max":66.22207,"receiver_count":11,"unavailable_count":0},"E":{"min":50.552513,"max":64.003586,"receiver_count":11,"unavailable_count":0},"N":{"min":45.7813,"max":59.23237,"receiver_count":11,"unavailable_count":0}}}},{"type":"Feature","id":"lariac:394519887340","geometry":{"type":"Polygon","coordinates":[[[-118.55257129266748,34.177278608388335],[-118.5527054912761,34.17727821424685],[-118.55270530183778,34.17723449652598],[-118.55271432781713,34.17723448232301],[-118.55271416401047,34.177194803403395],[-118.55270943579933,34.17719482501172],[-118.5527092539953,34.17715734413933],[-118.55257079035395,34.17715772982465],[-118.55257129266748,34.177278608388335]]]},"properties":{"building_pk":69791,"building_key":"lariac:394519887340","source_tile":"r03-c04","source_tile_ids":["r03-c04"],"source_bld_id":"394519887340","height_m":8.428,"receiver_ids":[196294,196295,196296,196297,196298,196299,196300,196301,196302,196303,196304],"receiver_keys":["r03-c04:expanded-facade-max4m:69791:0:1","r03-c04:expanded-facade-max4m:69791:0:11","r03-c04:expanded-facade-max4m:69791:0:12","r03-c04:expanded-facade-max4m:69791:0:13","r03-c04:expanded-facade-max4m:69791:0:14","r03-c04:expanded-facade-max4m:69791:0:2","r03-c04:expanded-facade-max4m:69791:0:3","r03-c04:expanded-facade-max4m:69791:0:4","r03-c04:expanded-facade-max4m:69791:0:5","r03-c04:expanded-facade-max4m:69791:0:6","r03-c04:expanded-facade-max4m:69791:0:7"],"receiver_count":11,"periods":{"D":{"min":55.796158,"max":63.572296,"receiver_count":11,"unavailable_count":0},"E":{"min":53.57767,"max":61.35381,"receiver_count":11,"unavailable_count":0},"N":{"min":48.806458,"max":56.582596,"receiver_count":11,"unavailable_count":0}}}},{"type":"Feature","id":"lariac:394180886420","geometry":{"type":"Polygon","coordinates":[[[-118.55366066101371,34.17463192020716],[-118.55366039215606,34.17478105038821],[-118.55369715740167,34.17478110204597],[-118.5536971132138,34.17479440182982],[-118.55380943167417,34.174794516821],[-118.55380923673917,34.17476511023992],[-118.5537989130782,34.17476486361108],[-118.55379915664915,34.17463208305037],[-118.55366066101371,34.17463192020716]]]},"properties":{"building_pk":70189,"building_key":"lariac:394180886420","source_tile":"r03-c04","source_tile_ids":["r03-c04"],"source_bld_id":"394180886420","height_m":10.26,"receiver_ids":[196948,196949,196950,196951,196952,196953,196954,196955,196956,196957,196958],"receiver_keys":["r03-c04:expanded-facade-max4m:70189:0:1","r03-c04:expanded-facade-max4m:70189:0:14","r03-c04:expanded-facade-max4m:70189:0:15","r03-c04:expanded-facade-max4m:70189:0:16","r03-c04:expanded-facade-max4m:70189:0:2","r03-c04:expanded-facade-max4m:70189:0:3","r03-c04:expanded-facade-max4m:70189:0:4","r03-c04:expanded-facade-max4m:70189:0:5","r03-c04:expanded-facade-max4m:70189:0:6","r03-c04:expanded-facade-max4m:70189:0:7","r03-c04:expanded-facade-max4m:70189:0:8"],"receiver_count":11,"periods":{"D":{"min":66.24512,"max":75.70647,"receiver_count":11,"unavailable_count":0},"E":{"min":64.026634,"max":73.487976,"receiver_count":11,"unavailable_count":0},"N":{"min":59.255417,"max":68.71677,"receiver_count":11,"unavailable_count":0}}}},{"type":"Feature","id":"lariac:394559886270","geometry":{"type":"Polygon","coordinates":[[[-118.55253180750432,34.17425809083862],[-118.55245332093597,34.1742582294223],[-118.5524535781017,34.174352234068],[-118.55247992820782,34.17435216868935],[-118.55247988443779,34.17433554441356],[-118.55253202169895,34.17433541621095],[-118.55253180750432,34.17425809083862]]]},"properties":{"building_pk":70403,"building_key":"lariac:394559886270","source_tile":"r03-c04","source_tile_ids":["r03-c04"],"source_bld_id":"394559886270","height_m":4.401,"receiver_ids":[197230,197231,197232,197233,197234,197235,197236],"receiver_keys":["r03-c04:expanded-facade-max4m:70403:0:1","r03-c04:expanded-facade-max4m:70403:0:2","r03-c04:expanded-facade-max4m:70403:0:3","r03-c04:expanded-facade-max4m:70403:0:4","r03-c04:expanded-facade-max4m:70403:0:7","r03-c04:expanded-facade-max4m:70403:0:8","r03-c04:expanded-facade-max4m:70403:0:9"],"receiver_count":7,"periods":{"D":{"min":74.13509,"max":76.5603,"receiver_count":7,"unavailable_count":0},"E":{"min":71.9166,"max":74.34182,"receiver_count":7,"unavailable_count":0},"N":{"min":67.14539,"max":69.5706,"receiver_count":7,"unavailable_count":0}}}},{"type":"Feature","id":"lariac:396286888173","geometry":{"type":"Polygon","coordinates":[[[-118.54685284585078,34.179571997879265],[-118.54685334134903,34.179533681821525],[-118.54678184342865,34.179533009774744],[-118.54678126883712,34.17957151100612],[-118.54685284585078,34.179571997879265]]]},"properties":{"building_pk":70621,"building_key":"lariac:396286888173","source_tile":"r03-c04","source_tile_ids":["r03-c04"],"source_bld_id":"396286888173","height_m":4.368,"receiver_ids":[197434,197435,197436,197437,197438,197439],"receiver_keys":["r03-c04:expanded-facade-max4m:70621:0:1","r03-c04:expanded-facade-max4m:70621:0:2","r03-c04:expanded-facade-max4m:70621:0:3","r03-c04:expanded-facade-max4m:70621:0:4","r03-c04:expanded-facade-max4m:70621:0:5","r03-c04:expanded-facade-max4m:70621:0:6"],"receiver_count":6,"periods":{"D":{"min":60.567356,"max":64.53308,"receiver_count":6,"unavailable_count":0},"E":{"min":58.34887,"max":62.31459,"receiver_count":6,"unavailable_count":0},"N":{"min":53.577656,"max":57.54338,"receiver_count":6,"unavailable_count":0}}}},{"type":"Feature","id":"lariac:394181888221","geometry":{"type":"Polygon","coordinates":[[[-118.55373185097264,34.179721223095996],[-118.55380902419715,34.17972150172569],[-118.55380886622865,34.17974758052096],[-118.55388537779005,34.17974786213176],[-118.55388642381563,34.17956646751855],[-118.55381678998337,34.17956620940979],[-118.55381710155469,34.17951355779298],[-118.55386474765871,34.17951372456697],[-118.55386462817899,34.17953562542958],[-118.55396309470073,34.179535999376405],[-118.55396349772492,34.17946721690823],[-118.55386503218962,34.17946681591131],[-118.55386497739572,34.179473603889676],[-118.55374895457732,34.179473145264105],[-118.55374841900544,34.17956696151944],[-118.55373274607383,34.17956692328897],[-118.55373185097264,34.179721223095996]]]},"properties":{"building_pk":70900,"building_key":"lariac:394181888221","source_tile":"r03-c04","source_tile_ids":["r03-c04"],"source_bld_id":"394181888221","height_m":6.032,"receiver_ids":[197712,197713,197714,197715,197716,197717,197718,197719,197720,197721,197722,197723,197724,197725,197726,197727,197728,197729,197730,197731,197732,197733,197734,197735,197736,197737,197738],"receiver_keys":["r03-c04:expanded-facade-max4m:70900:0:1","r03-c04:expanded-facade-max4m:70900:0:10","r03-c04:expanded-facade-max4m:70900:0:11","r03-c04:expanded-facade-max4m:70900:0:12","r03-c04:expanded-facade-max4m:70900:0:15","r03-c04:expanded-facade-max4m:70900:0:16","r03-c04:expanded-facade-max4m:70900:0:17","r03-c04:expanded-facade-max4m:70900:0:18","r03-c04:expanded-facade-max4m:70900:0:19","r03-c04:expanded-facade-max4m:70900:0:2","r03-c04:expanded-facade-max4m:70900:0:20","r03-c04:expanded-facade-max4m:70900:0:21","r03-c04:expanded-facade-max4m:70900:0:22","r03-c04:expanded-facade-max4m:70900:0:23","r03-c04:expanded-facade-max4m:70900:0:24","r03-c04:expanded-facade-max4m:70900:0:25","r03-c04:expanded-facade-max4m:70900:0:26","r03-c04:expanded-facade-max4m:70900:0:29","r03-c04:expanded-facade-max4m:70900:0:3","r03-c04:expanded-facade-max4m:70900:0:30","r03-c04:expanded-facade-max4m:70900:0:31","r03-c04:expanded-facade-max4m:70900:0:4","r03-c04:expanded-facade-max4m:70900:0:5","r03-c04:expanded-facade-max4m:70900:0:6","r03-c04:expanded-facade-max4m:70900:0:7","r03-c04:expanded-facade-max4m:70900:0:8","r03-c04:expanded-facade-max4m:70900:0:9"],"receiver_count":27,"periods":{"D":{"min":51.357285,"max":69.75489,"receiver_count":27,"unavailable_count":0},"E":{"min":49.138798,"max":67.5364,"receiver_count":27,"unavailable_count":0},"N":{"min":44.367584,"max":62.765186,"receiver_count":27,"unavailable_count":0}}}},{"type":"Feature","id":"lariac:394402887296","geometry":{"type":"Polygon","coordinates":[[[-118.55308039865812,34.177049688012595],[-118.55293600253336,34.17704806736286],[-118.55293417932496,34.177162168832474],[-118.55298238850905,34.17716271833297],[-118.55298226456608,34.17716906667306],[-118.55303702064437,34.17716969530393],[-118.55303716075412,34.177160873953895],[-118.55307862435765,34.17716131632561],[-118.55308039865812,34.177049688012595]]]},"properties":{"building_pk":71048,"building_key":"lariac:394402887296","source_tile":"r03-c04","source_tile_ids":["r03-c04"],"source_bld_id":"394402887296","height_m":8.355,"receiver_ids":[197824,197825,197826,197827,197828,197829,197830,197831,197832,197833,197834],"receiver_keys":["r03-c04:expanded-facade-max4m:71048:0:1","r03-c04:expanded-facade-max4m:71048:0:10","r03-c04:expanded-facade-max4m:71048:0:11","r03-c04:expanded-facade-max4m:71048:0:2","r03-c04:expanded-facade-max4m:71048:0:3","r03-c04:expanded-facade-max4m:71048:0:4","r03-c04:expanded-facade-max4m:71048:0:5","r03-c04:expanded-facade-max4m:71048:0:6","r03-c04:expanded-facade-max4m:71048:0:7","r03-c04:expanded-facade-max4m:71048:0:8","r03-c04:expanded-facade-max4m:71048:0:9"],"receiver_count":11,"periods":{"D":{"min":54.677155,"max":63.558994,"receiver_count":11,"unavailable_count":0},"E":{"min":52.458668,"max":61.340508,"receiver_count":11,"unavailable_count":0},"N":{"min":47.687454,"max":56.569294,"receiver_count":11,"unavailable_count":0}}}},{"type":"Feature","id":"lariac:395980888068","geometry":{"type":"Polygon","coordinates":[[[-118.54777619293922,34.17930996881796],[-118.54788893944827,34.179309926020046],[-118.54788889091886,34.17922693910942],[-118.54789560339036,34.17922693574743],[-118.54789555610553,34.1791795345782],[-118.5477761309372,34.179179581487205],[-118.54777619293922,34.17930996881796]]]},"properties":{"building_pk":71137,"building_key":"lariac:395980888068","source_tile":"r03-c04","source_tile_ids":["r03-c04"],"source_bld_id":"395980888068","height_m":4.98,"receiver_ids":[197878,197879,197880,197881,197882],"receiver_keys":["r03-c04:expanded-facade-max4m:71137:0:1","r03-c04:expanded-facade-max4m:71137:0:13","r03-c04:expanded-facade-max4m:71137:0:2","r03-c04:expanded-facade-max4m:71137:0:3","r03-c04:expanded-facade-max4m:71137:0:4"],"receiver_count":5,"periods":{"D":{"min":55.677387,"max":64.23719,"receiver_count":5,"unavailable_count":0},"E":{"min":53.4589,"max":62.0187,"receiver_count":5,"unavailable_count":0},"N":{"min":48.687687,"max":57.247486,"receiver_count":5,"unavailable_count":0}}}},{"type":"Feature","id":"lariac:2014121074020000","geometry":{"type":"Polygon","coordinates":[[[-118.55439303515466,34.179033793934295],[-118.55441279455123,34.17903387465132],[-118.55441230668518,34.17911613289508],[-118.55449631810424,34.179116476202175],[-118.55449644155365,34.179095688727365],[-118.5546005269583,34.179096114826024],[-118.55460110489075,34.1789985299131],[-118.55458461939153,34.17899846306397],[-118.55458484527006,34.17896026449417],[-118.5545405328362,34.178960082720124],[-118.55454043172088,34.17897720621621],[-118.5544850360195,34.17897697967557],[-118.55448531709479,34.1789296031313],[-118.55439365486745,34.178929228173956],[-118.55439303515466,34.179033793934295]]]},"properties":{"building_pk":71269,"building_key":"lariac:2014121074020000","source_tile":"r03-c04","source_tile_ids":["r03-c04"],"source_bld_id":"2014121074020000","height_m":4.889,"receiver_ids":[198037,198038,198039,198040,198041,198042,198043,198044,198045,198046],"receiver_keys":["r03-c04:expanded-facade-max4m:71269:0:13","r03-c04:expanded-facade-max4m:71269:0:16","r03-c04:expanded-facade-max4m:71269:0:17","r03-c04:expanded-facade-max4m:71269:0:18","r03-c04:expanded-facade-max4m:71269:0:19","r03-c04:expanded-facade-max4m:71269:0:2","r03-c04:expanded-facade-max4m:71269:0:3","r03-c04:expanded-facade-max4m:71269:0:4","r03-c04:expanded-facade-max4m:71269:0:5","r03-c04:expanded-facade-max4m:71269:0:7"],"receiver_count":10,"periods":{"D":{"min":56.675705,"max":64.324684,"receiver_count":10,"unavailable_count":0},"E":{"min":54.45722,"max":62.106194,"receiver_count":10,"unavailable_count":0},"N":{"min":49.686005,"max":57.334984,"receiver_count":10,"unavailable_count":0}}}},{"type":"Feature","id":"lariac:2014121117400000","geometry":{"type":"Polygon","coordinates":[[[-118.55185525087774,34.17997416479584],[-118.55178211233313,34.17991978647768],[-118.55172808496401,34.17996997850337],[-118.55171483997648,34.17996013095227],[-118.55167472398286,34.17999739896499],[-118.55176110752546,34.18006162399408],[-118.55185525087774,34.17997416479584]]]},"properties":{"building_pk":71420,"building_key":"lariac:2014121117400000","source_tile":"r03-c04","source_tile_ids":["r03-c04"],"source_bld_id":"2014121117400000","height_m":4.993,"receiver_ids":[198128,198129,198130,198131,198132],"receiver_keys":["r03-c04:expanded-facade-max4m:71420:0:2","r03-c04:expanded-facade-max4m:71420:0:3","r03-c04:expanded-facade-max4m:71420:0:4","r03-c04:expanded-facade-max4m:71420:0:5","r03-c04:expanded-facade-max4m:71420:0:6"],"receiver_count":5,"periods":{"D":{"min":58.75538,"max":63.77033,"receiver_count":5,"unavailable_count":0},"E":{"min":56.536892,"max":61.55184,"receiver_count":5,"unavailable_count":0},"N":{"min":51.76568,"max":56.780632,"receiver_count":5,"unavailable_count":0}}}},{"type":"Feature","id":"lariac:2014121117490000","geometry":{"type":"Polygon","coordinates":[[[-118.55096494638636,34.18000190470555],[-118.55102460614903,34.18001368205012],[-118.55103932946058,34.17996216654622],[-118.55105072244211,34.17996441537894],[-118.55105737369468,34.17994114416596],[-118.55102138191525,34.17993403899725],[-118.55101411356597,34.179959470414964],[-118.55097905263847,34.179952548513974],[-118.55096494638636,34.18000190470555]]]},"properties":{"building_pk":71421,"building_key":"lariac:2014121117490000","source_tile":"r03-c04","source_tile_ids":["r03-c04"],"source_bld_id":"2014121117490000","height_m":3.773,"receiver_ids":[198141,198142,198143,198144,198145],"receiver_keys":["r03-c04:expanded-facade-max4m:71421:0:3","r03-c04:expanded-facade-max4m:71421:0:4","r03-c04:expanded-facade-max4m:71421:0:5","r03-c04:expanded-facade-max4m:71421:0:7","r03-c04:expanded-facade-max4m:71421:0:8"],"receiver_count":5,"periods":{"D":{"min":62.025627,"max":64.639984,"receiver_count":5,"unavailable_count":0},"E":{"min":59.80714,"max":62.4215,"receiver_count":5,"unavailable_count":0},"N":{"min":55.035927,"max":57.650288,"receiver_count":5,"unavailable_count":0}}}},{"type":"Feature","id":"lariac:201700286221","geometry":{"type":"Polygon","coordinates":[[[-118.55311640032953,34.17969784402478],[-118.55319046292044,34.17969868992151],[-118.553190826063,34.17967670049607],[-118.55320526104973,34.17967686526628],[-118.5532050961307,34.17968685242709],[-118.55327076633283,34.179687603232715],[-118.5532714547682,34.17964594152323],[-118.55326453994769,34.179645862265446],[-118.55326503479655,34.179615917911676],[-118.55327468885018,34.179616027912665],[-118.55327541932563,34.17957186963463],[-118.55323262076118,34.17957281279419],[-118.55323316914776,34.179539648780924],[-118.55312610876915,34.179531520594054],[-118.55312553095699,34.179566472503595],[-118.55311857492345,34.179566393426],[-118.55311640032953,34.17969784402478]]]},"properties":{"building_pk":71756,"building_key":"lariac:201700286221","source_tile":"r03-c04","source_tile_ids":["r03-c04"],"source_bld_id":"201700286221","height_m":8.227,"receiver_ids":[198529,198530,198531,198532,198533,198534,198535,198536,198537,198538,198539,198540],"receiver_keys":["r03-c04:expanded-facade-max4m:71756:0:1","r03-c04:expanded-facade-max4m:71756:0:11","r03-c04:expanded-facade-max4m:71756:0:12","r03-c04:expanded-facade-max4m:71756:0:13","r03-c04:expanded-facade-max4m:71756:0:14","r03-c04:expanded-facade-max4m:71756:0:2","r03-c04:expanded-facade-max4m:71756:0:4","r03-c04:expanded-facade-max4m:71756:0:5","r03-c04:expanded-facade-max4m:71756:0:6","r03-c04:expanded-facade-max4m:71756:0:7","r03-c04:expanded-facade-max4m:71756:0:8","r03-c04:expanded-facade-max4m:71756:0:9"],"receiver_count":12,"periods":{"D":{"min":51.00147,"max":70.69123,"receiver_count":12,"unavailable_count":0},"E":{"min":48.78298,"max":68.47275,"receiver_count":12,"unavailable_count":0},"N":{"min":44.01177,"max":63.701534,"receiver_count":12,"unavailable_count":0}}}},{"type":"Feature","id":"lariac:394354887075","geometry":{"type":"Polygon","coordinates":[[[-118.55309539700463,34.17644867884748],[-118.55308472606154,34.176454827497004],[-118.5530846635359,34.176490440585404],[-118.55309468034696,34.176500177433155],[-118.55304739915586,34.176499981648625],[-118.55304702953958,34.17656392717038],[-118.5532443520217,34.17656475564056],[-118.5532450746806,34.17644931319384],[-118.55309539700463,34.17644867884748]]]},"properties":{"building_pk":76167,"building_key":"lariac:394354887075","source_tile":"r03-c04","source_tile_ids":["r03-c04"],"source_bld_id":"394354887075","height_m":9.586,"receiver_ids":[200239,200240,200241,200242,200243,200244,200245,200246,200247,200248,200249,200250],"receiver_keys":["r03-c04:expanded-facade-max4m:76167:0:1","r03-c04:expanded-facade-max4m:76167:0:10","r03-c04:expanded-facade-max4m:76167:0:11","r03-c04:expanded-facade-max4m:76167:0:12","r03-c04:expanded-facade-max4m:76167:0:13","r03-c04:expanded-facade-max4m:76167:0:3","r03-c04:expanded-facade-max4m:76167:0:4","r03-c04:expanded-facade-max4m:76167:0:5","r03-c04:expanded-facade-max4m:76167:0:6","r03-c04:expanded-facade-max4m:76167:0:7","r03-c04:expanded-facade-max4m:76167:0:8","r03-c04:expanded-facade-max4m:76167:0:9"],"receiver_count":12,"periods":{"D":{"min":63.7881,"max":71.881294,"receiver_count":12,"unavailable_count":0},"E":{"min":61.56961,"max":69.66281,"receiver_count":12,"unavailable_count":0},"N":{"min":56.7984,"max":64.891594,"receiver_count":12,"unavailable_count":0}}}},{"type":"Feature","id":"lariac:394099888261","geometry":{"type":"Polygon","coordinates":[[[-118.55409284268028,34.17977631390418],[-118.55409266382817,34.17971434977622],[-118.5540098397104,34.17971450921839],[-118.55400998595911,34.17977647349554],[-118.55409284268028,34.17977631390418]]]},"properties":{"building_pk":76189,"building_key":"lariac:394099888261","source_tile":"r03-c04","source_tile_ids":["r03-c04"],"source_bld_id":"394099888261","height_m":3.655,"receiver_ids":[200307,200308,200309,200310,200311,200312,200313,200314],"receiver_keys":["r03-c04:expanded-facade-max4m:76189:0:1","r03-c04:expanded-facade-max4m:76189:0:2","r03-c04:expanded-facade-max4m:76189:0:3","r03-c04:expanded-facade-max4m:76189:0:4","r03-c04:expanded-facade-max4m:76189:0:5","r03-c04:expanded-facade-max4m:76189:0:6","r03-c04:expanded-facade-max4m:76189:0:7","r03-c04:expanded-facade-max4m:76189:0:8"],"receiver_count":8,"periods":{"D":{"min":61.911022,"max":63.735558,"receiver_count":8,"unavailable_count":0},"E":{"min":59.69253,"max":61.51707,"receiver_count":8,"unavailable_count":0},"N":{"min":54.92132,"max":56.745857,"receiver_count":8,"unavailable_count":0}}}},{"type":"Feature","id":"lariac:394008887978","geometry":{"type":"Polygon","coordinates":[[[-118.5543065271952,34.179012761637644],[-118.55437874187702,34.17901344758597],[-118.55437956719213,34.17895342889551],[-118.55430735148336,34.178952743854154],[-118.5543065271952,34.179012761637644]]]},"properties":{"building_pk":77056,"building_key":"lariac:394008887978","source_tile":"r03-c04","source_tile_ids":["r03-c04"],"source_bld_id":"394008887978","height_m":4.252,"receiver_ids":[201317,201318,201319,201320,201321],"receiver_keys":["r03-c04:expanded-facade-max4m:77056:0:1","r03-c04:expanded-facade-max4m:77056:0:2","r03-c04:expanded-facade-max4m:77056:0:5","r03-c04:expanded-facade-max4m:77056:0:6","r03-c04:expanded-facade-max4m:77056:0:7"],"receiver_count":5,"periods":{"D":{"min":56.269604,"max":60.286312,"receiver_count":5,"unavailable_count":0},"E":{"min":54.051117,"max":58.067825,"receiver_count":5,"unavailable_count":0},"N":{"min":49.279903,"max":53.29661,"receiver_count":5,"unavailable_count":0}}}},{"type":"Feature","id":"lariac:393979887686","geometry":{"type":"Polygon","coordinates":[[[-118.55450337199592,34.178203533714424],[-118.55452654999733,34.178203729462126],[-118.55452751201172,34.178124447746654],[-118.55449960540396,34.178124218684985],[-118.55449955947971,34.17812726882014],[-118.55435417240626,34.178126011409844],[-118.55435421067857,34.17812180733305],[-118.55428735291005,34.17812123475893],[-118.55428651095615,34.17818872732706],[-118.5543473513214,34.17818924454102],[-118.55434678270203,34.17823318661665],[-118.55450298203915,34.17823450445307],[-118.55450337199592,34.178203533714424]]]},"properties":{"building_pk":77396,"building_key":"lariac:393979887686","source_tile":"r03-c04","source_tile_ids":["r03-c04"],"source_bld_id":"393979887686","height_m":8.224,"receiver_ids":[201791,201792,201793,201794,201795,201796,201797,201798,201799],"receiver_keys":["r03-c04:expanded-facade-max4m:77396:0:1","r03-c04:expanded-facade-max4m:77396:0:10","r03-c04:expanded-facade-max4m:77396:0:11","r03-c04:expanded-facade-max4m:77396:0:12","r03-c04:expanded-facade-max4m:77396:0:13","r03-c04:expanded-facade-max4m:77396:0:18","r03-c04:expanded-facade-max4m:77396:0:2","r03-c04:expanded-facade-max4m:77396:0:3","r03-c04:expanded-facade-max4m:77396:0:9"],"receiver_count":9,"periods":{"D":{"min":57.103153,"max":65.73696,"receiver_count":9,"unavailable_count":0},"E":{"min":54.884666,"max":63.518475,"receiver_count":9,"unavailable_count":0},"N":{"min":50.113453,"max":58.74726,"receiver_count":9,"unavailable_count":0}}}},{"type":"Feature","id":"lariac:394478887164","geometry":{"type":"Polygon","coordinates":[[[-118.55272349733828,34.1767264337416],[-118.55272356156009,34.17678122750586],[-118.55283184039794,34.17678108961264],[-118.55283183056324,34.17677452190754],[-118.55286803408552,34.17677446640068],[-118.55286795381981,34.17673250619219],[-118.55282801553227,34.1767325517247],[-118.55282800697563,34.176726341025315],[-118.55272349733828,34.1767264337416]]]},"properties":{"building_pk":78322,"building_key":"lariac:394478887164","source_tile":"r03-c04","source_tile_ids":["r03-c04"],"source_bld_id":"394478887164","height_m":3.045,"receiver_ids":[202825,202826,202827,202828,202829,202830,202831,202832,202833],"receiver_keys":["r03-c04:expanded-facade-max4m:78322:0:1","r03-c04:expanded-facade-max4m:78322:0:10","r03-c04:expanded-facade-max4m:78322:0:2","r03-c04:expanded-facade-max4m:78322:0:3","r03-c04:expanded-facade-max4m:78322:0:4","r03-c04:expanded-facade-max4m:78322:0:5","r03-c04:expanded-facade-max4m:78322:0:6","r03-c04:expanded-facade-max4m:78322:0:7","r03-c04:expanded-facade-max4m:78322:0:9"],"receiver_count":9,"periods":{"D":{"min":63.048405,"max":65.87258,"receiver_count":9,"unavailable_count":0},"E":{"min":60.829918,"max":63.654095,"receiver_count":9,"unavailable_count":0},"N":{"min":56.058704,"max":58.88288,"receiver_count":9,"unavailable_count":0}}}},{"type":"Feature","id":"lariac:396304888331","geometry":{"type":"Polygon","coordinates":[[[-118.54681422189509,34.18005974824748],[-118.54681314602969,34.17993068356333],[-118.54670625480182,34.179931304724775],[-118.54670689335197,34.18000865521553],[-118.54673155794248,34.1800085166759],[-118.54673199600981,34.18006020291822],[-118.54681422189509,34.18005974824748]]]},"properties":{"building_pk":78616,"building_key":"lariac:396304888331","source_tile":"r03-c04","source_tile_ids":["r03-c04"],"source_bld_id":"396304888331","height_m":5.593,"receiver_ids":[203308,203309,203310,203311,203312,203313,203314,203315,203316],"receiver_keys":["r03-c04:expanded-facade-max4m:78616:0:1","r03-c04:expanded-facade-max4m:78616:0:11","r03-c04:expanded-facade-max4m:78616:0:2","r03-c04:expanded-facade-max4m:78616:0:3","r03-c04:expanded-facade-max4m:78616:0:4","r03-c04:expanded-facade-max4m:78616:0:5","r03-c04:expanded-facade-max4m:78616:0:6","r03-c04:expanded-facade-max4m:78616:0:8","r03-c04:expanded-facade-max4m:78616:0:9"],"receiver_count":9,"periods":{"D":{"min":62.578594,"max":67.41992,"receiver_count":9,"unavailable_count":0},"E":{"min":60.360107,"max":65.20143,"receiver_count":9,"unavailable_count":0},"N":{"min":55.588894,"max":60.43022,"receiver_count":9,"unavailable_count":0}}}},{"type":"Feature","id":"lariac:395552888208","geometry":{"type":"Polygon","coordinates":[[[-118.54920694770689,34.17966631478746],[-118.54928117617648,34.17966633470705],[-118.54928119630593,34.17960901353836],[-118.5492069353453,34.17960899376656],[-118.54920694770689,34.17966631478746]]]},"properties":{"building_pk":78653,"building_key":"lariac:395552888208","source_tile":"r03-c04","source_tile_ids":["r03-c04"],"source_bld_id":"395552888208","height_m":5.428,"receiver_ids":[203354,203355,203356,203357,203358,203359,203360],"receiver_keys":["r03-c04:expanded-facade-max4m:78653:0:1","r03-c04:expanded-facade-max4m:78653:0:2","r03-c04:expanded-facade-max4m:78653:0:3","r03-c04:expanded-facade-max4m:78653:0:4","r03-c04:expanded-facade-max4m:78653:0:5","r03-c04:expanded-facade-max4m:78653:0:6","r03-c04:expanded-facade-max4m:78653:0:7"],"receiver_count":7,"periods":{"D":{"min":57.495102,"max":64.97214,"receiver_count":7,"unavailable_count":0},"E":{"min":55.276615,"max":62.753647,"receiver_count":7,"unavailable_count":0},"N":{"min":50.5054,"max":57.982433,"receiver_count":7,"unavailable_count":0}}}},{"type":"Feature","id":"lariac:393967887385","geometry":{"type":"Polygon","coordinates":[[[-118.55452825271,34.17740929968779],[-118.55452681752583,34.177342449541065],[-118.55453703252576,34.17734229271558],[-118.55453636160166,34.177310832795044],[-118.55452654233639,34.17731095985811],[-118.55452621991857,34.17729719475396],[-118.5543334165792,34.17730008455526],[-118.55433332032317,34.177295550228386],[-118.5543071699799,34.17729594505625],[-118.55430860625764,34.177362823147604],[-118.5543167713513,34.177362702782354],[-118.55431729516621,34.17738671752323],[-118.55438642181628,34.17738568574725],[-118.55438698949956,34.17741140420564],[-118.55452825271,34.17740929968779]]]},"properties":{"building_pk":78815,"building_key":"lariac:393967887385","source_tile":"r03-c04","source_tile_ids":["r03-c04"],"source_bld_id":"393967887385","height_m":9.245,"receiver_ids":[203510,203511,203512,203513,203514,203515,203516,203517,203518],"receiver_keys":["r03-c04:expanded-facade-max4m:78815:0:10","r03-c04:expanded-facade-max4m:78815:0:11","r03-c04:expanded-facade-max4m:78815:0:12","r03-c04:expanded-facade-max4m:78815:0:13","r03-c04:expanded-facade-max4m:78815:0:14","r03-c04:expanded-facade-max4m:78815:0:15","r03-c04:expanded-facade-max4m:78815:0:3","r03-c04:expanded-facade-max4m:78815:0:4","r03-c04:expanded-facade-max4m:78815:0:8"],"receiver_count":9,"periods":{"D":{"min":53.87102,"max":66.831795,"receiver_count":9,"unavailable_count":0},"E":{"min":51.652534,"max":64.613304,"receiver_count":9,"unavailable_count":0},"N":{"min":46.88132,"max":59.842094,"receiver_count":9,"unavailable_count":0}}}},{"type":"Feature","id":"lariac:2014121117370000","geometry":{"type":"Polygon","coordinates":[[[-118.55312211772936,34.18002954742052],[-118.55318856668497,34.18002925793453],[-118.55318852154976,34.18002211430377],[-118.55327812534308,34.18002172426841],[-118.5532773971517,34.17990637049511],[-118.55320809434758,34.17990667218243],[-118.5532081572529,34.17991666280887],[-118.55319680221642,34.17991671204209],[-118.55319666488663,34.179894990861314],[-118.55312127129346,34.179895319456115],[-118.55312211772936,34.18002954742052]]]},"properties":{"building_pk":78978,"building_key":"lariac:2014121117370000","source_tile":"r03-c04","source_tile_ids":["r03-c04"],"source_bld_id":"2014121117370000","height_m":8.412,"receiver_ids":[203756,203757,203758,203759,203760,203761,203762,203763,203764],"receiver_keys":["r03-c04:expanded-facade-max4m:78978:0:11","r03-c04:expanded-facade-max4m:78978:0:12","r03-c04:expanded-facade-max4m:78978:0:13","r03-c04:expanded-facade-max4m:78978:0:14","r03-c04:expanded-facade-max4m:78978:0:15","r03-c04:expanded-facade-max4m:78978:0:6","r03-c04:expanded-facade-max4m:78978:0:7","r03-c04:expanded-facade-max4m:78978:0:8","r03-c04:expanded-facade-max4m:78978:0:9"],"receiver_count":9,"periods":{"D":{"min":51.233025,"max":70.78888,"receiver_count":9,"unavailable_count":0},"E":{"min":49.014538,"max":68.5704,"receiver_count":9,"unavailable_count":0},"N":{"min":44.243324,"max":63.799183,"receiver_count":9,"unavailable_count":0}}}},{"type":"Feature","id":"lariac:393967888239","geometry":{"type":"Polygon","coordinates":[[[-118.5544579061958,34.179727322406784],[-118.5545113032995,34.17972724168338],[-118.55451120227754,34.17967214696598],[-118.55445780393877,34.17967219974733],[-118.5544579061958,34.179727322406784]]]},"properties":{"building_pk":83601,"building_key":"lariac:393967888239","source_tile":"r03-c04","source_tile_ids":["r03-c04"],"source_bld_id":"393967888239","height_m":3.45,"receiver_ids":[205685,205686,205687,205688],"receiver_keys":["r03-c04:expanded-facade-max4m:83601:0:1","r03-c04:expanded-facade-max4m:83601:0:2","r03-c04:expanded-facade-max4m:83601:0:3","r03-c04:expanded-facade-max4m:83601:0:4"],"receiver_count":4,"periods":{"D":{"min":61.868195,"max":63.901123,"receiver_count":4,"unavailable_count":0},"E":{"min":59.649708,"max":61.682636,"receiver_count":4,"unavailable_count":0},"N":{"min":54.878494,"max":56.911423,"receiver_count":4,"unavailable_count":0}}}},{"type":"Feature","id":"lariac:394846888249","geometry":{"type":"Polygon","coordinates":[[[-118.5515456106489,34.17976627563143],[-118.55160230090787,34.17975975496722],[-118.55160175412895,34.17971144640959],[-118.55154465773973,34.179712146753],[-118.5515456106489,34.17976627563143]]]},"properties":{"building_pk":83609,"building_key":"lariac:394846888249","source_tile":"r03-c04","source_tile_ids":["r03-c04"],"source_bld_id":"394846888249","height_m":3.856,"receiver_ids":[205689,205690,205691,205692,205693],"receiver_keys":["r03-c04:expanded-facade-max4m:83609:0:1","r03-c04:expanded-facade-max4m:83609:0:2","r03-c04:expanded-facade-max4m:83609:0:4","r03-c04:expanded-facade-max4m:83609:0:5","r03-c04:expanded-facade-max4m:83609:0:6"],"receiver_count":5,"periods":{"D":{"min":57.51658,"max":61.01433,"receiver_count":5,"unavailable_count":0},"E":{"min":55.29809,"max":58.79584,"receiver_count":5,"unavailable_count":0},"N":{"min":50.52688,"max":54.02463,"receiver_count":5,"unavailable_count":0}}}},{"type":"Feature","id":"lariac:395163888338","geometry":{"type":"Polygon","coordinates":[[[-118.55051341856023,34.18000603524456],[-118.55055363522568,34.1800076660885],[-118.5505556839009,34.179972373027596],[-118.55051546743655,34.17997077013138],[-118.55051341856023,34.18000603524456]]]},"properties":{"building_pk":83624,"building_key":"lariac:395163888338","source_tile":"r03-c04","source_tile_ids":["r03-c04"],"source_bld_id":"395163888338","height_m":4.005,"receiver_ids":[205724],"receiver_keys":["r03-c04:expanded-facade-max4m:83624:0:3"],"receiver_count":1,"periods":{"D":{"min":60.6871,"max":60.6871,"receiver_count":1,"unavailable_count":0},"E":{"min":58.46861,"max":58.46861,"receiver_count":1,"unavailable_count":0},"N":{"min":53.6974,"max":53.6974,"receiver_count":1,"unavailable_count":0}}}},{"type":"Feature","id":"lariac:395485888079","geometry":{"type":"Polygon","coordinates":[[[-118.54944961544001,34.17921081812556],[-118.5494001633753,34.179237532847395],[-118.54940383136838,34.17924221503314],[-118.54939095803229,34.17924956339695],[-118.54945706882641,34.17933665785664],[-118.54952127186009,34.17930241040334],[-118.54944961544001,34.17921081812556]]]},"properties":{"building_pk":83645,"building_key":"lariac:395485888079","source_tile":"r03-c04","source_tile_ids":["r03-c04"],"source_bld_id":"395485888079","height_m":4.069,"receiver_ids":[205789,205790,205791,205792,205793],"receiver_keys":["r03-c04:expanded-facade-max4m:83645:0:4","r03-c04:expanded-facade-max4m:83645:0:5","r03-c04:expanded-facade-max4m:83645:0:6","r03-c04:expanded-facade-max4m:83645:0:7","r03-c04:expanded-facade-max4m:83645:0:8"],"receiver_count":5,"periods":{"D":{"min":58.672997,"max":62.079727,"receiver_count":5,"unavailable_count":0},"E":{"min":56.45451,"max":59.86124,"receiver_count":5,"unavailable_count":0},"N":{"min":51.683296,"max":55.090027,"receiver_count":5,"unavailable_count":0}}}},{"type":"Feature","id":"lariac:394190887590","geometry":{"type":"Polygon","coordinates":[[[-118.55366162446107,34.17803998680529],[-118.55374229592702,34.178039672467385],[-118.55374198623234,34.177988040638255],[-118.55382107180016,34.17798773350873],[-118.55382028355942,34.17785394162783],[-118.5537369341257,34.17785426827972],[-118.55373690534744,34.17784992657396],[-118.5536605316831,34.17785022123427],[-118.55366162446107,34.17803998680529]]]},"properties":{"building_pk":83741,"building_key":"lariac:394190887590","source_tile":"r03-c04","source_tile_ids":["r03-c04"],"source_bld_id":"394190887590","height_m":6.111,"receiver_ids":[205903,205904,205905,205906,205907,205908,205909,205910,205911,205912,205913,205914,205915,205916],"receiver_keys":["r03-c04:expanded-facade-max4m:83741:0:1","r03-c04:expanded-facade-max4m:83741:0:10","r03-c04:expanded-facade-max4m:83741:0:11","r03-c04:expanded-facade-max4m:83741:0:12","r03-c04:expanded-facade-max4m:83741:0:13","r03-c04:expanded-facade-max4m:83741:0:14","r03-c04:expanded-facade-max4m:83741:0:15","r03-c04:expanded-facade-max4m:83741:0:16","r03-c04:expanded-facade-max4m:83741:0:17","r03-c04:expanded-facade-max4m:83741:0:18","r03-c04:expanded-facade-max4m:83741:0:2","r03-c04:expanded-facade-max4m:83741:0:3","r03-c04:expanded-facade-max4m:83741:0:5","r03-c04:expanded-facade-max4m:83741:0:9"],"receiver_count":14,"periods":{"D":{"min":60.14487,"max":71.76969,"receiver_count":14,"unavailable_count":0},"E":{"min":57.926384,"max":69.5512,"receiver_count":14,"unavailable_count":0},"N":{"min":53.15517,"max":64.77999,"receiver_count":14,"unavailable_count":0}}}},{"type":"Feature","id":"lariac:396393888124","geometry":{"type":"Polygon","coordinates":[[[-118.54649166624351,34.179344358764325],[-118.54643797161268,34.17934435344886],[-118.5464379925519,34.179383044016014],[-118.5463985810743,34.179383057091584],[-118.54639856320796,34.1793449993945],[-118.54634364500218,34.179344999564954],[-118.54634368020889,34.179405948286906],[-118.5463240070095,34.179405955114674],[-118.54632399265385,34.17944423293391],[-118.54649169123651,34.179444190223634],[-118.54649166624351,34.179344358764325]]]},"properties":{"building_pk":83743,"building_key":"lariac:396393888124","source_tile":"r03-c04","source_tile_ids":["r03-c04"],"source_bld_id":"396393888124","height_m":5.057,"receiver_ids":[205917,205918,205919,205920,205921,205922,205923,205924,205925,205926,205927],"receiver_keys":["r03-c04:expanded-facade-max4m:83743:0:1","r03-c04:expanded-facade-max4m:83743:0:10","r03-c04:expanded-facade-max4m:83743:0:11","r03-c04:expanded-facade-max4m:83743:0:14","r03-c04:expanded-facade-max4m:83743:0:15","r03-c04:expanded-facade-max4m:83743:0:16","r03-c04:expanded-facade-max4m:83743:0:2","r03-c04:expanded-facade-max4m:83743:0:5","r03-c04:expanded-facade-max4m:83743:0:6","r03-c04:expanded-facade-max4m:83743:0:7","r03-c04:expanded-facade-max4m:83743:0:9"],"receiver_count":11,"periods":{"D":{"min":54.355736,"max":64.392136,"receiver_count":11,"unavailable_count":0},"E":{"min":52.13725,"max":62.17365,"receiver_count":11,"unavailable_count":0},"N":{"min":47.366035,"max":57.402435,"receiver_count":11,"unavailable_count":0}}}},{"type":"Feature","id":"lariac:393978887734","geometry":{"type":"Polygon","coordinates":[[[-118.55450372410668,34.17835136914958],[-118.55452521594583,34.178351325605306],[-118.55452520474496,34.17832986439282],[-118.5545355867427,34.17832984473859],[-118.55453548562915,34.178279640900605],[-118.55450361272216,34.178279677048565],[-118.55450359112257,34.17825648491852],[-118.55432511684974,34.1782566981267],[-118.55432525314107,34.17832709910152],[-118.55433712354761,34.1783270996888],[-118.55433710622353,34.17832448889566],[-118.55434705758861,34.17832447123146],[-118.55434706771202,34.178330900999484],[-118.55434052127426,34.17833090395886],[-118.554340586971,34.17837072036469],[-118.55450375252478,34.17837052232953],[-118.55450372410668,34.17835136914958]]]},"properties":{"building_pk":83802,"building_key":"lariac:393978887734","source_tile":"r03-c04","source_tile_ids":["r03-c04"],"source_bld_id":"393978887734","height_m":8.888,"receiver_ids":[206025,206026,206027,206028,206029,206030,206031,206032,206033,206034,206035],"receiver_keys":["r03-c04:expanded-facade-max4m:83802:0:1","r03-c04:expanded-facade-max4m:83802:0:10","r03-c04:expanded-facade-max4m:83802:0:11","r03-c04:expanded-facade-max4m:83802:0:13","r03-c04:expanded-facade-max4m:83802:0:14","r03-c04:expanded-facade-max4m:83802:0:15","r03-c04:expanded-facade-max4m:83802:0:16","r03-c04:expanded-facade-max4m:83802:0:17","r03-c04:expanded-facade-max4m:83802:0:2","r03-c04:expanded-facade-max4m:83802:0:3","r03-c04:expanded-facade-max4m:83802:0:9"],"receiver_count":11,"periods":{"D":{"min":53.389282,"max":65.71114,"receiver_count":11,"unavailable_count":0},"E":{"min":51.170795,"max":63.492653,"receiver_count":11,"unavailable_count":0},"N":{"min":46.399582,"max":58.721443,"receiver_count":11,"unavailable_count":0}}}},{"type":"Feature","id":"lariac:396285888125","geometry":{"type":"Polygon","coordinates":[[[-118.5468490708934,34.17944390464252],[-118.54684778941683,34.17938899648963],[-118.54676355054298,34.17939022930351],[-118.54676484293272,34.17944366428478],[-118.5468490708934,34.17944390464252]]]},"properties":{"building_pk":84695,"building_key":"lariac:396285888125","source_tile":"r03-c04","source_tile_ids":["r03-c04"],"source_bld_id":"396285888125","height_m":4.977,"receiver_ids":[207145,207146,207147,207148,207149],"receiver_keys":["r03-c04:expanded-facade-max4m:84695:0:3","r03-c04:expanded-facade-max4m:84695:0:4","r03-c04:expanded-facade-max4m:84695:0:5","r03-c04:expanded-facade-max4m:84695:0:6","r03-c04:expanded-facade-max4m:84695:0:7"],"receiver_count":5,"periods":{"D":{"min":55.1461,"max":64.58921,"receiver_count":5,"unavailable_count":0},"E":{"min":52.927612,"max":62.37072,"receiver_count":5,"unavailable_count":0},"N":{"min":48.1564,"max":57.599506,"receiver_count":5,"unavailable_count":0}}}},{"type":"Feature","id":"lariac:394451887122","geometry":{"type":"Polygon","coordinates":[[[-118.55281401392118,34.176585354779625],[-118.55280725661711,34.17660838586431],[-118.55281010665176,34.17668927110956],[-118.55283886585187,34.176688589708014],[-118.55283939794165,34.17670392074083],[-118.55290425539262,34.17670236028427],[-118.55290311046255,34.17666917065809],[-118.55292449898718,34.17666866086868],[-118.55292364037663,34.176643823642976],[-118.5529601355944,34.17664294276323],[-118.5529602204987,34.176645937305146],[-118.55301169116295,34.17664468501978],[-118.55301051147339,34.176611330570786],[-118.55296307426111,34.1766124823736],[-118.55296299572503,34.17661061383137],[-118.5529238889439,34.17661156164601],[-118.55292287144985,34.176582713274726],[-118.55281401392118,34.176585354779625]]]},"properties":{"building_pk":85092,"building_key":"lariac:394451887122","source_tile":"r03-c04","source_tile_ids":["r03-c04"],"source_bld_id":"394451887122","height_m":4.398,"receiver_ids":[207557,207558,207559,207560,207561,207562,207563,207564,207565,207566,207567],"receiver_keys":["r03-c04:expanded-facade-max4m:85092:0:1","r03-c04:expanded-facade-max4m:85092:0:10","r03-c04:expanded-facade-max4m:85092:0:11","r03-c04:expanded-facade-max4m:85092:0:12","r03-c04:expanded-facade-max4m:85092:0:14","r03-c04:expanded-facade-max4m:85092:0:15","r03-c04:expanded-facade-max4m:85092:0:16","r03-c04:expanded-facade-max4m:85092:0:2","r03-c04:expanded-facade-max4m:85092:0:3","r03-c04:expanded-facade-max4m:85092:0:5","r03-c04:expanded-facade-max4m:85092:0:6"],"receiver_count":11,"periods":{"D":{"min":61.24847,"max":65.97572,"receiver_count":11,"unavailable_count":0},"E":{"min":59.029984,"max":63.757233,"receiver_count":11,"unavailable_count":0},"N":{"min":54.25877,"max":58.986023,"receiver_count":11,"unavailable_count":0}}}},{"type":"Feature","id":"lariac:394745888305","geometry":{"type":"Polygon","coordinates":[[[-118.5519837517948,34.17983333236855],[-118.55193104817295,34.17984841140914],[-118.55191962497653,34.17982090242855],[-118.55187391783753,34.17983397062671],[-118.55186481216397,34.17981194687996],[-118.55179171331021,34.179832861757085],[-118.55181647576526,34.179892543702714],[-118.55183716767189,34.17988662351449],[-118.5518612254146,34.179944714736344],[-118.55190221295747,34.17993298613774],[-118.551906714731,34.17994382018791],[-118.55194582152846,34.1799326221509],[-118.55196614996116,34.179981689685555],[-118.55204297674581,34.1799597127978],[-118.5520164003078,34.179895588252975],[-118.55201026129225,34.179897347237436],[-118.5519837517948,34.17983333236855]]]},"properties":{"building_pk":85113,"building_key":"lariac:394745888305","source_tile":"r03-c04","source_tile_ids":["r03-c04"],"source_bld_id":"394745888305","height_m":5.627,"receiver_ids":[207573,207574,207575,207576,207577,207578,207579,207580,207581,207582,207583,207584,207585,207586,207587],"receiver_keys":["r03-c04:expanded-facade-max4m:85113:0:1","r03-c04:expanded-facade-max4m:85113:0:10","r03-c04:expanded-facade-max4m:85113:0:11","r03-c04:expanded-facade-max4m:85113:0:12","r03-c04:expanded-facade-max4m:85113:0:14","r03-c04:expanded-facade-max4m:85113:0:15","r03-c04:expanded-facade-max4m:85113:0:16","r03-c04:expanded-facade-max4m:85113:0:18","r03-c04:expanded-facade-max4m:85113:0:19","r03-c04:expanded-facade-max4m:85113:0:20","r03-c04:expanded-facade-max4m:85113:0:3","r03-c04:expanded-facade-max4m:85113:0:5","r03-c04:expanded-facade-max4m:85113:0:6","r03-c04:expanded-facade-max4m:85113:0:7","r03-c04:expanded-facade-max4m:85113:0:8"],"receiver_count":15,"periods":{"D":{"min":53.148132,"max":64.85897,"receiver_count":15,"unavailable_count":0},"E":{"min":50.92964,"max":62.640484,"receiver_count":15,"unavailable_count":0},"N":{"min":46.158432,"max":57.86927,"receiver_count":15,"unavailable_count":0}}}},{"type":"Feature","id":"lariac:395379888179","geometry":{"type":"Polygon","coordinates":[[[-118.54991255435945,34.1795648438844],[-118.54982857891771,34.179480369634994],[-118.54978160941268,34.17951262403397],[-118.54974210128177,34.17947290398129],[-118.54969384778602,34.17950604318783],[-118.54973089248247,34.17954330151775],[-118.54971538969149,34.17955395160229],[-118.54978741655027,34.17962641578239],[-118.54983590022447,34.179593138457435],[-118.54985024602696,34.17960760973607],[-118.54991255435945,34.1795648438844]]]},"properties":{"building_pk":85416,"building_key":"lariac:395379888179","source_tile":"r03-c04","source_tile_ids":["r03-c04"],"source_bld_id":"395379888179","height_m":6.069,"receiver_ids":[207913,207914,207915,207916,207917,207918,207919,207920,207921,207922,207923,207924,207925,207926],"receiver_keys":["r03-c04:expanded-facade-max4m:85416:0:1","r03-c04:expanded-facade-max4m:85416:0:10","r03-c04:expanded-facade-max4m:85416:0:11","r03-c04:expanded-facade-max4m:85416:0:12","r03-c04:expanded-facade-max4m:85416:0:13","r03-c04:expanded-facade-max4m:85416:0:15","r03-c04:expanded-facade-max4m:85416:0:16","r03-c04:expanded-facade-max4m:85416:0:2","r03-c04:expanded-facade-max4m:85416:0:3","r03-c04:expanded-facade-max4m:85416:0:4","r03-c04:expanded-facade-max4m:85416:0:6","r03-c04:expanded-facade-max4m:85416:0:7","r03-c04:expanded-facade-max4m:85416:0:8","r03-c04:expanded-facade-max4m:85416:0:9"],"receiver_count":14,"periods":{"D":{"min":55.18168,"max":63.40678,"receiver_count":14,"unavailable_count":0},"E":{"min":52.963192,"max":61.188293,"receiver_count":14,"unavailable_count":0},"N":{"min":48.19198,"max":56.41708,"receiver_count":14,"unavailable_count":0}}}},{"type":"Feature","id":"lariac:394533888117","geometry":{"type":"Polygon","coordinates":[[[-118.552571534255,34.17931458997233],[-118.55256997965945,34.17931965383689],[-118.55256146315838,34.17932161574066],[-118.55256093651876,34.179336951611994],[-118.55256569921075,34.17934228863175],[-118.55256013789284,34.17939119937738],[-118.55254879086334,34.17939031631674],[-118.55254638477187,34.179411459507286],[-118.55254074277653,34.17942324592838],[-118.55253692642808,34.17943109507869],[-118.55253644924167,34.17943898396815],[-118.55254066258091,34.179446054463654],[-118.55255700208109,34.179452079663506],[-118.55255659252163,34.17945510441261],[-118.55270421254122,34.179468719371535],[-118.55271190026039,34.17941133520346],[-118.55271630065931,34.17941175414578],[-118.55272735876494,34.17932896438199],[-118.552571534255,34.17931458997233]]]},"properties":{"building_pk":85446,"building_key":"lariac:394533888117","source_tile":"r03-c04","source_tile_ids":["r03-c04"],"source_bld_id":"394533888117","height_m":9.053,"receiver_ids":[207977,207978,207979,207980,207981,207982,207983,207984,207985,207986,207987,207988,207989,207990,207991],"receiver_keys":["r03-c04:expanded-facade-max4m:85446:0:1","r03-c04:expanded-facade-max4m:85446:0:10","r03-c04:expanded-facade-max4m:85446:0:11","r03-c04:expanded-facade-max4m:85446:0:12","r03-c04:expanded-facade-max4m:85446:0:13","r03-c04:expanded-facade-max4m:85446:0:14","r03-c04:expanded-facade-max4m:85446:0:15","r03-c04:expanded-facade-max4m:85446:0:16","r03-c04:expanded-facade-max4m:85446:0:2","r03-c04:expanded-facade-max4m:85446:0:4","r03-c04:expanded-facade-max4m:85446:0:5","r03-c04:expanded-facade-max4m:85446:0:6","r03-c04:expanded-facade-max4m:85446:0:7","r03-c04:expanded-facade-max4m:85446:0:8","r03-c04:expanded-facade-max4m:85446:0:9"],"receiver_count":15,"periods":{"D":{"min":49.98419,"max":62.680904,"receiver_count":15,"unavailable_count":0},"E":{"min":47.765705,"max":60.462418,"receiver_count":15,"unavailable_count":0},"N":{"min":42.99449,"max":55.691204,"receiver_count":15,"unavailable_count":0}}}},{"type":"Feature","id":"lariac:394161888304","geometry":{"type":"Polygon","coordinates":[[[-118.55390780740002,34.179914227772585],[-118.55390782561959,34.17991697559632],[-118.55394085548032,34.179916934309276],[-118.55394073856625,34.179844499361685],[-118.55393468881857,34.17984450002359],[-118.5539346811911,34.17983337049344],[-118.5538790351778,34.17983343331319],[-118.55387902585022,34.17981713794168],[-118.55382976152228,34.17981719855949],[-118.55382973913404,34.17978895057281],[-118.55378021014748,34.17978901238242],[-118.55378034786875,34.179864607147245],[-118.55376500609016,34.17986462239859],[-118.55376510473171,34.1799143592473],[-118.55390780740002,34.179914227772585]]]},"properties":{"building_pk":85732,"building_key":"lariac:394161888304","source_tile":"r03-c04","source_tile_ids":["r03-c04"],"source_bld_id":"394161888304","height_m":5.078,"receiver_ids":[208290,208291,208292,208293,208294,208295,208296,208297,208298,208299,208300,208301,208302,208303],"receiver_keys":["r03-c04:expanded-facade-max4m:85732:0:10","r03-c04:expanded-facade-max4m:85732:0:11","r03-c04:expanded-facade-max4m:85732:0:12","r03-c04:expanded-facade-max4m:85732:0:13","r03-c04:expanded-facade-max4m:85732:0:14","r03-c04:expanded-facade-max4m:85732:0:15","r03-c04:expanded-facade-max4m:85732:0:16","r03-c04:expanded-facade-max4m:85732:0:2","r03-c04:expanded-facade-max4m:85732:0:3","r03-c04:expanded-facade-max4m:85732:0:4","r03-c04:expanded-facade-max4m:85732:0:5","r03-c04:expanded-facade-max4m:85732:0:6","r03-c04:expanded-facade-max4m:85732:0:8","r03-c04:expanded-facade-max4m:85732:0:9"],"receiver_count":14,"periods":{"D":{"min":62.78226,"max":69.26685,"receiver_count":14,"unavailable_count":0},"E":{"min":60.56377,"max":67.04837,"receiver_count":14,"unavailable_count":0},"N":{"min":55.79256,"max":62.277157,"receiver_count":14,"unavailable_count":0}}}},{"type":"Feature","id":"lariac:394137887214","geometry":{"type":"Polygon","coordinates":[[[-118.55383531486588,34.17699427010755],[-118.55391546563892,34.17699524994703],[-118.55391565870174,34.17698444946324],[-118.55393315019681,34.176984644321045],[-118.55393309842437,34.176986815476965],[-118.5539739342707,34.17698731541082],[-118.55397405505072,34.176980665066495],[-118.55397617166126,34.17698071036553],[-118.55397888824369,34.17682700715144],[-118.55392565312077,34.1768263710802],[-118.55392558356581,34.176830768230474],[-118.55383822442174,34.176829712321926],[-118.55383531486588,34.17699427010755]]]},"properties":{"building_pk":85920,"building_key":"lariac:394137887214","source_tile":"r03-c04","source_tile_ids":["r03-c04"],"source_bld_id":"394137887214","height_m":9.299,"receiver_ids":[208510,208511,208512,208513,208514,208515,208516,208517,208518],"receiver_keys":["r03-c04:expanded-facade-max4m:85920:0:1","r03-c04:expanded-facade-max4m:85920:0:10","r03-c04:expanded-facade-max4m:85920:0:11","r03-c04:expanded-facade-max4m:85920:0:2","r03-c04:expanded-facade-max4m:85920:0:3","r03-c04:expanded-facade-max4m:85920:0:4","r03-c04:expanded-facade-max4m:85920:0:5","r03-c04:expanded-facade-max4m:85920:0:6","r03-c04:expanded-facade-max4m:85920:0:9"],"receiver_count":9,"periods":{"D":{"min":56.567482,"max":65.569336,"receiver_count":9,"unavailable_count":0},"E":{"min":54.348995,"max":63.350845,"receiver_count":9,"unavailable_count":0},"N":{"min":49.57778,"max":58.57963,"receiver_count":9,"unavailable_count":0}}}},{"type":"Feature","id":"lariac:394436887481","geometry":{"type":"Polygon","coordinates":[[[-118.55297472233784,34.1775680976148],[-118.55283714127398,34.17756705061898],[-118.55283701568716,34.17757806986729],[-118.5527982972755,34.17757777984675],[-118.55279730437921,34.17766755926333],[-118.55284759539374,34.17766793341916],[-118.55284771861085,34.177656556268566],[-118.55286124165853,34.177656659434064],[-118.5528608263857,34.177693731030445],[-118.55293872648726,34.17769430890139],[-118.5529388851306,34.17767845271667],[-118.55297347157585,34.177678706590555],[-118.55297472233784,34.1775680976148]]]},"properties":{"building_pk":86091,"building_key":"lariac:394436887481","source_tile":"r03-c04","source_tile_ids":["r03-c04"],"source_bld_id":"394436887481","height_m":8.028,"receiver_ids":[208704,208705,208706,208707,208708,208709,208710,208711,208712,208713,208714],"receiver_keys":["r03-c04:expanded-facade-max4m:86091:0:1","r03-c04:expanded-facade-max4m:86091:0:10","r03-c04:expanded-facade-max4m:86091:0:11","r03-c04:expanded-facade-max4m:86091:0:12","r03-c04:expanded-facade-max4m:86091:0:13","r03-c04:expanded-facade-max4m:86091:0:2","r03-c04:expanded-facade-max4m:86091:0:3","r03-c04:expanded-facade-max4m:86091:0:5","r03-c04:expanded-facade-max4m:86091:0:6","r03-c04:expanded-facade-max4m:86091:0:7","r03-c04:expanded-facade-max4m:86091:0:8"],"receiver_count":11,"periods":{"D":{"min":48.514023,"max":58.708214,"receiver_count":11,"unavailable_count":0},"E":{"min":46.295536,"max":56.489727,"receiver_count":11,"unavailable_count":0},"N":{"min":41.524323,"max":51.718513,"receiver_count":11,"unavailable_count":0}}}},{"type":"Feature","id":"lariac:201700285631","geometry":{"type":"Polygon","coordinates":[[[-118.55228078806579,34.17458998966007],[-118.5524393634798,34.17458948086491],[-118.55244281825027,34.17436721279218],[-118.55242621468712,34.174367032597814],[-118.55242623906568,34.17436547011026],[-118.55234234373557,34.174364569505684],[-118.5523406202119,34.17447548715168],[-118.55234343845919,34.174475517554434],[-118.55234249258568,34.17453638332238],[-118.55230680882796,34.17454993963217],[-118.55228141421487,34.17454966703807],[-118.55228078806579,34.17458998966007]]]},"properties":{"building_pk":86761,"building_key":"lariac:201700285631","source_tile":"r03-c04","source_tile_ids":["r03-c04"],"source_bld_id":"201700285631","height_m":4.785,"receiver_ids":[209489,209490,209491,209492,209493,209494,209495,209496],"receiver_keys":["r03-c04:expanded-facade-max4m:86761:0:10","r03-c04:expanded-facade-max4m:86761:0:11","r03-c04:expanded-facade-max4m:86761:0:4","r03-c04:expanded-facade-max4m:86761:0:5","r03-c04:expanded-facade-max4m:86761:0:6","r03-c04:expanded-facade-max4m:86761:0:7","r03-c04:expanded-facade-max4m:86761:0:8","r03-c04:expanded-facade-max4m:86761:0:9"],"receiver_count":8,"periods":{"D":{"min":72.396835,"max":75.62546,"receiver_count":8,"unavailable_count":0},"E":{"min":70.178345,"max":73.406975,"receiver_count":8,"unavailable_count":0},"N":{"min":65.407135,"max":68.63576,"receiver_count":8,"unavailable_count":0}}}},{"type":"Feature","id":"lariac:395536888263","geometry":{"type":"Polygon","coordinates":[[[-118.54934032648495,34.17972146414045],[-118.54919415552091,34.17972215591844],[-118.54920160298533,34.179748474235076],[-118.54919674843124,34.17974943027884],[-118.54923164826202,34.17987279055576],[-118.5492898980835,34.17986139735911],[-118.54928526036153,34.17984501302335],[-118.54930183712234,34.17984177782492],[-118.54929865527548,34.17983052567901],[-118.54936734003648,34.179817079116226],[-118.54935792898247,34.17978381702017],[-118.54936926940125,34.17978171269307],[-118.54935728759337,34.17974055392899],[-118.54934628413491,34.179742596321],[-118.54934032648495,34.17972146414045]]]},"properties":{"building_pk":91253,"building_key":"lariac:395536888263","source_tile":"r03-c04","source_tile_ids":["r03-c04"],"source_bld_id":"395536888263","height_m":6.175,"receiver_ids":[211476,211477,211478,211479,211480,211481,211482,211483,211484,211485,211486,211487,211488,211489,211490],"receiver_keys":["r03-c04:expanded-facade-max4m:91253:0:1","r03-c04:expanded-facade-max4m:91253:0:10","r03-c04:expanded-facade-max4m:91253:0:11","r03-c04:expanded-facade-max4m:91253:0:12","r03-c04:expanded-facade-max4m:91253:0:13","r03-c04:expanded-facade-max4m:91253:0:15","r03-c04:expanded-facade-max4m:91253:0:16","r03-c04:expanded-facade-max4m:91253:0:2","r03-c04:expanded-facade-max4m:91253:0:3","r03-c04:expanded-facade-max4m:91253:0:4","r03-c04:expanded-facade-max4m:91253:0:5","r03-c04:expanded-facade-max4m:91253:0:6","r03-c04:expanded-facade-max4m:91253:0:7","r03-c04:expanded-facade-max4m:91253:0:8","r03-c04:expanded-facade-max4m:91253:0:9"],"receiver_count":15,"periods":{"D":{"min":57.529934,"max":63.890793,"receiver_count":15,"unavailable_count":0},"E":{"min":55.311447,"max":61.672306,"receiver_count":15,"unavailable_count":0},"N":{"min":50.540234,"max":56.901093,"receiver_count":15,"unavailable_count":0}}}},{"type":"Feature","id":"lariac:394070887134","geometry":{"type":"Polygon","coordinates":[[[-118.55407086840951,34.176607604280264],[-118.55407225202397,34.1767215260994],[-118.55427002056193,34.176719877918195],[-118.55426927497037,34.1766572014644],[-118.55420566583064,34.176657740892466],[-118.55420506119654,34.17660649447339],[-118.55407086840951,34.176607604280264]]]},"properties":{"building_pk":91261,"building_key":"lariac:394070887134","source_tile":"r03-c04","source_tile_ids":["r03-c04"],"source_bld_id":"394070887134","height_m":10.122,"receiver_ids":[211503,211504,211505,211506,211507,211508,211509,211510,211511,211512,211513,211514,211515,211516],"receiver_keys":["r03-c04:expanded-facade-max4m:91261:0:1","r03-c04:expanded-facade-max4m:91261:0:10","r03-c04:expanded-facade-max4m:91261:0:11","r03-c04:expanded-facade-max4m:91261:0:13","r03-c04:expanded-facade-max4m:91261:0:14","r03-c04:expanded-facade-max4m:91261:0:15","r03-c04:expanded-facade-max4m:91261:0:16","r03-c04:expanded-facade-max4m:91261:0:2","r03-c04:expanded-facade-max4m:91261:0:3","r03-c04:expanded-facade-max4m:91261:0:4","r03-c04:expanded-facade-max4m:91261:0:5","r03-c04:expanded-facade-max4m:91261:0:6","r03-c04:expanded-facade-max4m:91261:0:7","r03-c04:expanded-facade-max4m:91261:0:9"],"receiver_count":14,"periods":{"D":{"min":55.195835,"max":69.07051,"receiver_count":14,"unavailable_count":0},"E":{"min":52.97735,"max":66.85203,"receiver_count":14,"unavailable_count":0},"N":{"min":48.206135,"max":62.080814,"receiver_count":14,"unavailable_count":0}}}},{"type":"Feature","id":"lariac:394907888178","geometry":{"type":"Polygon","coordinates":[[[-118.55144729049447,34.179657961664255],[-118.55144579451029,34.17957660321645],[-118.55144129865965,34.17957667870931],[-118.55144006731827,34.17951026755983],[-118.55144925769679,34.17951014271445],[-118.55144864084409,34.179476840679904],[-118.55139412428183,34.179477556236556],[-118.55139421620963,34.179481458602424],[-118.55135619622378,34.179481933949305],[-118.55135661323966,34.179505179267736],[-118.551302361154,34.179505866530924],[-118.55130241182971,34.179508614206725],[-118.55125758116779,34.179509175561655],[-118.55125836337831,34.17955258856317],[-118.55130293029531,34.17955200136392],[-118.55130323615643,34.17956843241638],[-118.55129907114924,34.17956850639586],[-118.55130076515782,34.179659839529066],[-118.55144729049447,34.179657961664255]]]},"properties":{"building_pk":91271,"building_key":"lariac:394907888178","source_tile":"r03-c04","source_tile_ids":["r03-c04"],"source_bld_id":"394907888178","height_m":5.566,"receiver_ids":[211524,211525,211526,211527,211528,211529,211530,211531,211532,211533,211534,211535,211536],"receiver_keys":["r03-c04:expanded-facade-max4m:91271:0:1","r03-c04:expanded-facade-max4m:91271:0:10","r03-c04:expanded-facade-max4m:91271:0:11","r03-c04:expanded-facade-max4m:91271:0:13","r03-c04:expanded-facade-max4m:91271:0:15","r03-c04:expanded-facade-max4m:91271:0:16","r03-c04:expanded-facade-max4m:91271:0:17","r03-c04:expanded-facade-max4m:91271:0:18","r03-c04:expanded-facade-max4m:91271:0:19","r03-c04:expanded-facade-max4m:91271:0:2","r03-c04:expanded-facade-max4m:91271:0:20","r03-c04:expanded-facade-max4m:91271:0:3","r03-c04:expanded-facade-max4m:91271:0:4"],"receiver_count":13,"periods":{"D":{"min":52.74929,"max":65.93402,"receiver_count":13,"unavailable_count":0},"E":{"min":50.530804,"max":63.71553,"receiver_count":13,"unavailable_count":0},"N":{"min":45.75959,"max":58.94432,"receiver_count":13,"unavailable_count":0}}}},{"type":"Feature","id":"lariac:395704888296","geometry":{"type":"Polygon","coordinates":[[[-118.54867926702023,34.179915417360604],[-118.54889256867187,34.179916455445664],[-118.54889300512933,34.179851960605305],[-118.54888606119171,34.179851909177195],[-118.54888624620226,34.17982475923817],[-118.54886105051214,34.179824625656735],[-118.54886122758798,34.179796266783164],[-118.54868009929457,34.17979538470798],[-118.54867926702023,34.179915417360604]]]},"properties":{"building_pk":91278,"building_key":"lariac:395704888296","source_tile":"r03-c04","source_tile_ids":["r03-c04"],"source_bld_id":"395704888296","height_m":9.37,"receiver_ids":[211550,211551,211552,211553,211554,211555,211556,211557,211558,211559,211560],"receiver_keys":["r03-c04:expanded-facade-max4m:91278:0:10","r03-c04:expanded-facade-max4m:91278:0:11","r03-c04:expanded-facade-max4m:91278:0:12","r03-c04:expanded-facade-max4m:91278:0:13","r03-c04:expanded-facade-max4m:91278:0:14","r03-c04:expanded-facade-max4m:91278:0:15","r03-c04:expanded-facade-max4m:91278:0:16","r03-c04:expanded-facade-max4m:91278:0:17","r03-c04:expanded-facade-max4m:91278:0:6","r03-c04:expanded-facade-max4m:91278:0:7","r03-c04:expanded-facade-max4m:91278:0:8"],"receiver_count":11,"periods":{"D":{"min":55.493988,"max":63.847317,"receiver_count":11,"unavailable_count":0},"E":{"min":53.2755,"max":61.62883,"receiver_count":11,"unavailable_count":0},"N":{"min":48.504288,"max":56.857616,"receiver_count":11,"unavailable_count":0}}}},{"type":"Feature","id":"lariac:394118886355","geometry":{"type":"Polygon","coordinates":[[[-118.55395213262327,34.17444749174597],[-118.55395222101863,34.17445084418432],[-118.55387509576025,34.17445199439642],[-118.5538753804216,34.17446499065699],[-118.55383290024912,34.174465625156124],[-118.5538343941338,34.174536348973376],[-118.55387690815213,34.17453574226671],[-118.55387761808436,34.17456805487103],[-118.55403857928134,34.1745656686585],[-118.55403852669517,34.17456264602131],[-118.55406421303151,34.17456225337338],[-118.55406263364902,34.17448864410646],[-118.55405579104333,34.174488758397054],[-118.55405487928252,34.17444597708402],[-118.55395213262327,34.17444749174597]]]},"properties":{"building_pk":91426,"building_key":"lariac:394118886355","source_tile":"r03-c04","source_tile_ids":["r03-c04"],"source_bld_id":"394118886355","height_m":8.9,"receiver_ids":[211804,211805,211806,211807,211808,211809,211810,211811,211812,211813,211814,211815],"receiver_keys":["r03-c04:expanded-facade-max4m:91426:0:10","r03-c04:expanded-facade-max4m:91426:0:11","r03-c04:expanded-facade-max4m:91426:0:12","r03-c04:expanded-facade-max4m:91426:0:13","r03-c04:expanded-facade-max4m:91426:0:14","r03-c04:expanded-facade-max4m:91426:0:15","r03-c04:expanded-facade-max4m:91426:0:16","r03-c04:expanded-facade-max4m:91426:0:4","r03-c04:expanded-facade-max4m:91426:0:5","r03-c04:expanded-facade-max4m:91426:0:6","r03-c04:expanded-facade-max4m:91426:0:8","r03-c04:expanded-facade-max4m:91426:0:9"],"receiver_count":12,"periods":{"D":{"min":61.67534,"max":74.98031,"receiver_count":12,"unavailable_count":0},"E":{"min":59.456852,"max":72.76182,"receiver_count":12,"unavailable_count":0},"N":{"min":54.68564,"max":67.99061,"receiver_count":12,"unavailable_count":0}}}},{"type":"Feature","id":"lariac:395893888139","geometry":{"type":"Polygon","coordinates":[[[-118.54798758144065,34.17952876258684],[-118.54806837444434,34.17952641760614],[-118.54806739175999,34.179502624902014],[-118.54815182003895,34.179500154305074],[-118.54815033655436,34.17946567426322],[-118.54817724548198,34.17946489327372],[-118.54817466794518,34.17940469804001],[-118.54813354491569,34.179405901362685],[-118.5481331561988,34.17939708241725],[-118.54795494440638,34.17940228588919],[-118.54795698110507,34.17945066794073],[-118.54798422086657,34.179449884593694],[-118.54798758144065,34.17952876258684]]]},"properties":{"building_pk":91568,"building_key":"lariac:395893888139","source_tile":"r03-c04","source_tile_ids":["r03-c04"],"source_bld_id":"395893888139","height_m":9.531,"receiver_ids":[211943,211944,211945,211946,211947,211948,211949,211950,211951,211952,211953,211954,211955,211956],"receiver_keys":["r03-c04:expanded-facade-max4m:91568:0:1","r03-c04:expanded-facade-max4m:91568:0:10","r03-c04:expanded-facade-max4m:91568:0:11","r03-c04:expanded-facade-max4m:91568:0:12","r03-c04:expanded-facade-max4m:91568:0:13","r03-c04:expanded-facade-max4m:91568:0:14","r03-c04:expanded-facade-max4m:91568:0:17","r03-c04:expanded-facade-max4m:91568:0:18","r03-c04:expanded-facade-max4m:91568:0:2","r03-c04:expanded-facade-max4m:91568:0:4","r03-c04:expanded-facade-max4m:91568:0:5","r03-c04:expanded-facade-max4m:91568:0:7","r03-c04:expanded-facade-max4m:91568:0:8","r03-c04:expanded-facade-max4m:91568:0:9"],"receiver_count":14,"periods":{"D":{"min":51.333042,"max":66.027596,"receiver_count":14,"unavailable_count":0},"E":{"min":49.114555,"max":63.80911,"receiver_count":14,"unavailable_count":0},"N":{"min":44.34334,"max":59.037895,"receiver_count":14,"unavailable_count":0}}}},{"type":"Feature","id":"lariac:393975887788","geometry":{"type":"Polygon","coordinates":[[[-118.55452652203891,34.178493345311736],[-118.55452589924793,34.1783995208378],[-118.55452589897865,34.17839948026952],[-118.55434832113608,34.178400294336676],[-118.55434832140527,34.1784003349049],[-118.55434836544018,34.17840697097118],[-118.55434225082465,34.178412219841086],[-118.55434225109983,34.178412261310875],[-118.55434254498148,34.17843170176817],[-118.55434870655432,34.1784384333061],[-118.5543487068295,34.178438474775874],[-118.5543487601608,34.17844651179944],[-118.55432376502594,34.17844662636332],[-118.55432376530112,34.178446667833114],[-118.5543242142874,34.1785143329908],[-118.55450453670893,34.178513506376795],[-118.55450440383672,34.17849348819311],[-118.55450440356145,34.1784934467233],[-118.55452652203891,34.178493345311736]]]},"properties":{"building_pk":91888,"building_key":"lariac:393975887788","source_tile":"r03-c04","source_tile_ids":["r03-c04"],"source_bld_id":"393975887788","height_m":9.053,"receiver_ids":[212178,212179,212180,212181,212182,212183,212184,212185,212186,212187],"receiver_keys":["r03-c04:expanded-facade-max4m:91888:0:1","r03-c04:expanded-facade-max4m:91888:0:10","r03-c04:expanded-facade-max4m:91888:0:11","r03-c04:expanded-facade-max4m:91888:0:2","r03-c04:expanded-facade-max4m:91888:0:3","r03-c04:expanded-facade-max4m:91888:0:4","r03-c04:expanded-facade-max4m:91888:0:5","r03-c04:expanded-facade-max4m:91888:0:6","r03-c04:expanded-facade-max4m:91888:0:7","r03-c04:expanded-facade-max4m:91888:0:8"],"receiver_count":10,"periods":{"D":{"min":53.3797,"max":65.240105,"receiver_count":10,"unavailable_count":0},"E":{"min":51.161213,"max":63.021618,"receiver_count":10,"unavailable_count":0},"N":{"min":46.39,"max":58.250404,"receiver_count":10,"unavailable_count":0}}}},{"type":"Feature","id":"lariac:396283888276","geometry":{"type":"Polygon","coordinates":[[[-118.54680584055123,34.17985567657669],[-118.54685418777625,34.17985587359598],[-118.54685400357099,34.17978282592377],[-118.54680404953037,34.179783574676534],[-118.54680584055123,34.17985567657669]]]},"properties":{"building_pk":92168,"building_key":"lariac:396283888276","source_tile":"r03-c04","source_tile_ids":["r03-c04"],"source_bld_id":"396283888276","height_m":3.661,"receiver_ids":[212489,212490,212491,212492,212493,212494,212495],"receiver_keys":["r03-c04:expanded-facade-max4m:92168:0:1","r03-c04:expanded-facade-max4m:92168:0:2","r03-c04:expanded-facade-max4m:92168:0:3","r03-c04:expanded-facade-max4m:92168:0:4","r03-c04:expanded-facade-max4m:92168:0:5","r03-c04:expanded-facade-max4m:92168:0:6","r03-c04:expanded-facade-max4m:92168:0:7"],"receiver_count":7,"periods":{"D":{"min":63.581734,"max":65.24814,"receiver_count":7,"unavailable_count":0},"E":{"min":61.363247,"max":63.02965,"receiver_count":7,"unavailable_count":0},"N":{"min":56.592033,"max":58.258442,"receiver_count":7,"unavailable_count":0}}}},{"type":"Feature","id":"lariac:396230888082","geometry":{"type":"Polygon","coordinates":[[[-118.54704523193755,34.17923553890901],[-118.54695752821343,34.17923772243168],[-118.54696257702615,34.17936385625866],[-118.54704983484501,34.179362801679794],[-118.54704523193755,34.17923553890901]]]},"properties":{"building_pk":92194,"building_key":"lariac:396230888082","source_tile":"r03-c04","source_tile_ids":["r03-c04"],"source_bld_id":"396230888082","height_m":5.566,"receiver_ids":[212539,212540,212541,212542,212543,212544,212545,212546],"receiver_keys":["r03-c04:expanded-facade-max4m:92194:0:10","r03-c04:expanded-facade-max4m:92194:0:11","r03-c04:expanded-facade-max4m:92194:0:4","r03-c04:expanded-facade-max4m:92194:0:5","r03-c04:expanded-facade-max4m:92194:0:6","r03-c04:expanded-facade-max4m:92194:0:7","r03-c04:expanded-facade-max4m:92194:0:8","r03-c04:expanded-facade-max4m:92194:0:9"],"receiver_count":8,"periods":{"D":{"min":56.947643,"max":64.43291,"receiver_count":8,"unavailable_count":0},"E":{"min":54.729156,"max":62.214417,"receiver_count":8,"unavailable_count":0},"N":{"min":49.957943,"max":57.443207,"receiver_count":8,"unavailable_count":0}}}},{"type":"Feature","id":"lariac:394422886407","geometry":{"type":"Polygon","coordinates":[[[-118.55292821983127,34.1746433228474],[-118.55292828709567,34.17464840544642],[-118.55287076302176,34.17464902634658],[-118.55287158495167,34.17470323875627],[-118.55296567178858,34.17470223160953],[-118.55296636668656,34.17474723893118],[-118.5529543328319,34.17474737689531],[-118.55295461299856,34.174764632073135],[-118.55287827814641,34.174765448068975],[-118.5528787395669,34.174795178889255],[-118.55287060707724,34.174795271061676],[-118.5528714077337,34.17484626866184],[-118.553007910031,34.174844792600894],[-118.55300780093607,34.17483830739029],[-118.55302700863392,34.17483810957013],[-118.55302770120882,34.17488276079228],[-118.55308300946,34.1748821499518],[-118.5530823097712,34.1748364286293],[-118.55309368217462,34.17483632162542],[-118.553093039931,34.17479419900494],[-118.55308589864475,34.17479425871081],[-118.55308439615621,34.17469707189739],[-118.55309272713036,34.174696978802835],[-118.55309186469248,34.17464158465478],[-118.55292821983127,34.1746433228474]]]},"properties":{"building_pk":92234,"building_key":"lariac:394422886407","source_tile":"r03-c04","source_tile_ids":["r03-c04"],"source_bld_id":"394422886407","height_m":5.8,"receiver_ids":[212572,212573,212574,212575,212576,212577,212578,212579,212580,212581,212582,212583,212584,212585,212586,212587,212588,212589,212590,212591,212592,212593,212594,212595,212596,212597],"receiver_keys":["r03-c04:expanded-facade-max4m:92234:0:1","r03-c04:expanded-facade-max4m:92234:0:10","r03-c04:expanded-facade-max4m:92234:0:11","r03-c04:expanded-facade-max4m:92234:0:12","r03-c04:expanded-facade-max4m:92234:0:13","r03-c04:expanded-facade-max4m:92234:0:14","r03-c04:expanded-facade-max4m:92234:0:15","r03-c04:expanded-facade-max4m:92234:0:17","r03-c04:expanded-facade-max4m:92234:0:18","r03-c04:expanded-facade-max4m:92234:0:19","r03-c04:expanded-facade-max4m:92234:0:2","r03-c04:expanded-facade-max4m:92234:0:20","r03-c04:expanded-facade-max4m:92234:0:21","r03-c04:expanded-facade-max4m:92234:0:22","r03-c04:expanded-facade-max4m:92234:0:23","r03-c04:expanded-facade-max4m:92234:0:25","r03-c04:expanded-facade-max4m:92234:0:26","r03-c04:expanded-facade-max4m:92234:0:27","r03-c04:expanded-facade-max4m:92234:0:28","r03-c04:expanded-facade-max4m:92234:0:29","r03-c04:expanded-facade-max4m:92234:0:3","r03-c04:expanded-facade-max4m:92234:0:4","r03-c04:expanded-facade-max4m:92234:0:5","r03-c04:expanded-facade-max4m:92234:0:6","r03-c04:expanded-facade-max4m:92234:0:8","r03-c04:expanded-facade-max4m:92234:0:9"],"receiver_count":26,"periods":{"D":{"min":60.867817,"max":74.64231,"receiver_count":26,"unavailable_count":0},"E":{"min":58.649326,"max":72.42382,"receiver_count":26,"unavailable_count":0},"N":{"min":53.878117,"max":67.65261,"receiver_count":26,"unavailable_count":0}}}},{"type":"Feature","id":"lariac:394088887761","geometry":{"type":"Polygon","coordinates":[[[-118.55400574862043,34.17828481654644],[-118.55400572124303,34.178435264589865],[-118.55414428952788,34.17843528969926],[-118.55414433779957,34.17829816818756],[-118.55408961879105,34.17829817186731],[-118.55408962910668,34.17828484428985],[-118.55400574862043,34.17828481654644]]]},"properties":{"building_pk":92292,"building_key":"lariac:394088887761","source_tile":"r03-c04","source_tile_ids":["r03-c04"],"source_bld_id":"394088887761","height_m":9.217,"receiver_ids":[212684,212685,212686,212687,212688,212689,212690,212691,212692,212693],"receiver_keys":["r03-c04:expanded-facade-max4m:92292:0:10","r03-c04:expanded-facade-max4m:92292:0:11","r03-c04:expanded-facade-max4m:92292:0:12","r03-c04:expanded-facade-max4m:92292:0:14","r03-c04:expanded-facade-max4m:92292:0:15","r03-c04:expanded-facade-max4m:92292:0:5","r03-c04:expanded-facade-max4m:92292:0:6","r03-c04:expanded-facade-max4m:92292:0:7","r03-c04:expanded-facade-max4m:92292:0:8","r03-c04:expanded-facade-max4m:92292:0:9"],"receiver_count":10,"periods":{"D":{"min":59.034565,"max":63.488064,"receiver_count":10,"unavailable_count":0},"E":{"min":56.81608,"max":61.269577,"receiver_count":10,"unavailable_count":0},"N":{"min":52.044865,"max":56.498363,"receiver_count":10,"unavailable_count":0}}}},{"type":"Feature","id":"lariac:394365886736","geometry":{"type":"Polygon","coordinates":[[[-118.55298316604666,34.17561684941971],[-118.5531509954594,34.175617894923384],[-118.55315081181561,34.175639961961174],[-118.55311860744604,34.17563975134011],[-118.55311845758047,34.175657091426686],[-118.55305447945874,34.17565666999254],[-118.55305397965498,34.175710943440656],[-118.55312767837827,34.17571143040586],[-118.55312768981888,34.175708243394475],[-118.5532040340786,34.175708718213485],[-118.55320488454257,34.1756174834508],[-118.5532404938945,34.17561770551902],[-118.55324124495576,34.17553636385615],[-118.55298391117772,34.17553473786793],[-118.55298316604666,34.17561684941971]]]},"properties":{"building_pk":93138,"building_key":"lariac:394365886736","source_tile":"r03-c04","source_tile_ids":["r03-c04"],"source_bld_id":"394365886736","height_m":5.508,"receiver_ids":[213560,213561,213562,213563,213564,213565,213566,213567,213568,213569,213570,213571,213572,213573,213574,213575,213576,213577,213578,213579,213580,213581,213582,213583],"receiver_keys":["r03-c04:expanded-facade-max4m:93138:0:1","r03-c04:expanded-facade-max4m:93138:0:10","r03-c04:expanded-facade-max4m:93138:0:11","r03-c04:expanded-facade-max4m:93138:0:12","r03-c04:expanded-facade-max4m:93138:0:13","r03-c04:expanded-facade-max4m:93138:0:14","r03-c04:expanded-facade-max4m:93138:0:15","r03-c04:expanded-facade-max4m:93138:0:17","r03-c04:expanded-facade-max4m:93138:0:18","r03-c04:expanded-facade-max4m:93138:0:19","r03-c04:expanded-facade-max4m:93138:0:2","r03-c04:expanded-facade-max4m:93138:0:20","r03-c04:expanded-facade-max4m:93138:0:21","r03-c04:expanded-facade-max4m:93138:0:22","r03-c04:expanded-facade-max4m:93138:0:23","r03-c04:expanded-facade-max4m:93138:0:24","r03-c04:expanded-facade-max4m:93138:0:25","r03-c04:expanded-facade-max4m:93138:0:26","r03-c04:expanded-facade-max4m:93138:0:27","r03-c04:expanded-facade-max4m:93138:0:3","r03-c04:expanded-facade-max4m:93138:0:6","r03-c04:expanded-facade-max4m:93138:0:7","r03-c04:expanded-facade-max4m:93138:0:8","r03-c04:expanded-facade-max4m:93138:0:9"],"receiver_count":24,"periods":{"D":{"min":59.042324,"max":71.93868,"receiver_count":24,"unavailable_count":0},"E":{"min":56.823837,"max":69.7202,"receiver_count":24,"unavailable_count":0},"N":{"min":52.052624,"max":64.94898,"receiver_count":24,"unavailable_count":0}}}},{"type":"Feature","id":"lariac:394996888178","geometry":{"type":"Polygon","coordinates":[[[-118.55104435283036,34.17961432068807],[-118.5510881222246,34.179608268434556],[-118.55109393436592,34.179637204960784],[-118.55120027743826,34.17963872628999],[-118.55119194920182,34.17959919366622],[-118.55124529546573,34.179591421739204],[-118.5512330081315,34.17953319471118],[-118.55123459364195,34.17953296750799],[-118.5512231251817,34.17947850069398],[-118.55121172885559,34.17948017451194],[-118.55121067096776,34.179475205513825],[-118.55116105696504,34.17948241137714],[-118.5511598972887,34.17947697584256],[-118.55110460147331,34.1794850315867],[-118.55110576277207,34.17949054915489],[-118.55106975721067,34.1794957970231],[-118.5510692117305,34.17949318953805],[-118.55102032392757,34.17950030909258],[-118.55104435283036,34.17961432068807]]]},"properties":{"building_pk":93277,"building_key":"lariac:394996888178","source_tile":"r03-c04","source_tile_ids":["r03-c04"],"source_bld_id":"394996888178","height_m":6.233,"receiver_ids":[213668,213669,213670,213671,213672,213673,213674,213675,213676,213677,213678,213679,213680,213681,213682,213683],"receiver_keys":["r03-c04:expanded-facade-max4m:93277:0:1","r03-c04:expanded-facade-max4m:93277:0:10","r03-c04:expanded-facade-max4m:93277:0:11","r03-c04:expanded-facade-max4m:93277:0:12","r03-c04:expanded-facade-max4m:93277:0:13","r03-c04:expanded-facade-max4m:93277:0:15","r03-c04:expanded-facade-max4m:93277:0:16","r03-c04:expanded-facade-max4m:93277:0:17","r03-c04:expanded-facade-max4m:93277:0:18","r03-c04:expanded-facade-max4m:93277:0:19","r03-c04:expanded-facade-max4m:93277:0:2","r03-c04:expanded-facade-max4m:93277:0:3","r03-c04:expanded-facade-max4m:93277:0:4","r03-c04:expanded-facade-max4m:93277:0:5","r03-c04:expanded-facade-max4m:93277:0:7","r03-c04:expanded-facade-max4m:93277:0:8"],"receiver_count":16,"periods":{"D":{"min":51.69494,"max":66.04833,"receiver_count":16,"unavailable_count":0},"E":{"min":49.47645,"max":63.82984,"receiver_count":16,"unavailable_count":0},"N":{"min":44.70524,"max":59.05863,"receiver_count":16,"unavailable_count":0}}}},{"type":"Feature","id":"lariac:394527887018","geometry":{"type":"Polygon","coordinates":[[[-118.55253696984772,34.176313313169935],[-118.5525369894734,34.176321364772],[-118.55250343206879,34.17632146308642],[-118.55250374313572,34.17639342923877],[-118.55253349855022,34.176393321248156],[-118.55253349817748,34.17639834916221],[-118.55254533450567,34.176398323033396],[-118.55254547843396,34.17642500447976],[-118.55265963998819,34.17642464783288],[-118.55265948165585,34.17639563055112],[-118.55270282516791,34.17639548747095],[-118.55270273880964,34.17637735149961],[-118.55270994549181,34.17637731856448],[-118.55270965078739,34.1763127711448],[-118.55253696984772,34.176313313169935]]]},"properties":{"building_pk":93287,"building_key":"lariac:394527887018","source_tile":"r03-c04","source_tile_ids":["r03-c04"],"source_bld_id":"394527887018","height_m":9.345,"receiver_ids":[213703,213704,213705,213706,213707,213708,213709,213710],"receiver_keys":["r03-c04:expanded-facade-max4m:93287:0:1","r03-c04:expanded-facade-max4m:93287:0:10","r03-c04:expanded-facade-max4m:93287:0:11","r03-c04:expanded-facade-max4m:93287:0:12","r03-c04:expanded-facade-max4m:93287:0:2","r03-c04:expanded-facade-max4m:93287:0:3","r03-c04:expanded-facade-max4m:93287:0:4","r03-c04:expanded-facade-max4m:93287:0:5"],"receiver_count":8,"periods":{"D":{"min":62.19211,"max":68.12334,"receiver_count":8,"unavailable_count":0},"E":{"min":59.973618,"max":65.904854,"receiver_count":8,"unavailable_count":0},"N":{"min":55.202408,"max":61.133636,"receiver_count":8,"unavailable_count":0}}}},{"type":"Feature","id":"lariac:395032888283","geometry":{"type":"Polygon","coordinates":[[[-118.55099672202144,34.179867126039426],[-118.55099614159069,34.179839154668315],[-118.55100437310001,34.179839034225196],[-118.55100375233869,34.17981004699753],[-118.55099466063143,34.17981017045788],[-118.55099457144526,34.17980668098655],[-118.55092772250015,34.17980764544494],[-118.5509289813693,34.17986809365917],[-118.55099672202144,34.179867126039426]]]},"properties":{"building_pk":93382,"building_key":"lariac:395032888283","source_tile":"r03-c04","source_tile_ids":["r03-c04"],"source_bld_id":"395032888283","height_m":4.706,"receiver_ids":[213828,213829,213830,213831,213832,213833,213834],"receiver_keys":["r03-c04:expanded-facade-max4m:93382:0:1","r03-c04:expanded-facade-max4m:93382:0:2","r03-c04:expanded-facade-max4m:93382:0:3","r03-c04:expanded-facade-max4m:93382:0:4","r03-c04:expanded-facade-max4m:93382:0:5","r03-c04:expanded-facade-max4m:93382:0:6","r03-c04:expanded-facade-max4m:93382:0:7"],"receiver_count":7,"periods":{"D":{"min":58.41322,"max":61.306866,"receiver_count":7,"unavailable_count":0},"E":{"min":56.194733,"max":59.08838,"receiver_count":7,"unavailable_count":0},"N":{"min":51.423523,"max":54.317165,"receiver_count":7,"unavailable_count":0}}}},{"type":"Feature","id":"lariac:396165888357","geometry":{"type":"Polygon","coordinates":[[[-118.5471685390027,34.18012096358796],[-118.54726802387451,34.18012021054988],[-118.54726780473192,34.180101993139594],[-118.54727335968016,34.180101968003825],[-118.54727309967312,34.180077512995325],[-118.54731984991994,34.18007716350726],[-118.5473190992097,34.18000794725492],[-118.54726223182983,34.180008369568334],[-118.54726226080977,34.18001279331378],[-118.54716733955192,34.180013524800124],[-118.5471685390027,34.18012096358796]]]},"properties":{"building_pk":93787,"building_key":"lariac:396165888357","source_tile":"r03-c04","source_tile_ids":["r03-c04"],"source_bld_id":"396165888357","height_m":5.297,"receiver_ids":[214160,214161,214162,214163],"receiver_keys":["r03-c04:expanded-facade-max4m:93787:0:10","r03-c04:expanded-facade-max4m:93787:0:11","r03-c04:expanded-facade-max4m:93787:0:12","r03-c04:expanded-facade-max4m:93787:0:7"],"receiver_count":4,"periods":{"D":{"min":51.827198,"max":66.25844,"receiver_count":4,"unavailable_count":0},"E":{"min":49.60871,"max":64.03995,"receiver_count":4,"unavailable_count":0},"N":{"min":44.837498,"max":59.268734,"receiver_count":4,"unavailable_count":0}}}},{"type":"Feature","id":"lariac:201700285985","geometry":{"type":"Polygon","coordinates":[[[-118.55383485606716,34.17741478854642],[-118.55383405063405,34.17749062563637],[-118.55393679927896,34.17748966372946],[-118.55393707021848,34.17746345188992],[-118.55395447995437,34.17745915382266],[-118.55399649391669,34.177426263265225],[-118.55400101256107,34.177426861927586],[-118.5540200384294,34.177410769656966],[-118.55402024148117,34.17739166319913],[-118.55402331902977,34.17739168606445],[-118.55402335157794,34.177388579193575],[-118.55405687264407,34.17738882501584],[-118.55405750156754,34.17732958345891],[-118.55402383190896,34.17732933651449],[-118.55402386071698,34.17732664707576],[-118.55392611262452,34.17732593091919],[-118.55392599341535,34.177337235929635],[-118.5538706431712,34.177336829497015],[-118.55386981340448,34.177415044972705],[-118.55383485606716,34.17741478854642]]]},"properties":{"building_pk":94310,"building_key":"lariac:201700285985","source_tile":"r03-c04","source_tile_ids":["r03-c04"],"source_bld_id":"201700285985","height_m":8.928,"receiver_ids":[214751,214752,214753,214754,214755,214756,214757,214758,214759,214760,214761,214762,214763,214764],"receiver_keys":["r03-c04:expanded-facade-max4m:94310:0:10","r03-c04:expanded-facade-max4m:94310:0:11","r03-c04:expanded-facade-max4m:94310:0:12","r03-c04:expanded-facade-max4m:94310:0:13","r03-c04:expanded-facade-max4m:94310:0:16","r03-c04:expanded-facade-max4m:94310:0:17","r03-c04:expanded-facade-max4m:94310:0:18","r03-c04:expanded-facade-max4m:94310:0:19","r03-c04:expanded-facade-max4m:94310:0:3","r03-c04:expanded-facade-max4m:94310:0:4","r03-c04:expanded-facade-max4m:94310:0:5","r03-c04:expanded-facade-max4m:94310:0:6","r03-c04:expanded-facade-max4m:94310:0:7","r03-c04:expanded-facade-max4m:94310:0:8"],"receiver_count":14,"periods":{"D":{"min":54.226925,"max":65.145775,"receiver_count":14,"unavailable_count":0},"E":{"min":52.00844,"max":62.92729,"receiver_count":14,"unavailable_count":0},"N":{"min":47.23723,"max":58.15608,"receiver_count":14,"unavailable_count":0}}}},{"type":"Feature","id":"lariac:201700286180","geometry":{"type":"Polygon","coordinates":[[[-118.5465721449427,34.17930129165745],[-118.5467003795747,34.17930156943954],[-118.5467006989464,34.17919953124605],[-118.54662136296393,34.17919937505858],[-118.54662127407609,34.17922756764258],[-118.54657237675163,34.17922746136919],[-118.5465721449427,34.17930129165745]]]},"properties":{"building_pk":94320,"building_key":"lariac:201700286180","source_tile":"r03-c04","source_tile_ids":["r03-c04"],"source_bld_id":"201700286180","height_m":4.935,"receiver_ids":[214789,214790,214791,214792],"receiver_keys":["r03-c04:expanded-facade-max4m:94320:0:1","r03-c04:expanded-facade-max4m:94320:0:12","r03-c04:expanded-facade-max4m:94320:0:2","r03-c04:expanded-facade-max4m:94320:0:3"],"receiver_count":4,"periods":{"D":{"min":55.287113,"max":57.448235,"receiver_count":4,"unavailable_count":0},"E":{"min":53.068623,"max":55.229744,"receiver_count":4,"unavailable_count":0},"N":{"min":48.297413,"max":50.458534,"receiver_count":4,"unavailable_count":0}}}},{"type":"Feature","id":"lariac:393979887637","geometry":{"type":"Polygon","coordinates":[[[-118.55450276770335,34.178102522945764],[-118.55450270817921,34.17809862133457],[-118.55453057950228,34.178098438551594],[-118.55453009270192,34.178050104482004],[-118.5545003374359,34.17805032385043],[-118.55449973020401,34.17798874574466],[-118.55433719964701,34.177989875768795],[-118.5543376646325,34.17803493913567],[-118.55431977810147,34.17803507611111],[-118.55432046496331,34.17810377064343],[-118.55450276770335,34.178102522945764]]]},"properties":{"building_pk":98605,"building_key":"lariac:393979887637","source_tile":"r03-c04","source_tile_ids":["r03-c04"],"source_bld_id":"393979887637","height_m":8.263,"receiver_ids":[216501,216502,216503,216504,216505,216506,216507,216508,216509,216510],"receiver_keys":["r03-c04:expanded-facade-max4m:98605:0:11","r03-c04:expanded-facade-max4m:98605:0:12","r03-c04:expanded-facade-max4m:98605:0:2","r03-c04:expanded-facade-max4m:98605:0:3","r03-c04:expanded-facade-max4m:98605:0:4","r03-c04:expanded-facade-max4m:98605:0:5","r03-c04:expanded-facade-max4m:98605:0:6","r03-c04:expanded-facade-max4m:98605:0:7","r03-c04:expanded-facade-max4m:98605:0:8","r03-c04:expanded-facade-max4m:98605:0:9"],"receiver_count":10,"periods":{"D":{"min":52.72361,"max":65.80144,"receiver_count":10,"unavailable_count":0},"E":{"min":50.505123,"max":63.582947,"receiver_count":10,"unavailable_count":0},"N":{"min":45.73391,"max":58.811733,"receiver_count":10,"unavailable_count":0}}}},{"type":"Feature","id":"lariac:394523887527","geometry":{"type":"Polygon","coordinates":[[[-118.55255898410368,34.177792084170015],[-118.55269654827491,34.17780052422432],[-118.55269774854641,34.17778699827957],[-118.55269189400286,34.177786640976436],[-118.55269318480637,34.17777187860084],[-118.55271448600094,34.17777321020238],[-118.55272017870931,34.177709102418575],[-118.55268604432823,34.177707005452994],[-118.5526869055937,34.17769732884863],[-118.55269189960008,34.17769763599182],[-118.5526953777273,34.17765851741709],[-118.5526926984945,34.17765836467834],[-118.55269303823486,34.17765479030581],[-118.55258193543351,34.17764798916436],[-118.5525789486002,34.17768136175233],[-118.55256886080304,34.177680748813756],[-118.55255898410368,34.177792084170015]]]},"properties":{"building_pk":98625,"building_key":"lariac:394523887527","source_tile":"r03-c04","source_tile_ids":["r03-c04"],"source_bld_id":"394523887527","height_m":7.952,"receiver_ids":[216550,216551,216552,216553,216554,216555,216556,216557,216558,216559,216560,216561],"receiver_keys":["r03-c04:expanded-facade-max4m:98625:0:1","r03-c04:expanded-facade-max4m:98625:0:10","r03-c04:expanded-facade-max4m:98625:0:11","r03-c04:expanded-facade-max4m:98625:0:12","r03-c04:expanded-facade-max4m:98625:0:13","r03-c04:expanded-facade-max4m:98625:0:14","r03-c04:expanded-facade-max4m:98625:0:15","r03-c04:expanded-facade-max4m:98625:0:16","r03-c04:expanded-facade-max4m:98625:0:4","r03-c04:expanded-facade-max4m:98625:0:6","r03-c04:expanded-facade-max4m:98625:0:7","r03-c04:expanded-facade-max4m:98625:0:9"],"receiver_count":12,"periods":{"D":{"min":52.47728,"max":64.62237,"receiver_count":12,"unavailable_count":0},"E":{"min":50.258793,"max":62.403877,"receiver_count":12,"unavailable_count":0},"N":{"min":45.48758,"max":57.632664,"receiver_count":12,"unavailable_count":0}}}},{"type":"Feature","id":"lariac:393969886303","geometry":{"type":"Polygon","coordinates":[[[-118.55449118148813,34.17444414243108],[-118.5544911919611,34.174440817487536],[-118.55450967447797,34.17444086977951],[-118.55451007413723,34.17435661682558],[-118.55453748288551,34.174356711127196],[-118.55453768565673,34.174312578700466],[-118.55449179443443,34.174312432107044],[-118.55449181365083,34.17431026110017],[-118.55435440680971,34.174309819090695],[-118.55435418052834,34.17435549056058],[-118.55435788375641,34.1743555015335],[-118.55435776305161,34.17438210125071],[-118.55435065379709,34.17438207884406],[-118.55435036839903,34.17444368898712],[-118.55449118148813,34.17444414243108]]]},"properties":{"building_pk":98669,"building_key":"lariac:393969886303","source_tile":"r03-c04","source_tile_ids":["r03-c04"],"source_bld_id":"393969886303","height_m":8.467,"receiver_ids":[216596,216597,216598,216599,216600,216601,216602,216603,216604,216605],"receiver_keys":["r03-c04:expanded-facade-max4m:98669:0:1","r03-c04:expanded-facade-max4m:98669:0:10","r03-c04:expanded-facade-max4m:98669:0:11","r03-c04:expanded-facade-max4m:98669:0:12","r03-c04:expanded-facade-max4m:98669:0:13","r03-c04:expanded-facade-max4m:98669:0:14","r03-c04:expanded-facade-max4m:98669:0:2","r03-c04:expanded-facade-max4m:98669:0:3","r03-c04:expanded-facade-max4m:98669:0:4","r03-c04:expanded-facade-max4m:98669:0:5"],"receiver_count":10,"periods":{"D":{"min":70.57668,"max":76.69474,"receiver_count":10,"unavailable_count":0},"E":{"min":68.3582,"max":74.47625,"receiver_count":10,"unavailable_count":0},"N":{"min":63.586987,"max":69.70504,"receiver_count":10,"unavailable_count":0}}}},{"type":"Feature","id":"lariac:394518886700","geometry":{"type":"Polygon","coordinates":[[[-118.5525769609025,34.175441438133376],[-118.5525766287784,34.17546108700481],[-118.55255840978622,34.17546089527609],[-118.5525577326305,34.17550349092661],[-118.55251491364012,34.17550299957806],[-118.5525143713535,34.17553597693802],[-118.55246510555473,34.175535432983544],[-118.55246399875631,34.17560295378679],[-118.55258610525715,34.17560431982325],[-118.55258723194468,34.175534737095894],[-118.55266430641508,34.17553559477941],[-118.55266378581977,34.17556692311676],[-118.5527473072942,34.175567860372816],[-118.55274737418429,34.17556305122998],[-118.5527728668832,34.17556334671949],[-118.5527726784002,34.1755748612028],[-118.55284108974338,34.17557562043357],[-118.55284326218192,34.17543936913329],[-118.5527766699554,34.17543860158957],[-118.55277580442183,34.17549254674201],[-118.55269317589793,34.17549163337307],[-118.55269397622591,34.17544274437964],[-118.5525769609025,34.175441438133376]]]},"properties":{"building_pk":98685,"building_key":"lariac:394518886700","source_tile":"r03-c04","source_tile_ids":["r03-c04"],"source_bld_id":"394518886700","height_m":5.316,"receiver_ids":[216650,216651,216652,216653,216654,216655,216656,216657,216658,216659,216660,216661,216662,216663,216664,216665,216666,216667,216668,216669,216670,216671,216672,216673,216674,216675,216676,216677],"receiver_keys":["r03-c04:expanded-facade-max4m:98685:0:10","r03-c04:expanded-facade-max4m:98685:0:11","r03-c04:expanded-facade-max4m:98685:0:12","r03-c04:expanded-facade-max4m:98685:0:13","r03-c04:expanded-facade-max4m:98685:0:15","r03-c04:expanded-facade-max4m:98685:0:16","r03-c04:expanded-facade-max4m:98685:0:19","r03-c04:expanded-facade-max4m:98685:0:2","r03-c04:expanded-facade-max4m:98685:0:20","r03-c04:expanded-facade-max4m:98685:0:21","r03-c04:expanded-facade-max4m:98685:0:22","r03-c04:expanded-facade-max4m:98685:0:23","r03-c04:expanded-facade-max4m:98685:0:24","r03-c04:expanded-facade-max4m:98685:0:25","r03-c04:expanded-facade-max4m:98685:0:26","r03-c04:expanded-facade-max4m:98685:0:27","r03-c04:expanded-facade-max4m:98685:0:28","r03-c04:expanded-facade-max4m:98685:0:29","r03-c04:expanded-facade-max4m:98685:0:3","r03-c04:expanded-facade-max4m:98685:0:30","r03-c04:expanded-facade-max4m:98685:0:31","r03-c04:expanded-facade-max4m:98685:0:32","r03-c04:expanded-facade-max4m:98685:0:4","r03-c04:expanded-facade-max4m:98685:0:5","r03-c04:expanded-facade-max4m:98685:0:6","r03-c04:expanded-facade-max4m:98685:0:7","r03-c04:expanded-facade-max4m:98685:0:8","r03-c04:expanded-facade-max4m:98685:0:9"],"receiver_count":28,"periods":{"D":{"min":61.000427,"max":71.43794,"receiver_count":28,"unavailable_count":0},"E":{"min":58.78194,"max":69.21945,"receiver_count":28,"unavailable_count":0},"N":{"min":54.010727,"max":64.44824,"receiver_count":28,"unavailable_count":0}}}},{"type":"Feature","id":"lariac:395552888138","geometry":{"type":"Polygon","coordinates":[[[-118.5492793441658,34.179427962138234],[-118.54927925615966,34.17941952678955],[-118.54931235036426,34.17941923854879],[-118.54931167713114,34.17936700433665],[-118.54928522780926,34.17936723354947],[-118.549285246422,34.17937006431352],[-118.54922580053928,34.179370581303274],[-118.54921044504783,34.17938351156066],[-118.54918898855256,34.179383691033486],[-118.54918952744393,34.17942556711403],[-118.54920619052784,34.17942540940803],[-118.54920727356252,34.17950962764355],[-118.54927637220511,34.179509011831],[-118.54927534385904,34.1794280073522],[-118.5492793441658,34.179427962138234]]]},"properties":{"building_pk":98703,"building_key":"lariac:395552888138","source_tile":"r03-c04","source_tile_ids":["r03-c04"],"source_bld_id":"395552888138","height_m":4.88,"receiver_ids":[216744,216745,216746,216747,216748,216749,216750,216751,216752,216753,216754,216755,216756],"receiver_keys":["r03-c04:expanded-facade-max4m:98703:0:1","r03-c04:expanded-facade-max4m:98703:0:10","r03-c04:expanded-facade-max4m:98703:0:11","r03-c04:expanded-facade-max4m:98703:0:12","r03-c04:expanded-facade-max4m:98703:0:13","r03-c04:expanded-facade-max4m:98703:0:14","r03-c04:expanded-facade-max4m:98703:0:2","r03-c04:expanded-facade-max4m:98703:0:3","r03-c04:expanded-facade-max4m:98703:0:4","r03-c04:expanded-facade-max4m:98703:0:5","r03-c04:expanded-facade-max4m:98703:0:6","r03-c04:expanded-facade-max4m:98703:0:7","r03-c04:expanded-facade-max4m:98703:0:9"],"receiver_count":13,"periods":{"D":{"min":58.083836,"max":63.975414,"receiver_count":13,"unavailable_count":0},"E":{"min":55.86535,"max":61.756927,"receiver_count":13,"unavailable_count":0},"N":{"min":51.094135,"max":56.985714,"receiver_count":13,"unavailable_count":0}}}},{"type":"Feature","id":"lariac:394091886418","geometry":{"type":"Polygon","coordinates":[[[-118.55412539412038,34.17463318244201],[-118.55407377561576,34.17463321609494],[-118.55407378007706,34.17463895891181],[-118.55398722575096,34.17463902546294],[-118.55398739514563,34.174774332063976],[-118.55399410618045,34.17477432927002],[-118.5539941286459,34.174792602568836],[-118.55403505866343,34.17479258005159],[-118.55403507961827,34.17479573986846],[-118.55406923243602,34.17479572043892],[-118.55406920756296,34.17478689984326],[-118.5541256009376,34.1747868533302],[-118.55413513216209,34.17478684481888],[-118.55413502065528,34.17470020421578],[-118.5541297307274,34.17470022845406],[-118.55412964938476,34.17463318007397],[-118.55412539412038,34.17463318244201]]]},"properties":{"building_pk":98888,"building_key":"lariac:394091886418","source_tile":"r03-c04","source_tile_ids":["r03-c04"],"source_bld_id":"394091886418","height_m":8.726,"receiver_ids":[217010,217011,217012,217013,217014,217015,217016,217017,217018,217019,217020],"receiver_keys":["r03-c04:expanded-facade-max4m:98888:0:1","r03-c04:expanded-facade-max4m:98888:0:10","r03-c04:expanded-facade-max4m:98888:0:11","r03-c04:expanded-facade-max4m:98888:0:12","r03-c04:expanded-facade-max4m:98888:0:13","r03-c04:expanded-facade-max4m:98888:0:14","r03-c04:expanded-facade-max4m:98888:0:15","r03-c04:expanded-facade-max4m:98888:0:16","r03-c04:expanded-facade-max4m:98888:0:2","r03-c04:expanded-facade-max4m:98888:0:3","r03-c04:expanded-facade-max4m:98888:0:9"],"receiver_count":11,"periods":{"D":{"min":59.013454,"max":70.838844,"receiver_count":11,"unavailable_count":0},"E":{"min":56.794964,"max":68.62036,"receiver_count":11,"unavailable_count":0},"N":{"min":52.023754,"max":63.849148,"receiver_count":11,"unavailable_count":0}}}},{"type":"Feature","id":"lariac:394449888141","geometry":{"type":"Polygon","coordinates":[[[-118.55296280784177,34.179474407109005],[-118.55295925085196,34.1793616482926],[-118.55296523457388,34.17936151094643],[-118.55296343890292,34.17930491299237],[-118.552822574912,34.179308001935496],[-118.55282362186375,34.17934130199949],[-118.552813307364,34.17934154117448],[-118.55281761386956,34.17947759878385],[-118.55296280784177,34.179474407109005]]]},"properties":{"building_pk":99082,"building_key":"lariac:394449888141","source_tile":"r03-c04","source_tile_ids":["r03-c04"],"source_bld_id":"394449888141","height_m":8.925,"receiver_ids":[217208,217209,217210,217211,217212,217213,217214,217215,217216,217217,217218,217219,217220,217221,217222,217223],"receiver_keys":["r03-c04:expanded-facade-max4m:99082:0:1","r03-c04:expanded-facade-max4m:99082:0:11","r03-c04:expanded-facade-max4m:99082:0:12","r03-c04:expanded-facade-max4m:99082:0:13","r03-c04:expanded-facade-max4m:99082:0:14","r03-c04:expanded-facade-max4m:99082:0:15","r03-c04:expanded-facade-max4m:99082:0:16","r03-c04:expanded-facade-max4m:99082:0:17","r03-c04:expanded-facade-max4m:99082:0:2","r03-c04:expanded-facade-max4m:99082:0:3","r03-c04:expanded-facade-max4m:99082:0:4","r03-c04:expanded-facade-max4m:99082:0:5","r03-c04:expanded-facade-max4m:99082:0:6","r03-c04:expanded-facade-max4m:99082:0:7","r03-c04:expanded-facade-max4m:99082:0:8","r03-c04:expanded-facade-max4m:99082:0:9"],"receiver_count":16,"periods":{"D":{"min":50.95525,"max":60.616287,"receiver_count":16,"unavailable_count":0},"E":{"min":48.736763,"max":58.3978,"receiver_count":16,"unavailable_count":0},"N":{"min":43.96555,"max":53.626587,"receiver_count":16,"unavailable_count":0}}}},{"type":"Feature","id":"lariac:393965886252","geometry":{"type":"Polygon","coordinates":[[[-118.55452888030415,34.174191354149954],[-118.55449674447887,34.17419141855518],[-118.55449669410868,34.17417386030864],[-118.55434322477285,34.17417415096203],[-118.55434341173824,34.174242215800234],[-118.55435640419003,34.17424221123971],[-118.55435653407788,34.17429170092033],[-118.55452914739291,34.17429140451275],[-118.55452888030415,34.174191354149954]]]},"properties":{"building_pk":99322,"building_key":"lariac:393965886252","source_tile":"r03-c04","source_tile_ids":["r03-c04"],"source_bld_id":"393965886252","height_m":8.669,"receiver_ids":[217460,217461,217462,217463,217464,217465,217466,217467,217468,217469,217470],"receiver_keys":["r03-c04:expanded-facade-max4m:99322:0:1","r03-c04:expanded-facade-max4m:99322:0:14","r03-c04:expanded-facade-max4m:99322:0:15","r03-c04:expanded-facade-max4m:99322:0:16","r03-c04:expanded-facade-max4m:99322:0:2","r03-c04:expanded-facade-max4m:99322:0:3","r03-c04:expanded-facade-max4m:99322:0:4","r03-c04:expanded-facade-max4m:99322:0:5","r03-c04:expanded-facade-max4m:99322:0:6","r03-c04:expanded-facade-max4m:99322:0:7","r03-c04:expanded-facade-max4m:99322:0:9"],"receiver_count":11,"periods":{"D":{"min":67.4727,"max":77.83748,"receiver_count":11,"unavailable_count":0},"E":{"min":65.25421,"max":75.61899,"receiver_count":11,"unavailable_count":0},"N":{"min":60.483,"max":70.84778,"receiver_count":11,"unavailable_count":0}}}},{"type":"Feature","id":"lariac:396264888304","geometry":{"type":"Polygon","coordinates":[[[-118.54690955103959,34.17995445682378],[-118.546906223458,34.179870523698405],[-118.54687144661592,34.17987147791691],[-118.54687480670475,34.17995541089605],[-118.54690955103959,34.17995445682378]]]},"properties":{"building_pk":100326,"building_key":"lariac:396264888304","source_tile":"r03-c04","source_tile_ids":["r03-c04"],"source_bld_id":"396264888304","height_m":3.883,"receiver_ids":[218682,218683,218684,218685,218686],"receiver_keys":["r03-c04:expanded-facade-max4m:100326:0:1","r03-c04:expanded-facade-max4m:100326:0:2","r03-c04:expanded-facade-max4m:100326:0:3","r03-c04:expanded-facade-max4m:100326:0:5","r03-c04:expanded-facade-max4m:100326:0:6"],"receiver_count":5,"periods":{"D":{"min":63.181847,"max":64.27286,"receiver_count":5,"unavailable_count":0},"E":{"min":60.96336,"max":62.054375,"receiver_count":5,"unavailable_count":0},"N":{"min":56.192146,"max":57.28316,"receiver_count":5,"unavailable_count":0}}}},{"type":"Feature","id":"lariac:395434888224","geometry":{"type":"Polygon","coordinates":[[[-118.5496426978704,34.17976224387065],[-118.54969057368223,34.17973201838936],[-118.54967961660066,34.179720005527685],[-118.54971366275674,34.179698526563655],[-118.54970497077852,34.179689003390905],[-118.54974099258096,34.17966625237623],[-118.54970149487616,34.17962301443732],[-118.54971054967832,34.17961728544036],[-118.54964061225871,34.17954071600419],[-118.54956886446932,34.1795859984453],[-118.5495706956762,34.17958799606004],[-118.54951860570762,34.179620877657946],[-118.54954741291864,34.17965240268703],[-118.54954418601648,34.17965442328507],[-118.5496426978704,34.17976224387065]]]},"properties":{"building_pk":100342,"building_key":"lariac:395434888224","source_tile":"r03-c04","source_tile_ids":["r03-c04"],"source_bld_id":"395434888224","height_m":6.245,"receiver_ids":[218716,218717,218718,218719,218720,218721,218722,218723,218724,218725,218726,218727,218728,218729,218730,218731,218732,218733],"receiver_keys":["r03-c04:expanded-facade-max4m:100342:0:1","r03-c04:expanded-facade-max4m:100342:0:10","r03-c04:expanded-facade-max4m:100342:0:11","r03-c04:expanded-facade-max4m:100342:0:12","r03-c04:expanded-facade-max4m:100342:0:13","r03-c04:expanded-facade-max4m:100342:0:14","r03-c04:expanded-facade-max4m:100342:0:15","r03-c04:expanded-facade-max4m:100342:0:16","r03-c04:expanded-facade-max4m:100342:0:17","r03-c04:expanded-facade-max4m:100342:0:18","r03-c04:expanded-facade-max4m:100342:0:2","r03-c04:expanded-facade-max4m:100342:0:3","r03-c04:expanded-facade-max4m:100342:0:4","r03-c04:expanded-facade-max4m:100342:0:5","r03-c04:expanded-facade-max4m:100342:0:6","r03-c04:expanded-facade-max4m:100342:0:7","r03-c04:expanded-facade-max4m:100342:0:8","r03-c04:expanded-facade-max4m:100342:0:9"],"receiver_count":18,"periods":{"D":{"min":56.11584,"max":62.649017,"receiver_count":18,"unavailable_count":0},"E":{"min":53.897354,"max":60.430527,"receiver_count":18,"unavailable_count":0},"N":{"min":49.12614,"max":55.659317,"receiver_count":18,"unavailable_count":0}}}},{"type":"Feature","id":"lariac:394164887836","geometry":{"type":"Polygon","coordinates":[[[-118.55376319008423,34.17853826785389],[-118.55376533509187,34.17864732326061],[-118.55391060194786,34.17864536612476],[-118.55391051227647,34.17864182166307],[-118.5539219848118,34.17864168707874],[-118.55392118034948,34.17860019718457],[-118.55397903580281,34.17859941019821],[-118.55397772845326,34.17853181748952],[-118.55392175701691,34.17853256789883],[-118.55392181433241,34.178536140456565],[-118.55376319008423,34.17853826785389]]]},"properties":{"building_pk":100766,"building_key":"lariac:394164887836","source_tile":"r03-c04","source_tile_ids":["r03-c04"],"source_bld_id":"394164887836","height_m":9.226,"receiver_ids":[219007,219008,219009,219010,219011,219012,219013,219014,219015,219016,219017,219018,219019,219020,219021],"receiver_keys":["r03-c04:expanded-facade-max4m:100766:0:1","r03-c04:expanded-facade-max4m:100766:0:10","r03-c04:expanded-facade-max4m:100766:0:11","r03-c04:expanded-facade-max4m:100766:0:12","r03-c04:expanded-facade-max4m:100766:0:13","r03-c04:expanded-facade-max4m:100766:0:14","r03-c04:expanded-facade-max4m:100766:0:15","r03-c04:expanded-facade-max4m:100766:0:16","r03-c04:expanded-facade-max4m:100766:0:17","r03-c04:expanded-facade-max4m:100766:0:2","r03-c04:expanded-facade-max4m:100766:0:3","r03-c04:expanded-facade-max4m:100766:0:5","r03-c04:expanded-facade-max4m:100766:0:6","r03-c04:expanded-facade-max4m:100766:0:7","r03-c04:expanded-facade-max4m:100766:0:8"],"receiver_count":15,"periods":{"D":{"min":53.88374,"max":68.96652,"receiver_count":15,"unavailable_count":0},"E":{"min":51.665253,"max":66.74804,"receiver_count":15,"unavailable_count":0},"N":{"min":46.89404,"max":61.97682,"receiver_count":15,"unavailable_count":0}}}},{"type":"Feature","id":"lariac:395176888248","geometry":{"type":"Polygon","coordinates":[[[-118.55050125300797,34.17965509963132],[-118.55045161893648,34.17967936972256],[-118.55046153064713,34.17969339410992],[-118.55042376130368,34.1797118394043],[-118.55043167111185,34.179722987963395],[-118.55039159434438,34.179742569777574],[-118.55039519896678,34.1797476651293],[-118.55035667172137,34.17976649881094],[-118.55039999151404,34.17982768962444],[-118.5504398703544,34.17980819074896],[-118.55044320776483,34.179812901454476],[-118.55051845020361,34.179776149225326],[-118.55052862914907,34.1797905573503],[-118.55057951648456,34.179765676586285],[-118.55050125300797,34.17965509963132]]]},"properties":{"building_pk":101074,"building_key":"lariac:395176888248","source_tile":"r03-c04","source_tile_ids":["r03-c04"],"source_bld_id":"395176888248","height_m":6.12,"receiver_ids":[219538,219539,219540,219541,219542,219543,219544,219545,219546,219547,219548,219549,219550,219551],"receiver_keys":["r03-c04:expanded-facade-max4m:101074:0:1","r03-c04:expanded-facade-max4m:101074:0:10","r03-c04:expanded-facade-max4m:101074:0:12","r03-c04:expanded-facade-max4m:101074:0:13","r03-c04:expanded-facade-max4m:101074:0:14","r03-c04:expanded-facade-max4m:101074:0:15","r03-c04:expanded-facade-max4m:101074:0:16","r03-c04:expanded-facade-max4m:101074:0:2","r03-c04:expanded-facade-max4m:101074:0:3","r03-c04:expanded-facade-max4m:101074:0:4","r03-c04:expanded-facade-max4m:101074:0:5","r03-c04:expanded-facade-max4m:101074:0:6","r03-c04:expanded-facade-max4m:101074:0:7","r03-c04:expanded-facade-max4m:101074:0:8"],"receiver_count":14,"periods":{"D":{"min":52.190727,"max":65.504425,"receiver_count":14,"unavailable_count":0},"E":{"min":49.97224,"max":63.285934,"receiver_count":14,"unavailable_count":0},"N":{"min":45.201027,"max":58.51472,"receiver_count":14,"unavailable_count":0}}}},{"type":"Feature","id":"lariac:201700285737","geometry":{"type":"Polygon","coordinates":[[[-118.55435756924673,34.1753245540481],[-118.55440342666992,34.17532459086156],[-118.5544034376969,34.17532134885756],[-118.55449416114551,34.17532142697776],[-118.55449420510095,34.17527836721518],[-118.5544942943817,34.175222034708995],[-118.55449433507847,34.175188289717546],[-118.55435342421912,34.175188166684876],[-118.55435334606167,34.17525109393641],[-118.55436141315863,34.17525111195268],[-118.55436136828601,34.17527916821822],[-118.55435763139799,34.175279158301066],[-118.55435756924673,34.1753245540481]]]},"properties":{"building_pk":101768,"building_key":"lariac:201700285737","source_tile":"r03-c04","source_tile_ids":["r03-c04"],"source_bld_id":"201700285737","height_m":9.299,"receiver_ids":[220496,220497,220498,220499,220500,220501,220502,220503,220504,220505,220506],"receiver_keys":["r03-c04:expanded-facade-max4m:101768:0:1","r03-c04:expanded-facade-max4m:101768:0:12","r03-c04:expanded-facade-max4m:101768:0:13","r03-c04:expanded-facade-max4m:101768:0:14","r03-c04:expanded-facade-max4m:101768:0:15","r03-c04:expanded-facade-max4m:101768:0:2","r03-c04:expanded-facade-max4m:101768:0:3","r03-c04:expanded-facade-max4m:101768:0:4","r03-c04:expanded-facade-max4m:101768:0:5","r03-c04:expanded-facade-max4m:101768:0:6","r03-c04:expanded-facade-max4m:101768:0:7"],"receiver_count":11,"periods":{"D":{"min":58.52733,"max":69.74029,"receiver_count":11,"unavailable_count":0},"E":{"min":56.30884,"max":67.521805,"receiver_count":11,"unavailable_count":0},"N":{"min":51.53763,"max":62.75059,"receiver_count":11,"unavailable_count":0}}}},{"type":"Feature","id":"lariac:394351887833","geometry":{"type":"Polygon","coordinates":[[[-118.55317608390892,34.17863790127971],[-118.55324210897753,34.17863748928492],[-118.5532419288587,34.17861536891601],[-118.55325703881944,34.178615272749916],[-118.5532565914449,34.17856278959102],[-118.55323979693155,34.17856289436444],[-118.55323956553138,34.178537944282525],[-118.55317519365205,34.17853834871484],[-118.55317608390892,34.17863790127971]]]},"properties":{"building_pk":106257,"building_key":"lariac:394351887833","source_tile":"r03-c04","source_tile_ids":["r03-c04"],"source_bld_id":"394351887833","height_m":5.358,"receiver_ids":[221975,221976,221977,221978,221979,221980,221981,221982],"receiver_keys":["r03-c04:expanded-facade-max4m:106257:0:1","r03-c04:expanded-facade-max4m:106257:0:10","r03-c04:expanded-facade-max4m:106257:0:2","r03-c04:expanded-facade-max4m:106257:0:4","r03-c04:expanded-facade-max4m:106257:0:6","r03-c04:expanded-facade-max4m:106257:0:7","r03-c04:expanded-facade-max4m:106257:0:8","r03-c04:expanded-facade-max4m:106257:0:9"],"receiver_count":8,"periods":{"D":{"min":53.444645,"max":70.64457,"receiver_count":8,"unavailable_count":0},"E":{"min":51.22616,"max":68.42608,"receiver_count":8,"unavailable_count":0},"N":{"min":46.454945,"max":63.65487,"receiver_count":8,"unavailable_count":0}}}},{"type":"Feature","id":"lariac:394121887929","geometry":{"type":"Polygon","coordinates":[[[-118.55405706549483,34.17888354409622],[-118.55405793050518,34.178824569215564],[-118.55393254613251,34.17882330259844],[-118.55393171375461,34.17888230437464],[-118.55405706549483,34.17888354409622]]]},"properties":{"building_pk":106464,"building_key":"lariac:394121887929","source_tile":"r03-c04","source_tile_ids":["r03-c04"],"source_bld_id":"394121887929","height_m":4.91,"receiver_ids":[222314,222315,222316,222317,222318,222319,222320,222321,222322,222323],"receiver_keys":["r03-c04:expanded-facade-max4m:106464:0:1","r03-c04:expanded-facade-max4m:106464:0:10","r03-c04:expanded-facade-max4m:106464:0:2","r03-c04:expanded-facade-max4m:106464:0:3","r03-c04:expanded-facade-max4m:106464:0:4","r03-c04:expanded-facade-max4m:106464:0:5","r03-c04:expanded-facade-max4m:106464:0:6","r03-c04:expanded-facade-max4m:106464:0:7","r03-c04:expanded-facade-max4m:106464:0:8","r03-c04:expanded-facade-max4m:106464:0:9"],"receiver_count":10,"periods":{"D":{"min":53.445312,"max":60.97175,"receiver_count":10,"unavailable_count":0},"E":{"min":51.226826,"max":58.75326,"receiver_count":10,"unavailable_count":0},"N":{"min":46.455612,"max":53.982048,"receiver_count":10,"unavailable_count":0}}}},{"type":"Feature","id":"lariac:393961886754","geometry":{"type":"Polygon","coordinates":[[[-118.55457924111046,34.17552743282028],[-118.55452713618911,34.17552747971333],[-118.55452716968932,34.175562432434155],[-118.55442847991671,34.175562527893014],[-118.55442849161814,34.17557426143904],[-118.55442422647788,34.17557425394559],[-118.55442422403522,34.175578952805914],[-118.5543910297484,34.175578967038696],[-118.55439109187479,34.175603203872015],[-118.55431812361816,34.17560326336958],[-118.55431825606102,34.175672922389076],[-118.55440586992124,34.17567282280098],[-118.55440590165304,34.175677604446705],[-118.55449010943998,34.175677493365214],[-118.55449011749118,34.175663670850355],[-118.55457945074622,34.17566359120109],[-118.55457924111046,34.17552743282028]]]},"properties":{"building_pk":106716,"building_key":"lariac:393961886754","source_tile":"r03-c04","source_tile_ids":["r03-c04"],"source_bld_id":"393961886754","height_m":8.809,"receiver_ids":[222547,222548,222549,222550,222551,222552,222553,222554,222555,222556,222557,222558,222559,222560,222561],"receiver_keys":["r03-c04:expanded-facade-max4m:106716:0:1","r03-c04:expanded-facade-max4m:106716:0:10","r03-c04:expanded-facade-max4m:106716:0:11","r03-c04:expanded-facade-max4m:106716:0:12","r03-c04:expanded-facade-max4m:106716:0:14","r03-c04:expanded-facade-max4m:106716:0:15","r03-c04:expanded-facade-max4m:106716:0:16","r03-c04:expanded-facade-max4m:106716:0:17","r03-c04:expanded-facade-max4m:106716:0:2","r03-c04:expanded-facade-max4m:106716:0:3","r03-c04:expanded-facade-max4m:106716:0:4","r03-c04:expanded-facade-max4m:106716:0:5","r03-c04:expanded-facade-max4m:106716:0:6","r03-c04:expanded-facade-max4m:106716:0:8","r03-c04:expanded-facade-max4m:106716:0:9"],"receiver_count":15,"periods":{"D":{"min":53.3157,"max":70.11185,"receiver_count":15,"unavailable_count":0},"E":{"min":51.097214,"max":67.893364,"receiver_count":15,"unavailable_count":0},"N":{"min":46.326,"max":63.122147,"receiver_count":15,"unavailable_count":0}}}},{"type":"Feature","id":"lariac:396257888346","geometry":{"type":"Polygon","coordinates":[[[-118.5468714668445,34.18010175200054],[-118.54693862462864,34.180102520254785],[-118.54693905481481,34.18007743014253],[-118.54699086968071,34.18007804777359],[-118.5469907016037,34.180087666205374],[-118.54700283674909,34.180087803350986],[-118.54700268556068,34.180095030811614],[-118.54708485557506,34.180095978110735],[-118.54708515988992,34.18007668639666],[-118.54708168728139,34.18007664711047],[-118.5470827785462,34.18001105033874],[-118.54705589586278,34.18001073198301],[-118.54705619693858,34.17999111031863],[-118.54696043708047,34.17999000448292],[-118.5469605970684,34.179979150070984],[-118.54694575099711,34.17997899723288],[-118.54694596113671,34.17996569580369],[-118.54687377716095,34.17996484119398],[-118.5468714668445,34.18010175200054]]]},"properties":{"building_pk":106887,"building_key":"lariac:396257888346","source_tile":"r03-c04","source_tile_ids":["r03-c04"],"source_bld_id":"396257888346","height_m":7.489,"receiver_ids":[222762,222763,222764,222765,222766,222767,222768,222769],"receiver_keys":["r03-c04:expanded-facade-max4m:106887:0:11","r03-c04:expanded-facade-max4m:106887:0:12","r03-c04:expanded-facade-max4m:106887:0:14","r03-c04:expanded-facade-max4m:106887:0:16","r03-c04:expanded-facade-max4m:106887:0:17","r03-c04:expanded-facade-max4m:106887:0:18","r03-c04:expanded-facade-max4m:106887:0:8","r03-c04:expanded-facade-max4m:106887:0:9"],"receiver_count":8,"periods":{"D":{"min":62.910328,"max":66.3086,"receiver_count":8,"unavailable_count":0},"E":{"min":60.69184,"max":64.09012,"receiver_count":8,"unavailable_count":0},"N":{"min":55.920628,"max":59.318905,"receiver_count":8,"unavailable_count":0}}}},{"type":"Feature","id":"lariac:394419887762","geometry":{"type":"Polygon","coordinates":[[[-118.55306179753266,34.17826528468308],[-118.55306155758554,34.17833898522403],[-118.55302634498715,34.17833889831841],[-118.55302658315856,34.178265088698836],[-118.55294038681916,34.17826490582357],[-118.55294046090171,34.178241190362115],[-118.55279266617089,34.178240849936614],[-118.55279230460398,34.17835095989797],[-118.55277200323926,34.178350915652665],[-118.5527719507295,34.178368062363525],[-118.55277010002482,34.17836804377587],[-118.55277001281162,34.17839486421554],[-118.5527745093193,34.178394897756824],[-118.55277434417019,34.17845485841928],[-118.55287237768272,34.17845506934316],[-118.5528724314603,34.17844319846356],[-118.55295277684058,34.1784433810926],[-118.55295270803755,34.1784680575762],[-118.55300567606687,34.17846817240604],[-118.5530082504543,34.17847247452421],[-118.55303410687176,34.178472521276504],[-118.55303540440488,34.17846877844216],[-118.55305415121926,34.178468802705794],[-118.55305671851886,34.17847203382071],[-118.55308452198153,34.17847157671088],[-118.55308647754909,34.17846728092466],[-118.5531317079249,34.17846737608995],[-118.55313168453928,34.178478752784535],[-118.55322756925526,34.178478973248176],[-118.55322775879198,34.17841766646637],[-118.55323251979875,34.17841767263596],[-118.55323261050532,34.17839140212132],[-118.5532260964192,34.17839137692446],[-118.55322613845976,34.17837266337689],[-118.55320309275767,34.17837263175725],[-118.5532032429569,34.178325366708215],[-118.55320859856171,34.178325397205285],[-118.55320879830252,34.17826562931316],[-118.55306179753266,34.17826528468308]]]},"properties":{"building_pk":107360,"building_key":"lariac:394419887762","source_tile":"r03-c04","source_tile_ids":["r03-c04"],"source_bld_id":"394419887762","height_m":9.824,"receiver_ids":[223226,223227,223228,223229,223230,223231,223232,223233,223234,223235,223236,223237,223238,223239,223240,223241,223242,223243,223244,223245,223246,223247,223248,223249,223250,223251,223252,223253,223254,223255,223256,223257,223258,223259,223260,223261,223262,223263],"receiver_keys":["r03-c04:expanded-facade-max4m:107360:0:1","r03-c04:expanded-facade-max4m:107360:0:10","r03-c04:expanded-facade-max4m:107360:0:11","r03-c04:expanded-facade-max4m:107360:0:12","r03-c04:expanded-facade-max4m:107360:0:13","r03-c04:expanded-facade-max4m:107360:0:14","r03-c04:expanded-facade-max4m:107360:0:15","r03-c04:expanded-facade-max4m:107360:0:16","r03-c04:expanded-facade-max4m:107360:0:17","r03-c04:expanded-facade-max4m:107360:0:18","r03-c04:expanded-facade-max4m:107360:0:19","r03-c04:expanded-facade-max4m:107360:0:2","r03-c04:expanded-facade-max4m:107360:0:20","r03-c04:expanded-facade-max4m:107360:0:21","r03-c04:expanded-facade-max4m:107360:0:22","r03-c04:expanded-facade-max4m:107360:0:23","r03-c04:expanded-facade-max4m:107360:0:24","r03-c04:expanded-facade-max4m:107360:0:25","r03-c04:expanded-facade-max4m:107360:0:26","r03-c04:expanded-facade-max4m:107360:0:27","r03-c04:expanded-facade-max4m:107360:0:28","r03-c04:expanded-facade-max4m:107360:0:29","r03-c04:expanded-facade-max4m:107360:0:3","r03-c04:expanded-facade-max4m:107360:0:30","r03-c04:expanded-facade-max4m:107360:0:31","r03-c04:expanded-facade-max4m:107360:0:33","r03-c04:expanded-facade-max4m:107360:0:35","r03-c04:expanded-facade-max4m:107360:0:36","r03-c04:expanded-facade-max4m:107360:0:37","r03-c04:expanded-facade-max4m:107360:0:38","r03-c04:expanded-facade-max4m:107360:0:39","r03-c04:expanded-facade-max4m:107360:0:4","r03-c04:expanded-facade-max4m:107360:0:40","r03-c04:expanded-facade-max4m:107360:0:5","r03-c04:expanded-facade-max4m:107360:0:6","r03-c04:expanded-facade-max4m:107360:0:7","r03-c04:expanded-facade-max4m:107360:0:8","r03-c04:expanded-facade-max4m:107360:0:9"],"receiver_count":38,"periods":{"D":{"min":51.323463,"max":70.20606,"receiver_count":38,"unavailable_count":0},"E":{"min":49.104977,"max":67.98758,"receiver_count":38,"unavailable_count":0},"N":{"min":44.333763,"max":63.216366,"receiver_count":38,"unavailable_count":0}}}},{"type":"Feature","id":"lariac:394129886421","geometry":{"type":"Polygon","coordinates":[[[-118.55393007243892,34.174635687389134],[-118.55393065970877,34.174609579582246],[-118.55385599855278,34.17460841054163],[-118.5538557943713,34.174617534203534],[-118.55382524269507,34.17461704213419],[-118.55382482576717,34.17463399848567],[-118.55382353591816,34.1746339773461],[-118.55382025366058,34.17477715851435],[-118.55383523169357,34.17477739194068],[-118.55383484638962,34.17479404613005],[-118.55396287532791,34.174796070626016],[-118.55396654388294,34.17463626230461],[-118.55393007243892,34.174635687389134]]]},"properties":{"building_pk":107600,"building_key":"lariac:394129886421","source_tile":"r03-c04","source_tile_ids":["r03-c04"],"source_bld_id":"394129886421","height_m":8.498,"receiver_ids":[223509,223510,223511,223512,223513,223514,223515],"receiver_keys":["r03-c04:expanded-facade-max4m:107600:0:1","r03-c04:expanded-facade-max4m:107600:0:10","r03-c04:expanded-facade-max4m:107600:0:11","r03-c04:expanded-facade-max4m:107600:0:12","r03-c04:expanded-facade-max4m:107600:0:17","r03-c04:expanded-facade-max4m:107600:0:2","r03-c04:expanded-facade-max4m:107600:0:4"],"receiver_count":7,"periods":{"D":{"min":62.65401,"max":74.35912,"receiver_count":7,"unavailable_count":0},"E":{"min":60.43552,"max":72.14064,"receiver_count":7,"unavailable_count":0},"N":{"min":55.66431,"max":67.36942,"receiver_count":7,"unavailable_count":0}}}},{"type":"Feature","id":"lariac:395143888372","geometry":{"type":"Polygon","coordinates":[[[-118.55043653664066,34.180075027840545],[-118.55042538513996,34.18012885570262],[-118.55060449539462,34.18015441961927],[-118.55061055151765,34.180125099976074],[-118.5506784624504,34.18013479252056],[-118.55069496357214,34.180054918104524],[-118.55061666053166,34.18004373394527],[-118.55061931997696,34.18003083426355],[-118.55054733864544,34.18002058232515],[-118.55053714896839,34.18006989809865],[-118.55055118170867,34.18007189515158],[-118.55054727216155,34.18009081923134],[-118.55043653664066,34.180075027840545]]]},"properties":{"building_pk":107903,"building_key":"lariac:395143888372","source_tile":"r03-c04","source_tile_ids":["r03-c04"],"source_bld_id":"395143888372","height_m":5.779,"receiver_ids":[223942],"receiver_keys":["r03-c04:expanded-facade-max4m:107903:0:14"],"receiver_count":1,"periods":{"D":{"min":63.03946,"max":63.03946,"receiver_count":1,"unavailable_count":0},"E":{"min":60.820972,"max":60.820972,"receiver_count":1,"unavailable_count":0},"N":{"min":56.04976,"max":56.04976,"receiver_count":1,"unavailable_count":0}}}},{"type":"Feature","id":"lariac:394194887754","geometry":{"type":"Polygon","coordinates":[[[-118.55366358489628,34.178440706172324],[-118.55374260508962,34.17844045438959],[-118.55374257922702,34.17843655262409],[-118.55382093791816,34.17843633086516],[-118.55382030718957,34.17829635547131],[-118.55374310619999,34.17829659897614],[-118.55374286576689,34.1782454338297],[-118.5536627230785,34.17824569075215],[-118.55366358489628,34.178440706172324]]]},"properties":{"building_pk":107920,"building_key":"lariac:394194887754","source_tile":"r03-c04","source_tile_ids":["r03-c04"],"source_bld_id":"394194887754","height_m":6.718,"receiver_ids":[223974,223975,223976,223977,223978,223979,223980,223981,223982,223983,223984,223985,223986,223987,223988],"receiver_keys":["r03-c04:expanded-facade-max4m:107920:0:1","r03-c04:expanded-facade-max4m:107920:0:10","r03-c04:expanded-facade-max4m:107920:0:11","r03-c04:expanded-facade-max4m:107920:0:12","r03-c04:expanded-facade-max4m:107920:0:13","r03-c04:expanded-facade-max4m:107920:0:14","r03-c04:expanded-facade-max4m:107920:0:15","r03-c04:expanded-facade-max4m:107920:0:16","r03-c04:expanded-facade-max4m:107920:0:17","r03-c04:expanded-facade-max4m:107920:0:18","r03-c04:expanded-facade-max4m:107920:0:19","r03-c04:expanded-facade-max4m:107920:0:2","r03-c04:expanded-facade-max4m:107920:0:3","r03-c04:expanded-facade-max4m:107920:0:4","r03-c04:expanded-facade-max4m:107920:0:9"],"receiver_count":15,"periods":{"D":{"min":59.417698,"max":71.722336,"receiver_count":15,"unavailable_count":0},"E":{"min":57.19921,"max":69.50385,"receiver_count":15,"unavailable_count":0},"N":{"min":52.427998,"max":64.732635,"receiver_count":15,"unavailable_count":0}}}},{"type":"Feature","id":"lariac:394130888335","geometry":{"type":"Polygon","coordinates":[[[-118.55397653700152,34.17992776250811],[-118.55391123276134,34.17992726464425],[-118.55391060132462,34.17998958138065],[-118.55397601589738,34.179989697386475],[-118.55397653700152,34.17992776250811]]]},"properties":{"building_pk":108506,"building_key":"lariac:394130888335","source_tile":"r03-c04","source_tile_ids":["r03-c04"],"source_bld_id":"394130888335","height_m":2.719,"receiver_ids":[224924,224925],"receiver_keys":["r03-c04:expanded-facade-max4m:108506:0:1","r03-c04:expanded-facade-max4m:108506:0:3"],"receiver_count":2,"periods":{"D":{"min":63.680252,"max":63.899296,"receiver_count":2,"unavailable_count":0},"E":{"min":61.46176,"max":61.68081,"receiver_count":2,"unavailable_count":0},"N":{"min":56.69055,"max":56.9096,"receiver_count":2,"unavailable_count":0}}}},{"type":"Feature","id":"lariac:395136888284","geometry":{"type":"Polygon","coordinates":[[[-118.5506090300037,34.17987927833897],[-118.5506690480839,34.179850317050835],[-118.55063126411004,34.179796272913826],[-118.5505712785976,34.17982523403506],[-118.5506090300037,34.17987927833897]]]},"properties":{"building_pk":108541,"building_key":"lariac:395136888284","source_tile":"r03-c04","source_tile_ids":["r03-c04"],"source_bld_id":"395136888284","height_m":4.99,"receiver_ids":[225065,225066,225067,225068,225069,225070,225071],"receiver_keys":["r03-c04:expanded-facade-max4m:108541:0:1","r03-c04:expanded-facade-max4m:108541:0:2","r03-c04:expanded-facade-max4m:108541:0:3","r03-c04:expanded-facade-max4m:108541:0:4","r03-c04:expanded-facade-max4m:108541:0:5","r03-c04:expanded-facade-max4m:108541:0:6","r03-c04:expanded-facade-max4m:108541:0:7"],"receiver_count":7,"periods":{"D":{"min":54.109913,"max":59.31025,"receiver_count":7,"unavailable_count":0},"E":{"min":51.891426,"max":57.091763,"receiver_count":7,"unavailable_count":0},"N":{"min":47.120213,"max":52.32055,"receiver_count":7,"unavailable_count":0}}}},{"type":"Feature","id":"lariac:394167886561","geometry":{"type":"Polygon","coordinates":[[[-118.55384932717791,34.17514304695302],[-118.55384886940696,34.17502409208057],[-118.55376955506567,34.17502431824814],[-118.55376958165758,34.175028329998504],[-118.55370055018857,34.175028536081925],[-118.55370059699042,34.175035597664184],[-118.55368971971241,34.17503562041767],[-118.55369013622267,34.17514347386203],[-118.55384932717791,34.17514304695302]]]},"properties":{"building_pk":108732,"building_key":"lariac:394167886561","source_tile":"r03-c04","source_tile_ids":["r03-c04"],"source_bld_id":"394167886561","height_m":9.467,"receiver_ids":[225386,225387,225388,225389,225390,225391,225392,225393,225394,225395,225396],"receiver_keys":["r03-c04:expanded-facade-max4m:108732:0:10","r03-c04:expanded-facade-max4m:108732:0:11","r03-c04:expanded-facade-max4m:108732:0:12","r03-c04:expanded-facade-max4m:108732:0:13","r03-c04:expanded-facade-max4m:108732:0:14","r03-c04:expanded-facade-max4m:108732:0:4","r03-c04:expanded-facade-max4m:108732:0:5","r03-c04:expanded-facade-max4m:108732:0:6","r03-c04:expanded-facade-max4m:108732:0:7","r03-c04:expanded-facade-max4m:108732:0:8","r03-c04:expanded-facade-max4m:108732:0:9"],"receiver_count":11,"periods":{"D":{"min":62.326504,"max":74.24671,"receiver_count":11,"unavailable_count":0},"E":{"min":60.108017,"max":72.02822,"receiver_count":11,"unavailable_count":0},"N":{"min":55.336803,"max":67.25701,"receiver_count":11,"unavailable_count":0}}}},{"type":"Feature","id":"lariac:2014121117330000","geometry":{"type":"Polygon","coordinates":[[[-118.55290285615133,34.17955323094759],[-118.55290321368301,34.17962134639471],[-118.55296022432078,34.1796211398479],[-118.55296028804152,34.179633224758035],[-118.55296977951086,34.17963319037807],[-118.55296987928813,34.17965219718059],[-118.55301501529948,34.17965203317917],[-118.55301515028525,34.17967766797448],[-118.55308890175458,34.179677401047115],[-118.55308824768932,34.17955255908287],[-118.55290285615133,34.17955323094759]]]},"properties":{"building_pk":108938,"building_key":"lariac:2014121117330000","source_tile":"r03-c04","source_tile_ids":["r03-c04"],"source_bld_id":"2014121117330000","height_m":8.507,"receiver_ids":[225621,225622,225623,225624,225625,225626,225627,225628,225629,225630,225631],"receiver_keys":["r03-c04:expanded-facade-max4m:108938:0:1","r03-c04:expanded-facade-max4m:108938:0:12","r03-c04:expanded-facade-max4m:108938:0:13","r03-c04:expanded-facade-max4m:108938:0:14","r03-c04:expanded-facade-max4m:108938:0:15","r03-c04:expanded-facade-max4m:108938:0:16","r03-c04:expanded-facade-max4m:108938:0:2","r03-c04:expanded-facade-max4m:108938:0:3","r03-c04:expanded-facade-max4m:108938:0:5","r03-c04:expanded-facade-max4m:108938:0:7","r03-c04:expanded-facade-max4m:108938:0:8"],"receiver_count":11,"periods":{"D":{"min":50.150146,"max":61.747513,"receiver_count":11,"unavailable_count":0},"E":{"min":47.93166,"max":59.529026,"receiver_count":11,"unavailable_count":0},"N":{"min":43.160446,"max":54.757812,"receiver_count":11,"unavailable_count":0}}}},{"type":"Feature","id":"lariac:201700285579","geometry":{"type":"Polygon","coordinates":[[[-118.5538449659658,34.17414731304113],[-118.55400053635388,34.174147193703966],[-118.55400041197743,34.174082963749385],[-118.55397996452396,34.174082978981225],[-118.55397991993642,34.174043047984945],[-118.55378858217351,34.174043194051514],[-118.55378858997943,34.174050098943624],[-118.55374232805933,34.17405013407274],[-118.55374238587692,34.17410206095643],[-118.55378952750952,34.1741020254052],[-118.55378955948885,34.17413155894847],[-118.55384494910982,34.174131517160596],[-118.5538449659658,34.17414731304113]]]},"properties":{"building_pk":109442,"building_key":"lariac:201700285579","source_tile":"r03-c04","source_tile_ids":["r03-c04"],"source_bld_id":"201700285579","height_m":9.202,"receiver_ids":[225907,225908,225909,225910,225911,225912,225913,225914,225915,225916,225917,225918],"receiver_keys":["r03-c04:expanded-facade-max4m:109442:0:10","r03-c04:expanded-facade-max4m:109442:0:11","r03-c04:expanded-facade-max4m:109442:0:12","r03-c04:expanded-facade-max4m:109442:0:13","r03-c04:expanded-facade-max4m:109442:0:14","r03-c04:expanded-facade-max4m:109442:0:15","r03-c04:expanded-facade-max4m:109442:0:17","r03-c04:expanded-facade-max4m:109442:0:5","r03-c04:expanded-facade-max4m:109442:0:6","r03-c04:expanded-facade-max4m:109442:0:7","r03-c04:expanded-facade-max4m:109442:0:8","r03-c04:expanded-facade-max4m:109442:0:9"],"receiver_count":12,"periods":{"D":{"min":74.41038,"max":81.28947,"receiver_count":12,"unavailable_count":0},"E":{"min":72.19189,"max":79.07098,"receiver_count":12,"unavailable_count":0},"N":{"min":67.42068,"max":74.29977,"receiver_count":12,"unavailable_count":0}}}},{"type":"Feature","id":"lariac:201700285797","geometry":{"type":"Polygon","coordinates":[[[-118.55416143962293,34.17573140209161],[-118.55426622903617,34.17573132036796],[-118.55426614755066,34.17565887173679],[-118.55415949686807,34.17565895477706],[-118.55415954782465,34.17568560599715],[-118.55414344532552,34.175685618474915],[-118.55414348459931,34.17572048462046],[-118.55416142676715,34.17572047002391],[-118.55416143962293,34.17573140209161]]]},"properties":{"building_pk":109449,"building_key":"lariac:201700285797","source_tile":"r03-c04","source_tile_ids":["r03-c04"],"source_bld_id":"201700285797","height_m":5.023,"receiver_ids":[225919,225920,225921,225922,225923,225924,225925,225926,225927,225928],"receiver_keys":["r03-c04:expanded-facade-max4m:109449:0:1","r03-c04:expanded-facade-max4m:109449:0:10","r03-c04:expanded-facade-max4m:109449:0:2","r03-c04:expanded-facade-max4m:109449:0:3","r03-c04:expanded-facade-max4m:109449:0:4","r03-c04:expanded-facade-max4m:109449:0:5","r03-c04:expanded-facade-max4m:109449:0:6","r03-c04:expanded-facade-max4m:109449:0:7","r03-c04:expanded-facade-max4m:109449:0:8","r03-c04:expanded-facade-max4m:109449:0:9"],"receiver_count":10,"periods":{"D":{"min":60.139767,"max":68.52197,"receiver_count":10,"unavailable_count":0},"E":{"min":57.92128,"max":66.30348,"receiver_count":10,"unavailable_count":0},"N":{"min":53.150066,"max":61.53227,"receiver_count":10,"unavailable_count":0}}}},{"type":"Feature","id":"lariac:394136887759","geometry":{"type":"Polygon","coordinates":[[[-118.5538470580905,34.17843640328211],[-118.55398482817365,34.17843580024693],[-118.55398389542131,34.17828516367105],[-118.55390236372557,34.1782855100566],[-118.55390248943579,34.17830446985996],[-118.55389686952611,34.178304495598276],[-118.5538968389163,34.17829987892988],[-118.55385243610085,34.178300082278696],[-118.55385248037128,34.17830675981488],[-118.55384626495285,34.178306788277936],[-118.5538470580905,34.17843640328211]]]},"properties":{"building_pk":112174,"building_key":"lariac:394136887759","source_tile":"r03-c04","source_tile_ids":["r03-c04"],"source_bld_id":"394136887759","height_m":8.928,"receiver_ids":[227236,227237,227238,227239,227240,227241],"receiver_keys":["r03-c04:expanded-facade-max4m:112174:0:1","r03-c04:expanded-facade-max4m:112174:0:11","r03-c04:expanded-facade-max4m:112174:0:2","r03-c04:expanded-facade-max4m:112174:0:3","r03-c04:expanded-facade-max4m:112174:0:8","r03-c04:expanded-facade-max4m:112174:0:9"],"receiver_count":6,"periods":{"D":{"min":59.230984,"max":65.29905,"receiver_count":6,"unavailable_count":0},"E":{"min":57.012493,"max":63.080563,"receiver_count":6,"unavailable_count":0},"N":{"min":52.241283,"max":58.309353,"receiver_count":6,"unavailable_count":0}}}},{"type":"Feature","id":"lariac:393950888331","geometry":{"type":"Polygon","coordinates":[[[-118.55455366230707,34.179932152422275],[-118.5545236632143,34.17993561486497],[-118.55452979468375,34.179972600559005],[-118.55455982633163,34.17996913796555],[-118.55455366230707,34.179932152422275]]]},"properties":{"building_pk":112179,"building_key":"lariac:393950888331","source_tile":"r03-c04","source_tile_ids":["r03-c04"],"source_bld_id":"393950888331","height_m":2.234,"receiver_ids":[227242,227243],"receiver_keys":["r03-c04:expanded-facade-max4m:112179:0:1","r03-c04:expanded-facade-max4m:112179:0:2"],"receiver_count":2,"periods":{"D":{"min":65.13453,"max":65.136215,"receiver_count":2,"unavailable_count":0},"E":{"min":62.916042,"max":62.917732,"receiver_count":2,"unavailable_count":0},"N":{"min":58.14483,"max":58.14652,"receiver_count":2,"unavailable_count":0}}}},{"type":"Feature","id":"lariac:395151888339","geometry":{"type":"Polygon","coordinates":[[[-118.5505867490528,34.17998020036095],[-118.5505582368981,34.1799785441961],[-118.55055587410962,34.180006336937694],[-118.55058438627374,34.180007993103075],[-118.5505867490528,34.17998020036095]]]},"properties":{"building_pk":112182,"building_key":"lariac:395151888339","source_tile":"r03-c04","source_tile_ids":["r03-c04"],"source_bld_id":"395151888339","height_m":3.463,"receiver_ids":[227245,227246],"receiver_keys":["r03-c04:expanded-facade-max4m:112182:0:1","r03-c04:expanded-facade-max4m:112182:0:4"],"receiver_count":2,"periods":{"D":{"min":60.439137,"max":62.077564,"receiver_count":2,"unavailable_count":0},"E":{"min":58.22065,"max":59.859077,"receiver_count":2,"unavailable_count":0},"N":{"min":53.44944,"max":55.087864,"receiver_count":2,"unavailable_count":0}}}},{"type":"Feature","id":"lariac:394089887197","geometry":{"type":"Polygon","coordinates":[[[-118.55400225999689,34.176906204440485],[-118.55401072262404,34.17690613862852],[-118.55401078103034,34.1769098752623],[-118.55404923009996,34.17690950709822],[-118.55404916712068,34.1769049176245],[-118.55406169717622,34.17690480522748],[-118.5540616364,34.17690071159305],[-118.55408649801024,34.176900487704565],[-118.5540863036227,34.176886062082616],[-118.55418858974535,34.176885148056094],[-118.55418851045778,34.176842781244446],[-118.55421601636046,34.17684251816596],[-118.55421511933145,34.17677695656247],[-118.55409567107937,34.176778080867834],[-118.55409585999362,34.17679151752073],[-118.55400067888418,34.17679242056021],[-118.55400225999689,34.176906204440485]]]},"properties":{"building_pk":112315,"building_key":"lariac:394089887197","source_tile":"r03-c04","source_tile_ids":["r03-c04"],"source_bld_id":"394089887197","height_m":9.571,"receiver_ids":[227523,227524,227525,227526,227527,227528,227529,227530,227531,227532,227533,227534,227535],"receiver_keys":["r03-c04:expanded-facade-max4m:112315:0:1","r03-c04:expanded-facade-max4m:112315:0:10","r03-c04:expanded-facade-max4m:112315:0:11","r03-c04:expanded-facade-max4m:112315:0:12","r03-c04:expanded-facade-max4m:112315:0:14","r03-c04:expanded-facade-max4m:112315:0:15","r03-c04:expanded-facade-max4m:112315:0:2","r03-c04:expanded-facade-max4m:112315:0:3","r03-c04:expanded-facade-max4m:112315:0:4","r03-c04:expanded-facade-max4m:112315:0:5","r03-c04:expanded-facade-max4m:112315:0:6","r03-c04:expanded-facade-max4m:112315:0:8","r03-c04:expanded-facade-max4m:112315:0:9"],"receiver_count":13,"periods":{"D":{"min":55.07879,"max":65.48059,"receiver_count":13,"unavailable_count":0},"E":{"min":52.860302,"max":63.2621,"receiver_count":13,"unavailable_count":0},"N":{"min":48.08909,"max":58.49089,"receiver_count":13,"unavailable_count":0}}}},{"type":"Feature","id":"lariac:396137888263","geometry":{"type":"Polygon","coordinates":[[[-118.54708795698441,34.17977679495873],[-118.54705607891925,34.179796338577304],[-118.54705753347115,34.1798518130172],[-118.54714943918914,34.17985013331091],[-118.54714925430451,34.17984194542293],[-118.54717155476206,34.179844399510586],[-118.54718336893069,34.179846049979425],[-118.54718365433885,34.179854182418374],[-118.54735459938573,34.17985000196817],[-118.54735050620259,34.17973488250054],[-118.54724435495817,34.17973747877742],[-118.54724419489958,34.17973324765395],[-118.54705020778813,34.17973797212712],[-118.54705162539248,34.17977770036629],[-118.54708795698441,34.17977679495873]]]},"properties":{"building_pk":112316,"building_key":"lariac:396137888263","source_tile":"r03-c04","source_tile_ids":["r03-c04"],"source_bld_id":"396137888263","height_m":7.763,"receiver_ids":[227536,227537,227538,227539,227540,227541,227542,227543,227544],"receiver_keys":["r03-c04:expanded-facade-max4m:112316:0:10","r03-c04:expanded-facade-max4m:112316:0:11","r03-c04:expanded-facade-max4m:112316:0:12","r03-c04:expanded-facade-max4m:112316:0:13","r03-c04:expanded-facade-max4m:112316:0:2","r03-c04:expanded-facade-max4m:112316:0:21","r03-c04:expanded-facade-max4m:112316:0:3","r03-c04:expanded-facade-max4m:112316:0:4","r03-c04:expanded-facade-max4m:112316:0:5"],"receiver_count":9,"periods":{"D":{"min":57.703518,"max":64.339615,"receiver_count":9,"unavailable_count":0},"E":{"min":55.48503,"max":62.121128,"receiver_count":9,"unavailable_count":0},"N":{"min":50.713818,"max":57.34992,"receiver_count":9,"unavailable_count":0}}}},{"type":"Feature","id":"lariac:394405887901","geometry":{"type":"Polygon","coordinates":[[[-118.55322880346411,34.17881014630019],[-118.55322749899132,34.178702928897145],[-118.5531329430197,34.17870371839577],[-118.5531330970723,34.178717155209185],[-118.5530881343249,34.178717525819785],[-118.5530880323154,34.17871211251274],[-118.5530492837556,34.178712427644285],[-118.55304915773861,34.178703387534235],[-118.55299321799116,34.17870386329882],[-118.55299314634529,34.178698119887684],[-118.55296818548759,34.17869834400269],[-118.55296824858789,34.17870296052259],[-118.55295406496222,34.17870305241731],[-118.55295559692249,34.17882961411925],[-118.5529758644119,34.17882943941387],[-118.5529767577905,34.178904425784346],[-118.55305226987218,34.178903778488554],[-118.5530515031924,34.178842861039385],[-118.55306208230364,34.17884278471488],[-118.55306302557833,34.1789202167467],[-118.55320961993702,34.17891896930915],[-118.55320887767246,34.178856841876296],[-118.55320302577992,34.17885689659119],[-118.55320245412962,34.178810376814695],[-118.55322880346411,34.17881014630019]]]},"properties":{"building_pk":112524,"building_key":"lariac:394405887901","source_tile":"r03-c04","source_tile_ids":["r03-c04"],"source_bld_id":"394405887901","height_m":10.208,"receiver_ids":[227750,227751,227752,227753,227754,227755,227756,227757,227758,227759,227760,227761,227762,227763,227764,227765,227766,227767,227768,227769,227770,227771,227772],"receiver_keys":["r03-c04:expanded-facade-max4m:112524:0:1","r03-c04:expanded-facade-max4m:112524:0:11","r03-c04:expanded-facade-max4m:112524:0:12","r03-c04:expanded-facade-max4m:112524:0:13","r03-c04:expanded-facade-max4m:112524:0:14","r03-c04:expanded-facade-max4m:112524:0:16","r03-c04:expanded-facade-max4m:112524:0:17","r03-c04:expanded-facade-max4m:112524:0:18","r03-c04:expanded-facade-max4m:112524:0:19","r03-c04:expanded-facade-max4m:112524:0:2","r03-c04:expanded-facade-max4m:112524:0:23","r03-c04:expanded-facade-max4m:112524:0:24","r03-c04:expanded-facade-max4m:112524:0:25","r03-c04:expanded-facade-max4m:112524:0:26","r03-c04:expanded-facade-max4m:112524:0:27","r03-c04:expanded-facade-max4m:112524:0:28","r03-c04:expanded-facade-max4m:112524:0:29","r03-c04:expanded-facade-max4m:112524:0:3","r03-c04:expanded-facade-max4m:112524:0:4","r03-c04:expanded-facade-max4m:112524:0:5","r03-c04:expanded-facade-max4m:112524:0:7","r03-c04:expanded-facade-max4m:112524:0:8","r03-c04:expanded-facade-max4m:112524:0:9"],"receiver_count":23,"periods":{"D":{"min":51.97024,"max":70.08503,"receiver_count":23,"unavailable_count":0},"E":{"min":49.751755,"max":67.86654,"receiver_count":23,"unavailable_count":0},"N":{"min":44.98054,"max":63.09533,"receiver_count":23,"unavailable_count":0}}}},{"type":"Feature","id":"lariac:394544886514","geometry":{"type":"Polygon","coordinates":[[[-118.55244350097685,34.17496814300108],[-118.55244585118285,34.175109652172786],[-118.55256346321994,34.175109736028],[-118.55256153862706,34.174994230858445],[-118.55264858428176,34.174993283176946],[-118.55264772777088,34.17493874095908],[-118.55261694932096,34.17493907453319],[-118.55261641673927,34.174903491212156],[-118.55257423225812,34.17490393098652],[-118.55257425261513,34.17490700876558],[-118.55250509255039,34.1749077646966],[-118.55250601657048,34.17496744450732],[-118.55244350097685,34.17496814300108]]]},"properties":{"building_pk":112701,"building_key":"lariac:394544886514","source_tile":"r03-c04","source_tile_ids":["r03-c04"],"source_bld_id":"394544886514","height_m":4.234,"receiver_ids":[227908,227909,227910,227911,227912,227913,227914,227915,227916,227917,227918,227919,227920,227921,227922,227923,227924,227925,227926,227927],"receiver_keys":["r03-c04:expanded-facade-max4m:112701:0:1","r03-c04:expanded-facade-max4m:112701:0:10","r03-c04:expanded-facade-max4m:112701:0:11","r03-c04:expanded-facade-max4m:112701:0:12","r03-c04:expanded-facade-max4m:112701:0:13","r03-c04:expanded-facade-max4m:112701:0:14","r03-c04:expanded-facade-max4m:112701:0:15","r03-c04:expanded-facade-max4m:112701:0:16","r03-c04:expanded-facade-max4m:112701:0:17","r03-c04:expanded-facade-max4m:112701:0:18","r03-c04:expanded-facade-max4m:112701:0:19","r03-c04:expanded-facade-max4m:112701:0:2","r03-c04:expanded-facade-max4m:112701:0:21","r03-c04:expanded-facade-max4m:112701:0:3","r03-c04:expanded-facade-max4m:112701:0:4","r03-c04:expanded-facade-max4m:112701:0:5","r03-c04:expanded-facade-max4m:112701:0:6","r03-c04:expanded-facade-max4m:112701:0:7","r03-c04:expanded-facade-max4m:112701:0:8","r03-c04:expanded-facade-max4m:112701:0:9"],"receiver_count":20,"periods":{"D":{"min":71.20954,"max":74.588394,"receiver_count":20,"unavailable_count":0},"E":{"min":68.99105,"max":72.3699,"receiver_count":20,"unavailable_count":0},"N":{"min":64.21984,"max":67.598694,"receiver_count":20,"unavailable_count":0}}}},{"type":"Feature","id":"lariac:393972887052","geometry":{"type":"Polygon","coordinates":[[[-118.55437588951649,34.176490959367065],[-118.55449809038852,34.17649130610462],[-118.55449810377554,34.17648842019975],[-118.55452164502742,34.1764885042923],[-118.554521780519,34.176459073656964],[-118.55449642133289,34.17645899789951],[-118.55449687451762,34.17635289847566],[-118.55439692410111,34.176352614725],[-118.55439694596025,34.17634593778732],[-118.55430119565064,34.17634566175026],[-118.5543008617383,34.176419911768484],[-118.55437621252979,34.17642014428224],[-118.55437588951649,34.176490959367065]]]},"properties":{"building_pk":112809,"building_key":"lariac:393972887052","source_tile":"r03-c04","source_tile_ids":["r03-c04"],"source_bld_id":"393972887052","height_m":8.284,"receiver_ids":[228111,228112,228113,228114,228115,228116,228117,228118,228119,228120,228121,228122,228123,228124,228125,228126,228127,228128,228129],"receiver_keys":["r03-c04:expanded-facade-max4m:112809:0:1","r03-c04:expanded-facade-max4m:112809:0:10","r03-c04:expanded-facade-max4m:112809:0:11","r03-c04:expanded-facade-max4m:112809:0:12","r03-c04:expanded-facade-max4m:112809:0:13","r03-c04:expanded-facade-max4m:112809:0:14","r03-c04:expanded-facade-max4m:112809:0:15","r03-c04:expanded-facade-max4m:112809:0:16","r03-c04:expanded-facade-max4m:112809:0:17","r03-c04:expanded-facade-max4m:112809:0:18","r03-c04:expanded-facade-max4m:112809:0:19","r03-c04:expanded-facade-max4m:112809:0:2","r03-c04:expanded-facade-max4m:112809:0:3","r03-c04:expanded-facade-max4m:112809:0:4","r03-c04:expanded-facade-max4m:112809:0:5","r03-c04:expanded-facade-max4m:112809:0:6","r03-c04:expanded-facade-max4m:112809:0:7","r03-c04:expanded-facade-max4m:112809:0:8","r03-c04:expanded-facade-max4m:112809:0:9"],"receiver_count":19,"periods":{"D":{"min":59.590496,"max":68.55707,"receiver_count":19,"unavailable_count":0},"E":{"min":57.372005,"max":66.338585,"receiver_count":19,"unavailable_count":0},"N":{"min":52.600796,"max":61.56737,"receiver_count":19,"unavailable_count":0}}}},{"type":"Feature","id":"lariac:394132887328","geometry":{"type":"Polygon","coordinates":[[[-118.55386751114534,34.177302411157825],[-118.55396729527834,34.177302476136056],[-118.553967320448,34.177296293229716],[-118.55405427543698,34.177296361904666],[-118.55405434268151,34.17724156843609],[-118.55402332888923,34.177241545529306],[-118.55402335269365,34.177230086791674],[-118.55403604840203,34.17723008362708],[-118.55403611085636,34.17715968174342],[-118.5538676554011,34.17715957432074],[-118.55386751114534,34.177302411157825]]]},"properties":{"building_pk":113323,"building_key":"lariac:394132887328","source_tile":"r03-c04","source_tile_ids":["r03-c04"],"source_bld_id":"394132887328","height_m":9.418,"receiver_ids":[228745,228746,228747,228748,228749,228750,228751,228752,228753,228754,228755,228756,228757,228758],"receiver_keys":["r03-c04:expanded-facade-max4m:113323:0:1","r03-c04:expanded-facade-max4m:113323:0:10","r03-c04:expanded-facade-max4m:113323:0:11","r03-c04:expanded-facade-max4m:113323:0:12","r03-c04:expanded-facade-max4m:113323:0:13","r03-c04:expanded-facade-max4m:113323:0:14","r03-c04:expanded-facade-max4m:113323:0:15","r03-c04:expanded-facade-max4m:113323:0:16","r03-c04:expanded-facade-max4m:113323:0:17","r03-c04:expanded-facade-max4m:113323:0:18","r03-c04:expanded-facade-max4m:113323:0:4","r03-c04:expanded-facade-max4m:113323:0:5","r03-c04:expanded-facade-max4m:113323:0:6","r03-c04:expanded-facade-max4m:113323:0:9"],"receiver_count":14,"periods":{"D":{"min":54.321762,"max":65.430115,"receiver_count":14,"unavailable_count":0},"E":{"min":52.103275,"max":63.211624,"receiver_count":14,"unavailable_count":0},"N":{"min":47.33206,"max":58.44041,"receiver_count":14,"unavailable_count":0}}}},{"type":"Feature","id":"lariac:395705888212","geometry":{"type":"Polygon","coordinates":[[[-118.54879918780958,34.17957800680663],[-118.54865460062815,34.17957800377046],[-118.54865462961362,34.1795571464163],[-118.54853364912417,34.179557146132225],[-118.5485336474774,34.17962743772945],[-118.54865509143309,34.17962746385936],[-118.5486550686594,34.17971979379839],[-118.54878243123522,34.17971981999805],[-118.54878242721371,34.179724326835235],[-118.54888816490833,34.179724341956735],[-118.5488881472961,34.1796511646028],[-118.54879917261826,34.17965115636117],[-118.54879918780958,34.17957800680663]]]},"properties":{"building_pk":113387,"building_key":"lariac:395705888212","source_tile":"r03-c04","source_tile_ids":["r03-c04"],"source_bld_id":"395705888212","height_m":5.496,"receiver_ids":[228805,228806,228807,228808,228809,228810,228811,228812,228813,228814,228815,228816,228817,228818,228819,228820,228821,228822,228823,228824,228825,228826,228827,228828],"receiver_keys":["r03-c04:expanded-facade-max4m:113387:0:1","r03-c04:expanded-facade-max4m:113387:0:10","r03-c04:expanded-facade-max4m:113387:0:11","r03-c04:expanded-facade-max4m:113387:0:13","r03-c04:expanded-facade-max4m:113387:0:14","r03-c04:expanded-facade-max4m:113387:0:15","r03-c04:expanded-facade-max4m:113387:0:16","r03-c04:expanded-facade-max4m:113387:0:17","r03-c04:expanded-facade-max4m:113387:0:18","r03-c04:expanded-facade-max4m:113387:0:19","r03-c04:expanded-facade-max4m:113387:0:2","r03-c04:expanded-facade-max4m:113387:0:20","r03-c04:expanded-facade-max4m:113387:0:21","r03-c04:expanded-facade-max4m:113387:0:22","r03-c04:expanded-facade-max4m:113387:0:23","r03-c04:expanded-facade-max4m:113387:0:24","r03-c04:expanded-facade-max4m:113387:0:25","r03-c04:expanded-facade-max4m:113387:0:26","r03-c04:expanded-facade-max4m:113387:0:3","r03-c04:expanded-facade-max4m:113387:0:5","r03-c04:expanded-facade-max4m:113387:0:6","r03-c04:expanded-facade-max4m:113387:0:7","r03-c04:expanded-facade-max4m:113387:0:8","r03-c04:expanded-facade-max4m:113387:0:9"],"receiver_count":24,"periods":{"D":{"min":52.37224,"max":64.2132,"receiver_count":24,"unavailable_count":0},"E":{"min":50.15375,"max":61.994713,"receiver_count":24,"unavailable_count":0},"N":{"min":45.38254,"max":57.2235,"receiver_count":24,"unavailable_count":0}}}},{"type":"Feature","id":"lariac:2014121117360000","geometry":{"type":"Polygon","coordinates":[[[-118.55308161735579,34.17988447310972],[-118.55301469595237,34.179884166973814],[-118.55301453344813,34.179908614893996],[-118.55296653747753,34.17990839529097],[-118.55296641594491,34.17992674407649],[-118.55295815300694,34.179926706125],[-118.55295807080863,34.17993903421771],[-118.55289801616173,34.17993875973031],[-118.55289756619301,34.18000681035179],[-118.55308080352768,34.1800076476192],[-118.55308161735579,34.17988447310972]]]},"properties":{"building_pk":113848,"building_key":"lariac:2014121117360000","source_tile":"r03-c04","source_tile_ids":["r03-c04"],"source_bld_id":"2014121117360000","height_m":8.412,"receiver_ids":[229295,229296,229297,229298,229299,229306,229307,229308],"receiver_keys":["r03-c04:expanded-facade-max4m:113848:0:1","r03-c04:expanded-facade-max4m:113848:0:14","r03-c04:expanded-facade-max4m:113848:0:15","r03-c04:expanded-facade-max4m:113848:0:16","r03-c04:expanded-facade-max4m:113848:0:2","r03-c04:expanded-facade-max4m:113848:0:4","r03-c04:expanded-facade-max4m:113848:0:6","r03-c04:expanded-facade-max4m:113848:0:7"],"receiver_count":8,"periods":{"D":{"min":51.076965,"max":63.63502,"receiver_count":8,"unavailable_count":0},"E":{"min":48.85848,"max":61.41653,"receiver_count":8,"unavailable_count":0},"N":{"min":44.08727,"max":56.64532,"receiver_count":8,"unavailable_count":0}}}},{"type":"Feature","id":"lariac:201700285734","geometry":{"type":"Polygon","coordinates":[[[-118.55279691260642,34.17531988206729],[-118.55296189030227,34.17531970484829],[-118.55296186772392,34.17531121330603],[-118.55317098306222,34.17531099896774],[-118.55317090163888,34.175253815287995],[-118.55307875843202,34.17525390765096],[-118.55307875112655,34.175247724893715],[-118.55309557914767,34.17524770292844],[-118.5530955043706,34.175201345863776],[-118.55307814703741,34.17520137024972],[-118.5530781421989,34.175197034745466],[-118.55317887887627,34.17519685078644],[-118.55317891499533,34.17513776160601],[-118.5530997772213,34.17513862301647],[-118.55310079872969,34.175134483862635],[-118.553080626311,34.17513446522778],[-118.55308025838136,34.175139020610565],[-118.55304777169451,34.17513939185709],[-118.55304776863001,34.17513729037143],[-118.55303730020098,34.17513730218105],[-118.55303742658211,34.17513115938202],[-118.55301128931163,34.175131461013926],[-118.55301153534494,34.175137330745244],[-118.55297450696986,34.17513737113741],[-118.55297457352414,34.175131038386155],[-118.55294669622741,34.17513131640611],[-118.55294649570585,34.17513740274674],[-118.55293668134732,34.175137413360225],[-118.55293673422413,34.17518539150131],[-118.55292588946661,34.175185414037315],[-118.5529259089582,34.17519835651772],[-118.55290329510579,34.17519837696317],[-118.55290337762271,34.17525575356768],[-118.5528678026008,34.175255778267136],[-118.55286771957141,34.175198320526064],[-118.55280701862036,34.17519837802733],[-118.55280710161395,34.175255836669926],[-118.55279681870334,34.175255855724586],[-118.55279691260642,34.17531988206729]]]},"properties":{"building_pk":114068,"building_key":"lariac:201700285734","source_tile":"r03-c04","source_tile_ids":["r03-c04"],"source_bld_id":"201700285734","height_m":8.946,"receiver_ids":[229554,229555,229556,229557,229558,229559,229560,229561,229562,229563,229564,229565,229566,229567,229568,229569,229570,229571,229572,229573,229574,229575,229576,229577,229578,229579,229580,229581,229582,229583],"receiver_keys":["r03-c04:expanded-facade-max4m:114068:0:1","r03-c04:expanded-facade-max4m:114068:0:10","r03-c04:expanded-facade-max4m:114068:0:11","r03-c04:expanded-facade-max4m:114068:0:12","r03-c04:expanded-facade-max4m:114068:0:14","r03-c04:expanded-facade-max4m:114068:0:17","r03-c04:expanded-facade-max4m:114068:0:18","r03-c04:expanded-facade-max4m:114068:0:19","r03-c04:expanded-facade-max4m:114068:0:2","r03-c04:expanded-facade-max4m:114068:0:20","r03-c04:expanded-facade-max4m:114068:0:21","r03-c04:expanded-facade-max4m:114068:0:22","r03-c04:expanded-facade-max4m:114068:0:23","r03-c04:expanded-facade-max4m:114068:0:24","r03-c04:expanded-facade-max4m:114068:0:25","r03-c04:expanded-facade-max4m:114068:0:26","r03-c04:expanded-facade-max4m:114068:0:27","r03-c04:expanded-facade-max4m:114068:0:29","r03-c04:expanded-facade-max4m:114068:0:32","r03-c04:expanded-facade-max4m:114068:0:33","r03-c04:expanded-facade-max4m:114068:0:34","r03-c04:expanded-facade-max4m:114068:0:35","r03-c04:expanded-facade-max4m:114068:0:36","r03-c04:expanded-facade-max4m:114068:0:37","r03-c04:expanded-facade-max4m:114068:0:4","r03-c04:expanded-facade-max4m:114068:0:5","r03-c04:expanded-facade-max4m:114068:0:6","r03-c04:expanded-facade-max4m:114068:0:7","r03-c04:expanded-facade-max4m:114068:0:8","r03-c04:expanded-facade-max4m:114068:0:9"],"receiver_count":30,"periods":{"D":{"min":60.640324,"max":73.5678,"receiver_count":30,"unavailable_count":0},"E":{"min":58.421837,"max":71.34932,"receiver_count":30,"unavailable_count":0},"N":{"min":53.650623,"max":66.5781,"receiver_count":30,"unavailable_count":0}}}}],"metadata":{"model":"tarzana-combined-road-study-r02-v1","tile_id":"r03-c04","status":"candidate_pending_owner_review","coordinate_crs":"OGC:CRS84","source_projected_crs":"EPSG:26911","bbox_wgs84":[-118.5568548996437,34.173737951963076,-118.54600397159551,34.18005698378428],"receiver_count":7083,"numeric_rows":21249,"numeric_laeq_min":41.071762,"numeric_laeq_max":95.24611,"masked_ids":[],"receiver_height_counts_m":{"1.5":4520,"4.0":2563},"building_count":245,"facade_receiver_count":2563,"attempt_id":"phase1-tarzana-full-mixed-r03-c04-union-hf583-nv-mac8-v1","source_hashes":{"export":"ab9d472549bfb4265f93a1e424356f09da8cd7df94eb00f30fcb0b521d43e886"},"shared_building_source_ids":[],"quality_flags":{"physical_ceiling_margin_db":6.0,"physical_ceiling_masked_ids":[],"on_road_distance_m":3.0,"on_road_count":43,"method":"science/qa/physical_ceiling.py; science/pipeline/build_tile_assets.py"},"assumptions":{"source_scenario":"Assumed historical-context mixed-road scenario (852 corrected freeway + 583 corrected lower-road sources).","traffic":"Evening flow = 0.6 × day, night = 0.2 × day. Not observed or current traffic.","method":"Direct union export copied as emitted; physically impossible receivers masked, on-road receivers labelled.","calibration":"Uncalibrated modeled exterior LAeq; not a measurement, interior level, or quietness rating."}}}
