{"type":"FeatureCollection","features":[{"type":"Feature","id":"lariac:391021888249","geometry":{"type":"Polygon","coordinates":[[[-118.5643217717537,34.179789033844],[-118.56432336122826,34.17973544220629],[-118.56437848598574,34.17973658598489],[-118.56437974728263,34.17969319054718],[-118.56438292176459,34.17969325777424],[-118.56438361788273,34.17966912828334],[-118.5644104034801,34.179669690263744],[-118.56441177611973,34.179623189385524],[-118.56435460002015,34.17962202724657],[-118.5643544417655,34.17962782582015],[-118.56417127677486,34.17962411855203],[-118.56416813052283,34.17973119258299],[-118.56421164876039,34.179732088560094],[-118.56421137952866,34.1797412125486],[-118.56420360937214,34.179741056767284],[-118.56420226374486,34.17978659556831],[-118.5643217717537,34.179789033844]]]},"properties":{"building_pk":2491,"building_key":"lariac:391021888249","source_tile":"r03-c03","source_tile_ids":["r03-c03"],"source_bld_id":"391021888249","height_m":5.98,"receiver_ids":[146150,146151,146152,146153,146154,146155,146156,146157,146158,146159,146160,146161,146162,146163,146164,146165,146166,146167,146168],"receiver_keys":["r03-c03:expanded-facade-max4m:2491:0:1","r03-c03:expanded-facade-max4m:2491:0:10","r03-c03:expanded-facade-max4m:2491:0:11","r03-c03:expanded-facade-max4m:2491:0:12","r03-c03:expanded-facade-max4m:2491:0:13","r03-c03:expanded-facade-max4m:2491:0:14","r03-c03:expanded-facade-max4m:2491:0:15","r03-c03:expanded-facade-max4m:2491:0:16","r03-c03:expanded-facade-max4m:2491:0:18","r03-c03:expanded-facade-max4m:2491:0:19","r03-c03:expanded-facade-max4m:2491:0:20","r03-c03:expanded-facade-max4m:2491:0:21","r03-c03:expanded-facade-max4m:2491:0:3","r03-c03:expanded-facade-max4m:2491:0:4","r03-c03:expanded-facade-max4m:2491:0:5","r03-c03:expanded-facade-max4m:2491:0:6","r03-c03:expanded-facade-max4m:2491:0:7","r03-c03:expanded-facade-max4m:2491:0:8","r03-c03:expanded-facade-max4m:2491:0:9"],"receiver_count":19,"periods":{"D":{"min":50.88351,"max":64.87005,"receiver_count":19,"unavailable_count":0},"E":{"min":48.665024,"max":62.651558,"receiver_count":19,"unavailable_count":0},"N":{"min":43.89381,"max":57.880344,"receiver_count":19,"unavailable_count":0}}}},{"type":"Feature","id":"lariac:391852886652","geometry":{"type":"Polygon","coordinates":[[[-118.56146832843197,34.17531648190964],[-118.56146978401223,34.17529693777692],[-118.56141891719099,34.17529428807624],[-118.56141742798,34.17531383326595],[-118.56146832843197,34.17531648190964]]]},"properties":{"building_pk":2494,"building_key":"lariac:391852886652","source_tile":"r03-c03","source_tile_ids":["r03-c03"],"source_bld_id":"391852886652","height_m":3.987,"receiver_ids":[146169,146170,146171,146172],"receiver_keys":["r03-c03:expanded-facade-max4m:2494:0:1","r03-c03:expanded-facade-max4m:2494:0:2","r03-c03:expanded-facade-max4m:2494:0:3","r03-c03:expanded-facade-max4m:2494:0:4"],"receiver_count":4,"periods":{"D":{"min":68.15211,"max":69.13172,"receiver_count":4,"unavailable_count":0},"E":{"min":65.93362,"max":66.91324,"receiver_count":4,"unavailable_count":0},"N":{"min":61.162407,"max":62.142025,"receiver_count":4,"unavailable_count":0}}}},{"type":"Feature","id":"lariac:391748886267","geometry":{"type":"Polygon","coordinates":[[[-118.56188239607228,34.17428400850574],[-118.56188216709941,34.17422528745531],[-118.56185641252004,34.17422535211605],[-118.56185622440573,34.174177703647885],[-118.56182551058835,34.17417776429563],[-118.56182552261241,34.17417471341253],[-118.56178998205405,34.174174796474254],[-118.56178988896252,34.17414627383552],[-118.56172806562525,34.17414642307237],[-118.56172824387585,34.17419761645995],[-118.56171154839727,34.17419763901179],[-118.56171163815891,34.17422583170056],[-118.56172803753049,34.17422581052414],[-118.56172810570939,34.17424095165062],[-118.56170549248806,34.17424102873447],[-118.5617055264858,34.17424608534077],[-118.56166730767845,34.17424615285787],[-118.56166744284644,34.17428594190516],[-118.56181459797708,34.17428558744738],[-118.56181464177233,34.17429210000286],[-118.56183209761832,34.17429207390443],[-118.56183204421235,34.1742841324453],[-118.56188239607228,34.17428400850574]]]},"properties":{"building_pk":2508,"building_key":"lariac:391748886267","source_tile":"r03-c03","source_tile_ids":["r03-c03"],"source_bld_id":"391748886267","height_m":7.727,"receiver_ids":[146181,146182,146183,146184,146185,146186,146187,146188,146189,146190,146191,146192,146193,146194,146195,146196],"receiver_keys":["r03-c03:expanded-facade-max4m:2508:0:1","r03-c03:expanded-facade-max4m:2508:0:10","r03-c03:expanded-facade-max4m:2508:0:13","r03-c03:expanded-facade-max4m:2508:0:14","r03-c03:expanded-facade-max4m:2508:0:15","r03-c03:expanded-facade-max4m:2508:0:16","r03-c03:expanded-facade-max4m:2508:0:17","r03-c03:expanded-facade-max4m:2508:0:18","r03-c03:expanded-facade-max4m:2508:0:19","r03-c03:expanded-facade-max4m:2508:0:2","r03-c03:expanded-facade-max4m:2508:0:4","r03-c03:expanded-facade-max4m:2508:0:5","r03-c03:expanded-facade-max4m:2508:0:6","r03-c03:expanded-facade-max4m:2508:0:7","r03-c03:expanded-facade-max4m:2508:0:8","r03-c03:expanded-facade-max4m:2508:0:9"],"receiver_count":16,"periods":{"D":{"min":66.41432,"max":75.50433,"receiver_count":16,"unavailable_count":0},"E":{"min":64.19583,"max":73.28585,"receiver_count":16,"unavailable_count":0},"N":{"min":59.424618,"max":68.51463,"receiver_count":16,"unavailable_count":0}}}},{"type":"Feature","id":"lariac:391361887178","geometry":{"type":"Polygon","coordinates":[[[-118.56309886380389,34.17673630513847],[-118.56306391489854,34.176736137890025],[-118.56306373241532,34.1767581499556],[-118.56309871405301,34.17675834409807],[-118.56309886380389,34.17673630513847]]]},"properties":{"building_pk":2652,"building_key":"lariac:391361887178","source_tile":"r03-c03","source_tile_ids":["r03-c03"],"source_bld_id":"391361887178","height_m":3.475,"receiver_ids":[146397,146398,146399],"receiver_keys":["r03-c03:expanded-facade-max4m:2652:0:1","r03-c03:expanded-facade-max4m:2652:0:2","r03-c03:expanded-facade-max4m:2652:0:4"],"receiver_count":3,"periods":{"D":{"min":66.64845,"max":67.70952,"receiver_count":3,"unavailable_count":0},"E":{"min":64.42996,"max":65.491035,"receiver_count":3,"unavailable_count":0},"N":{"min":59.65875,"max":60.719822,"receiver_count":3,"unavailable_count":0}}}},{"type":"Feature","id":"lariac:391694887606","geometry":{"type":"Polygon","coordinates":[[[-118.56184930893573,34.17794276232518],[-118.5619589841379,34.1779434067459],[-118.5619589423733,34.17794703475602],[-118.5620115479984,34.17794733935308],[-118.56201219853205,34.17787215380924],[-118.56199434401275,34.17787204474786],[-118.56199461290187,34.17784316251258],[-118.56196045736056,34.17784296421015],[-118.56196042002905,34.17784725122884],[-118.56185011780343,34.17784658177501],[-118.56184930893573,34.17794276232518]]]},"properties":{"building_pk":2904,"building_key":"lariac:391694887606","source_tile":"r03-c03","source_tile_ids":["r03-c03"],"source_bld_id":"391694887606","height_m":4.855,"receiver_ids":[146733,146734,146735,146736,146737,146738,146739,146740,146741,146742,146743,146744,146745],"receiver_keys":["r03-c03:expanded-facade-max4m:2904:0:1","r03-c03:expanded-facade-max4m:2904:0:10","r03-c03:expanded-facade-max4m:2904:0:11","r03-c03:expanded-facade-max4m:2904:0:12","r03-c03:expanded-facade-max4m:2904:0:13","r03-c03:expanded-facade-max4m:2904:0:14","r03-c03:expanded-facade-max4m:2904:0:2","r03-c03:expanded-facade-max4m:2904:0:3","r03-c03:expanded-facade-max4m:2904:0:4","r03-c03:expanded-facade-max4m:2904:0:5","r03-c03:expanded-facade-max4m:2904:0:6","r03-c03:expanded-facade-max4m:2904:0:8","r03-c03:expanded-facade-max4m:2904:0:9"],"receiver_count":13,"periods":{"D":{"min":61.02083,"max":70.30955,"receiver_count":13,"unavailable_count":0},"E":{"min":58.80234,"max":68.09106,"receiver_count":13,"unavailable_count":0},"N":{"min":54.03113,"max":63.319847,"receiver_count":13,"unavailable_count":0}}}},{"type":"Feature","id":"lariac:391726887195","geometry":{"type":"Polygon","coordinates":[[[-118.5617789281856,34.176892094565545],[-118.56189494577075,34.176892132588286],[-118.56189495411395,34.176829507646474],[-118.56191905697781,34.176829533597655],[-118.56191907121517,34.176807137357294],[-118.5619778895828,34.17680713903009],[-118.56197791613265,34.176737232226564],[-118.5619078231308,34.17673722794399],[-118.56190783090241,34.17677289572197],[-118.5618808189093,34.17677288418583],[-118.56188083442362,34.176770191199616],[-118.56185854971335,34.17677018474217],[-118.5618585273469,34.17677669760521],[-118.56182824173727,34.17677670036411],[-118.56182823970147,34.17677139748746],[-118.56181617210147,34.1767713985525],[-118.5618161835705,34.176763264762734],[-118.56178728637505,34.17676326106166],[-118.56178727839695,34.176776753617],[-118.56174442929908,34.17677673267298],[-118.56174441607989,34.17682396917005],[-118.5617789332858,34.17682397382257],[-118.5617789281856,34.176892094565545]]]},"properties":{"building_pk":3558,"building_key":"lariac:391726887195","source_tile":"r03-c03","source_tile_ids":["r03-c03"],"source_bld_id":"391726887195","height_m":5.057,"receiver_ids":[147626,147627,147628,147629,147630,147631,147632,147633,147634,147635,147636,147637,147638,147639,147640,147641,147642,147643,147644,147645],"receiver_keys":["r03-c03:expanded-facade-max4m:3558:0:1","r03-c03:expanded-facade-max4m:3558:0:10","r03-c03:expanded-facade-max4m:3558:0:11","r03-c03:expanded-facade-max4m:3558:0:12","r03-c03:expanded-facade-max4m:3558:0:13","r03-c03:expanded-facade-max4m:3558:0:14","r03-c03:expanded-facade-max4m:3558:0:15","r03-c03:expanded-facade-max4m:3558:0:16","r03-c03:expanded-facade-max4m:3558:0:17","r03-c03:expanded-facade-max4m:3558:0:18","r03-c03:expanded-facade-max4m:3558:0:19","r03-c03:expanded-facade-max4m:3558:0:2","r03-c03:expanded-facade-max4m:3558:0:20","r03-c03:expanded-facade-max4m:3558:0:21","r03-c03:expanded-facade-max4m:3558:0:3","r03-c03:expanded-facade-max4m:3558:0:4","r03-c03:expanded-facade-max4m:3558:0:6","r03-c03:expanded-facade-max4m:3558:0:7","r03-c03:expanded-facade-max4m:3558:0:8","r03-c03:expanded-facade-max4m:3558:0:9"],"receiver_count":20,"periods":{"D":{"min":63.04987,"max":71.47315,"receiver_count":20,"unavailable_count":0},"E":{"min":60.83138,"max":69.25466,"receiver_count":20,"unavailable_count":0},"N":{"min":56.06017,"max":64.48345,"receiver_count":20,"unavailable_count":0}}}},{"type":"Feature","id":"lariac:391509887860","geometry":{"type":"Polygon","coordinates":[[[-118.562726794976,34.17871216574738],[-118.56272672952281,34.17863368567662],[-118.56270285737152,34.17863368675848],[-118.56270281341155,34.178597689181295],[-118.56271058343846,34.178597680977944],[-118.56271051694691,34.17852403679841],[-118.56250678172756,34.17852413258296],[-118.56250684345937,34.17860209067566],[-118.56255018883977,34.17860205405134],[-118.56255018594445,34.17863593592066],[-118.56250621231202,34.17863594842055],[-118.5625062629409,34.17871225763956],[-118.562726794976,34.17871216574738]]]},"properties":{"building_pk":3749,"building_key":"lariac:391509887860","source_tile":"r03-c03","source_tile_ids":["r03-c03"],"source_bld_id":"391509887860","height_m":6.376,"receiver_ids":[147876,147877,147878,147879,147880,147881,147882,147883,147884,147885,147886,147887,147888,147889,147890,147891,147892,147893,147894,147895],"receiver_keys":["r03-c03:expanded-facade-max4m:3749:0:1","r03-c03:expanded-facade-max4m:3749:0:11","r03-c03:expanded-facade-max4m:3749:0:12","r03-c03:expanded-facade-max4m:3749:0:13","r03-c03:expanded-facade-max4m:3749:0:14","r03-c03:expanded-facade-max4m:3749:0:15","r03-c03:expanded-facade-max4m:3749:0:16","r03-c03:expanded-facade-max4m:3749:0:17","r03-c03:expanded-facade-max4m:3749:0:18","r03-c03:expanded-facade-max4m:3749:0:19","r03-c03:expanded-facade-max4m:3749:0:2","r03-c03:expanded-facade-max4m:3749:0:20","r03-c03:expanded-facade-max4m:3749:0:21","r03-c03:expanded-facade-max4m:3749:0:22","r03-c03:expanded-facade-max4m:3749:0:23","r03-c03:expanded-facade-max4m:3749:0:4","r03-c03:expanded-facade-max4m:3749:0:5","r03-c03:expanded-facade-max4m:3749:0:6","r03-c03:expanded-facade-max4m:3749:0:7","r03-c03:expanded-facade-max4m:3749:0:8"],"receiver_count":20,"periods":{"D":{"min":52.50903,"max":69.18213,"receiver_count":20,"unavailable_count":0},"E":{"min":50.290543,"max":66.963646,"receiver_count":20,"unavailable_count":0},"N":{"min":45.51933,"max":62.192432,"receiver_count":20,"unavailable_count":0}}}},{"type":"Feature","id":"lariac:2014121117250000","geometry":{"type":"Polygon","coordinates":[[[-118.5614697465938,34.178666856177],[-118.56146984090037,34.178604062247565],[-118.5613668733032,34.178603955120366],[-118.56136677891925,34.17866674904965],[-118.5614697465938,34.178666856177]]]},"properties":{"building_pk":4231,"building_key":"lariac:2014121117250000","source_tile":"r03-c03","source_tile_ids":["r03-c03"],"source_bld_id":"2014121117250000","height_m":3.993,"receiver_ids":[148404,148405,148406,148407,148408,148409,148410,148411,148412],"receiver_keys":["r03-c03:expanded-facade-max4m:4231:0:1","r03-c03:expanded-facade-max4m:4231:0:2","r03-c03:expanded-facade-max4m:4231:0:3","r03-c03:expanded-facade-max4m:4231:0:4","r03-c03:expanded-facade-max4m:4231:0:5","r03-c03:expanded-facade-max4m:4231:0:6","r03-c03:expanded-facade-max4m:4231:0:7","r03-c03:expanded-facade-max4m:4231:0:8","r03-c03:expanded-facade-max4m:4231:0:9"],"receiver_count":9,"periods":{"D":{"min":64.86128,"max":67.07381,"receiver_count":9,"unavailable_count":0},"E":{"min":62.64279,"max":64.85532,"receiver_count":9,"unavailable_count":0},"N":{"min":57.87158,"max":60.08411,"receiver_count":9,"unavailable_count":0}}}},{"type":"Feature","id":"lariac:201700285597","geometry":{"type":"Polygon","coordinates":[[[-118.56131285287904,34.17432444786026],[-118.56139260837502,34.17432411011543],[-118.56139210581806,34.174242057457796],[-118.56138655992896,34.17424208139874],[-118.56138597230444,34.17414623820711],[-118.56132395682356,34.17414652606559],[-118.56132393860405,34.1741436529273],[-118.5612535580273,34.174143950726304],[-118.56125367884634,34.174163711123214],[-118.56123721689751,34.17416378030772],[-118.5612373051199,34.174178204612986],[-118.56125276050594,34.1741781400999],[-118.56125320650153,34.17425082506924],[-118.56131239993265,34.17425057468722],[-118.56131285287904,34.17432444786026]]]},"properties":{"building_pk":4456,"building_key":"lariac:201700285597","source_tile":"r03-c03","source_tile_ids":["r03-c03"],"source_bld_id":"201700285597","height_m":5.569,"receiver_ids":[148628,148629,148630,148631,148632,148633,148634,148635,148636,148637,148638,148639,148640,148641,148642,148643,148644],"receiver_keys":["r03-c03:expanded-facade-max4m:4456:0:1","r03-c03:expanded-facade-max4m:4456:0:10","r03-c03:expanded-facade-max4m:4456:0:11","r03-c03:expanded-facade-max4m:4456:0:12","r03-c03:expanded-facade-max4m:4456:0:14","r03-c03:expanded-facade-max4m:4456:0:15","r03-c03:expanded-facade-max4m:4456:0:16","r03-c03:expanded-facade-max4m:4456:0:17","r03-c03:expanded-facade-max4m:4456:0:18","r03-c03:expanded-facade-max4m:4456:0:2","r03-c03:expanded-facade-max4m:4456:0:3","r03-c03:expanded-facade-max4m:4456:0:4","r03-c03:expanded-facade-max4m:4456:0:5","r03-c03:expanded-facade-max4m:4456:0:6","r03-c03:expanded-facade-max4m:4456:0:7","r03-c03:expanded-facade-max4m:4456:0:8","r03-c03:expanded-facade-max4m:4456:0:9"],"receiver_count":17,"periods":{"D":{"min":66.97395,"max":79.079575,"receiver_count":17,"unavailable_count":0},"E":{"min":64.75547,"max":76.861084,"receiver_count":17,"unavailable_count":0},"N":{"min":59.984257,"max":72.089874,"receiver_count":17,"unavailable_count":0}}}},{"type":"Feature","id":"lariac:390472888090","geometry":{"type":"Polygon","coordinates":[[[-118.5661443014075,34.17935763942146],[-118.56622409179745,34.179358859825335],[-118.56622703266727,34.179226836433365],[-118.56616169192169,34.17922585040911],[-118.56616179799869,34.17922197507228],[-118.5661231754427,34.17922138684752],[-118.56612377747676,34.17919305297902],[-118.56622949294534,34.179194674018376],[-118.56623083298649,34.17913391172767],[-118.5660848753964,34.17913168208622],[-118.56608451891061,34.1791474292375],[-118.56595274721639,34.179145435055425],[-118.56595171276751,34.179192731338205],[-118.56595511809508,34.179192770397336],[-118.56595460869049,34.17921525100143],[-118.56598136049342,34.179215647808704],[-118.56598026644151,34.17926407130193],[-118.56614632921259,34.17926661896501],[-118.5661443014075,34.17935763942146]]]},"properties":{"building_pk":8612,"building_key":"lariac:390472888090","source_tile":"r03-c03","source_tile_ids":["r03-c03"],"source_bld_id":"390472888090","height_m":6.608,"receiver_ids":[150223,150224,150225,150226,150227,150228,150229,150230,150231,150232,150233,150234,150235,150236,150237,150238,150239,150240,150241,150242,150243,150244,150245,150246,150247,150248,150249,150250,150251],"receiver_keys":["r03-c03:expanded-facade-max4m:8612:0:1","r03-c03:expanded-facade-max4m:8612:0:10","r03-c03:expanded-facade-max4m:8612:0:11","r03-c03:expanded-facade-max4m:8612:0:12","r03-c03:expanded-facade-max4m:8612:0:13","r03-c03:expanded-facade-max4m:8612:0:14","r03-c03:expanded-facade-max4m:8612:0:15","r03-c03:expanded-facade-max4m:8612:0:16","r03-c03:expanded-facade-max4m:8612:0:17","r03-c03:expanded-facade-max4m:8612:0:18","r03-c03:expanded-facade-max4m:8612:0:19","r03-c03:expanded-facade-max4m:8612:0:2","r03-c03:expanded-facade-max4m:8612:0:20","r03-c03:expanded-facade-max4m:8612:0:21","r03-c03:expanded-facade-max4m:8612:0:22","r03-c03:expanded-facade-max4m:8612:0:23","r03-c03:expanded-facade-max4m:8612:0:24","r03-c03:expanded-facade-max4m:8612:0:25","r03-c03:expanded-facade-max4m:8612:0:26","r03-c03:expanded-facade-max4m:8612:0:27","r03-c03:expanded-facade-max4m:8612:0:28","r03-c03:expanded-facade-max4m:8612:0:3","r03-c03:expanded-facade-max4m:8612:0:30","r03-c03:expanded-facade-max4m:8612:0:31","r03-c03:expanded-facade-max4m:8612:0:4","r03-c03:expanded-facade-max4m:8612:0:5","r03-c03:expanded-facade-max4m:8612:0:6","r03-c03:expanded-facade-max4m:8612:0:7","r03-c03:expanded-facade-max4m:8612:0:8"],"receiver_count":29,"periods":{"D":{"min":50.210323,"max":68.324745,"receiver_count":29,"unavailable_count":0},"E":{"min":47.991837,"max":66.106255,"receiver_count":29,"unavailable_count":0},"N":{"min":43.220627,"max":61.33504,"receiver_count":29,"unavailable_count":0}}}},{"type":"Feature","id":"lariac:391485886240","geometry":{"type":"Polygon","coordinates":[[[-118.56259367233484,34.17422338065574],[-118.56259319710341,34.17419211188568],[-118.56262073554305,34.17419181879222],[-118.56262117346292,34.17422253869501],[-118.5627480221905,34.17422126152753],[-118.56274643350729,34.174112945614105],[-118.56273982160648,34.17411300432853],[-118.56273945153698,34.174087532903755],[-118.56255792280992,34.17408933849856],[-118.56255836459125,34.17412063537215],[-118.56250748700495,34.174121119050604],[-118.56250900786964,34.17422424148185],[-118.56259367233484,34.17422338065574]]]},"properties":{"building_pk":8626,"building_key":"lariac:391485886240","source_tile":"r03-c03","source_tile_ids":["r03-c03"],"source_bld_id":"391485886240","height_m":6.855,"receiver_ids":[150286,150287,150288,150289,150290,150291,150292,150293,150294,150295,150296,150297,150298,150299,150300],"receiver_keys":["r03-c03:expanded-facade-max4m:8626:0:10","r03-c03:expanded-facade-max4m:8626:0:11","r03-c03:expanded-facade-max4m:8626:0:12","r03-c03:expanded-facade-max4m:8626:0:13","r03-c03:expanded-facade-max4m:8626:0:14","r03-c03:expanded-facade-max4m:8626:0:15","r03-c03:expanded-facade-max4m:8626:0:16","r03-c03:expanded-facade-max4m:8626:0:17","r03-c03:expanded-facade-max4m:8626:0:18","r03-c03:expanded-facade-max4m:8626:0:19","r03-c03:expanded-facade-max4m:8626:0:20","r03-c03:expanded-facade-max4m:8626:0:6","r03-c03:expanded-facade-max4m:8626:0:7","r03-c03:expanded-facade-max4m:8626:0:8","r03-c03:expanded-facade-max4m:8626:0:9"],"receiver_count":15,"periods":{"D":{"min":71.11948,"max":78.08224,"receiver_count":15,"unavailable_count":0},"E":{"min":68.90099,"max":75.86375,"receiver_count":15,"unavailable_count":0},"N":{"min":64.129776,"max":71.09254,"receiver_count":15,"unavailable_count":0}}}},{"type":"Feature","id":"lariac:391379887205","geometry":{"type":"Polygon","coordinates":[[[-118.56305784852431,34.17684163154692],[-118.56310277119309,34.17684029546334],[-118.56310175079406,34.176816366003266],[-118.56305679450651,34.176817701341506],[-118.56305656100916,34.17681250953062],[-118.5631028136839,34.17681232123222],[-118.56310262532301,34.17678437602384],[-118.56305567845901,34.176784567554144],[-118.563055323679,34.17677618754401],[-118.5629926835311,34.176778073088585],[-118.56299436391824,34.176816563933066],[-118.56299284335759,34.1768165980578],[-118.56299405949575,34.17684495048774],[-118.56305789050738,34.176843032352075],[-118.56305784852431,34.17684163154692]]]},"properties":{"building_pk":8644,"building_key":"lariac:391379887205","source_tile":"r03-c03","source_tile_ids":["r03-c03"],"source_bld_id":"391379887205","height_m":3.085,"receiver_ids":[150315,150316,150317,150318,150319,150320],"receiver_keys":["r03-c03:expanded-facade-max4m:8644:0:1","r03-c03:expanded-facade-max4m:8644:0:10","r03-c03:expanded-facade-max4m:8644:0:11","r03-c03:expanded-facade-max4m:8644:0:7","r03-c03:expanded-facade-max4m:8644:0:8","r03-c03:expanded-facade-max4m:8644:0:9"],"receiver_count":6,"periods":{"D":{"min":66.26589,"max":67.395996,"receiver_count":6,"unavailable_count":0},"E":{"min":64.04741,"max":65.17751,"receiver_count":6,"unavailable_count":0},"N":{"min":59.276196,"max":60.4063,"receiver_count":6,"unavailable_count":0}}}},{"type":"Feature","id":"lariac:390845888304","geometry":{"type":"Polygon","coordinates":[[[-118.56472210031762,34.17987092149876],[-118.56475342044259,34.17988193187151],[-118.56472966465746,34.179928565218304],[-118.56481109650858,34.17995717503881],[-118.56484186654684,34.17989676937353],[-118.56485432879795,34.17990116300002],[-118.56487100244738,34.17986838519208],[-118.56485618726273,34.17986317854433],[-118.5648851637129,34.179806243176905],[-118.56475802811319,34.17976152436088],[-118.56474732594927,34.17978256770914],[-118.56476409611457,34.179788453119905],[-118.56472210031762,34.17987092149876]]]},"properties":{"building_pk":8857,"building_key":"lariac:390845888304","source_tile":"r03-c03","source_tile_ids":["r03-c03"],"source_bld_id":"390845888304","height_m":7.013,"receiver_ids":[150536,150537,150538,150539,150540,150541],"receiver_keys":["r03-c03:expanded-facade-max4m:8857:0:10","r03-c03:expanded-facade-max4m:8857:0:11","r03-c03:expanded-facade-max4m:8857:0:12","r03-c03:expanded-facade-max4m:8857:0:13","r03-c03:expanded-facade-max4m:8857:0:14","r03-c03:expanded-facade-max4m:8857:0:16"],"receiver_count":6,"periods":{"D":{"min":63.92028,"max":66.053856,"receiver_count":6,"unavailable_count":0},"E":{"min":61.701794,"max":63.835365,"receiver_count":6,"unavailable_count":0},"N":{"min":56.93058,"max":59.06415,"receiver_count":6,"unavailable_count":0}}}},{"type":"Feature","id":"lariac:391195888041","geometry":{"type":"Polygon","coordinates":[[[-118.56366716011429,34.1790860370996],[-118.563677574928,34.17908604355445],[-118.56367759982076,34.17903089233449],[-118.56371158859324,34.179030898902546],[-118.563711652237,34.178956898002326],[-118.56359024250818,34.1789568318419],[-118.5635901550541,34.17906639158383],[-118.56351870400367,34.17906636660626],[-118.563518642288,34.17914534222098],[-118.56366709759298,34.17914541944488],[-118.56366716011429,34.1790860370996]]]},"properties":{"building_pk":9203,"building_key":"lariac:391195888041","source_tile":"r03-c03","source_tile_ids":["r03-c03"],"source_bld_id":"391195888041","height_m":6.559,"receiver_ids":[150823,150824,150825,150826,150827,150828,150829,150830,150831,150832,150833,150834,150835,150836,150837,150838,150839,150840,150841],"receiver_keys":["r03-c03:expanded-facade-max4m:9203:0:1","r03-c03:expanded-facade-max4m:9203:0:10","r03-c03:expanded-facade-max4m:9203:0:11","r03-c03:expanded-facade-max4m:9203:0:12","r03-c03:expanded-facade-max4m:9203:0:13","r03-c03:expanded-facade-max4m:9203:0:15","r03-c03:expanded-facade-max4m:9203:0:16","r03-c03:expanded-facade-max4m:9203:0:17","r03-c03:expanded-facade-max4m:9203:0:18","r03-c03:expanded-facade-max4m:9203:0:19","r03-c03:expanded-facade-max4m:9203:0:2","r03-c03:expanded-facade-max4m:9203:0:20","r03-c03:expanded-facade-max4m:9203:0:3","r03-c03:expanded-facade-max4m:9203:0:4","r03-c03:expanded-facade-max4m:9203:0:5","r03-c03:expanded-facade-max4m:9203:0:6","r03-c03:expanded-facade-max4m:9203:0:7","r03-c03:expanded-facade-max4m:9203:0:8","r03-c03:expanded-facade-max4m:9203:0:9"],"receiver_count":19,"periods":{"D":{"min":51.380154,"max":69.12808,"receiver_count":19,"unavailable_count":0},"E":{"min":49.161667,"max":66.90959,"receiver_count":19,"unavailable_count":0},"N":{"min":44.390457,"max":62.138382,"receiver_count":19,"unavailable_count":0}}}},{"type":"Feature","id":"lariac:390854887847","geometry":{"type":"Polygon","coordinates":[[[-118.56472941993171,34.17858151043737],[-118.56472908768104,34.178605694127235],[-118.56474188323367,34.17860582640846],[-118.5647416134404,34.17862448604122],[-118.5648074793543,34.17862508541824],[-118.56480872053329,34.17852997474978],[-118.56468459346955,34.178528850443925],[-118.56468392149496,34.17858109089514],[-118.56472941993171,34.17858151043737]]]},"properties":{"building_pk":9323,"building_key":"lariac:390854887847","source_tile":"r03-c03","source_tile_ids":["r03-c03"],"source_bld_id":"390854887847","height_m":5.456,"receiver_ids":[150952,150953,150954,150955,150956,150957,150958,150959,150960,150961,150962],"receiver_keys":["r03-c03:expanded-facade-max4m:9323:0:1","r03-c03:expanded-facade-max4m:9323:0:10","r03-c03:expanded-facade-max4m:9323:0:11","r03-c03:expanded-facade-max4m:9323:0:2","r03-c03:expanded-facade-max4m:9323:0:3","r03-c03:expanded-facade-max4m:9323:0:4","r03-c03:expanded-facade-max4m:9323:0:5","r03-c03:expanded-facade-max4m:9323:0:6","r03-c03:expanded-facade-max4m:9323:0:7","r03-c03:expanded-facade-max4m:9323:0:8","r03-c03:expanded-facade-max4m:9323:0:9"],"receiver_count":11,"periods":{"D":{"min":57.851337,"max":66.60373,"receiver_count":11,"unavailable_count":0},"E":{"min":55.63285,"max":64.38524,"receiver_count":11,"unavailable_count":0},"N":{"min":50.861637,"max":59.61403,"receiver_count":11,"unavailable_count":0}}}},{"type":"Feature","id":"lariac:391712886768","geometry":{"type":"Polygon","coordinates":[[[-118.5619656948802,34.175529965560955],[-118.5619005317212,34.17553026833663],[-118.56190072967287,34.175564699212785],[-118.56186852880214,34.17556484881869],[-118.56186935544117,34.17569275974875],[-118.56197944946096,34.17569224821413],[-118.56197897663627,34.175621958772375],[-118.5619554369128,34.17562206815443],[-118.56195520513145,34.175587610389165],[-118.56196604994477,34.17558758794496],[-118.5619656948802,34.175529965560955]]]},"properties":{"building_pk":10439,"building_key":"lariac:391712886768","source_tile":"r03-c03","source_tile_ids":["r03-c03"],"source_bld_id":"391712886768","height_m":5.63,"receiver_ids":[152249,152250,152251,152252,152253,152254,152255,152256,152257,152258,152259,152260,152261,152262],"receiver_keys":["r03-c03:expanded-facade-max4m:10439:0:1","r03-c03:expanded-facade-max4m:10439:0:10","r03-c03:expanded-facade-max4m:10439:0:11","r03-c03:expanded-facade-max4m:10439:0:12","r03-c03:expanded-facade-max4m:10439:0:13","r03-c03:expanded-facade-max4m:10439:0:14","r03-c03:expanded-facade-max4m:10439:0:15","r03-c03:expanded-facade-max4m:10439:0:2","r03-c03:expanded-facade-max4m:10439:0:4","r03-c03:expanded-facade-max4m:10439:0:5","r03-c03:expanded-facade-max4m:10439:0:6","r03-c03:expanded-facade-max4m:10439:0:7","r03-c03:expanded-facade-max4m:10439:0:8","r03-c03:expanded-facade-max4m:10439:0:9"],"receiver_count":14,"periods":{"D":{"min":63.959824,"max":73.249855,"receiver_count":14,"unavailable_count":0},"E":{"min":61.741337,"max":71.031364,"receiver_count":14,"unavailable_count":0},"N":{"min":56.970123,"max":66.260155,"receiver_count":14,"unavailable_count":0}}}},{"type":"Feature","id":"lariac:391791887169","geometry":{"type":"Polygon","coordinates":[[[-118.56168919025365,34.17672102494446],[-118.5616166844329,34.17672112275514],[-118.56161644703616,34.176728084684335],[-118.56168889894647,34.17672980914602],[-118.56168919025365,34.17672102494446]]]},"properties":{"building_pk":10549,"building_key":"lariac:391791887169","source_tile":"r03-c03","source_tile_ids":["r03-c03"],"source_bld_id":"391791887169","height_m":4.691,"receiver_ids":[152359,152360,152361,152362],"receiver_keys":["r03-c03:expanded-facade-max4m:10549:0:1","r03-c03:expanded-facade-max4m:10549:0:2","r03-c03:expanded-facade-max4m:10549:0:3","r03-c03:expanded-facade-max4m:10549:0:4"],"receiver_count":4,"periods":{"D":{"min":58.61858,"max":66.07164,"receiver_count":4,"unavailable_count":0},"E":{"min":56.400093,"max":63.853157,"receiver_count":4,"unavailable_count":0},"N":{"min":51.62888,"max":59.081944,"receiver_count":4,"unavailable_count":0}}}},{"type":"Feature","id":"lariac:390020888226","geometry":{"type":"Polygon","coordinates":[[[-118.56769252567341,34.179686645003],[-118.56769424997144,34.179638685531565],[-118.56761973664733,34.179635545380734],[-118.56762577627781,34.17956093852475],[-118.56761968885021,34.17956050009423],[-118.5676209929144,34.179548073387906],[-118.56763191000769,34.17954887411107],[-118.5676328104648,34.17954026824362],[-118.56774303249584,34.179548269584316],[-118.56774800170882,34.17950100980471],[-118.56766695603045,34.17949515243884],[-118.56758094666078,34.17949363220593],[-118.56749411835536,34.1794930786046],[-118.5674938207181,34.17952240004881],[-118.56748588516936,34.17952232729503],[-118.5674854911177,34.179561568891614],[-118.56747342147274,34.1795614884883],[-118.56747320044504,34.1795872376515],[-118.56748351589991,34.17958729923939],[-118.56748334822511,34.17960637040823],[-118.56747584241184,34.17960632358539],[-118.56747512635636,34.17968104248994],[-118.56759273982145,34.179681809548704],[-118.56759270221464,34.17968601362968],[-118.56769252567341,34.179686645003]]]},"properties":{"building_pk":10671,"building_key":"lariac:390020888226","source_tile":"r03-c03","source_tile_ids":["r03-c02","r03-c03"],"source_bld_id":"390020888226","height_m":6.227,"receiver_ids":[152542,152543,152544,152545,152546,152547,152548,152549,152550,152552,152553,152554,152555,152556,152557,152558,152559,152560,152561,152562,152563,152564,152565,152566,152567],"receiver_keys":["r03-c03:expanded-facade-max4m:10671:0:1","r03-c03:expanded-facade-max4m:10671:0:11","r03-c03:expanded-facade-max4m:10671:0:12","r03-c03:expanded-facade-max4m:10671:0:13","r03-c03:expanded-facade-max4m:10671:0:14","r03-c03:expanded-facade-max4m:10671:0:15","r03-c03:expanded-facade-max4m:10671:0:16","r03-c03:expanded-facade-max4m:10671:0:17","r03-c03:expanded-facade-max4m:10671:0:18","r03-c03:expanded-facade-max4m:10671:0:2","r03-c03:expanded-facade-max4m:10671:0:20","r03-c03:expanded-facade-max4m:10671:0:22","r03-c03:expanded-facade-max4m:10671:0:23","r03-c03:expanded-facade-max4m:10671:0:24","r03-c03:expanded-facade-max4m:10671:0:25","r03-c03:expanded-facade-max4m:10671:0:26","r03-c03:expanded-facade-max4m:10671:0:27","r03-c03:expanded-facade-max4m:10671:0:28","r03-c03:expanded-facade-max4m:10671:0:3","r03-c03:expanded-facade-max4m:10671:0:4","r03-c03:expanded-facade-max4m:10671:0:5","r03-c03:expanded-facade-max4m:10671:0:6","r03-c03:expanded-facade-max4m:10671:0:7","r03-c03:expanded-facade-max4m:10671:0:8","r03-c03:expanded-facade-max4m:10671:0:9"],"receiver_count":25,"periods":{"D":{"min":51.129665,"max":69.43296,"receiver_count":25,"unavailable_count":0},"E":{"min":48.91118,"max":67.21448,"receiver_count":25,"unavailable_count":0},"N":{"min":44.139965,"max":62.443264,"receiver_count":25,"unavailable_count":0}}}},{"type":"Feature","id":"lariac:391700886998","geometry":{"type":"Polygon","coordinates":[[[-118.56199524410094,34.17617262062455],[-118.56192141221163,34.17617208378393],[-118.56192064851433,34.176245291862365],[-118.56186394418566,34.17624489628411],[-118.56186337527181,34.176298043185504],[-118.56199391290414,34.176299002645855],[-118.56199524410094,34.17617262062455]]]},"properties":{"building_pk":10961,"building_key":"lariac:391700886998","source_tile":"r03-c03","source_tile_ids":["r03-c03"],"source_bld_id":"391700886998","height_m":4.383,"receiver_ids":[152928,152929,152930,152931,152932,152933,152934,152935,152936,152937],"receiver_keys":["r03-c03:expanded-facade-max4m:10961:0:1","r03-c03:expanded-facade-max4m:10961:0:10","r03-c03:expanded-facade-max4m:10961:0:11","r03-c03:expanded-facade-max4m:10961:0:12","r03-c03:expanded-facade-max4m:10961:0:13","r03-c03:expanded-facade-max4m:10961:0:14","r03-c03:expanded-facade-max4m:10961:0:2","r03-c03:expanded-facade-max4m:10961:0:3","r03-c03:expanded-facade-max4m:10961:0:4","r03-c03:expanded-facade-max4m:10961:0:5"],"receiver_count":10,"periods":{"D":{"min":64.69638,"max":71.99268,"receiver_count":10,"unavailable_count":0},"E":{"min":62.47789,"max":69.7742,"receiver_count":10,"unavailable_count":0},"N":{"min":57.706676,"max":65.00298,"receiver_count":10,"unavailable_count":0}}}},{"type":"Feature","id":"lariac:201700285917","geometry":{"type":"Polygon","coordinates":[[[-118.56313666406754,34.17673963253771],[-118.56320837168333,34.17673987651385],[-118.56320860614207,34.17669243433188],[-118.56322361478512,34.17669248614567],[-118.56322425626134,34.176562381229076],[-118.56312013206184,34.176562021347635],[-118.56311948666506,34.176692695155964],[-118.56313689477825,34.17669275474059],[-118.56313666406754,34.17673963253771]]]},"properties":{"building_pk":11673,"building_key":"lariac:201700285917","source_tile":"r03-c03","source_tile_ids":["r03-c03"],"source_bld_id":"201700285917","height_m":6.148,"receiver_ids":[153793,153794,153795,153796,153797,153798,153799,153800,153801,153802,153803,153804,153805,153806],"receiver_keys":["r03-c03:expanded-facade-max4m:11673:0:1","r03-c03:expanded-facade-max4m:11673:0:10","r03-c03:expanded-facade-max4m:11673:0:11","r03-c03:expanded-facade-max4m:11673:0:12","r03-c03:expanded-facade-max4m:11673:0:13","r03-c03:expanded-facade-max4m:11673:0:15","r03-c03:expanded-facade-max4m:11673:0:2","r03-c03:expanded-facade-max4m:11673:0:3","r03-c03:expanded-facade-max4m:11673:0:4","r03-c03:expanded-facade-max4m:11673:0:5","r03-c03:expanded-facade-max4m:11673:0:6","r03-c03:expanded-facade-max4m:11673:0:7","r03-c03:expanded-facade-max4m:11673:0:8","r03-c03:expanded-facade-max4m:11673:0:9"],"receiver_count":14,"periods":{"D":{"min":61.23085,"max":69.780136,"receiver_count":14,"unavailable_count":0},"E":{"min":59.012363,"max":67.561646,"receiver_count":14,"unavailable_count":0},"N":{"min":54.241154,"max":62.790436,"receiver_count":14,"unavailable_count":0}}}},{"type":"Feature","id":"lariac:391207887945","geometry":{"type":"Polygon","coordinates":[[[-118.56355977486122,34.1788564822192],[-118.5635160678222,34.178856795860995],[-118.5635165105423,34.17889798447991],[-118.56359099930016,34.17889744536028],[-118.56359128950692,34.17892583004848],[-118.56371530490065,34.178924950062346],[-118.56371475743346,34.17887323639591],[-118.56371829452954,34.17887319286321],[-118.56371735736343,34.1787833402573],[-118.5636979509937,34.17878348570302],[-118.56369754331776,34.178742680979184],[-118.56351547181995,34.17874399644755],[-118.56351601341626,34.178794858181696],[-118.56355915853737,34.17879454715814],[-118.56355977486122,34.1788564822192]]]},"properties":{"building_pk":16164,"building_key":"lariac:391207887945","source_tile":"r03-c03","source_tile_ids":["r03-c03"],"source_bld_id":"391207887945","height_m":5.95,"receiver_ids":[155838,155839,155840,155841,155842,155843,155844,155845,155846,155847,155848,155849,155850,155851,155852,155853,155854,155855],"receiver_keys":["r03-c03:expanded-facade-max4m:16164:0:1","r03-c03:expanded-facade-max4m:16164:0:10","r03-c03:expanded-facade-max4m:16164:0:11","r03-c03:expanded-facade-max4m:16164:0:12","r03-c03:expanded-facade-max4m:16164:0:14","r03-c03:expanded-facade-max4m:16164:0:15","r03-c03:expanded-facade-max4m:16164:0:16","r03-c03:expanded-facade-max4m:16164:0:17","r03-c03:expanded-facade-max4m:16164:0:18","r03-c03:expanded-facade-max4m:16164:0:19","r03-c03:expanded-facade-max4m:16164:0:2","r03-c03:expanded-facade-max4m:16164:0:20","r03-c03:expanded-facade-max4m:16164:0:21","r03-c03:expanded-facade-max4m:16164:0:22","r03-c03:expanded-facade-max4m:16164:0:6","r03-c03:expanded-facade-max4m:16164:0:7","r03-c03:expanded-facade-max4m:16164:0:8","r03-c03:expanded-facade-max4m:16164:0:9"],"receiver_count":18,"periods":{"D":{"min":49.29199,"max":64.97841,"receiver_count":18,"unavailable_count":0},"E":{"min":47.0735,"max":62.759922,"receiver_count":18,"unavailable_count":0},"N":{"min":42.302288,"max":57.988712,"receiver_count":18,"unavailable_count":0}}}},{"type":"Feature","id":"lariac:389966888052","geometry":{"type":"Polygon","coordinates":[[[-118.56764546412883,34.179061961749625],[-118.56765915192658,34.17906200749422],[-118.56765889358809,34.17911147107379],[-118.56763892268818,34.17911140072575],[-118.56763857864269,34.179177627134465],[-118.56777315086102,34.17917812148843],[-118.56777346729376,34.17911758395776],[-118.56781509495532,34.17911774554066],[-118.56781574291864,34.178999060403925],[-118.56774968061023,34.17899882059749],[-118.56775004629085,34.178926054278875],[-118.567654391133,34.17892570631242],[-118.56765410962247,34.17897670893807],[-118.56764590963677,34.17897666448256],[-118.56764546412883,34.179061961749625]]]},"properties":{"building_pk":16165,"building_key":"lariac:389966888052","source_tile":"r03-c03","source_tile_ids":["r03-c02","r03-c03"],"source_bld_id":"389966888052","height_m":6.791,"receiver_ids":[155856,155857,155858,155859,155860,155861,155870,155871,155872],"receiver_keys":["r03-c03:expanded-facade-max4m:16165:0:1","r03-c03:expanded-facade-max4m:16165:0:20","r03-c03:expanded-facade-max4m:16165:0:22","r03-c03:expanded-facade-max4m:16165:0:23","r03-c03:expanded-facade-max4m:16165:0:3","r03-c03:expanded-facade-max4m:16165:0:4","r03-c03:expanded-facade-max4m:16165:0:5","r03-c03:expanded-facade-max4m:16165:0:6","r03-c03:expanded-facade-max4m:16165:0:7"],"receiver_count":9,"periods":{"D":{"min":51.32333,"max":63.96431,"receiver_count":9,"unavailable_count":0},"E":{"min":49.10484,"max":61.74582,"receiver_count":9,"unavailable_count":0},"N":{"min":44.33363,"max":56.97461,"receiver_count":9,"unavailable_count":0}}}},{"type":"Feature","id":"lariac:391416887596","geometry":{"type":"Polygon","coordinates":[[[-118.56295471851469,34.17791992556282],[-118.56295469001829,34.177871590272986],[-118.56286294056223,34.17787163234852],[-118.56286296900558,34.17791996763839],[-118.56295471851469,34.17791992556282]]]},"properties":{"building_pk":16179,"building_key":"lariac:391416887596","source_tile":"r03-c03","source_tile_ids":["r03-c03"],"source_bld_id":"391416887596","height_m":3.898,"receiver_ids":[155875,155876,155877,155878,155879,155880,155881],"receiver_keys":["r03-c03:expanded-facade-max4m:16179:0:1","r03-c03:expanded-facade-max4m:16179:0:2","r03-c03:expanded-facade-max4m:16179:0:3","r03-c03:expanded-facade-max4m:16179:0:4","r03-c03:expanded-facade-max4m:16179:0:5","r03-c03:expanded-facade-max4m:16179:0:6","r03-c03:expanded-facade-max4m:16179:0:7"],"receiver_count":7,"periods":{"D":{"min":63.733955,"max":66.92672,"receiver_count":7,"unavailable_count":0},"E":{"min":61.51547,"max":64.70823,"receiver_count":7,"unavailable_count":0},"N":{"min":56.744255,"max":59.93702,"receiver_count":7,"unavailable_count":0}}}},{"type":"Feature","id":"lariac:391917886756","geometry":{"type":"Polygon","coordinates":[[[-118.56118924808655,34.17552758021429],[-118.56118823019293,34.17564184310438],[-118.56128596581534,34.175642434436654],[-118.56128610931897,34.175629243270286],[-118.56140688953025,34.17562997457428],[-118.56140767094045,34.17553948200454],[-118.5613361214392,34.17553904510418],[-118.56133621522686,34.175528465041936],[-118.56118924808655,34.17552758021429]]]},"properties":{"building_pk":16446,"building_key":"lariac:391917886756","source_tile":"r03-c03","source_tile_ids":["r03-c03"],"source_bld_id":"391917886756","height_m":8.702,"receiver_ids":[156124,156125,156126,156127,156128,156129,156130,156131,156132,156133,156134,156135,156136,156137,156138,156139,156140],"receiver_keys":["r03-c03:expanded-facade-max4m:16446:0:1","r03-c03:expanded-facade-max4m:16446:0:10","r03-c03:expanded-facade-max4m:16446:0:11","r03-c03:expanded-facade-max4m:16446:0:12","r03-c03:expanded-facade-max4m:16446:0:13","r03-c03:expanded-facade-max4m:16446:0:14","r03-c03:expanded-facade-max4m:16446:0:15","r03-c03:expanded-facade-max4m:16446:0:16","r03-c03:expanded-facade-max4m:16446:0:17","r03-c03:expanded-facade-max4m:16446:0:2","r03-c03:expanded-facade-max4m:16446:0:3","r03-c03:expanded-facade-max4m:16446:0:4","r03-c03:expanded-facade-max4m:16446:0:5","r03-c03:expanded-facade-max4m:16446:0:6","r03-c03:expanded-facade-max4m:16446:0:7","r03-c03:expanded-facade-max4m:16446:0:8","r03-c03:expanded-facade-max4m:16446:0:9"],"receiver_count":17,"periods":{"D":{"min":55.780407,"max":71.89772,"receiver_count":17,"unavailable_count":0},"E":{"min":53.56192,"max":69.67924,"receiver_count":17,"unavailable_count":0},"N":{"min":48.790707,"max":64.90802,"receiver_count":17,"unavailable_count":0}}}},{"type":"Feature","id":"lariac:391226887972","geometry":{"type":"Polygon","coordinates":[[[-118.56357270465423,34.17893809291602],[-118.56357252358404,34.17890835810654],[-118.5635069960859,34.17890891135816],[-118.56350741811228,34.17893818796166],[-118.56357270465423,34.17893809291602]]]},"properties":{"building_pk":17154,"building_key":"lariac:391226887972","source_tile":"r03-c03","source_tile_ids":["r03-c03"],"source_bld_id":"391226887972","height_m":4.834,"receiver_ids":[156975,156976],"receiver_keys":["r03-c03:expanded-facade-max4m:17154:0:3","r03-c03:expanded-facade-max4m:17154:0:5"],"receiver_count":2,"periods":{"D":{"min":53.839226,"max":63.0342,"receiver_count":2,"unavailable_count":0},"E":{"min":51.62074,"max":60.815712,"receiver_count":2,"unavailable_count":0},"N":{"min":46.849525,"max":56.0445,"receiver_count":2,"unavailable_count":0}}}},{"type":"Feature","id":"lariac:391372887794","geometry":{"type":"Polygon","coordinates":[[[-118.5630338727776,34.178503928516044],[-118.56310088931133,34.17850353447077],[-118.56309976620452,34.17836636334711],[-118.56303274978687,34.17836675829327],[-118.5630338727776,34.178503928516044]]]},"properties":{"building_pk":17275,"building_key":"lariac:391372887794","source_tile":"r03-c03","source_tile_ids":["r03-c03"],"source_bld_id":"391372887794","height_m":5.837,"receiver_ids":[157081,157082,157083,157084,157085,157086,157087,157088,157089],"receiver_keys":["r03-c03:expanded-facade-max4m:17275:0:10","r03-c03:expanded-facade-max4m:17275:0:11","r03-c03:expanded-facade-max4m:17275:0:3","r03-c03:expanded-facade-max4m:17275:0:4","r03-c03:expanded-facade-max4m:17275:0:5","r03-c03:expanded-facade-max4m:17275:0:6","r03-c03:expanded-facade-max4m:17275:0:7","r03-c03:expanded-facade-max4m:17275:0:8","r03-c03:expanded-facade-max4m:17275:0:9"],"receiver_count":9,"periods":{"D":{"min":62.216923,"max":66.94271,"receiver_count":9,"unavailable_count":0},"E":{"min":59.998436,"max":64.72423,"receiver_count":9,"unavailable_count":0},"N":{"min":55.227222,"max":59.953014,"receiver_count":9,"unavailable_count":0}}}},{"type":"Feature","id":"lariac:390163887939","geometry":{"type":"Polygon","coordinates":[[[-118.56711576670324,34.178786330886375],[-118.56709936695954,34.1787862698489],[-118.56710028288178,34.178653376918376],[-118.56701702637666,34.178652970311724],[-118.56701639580912,34.1787451382137],[-118.56700247575,34.178745066439156],[-118.56700213009714,34.17879642637388],[-118.56699793076959,34.17879639106666],[-118.56699749483562,34.178858743061284],[-118.56697226597159,34.17885864135751],[-118.56697192707219,34.17890604437938],[-118.56702578906058,34.17890628681594],[-118.56702580145837,34.17890331887166],[-118.56711494320437,34.17890375287152],[-118.56711576670324,34.178786330886375]]]},"properties":{"building_pk":17612,"building_key":"lariac:390163887939","source_tile":"r03-c03","source_tile_ids":["r03-c03"],"source_bld_id":"390163887939","height_m":5.703,"receiver_ids":[157585,157586,157587,157588,157589,157590,157591,157592,157593],"receiver_keys":["r03-c03:expanded-facade-max4m:17612:0:12","r03-c03:expanded-facade-max4m:17612:0:14","r03-c03:expanded-facade-max4m:17612:0:15","r03-c03:expanded-facade-max4m:17612:0:16","r03-c03:expanded-facade-max4m:17612:0:17","r03-c03:expanded-facade-max4m:17612:0:18","r03-c03:expanded-facade-max4m:17612:0:19","r03-c03:expanded-facade-max4m:17612:0:20","r03-c03:expanded-facade-max4m:17612:0:21"],"receiver_count":9,"periods":{"D":{"min":52.179012,"max":64.24714,"receiver_count":9,"unavailable_count":0},"E":{"min":49.960526,"max":62.02865,"receiver_count":9,"unavailable_count":0},"N":{"min":45.189312,"max":57.25744,"receiver_count":9,"unavailable_count":0}}}},{"type":"Feature","id":"lariac:391459887358","geometry":{"type":"Polygon","coordinates":[[[-118.56279146521233,34.177269017232355],[-118.56279181927063,34.17720869953449],[-118.5627231795069,34.17720838694253],[-118.56272275923224,34.17726870494809],[-118.56279146521233,34.177269017232355]]]},"properties":{"building_pk":17906,"building_key":"lariac:391459887358","source_tile":"r03-c03","source_tile_ids":["r03-c03"],"source_bld_id":"391459887358","height_m":4.73,"receiver_ids":[157938,157939,157940,157941],"receiver_keys":["r03-c03:expanded-facade-max4m:17906:0:4","r03-c03:expanded-facade-max4m:17906:0:5","r03-c03:expanded-facade-max4m:17906:0:6","r03-c03:expanded-facade-max4m:17906:0:7"],"receiver_count":4,"periods":{"D":{"min":54.622154,"max":58.53048,"receiver_count":4,"unavailable_count":0},"E":{"min":52.403667,"max":56.311993,"receiver_count":4,"unavailable_count":0},"N":{"min":47.632454,"max":51.54078,"receiver_count":4,"unavailable_count":0}}}},{"type":"Feature","id":"lariac:391306887972","geometry":{"type":"Polygon","coordinates":[[[-118.56323273740846,34.17890928193284],[-118.56323264678751,34.178938638457154],[-118.56332073380145,34.17893853833703],[-118.56332078772178,34.178909695863986],[-118.56323273740846,34.17890928193284]]]},"properties":{"building_pk":18287,"building_key":"lariac:391306887972","source_tile":"r03-c03","source_tile_ids":["r03-c03"],"source_bld_id":"391306887972","height_m":4.145,"receiver_ids":[158329,158330,158331,158332,158333,158334],"receiver_keys":["r03-c03:expanded-facade-max4m:18287:0:1","r03-c03:expanded-facade-max4m:18287:0:2","r03-c03:expanded-facade-max4m:18287:0:3","r03-c03:expanded-facade-max4m:18287:0:4","r03-c03:expanded-facade-max4m:18287:0:5","r03-c03:expanded-facade-max4m:18287:0:6"],"receiver_count":6,"periods":{"D":{"min":64.56068,"max":66.189766,"receiver_count":6,"unavailable_count":0},"E":{"min":62.34219,"max":63.971283,"receiver_count":6,"unavailable_count":0},"N":{"min":57.570976,"max":59.20007,"receiver_count":6,"unavailable_count":0}}}},{"type":"Feature","id":"lariac:201700286150","geometry":{"type":"Polygon","coordinates":[[[-118.5627252290135,34.17893349506672],[-118.562831111641,34.1789337443427],[-118.56283127303813,34.17887333197645],[-118.56271947304288,34.1788730678605],[-118.56271982190204,34.17877106546],[-118.56268368308615,34.178765558375055],[-118.5626836486996,34.178775591826934],[-118.56264518159914,34.17877550122518],[-118.56264526781877,34.17875013135383],[-118.56261167894277,34.17875005140438],[-118.56261168999775,34.178746860786],[-118.56253164578436,34.178746672352815],[-118.56253162393546,34.178753093256326],[-118.5625022580818,34.17875302428686],[-118.56250208685759,34.17880315187437],[-118.56253159700896,34.178803221975905],[-118.56253127187978,34.17889847259562],[-118.56258179087351,34.17889859191906],[-118.56258168535962,34.17892947572794],[-118.56272524110558,34.17892981490466],[-118.5627252290135,34.17893349506672]]]},"properties":{"building_pk":19196,"building_key":"lariac:201700286150","source_tile":"r03-c03","source_tile_ids":["r03-c03"],"source_bld_id":"201700286150","height_m":6.596,"receiver_ids":[159605,159606,159607,159608,159609,159610,159611,159612,159613,159614,159615,159616,159617,159618,159619,159620,159621,159622,159623,159624],"receiver_keys":["r03-c03:expanded-facade-max4m:19196:0:1","r03-c03:expanded-facade-max4m:19196:0:13","r03-c03:expanded-facade-max4m:19196:0:14","r03-c03:expanded-facade-max4m:19196:0:15","r03-c03:expanded-facade-max4m:19196:0:16","r03-c03:expanded-facade-max4m:19196:0:17","r03-c03:expanded-facade-max4m:19196:0:18","r03-c03:expanded-facade-max4m:19196:0:19","r03-c03:expanded-facade-max4m:19196:0:2","r03-c03:expanded-facade-max4m:19196:0:20","r03-c03:expanded-facade-max4m:19196:0:21","r03-c03:expanded-facade-max4m:19196:0:23","r03-c03:expanded-facade-max4m:19196:0:24","r03-c03:expanded-facade-max4m:19196:0:25","r03-c03:expanded-facade-max4m:19196:0:26","r03-c03:expanded-facade-max4m:19196:0:3","r03-c03:expanded-facade-max4m:19196:0:4","r03-c03:expanded-facade-max4m:19196:0:5","r03-c03:expanded-facade-max4m:19196:0:6","r03-c03:expanded-facade-max4m:19196:0:8"],"receiver_count":20,"periods":{"D":{"min":53.302227,"max":68.98351,"receiver_count":20,"unavailable_count":0},"E":{"min":51.08374,"max":66.76503,"receiver_count":20,"unavailable_count":0},"N":{"min":46.312527,"max":61.993816,"receiver_count":20,"unavailable_count":0}}}},{"type":"Feature","id":"lariac:391905888326","geometry":{"type":"Polygon","coordinates":[[[-118.56122849522616,34.18001138934751],[-118.56126582287114,34.18000632434675],[-118.5612943926194,34.180021360250976],[-118.56133075637783,34.18001555863369],[-118.56135214661877,34.17999064523842],[-118.56134880403572,34.17997541022187],[-118.5613925030078,34.1799688046213],[-118.561411565263,34.17994178699721],[-118.56140542495876,34.1799137864738],[-118.56141642413252,34.179912114439716],[-118.56140885197073,34.17987766279815],[-118.56139866661091,34.179877271024345],[-118.56139943228261,34.17986336294585],[-118.56140674779226,34.179854782344684],[-118.56140426650795,34.179839708314404],[-118.56139345462664,34.1798348667189],[-118.56139057391196,34.17982443839927],[-118.56137066250531,34.17982824067695],[-118.56135859753735,34.179784467177804],[-118.56129123405118,34.17979731039256],[-118.5612832917359,34.179811086793244],[-118.56119289096542,34.17982521788622],[-118.56121585592449,34.17991667220708],[-118.56119972066011,34.17993631240118],[-118.56120523947845,34.179965304813095],[-118.56122020675302,34.179973644069285],[-118.56122849522616,34.18001138934751]]]},"properties":{"building_pk":23750,"building_key":"lariac:391905888326","source_tile":"r03-c03","source_tile_ids":["r03-c03"],"source_bld_id":"391905888326","height_m":11.784,"receiver_ids":[161499,161500,161501,161502,161503,161504,161505,161506,161507],"receiver_keys":["r03-c03:expanded-facade-max4m:23750:0:10","r03-c03:expanded-facade-max4m:23750:0:12","r03-c03:expanded-facade-max4m:23750:0:13","r03-c03:expanded-facade-max4m:23750:0:14","r03-c03:expanded-facade-max4m:23750:0:15","r03-c03:expanded-facade-max4m:23750:0:16","r03-c03:expanded-facade-max4m:23750:0:17","r03-c03:expanded-facade-max4m:23750:0:18","r03-c03:expanded-facade-max4m:23750:0:9"],"receiver_count":9,"periods":{"D":{"min":61.427975,"max":65.83844,"receiver_count":9,"unavailable_count":0},"E":{"min":59.209488,"max":63.61995,"receiver_count":9,"unavailable_count":0},"N":{"min":54.438274,"max":58.848736,"receiver_count":9,"unavailable_count":0}}}},{"type":"Feature","id":"lariac:390694888225","geometry":{"type":"Polygon","coordinates":[[[-118.56534079067976,34.17965594716352],[-118.56537311895063,34.17965964293706],[-118.56538277247715,34.1796008477331],[-118.56537790789106,34.17960029348483],[-118.56538283053519,34.17957031754421],[-118.56536469777123,34.179568259336236],[-118.56536901638097,34.179541996077184],[-118.56527891485308,34.179531755562934],[-118.56527964531524,34.1795273282679],[-118.56520876764365,34.17951927785729],[-118.56521191196482,34.17950013778898],[-118.56513587343042,34.17949150741887],[-118.56512656677114,34.17954788303813],[-118.56518821247337,34.179554877656166],[-118.56518255817026,34.179589115004276],[-118.56515535848061,34.17958602719802],[-118.56514573712336,34.179644630203676],[-118.56524169572346,34.179655558369625],[-118.56524379137895,34.17964271598499],[-118.565341139374,34.179653774613406],[-118.56534079067976,34.17965594716352]]]},"properties":{"building_pk":23751,"building_key":"lariac:390694888225","source_tile":"r03-c03","source_tile_ids":["r03-c03"],"source_bld_id":"390694888225","height_m":6.242,"receiver_ids":[161512,161513,161514,161515,161516,161517,161518,161519,161520,161521,161522,161523,161524,161525,161526,161527,161528,161529,161530],"receiver_keys":["r03-c03:expanded-facade-max4m:23751:0:1","r03-c03:expanded-facade-max4m:23751:0:10","r03-c03:expanded-facade-max4m:23751:0:11","r03-c03:expanded-facade-max4m:23751:0:12","r03-c03:expanded-facade-max4m:23751:0:13","r03-c03:expanded-facade-max4m:23751:0:14","r03-c03:expanded-facade-max4m:23751:0:15","r03-c03:expanded-facade-max4m:23751:0:16","r03-c03:expanded-facade-max4m:23751:0:17","r03-c03:expanded-facade-max4m:23751:0:18","r03-c03:expanded-facade-max4m:23751:0:19","r03-c03:expanded-facade-max4m:23751:0:2","r03-c03:expanded-facade-max4m:23751:0:21","r03-c03:expanded-facade-max4m:23751:0:22","r03-c03:expanded-facade-max4m:23751:0:4","r03-c03:expanded-facade-max4m:23751:0:5","r03-c03:expanded-facade-max4m:23751:0:6","r03-c03:expanded-facade-max4m:23751:0:7","r03-c03:expanded-facade-max4m:23751:0:8"],"receiver_count":19,"periods":{"D":{"min":51.167397,"max":69.227196,"receiver_count":19,"unavailable_count":0},"E":{"min":48.94891,"max":67.008705,"receiver_count":19,"unavailable_count":0},"N":{"min":44.177696,"max":62.237495,"receiver_count":19,"unavailable_count":0}}}},{"type":"Feature","id":"lariac:391793887160","geometry":{"type":"Polygon","coordinates":[[[-118.56168919025365,34.17672102494446],[-118.56169065861658,34.176676765802405],[-118.56166903227292,34.176676262205966],[-118.56166935945961,34.176666038070906],[-118.56162247014029,34.17666493686433],[-118.56162208326654,34.17667628730577],[-118.56161821451576,34.176676196184495],[-118.5616166844329,34.17672112275514],[-118.56168919025365,34.17672102494446]]]},"properties":{"building_pk":23761,"building_key":"lariac:391793887160","source_tile":"r03-c03","source_tile_ids":["r03-c03"],"source_bld_id":"391793887160","height_m":4.642,"receiver_ids":[161543,161544,161545,161546,161547],"receiver_keys":["r03-c03:expanded-facade-max4m:23761:0:1","r03-c03:expanded-facade-max4m:23761:0:2","r03-c03:expanded-facade-max4m:23761:0:3","r03-c03:expanded-facade-max4m:23761:0:6","r03-c03:expanded-facade-max4m:23761:0:7"],"receiver_count":5,"periods":{"D":{"min":58.625046,"max":69.72852,"receiver_count":5,"unavailable_count":0},"E":{"min":56.406555,"max":67.51003,"receiver_count":5,"unavailable_count":0},"N":{"min":51.635345,"max":62.738823,"receiver_count":5,"unavailable_count":0}}}},{"type":"Feature","id":"lariac:389971888103","geometry":{"type":"Polygon","coordinates":[[[-118.56751124967246,34.179391627594704],[-118.5675313927427,34.17939755088819],[-118.56751896112068,34.17942673724148],[-118.5675720679872,34.179442398498296],[-118.56758397991739,34.17941447854448],[-118.56759898847307,34.17941891493309],[-118.56760055059951,34.179415252738366],[-118.567629539129,34.17942377242362],[-118.56762123971939,34.17944326671702],[-118.56770426339526,34.179467718210695],[-118.56773042952945,34.17940634441558],[-118.56768809000658,34.17939387464504],[-118.56775617330538,34.179234149271004],[-118.56769862665098,34.17921721702139],[-118.56769446161013,34.179227019236876],[-118.56765583201143,34.17921565897288],[-118.56764873697121,34.17923231766559],[-118.56758416773789,34.17921333034351],[-118.56756236194835,34.179264433979164],[-118.56761808705234,34.17928085194642],[-118.56760763916006,34.17930535719251],[-118.56761767805718,34.17930830591237],[-118.5676057661534,34.17933622586943],[-118.5676179909134,34.17933982245862],[-118.5676142167053,34.179348715882696],[-118.56753897786224,34.179326563700464],[-118.56751124967246,34.179391627594704]]]},"properties":{"building_pk":24339,"building_key":"lariac:389971888103","source_tile":"r03-c03","source_tile_ids":["r03-c02","r03-c03"],"source_bld_id":"389971888103","height_m":6.943,"receiver_ids":[162359,162360,162361,162362,162363,162364,162365,162366,162367,162368,162369,162371,162372,162373,162374,162375,162376,162377,162378,162379,162380,162381,162382],"receiver_keys":["r03-c03:expanded-facade-max4m:24339:0:1","r03-c03:expanded-facade-max4m:24339:0:10","r03-c03:expanded-facade-max4m:24339:0:12","r03-c03:expanded-facade-max4m:24339:0:13","r03-c03:expanded-facade-max4m:24339:0:14","r03-c03:expanded-facade-max4m:24339:0:16","r03-c03:expanded-facade-max4m:24339:0:17","r03-c03:expanded-facade-max4m:24339:0:18","r03-c03:expanded-facade-max4m:24339:0:2","r03-c03:expanded-facade-max4m:24339:0:20","r03-c03:expanded-facade-max4m:24339:0:21","r03-c03:expanded-facade-max4m:24339:0:22","r03-c03:expanded-facade-max4m:24339:0:23","r03-c03:expanded-facade-max4m:24339:0:24","r03-c03:expanded-facade-max4m:24339:0:25","r03-c03:expanded-facade-max4m:24339:0:27","r03-c03:expanded-facade-max4m:24339:0:28","r03-c03:expanded-facade-max4m:24339:0:29","r03-c03:expanded-facade-max4m:24339:0:3","r03-c03:expanded-facade-max4m:24339:0:6","r03-c03:expanded-facade-max4m:24339:0:7","r03-c03:expanded-facade-max4m:24339:0:8","r03-c03:expanded-facade-max4m:24339:0:9"],"receiver_count":23,"periods":{"D":{"min":51.28297,"max":65.37754,"receiver_count":23,"unavailable_count":0},"E":{"min":49.06448,"max":63.159054,"receiver_count":23,"unavailable_count":0},"N":{"min":44.29327,"max":58.38784,"receiver_count":23,"unavailable_count":0}}}},{"type":"Feature","id":"lariac:391895886560","geometry":{"type":"Polygon","coordinates":[[[-118.56141669326684,34.17510603964112],[-118.56141588679722,34.17500088000008],[-118.56118743738277,34.175002078223194],[-118.56118820993393,34.17510723712027],[-118.56141669326684,34.17510603964112]]]},"properties":{"building_pk":24357,"building_key":"lariac:391895886560","source_tile":"r03-c03","source_tile_ids":["r03-c03"],"source_bld_id":"391895886560","height_m":6.45,"receiver_ids":[162391,162392,162393,162394,162395,162396,162397,162398,162399,162400,162401,162402,162403,162404,162405,162406,162407],"receiver_keys":["r03-c03:expanded-facade-max4m:24357:0:1","r03-c03:expanded-facade-max4m:24357:0:10","r03-c03:expanded-facade-max4m:24357:0:11","r03-c03:expanded-facade-max4m:24357:0:12","r03-c03:expanded-facade-max4m:24357:0:13","r03-c03:expanded-facade-max4m:24357:0:14","r03-c03:expanded-facade-max4m:24357:0:15","r03-c03:expanded-facade-max4m:24357:0:16","r03-c03:expanded-facade-max4m:24357:0:17","r03-c03:expanded-facade-max4m:24357:0:2","r03-c03:expanded-facade-max4m:24357:0:3","r03-c03:expanded-facade-max4m:24357:0:4","r03-c03:expanded-facade-max4m:24357:0:5","r03-c03:expanded-facade-max4m:24357:0:6","r03-c03:expanded-facade-max4m:24357:0:7","r03-c03:expanded-facade-max4m:24357:0:8","r03-c03:expanded-facade-max4m:24357:0:9"],"receiver_count":17,"periods":{"D":{"min":58.663662,"max":73.45954,"receiver_count":17,"unavailable_count":0},"E":{"min":56.445175,"max":71.24106,"receiver_count":17,"unavailable_count":0},"N":{"min":51.67396,"max":66.46984,"receiver_count":17,"unavailable_count":0}}}},{"type":"Feature","id":"lariac:391892887298","geometry":{"type":"Polygon","coordinates":[[[-118.56144288453407,34.177128932070154],[-118.56144310567517,34.17704869176137],[-118.5612129096301,34.1770466552587],[-118.56121189426183,34.177126898350004],[-118.56144288453407,34.177128932070154]]]},"properties":{"building_pk":24544,"building_key":"lariac:391892887298","source_tile":"r03-c03","source_tile_ids":["r03-c03"],"source_bld_id":"391892887298","height_m":4.971,"receiver_ids":[162696,162697,162698,162699,162700,162701,162702,162703,162704,162705,162706,162707,162708,162709,162710,162711],"receiver_keys":["r03-c03:expanded-facade-max4m:24544:0:1","r03-c03:expanded-facade-max4m:24544:0:10","r03-c03:expanded-facade-max4m:24544:0:11","r03-c03:expanded-facade-max4m:24544:0:12","r03-c03:expanded-facade-max4m:24544:0:13","r03-c03:expanded-facade-max4m:24544:0:14","r03-c03:expanded-facade-max4m:24544:0:15","r03-c03:expanded-facade-max4m:24544:0:16","r03-c03:expanded-facade-max4m:24544:0:2","r03-c03:expanded-facade-max4m:24544:0:3","r03-c03:expanded-facade-max4m:24544:0:4","r03-c03:expanded-facade-max4m:24544:0:5","r03-c03:expanded-facade-max4m:24544:0:6","r03-c03:expanded-facade-max4m:24544:0:7","r03-c03:expanded-facade-max4m:24544:0:8","r03-c03:expanded-facade-max4m:24544:0:9"],"receiver_count":16,"periods":{"D":{"min":58.923508,"max":69.50052,"receiver_count":16,"unavailable_count":0},"E":{"min":56.70502,"max":67.28203,"receiver_count":16,"unavailable_count":0},"N":{"min":51.933807,"max":62.510815,"receiver_count":16,"unavailable_count":0}}}},{"type":"Feature","id":"lariac:391513888249","geometry":{"type":"Polygon","coordinates":[[[-118.56266243174827,34.17972015246311],[-118.56268838634503,34.17972005966165],[-118.56268800507627,34.179643806973736],[-118.56264975072607,34.17964395699579],[-118.56264971537564,34.17963870836645],[-118.56263510186581,34.17963877634937],[-118.56263510467335,34.1796440251301],[-118.56252242521607,34.17964443927396],[-118.56252239561027,34.179640042577745],[-118.56250133553745,34.179640140527745],[-118.56250142828158,34.17965890845571],[-118.56249769246352,34.17965892583056],[-118.56249780001218,34.17967989255744],[-118.5625014047606,34.17967990283852],[-118.5625015010195,34.179699192744565],[-118.56252457889842,34.17969911335757],[-118.56252482249246,34.179749948532034],[-118.56266259541341,34.17974944469511],[-118.56266243174827,34.17972015246311]]]},"properties":{"building_pk":24868,"building_key":"lariac:391513888249","source_tile":"r03-c03","source_tile_ids":["r03-c03"],"source_bld_id":"391513888249","height_m":6.184,"receiver_ids":[163009,163010,163011,163012,163013,163014,163015,163016,163017,163018,163019,163020,163021,163022,163023],"receiver_keys":["r03-c03:expanded-facade-max4m:24868:0:1","r03-c03:expanded-facade-max4m:24868:0:10","r03-c03:expanded-facade-max4m:24868:0:12","r03-c03:expanded-facade-max4m:24868:0:13","r03-c03:expanded-facade-max4m:24868:0:14","r03-c03:expanded-facade-max4m:24868:0:15","r03-c03:expanded-facade-max4m:24868:0:16","r03-c03:expanded-facade-max4m:24868:0:2","r03-c03:expanded-facade-max4m:24868:0:3","r03-c03:expanded-facade-max4m:24868:0:4","r03-c03:expanded-facade-max4m:24868:0:5","r03-c03:expanded-facade-max4m:24868:0:6","r03-c03:expanded-facade-max4m:24868:0:7","r03-c03:expanded-facade-max4m:24868:0:8","r03-c03:expanded-facade-max4m:24868:0:9"],"receiver_count":15,"periods":{"D":{"min":58.047413,"max":69.13294,"receiver_count":15,"unavailable_count":0},"E":{"min":55.828922,"max":66.91445,"receiver_count":15,"unavailable_count":0},"N":{"min":51.057713,"max":62.143238,"receiver_count":15,"unavailable_count":0}}}},{"type":"Feature","id":"lariac:391194887795","geometry":{"type":"Polygon","coordinates":[[[-118.56353523967786,34.17832193448173],[-118.56353544711598,34.178382113435326],[-118.56356484020952,34.17838205851477],[-118.56356525307262,34.178492302901674],[-118.5637271288956,34.17849190550345],[-118.56372700268905,34.17845857417601],[-118.56374171597406,34.178458533543015],[-118.56374160514713,34.178427482150795],[-118.5637244131084,34.17842750729118],[-118.56372402732363,34.17832146758277],[-118.56353523967786,34.17832193448173]]]},"properties":{"building_pk":24882,"building_key":"lariac:391194887795","source_tile":"r03-c03","source_tile_ids":["r03-c03"],"source_bld_id":"391194887795","height_m":9.872,"receiver_ids":[163055,163056,163057,163058,163059,163060,163061,163062,163063,163064],"receiver_keys":["r03-c03:expanded-facade-max4m:24882:0:10","r03-c03:expanded-facade-max4m:24882:0:11","r03-c03:expanded-facade-max4m:24882:0:13","r03-c03:expanded-facade-max4m:24882:0:2","r03-c03:expanded-facade-max4m:24882:0:4","r03-c03:expanded-facade-max4m:24882:0:5","r03-c03:expanded-facade-max4m:24882:0:6","r03-c03:expanded-facade-max4m:24882:0:7","r03-c03:expanded-facade-max4m:24882:0:8","r03-c03:expanded-facade-max4m:24882:0:9"],"receiver_count":10,"periods":{"D":{"min":48.05857,"max":65.4902,"receiver_count":10,"unavailable_count":0},"E":{"min":45.84008,"max":63.271706,"receiver_count":10,"unavailable_count":0},"N":{"min":41.06887,"max":58.500496,"receiver_count":10,"unavailable_count":0}}}},{"type":"Feature","id":"lariac:391499888212","geometry":{"type":"Polygon","coordinates":[[[-118.5626260724103,34.17958580571732],[-118.56262612625879,34.17959235158353],[-118.56265918868435,34.17959216982705],[-118.56265913903465,34.179585764582306],[-118.5626260724103,34.17958580571732]]]},"properties":{"building_pk":25254,"building_key":"lariac:391499888212","source_tile":"r03-c03","source_tile_ids":["r03-c03"],"source_bld_id":"391499888212","height_m":6.389,"receiver_ids":[163415,163416,163417,163418],"receiver_keys":["r03-c03:expanded-facade-max4m:25254:0:1","r03-c03:expanded-facade-max4m:25254:0:2","r03-c03:expanded-facade-max4m:25254:0:3","r03-c03:expanded-facade-max4m:25254:0:4"],"receiver_count":4,"periods":{"D":{"min":58.25338,"max":60.815422,"receiver_count":4,"unavailable_count":0},"E":{"min":56.034893,"max":58.59693,"receiver_count":4,"unavailable_count":0},"N":{"min":51.26368,"max":53.82572,"receiver_count":4,"unavailable_count":0}}}},{"type":"Feature","id":"lariac:391019888305","geometry":{"type":"Polygon","coordinates":[[[-118.56425784220777,34.179850088129015],[-118.5642619932731,34.17982819548083],[-118.5642097054852,34.179821322619894],[-118.5642055554912,34.179843215261286],[-118.56425784220777,34.179850088129015]]]},"properties":{"building_pk":25548,"building_key":"lariac:391019888305","source_tile":"r03-c03","source_tile_ids":["r03-c03"],"source_bld_id":"391019888305","height_m":4.2,"receiver_ids":[163848,163849,163850],"receiver_keys":["r03-c03:expanded-facade-max4m:25548:0:1","r03-c03:expanded-facade-max4m:25548:0:2","r03-c03:expanded-facade-max4m:25548:0:3"],"receiver_count":3,"periods":{"D":{"min":55.124283,"max":62.58582,"receiver_count":3,"unavailable_count":0},"E":{"min":52.905796,"max":60.367332,"receiver_count":3,"unavailable_count":0},"N":{"min":48.134583,"max":55.59612,"receiver_count":3,"unavailable_count":0}}}},{"type":"Feature","id":"lariac:390523888374","geometry":{"type":"Polygon","coordinates":[[[-118.56604550342365,34.18003051646382],[-118.56600450493693,34.18002081568423],[-118.56601329115792,34.17999513643007],[-118.56601620526492,34.17999583771744],[-118.56602483069852,34.179970764151605],[-118.5659643259554,34.179956427846186],[-118.56597418276348,34.17992769365852],[-118.56595017280993,34.17992198022943],[-118.56595202088174,34.17991664074618],[-118.56594244981225,34.17991437757763],[-118.56597429017306,34.17982154074441],[-118.56590865162248,34.179805965371266],[-118.56591020805912,34.17980145126531],[-118.56587944229116,34.179794148455315],[-118.5658706238806,34.1798198828444],[-118.56589258029891,34.1798251109493],[-118.56587542787214,34.1798750655715],[-118.5658733080186,34.179874553495274],[-118.56585566990336,34.17992599523155],[-118.56585967691765,34.17992693753111],[-118.56585510462376,34.17994023146805],[-118.56582867741923,34.17993398028331],[-118.56582147991841,34.17995495323888],[-118.56586009471562,34.179964115290424],[-118.56585082057528,34.17999111577621],[-118.56582790390223,34.179985699225334],[-118.56581327976639,34.18002825114462],[-118.5660287402414,34.18007931530885],[-118.56604550342365,34.18003051646382]]]},"properties":{"building_pk":25586,"building_key":"lariac:390523888374","source_tile":"r03-c03","source_tile_ids":["r03-c03"],"source_bld_id":"390523888374","height_m":5.322,"receiver_ids":[163934,163935,163936,163937],"receiver_keys":["r03-c03:expanded-facade-max4m:25586:0:10","r03-c03:expanded-facade-max4m:25586:0:11","r03-c03:expanded-facade-max4m:25586:0:12","r03-c03:expanded-facade-max4m:25586:0:9"],"receiver_count":4,"periods":{"D":{"min":53.74307,"max":63.843662,"receiver_count":4,"unavailable_count":0},"E":{"min":51.524582,"max":61.625175,"receiver_count":4,"unavailable_count":0},"N":{"min":46.75337,"max":56.853962,"receiver_count":4,"unavailable_count":0}}}},{"type":"Feature","id":"lariac:391451887439","geometry":{"type":"Polygon","coordinates":[[[-118.56275171270077,34.17749813147641],[-118.56282673547287,34.17749846934303],[-118.56282679319834,34.177487394498264],[-118.56286372544486,34.177487580534105],[-118.56286412216701,34.17742877272466],[-118.56275220086913,34.17742824956763],[-118.56275171270077,34.17749813147641]]]},"properties":{"building_pk":25850,"building_key":"lariac:391451887439","source_tile":"r03-c03","source_tile_ids":["r03-c03"],"source_bld_id":"391451887439","height_m":4.822,"receiver_ids":[164306,164307,164308,164309,164310,164311,164312],"receiver_keys":["r03-c03:expanded-facade-max4m:25850:0:1","r03-c03:expanded-facade-max4m:25850:0:2","r03-c03:expanded-facade-max4m:25850:0:3","r03-c03:expanded-facade-max4m:25850:0:4","r03-c03:expanded-facade-max4m:25850:0:5","r03-c03:expanded-facade-max4m:25850:0:6","r03-c03:expanded-facade-max4m:25850:0:7"],"receiver_count":7,"periods":{"D":{"min":56.526733,"max":65.23161,"receiver_count":7,"unavailable_count":0},"E":{"min":54.308247,"max":63.013123,"receiver_count":7,"unavailable_count":0},"N":{"min":49.537033,"max":58.24191,"receiver_count":7,"unavailable_count":0}}}},{"type":"Feature","id":"lariac:391389886273","geometry":{"type":"Polygon","coordinates":[[[-118.56293785757613,34.1742696474507],[-118.56298469932914,34.174268715379064],[-118.56298391994792,34.17424126696932],[-118.56293707713165,34.17424219994723],[-118.56293785757613,34.1742696474507]]]},"properties":{"building_pk":26155,"building_key":"lariac:391389886273","source_tile":"r03-c03","source_tile_ids":["r03-c03"],"source_bld_id":"391389886273","height_m":3.466,"receiver_ids":[164705,164706,164707,164708],"receiver_keys":["r03-c03:expanded-facade-max4m:26155:0:1","r03-c03:expanded-facade-max4m:26155:0:2","r03-c03:expanded-facade-max4m:26155:0:3","r03-c03:expanded-facade-max4m:26155:0:4"],"receiver_count":4,"periods":{"D":{"min":76.97447,"max":77.568726,"receiver_count":4,"unavailable_count":0},"E":{"min":74.75599,"max":75.350235,"receiver_count":4,"unavailable_count":0},"N":{"min":69.98477,"max":70.579025,"receiver_count":4,"unavailable_count":0}}}},{"type":"Feature","id":"lariac:391308886939","geometry":{"type":"Polygon","coordinates":[[[-118.56334037174601,34.176116454750165],[-118.56333959829455,34.17605081597492],[-118.56312358005013,34.176052481931194],[-118.56312440662421,34.176116693314306],[-118.56334037174601,34.176116454750165]]]},"properties":{"building_pk":31050,"building_key":"lariac:391308886939","source_tile":"r03-c03","source_tile_ids":["r03-c03"],"source_bld_id":"391308886939","height_m":5.166,"receiver_ids":[166963,166964,166965,166966,166967,166968,166969,166970,166971,166972],"receiver_keys":["r03-c03:expanded-facade-max4m:31050:0:10","r03-c03:expanded-facade-max4m:31050:0:11","r03-c03:expanded-facade-max4m:31050:0:12","r03-c03:expanded-facade-max4m:31050:0:13","r03-c03:expanded-facade-max4m:31050:0:4","r03-c03:expanded-facade-max4m:31050:0:5","r03-c03:expanded-facade-max4m:31050:0:6","r03-c03:expanded-facade-max4m:31050:0:7","r03-c03:expanded-facade-max4m:31050:0:8","r03-c03:expanded-facade-max4m:31050:0:9"],"receiver_count":10,"periods":{"D":{"min":59.961235,"max":71.21136,"receiver_count":10,"unavailable_count":0},"E":{"min":57.74275,"max":68.992874,"receiver_count":10,"unavailable_count":0},"N":{"min":52.97154,"max":64.22166,"receiver_count":10,"unavailable_count":0}}}},{"type":"Feature","id":"lariac:391504887390","geometry":{"type":"Polygon","coordinates":[[[-118.56277174488893,34.177404141473055],[-118.56277043801599,34.17735248723539],[-118.56268137635813,34.17735402855941],[-118.56267979254014,34.177290559062186],[-118.56269605742492,34.17729029045814],[-118.5626952878928,34.17725946301034],[-118.56267214547061,34.17725984475089],[-118.56267200308736,34.17725336060173],[-118.56264380453726,34.177253876750065],[-118.56264397964753,34.17726038869484],[-118.5625966733899,34.17726121279906],[-118.5625965378871,34.177255910543074],[-118.56258470273364,34.177256129678575],[-118.56258479314191,34.17725972912627],[-118.56255801536548,34.177260211599176],[-118.5625583832771,34.177275542459704],[-118.56255355672643,34.17727561990453],[-118.5625543714939,34.1773081790101],[-118.5625593629211,34.17730810079829],[-118.56256030933886,34.17734555107336],[-118.56252668851242,34.177346119462236],[-118.56252812873193,34.177402939834714],[-118.56256611386759,34.17740226820267],[-118.56256601661208,34.1773976518443],[-118.56265256525018,34.1773961502446],[-118.56265270226476,34.17740183745315],[-118.56266579352463,34.177401612467186],[-118.56266588911588,34.177405980908446],[-118.56277174488893,34.177404141473055]]]},"properties":{"building_pk":31108,"building_key":"lariac:391504887390","source_tile":"r03-c03","source_tile_ids":["r03-c03"],"source_bld_id":"391504887390","height_m":6.062,"receiver_ids":[167065,167066,167067,167068,167069,167070,167071,167072,167073,167074,167075,167076,167077,167078,167079,167080],"receiver_keys":["r03-c03:expanded-facade-max4m:31108:0:1","r03-c03:expanded-facade-max4m:31108:0:11","r03-c03:expanded-facade-max4m:31108:0:12","r03-c03:expanded-facade-max4m:31108:0:13","r03-c03:expanded-facade-max4m:31108:0:15","r03-c03:expanded-facade-max4m:31108:0:16","r03-c03:expanded-facade-max4m:31108:0:17","r03-c03:expanded-facade-max4m:31108:0:18","r03-c03:expanded-facade-max4m:31108:0:19","r03-c03:expanded-facade-max4m:31108:0:2","r03-c03:expanded-facade-max4m:31108:0:20","r03-c03:expanded-facade-max4m:31108:0:21","r03-c03:expanded-facade-max4m:31108:0:3","r03-c03:expanded-facade-max4m:31108:0:5","r03-c03:expanded-facade-max4m:31108:0:8","r03-c03:expanded-facade-max4m:31108:0:9"],"receiver_count":16,"periods":{"D":{"min":55.97952,"max":68.93262,"receiver_count":16,"unavailable_count":0},"E":{"min":53.761032,"max":66.71413,"receiver_count":16,"unavailable_count":0},"N":{"min":48.98982,"max":61.942917,"receiver_count":16,"unavailable_count":0}}}},{"type":"Feature","id":"lariac:391510886995","geometry":{"type":"Polygon","coordinates":[[[-118.56266355743661,34.176313613401234],[-118.56266300264271,34.17621642224469],[-118.562655166307,34.176216376661806],[-118.5626555297343,34.176162267860605],[-118.56263202092475,34.17616215815445],[-118.56263207463383,34.17615531517988],[-118.5626206347861,34.176155258410965],[-118.56262057440983,34.1761611115204],[-118.56252412879871,34.17616065410155],[-118.56252377545394,34.17621627294253],[-118.5625394479491,34.176216337980854],[-118.56253906540637,34.17627245190584],[-118.56252339271853,34.1762723598219],[-118.56252310412688,34.176312947807645],[-118.56266355743661,34.176313613401234]]]},"properties":{"building_pk":31120,"building_key":"lariac:391510886995","source_tile":"r03-c03","source_tile_ids":["r03-c03"],"source_bld_id":"391510886995","height_m":5.752,"receiver_ids":[167093,167094,167095,167096,167097,167098,167099,167100,167101,167102,167103,167104,167105],"receiver_keys":["r03-c03:expanded-facade-max4m:31120:0:1","r03-c03:expanded-facade-max4m:31120:0:11","r03-c03:expanded-facade-max4m:31120:0:13","r03-c03:expanded-facade-max4m:31120:0:14","r03-c03:expanded-facade-max4m:31120:0:15","r03-c03:expanded-facade-max4m:31120:0:16","r03-c03:expanded-facade-max4m:31120:0:2","r03-c03:expanded-facade-max4m:31120:0:3","r03-c03:expanded-facade-max4m:31120:0:4","r03-c03:expanded-facade-max4m:31120:0:5","r03-c03:expanded-facade-max4m:31120:0:7","r03-c03:expanded-facade-max4m:31120:0:8","r03-c03:expanded-facade-max4m:31120:0:9"],"receiver_count":13,"periods":{"D":{"min":59.54492,"max":70.09974,"receiver_count":13,"unavailable_count":0},"E":{"min":57.326435,"max":67.88125,"receiver_count":13,"unavailable_count":0},"N":{"min":52.55522,"max":63.110035,"receiver_count":13,"unavailable_count":0}}}},{"type":"Feature","id":"lariac:391478887305","geometry":{"type":"Polygon","coordinates":[[[-118.56257749550555,34.1770057735703],[-118.56257635808699,34.17705287826436],[-118.56259269279577,34.17705315929148],[-118.56259228115648,34.17707063855317],[-118.56258863178877,34.177073650460926],[-118.56257773470573,34.177080597968505],[-118.56257345401899,34.17708811963474],[-118.56257159345255,34.17709661993955],[-118.56257513329479,34.17710666020533],[-118.56258414084012,34.17711373600106],[-118.56259377618305,34.177115779157404],[-118.562593697939,34.1771288050402],[-118.56253444795243,34.177128530702284],[-118.56253447970579,34.17712341969736],[-118.56248554468796,34.17712318029912],[-118.56248511834802,34.17718745611269],[-118.56252439792847,34.17718765747908],[-118.56252436210735,34.177192164468],[-118.5626035176821,34.1771925382434],[-118.5626035243422,34.177193527207024],[-118.56267894294395,34.17719389127054],[-118.56267899445393,34.1771868833234],[-118.5628062898131,34.17718747294],[-118.56280691190747,34.17709819006572],[-118.56280992105091,34.177098204010356],[-118.56281021816622,34.17705407110932],[-118.56282298165145,34.177054148747374],[-118.56282332400897,34.17700691071556],[-118.56257749550555,34.1770057735703]]]},"properties":{"building_pk":31128,"building_key":"lariac:391478887305","source_tile":"r03-c03","source_tile_ids":["r03-c03"],"source_bld_id":"391478887305","height_m":7.9,"receiver_ids":[167127,167128,167129,167130,167131,167132,167133,167134,167135,167136,167137,167138,167139,167140,167141,167142,167143,167144,167145,167146,167147,167148],"receiver_keys":["r03-c03:expanded-facade-max4m:31128:0:1","r03-c03:expanded-facade-max4m:31128:0:10","r03-c03:expanded-facade-max4m:31128:0:11","r03-c03:expanded-facade-max4m:31128:0:12","r03-c03:expanded-facade-max4m:31128:0:13","r03-c03:expanded-facade-max4m:31128:0:14","r03-c03:expanded-facade-max4m:31128:0:15","r03-c03:expanded-facade-max4m:31128:0:18","r03-c03:expanded-facade-max4m:31128:0:19","r03-c03:expanded-facade-max4m:31128:0:20","r03-c03:expanded-facade-max4m:31128:0:22","r03-c03:expanded-facade-max4m:31128:0:23","r03-c03:expanded-facade-max4m:31128:0:24","r03-c03:expanded-facade-max4m:31128:0:25","r03-c03:expanded-facade-max4m:31128:0:26","r03-c03:expanded-facade-max4m:31128:0:27","r03-c03:expanded-facade-max4m:31128:0:28","r03-c03:expanded-facade-max4m:31128:0:3","r03-c03:expanded-facade-max4m:31128:0:6","r03-c03:expanded-facade-max4m:31128:0:7","r03-c03:expanded-facade-max4m:31128:0:8","r03-c03:expanded-facade-max4m:31128:0:9"],"receiver_count":22,"periods":{"D":{"min":55.868504,"max":70.01749,"receiver_count":22,"unavailable_count":0},"E":{"min":53.650017,"max":67.798996,"receiver_count":22,"unavailable_count":0},"N":{"min":48.878803,"max":63.027786,"receiver_count":22,"unavailable_count":0}}}},{"type":"Feature","id":"lariac:390999888002","geometry":{"type":"Polygon","coordinates":[[[-118.56441480574226,34.17895589860909],[-118.56429277130286,34.178956331017424],[-118.56429272063177,34.178948829498935],[-118.56422570263207,34.17894905922714],[-118.5642262708312,34.17905759987356],[-118.56426634200601,34.17905746792159],[-118.56426681398771,34.17914693773685],[-118.56435839810787,34.17914662040321],[-118.56435843796118,34.17915733688112],[-118.56440885855125,34.17915715658847],[-118.56440881311838,34.179145615222964],[-118.56448621318307,34.179145336937964],[-118.56448584805116,34.17907653093382],[-118.56441545754082,34.17907677650729],[-118.56441480574226,34.17895589860909]]]},"properties":{"building_pk":31154,"building_key":"lariac:390999888002","source_tile":"r03-c03","source_tile_ids":["r03-c03"],"source_bld_id":"390999888002","height_m":6.108,"receiver_ids":[167202,167203,167204,167205,167206,167207,167208,167209,167210,167211,167212,167213,167214,167215,167216,167217,167218,167219,167220,167221,167222],"receiver_keys":["r03-c03:expanded-facade-max4m:31154:0:1","r03-c03:expanded-facade-max4m:31154:0:10","r03-c03:expanded-facade-max4m:31154:0:11","r03-c03:expanded-facade-max4m:31154:0:12","r03-c03:expanded-facade-max4m:31154:0:13","r03-c03:expanded-facade-max4m:31154:0:15","r03-c03:expanded-facade-max4m:31154:0:16","r03-c03:expanded-facade-max4m:31154:0:17","r03-c03:expanded-facade-max4m:31154:0:18","r03-c03:expanded-facade-max4m:31154:0:19","r03-c03:expanded-facade-max4m:31154:0:2","r03-c03:expanded-facade-max4m:31154:0:20","r03-c03:expanded-facade-max4m:31154:0:22","r03-c03:expanded-facade-max4m:31154:0:23","r03-c03:expanded-facade-max4m:31154:0:24","r03-c03:expanded-facade-max4m:31154:0:3","r03-c03:expanded-facade-max4m:31154:0:4","r03-c03:expanded-facade-max4m:31154:0:5","r03-c03:expanded-facade-max4m:31154:0:6","r03-c03:expanded-facade-max4m:31154:0:7","r03-c03:expanded-facade-max4m:31154:0:8"],"receiver_count":21,"periods":{"D":{"min":51.685436,"max":69.42853,"receiver_count":21,"unavailable_count":0},"E":{"min":49.46695,"max":67.21004,"receiver_count":21,"unavailable_count":0},"N":{"min":44.695736,"max":62.438828,"receiver_count":21,"unavailable_count":0}}}},{"type":"Feature","id":"lariac:391365887830","geometry":{"type":"Polygon","coordinates":[[[-118.56304425164791,34.17855751940928],[-118.56311507383447,34.17855749169741],[-118.56311505894826,34.17851118932702],[-118.56304420425943,34.17851121719043],[-118.56304425164791,34.17855751940928]]]},"properties":{"building_pk":31155,"building_key":"lariac:391365887830","source_tile":"r03-c03","source_tile_ids":["r03-c03"],"source_bld_id":"391365887830","height_m":4.676,"receiver_ids":[167223,167224,167225,167226],"receiver_keys":["r03-c03:expanded-facade-max4m:31155:0:1","r03-c03:expanded-facade-max4m:31155:0:2","r03-c03:expanded-facade-max4m:31155:0:3","r03-c03:expanded-facade-max4m:31155:0:6"],"receiver_count":4,"periods":{"D":{"min":60.278675,"max":65.193855,"receiver_count":4,"unavailable_count":0},"E":{"min":58.06019,"max":62.975365,"receiver_count":4,"unavailable_count":0},"N":{"min":53.288975,"max":58.20415,"receiver_count":4,"unavailable_count":0}}}},{"type":"Feature","id":"lariac:391846886935","geometry":{"type":"Polygon","coordinates":[[[-118.56156306621841,34.17614016929891],[-118.5615625852307,34.17602423648933],[-118.56144660118576,34.17602400596862],[-118.56144674731037,34.1759719870627],[-118.56134292952908,34.175971754956144],[-118.56134271648405,34.17604336654152],[-118.56138001197982,34.17604346749779],[-118.56137970030167,34.17613978366907],[-118.56156306621841,34.17614016929891]]]},"properties":{"building_pk":31340,"building_key":"lariac:391846886935","source_tile":"r03-c03","source_tile_ids":["r03-c03"],"source_bld_id":"391846886935","height_m":10.052,"receiver_ids":[167433,167434,167435,167436,167437,167438,167439,167440,167441,167442,167443,167444,167445,167446,167447,167448,167449,167450,167451,167452],"receiver_keys":["r03-c03:expanded-facade-max4m:31340:0:1","r03-c03:expanded-facade-max4m:31340:0:10","r03-c03:expanded-facade-max4m:31340:0:11","r03-c03:expanded-facade-max4m:31340:0:12","r03-c03:expanded-facade-max4m:31340:0:13","r03-c03:expanded-facade-max4m:31340:0:14","r03-c03:expanded-facade-max4m:31340:0:15","r03-c03:expanded-facade-max4m:31340:0:16","r03-c03:expanded-facade-max4m:31340:0:17","r03-c03:expanded-facade-max4m:31340:0:18","r03-c03:expanded-facade-max4m:31340:0:19","r03-c03:expanded-facade-max4m:31340:0:2","r03-c03:expanded-facade-max4m:31340:0:20","r03-c03:expanded-facade-max4m:31340:0:3","r03-c03:expanded-facade-max4m:31340:0:4","r03-c03:expanded-facade-max4m:31340:0:5","r03-c03:expanded-facade-max4m:31340:0:6","r03-c03:expanded-facade-max4m:31340:0:7","r03-c03:expanded-facade-max4m:31340:0:8","r03-c03:expanded-facade-max4m:31340:0:9"],"receiver_count":20,"periods":{"D":{"min":54.438587,"max":70.06599,"receiver_count":20,"unavailable_count":0},"E":{"min":52.220097,"max":67.8475,"receiver_count":20,"unavailable_count":0},"N":{"min":47.448887,"max":63.07629,"receiver_count":20,"unavailable_count":0}}}},{"type":"Feature","id":"lariac:391446888203","geometry":{"type":"Polygon","coordinates":[[[-118.56284136205667,34.179541941869154],[-118.56279124492747,34.17954308204347],[-118.56279232559557,34.17957580489407],[-118.56284244256214,34.179574637673845],[-118.56284136205667,34.179541941869154]]]},"properties":{"building_pk":31522,"building_key":"lariac:391446888203","source_tile":"r03-c03","source_tile_ids":["r03-c03"],"source_bld_id":"391446888203","height_m":3.895,"receiver_ids":[167872,167873,167874,167875],"receiver_keys":["r03-c03:expanded-facade-max4m:31522:0:1","r03-c03:expanded-facade-max4m:31522:0:3","r03-c03:expanded-facade-max4m:31522:0:4","r03-c03:expanded-facade-max4m:31522:0:5"],"receiver_count":4,"periods":{"D":{"min":63.19241,"max":67.354614,"receiver_count":4,"unavailable_count":0},"E":{"min":60.973923,"max":65.13613,"receiver_count":4,"unavailable_count":0},"N":{"min":56.20271,"max":60.364918,"receiver_count":4,"unavailable_count":0}}}},{"type":"Feature","id":"lariac:391342887252","geometry":{"type":"Polygon","coordinates":[[[-118.56317689052584,34.17692747140638],[-118.56313085271209,34.176925267835564],[-118.56312738390552,34.17697485632905],[-118.5631734230135,34.17697708694163],[-118.56317689052584,34.17692747140638]]]},"properties":{"building_pk":31730,"building_key":"lariac:391342887252","source_tile":"r03-c03","source_tile_ids":["r03-c03"],"source_bld_id":"391342887252","height_m":3.981,"receiver_ids":[167981,167982,167983,167984],"receiver_keys":["r03-c03:expanded-facade-max4m:31730:0:1","r03-c03:expanded-facade-max4m:31730:0:3","r03-c03:expanded-facade-max4m:31730:0:4","r03-c03:expanded-facade-max4m:31730:0:5"],"receiver_count":4,"periods":{"D":{"min":62.9284,"max":66.35322,"receiver_count":4,"unavailable_count":0},"E":{"min":60.70991,"max":64.13473,"receiver_count":4,"unavailable_count":0},"N":{"min":55.938698,"max":59.363518,"receiver_count":4,"unavailable_count":0}}}},{"type":"Feature","id":"lariac:391737887644","geometry":{"type":"Polygon","coordinates":[[[-118.5618023768832,34.17798461097468],[-118.5618024033194,34.17799354245557],[-118.56177588719613,34.17799361063133],[-118.56177634312718,34.17811044961262],[-118.56177092065074,34.17811047479981],[-118.56177112553597,34.17816062317558],[-118.56181635536082,34.17816049511792],[-118.56181636092289,34.17815648321801],[-118.5618941899959,34.178156259588945],[-118.56189421716083,34.17816029838315],[-118.56193283439374,34.17816017395722],[-118.56193249541967,34.17807543032639],[-118.56190955014168,34.17807548194009],[-118.56190941076812,34.17803992385997],[-118.56189892920271,34.17803997255779],[-118.56189885582353,34.17802406333871],[-118.56191241164014,34.17802402740395],[-118.56191244935468,34.17803463390256],[-118.56197778116773,34.17803444033428],[-118.56197780558502,34.17804306890563],[-118.56199853568548,34.17804299962457],[-118.56199834156432,34.17799930896367],[-118.56199040672303,34.17799931878886],[-118.56199028343364,34.17797615416954],[-118.5619122234914,34.17797637983547],[-118.56191225453799,34.17798099560027],[-118.56189552486532,34.17798104628078],[-118.5618955472279,34.177984371073876],[-118.5618023768832,34.17798461097468]]]},"properties":{"building_pk":32079,"building_key":"lariac:391737887644","source_tile":"r03-c03","source_tile_ids":["r03-c03"],"source_bld_id":"391737887644","height_m":5.404,"receiver_ids":[168357,168358,168359,168360,168361,168362,168363,168364,168365,168366,168367,168368,168369,168370,168371,168372,168373,168374],"receiver_keys":["r03-c03:expanded-facade-max4m:32079:0:1","r03-c03:expanded-facade-max4m:32079:0:11","r03-c03:expanded-facade-max4m:32079:0:12","r03-c03:expanded-facade-max4m:32079:0:14","r03-c03:expanded-facade-max4m:32079:0:16","r03-c03:expanded-facade-max4m:32079:0:17","r03-c03:expanded-facade-max4m:32079:0:18","r03-c03:expanded-facade-max4m:32079:0:19","r03-c03:expanded-facade-max4m:32079:0:2","r03-c03:expanded-facade-max4m:32079:0:20","r03-c03:expanded-facade-max4m:32079:0:21","r03-c03:expanded-facade-max4m:32079:0:22","r03-c03:expanded-facade-max4m:32079:0:23","r03-c03:expanded-facade-max4m:32079:0:24","r03-c03:expanded-facade-max4m:32079:0:3","r03-c03:expanded-facade-max4m:32079:0:4","r03-c03:expanded-facade-max4m:32079:0:5","r03-c03:expanded-facade-max4m:32079:0:6"],"receiver_count":18,"periods":{"D":{"min":61.16605,"max":69.6675,"receiver_count":18,"unavailable_count":0},"E":{"min":58.947563,"max":67.44902,"receiver_count":18,"unavailable_count":0},"N":{"min":54.17635,"max":62.677807,"receiver_count":18,"unavailable_count":0}}}},{"type":"Feature","id":"lariac:390988887867","geometry":{"type":"Polygon","coordinates":[[[-118.56441977353175,34.17871243847565],[-118.56441962031116,34.17869457688211],[-118.56448250402674,34.17869417431256],[-118.56448170004546,34.17860456811061],[-118.56442883359604,34.17860489778614],[-118.56442828446643,34.17854320943635],[-118.56423890545928,34.17854436806992],[-118.56423981221381,34.17864425050267],[-118.5642459951122,34.17864422165731],[-118.56424606600669,34.178654718013384],[-118.5642159458966,34.178654913525534],[-118.56421647519755,34.17871368907664],[-118.56441977353175,34.17871243847565]]]},"properties":{"building_pk":32124,"building_key":"lariac:390988887867","source_tile":"r03-c03","source_tile_ids":["r03-c03"],"source_bld_id":"390988887867","height_m":7.742,"receiver_ids":[168451,168452,168453,168454,168455,168456,168457,168458,168459,168460,168461,168462,168463,168464,168465,168466,168467,168468,168469],"receiver_keys":["r03-c03:expanded-facade-max4m:32124:0:1","r03-c03:expanded-facade-max4m:32124:0:10","r03-c03:expanded-facade-max4m:32124:0:11","r03-c03:expanded-facade-max4m:32124:0:12","r03-c03:expanded-facade-max4m:32124:0:13","r03-c03:expanded-facade-max4m:32124:0:14","r03-c03:expanded-facade-max4m:32124:0:15","r03-c03:expanded-facade-max4m:32124:0:16","r03-c03:expanded-facade-max4m:32124:0:17","r03-c03:expanded-facade-max4m:32124:0:18","r03-c03:expanded-facade-max4m:32124:0:2","r03-c03:expanded-facade-max4m:32124:0:21","r03-c03:expanded-facade-max4m:32124:0:22","r03-c03:expanded-facade-max4m:32124:0:3","r03-c03:expanded-facade-max4m:32124:0:4","r03-c03:expanded-facade-max4m:32124:0:5","r03-c03:expanded-facade-max4m:32124:0:7","r03-c03:expanded-facade-max4m:32124:0:8","r03-c03:expanded-facade-max4m:32124:0:9"],"receiver_count":19,"periods":{"D":{"min":50.889423,"max":65.84544,"receiver_count":19,"unavailable_count":0},"E":{"min":48.670937,"max":63.626953,"receiver_count":19,"unavailable_count":0},"N":{"min":43.899723,"max":58.855743,"receiver_count":19,"unavailable_count":0}}}},{"type":"Feature","id":"lariac:391263888206","geometry":{"type":"Polygon","coordinates":[[[-118.56345310672658,34.17955178899328],[-118.56338978855118,34.179551561966996],[-118.56338978584307,34.17955598586013],[-118.5633728567969,34.17955595563161],[-118.56337275790031,34.17957571344716],[-118.563389687139,34.17957577162268],[-118.56338967609541,34.17957895953665],[-118.56345299410305,34.179579158615965],[-118.56345310672658,34.17955178899328]]]},"properties":{"building_pk":32273,"building_key":"lariac:391263888206","source_tile":"r03-c03","source_tile_ids":["r03-c03"],"source_bld_id":"391263888206","height_m":4.225,"receiver_ids":[168574,168575,168576,168577,168578,168579],"receiver_keys":["r03-c03:expanded-facade-max4m:32273:0:1","r03-c03:expanded-facade-max4m:32273:0:2","r03-c03:expanded-facade-max4m:32273:0:3","r03-c03:expanded-facade-max4m:32273:0:4","r03-c03:expanded-facade-max4m:32273:0:5","r03-c03:expanded-facade-max4m:32273:0:6"],"receiver_count":6,"periods":{"D":{"min":59.869133,"max":67.31935,"receiver_count":6,"unavailable_count":0},"E":{"min":57.650642,"max":65.10086,"receiver_count":6,"unavailable_count":0},"N":{"min":52.879433,"max":60.329647,"receiver_count":6,"unavailable_count":0}}}},{"type":"Feature","id":"lariac:391309886336","geometry":{"type":"Polygon","coordinates":[[[-118.56322210442353,34.17443875022428],[-118.56325752165591,34.17443998627655],[-118.56325868768612,34.174416815652854],[-118.56322327064584,34.17441560664645],[-118.56322210442353,34.17443875022428]]]},"properties":{"building_pk":32636,"building_key":"lariac:391309886336","source_tile":"r03-c03","source_tile_ids":["r03-c03"],"source_bld_id":"391309886336","height_m":3.139,"receiver_ids":[168950,168951,168952,168953],"receiver_keys":["r03-c03:expanded-facade-max4m:32636:0:1","r03-c03:expanded-facade-max4m:32636:0:2","r03-c03:expanded-facade-max4m:32636:0:3","r03-c03:expanded-facade-max4m:32636:0:4"],"receiver_count":4,"periods":{"D":{"min":76.21988,"max":76.502045,"receiver_count":4,"unavailable_count":0},"E":{"min":74.001396,"max":74.283554,"receiver_count":4,"unavailable_count":0},"N":{"min":69.23018,"max":69.512344,"receiver_count":4,"unavailable_count":0}}}},{"type":"Feature","id":"lariac:391692887431","geometry":{"type":"Polygon","coordinates":[[[-118.56188634022415,34.17754460967376],[-118.561960608782,34.177546023518566],[-118.56196225943724,34.177486633801415],[-118.56203189877236,34.17748795912363],[-118.56203503714492,34.17737448242875],[-118.56195425399515,34.17737293481946],[-118.56195242275469,34.177439827129255],[-118.56188675077945,34.17743856627154],[-118.56188624434513,34.17745665000565],[-118.56187262060433,34.17745641128233],[-118.5618718768331,34.17748339887318],[-118.56188801331079,34.1774837088647],[-118.56188634022415,34.17754460967376]]]},"properties":{"building_pk":32641,"building_key":"lariac:391692887431","source_tile":"r03-c03","source_tile_ids":["r03-c03"],"source_bld_id":"391692887431","height_m":4.072,"receiver_ids":[168954,168955,168956,168957,168958,168959,168960,168961,168962,168963,168964,168965,168966],"receiver_keys":["r03-c03:expanded-facade-max4m:32641:0:10","r03-c03:expanded-facade-max4m:32641:0:11","r03-c03:expanded-facade-max4m:32641:0:12","r03-c03:expanded-facade-max4m:32641:0:13","r03-c03:expanded-facade-max4m:32641:0:14","r03-c03:expanded-facade-max4m:32641:0:15","r03-c03:expanded-facade-max4m:32641:0:17","r03-c03:expanded-facade-max4m:32641:0:3","r03-c03:expanded-facade-max4m:32641:0:5","r03-c03:expanded-facade-max4m:32641:0:6","r03-c03:expanded-facade-max4m:32641:0:7","r03-c03:expanded-facade-max4m:32641:0:8","r03-c03:expanded-facade-max4m:32641:0:9"],"receiver_count":13,"periods":{"D":{"min":68.67978,"max":71.66322,"receiver_count":13,"unavailable_count":0},"E":{"min":66.461296,"max":69.44474,"receiver_count":13,"unavailable_count":0},"N":{"min":61.690083,"max":64.67352,"receiver_count":13,"unavailable_count":0}}}},{"type":"Feature","id":"lariac:391753888176","geometry":{"type":"Polygon","coordinates":[[[-118.56164170316042,34.17949140664036],[-118.56172668014203,34.17949186395461],[-118.5617260761339,34.17956432932034],[-118.56180539938362,34.17956478489034],[-118.56180544284427,34.17955656891115],[-118.56197417354811,34.1795575159808],[-118.561974759596,34.17948241277641],[-118.5620013438401,34.179482564219626],[-118.5620017395283,34.1794333470526],[-118.56197551868422,34.17943319392102],[-118.56197557725844,34.1794270658491],[-118.56190286720032,34.17942666170744],[-118.56190239881481,34.17948475491973],[-118.5618795507505,34.17948464109161],[-118.56187999807007,34.17942825189698],[-118.56172766767587,34.179427393509556],[-118.56172759834632,34.1794367644876],[-118.56164215913812,34.179436281372816],[-118.56164170316042,34.17949140664036]]]},"properties":{"building_pk":33309,"building_key":"lariac:391753888176","source_tile":"r03-c03","source_tile_ids":["r03-c03"],"source_bld_id":"391753888176","height_m":5.176,"receiver_ids":[169788,169789,169790,169791,169792,169793,169794,169795,169796,169797,169798,169799,169800,169801,169802,169803,169804,169805,169806,169807,169808,169809,169810],"receiver_keys":["r03-c03:expanded-facade-max4m:33309:0:1","r03-c03:expanded-facade-max4m:33309:0:10","r03-c03:expanded-facade-max4m:33309:0:11","r03-c03:expanded-facade-max4m:33309:0:12","r03-c03:expanded-facade-max4m:33309:0:14","r03-c03:expanded-facade-max4m:33309:0:15","r03-c03:expanded-facade-max4m:33309:0:16","r03-c03:expanded-facade-max4m:33309:0:17","r03-c03:expanded-facade-max4m:33309:0:2","r03-c03:expanded-facade-max4m:33309:0:22","r03-c03:expanded-facade-max4m:33309:0:23","r03-c03:expanded-facade-max4m:33309:0:24","r03-c03:expanded-facade-max4m:33309:0:25","r03-c03:expanded-facade-max4m:33309:0:26","r03-c03:expanded-facade-max4m:33309:0:27","r03-c03:expanded-facade-max4m:33309:0:28","r03-c03:expanded-facade-max4m:33309:0:3","r03-c03:expanded-facade-max4m:33309:0:4","r03-c03:expanded-facade-max4m:33309:0:5","r03-c03:expanded-facade-max4m:33309:0:6","r03-c03:expanded-facade-max4m:33309:0:7","r03-c03:expanded-facade-max4m:33309:0:8","r03-c03:expanded-facade-max4m:33309:0:9"],"receiver_count":23,"periods":{"D":{"min":54.014744,"max":70.14577,"receiver_count":23,"unavailable_count":0},"E":{"min":51.796257,"max":67.927284,"receiver_count":23,"unavailable_count":0},"N":{"min":47.025043,"max":63.156067,"receiver_count":23,"unavailable_count":0}}}},{"type":"Feature","id":"lariac:391867886167","geometry":{"type":"Polygon","coordinates":[[[-118.56140252143659,34.173961406932946],[-118.56137485498678,34.17396233232638],[-118.56137558481619,34.17399217096893],[-118.56138060967085,34.173992092649634],[-118.56138052116563,34.173988768163746],[-118.56140316590783,34.17398838807497],[-118.56140252143659,34.173961406932946]]]},"properties":{"building_pk":33428,"building_key":"lariac:391867886167","source_tile":"r03-c03","source_tile_ids":["r03-c03"],"source_bld_id":"391867886167","height_m":2.438,"receiver_ids":[169983,169984,169985,169986],"receiver_keys":["r03-c03:expanded-facade-max4m:33428:0:1","r03-c03:expanded-facade-max4m:33428:0:2","r03-c03:expanded-facade-max4m:33428:0:3","r03-c03:expanded-facade-max4m:33428:0:4"],"receiver_count":4,"periods":{"D":{"min":80.66684,"max":81.681076,"receiver_count":4,"unavailable_count":0},"E":{"min":78.44836,"max":79.462585,"receiver_count":4,"unavailable_count":0},"N":{"min":73.67714,"max":74.691376,"receiver_count":4,"unavailable_count":0}}}},{"type":"Feature","id":"lariac:391735887004","geometry":{"type":"Polygon","coordinates":[[[-118.56186096905382,34.176289288644945],[-118.56186167546242,34.1762565854345],[-118.56182497221823,34.1762560139733],[-118.56182426579522,34.176288717183546],[-118.56186096905382,34.176289288644945]]]},"properties":{"building_pk":38658,"building_key":"lariac:391735887004","source_tile":"r03-c03","source_tile_ids":["r03-c03"],"source_bld_id":"391735887004","height_m":3.082,"receiver_ids":[172918,172919,172920],"receiver_keys":["r03-c03:expanded-facade-max4m:38658:0:2","r03-c03:expanded-facade-max4m:38658:0:3","r03-c03:expanded-facade-max4m:38658:0:4"],"receiver_count":3,"periods":{"D":{"min":68.1131,"max":68.884445,"receiver_count":3,"unavailable_count":0},"E":{"min":65.894615,"max":66.665955,"receiver_count":3,"unavailable_count":0},"N":{"min":61.123398,"max":61.894745,"receiver_count":3,"unavailable_count":0}}}},{"type":"Feature","id":"lariac:391361887917","geometry":{"type":"Polygon","coordinates":[[[-118.56307145907728,34.17881690602182],[-118.56311654316752,34.178815703516705],[-118.56311488644931,34.178736805324185],[-118.56306911028008,34.178738161608976],[-118.56306998854403,34.17876063573671],[-118.56304704677888,34.1787612365898],[-118.5630481280393,34.17878920558978],[-118.56307037558469,34.17878860706703],[-118.56307145907728,34.17881690602182]]]},"properties":{"building_pk":38717,"building_key":"lariac:391361887917","source_tile":"r03-c03","source_tile_ids":["r03-c03"],"source_bld_id":"391361887917","height_m":5.02,"receiver_ids":[173041,173042,173043,173044,173045,173046],"receiver_keys":["r03-c03:expanded-facade-max4m:38717:0:1","r03-c03:expanded-facade-max4m:38717:0:2","r03-c03:expanded-facade-max4m:38717:0:3","r03-c03:expanded-facade-max4m:38717:0:6","r03-c03:expanded-facade-max4m:38717:0:7","r03-c03:expanded-facade-max4m:38717:0:8"],"receiver_count":6,"periods":{"D":{"min":61.71545,"max":64.87828,"receiver_count":6,"unavailable_count":0},"E":{"min":59.496964,"max":62.65979,"receiver_count":6,"unavailable_count":0},"N":{"min":54.72575,"max":57.888577,"receiver_count":6,"unavailable_count":0}}}},{"type":"Feature","id":"lariac:390511888255","geometry":{"type":"Polygon","coordinates":[[[-118.56596847235589,34.179777959338075],[-118.56598783668069,34.17972258057379],[-118.56594484972162,34.179712202102934],[-118.56598706802198,34.179697028075935],[-118.56615051595266,34.17973314077309],[-118.56615326839282,34.17972455419602],[-118.56618959320409,34.179732599930375],[-118.56620924724567,34.179671174914674],[-118.5658962596752,34.17960201815445],[-118.5658484366143,34.17975142596025],[-118.56596847235589,34.179777959338075]]]},"properties":{"building_pk":38718,"building_key":"lariac:390511888255","source_tile":"r03-c03","source_tile_ids":["r03-c03"],"source_bld_id":"390511888255","height_m":6.017,"receiver_ids":[173047,173048,173049,173050,173051,173052,173053,173054,173055,173056,173057,173058,173059,173060,173061,173062,173063,173064,173065,173066,173067,173068,173069,173070],"receiver_keys":["r03-c03:expanded-facade-max4m:38718:0:1","r03-c03:expanded-facade-max4m:38718:0:10","r03-c03:expanded-facade-max4m:38718:0:11","r03-c03:expanded-facade-max4m:38718:0:12","r03-c03:expanded-facade-max4m:38718:0:13","r03-c03:expanded-facade-max4m:38718:0:14","r03-c03:expanded-facade-max4m:38718:0:15","r03-c03:expanded-facade-max4m:38718:0:16","r03-c03:expanded-facade-max4m:38718:0:17","r03-c03:expanded-facade-max4m:38718:0:18","r03-c03:expanded-facade-max4m:38718:0:19","r03-c03:expanded-facade-max4m:38718:0:2","r03-c03:expanded-facade-max4m:38718:0:20","r03-c03:expanded-facade-max4m:38718:0:21","r03-c03:expanded-facade-max4m:38718:0:22","r03-c03:expanded-facade-max4m:38718:0:23","r03-c03:expanded-facade-max4m:38718:0:24","r03-c03:expanded-facade-max4m:38718:0:25","r03-c03:expanded-facade-max4m:38718:0:26","r03-c03:expanded-facade-max4m:38718:0:5","r03-c03:expanded-facade-max4m:38718:0:6","r03-c03:expanded-facade-max4m:38718:0:7","r03-c03:expanded-facade-max4m:38718:0:8","r03-c03:expanded-facade-max4m:38718:0:9"],"receiver_count":24,"periods":{"D":{"min":51.250515,"max":69.87174,"receiver_count":24,"unavailable_count":0},"E":{"min":49.03203,"max":67.65326,"receiver_count":24,"unavailable_count":0},"N":{"min":44.260815,"max":62.882046,"receiver_count":24,"unavailable_count":0}}}},{"type":"Feature","id":"lariac:391503886538","geometry":{"type":"Polygon","coordinates":[[[-118.56265807621388,34.17490079926596],[-118.56252398942166,34.17490257700149],[-118.56252491759587,34.174952145023475],[-118.56254075287245,34.17495193433219],[-118.56254196648388,34.17501425067217],[-118.56251505616821,34.175014595819086],[-118.56251618454233,34.17507408260679],[-118.56262015426907,34.175072719964604],[-118.56261995400003,34.175062471233986],[-118.56267059982443,34.17506179565863],[-118.56266984226046,34.17502291645968],[-118.56266038773241,34.175023043389054],[-118.56265807621388,34.17490079926596]]]},"properties":{"building_pk":38732,"building_key":"lariac:391503886538","source_tile":"r03-c03","source_tile_ids":["r03-c03"],"source_bld_id":"391503886538","height_m":5.511,"receiver_ids":[173139,173140,173141,173142,173143,173144,173145,173146,173147,173148,173149,173150,173151,173152,173153,173154,173155,173156],"receiver_keys":["r03-c03:expanded-facade-max4m:38732:0:1","r03-c03:expanded-facade-max4m:38732:0:10","r03-c03:expanded-facade-max4m:38732:0:11","r03-c03:expanded-facade-max4m:38732:0:12","r03-c03:expanded-facade-max4m:38732:0:13","r03-c03:expanded-facade-max4m:38732:0:14","r03-c03:expanded-facade-max4m:38732:0:15","r03-c03:expanded-facade-max4m:38732:0:16","r03-c03:expanded-facade-max4m:38732:0:17","r03-c03:expanded-facade-max4m:38732:0:18","r03-c03:expanded-facade-max4m:38732:0:2","r03-c03:expanded-facade-max4m:38732:0:3","r03-c03:expanded-facade-max4m:38732:0:4","r03-c03:expanded-facade-max4m:38732:0:5","r03-c03:expanded-facade-max4m:38732:0:6","r03-c03:expanded-facade-max4m:38732:0:7","r03-c03:expanded-facade-max4m:38732:0:8","r03-c03:expanded-facade-max4m:38732:0:9"],"receiver_count":18,"periods":{"D":{"min":64.51209,"max":72.0004,"receiver_count":18,"unavailable_count":0},"E":{"min":62.293606,"max":69.78191,"receiver_count":18,"unavailable_count":0},"N":{"min":57.522392,"max":65.0107,"receiver_count":18,"unavailable_count":0}}}},{"type":"Feature","id":"lariac:391472886292","geometry":{"type":"Polygon","coordinates":[[[-118.56266259090708,34.17436837010991],[-118.56267214462406,34.17436832566064],[-118.56267187710301,34.17433842897697],[-118.56278299359896,34.17433780195688],[-118.56278257241186,34.17428509961086],[-118.56273929583277,34.17428535598565],[-118.5627392762127,34.17428244318589],[-118.56272433281775,34.17428251271895],[-118.56272395293513,34.17423593707884],[-118.56258050407001,34.174236741501204],[-118.56258090607948,34.17428661488922],[-118.56260378467815,34.174286480511284],[-118.56260387831091,34.17430038460026],[-118.56259786060221,34.1743004125947],[-118.5625984805482,34.174377654064095],[-118.5625922643404,34.174377682981685],[-118.5625921879446,34.17437117057786],[-118.56252031416332,34.17437155990313],[-118.56252081197219,34.17443566643391],[-118.56259546254958,34.1744352641911],[-118.56259534674113,34.17442289914217],[-118.56266302074604,34.174422529312096],[-118.56266259090708,34.17436837010991]]]},"properties":{"building_pk":38734,"building_key":"lariac:391472886292","source_tile":"r03-c03","source_tile_ids":["r03-c03"],"source_bld_id":"391472886292","height_m":4.935,"receiver_ids":[173157,173158,173159,173160,173161,173162,173163,173164,173165,173166,173167,173168,173169,173170,173171,173172,173173,173174,173175,173176],"receiver_keys":["r03-c03:expanded-facade-max4m:38734:0:1","r03-c03:expanded-facade-max4m:38734:0:12","r03-c03:expanded-facade-max4m:38734:0:13","r03-c03:expanded-facade-max4m:38734:0:14","r03-c03:expanded-facade-max4m:38734:0:15","r03-c03:expanded-facade-max4m:38734:0:16","r03-c03:expanded-facade-max4m:38734:0:17","r03-c03:expanded-facade-max4m:38734:0:18","r03-c03:expanded-facade-max4m:38734:0:19","r03-c03:expanded-facade-max4m:38734:0:2","r03-c03:expanded-facade-max4m:38734:0:20","r03-c03:expanded-facade-max4m:38734:0:21","r03-c03:expanded-facade-max4m:38734:0:23","r03-c03:expanded-facade-max4m:38734:0:24","r03-c03:expanded-facade-max4m:38734:0:25","r03-c03:expanded-facade-max4m:38734:0:3","r03-c03:expanded-facade-max4m:38734:0:4","r03-c03:expanded-facade-max4m:38734:0:5","r03-c03:expanded-facade-max4m:38734:0:6","r03-c03:expanded-facade-max4m:38734:0:8"],"receiver_count":20,"periods":{"D":{"min":67.258026,"max":75.974754,"receiver_count":20,"unavailable_count":0},"E":{"min":65.03954,"max":73.75627,"receiver_count":20,"unavailable_count":0},"N":{"min":60.26833,"max":68.985054,"receiver_count":20,"unavailable_count":0}}}},{"type":"Feature","id":"lariac:391465887504","geometry":{"type":"Polygon","coordinates":[[[-118.5627284861228,34.17763692147784],[-118.56272843390397,34.177644950878594],[-118.56278914011526,34.17764524539317],[-118.5627891920684,34.177636855375674],[-118.5627284861228,34.17763692147784]]]},"properties":{"building_pk":38746,"building_key":"lariac:391465887504","source_tile":"r03-c03","source_tile_ids":["r03-c03"],"source_bld_id":"391465887504","height_m":3.904,"receiver_ids":[173203,173204],"receiver_keys":["r03-c03:expanded-facade-max4m:38746:0:3","r03-c03:expanded-facade-max4m:38746:0:4"],"receiver_count":2,"periods":{"D":{"min":63.94423,"max":64.699844,"receiver_count":2,"unavailable_count":0},"E":{"min":61.725742,"max":62.481354,"receiver_count":2,"unavailable_count":0},"N":{"min":56.95453,"max":57.710144,"receiver_count":2,"unavailable_count":0}}}},{"type":"Feature","id":"lariac:391514886920","geometry":{"type":"Polygon","coordinates":[[[-118.5627948630262,34.17609976456485],[-118.56279432081668,34.17603409135482],[-118.56262306550457,34.176035081103706],[-118.56262294767618,34.17602257812758],[-118.56268040741284,34.17602225581125],[-118.56268024254659,34.176002609213334],[-118.56283946467505,34.17600173128068],[-118.56283884799014,34.17592484770813],[-118.56263985337453,34.17592599271921],[-118.56263982135958,34.17592123902264],[-118.56256711990412,34.175921660167994],[-118.56256719077356,34.1759321844718],[-118.56252421162864,34.17593243938211],[-118.56252451316429,34.175972227657205],[-118.56251644654826,34.17597229222344],[-118.56251679931086,34.17601485611659],[-118.56249458170834,34.176014959453575],[-118.56249494722508,34.17605941923609],[-118.56251713102596,34.17605928810842],[-118.56251746991283,34.17609979113483],[-118.56261731470784,34.17609924375096],[-118.56261735761206,34.17610078248827],[-118.5627948630262,34.17609976456485]]]},"properties":{"building_pk":38888,"building_key":"lariac:391514886920","source_tile":"r03-c03","source_tile_ids":["r03-c03"],"source_bld_id":"391514886920","height_m":6.617,"receiver_ids":[173345,173346,173347,173348,173349,173350,173351,173352,173353,173354,173355,173356,173357,173358,173359,173360,173361,173362,173363,173364,173365,173366,173367,173368,173369,173370],"receiver_keys":["r03-c03:expanded-facade-max4m:38888:0:1","r03-c03:expanded-facade-max4m:38888:0:10","r03-c03:expanded-facade-max4m:38888:0:11","r03-c03:expanded-facade-max4m:38888:0:12","r03-c03:expanded-facade-max4m:38888:0:13","r03-c03:expanded-facade-max4m:38888:0:14","r03-c03:expanded-facade-max4m:38888:0:15","r03-c03:expanded-facade-max4m:38888:0:16","r03-c03:expanded-facade-max4m:38888:0:17","r03-c03:expanded-facade-max4m:38888:0:18","r03-c03:expanded-facade-max4m:38888:0:19","r03-c03:expanded-facade-max4m:38888:0:2","r03-c03:expanded-facade-max4m:38888:0:20","r03-c03:expanded-facade-max4m:38888:0:22","r03-c03:expanded-facade-max4m:38888:0:23","r03-c03:expanded-facade-max4m:38888:0:24","r03-c03:expanded-facade-max4m:38888:0:25","r03-c03:expanded-facade-max4m:38888:0:26","r03-c03:expanded-facade-max4m:38888:0:28","r03-c03:expanded-facade-max4m:38888:0:29","r03-c03:expanded-facade-max4m:38888:0:3","r03-c03:expanded-facade-max4m:38888:0:30","r03-c03:expanded-facade-max4m:38888:0:31","r03-c03:expanded-facade-max4m:38888:0:32","r03-c03:expanded-facade-max4m:38888:0:4","r03-c03:expanded-facade-max4m:38888:0:9"],"receiver_count":26,"periods":{"D":{"min":53.38873,"max":71.33901,"receiver_count":26,"unavailable_count":0},"E":{"min":51.170242,"max":69.12052,"receiver_count":26,"unavailable_count":0},"N":{"min":46.39903,"max":64.34931,"receiver_count":26,"unavailable_count":0}}}},{"type":"Feature","id":"lariac:391299886447","geometry":{"type":"Polygon","coordinates":[[[-118.56340054633695,34.174773356830556],[-118.56340047756196,34.174709275347645],[-118.56318475106804,34.174709456127516],[-118.56318481948918,34.17477350966352],[-118.56340054633695,34.174773356830556]]]},"properties":{"building_pk":39259,"building_key":"lariac:391299886447","source_tile":"r03-c03","source_tile_ids":["r03-c03"],"source_bld_id":"391299886447","height_m":4.063,"receiver_ids":[173745,173746,173747,173748,173749,173750,173751,173752],"receiver_keys":["r03-c03:expanded-facade-max4m:39259:0:10","r03-c03:expanded-facade-max4m:39259:0:11","r03-c03:expanded-facade-max4m:39259:0:12","r03-c03:expanded-facade-max4m:39259:0:5","r03-c03:expanded-facade-max4m:39259:0:6","r03-c03:expanded-facade-max4m:39259:0:7","r03-c03:expanded-facade-max4m:39259:0:8","r03-c03:expanded-facade-max4m:39259:0:9"],"receiver_count":8,"periods":{"D":{"min":72.34057,"max":74.08656,"receiver_count":8,"unavailable_count":0},"E":{"min":70.122086,"max":71.86807,"receiver_count":8,"unavailable_count":0},"N":{"min":65.350876,"max":67.09686,"receiver_count":8,"unavailable_count":0}}}},{"type":"Feature","id":"lariac:391495886150","geometry":{"type":"Polygon","coordinates":[[[-118.56277450217328,34.17393131511115],[-118.56273833788337,34.17384860619008],[-118.56271827719029,34.1738546632528],[-118.56270575287125,34.1738260875654],[-118.56268470283905,34.17383245124339],[-118.56268329245616,34.17382918790278],[-118.56258896133109,34.17385770988094],[-118.5625915469913,34.17386363362311],[-118.56252565818967,34.17388356043537],[-118.56251501321981,34.173859262831996],[-118.56251322502892,34.17384902148744],[-118.56246364471222,34.17385559986736],[-118.56246469154485,34.17385883785502],[-118.5624668309444,34.17387710131497],[-118.56246678877751,34.173900321697104],[-118.5624633435099,34.17391896814259],[-118.56245765668805,34.17392866726467],[-118.56251032049848,34.17391350175639],[-118.56251136233197,34.17391599689406],[-118.56250326324401,34.1739210363352],[-118.56249959167002,34.17392572431573],[-118.5624981726644,34.17393100675557],[-118.56249901753743,34.17393872455651],[-118.56250398772093,34.17394518715194],[-118.56250851063993,34.173949177988746],[-118.56251672177783,34.17395095280273],[-118.56252649553903,34.173949121381135],[-118.56255118937787,34.1740025636837],[-118.56277450217328,34.17393131511115]]]},"properties":{"building_pk":39828,"building_key":"lariac:391495886150","source_tile":"r03-c03","source_tile_ids":["r03-c03"],"source_bld_id":"391495886150","height_m":5.313,"receiver_ids":[174402,174403,174404,174405,174406,174407,174408,174409,174410,174411,174412,174413,174414,174415,174416,174417,174418,174419,174420,174421],"receiver_keys":["r03-c03:expanded-facade-max4m:39828:0:1","r03-c03:expanded-facade-max4m:39828:0:10","r03-c03:expanded-facade-max4m:39828:0:11","r03-c03:expanded-facade-max4m:39828:0:12","r03-c03:expanded-facade-max4m:39828:0:13","r03-c03:expanded-facade-max4m:39828:0:16","r03-c03:expanded-facade-max4m:39828:0:17","r03-c03:expanded-facade-max4m:39828:0:18","r03-c03:expanded-facade-max4m:39828:0:19","r03-c03:expanded-facade-max4m:39828:0:2","r03-c03:expanded-facade-max4m:39828:0:20","r03-c03:expanded-facade-max4m:39828:0:21","r03-c03:expanded-facade-max4m:39828:0:22","r03-c03:expanded-facade-max4m:39828:0:23","r03-c03:expanded-facade-max4m:39828:0:3","r03-c03:expanded-facade-max4m:39828:0:4","r03-c03:expanded-facade-max4m:39828:0:5","r03-c03:expanded-facade-max4m:39828:0:6","r03-c03:expanded-facade-max4m:39828:0:7","r03-c03:expanded-facade-max4m:39828:0:8"],"receiver_count":20,"periods":{"D":{"min":71.527016,"max":81.350006,"receiver_count":20,"unavailable_count":0},"E":{"min":69.308525,"max":79.131516,"receiver_count":20,"unavailable_count":0},"N":{"min":64.537315,"max":74.360306,"receiver_count":20,"unavailable_count":0}}}},{"type":"Feature","id":"lariac:390819887992","geometry":{"type":"Polygon","coordinates":[[[-118.5649016689657,34.178980967612006],[-118.56490099113115,34.17895885047239],[-118.56486981646559,34.17895951807264],[-118.56487049519372,34.17898160816189],[-118.5649016689657,34.178980967612006]]]},"properties":{"building_pk":40000,"building_key":"lariac:390819887992","source_tile":"r03-c03","source_tile_ids":["r03-c03"],"source_bld_id":"390819887992","height_m":3.981,"receiver_ids":[174688,174689,174690,174691],"receiver_keys":["r03-c03:expanded-facade-max4m:40000:0:1","r03-c03:expanded-facade-max4m:40000:0:2","r03-c03:expanded-facade-max4m:40000:0:3","r03-c03:expanded-facade-max4m:40000:0:4"],"receiver_count":4,"periods":{"D":{"min":65.46917,"max":67.028625,"receiver_count":4,"unavailable_count":0},"E":{"min":63.250687,"max":64.810135,"receiver_count":4,"unavailable_count":0},"N":{"min":58.479473,"max":60.038925,"receiver_count":4,"unavailable_count":0}}}},{"type":"Feature","id":"lariac:391379886398","geometry":{"type":"Polygon","coordinates":[[[-118.56294706794279,34.17462092575194],[-118.56306192003437,34.17462022609438],[-118.56306153038909,34.17457705833892],[-118.56306381144225,34.17457704771875],[-118.56306338014839,34.17452786144439],[-118.56294568527508,34.17452857433665],[-118.56294597659209,34.17456198783555],[-118.56291328078788,34.17456219501954],[-118.56291360430431,34.17460038926049],[-118.56294686325381,34.17460020740303],[-118.56294706794279,34.17462092575194]]]},"properties":{"building_pk":40472,"building_key":"lariac:391379886398","source_tile":"r03-c03","source_tile_ids":["r03-c03"],"source_bld_id":"391379886398","height_m":7.833,"receiver_ids":[175262,175263,175264,175265,175266,175267,175268,175269,175270,175271,175272],"receiver_keys":["r03-c03:expanded-facade-max4m:40472:0:1","r03-c03:expanded-facade-max4m:40472:0:11","r03-c03:expanded-facade-max4m:40472:0:12","r03-c03:expanded-facade-max4m:40472:0:2","r03-c03:expanded-facade-max4m:40472:0:3","r03-c03:expanded-facade-max4m:40472:0:4","r03-c03:expanded-facade-max4m:40472:0:5","r03-c03:expanded-facade-max4m:40472:0:6","r03-c03:expanded-facade-max4m:40472:0:7","r03-c03:expanded-facade-max4m:40472:0:8","r03-c03:expanded-facade-max4m:40472:0:9"],"receiver_count":11,"periods":{"D":{"min":66.3238,"max":76.35417,"receiver_count":11,"unavailable_count":0},"E":{"min":64.10531,"max":74.13569,"receiver_count":11,"unavailable_count":0},"N":{"min":59.334095,"max":69.36447,"receiver_count":11,"unavailable_count":0}}}},{"type":"Feature","id":"lariac:390335888137","geometry":{"type":"Polygon","coordinates":[[[-118.56643958203698,34.17940973108197],[-118.56653688565565,34.179409303272124],[-118.56653620251166,34.17929881221719],[-118.56643889883829,34.17929921298104],[-118.56643958203698,34.17940973108197]]]},"properties":{"building_pk":40518,"building_key":"lariac:390335888137","source_tile":"r03-c03","source_tile_ids":["r03-c03"],"source_bld_id":"390335888137","height_m":5.709,"receiver_ids":[175302,175303,175304,175305,175306,175307,175308,175309,175310,175311,175312],"receiver_keys":["r03-c03:expanded-facade-max4m:40518:0:1","r03-c03:expanded-facade-max4m:40518:0:10","r03-c03:expanded-facade-max4m:40518:0:11","r03-c03:expanded-facade-max4m:40518:0:2","r03-c03:expanded-facade-max4m:40518:0:3","r03-c03:expanded-facade-max4m:40518:0:4","r03-c03:expanded-facade-max4m:40518:0:5","r03-c03:expanded-facade-max4m:40518:0:6","r03-c03:expanded-facade-max4m:40518:0:7","r03-c03:expanded-facade-max4m:40518:0:8","r03-c03:expanded-facade-max4m:40518:0:9"],"receiver_count":11,"periods":{"D":{"min":64.40478,"max":67.89834,"receiver_count":11,"unavailable_count":0},"E":{"min":62.18629,"max":65.67985,"receiver_count":11,"unavailable_count":0},"N":{"min":57.415077,"max":60.908638,"receiver_count":11,"unavailable_count":0}}}},{"type":"Feature","id":"lariac:390818887865","geometry":{"type":"Polygon","coordinates":[[[-118.5648816996648,34.17870231221574],[-118.56494410275002,34.178689545159706],[-118.56493885868367,34.17867184618422],[-118.56495546603118,34.17866844371085],[-118.56492281326702,34.1785579920027],[-118.5649031014181,34.1785620418568],[-118.56489670665032,34.17854036252431],[-118.56483737348665,34.178552483236075],[-118.5648816996648,34.17870231221574]]]},"properties":{"building_pk":40550,"building_key":"lariac:390818887865","source_tile":"r03-c03","source_tile_ids":["r03-c03"],"source_bld_id":"390818887865","height_m":6.84,"receiver_ids":[175327,175328,175329,175330,175331,175332,175333,175334,175335,175336,175337],"receiver_keys":["r03-c03:expanded-facade-max4m:40550:0:1","r03-c03:expanded-facade-max4m:40550:0:10","r03-c03:expanded-facade-max4m:40550:0:11","r03-c03:expanded-facade-max4m:40550:0:12","r03-c03:expanded-facade-max4m:40550:0:13","r03-c03:expanded-facade-max4m:40550:0:2","r03-c03:expanded-facade-max4m:40550:0:3","r03-c03:expanded-facade-max4m:40550:0:4","r03-c03:expanded-facade-max4m:40550:0:5","r03-c03:expanded-facade-max4m:40550:0:6","r03-c03:expanded-facade-max4m:40550:0:8"],"receiver_count":11,"periods":{"D":{"min":58.38373,"max":66.54215,"receiver_count":11,"unavailable_count":0},"E":{"min":56.165245,"max":64.32367,"receiver_count":11,"unavailable_count":0},"N":{"min":51.39403,"max":59.552456,"receiver_count":11,"unavailable_count":0}}}},{"type":"Feature","id":"lariac:391397887039","geometry":{"type":"Polygon","coordinates":[[[-118.56294518697173,34.17638278648652],[-118.56297757961896,34.17638159171382],[-118.56297546270336,34.17634222389519],[-118.56294307007748,34.1763434195689],[-118.56294518697173,34.17638278648652]]]},"properties":{"building_pk":40593,"building_key":"lariac:391397887039","source_tile":"r03-c03","source_tile_ids":["r03-c03"],"source_bld_id":"391397887039","height_m":3.252,"receiver_ids":[175361,175362,175363,175364],"receiver_keys":["r03-c03:expanded-facade-max4m:40593:0:1","r03-c03:expanded-facade-max4m:40593:0:2","r03-c03:expanded-facade-max4m:40593:0:3","r03-c03:expanded-facade-max4m:40593:0:4"],"receiver_count":4,"periods":{"D":{"min":68.406685,"max":69.40306,"receiver_count":4,"unavailable_count":0},"E":{"min":66.188194,"max":67.18457,"receiver_count":4,"unavailable_count":0},"N":{"min":61.416985,"max":62.41336,"receiver_count":4,"unavailable_count":0}}}},{"type":"Feature","id":"lariac:2014121117260000","geometry":{"type":"Polygon","coordinates":[[[-118.56140657933658,34.178866865906954],[-118.56140767107927,34.1788099571394],[-118.56132221079102,34.17880882388568],[-118.56132111899619,34.17886573355398],[-118.56140657933658,34.178866865906954]]]},"properties":{"building_pk":41373,"building_key":"lariac:2014121117260000","source_tile":"r03-c03","source_tile_ids":["r03-c03"],"source_bld_id":"2014121117260000","height_m":3.804,"receiver_ids":[176202,176203,176204,176205,176206,176207,176208,176209],"receiver_keys":["r03-c03:expanded-facade-max4m:41373:0:1","r03-c03:expanded-facade-max4m:41373:0:2","r03-c03:expanded-facade-max4m:41373:0:3","r03-c03:expanded-facade-max4m:41373:0:4","r03-c03:expanded-facade-max4m:41373:0:5","r03-c03:expanded-facade-max4m:41373:0:6","r03-c03:expanded-facade-max4m:41373:0:7","r03-c03:expanded-facade-max4m:41373:0:8"],"receiver_count":8,"periods":{"D":{"min":64.972855,"max":66.89545,"receiver_count":8,"unavailable_count":0},"E":{"min":62.75437,"max":64.676956,"receiver_count":8,"unavailable_count":0},"N":{"min":57.98316,"max":59.905746,"receiver_count":8,"unavailable_count":0}}}},{"type":"Feature","id":"lariac:201700285849","geometry":{"type":"Polygon","coordinates":[[[-118.56301107631239,34.17612348038003],[-118.56306839480001,34.176124561340814],[-118.56306994867539,34.176067671138384],[-118.56305371161534,34.176067365380206],[-118.56305393278811,34.17605930183557],[-118.56301329728218,34.17605853537651],[-118.56301316145624,34.17606348999737],[-118.56298887909317,34.176063032359366],[-118.56298740611776,34.17611696601863],[-118.56301124262363,34.17611741581559],[-118.56301107631239,34.17612348038003]]]},"properties":{"building_pk":41706,"building_key":"lariac:201700285849","source_tile":"r03-c03","source_tile_ids":["r03-c03"],"source_bld_id":"201700285849","height_m":2.819,"receiver_ids":[176500,176501,176502,176503,176504,176505,176506,176507],"receiver_keys":["r03-c03:expanded-facade-max4m:41706:0:1","r03-c03:expanded-facade-max4m:41706:0:2","r03-c03:expanded-facade-max4m:41706:0:3","r03-c03:expanded-facade-max4m:41706:0:4","r03-c03:expanded-facade-max4m:41706:0:5","r03-c03:expanded-facade-max4m:41706:0:6","r03-c03:expanded-facade-max4m:41706:0:7","r03-c03:expanded-facade-max4m:41706:0:8"],"receiver_count":8,"periods":{"D":{"min":69.1108,"max":71.162506,"receiver_count":8,"unavailable_count":0},"E":{"min":66.89231,"max":68.944016,"receiver_count":8,"unavailable_count":0},"N":{"min":62.121098,"max":64.172806,"receiver_count":8,"unavailable_count":0}}}},{"type":"Feature","id":"lariac:391423887764","geometry":{"type":"Polygon","coordinates":[[[-118.56281046189689,34.178317175686765],[-118.56281053532271,34.1783230831681],[-118.56280078175429,34.17832315650403],[-118.56280119258949,34.17835467349958],[-118.56281114448232,34.178354572194365],[-118.56281166116439,34.17839696944139],[-118.56284336648672,34.178396684860786],[-118.56284352466737,34.1784103416267],[-118.56290392758021,34.17840981258418],[-118.56290378235262,34.17839807965463],[-118.56297036795449,34.17839749475639],[-118.56296932172057,34.17831580434157],[-118.56281046189689,34.178317175686765]]]},"properties":{"building_pk":46207,"building_key":"lariac:391423887764","source_tile":"r03-c03","source_tile_ids":["r03-c03"],"source_bld_id":"391423887764","height_m":9.156,"receiver_ids":[178305,178306,178307,178308,178309,178310,178311,178312],"receiver_keys":["r03-c03:expanded-facade-max4m:46207:0:10","r03-c03:expanded-facade-max4m:46207:0:11","r03-c03:expanded-facade-max4m:46207:0:12","r03-c03:expanded-facade-max4m:46207:0:13","r03-c03:expanded-facade-max4m:46207:0:5","r03-c03:expanded-facade-max4m:46207:0:7","r03-c03:expanded-facade-max4m:46207:0:8","r03-c03:expanded-facade-max4m:46207:0:9"],"receiver_count":8,"periods":{"D":{"min":55.583027,"max":66.82163,"receiver_count":8,"unavailable_count":0},"E":{"min":53.36454,"max":64.60314,"receiver_count":8,"unavailable_count":0},"N":{"min":48.593327,"max":59.831932,"receiver_count":8,"unavailable_count":0}}}},{"type":"Feature","id":"lariac:391350888193","geometry":{"type":"Polygon","coordinates":[[[-118.56316818047807,34.17950516559899],[-118.56316845781811,34.17948741198855],[-118.5631024577931,34.17948664825909],[-118.56310214680627,34.17950440112437],[-118.56309583203239,34.179504347582885],[-118.56309480139902,34.179567417244044],[-118.56317472314224,34.17956830908342],[-118.56317575281903,34.17950526737359],[-118.56316818047807,34.17950516559899]]]},"properties":{"building_pk":46230,"building_key":"lariac:391350888193","source_tile":"r03-c03","source_tile_ids":["r03-c03"],"source_bld_id":"391350888193","height_m":5.468,"receiver_ids":[178357,178358,178359,178360,178361,178362,178363,178364,178365],"receiver_keys":["r03-c03:expanded-facade-max4m:46230:0:1","r03-c03:expanded-facade-max4m:46230:0:2","r03-c03:expanded-facade-max4m:46230:0:3","r03-c03:expanded-facade-max4m:46230:0:4","r03-c03:expanded-facade-max4m:46230:0:5","r03-c03:expanded-facade-max4m:46230:0:6","r03-c03:expanded-facade-max4m:46230:0:7","r03-c03:expanded-facade-max4m:46230:0:8","r03-c03:expanded-facade-max4m:46230:0:9"],"receiver_count":9,"periods":{"D":{"min":60.166252,"max":69.016785,"receiver_count":9,"unavailable_count":0},"E":{"min":57.947765,"max":66.798294,"receiver_count":9,"unavailable_count":0},"N":{"min":53.17655,"max":62.027084,"receiver_count":9,"unavailable_count":0}}}},{"type":"Feature","id":"lariac:391738886180","geometry":{"type":"Polygon","coordinates":[[[-118.56199952641586,34.17395852409977],[-118.56192751825128,34.17395855578565],[-118.56192752803842,34.17397468617799],[-118.56187367109355,34.17397471643347],[-118.56187364819249,34.173966472815124],[-118.56179056529473,34.173966501779645],[-118.56179053055841,34.173961336089896],[-118.56172364759001,34.17396137179387],[-118.56172365054653,34.17396681260237],[-118.56164803914538,34.173966861759496],[-118.5616480308362,34.173960624010384],[-118.56156048457497,34.173960673545345],[-118.56156050923012,34.1739890315189],[-118.56155340127961,34.17398903747759],[-118.56155345889044,34.174086202991596],[-118.56156129466216,34.17408619455492],[-118.56156128903629,34.17410504497885],[-118.5616687058973,34.1741049861024],[-118.56166867207085,34.17404590533128],[-118.56182895338308,34.17404582075807],[-118.5618290017228,34.174102042664046],[-118.56199963117064,34.1741019647852],[-118.56199952641586,34.17395852409977]]]},"properties":{"building_pk":46632,"building_key":"lariac:391738886180","source_tile":"r03-c03","source_tile_ids":["r03-c03"],"source_bld_id":"391738886180","height_m":8.592,"receiver_ids":[178787,178788,178789,178790,178791,178792,178793,178794,178795,178796,178797,178798,178799,178800,178801,178802,178803,178804,178805,178806,178807,178808,178809,178810,178811,178812,178813,178814,178815,178816,178817,178818],"receiver_keys":["r03-c03:expanded-facade-max4m:46632:0:1","r03-c03:expanded-facade-max4m:46632:0:10","r03-c03:expanded-facade-max4m:46632:0:11","r03-c03:expanded-facade-max4m:46632:0:12","r03-c03:expanded-facade-max4m:46632:0:13","r03-c03:expanded-facade-max4m:46632:0:14","r03-c03:expanded-facade-max4m:46632:0:15","r03-c03:expanded-facade-max4m:46632:0:16","r03-c03:expanded-facade-max4m:46632:0:17","r03-c03:expanded-facade-max4m:46632:0:18","r03-c03:expanded-facade-max4m:46632:0:19","r03-c03:expanded-facade-max4m:46632:0:2","r03-c03:expanded-facade-max4m:46632:0:20","r03-c03:expanded-facade-max4m:46632:0:21","r03-c03:expanded-facade-max4m:46632:0:22","r03-c03:expanded-facade-max4m:46632:0:23","r03-c03:expanded-facade-max4m:46632:0:24","r03-c03:expanded-facade-max4m:46632:0:25","r03-c03:expanded-facade-max4m:46632:0:26","r03-c03:expanded-facade-max4m:46632:0:27","r03-c03:expanded-facade-max4m:46632:0:28","r03-c03:expanded-facade-max4m:46632:0:29","r03-c03:expanded-facade-max4m:46632:0:3","r03-c03:expanded-facade-max4m:46632:0:30","r03-c03:expanded-facade-max4m:46632:0:31","r03-c03:expanded-facade-max4m:46632:0:32","r03-c03:expanded-facade-max4m:46632:0:33","r03-c03:expanded-facade-max4m:46632:0:5","r03-c03:expanded-facade-max4m:46632:0:6","r03-c03:expanded-facade-max4m:46632:0:7","r03-c03:expanded-facade-max4m:46632:0:8","r03-c03:expanded-facade-max4m:46632:0:9"],"receiver_count":32,"periods":{"D":{"min":58.820374,"max":81.3494,"receiver_count":32,"unavailable_count":0},"E":{"min":56.601887,"max":79.13092,"receiver_count":32,"unavailable_count":0},"N":{"min":51.830673,"max":74.35971,"receiver_count":32,"unavailable_count":0}}}},{"type":"Feature","id":"lariac:391455887040","geometry":{"type":"Polygon","coordinates":[[[-118.56280662589988,34.17639315904175],[-118.56280657416205,34.17634136102772],[-118.56271836411666,34.17634146947243],[-118.56271844878002,34.17640299500108],[-118.56274344384445,34.176402960740305],[-118.56274341067916,34.176393206180244],[-118.56280662589988,34.17639315904175]]]},"properties":{"building_pk":46761,"building_key":"lariac:391455887040","source_tile":"r03-c03","source_tile_ids":["r03-c03"],"source_bld_id":"391455887040","height_m":5.264,"receiver_ids":[179002,179003,179004,179005,179006,179007,179008],"receiver_keys":["r03-c03:expanded-facade-max4m:46761:0:1","r03-c03:expanded-facade-max4m:46761:0:2","r03-c03:expanded-facade-max4m:46761:0:3","r03-c03:expanded-facade-max4m:46761:0:4","r03-c03:expanded-facade-max4m:46761:0:5","r03-c03:expanded-facade-max4m:46761:0:6","r03-c03:expanded-facade-max4m:46761:0:8"],"receiver_count":7,"periods":{"D":{"min":60.589985,"max":68.10089,"receiver_count":7,"unavailable_count":0},"E":{"min":58.371494,"max":65.8824,"receiver_count":7,"unavailable_count":0},"N":{"min":53.600285,"max":61.11119,"receiver_count":7,"unavailable_count":0}}}},{"type":"Feature","id":"lariac:391439887356","geometry":{"type":"Polygon","coordinates":[[[-118.5628378319775,34.17721697615753],[-118.56280616517435,34.17721792049028],[-118.56280773566834,34.177254762923205],[-118.56283940375235,34.177253845630425],[-118.5628378319775,34.17721697615753]]]},"properties":{"building_pk":46961,"building_key":"lariac:391439887356","source_tile":"r03-c03","source_tile_ids":["r03-c03"],"source_bld_id":"391439887356","height_m":3.557,"receiver_ids":[179166,179167,179168],"receiver_keys":["r03-c03:expanded-facade-max4m:46961:0:1","r03-c03:expanded-facade-max4m:46961:0:3","r03-c03:expanded-facade-max4m:46961:0:4"],"receiver_count":3,"periods":{"D":{"min":63.037212,"max":63.82544,"receiver_count":3,"unavailable_count":0},"E":{"min":60.818726,"max":61.606953,"receiver_count":3,"unavailable_count":0},"N":{"min":56.047512,"max":56.83574,"receiver_count":3,"unavailable_count":0}}}},{"type":"Feature","id":"lariac:390877887972","geometry":{"type":"Polygon","coordinates":[[[-118.56471625685182,34.17890379305838],[-118.56467136247828,34.17890466170237],[-118.56467217905147,34.178932548984115],[-118.56471704089827,34.17893168049173],[-118.56471625685182,34.17890379305838]]]},"properties":{"building_pk":47440,"building_key":"lariac:390877887972","source_tile":"r03-c03","source_tile_ids":["r03-c03"],"source_bld_id":"390877887972","height_m":3.792,"receiver_ids":[179686,179687],"receiver_keys":["r03-c03:expanded-facade-max4m:47440:0:1","r03-c03:expanded-facade-max4m:47440:0:4"],"receiver_count":2,"periods":{"D":{"min":64.49453,"max":65.80227,"receiver_count":2,"unavailable_count":0},"E":{"min":62.27604,"max":63.58378,"receiver_count":2,"unavailable_count":0},"N":{"min":57.504826,"max":58.81257,"receiver_count":2,"unavailable_count":0}}}},{"type":"Feature","id":"lariac:390358887868","geometry":{"type":"Polygon","coordinates":[[[-118.56637005539618,34.17867566806908],[-118.56644842344427,34.17867551020947],[-118.56644811882249,34.17863538386938],[-118.56648706564978,34.17863520145235],[-118.56648681605142,34.17859343404272],[-118.56644049514567,34.17859362395029],[-118.56644035065409,34.17856735450805],[-118.56636920056407,34.178567659772376],[-118.56637005539618,34.17867566806908]]]},"properties":{"building_pk":48100,"building_key":"lariac:390358887868","source_tile":"r03-c03","source_tile_ids":["r03-c03"],"source_bld_id":"390358887868","height_m":4.13,"receiver_ids":[180520,180521,180522,180523,180524],"receiver_keys":["r03-c03:expanded-facade-max4m:48100:0:1","r03-c03:expanded-facade-max4m:48100:0:12","r03-c03:expanded-facade-max4m:48100:0:2","r03-c03:expanded-facade-max4m:48100:0:3","r03-c03:expanded-facade-max4m:48100:0:4"],"receiver_count":5,"periods":{"D":{"min":63.344883,"max":64.60456,"receiver_count":5,"unavailable_count":0},"E":{"min":61.126396,"max":62.386078,"receiver_count":5,"unavailable_count":0},"N":{"min":56.355183,"max":57.614864,"receiver_count":5,"unavailable_count":0}}}},{"type":"Feature","id":"lariac:391190888184","geometry":{"type":"Polygon","coordinates":[[[-118.56371776600356,34.17957388589481],[-118.56371764483046,34.17955110622447],[-118.5637331185157,34.17955103410133],[-118.56373278224247,34.179496379512436],[-118.56371780537374,34.17949644931998],[-118.56371761893215,34.17946399727922],[-118.56372205005296,34.179463976625875],[-118.56372192924998,34.17944125194806],[-118.56371786259943,34.17944127090263],[-118.56371765295174,34.1794052191015],[-118.56349603303796,34.17940608687824],[-118.56349641597478,34.17947266778615],[-118.5635613840625,34.179472419166515],[-118.56356168407997,34.179521716043304],[-118.56349552491376,34.17952196931074],[-118.56349583073764,34.179577118087956],[-118.56361763467537,34.17957663346954],[-118.56361761872753,34.17957426969328],[-118.56371776600356,34.17957388589481]]]},"properties":{"building_pk":48288,"building_key":"lariac:391190888184","source_tile":"r03-c03","source_tile_ids":["r03-c03"],"source_bld_id":"391190888184","height_m":6.032,"receiver_ids":[180616,180617,180618,180619,180620,180621,180622,180623,180624,180625,180626,180627,180628,180629,180630,180631,180632,180633,180634],"receiver_keys":["r03-c03:expanded-facade-max4m:48288:0:10","r03-c03:expanded-facade-max4m:48288:0:11","r03-c03:expanded-facade-max4m:48288:0:12","r03-c03:expanded-facade-max4m:48288:0:13","r03-c03:expanded-facade-max4m:48288:0:14","r03-c03:expanded-facade-max4m:48288:0:17","r03-c03:expanded-facade-max4m:48288:0:18","r03-c03:expanded-facade-max4m:48288:0:19","r03-c03:expanded-facade-max4m:48288:0:2","r03-c03:expanded-facade-max4m:48288:0:20","r03-c03:expanded-facade-max4m:48288:0:21","r03-c03:expanded-facade-max4m:48288:0:22","r03-c03:expanded-facade-max4m:48288:0:3","r03-c03:expanded-facade-max4m:48288:0:4","r03-c03:expanded-facade-max4m:48288:0:5","r03-c03:expanded-facade-max4m:48288:0:6","r03-c03:expanded-facade-max4m:48288:0:7","r03-c03:expanded-facade-max4m:48288:0:8","r03-c03:expanded-facade-max4m:48288:0:9"],"receiver_count":19,"periods":{"D":{"min":50.006824,"max":70.25497,"receiver_count":19,"unavailable_count":0},"E":{"min":47.788338,"max":68.036476,"receiver_count":19,"unavailable_count":0},"N":{"min":43.017124,"max":63.265263,"receiver_count":19,"unavailable_count":0}}}},{"type":"Feature","id":"lariac:391768887034","geometry":{"type":"Polygon","coordinates":[[[-118.56169263852036,34.17638608236272],[-118.56177140023554,34.17638720047977],[-118.561772617028,34.176327152851],[-118.56169385428466,34.17632603473985],[-118.56169263852036,34.17638608236272]]]},"properties":{"building_pk":48454,"building_key":"lariac:391768887034","source_tile":"r03-c03","source_tile_ids":["r03-c03"],"source_bld_id":"391768887034","height_m":5.456,"receiver_ids":[180883,180884,180885,180886,180887,180888,180889],"receiver_keys":["r03-c03:expanded-facade-max4m:48454:0:1","r03-c03:expanded-facade-max4m:48454:0:2","r03-c03:expanded-facade-max4m:48454:0:3","r03-c03:expanded-facade-max4m:48454:0:4","r03-c03:expanded-facade-max4m:48454:0:5","r03-c03:expanded-facade-max4m:48454:0:6","r03-c03:expanded-facade-max4m:48454:0:7"],"receiver_count":7,"periods":{"D":{"min":63.034386,"max":70.20942,"receiver_count":7,"unavailable_count":0},"E":{"min":60.8159,"max":67.99094,"receiver_count":7,"unavailable_count":0},"N":{"min":56.044685,"max":63.219723,"receiver_count":7,"unavailable_count":0}}}},{"type":"Feature","id":"lariac:391703886615","geometry":{"type":"Polygon","coordinates":[[[-118.56182651744861,34.17519283855253],[-118.56182742910146,34.17526452785743],[-118.56180686637911,34.1752647054217],[-118.56180758395986,34.17532221613299],[-118.56192345892796,34.17532121079204],[-118.56192245387001,34.17524064621372],[-118.56201052599053,34.17523987995585],[-118.56200994578639,34.17519297528037],[-118.56200144972028,34.175193042709836],[-118.5620007933591,34.17513965357706],[-118.56186643744692,34.17514082779738],[-118.5618665777152,34.17515184582516],[-118.56177212473791,34.175152669566494],[-118.56177190463963,34.17513461715614],[-118.56163906925686,34.175135756112915],[-118.5616392773203,34.17515202261925],[-118.5616049613307,34.17515231901316],[-118.56160534306184,34.17518457811596],[-118.56163817197027,34.175184287726516],[-118.5616383066751,34.175194482669966],[-118.56182651744861,34.17519283855253]]]},"properties":{"building_pk":48602,"building_key":"lariac:391703886615","source_tile":"r03-c03","source_tile_ids":["r03-c03"],"source_bld_id":"391703886615","height_m":5.572,"receiver_ids":[180990,180991,180992,180993,180994,180995,180996,180997,180998,180999,181000,181001,181002,181003,181004,181005,181006,181007,181008,181009,181010,181011,181012,181013,181014,181015,181016,181017],"receiver_keys":["r03-c03:expanded-facade-max4m:48602:0:1","r03-c03:expanded-facade-max4m:48602:0:10","r03-c03:expanded-facade-max4m:48602:0:11","r03-c03:expanded-facade-max4m:48602:0:12","r03-c03:expanded-facade-max4m:48602:0:14","r03-c03:expanded-facade-max4m:48602:0:15","r03-c03:expanded-facade-max4m:48602:0:16","r03-c03:expanded-facade-max4m:48602:0:17","r03-c03:expanded-facade-max4m:48602:0:19","r03-c03:expanded-facade-max4m:48602:0:2","r03-c03:expanded-facade-max4m:48602:0:20","r03-c03:expanded-facade-max4m:48602:0:21","r03-c03:expanded-facade-max4m:48602:0:22","r03-c03:expanded-facade-max4m:48602:0:23","r03-c03:expanded-facade-max4m:48602:0:24","r03-c03:expanded-facade-max4m:48602:0:25","r03-c03:expanded-facade-max4m:48602:0:26","r03-c03:expanded-facade-max4m:48602:0:28","r03-c03:expanded-facade-max4m:48602:0:29","r03-c03:expanded-facade-max4m:48602:0:3","r03-c03:expanded-facade-max4m:48602:0:30","r03-c03:expanded-facade-max4m:48602:0:31","r03-c03:expanded-facade-max4m:48602:0:4","r03-c03:expanded-facade-max4m:48602:0:5","r03-c03:expanded-facade-max4m:48602:0:6","r03-c03:expanded-facade-max4m:48602:0:7","r03-c03:expanded-facade-max4m:48602:0:8","r03-c03:expanded-facade-max4m:48602:0:9"],"receiver_count":28,"periods":{"D":{"min":59.38046,"max":74.17113,"receiver_count":28,"unavailable_count":0},"E":{"min":57.161972,"max":71.952644,"receiver_count":28,"unavailable_count":0},"N":{"min":52.39076,"max":67.18143,"receiver_count":28,"unavailable_count":0}}}},{"type":"Feature","id":"lariac:2014121102480000","geometry":{"type":"Polygon","coordinates":[[[-118.56149801950612,34.178536115430035],[-118.5615145809957,34.17855121153728],[-118.56151749405036,34.17855386748639],[-118.56164319254069,34.17845861441654],[-118.56164027948536,34.17845595847041],[-118.56163783466471,34.17845373038659],[-118.56159298760517,34.1784128732776],[-118.5615172650702,34.17847025568556],[-118.56147524364785,34.178431953013494],[-118.56142813637508,34.17846765108967],[-118.56146813754276,34.17850411228567],[-118.56145077881403,34.17851726707235],[-118.56148351540325,34.17854710678419],[-118.56149801950612,34.178536115430035]]]},"properties":{"building_pk":48830,"building_key":"lariac:2014121102480000","source_tile":"r03-c03","source_tile_ids":["r03-c03"],"source_bld_id":"2014121102480000","height_m":5.072,"receiver_ids":[181191,181192,181193,181194,181195,181196,181197,181198,181199,181200,181201,181202,181203,181204,181205],"receiver_keys":["r03-c03:expanded-facade-max4m:48830:0:1","r03-c03:expanded-facade-max4m:48830:0:10","r03-c03:expanded-facade-max4m:48830:0:11","r03-c03:expanded-facade-max4m:48830:0:12","r03-c03:expanded-facade-max4m:48830:0:13","r03-c03:expanded-facade-max4m:48830:0:15","r03-c03:expanded-facade-max4m:48830:0:16","r03-c03:expanded-facade-max4m:48830:0:2","r03-c03:expanded-facade-max4m:48830:0:3","r03-c03:expanded-facade-max4m:48830:0:4","r03-c03:expanded-facade-max4m:48830:0:5","r03-c03:expanded-facade-max4m:48830:0:6","r03-c03:expanded-facade-max4m:48830:0:7","r03-c03:expanded-facade-max4m:48830:0:8","r03-c03:expanded-facade-max4m:48830:0:9"],"receiver_count":15,"periods":{"D":{"min":61.15752,"max":67.41805,"receiver_count":15,"unavailable_count":0},"E":{"min":58.93903,"max":65.19956,"receiver_count":15,"unavailable_count":0},"N":{"min":54.16782,"max":60.428352,"receiver_count":15,"unavailable_count":0}}}},{"type":"Feature","id":"lariac:201700286121","geometry":{"type":"Polygon","coordinates":[[[-118.5634522228293,34.17871212040336],[-118.56361219589567,34.17871261013012],[-118.56361220705611,34.1787100839495],[-118.56370972845505,34.178710382237654],[-118.56370992682668,34.17866551052495],[-118.56369502417391,34.1786654645867],[-118.56369506563304,34.17865617577699],[-118.5637320228539,34.178656288408575],[-118.56373220790405,34.178614588392676],[-118.56369523550947,34.1786144749304],[-118.56369527352832,34.178605962366895],[-118.56372826154107,34.178606063748234],[-118.56372863421286,34.17852191902848],[-118.56350108165314,34.178521132195314],[-118.56350102797418,34.17853327625421],[-118.56345499449533,34.17853313461541],[-118.56345481753061,34.178572998145725],[-118.56352546239364,34.178573214436845],[-118.56352535017113,34.178598549270845],[-118.56348379786539,34.178598421923375],[-118.56348353964427,34.17865679274465],[-118.56343378640662,34.17865664048007],[-118.5634335855154,34.1787019647789],[-118.56345226753291,34.17870202199155],[-118.5634522228293,34.17871212040336]]]},"properties":{"building_pk":49470,"building_key":"lariac:201700286121","source_tile":"r03-c03","source_tile_ids":["r03-c03"],"source_bld_id":"201700286121","height_m":6.456,"receiver_ids":[181877,181878,181879,181880,181881,181882,181883,181884,181885,181886,181887,181888,181889,181890,181891,181892,181893,181894,181895,181896,181897,181898,181899],"receiver_keys":["r03-c03:expanded-facade-max4m:49470:0:1","r03-c03:expanded-facade-max4m:49470:0:10","r03-c03:expanded-facade-max4m:49470:0:13","r03-c03:expanded-facade-max4m:49470:0:14","r03-c03:expanded-facade-max4m:49470:0:15","r03-c03:expanded-facade-max4m:49470:0:16","r03-c03:expanded-facade-max4m:49470:0:17","r03-c03:expanded-facade-max4m:49470:0:18","r03-c03:expanded-facade-max4m:49470:0:19","r03-c03:expanded-facade-max4m:49470:0:2","r03-c03:expanded-facade-max4m:49470:0:21","r03-c03:expanded-facade-max4m:49470:0:22","r03-c03:expanded-facade-max4m:49470:0:26","r03-c03:expanded-facade-max4m:49470:0:27","r03-c03:expanded-facade-max4m:49470:0:28","r03-c03:expanded-facade-max4m:49470:0:29","r03-c03:expanded-facade-max4m:49470:0:3","r03-c03:expanded-facade-max4m:49470:0:30","r03-c03:expanded-facade-max4m:49470:0:4","r03-c03:expanded-facade-max4m:49470:0:5","r03-c03:expanded-facade-max4m:49470:0:6","r03-c03:expanded-facade-max4m:49470:0:7","r03-c03:expanded-facade-max4m:49470:0:9"],"receiver_count":23,"periods":{"D":{"min":48.172836,"max":65.463104,"receiver_count":23,"unavailable_count":0},"E":{"min":45.95435,"max":63.244614,"receiver_count":23,"unavailable_count":0},"N":{"min":41.183136,"max":58.473404,"receiver_count":23,"unavailable_count":0}}}},{"type":"Feature","id":"lariac:391951887025","geometry":{"type":"Polygon","coordinates":[[[-118.56113841345682,34.176317347452134],[-118.5611112494661,34.176319231496905],[-118.56111450723897,34.17635142226297],[-118.5611416386934,34.17634953746688],[-118.56113841345682,34.176317347452134]]]},"properties":{"building_pk":53657,"building_key":"lariac:391951887025","source_tile":"r03-c03","source_tile_ids":["r03-c03"],"source_bld_id":"391951887025","height_m":4.45,"receiver_ids":[183423],"receiver_keys":["r03-c03:expanded-facade-max4m:53657:0:4"],"receiver_count":1,"periods":{"D":{"min":65.96962,"max":65.96962,"receiver_count":1,"unavailable_count":0},"E":{"min":63.75113,"max":63.75113,"receiver_count":1,"unavailable_count":0},"N":{"min":58.979916,"max":58.979916,"receiver_count":1,"unavailable_count":0}}}},{"type":"Feature","id":"lariac:390470888312","geometry":{"type":"Polygon","coordinates":[[[-118.56606935300074,34.17983197840032],[-118.56603661179275,34.17982594884197],[-118.5660272606466,34.17986094550429],[-118.5660599684303,34.17986700316952],[-118.56606935300074,34.17983197840032]]]},"properties":{"building_pk":53709,"building_key":"lariac:390470888312","source_tile":"r03-c03","source_tile_ids":["r03-c03"],"source_bld_id":"390470888312","height_m":4.273,"receiver_ids":[183508],"receiver_keys":["r03-c03:expanded-facade-max4m:53709:0:1"],"receiver_count":1,"periods":{"D":{"min":56.70191,"max":56.70191,"receiver_count":1,"unavailable_count":0},"E":{"min":54.483418,"max":54.483418,"receiver_count":1,"unavailable_count":0},"N":{"min":49.712208,"max":49.712208,"receiver_count":1,"unavailable_count":0}}}},{"type":"Feature","id":"lariac:391504886613","geometry":{"type":"Polygon","coordinates":[[[-118.56269655219793,34.17525790333911],[-118.56273103383842,34.1752577158533],[-118.56273146967791,34.175300841923395],[-118.56295244053949,34.17530040494896],[-118.56295205242378,34.17525745626129],[-118.56292633062624,34.175257603937936],[-118.56292628544995,34.17525089935984],[-118.56278200869211,34.175251762860945],[-118.56278193714037,34.17523131886337],[-118.56276346456076,34.175227777908816],[-118.56273731456679,34.175232955452906],[-118.56273581909845,34.175128816862866],[-118.56255001984586,34.175130148259804],[-118.56254993771604,34.175122783922816],[-118.56247882438458,34.175123279671624],[-118.5624798448608,34.17522071568433],[-118.56250239162294,34.175220555823884],[-118.56250284493204,34.17526339422015],[-118.5626087713776,34.17526262652279],[-118.56260885609905,34.17527037490582],[-118.56269666450676,34.17526974641],[-118.56269655219793,34.17525790333911]]]},"properties":{"building_pk":53765,"building_key":"lariac:391504886613","source_tile":"r03-c03","source_tile_ids":["r03-c03"],"source_bld_id":"391504886613","height_m":5.066,"receiver_ids":[183561,183562,183563,183564,183565,183566,183567,183568,183569,183570,183571,183572,183573,183574,183575,183576,183577,183578,183579,183580,183581,183582,183583,183584,183585,183586,183587,183588,183589],"receiver_keys":["r03-c03:expanded-facade-max4m:53765:0:1","r03-c03:expanded-facade-max4m:53765:0:10","r03-c03:expanded-facade-max4m:53765:0:11","r03-c03:expanded-facade-max4m:53765:0:12","r03-c03:expanded-facade-max4m:53765:0:14","r03-c03:expanded-facade-max4m:53765:0:16","r03-c03:expanded-facade-max4m:53765:0:17","r03-c03:expanded-facade-max4m:53765:0:18","r03-c03:expanded-facade-max4m:53765:0:19","r03-c03:expanded-facade-max4m:53765:0:2","r03-c03:expanded-facade-max4m:53765:0:20","r03-c03:expanded-facade-max4m:53765:0:21","r03-c03:expanded-facade-max4m:53765:0:22","r03-c03:expanded-facade-max4m:53765:0:23","r03-c03:expanded-facade-max4m:53765:0:24","r03-c03:expanded-facade-max4m:53765:0:25","r03-c03:expanded-facade-max4m:53765:0:26","r03-c03:expanded-facade-max4m:53765:0:28","r03-c03:expanded-facade-max4m:53765:0:29","r03-c03:expanded-facade-max4m:53765:0:3","r03-c03:expanded-facade-max4m:53765:0:30","r03-c03:expanded-facade-max4m:53765:0:32","r03-c03:expanded-facade-max4m:53765:0:33","r03-c03:expanded-facade-max4m:53765:0:4","r03-c03:expanded-facade-max4m:53765:0:5","r03-c03:expanded-facade-max4m:53765:0:6","r03-c03:expanded-facade-max4m:53765:0:7","r03-c03:expanded-facade-max4m:53765:0:8","r03-c03:expanded-facade-max4m:53765:0:9"],"receiver_count":29,"periods":{"D":{"min":60.412014,"max":72.7223,"receiver_count":29,"unavailable_count":0},"E":{"min":58.193527,"max":70.50381,"receiver_count":29,"unavailable_count":0},"N":{"min":53.422314,"max":65.7326,"receiver_count":29,"unavailable_count":0}}}},{"type":"Feature","id":"lariac:391365887243","geometry":{"type":"Polygon","coordinates":[[[-118.56297829342405,34.176879950626194],[-118.56297827337183,34.176872146046314],[-118.56294868302389,34.17687214675071],[-118.56294869401613,34.17690822652176],[-118.56296387037618,34.17690821087295],[-118.56296388649032,34.17694005967049],[-118.56294890862405,34.176940074395375],[-118.56294892329508,34.176976539108914],[-118.56297841497252,34.17697653886391],[-118.56297841744038,34.17696708615538],[-118.56310405512221,34.176967050289036],[-118.56310399695901,34.17687988740638],[-118.56297829342405,34.176879950626194]]]},"properties":{"building_pk":54029,"building_key":"lariac:391365887243","source_tile":"r03-c03","source_tile_ids":["r03-c03"],"source_bld_id":"391365887243","height_m":5.047,"receiver_ids":[183878,183879,183880,183881,183882,183883,183884,183885,183886,183887,183888],"receiver_keys":["r03-c03:expanded-facade-max4m:54029:0:1","r03-c03:expanded-facade-max4m:54029:0:11","r03-c03:expanded-facade-max4m:54029:0:12","r03-c03:expanded-facade-max4m:54029:0:13","r03-c03:expanded-facade-max4m:54029:0:14","r03-c03:expanded-facade-max4m:54029:0:2","r03-c03:expanded-facade-max4m:54029:0:4","r03-c03:expanded-facade-max4m:54029:0:5","r03-c03:expanded-facade-max4m:54029:0:7","r03-c03:expanded-facade-max4m:54029:0:8","r03-c03:expanded-facade-max4m:54029:0:9"],"receiver_count":11,"periods":{"D":{"min":58.21208,"max":66.620575,"receiver_count":11,"unavailable_count":0},"E":{"min":55.993587,"max":64.40209,"receiver_count":11,"unavailable_count":0},"N":{"min":51.222378,"max":59.63088,"receiver_count":11,"unavailable_count":0}}}},{"type":"Feature","id":"lariac:391871888010","geometry":{"type":"Polygon","coordinates":[[[-118.56143362596825,34.179135995704236],[-118.56143328580835,34.17908538095616],[-118.56145299092111,34.179085289481556],[-118.56145232147266,34.17898568091251],[-118.56136953319623,34.17898606520861],[-118.56136944084956,34.17897732696426],[-118.56131379670246,34.17897758522777],[-118.5613138537511,34.17898607571112],[-118.56124505100324,34.17898642296072],[-118.56124564786954,34.17907025934177],[-118.5611424592718,34.17907076519522],[-118.56114290686284,34.1791373998944],[-118.56143362596825,34.179135995704236]]]},"properties":{"building_pk":54406,"building_key":"lariac:391871888010","source_tile":"r03-c03","source_tile_ids":["r03-c03"],"source_bld_id":"391871888010","height_m":5.102,"receiver_ids":[184329,184330,184331,184332,184333,184334,184335,184336,184337,184338,184339,184340,184341,184342,184343,184344,184345,184346,184347],"receiver_keys":["r03-c03:expanded-facade-max4m:54406:0:1","r03-c03:expanded-facade-max4m:54406:0:10","r03-c03:expanded-facade-max4m:54406:0:11","r03-c03:expanded-facade-max4m:54406:0:12","r03-c03:expanded-facade-max4m:54406:0:14","r03-c03:expanded-facade-max4m:54406:0:15","r03-c03:expanded-facade-max4m:54406:0:18","r03-c03:expanded-facade-max4m:54406:0:19","r03-c03:expanded-facade-max4m:54406:0:20","r03-c03:expanded-facade-max4m:54406:0:21","r03-c03:expanded-facade-max4m:54406:0:22","r03-c03:expanded-facade-max4m:54406:0:23","r03-c03:expanded-facade-max4m:54406:0:24","r03-c03:expanded-facade-max4m:54406:0:3","r03-c03:expanded-facade-max4m:54406:0:4","r03-c03:expanded-facade-max4m:54406:0:5","r03-c03:expanded-facade-max4m:54406:0:6","r03-c03:expanded-facade-max4m:54406:0:7","r03-c03:expanded-facade-max4m:54406:0:8"],"receiver_count":19,"periods":{"D":{"min":54.017735,"max":65.70037,"receiver_count":19,"unavailable_count":0},"E":{"min":51.799248,"max":63.481884,"receiver_count":19,"unavailable_count":0},"N":{"min":47.028034,"max":58.71067,"receiver_count":19,"unavailable_count":0}}}},{"type":"Feature","id":"lariac:391945887398","geometry":{"type":"Polygon","coordinates":[[[-118.56119546828937,34.177334579579814],[-118.56125107769303,34.177334156544276],[-118.5612506065304,34.17729357208987],[-118.56111512265396,34.17729464070546],[-118.5611170995677,34.17746590879768],[-118.56119697423125,34.17746526321616],[-118.56119546828937,34.177334579579814]]]},"properties":{"building_pk":55008,"building_key":"lariac:391945887398","source_tile":"r03-c03","source_tile_ids":["r03-c03"],"source_bld_id":"391945887398","height_m":4.115,"receiver_ids":[184895,184896,184897,184898,184899,184900,184901,184902,184903,184904],"receiver_keys":["r03-c03:expanded-facade-max4m:55008:0:1","r03-c03:expanded-facade-max4m:55008:0:12","r03-c03:expanded-facade-max4m:55008:0:13","r03-c03:expanded-facade-max4m:55008:0:14","r03-c03:expanded-facade-max4m:55008:0:15","r03-c03:expanded-facade-max4m:55008:0:16","r03-c03:expanded-facade-max4m:55008:0:2","r03-c03:expanded-facade-max4m:55008:0:3","r03-c03:expanded-facade-max4m:55008:0:4","r03-c03:expanded-facade-max4m:55008:0:5"],"receiver_count":10,"periods":{"D":{"min":67.625725,"max":69.275734,"receiver_count":10,"unavailable_count":0},"E":{"min":65.407234,"max":67.05725,"receiver_count":10,"unavailable_count":0},"N":{"min":60.63602,"max":62.286037,"receiver_count":10,"unavailable_count":0}}}},{"type":"Feature","id":"lariac:391470888192","geometry":{"type":"Polygon","coordinates":[[[-118.56277544869533,34.17947063798813],[-118.56269340998064,34.179469481665016],[-118.56269261148702,34.1795079560994],[-118.56270454825044,34.17950811963859],[-118.5627033012095,34.17956841534708],[-118.56277343579113,34.17956940798086],[-118.56277544869533,34.17947063798813]]]},"properties":{"building_pk":56024,"building_key":"lariac:391470888192","source_tile":"r03-c03","source_tile_ids":["r03-c03"],"source_bld_id":"391470888192","height_m":7.94,"receiver_ids":[185898,185899,185900,185901,185902,185903,185904,185905],"receiver_keys":["r03-c03:expanded-facade-max4m:56024:0:1","r03-c03:expanded-facade-max4m:56024:0:10","r03-c03:expanded-facade-max4m:56024:0:2","r03-c03:expanded-facade-max4m:56024:0:3","r03-c03:expanded-facade-max4m:56024:0:5","r03-c03:expanded-facade-max4m:56024:0:6","r03-c03:expanded-facade-max4m:56024:0:7","r03-c03:expanded-facade-max4m:56024:0:9"],"receiver_count":8,"periods":{"D":{"min":54.211918,"max":69.550354,"receiver_count":8,"unavailable_count":0},"E":{"min":51.99343,"max":67.33186,"receiver_count":8,"unavailable_count":0},"N":{"min":47.22222,"max":62.560654,"receiver_count":8,"unavailable_count":0}}}},{"type":"Feature","id":"lariac:201700286145","geometry":{"type":"Polygon","coordinates":[[[-118.5659319804288,34.17881523410871],[-118.56593259448015,34.17888393977911],[-118.56606640985592,34.17888311339873],[-118.56606619274726,34.17885107260557],[-118.56618238802902,34.17885035470957],[-118.56618200265169,34.17880725725517],[-118.56619511028603,34.17880717605872],[-118.56619447294987,34.17873586683584],[-118.56618021878978,34.178735955202654],[-118.56617990798601,34.17870113989276],[-118.56612134565593,34.17870150238151],[-118.56612137572493,34.17870481902464],[-118.56604395464474,34.17870529769788],[-118.56604391205813,34.178700613469594],[-118.56598571418758,34.17870097328538],[-118.56598638819584,34.17877628068874],[-118.56601456352698,34.178776106459104],[-118.56601469679146,34.178790972311766],[-118.56603543210684,34.17879084461627],[-118.56603558633836,34.178808003901146],[-118.56601684689319,34.17880812045278],[-118.56601690672373,34.17881470956488],[-118.5659319804288,34.17881523410871]]]},"properties":{"building_pk":56740,"building_key":"lariac:201700286145","source_tile":"r03-c03","source_tile_ids":["r03-c03"],"source_bld_id":"201700286145","height_m":5.575,"receiver_ids":[186929,186930,186931,186932,186933,186934,186935,186936,186937,186938,186939,186940,186941,186942,186943,186944,186945,186946,186947,186948,186949,186950],"receiver_keys":["r03-c03:expanded-facade-max4m:56740:0:1","r03-c03:expanded-facade-max4m:56740:0:10","r03-c03:expanded-facade-max4m:56740:0:11","r03-c03:expanded-facade-max4m:56740:0:12","r03-c03:expanded-facade-max4m:56740:0:14","r03-c03:expanded-facade-max4m:56740:0:15","r03-c03:expanded-facade-max4m:56740:0:16","r03-c03:expanded-facade-max4m:56740:0:17","r03-c03:expanded-facade-max4m:56740:0:18","r03-c03:expanded-facade-max4m:56740:0:19","r03-c03:expanded-facade-max4m:56740:0:2","r03-c03:expanded-facade-max4m:56740:0:20","r03-c03:expanded-facade-max4m:56740:0:21","r03-c03:expanded-facade-max4m:56740:0:24","r03-c03:expanded-facade-max4m:56740:0:25","r03-c03:expanded-facade-max4m:56740:0:3","r03-c03:expanded-facade-max4m:56740:0:4","r03-c03:expanded-facade-max4m:56740:0:5","r03-c03:expanded-facade-max4m:56740:0:6","r03-c03:expanded-facade-max4m:56740:0:7","r03-c03:expanded-facade-max4m:56740:0:8","r03-c03:expanded-facade-max4m:56740:0:9"],"receiver_count":22,"periods":{"D":{"min":53.438393,"max":65.07982,"receiver_count":22,"unavailable_count":0},"E":{"min":51.219906,"max":62.86133,"receiver_count":22,"unavailable_count":0},"N":{"min":46.448692,"max":58.090115,"receiver_count":22,"unavailable_count":0}}}},{"type":"Feature","id":"lariac:201700286211","geometry":{"type":"Polygon","coordinates":[[[-118.56657166995296,34.179482599115076],[-118.56660058987093,34.17949045132314],[-118.56661475009777,34.17945442415793],[-118.56658582486509,34.17944658640292],[-118.56657166995296,34.179482599115076]]]},"properties":{"building_pk":56743,"building_key":"lariac:201700286211","source_tile":"r03-c03","source_tile_ids":["r03-c03"],"source_bld_id":"201700286211","height_m":2.435,"receiver_ids":[186955,186956,186957,186958],"receiver_keys":["r03-c03:expanded-facade-max4m:56743:0:1","r03-c03:expanded-facade-max4m:56743:0:2","r03-c03:expanded-facade-max4m:56743:0:3","r03-c03:expanded-facade-max4m:56743:0:4"],"receiver_count":4,"periods":{"D":{"min":67.14618,"max":69.95814,"receiver_count":4,"unavailable_count":0},"E":{"min":64.92769,"max":67.73965,"receiver_count":4,"unavailable_count":0},"N":{"min":60.156475,"max":62.968433,"receiver_count":4,"unavailable_count":0}}}},{"type":"Feature","id":"lariac:201700286251","geometry":{"type":"Polygon","coordinates":[[[-118.56426626977284,34.18005998976282],[-118.564379325927,34.1800714158342],[-118.56438718310685,34.18001797435495],[-118.56433698802326,34.180011468628706],[-118.5643430757396,34.179972285227294],[-118.56433470839896,34.17997140739874],[-118.564337964855,34.1799492439509],[-118.56437158108847,34.179952659011555],[-118.56437357207705,34.17993907515963],[-118.56437760809698,34.17993949627998],[-118.56438149451488,34.17991279602207],[-118.5643733552239,34.179911954095346],[-118.56437490360965,34.17990125815392],[-118.56438393618495,34.179902177051055],[-118.56438814026305,34.17987352436749],[-118.56438337583485,34.179873024606],[-118.56438394483527,34.17986925709936],[-118.56431241174595,34.179862007088126],[-118.56430365555661,34.17992159498208],[-118.56422722565596,34.1799138448716],[-118.56423623376908,34.1798523598593],[-118.56415553579659,34.17984419056294],[-118.56414826749018,34.17989393384719],[-118.56416752334388,34.17989587791195],[-118.56415579659699,34.179975813995874],[-118.56414137114393,34.179974342346256],[-118.56413245792201,34.18003511288499],[-118.56416339284141,34.180038238492735],[-118.56416399452485,34.18003416881718],[-118.56426014396784,34.18004391494784],[-118.56425837380178,34.180055986778335],[-118.56426671179524,34.18005685483218],[-118.56426626977284,34.18005998976282]]]},"properties":{"building_pk":56745,"building_key":"lariac:201700286251","source_tile":"r03-c03","source_tile_ids":["r03-c03"],"source_bld_id":"201700286251","height_m":6.197,"receiver_ids":[186981],"receiver_keys":["r03-c03:expanded-facade-max4m:56745:0:20"],"receiver_count":1,"periods":{"D":{"min":62.870747,"max":62.870747,"receiver_count":1,"unavailable_count":0},"E":{"min":60.65226,"max":60.65226,"receiver_count":1,"unavailable_count":0},"N":{"min":55.881046,"max":55.881046,"receiver_count":1,"unavailable_count":0}}}},{"type":"Feature","id":"lariac:391368887300","geometry":{"type":"Polygon","coordinates":[[[-118.56300917252824,34.177120111840004],[-118.5631032758555,34.17712115767318],[-118.56310500543978,34.177014860193864],[-118.56300941474082,34.177013766292454],[-118.56300972705932,34.17699637043342],[-118.5629267659154,34.176995437649424],[-118.56292589488602,34.17704759697085],[-118.56300961555893,34.17704855416782],[-118.56300899999216,34.17708469185003],[-118.56298674715894,34.177084438428444],[-118.56298641490947,34.17710386736367],[-118.56300942812194,34.17710411724565],[-118.56300917252824,34.177120111840004]]]},"properties":{"building_pk":61197,"building_key":"lariac:391368887300","source_tile":"r03-c03","source_tile_ids":["r03-c03"],"source_bld_id":"391368887300","height_m":7.059,"receiver_ids":[188818,188819,188820,188821,188822,188823,188824,188825,188826,188827,188828,188829,188830],"receiver_keys":["r03-c03:expanded-facade-max4m:61197:0:1","r03-c03:expanded-facade-max4m:61197:0:11","r03-c03:expanded-facade-max4m:61197:0:12","r03-c03:expanded-facade-max4m:61197:0:13","r03-c03:expanded-facade-max4m:61197:0:14","r03-c03:expanded-facade-max4m:61197:0:15","r03-c03:expanded-facade-max4m:61197:0:16","r03-c03:expanded-facade-max4m:61197:0:2","r03-c03:expanded-facade-max4m:61197:0:3","r03-c03:expanded-facade-max4m:61197:0:4","r03-c03:expanded-facade-max4m:61197:0:6","r03-c03:expanded-facade-max4m:61197:0:7","r03-c03:expanded-facade-max4m:61197:0:9"],"receiver_count":13,"periods":{"D":{"min":54.10005,"max":65.99994,"receiver_count":13,"unavailable_count":0},"E":{"min":51.881565,"max":63.781456,"receiver_count":13,"unavailable_count":0},"N":{"min":47.11035,"max":59.010242,"receiver_count":13,"unavailable_count":0}}}},{"type":"Feature","id":"lariac:391508887773","geometry":{"type":"Polygon","coordinates":[[[-118.5625595784627,34.17849879882568],[-118.56263073368697,34.178499264796095],[-118.56263125739649,34.17844446917271],[-118.5626519890776,34.17844461974971],[-118.5626523031858,34.178412660328924],[-118.56273410466417,34.17841321374397],[-118.56273437977882,34.178385293425],[-118.56279349906303,34.17838567826575],[-118.5627941094564,34.17832412155339],[-118.56253236944575,34.178322371362675],[-118.56253191417606,34.17836768692366],[-118.56256084576114,34.17836788231854],[-118.5625595784627,34.17849879882568]]]},"properties":{"building_pk":61604,"building_key":"lariac:391508887773","source_tile":"r03-c03","source_tile_ids":["r03-c03"],"source_bld_id":"391508887773","height_m":6.251,"receiver_ids":[189328,189329,189330,189331,189332,189333,189334,189335,189336,189337,189338,189339,189340,189341,189342,189343,189344],"receiver_keys":["r03-c03:expanded-facade-max4m:61604:0:11","r03-c03:expanded-facade-max4m:61604:0:12","r03-c03:expanded-facade-max4m:61604:0:13","r03-c03:expanded-facade-max4m:61604:0:14","r03-c03:expanded-facade-max4m:61604:0:15","r03-c03:expanded-facade-max4m:61604:0:16","r03-c03:expanded-facade-max4m:61604:0:17","r03-c03:expanded-facade-max4m:61604:0:18","r03-c03:expanded-facade-max4m:61604:0:20","r03-c03:expanded-facade-max4m:61604:0:21","r03-c03:expanded-facade-max4m:61604:0:22","r03-c03:expanded-facade-max4m:61604:0:3","r03-c03:expanded-facade-max4m:61604:0:4","r03-c03:expanded-facade-max4m:61604:0:6","r03-c03:expanded-facade-max4m:61604:0:7","r03-c03:expanded-facade-max4m:61604:0:8","r03-c03:expanded-facade-max4m:61604:0:9"],"receiver_count":17,"periods":{"D":{"min":53.540817,"max":69.164825,"receiver_count":17,"unavailable_count":0},"E":{"min":51.32233,"max":66.946335,"receiver_count":17,"unavailable_count":0},"N":{"min":46.551117,"max":62.175125,"receiver_count":17,"unavailable_count":0}}}},{"type":"Feature","id":"lariac:391450887544","geometry":{"type":"Polygon","coordinates":[[[-118.56252504313754,34.17782363210451],[-118.562615860248,34.17782254973186],[-118.5626362155594,34.177835452609415],[-118.56284120852614,34.17783584569381],[-118.56284139077945,34.177769675064575],[-118.56283004960724,34.17776964580313],[-118.5628301425933,34.17773917045206],[-118.56287107479304,34.17773925492937],[-118.56287130293805,34.177665087384185],[-118.56273332868373,34.177664822492325],[-118.56273317595478,34.177715742452044],[-118.56265455070229,34.17771558626896],[-118.56265458976185,34.177701736556386],[-118.56252541152402,34.177701458453186],[-118.56252504313754,34.17782363210451]]]},"properties":{"building_pk":61713,"building_key":"lariac:391450887544","source_tile":"r03-c03","source_tile_ids":["r03-c03"],"source_bld_id":"391450887544","height_m":5.913,"receiver_ids":[189642,189643,189644,189645,189646,189647,189648,189649,189650,189651,189652,189653,189654,189655,189656,189657,189658,189659,189660,189661,189662,189663],"receiver_keys":["r03-c03:expanded-facade-max4m:61713:0:1","r03-c03:expanded-facade-max4m:61713:0:12","r03-c03:expanded-facade-max4m:61713:0:13","r03-c03:expanded-facade-max4m:61713:0:14","r03-c03:expanded-facade-max4m:61713:0:15","r03-c03:expanded-facade-max4m:61713:0:18","r03-c03:expanded-facade-max4m:61713:0:2","r03-c03:expanded-facade-max4m:61713:0:20","r03-c03:expanded-facade-max4m:61713:0:21","r03-c03:expanded-facade-max4m:61713:0:22","r03-c03:expanded-facade-max4m:61713:0:23","r03-c03:expanded-facade-max4m:61713:0:24","r03-c03:expanded-facade-max4m:61713:0:25","r03-c03:expanded-facade-max4m:61713:0:26","r03-c03:expanded-facade-max4m:61713:0:27","r03-c03:expanded-facade-max4m:61713:0:3","r03-c03:expanded-facade-max4m:61713:0:4","r03-c03:expanded-facade-max4m:61713:0:5","r03-c03:expanded-facade-max4m:61713:0:6","r03-c03:expanded-facade-max4m:61713:0:7","r03-c03:expanded-facade-max4m:61713:0:8","r03-c03:expanded-facade-max4m:61713:0:9"],"receiver_count":22,"periods":{"D":{"min":55.335762,"max":68.90045,"receiver_count":22,"unavailable_count":0},"E":{"min":53.117275,"max":66.68196,"receiver_count":22,"unavailable_count":0},"N":{"min":48.34606,"max":61.910748,"receiver_count":22,"unavailable_count":0}}}},{"type":"Feature","id":"lariac:391504886697","geometry":{"type":"Polygon","coordinates":[[[-118.56252420467763,34.17532745871196],[-118.56252356833541,34.1753801939256],[-118.56254003412484,34.17538033731382],[-118.56253928771424,34.17544137175896],[-118.5625183580945,34.175441194138934],[-118.56251768130149,34.175497749385755],[-118.56252303800125,34.17549780741236],[-118.56252300310344,34.17550245143169],[-118.56254773471821,34.17550263841244],[-118.562547802155,34.17549799424168],[-118.56260897017172,34.17549847872034],[-118.56260907765643,34.17548979544283],[-118.56266915448127,34.175490284967225],[-118.56266954858245,34.17545554931891],[-118.56269854550682,34.17545577141847],[-118.56269936287042,34.17538564095657],[-118.56275295920898,34.17538607855049],[-118.5627536683555,34.17532935816839],[-118.56252420467763,34.17532745871196]]]},"properties":{"building_pk":61834,"building_key":"lariac:391504886697","source_tile":"r03-c03","source_tile_ids":["r03-c03"],"source_bld_id":"391504886697","height_m":6.538,"receiver_ids":[189753,189754,189755,189756,189757,189758,189759,189760,189761,189762,189763,189764,189765,189766,189767,189768,189769,189770,189771,189772],"receiver_keys":["r03-c03:expanded-facade-max4m:61834:0:1","r03-c03:expanded-facade-max4m:61834:0:10","r03-c03:expanded-facade-max4m:61834:0:11","r03-c03:expanded-facade-max4m:61834:0:12","r03-c03:expanded-facade-max4m:61834:0:13","r03-c03:expanded-facade-max4m:61834:0:15","r03-c03:expanded-facade-max4m:61834:0:16","r03-c03:expanded-facade-max4m:61834:0:17","r03-c03:expanded-facade-max4m:61834:0:18","r03-c03:expanded-facade-max4m:61834:0:19","r03-c03:expanded-facade-max4m:61834:0:2","r03-c03:expanded-facade-max4m:61834:0:20","r03-c03:expanded-facade-max4m:61834:0:21","r03-c03:expanded-facade-max4m:61834:0:22","r03-c03:expanded-facade-max4m:61834:0:3","r03-c03:expanded-facade-max4m:61834:0:5","r03-c03:expanded-facade-max4m:61834:0:6","r03-c03:expanded-facade-max4m:61834:0:7","r03-c03:expanded-facade-max4m:61834:0:8","r03-c03:expanded-facade-max4m:61834:0:9"],"receiver_count":20,"periods":{"D":{"min":54.342182,"max":71.56803,"receiver_count":20,"unavailable_count":0},"E":{"min":52.123695,"max":69.34954,"receiver_count":20,"unavailable_count":0},"N":{"min":47.35248,"max":64.57833,"receiver_count":20,"unavailable_count":0}}}},{"type":"Feature","id":"lariac:391725887068","geometry":{"type":"Polygon","coordinates":[[[-118.56192864123834,34.17649468330203],[-118.56192532123394,34.176315726773346],[-118.56186022713848,34.17631655119792],[-118.56186090726985,34.17635380978315],[-118.56182801265815,34.176354237571005],[-118.56182873490086,34.17639275992636],[-118.56178536055113,34.17639331842643],[-118.56178582422066,34.17641791041255],[-118.56170859635361,34.17641890110627],[-118.56171005088974,34.17649745676033],[-118.56192864123834,34.17649468330203]]]},"properties":{"building_pk":61998,"building_key":"lariac:391725887068","source_tile":"r03-c03","source_tile_ids":["r03-c03"],"source_bld_id":"391725887068","height_m":4.831,"receiver_ids":[190021,190022,190023,190024,190025,190026,190027,190028,190029,190030,190031,190032,190033,190034,190035,190036,190037,190038],"receiver_keys":["r03-c03:expanded-facade-max4m:61998:0:1","r03-c03:expanded-facade-max4m:61998:0:10","r03-c03:expanded-facade-max4m:61998:0:11","r03-c03:expanded-facade-max4m:61998:0:13","r03-c03:expanded-facade-max4m:61998:0:14","r03-c03:expanded-facade-max4m:61998:0:15","r03-c03:expanded-facade-max4m:61998:0:16","r03-c03:expanded-facade-max4m:61998:0:17","r03-c03:expanded-facade-max4m:61998:0:18","r03-c03:expanded-facade-max4m:61998:0:19","r03-c03:expanded-facade-max4m:61998:0:2","r03-c03:expanded-facade-max4m:61998:0:20","r03-c03:expanded-facade-max4m:61998:0:21","r03-c03:expanded-facade-max4m:61998:0:3","r03-c03:expanded-facade-max4m:61998:0:4","r03-c03:expanded-facade-max4m:61998:0:5","r03-c03:expanded-facade-max4m:61998:0:8","r03-c03:expanded-facade-max4m:61998:0:9"],"receiver_count":18,"periods":{"D":{"min":59.729176,"max":71.2346,"receiver_count":18,"unavailable_count":0},"E":{"min":57.51069,"max":69.01611,"receiver_count":18,"unavailable_count":0},"N":{"min":52.739475,"max":64.244896,"receiver_count":18,"unavailable_count":0}}}},{"type":"Feature","id":"lariac:390684888026","geometry":{"type":"Polygon","coordinates":[[[-118.56530243540647,34.178966784460954],[-118.5653024056602,34.17903083846499],[-118.56525462840602,34.17903081474741],[-118.56525462751254,34.179055050983614],[-118.56523855893649,34.179055044041526],[-118.56523856754887,34.179080846216735],[-118.56521558908905,34.17908084451884],[-118.56521558308988,34.17904580780684],[-118.56511325120786,34.17904579195168],[-118.56511320457726,34.17908780776858],[-118.56512325600855,34.17908781579686],[-118.56512324262368,34.179110211136546],[-118.56520930659775,34.17911024891706],[-118.56520927423169,34.17911508495526],[-118.56532327731689,34.17911512911804],[-118.56532325921519,34.17915156694381],[-118.56540839777192,34.179151580960564],[-118.5654083973433,34.179088049091646],[-118.56540115662281,34.17908805589515],[-118.56540116721338,34.17904073645715],[-118.56543575150357,34.17904073975666],[-118.56543578054885,34.17896682105075],[-118.56530243540647,34.178966784460954]]]},"properties":{"building_pk":62060,"building_key":"lariac:390684888026","source_tile":"r03-c03","source_tile_ids":["r03-c03"],"source_bld_id":"390684888026","height_m":6.742,"receiver_ids":[190153,190154,190155,190156,190157,190158,190159,190160,190161,190162,190163,190164,190165,190166,190167,190168,190169,190170,190171,190172,190173,190174,190175],"receiver_keys":["r03-c03:expanded-facade-max4m:62060:0:1","r03-c03:expanded-facade-max4m:62060:0:10","r03-c03:expanded-facade-max4m:62060:0:11","r03-c03:expanded-facade-max4m:62060:0:12","r03-c03:expanded-facade-max4m:62060:0:13","r03-c03:expanded-facade-max4m:62060:0:14","r03-c03:expanded-facade-max4m:62060:0:15","r03-c03:expanded-facade-max4m:62060:0:17","r03-c03:expanded-facade-max4m:62060:0:18","r03-c03:expanded-facade-max4m:62060:0:19","r03-c03:expanded-facade-max4m:62060:0:2","r03-c03:expanded-facade-max4m:62060:0:20","r03-c03:expanded-facade-max4m:62060:0:22","r03-c03:expanded-facade-max4m:62060:0:23","r03-c03:expanded-facade-max4m:62060:0:24","r03-c03:expanded-facade-max4m:62060:0:25","r03-c03:expanded-facade-max4m:62060:0:26","r03-c03:expanded-facade-max4m:62060:0:27","r03-c03:expanded-facade-max4m:62060:0:28","r03-c03:expanded-facade-max4m:62060:0:3","r03-c03:expanded-facade-max4m:62060:0:7","r03-c03:expanded-facade-max4m:62060:0:8","r03-c03:expanded-facade-max4m:62060:0:9"],"receiver_count":23,"periods":{"D":{"min":55.70568,"max":67.902275,"receiver_count":23,"unavailable_count":0},"E":{"min":53.487194,"max":65.683784,"receiver_count":23,"unavailable_count":0},"N":{"min":48.71598,"max":60.912575,"receiver_count":23,"unavailable_count":0}}}},{"type":"Feature","id":"lariac:391481886776","geometry":{"type":"Polygon","coordinates":[[[-118.56249488536176,34.17552970338318],[-118.56249416010367,34.17560854504146],[-118.56257883540594,34.175609085182344],[-118.5625785663557,34.1756379124258],[-118.56257476418168,34.1756378751183],[-118.56257449605265,34.17566683939226],[-118.56259843462658,34.17566700210393],[-118.56259805461228,34.17570882743436],[-118.56273827716946,34.17570968694057],[-118.56273868465627,34.17566711951016],[-118.56274341314882,34.17566715250226],[-118.56275885750955,34.175653011129356],[-118.56275807330628,34.17561517604325],[-118.56274145190443,34.17560176086661],[-118.5627414489981,34.175586675331715],[-118.56270670126662,34.17558667202887],[-118.56270668096303,34.175529708017784],[-118.56249488536176,34.17552970338318]]]},"properties":{"building_pk":62318,"building_key":"lariac:391481886776","source_tile":"r03-c03","source_tile_ids":["r03-c03"],"source_bld_id":"391481886776","height_m":6.014,"receiver_ids":[190545,190546,190547,190548,190549,190550,190551,190552,190553,190554,190555,190556,190557,190558,190559,190560,190561,190562,190563,190564],"receiver_keys":["r03-c03:expanded-facade-max4m:62318:0:1","r03-c03:expanded-facade-max4m:62318:0:10","r03-c03:expanded-facade-max4m:62318:0:11","r03-c03:expanded-facade-max4m:62318:0:12","r03-c03:expanded-facade-max4m:62318:0:13","r03-c03:expanded-facade-max4m:62318:0:14","r03-c03:expanded-facade-max4m:62318:0:15","r03-c03:expanded-facade-max4m:62318:0:17","r03-c03:expanded-facade-max4m:62318:0:18","r03-c03:expanded-facade-max4m:62318:0:19","r03-c03:expanded-facade-max4m:62318:0:2","r03-c03:expanded-facade-max4m:62318:0:20","r03-c03:expanded-facade-max4m:62318:0:21","r03-c03:expanded-facade-max4m:62318:0:22","r03-c03:expanded-facade-max4m:62318:0:3","r03-c03:expanded-facade-max4m:62318:0:4","r03-c03:expanded-facade-max4m:62318:0:5","r03-c03:expanded-facade-max4m:62318:0:6","r03-c03:expanded-facade-max4m:62318:0:8","r03-c03:expanded-facade-max4m:62318:0:9"],"receiver_count":20,"periods":{"D":{"min":54.584812,"max":71.4725,"receiver_count":20,"unavailable_count":0},"E":{"min":52.366325,"max":69.25401,"receiver_count":20,"unavailable_count":0},"N":{"min":47.59511,"max":64.4828,"receiver_count":20,"unavailable_count":0}}}},{"type":"Feature","id":"lariac:391824887157","geometry":{"type":"Polygon","coordinates":[[[-118.56150059781083,34.17666445876398],[-118.5615007001422,34.176674680904355],[-118.56147957392827,34.176674833079645],[-118.56148002051891,34.17672110639453],[-118.56161114836551,34.176720857264144],[-118.5616108239673,34.17666372698053],[-118.56150059781083,34.17666445876398]]]},"properties":{"building_pk":62487,"building_key":"lariac:391824887157","source_tile":"r03-c03","source_tile_ids":["r03-c03"],"source_bld_id":"391824887157","height_m":5.331,"receiver_ids":[190777,190778,190779,190780,190781,190782,190783,190784,190785],"receiver_keys":["r03-c03:expanded-facade-max4m:62487:0:1","r03-c03:expanded-facade-max4m:62487:0:10","r03-c03:expanded-facade-max4m:62487:0:2","r03-c03:expanded-facade-max4m:62487:0:3","r03-c03:expanded-facade-max4m:62487:0:4","r03-c03:expanded-facade-max4m:62487:0:5","r03-c03:expanded-facade-max4m:62487:0:6","r03-c03:expanded-facade-max4m:62487:0:8","r03-c03:expanded-facade-max4m:62487:0:9"],"receiver_count":9,"periods":{"D":{"min":57.192707,"max":69.743706,"receiver_count":9,"unavailable_count":0},"E":{"min":54.97422,"max":67.52522,"receiver_count":9,"unavailable_count":0},"N":{"min":50.203007,"max":62.754005,"receiver_count":9,"unavailable_count":0}}}},{"type":"Feature","id":"lariac:390333887984","geometry":{"type":"Polygon","coordinates":[[[-118.56654640561712,34.178941934721166],[-118.5665463416157,34.17891202356156],[-118.56654632867244,34.178896039229684],[-118.56649138927948,34.17889735949585],[-118.56644878454341,34.17893833862975],[-118.56643269633076,34.17894039196867],[-118.56643715870862,34.17896466319873],[-118.56645337907257,34.178962581292375],[-118.56649583517367,34.178992142436904],[-118.56654640561712,34.178941934721166]]]},"properties":{"building_pk":62941,"building_key":"lariac:390333887984","source_tile":"r03-c03","source_tile_ids":["r03-c03"],"source_bld_id":"390333887984","height_m":5.733,"receiver_ids":[191304,191305,191306,191307,191308,191309,191310,191311],"receiver_keys":["r03-c03:expanded-facade-max4m:62941:0:2","r03-c03:expanded-facade-max4m:62941:0:3","r03-c03:expanded-facade-max4m:62941:0:4","r03-c03:expanded-facade-max4m:62941:0:5","r03-c03:expanded-facade-max4m:62941:0:6","r03-c03:expanded-facade-max4m:62941:0:7","r03-c03:expanded-facade-max4m:62941:0:8","r03-c03:expanded-facade-max4m:62941:0:9"],"receiver_count":8,"periods":{"D":{"min":58.009434,"max":65.76913,"receiver_count":8,"unavailable_count":0},"E":{"min":55.790947,"max":63.55064,"receiver_count":8,"unavailable_count":0},"N":{"min":51.019733,"max":58.779427,"receiver_count":8,"unavailable_count":0}}}},{"type":"Feature","id":"lariac:391458887498","geometry":{"type":"Polygon","coordinates":[[[-118.5627284861228,34.17763692147784],[-118.5627891920684,34.177636855375674],[-118.56278941118248,34.177602074561506],[-118.56272870518472,34.177601807092614],[-118.5627284861228,34.17763692147784]]]},"properties":{"building_pk":63365,"building_key":"lariac:391458887498","source_tile":"r03-c03","source_tile_ids":["r03-c03"],"source_bld_id":"391458887498","height_m":3.853,"receiver_ids":[191651,191652,191653,191654],"receiver_keys":["r03-c03:expanded-facade-max4m:63365:0:1","r03-c03:expanded-facade-max4m:63365:0:2","r03-c03:expanded-facade-max4m:63365:0:3","r03-c03:expanded-facade-max4m:63365:0:4"],"receiver_count":4,"periods":{"D":{"min":62.82355,"max":65.963135,"receiver_count":4,"unavailable_count":0},"E":{"min":60.605064,"max":63.744644,"receiver_count":4,"unavailable_count":0},"N":{"min":55.83385,"max":58.973434,"receiver_count":4,"unavailable_count":0}}}},{"type":"Feature","id":"lariac:2014121104090000","geometry":{"type":"Polygon","coordinates":[[[-118.56264995192146,34.178963394323304],[-118.56253708322409,34.17896343792902],[-118.56253710174951,34.17902015492657],[-118.56254311890171,34.17902015488714],[-118.56254313176474,34.17903672431888],[-118.56253588996375,34.179036730955936],[-118.56253589849614,34.17909196405723],[-118.56253894024701,34.17909197695575],[-118.56253895941263,34.17913412949442],[-118.56266764301472,34.17913408083081],[-118.56271136087769,34.17913406405418],[-118.56271131847112,34.179057231899804],[-118.56267317738087,34.179057247073345],[-118.56267316940406,34.179043178504074],[-118.56267316619682,34.17903722652028],[-118.5626566789999,34.179037232902864],[-118.5626566696296,34.17902070222126],[-118.56279563110832,34.17902064887948],[-118.56279560367787,34.17897100904924],[-118.56264995585876,34.17897106554956],[-118.56264995192146,34.178963394323304]]]},"properties":{"building_pk":63817,"building_key":"lariac:2014121104090000","source_tile":"r03-c03","source_tile_ids":["r03-c03"],"source_bld_id":"2014121104090000","height_m":5.776,"receiver_ids":[192026,192027,192028,192029,192030,192031,192032,192033,192034,192035,192036,192037,192038,192039,192040,192041,192042,192043,192044,192045,192046,192047],"receiver_keys":["r03-c03:expanded-facade-max4m:63817:0:1","r03-c03:expanded-facade-max4m:63817:0:10","r03-c03:expanded-facade-max4m:63817:0:11","r03-c03:expanded-facade-max4m:63817:0:12","r03-c03:expanded-facade-max4m:63817:0:15","r03-c03:expanded-facade-max4m:63817:0:16","r03-c03:expanded-facade-max4m:63817:0:18","r03-c03:expanded-facade-max4m:63817:0:19","r03-c03:expanded-facade-max4m:63817:0:2","r03-c03:expanded-facade-max4m:63817:0:20","r03-c03:expanded-facade-max4m:63817:0:21","r03-c03:expanded-facade-max4m:63817:0:22","r03-c03:expanded-facade-max4m:63817:0:23","r03-c03:expanded-facade-max4m:63817:0:24","r03-c03:expanded-facade-max4m:63817:0:25","r03-c03:expanded-facade-max4m:63817:0:3","r03-c03:expanded-facade-max4m:63817:0:4","r03-c03:expanded-facade-max4m:63817:0:5","r03-c03:expanded-facade-max4m:63817:0:6","r03-c03:expanded-facade-max4m:63817:0:7","r03-c03:expanded-facade-max4m:63817:0:8","r03-c03:expanded-facade-max4m:63817:0:9"],"receiver_count":22,"periods":{"D":{"min":52.775234,"max":69.98306,"receiver_count":22,"unavailable_count":0},"E":{"min":50.556747,"max":67.76457,"receiver_count":22,"unavailable_count":0},"N":{"min":45.785534,"max":62.993362,"receiver_count":22,"unavailable_count":0}}}},{"type":"Feature","id":"lariac:201700286247","geometry":{"type":"Polygon","coordinates":[[[-118.56250270201025,34.18000321510718],[-118.56275313966209,34.18000368098562],[-118.5627532624789,34.17995750058491],[-118.56272412952934,34.1799574468114],[-118.56272438332921,34.17986307282265],[-118.56267898843453,34.179862988317446],[-118.56267900060509,34.17985867527051],[-118.56267429373402,34.17985866651592],[-118.56267439451322,34.17982112572182],[-118.56252209437973,34.17982084247481],[-118.56252204909217,34.179837314810285],[-118.56249826849582,34.17983727034705],[-118.56249812217033,34.179891901937026],[-118.56253263128198,34.179891965919936],[-118.56253256628757,34.179915982473865],[-118.56249777511657,34.17991591709808],[-118.56249765805295,34.17995926752205],[-118.56250282053708,34.17995927686916],[-118.56250270201025,34.18000321510718]]]},"properties":{"building_pk":64242,"building_key":"lariac:201700286247","source_tile":"r03-c03","source_tile_ids":["r03-c03"],"source_bld_id":"201700286247","height_m":5.834,"receiver_ids":[192664,192665,192666,192667,192668,192669],"receiver_keys":["r03-c03:expanded-facade-max4m:64242:0:13","r03-c03:expanded-facade-max4m:64242:0:14","r03-c03:expanded-facade-max4m:64242:0:15","r03-c03:expanded-facade-max4m:64242:0:16","r03-c03:expanded-facade-max4m:64242:0:17","r03-c03:expanded-facade-max4m:64242:0:18"],"receiver_count":6,"periods":{"D":{"min":57.722324,"max":68.16757,"receiver_count":6,"unavailable_count":0},"E":{"min":55.503838,"max":65.94908,"receiver_count":6,"unavailable_count":0},"N":{"min":50.732624,"max":61.17787,"receiver_count":6,"unavailable_count":0}}}},{"type":"Feature","id":"lariac:390914888298","geometry":{"type":"Polygon","coordinates":[[[-118.56461427481331,34.17986057031372],[-118.56461870163575,34.17977195753571],[-118.56452583675525,34.17976873616698],[-118.56452493275056,34.1797866567881],[-118.56441516885869,34.179782882228274],[-118.5644122907371,34.17984289617612],[-118.56452081490912,34.179847487014236],[-118.5645203194933,34.17985732698445],[-118.56461427481331,34.17986057031372]]]},"properties":{"building_pk":68778,"building_key":"lariac:390914888298","source_tile":"r03-c03","source_tile_ids":["r03-c03"],"source_bld_id":"390914888298","height_m":5.764,"receiver_ids":[194865,194866,194867,194868,194869,194870,194871,194872],"receiver_keys":["r03-c03:expanded-facade-max4m:68778:0:10","r03-c03:expanded-facade-max4m:68778:0:2","r03-c03:expanded-facade-max4m:68778:0:3","r03-c03:expanded-facade-max4m:68778:0:4","r03-c03:expanded-facade-max4m:68778:0:5","r03-c03:expanded-facade-max4m:68778:0:7","r03-c03:expanded-facade-max4m:68778:0:8","r03-c03:expanded-facade-max4m:68778:0:9"],"receiver_count":8,"periods":{"D":{"min":57.712517,"max":65.067894,"receiver_count":8,"unavailable_count":0},"E":{"min":55.49403,"max":62.849407,"receiver_count":8,"unavailable_count":0},"N":{"min":50.722816,"max":58.078197,"receiver_count":8,"unavailable_count":0}}}},{"type":"Feature","id":"lariac:391301886367","geometry":{"type":"Polygon","coordinates":[[[-118.56324787067007,34.174528734215386],[-118.56327547834917,34.17452888060471],[-118.56327567349045,34.17450392854258],[-118.56324803327965,34.17450378230486],[-118.56324787067007,34.174528734215386]]]},"properties":{"building_pk":68790,"building_key":"lariac:391301886367","source_tile":"r03-c03","source_tile_ids":["r03-c03"],"source_bld_id":"391301886367","height_m":2.938,"receiver_ids":[194908,194909,194910,194911],"receiver_keys":["r03-c03:expanded-facade-max4m:68790:0:1","r03-c03:expanded-facade-max4m:68790:0:2","r03-c03:expanded-facade-max4m:68790:0:3","r03-c03:expanded-facade-max4m:68790:0:4"],"receiver_count":4,"periods":{"D":{"min":75.69071,"max":75.907906,"receiver_count":4,"unavailable_count":0},"E":{"min":73.47222,"max":73.68942,"receiver_count":4,"unavailable_count":0},"N":{"min":68.70101,"max":68.91821,"receiver_count":4,"unavailable_count":0}}}},{"type":"Feature","id":"lariac:390978887793","geometry":{"type":"Polygon","coordinates":[[[-118.56442620341018,34.178435885723765],[-118.5644262312604,34.17839103914576],[-118.56445512901904,34.1783910422163],[-118.56445519504003,34.17833723771022],[-118.5643098816032,34.178337173847126],[-118.56430990528827,34.17830631475746],[-118.56423362753621,34.178306257731904],[-118.564233551247,34.178387954279934],[-118.56431439156444,34.17838801616203],[-118.56431431708842,34.178484743258124],[-118.56440289388958,34.17848479693106],[-118.56440292790946,34.17843588435698],[-118.56442620341018,34.178435885723765]]]},"properties":{"building_pk":68820,"building_key":"lariac:390978887793","source_tile":"r03-c03","source_tile_ids":["r03-c03"],"source_bld_id":"390978887793","height_m":5.392,"receiver_ids":[194993,194994,194995,194996,194997,194998,194999,195000,195001],"receiver_keys":["r03-c03:expanded-facade-max4m:68820:0:1","r03-c03:expanded-facade-max4m:68820:0:13","r03-c03:expanded-facade-max4m:68820:0:14","r03-c03:expanded-facade-max4m:68820:0:15","r03-c03:expanded-facade-max4m:68820:0:16","r03-c03:expanded-facade-max4m:68820:0:17","r03-c03:expanded-facade-max4m:68820:0:18","r03-c03:expanded-facade-max4m:68820:0:19","r03-c03:expanded-facade-max4m:68820:0:20"],"receiver_count":9,"periods":{"D":{"min":55.42764,"max":63.086197,"receiver_count":9,"unavailable_count":0},"E":{"min":53.209152,"max":60.86771,"receiver_count":9,"unavailable_count":0},"N":{"min":48.43794,"max":56.096497,"receiver_count":9,"unavailable_count":0}}}},{"type":"Feature","id":"lariac:391314886395","geometry":{"type":"Polygon","coordinates":[[[-118.56325358147768,34.17456668338856],[-118.56318490562735,34.17456568425977],[-118.56318342774645,34.17463576280787],[-118.56325210365436,34.174636761937535],[-118.56325358147768,34.17456668338856]]]},"properties":{"building_pk":69414,"building_key":"lariac:391314886395","source_tile":"r03-c03","source_tile_ids":["r03-c03"],"source_bld_id":"391314886395","height_m":3.67,"receiver_ids":[195834,195835,195836,195837,195838,195839,195840,195841],"receiver_keys":["r03-c03:expanded-facade-max4m:69414:0:1","r03-c03:expanded-facade-max4m:69414:0:2","r03-c03:expanded-facade-max4m:69414:0:3","r03-c03:expanded-facade-max4m:69414:0:4","r03-c03:expanded-facade-max4m:69414:0:5","r03-c03:expanded-facade-max4m:69414:0:6","r03-c03:expanded-facade-max4m:69414:0:7","r03-c03:expanded-facade-max4m:69414:0:8"],"receiver_count":8,"periods":{"D":{"min":74.089134,"max":75.68066,"receiver_count":8,"unavailable_count":0},"E":{"min":71.87064,"max":73.46217,"receiver_count":8,"unavailable_count":0},"N":{"min":67.099434,"max":68.690956,"receiver_count":8,"unavailable_count":0}}}},{"type":"Feature","id":"lariac:391746886415","geometry":{"type":"Polygon","coordinates":[[[-118.56189067529544,34.17462023269171],[-118.56185784549399,34.17462035727076],[-118.56185767548831,34.174585240189614],[-118.56185470024825,34.17458525401209],[-118.5618545051071,34.174546399243475],[-118.56182828727646,34.1745464660499],[-118.5618282632563,34.174542894241405],[-118.56180667387801,34.17454296658743],[-118.56180672913074,34.17455118300921],[-118.56179109150068,34.17455125565175],[-118.56179109555983,34.17454685879945],[-118.56173165224094,34.17454707992285],[-118.5617316729352,34.17455015770037],[-118.56172086206908,34.174550207914315],[-118.56172102795594,34.174584720979496],[-118.5617112461601,34.174590372217786],[-118.56171054970898,34.17460972079867],[-118.56169964419456,34.17461537725524],[-118.56169935578731,34.174641208751964],[-118.56171093293062,34.17464703575694],[-118.56172019021456,34.17464710184679],[-118.56171980443048,34.17467329170907],[-118.56173240196655,34.17467342522555],[-118.56173185572717,34.174710112518135],[-118.56188937246519,34.17471166168907],[-118.56189067529544,34.17462023269171]]]},"properties":{"building_pk":69931,"building_key":"lariac:391746886415","source_tile":"r03-c03","source_tile_ids":["r03-c03"],"source_bld_id":"391746886415","height_m":10.348,"receiver_ids":[196610,196611,196612,196613,196614,196615,196616,196617,196618,196619,196620,196621,196622,196623,196624,196625,196626],"receiver_keys":["r03-c03:expanded-facade-max4m:69931:0:1","r03-c03:expanded-facade-max4m:69931:0:10","r03-c03:expanded-facade-max4m:69931:0:11","r03-c03:expanded-facade-max4m:69931:0:12","r03-c03:expanded-facade-max4m:69931:0:13","r03-c03:expanded-facade-max4m:69931:0:14","r03-c03:expanded-facade-max4m:69931:0:15","r03-c03:expanded-facade-max4m:69931:0:16","r03-c03:expanded-facade-max4m:69931:0:17","r03-c03:expanded-facade-max4m:69931:0:18","r03-c03:expanded-facade-max4m:69931:0:2","r03-c03:expanded-facade-max4m:69931:0:3","r03-c03:expanded-facade-max4m:69931:0:5","r03-c03:expanded-facade-max4m:69931:0:6","r03-c03:expanded-facade-max4m:69931:0:7","r03-c03:expanded-facade-max4m:69931:0:8","r03-c03:expanded-facade-max4m:69931:0:9"],"receiver_count":17,"periods":{"D":{"min":61.964607,"max":74.02432,"receiver_count":17,"unavailable_count":0},"E":{"min":59.74612,"max":71.80583,"receiver_count":17,"unavailable_count":0},"N":{"min":54.974907,"max":67.03462,"receiver_count":17,"unavailable_count":0}}}},{"type":"Feature","id":"lariac:391459888271","geometry":{"type":"Polygon","coordinates":[[[-118.56281223814996,34.17977828844831],[-118.56281219137841,34.17972706739813],[-118.56273895448064,34.17972707821551],[-118.56273900248031,34.17977832720774],[-118.56281223814996,34.17977828844831]]]},"properties":{"building_pk":70545,"building_key":"lariac:391459888271","source_tile":"r03-c03","source_tile_ids":["r03-c03"],"source_bld_id":"391459888271","height_m":5.8,"receiver_ids":[197352,197353,197354,197355,197356,197357,197358],"receiver_keys":["r03-c03:expanded-facade-max4m:70545:0:1","r03-c03:expanded-facade-max4m:70545:0:2","r03-c03:expanded-facade-max4m:70545:0:3","r03-c03:expanded-facade-max4m:70545:0:4","r03-c03:expanded-facade-max4m:70545:0:5","r03-c03:expanded-facade-max4m:70545:0:6","r03-c03:expanded-facade-max4m:70545:0:7"],"receiver_count":7,"periods":{"D":{"min":57.815193,"max":64.54283,"receiver_count":7,"unavailable_count":0},"E":{"min":55.596706,"max":62.32434,"receiver_count":7,"unavailable_count":0},"N":{"min":50.825493,"max":57.553127,"receiver_count":7,"unavailable_count":0}}}},{"type":"Feature","id":"lariac:390888887993","geometry":{"type":"Polygon","coordinates":[[[-118.56462662118474,34.17895257493181],[-118.56462618862776,34.178996268521],[-118.56469853531377,34.17899672771458],[-118.56469896693102,34.17895306117571],[-118.56462662118474,34.17895257493181]]]},"properties":{"building_pk":70580,"building_key":"lariac:390888887993","source_tile":"r03-c03","source_tile_ids":["r03-c03"],"source_bld_id":"390888887993","height_m":4.99,"receiver_ids":[197378,197379,197380,197381],"receiver_keys":["r03-c03:expanded-facade-max4m:70580:0:1","r03-c03:expanded-facade-max4m:70580:0:2","r03-c03:expanded-facade-max4m:70580:0:3","r03-c03:expanded-facade-max4m:70580:0:4"],"receiver_count":4,"periods":{"D":{"min":61.94506,"max":66.689735,"receiver_count":4,"unavailable_count":0},"E":{"min":59.726574,"max":64.47125,"receiver_count":4,"unavailable_count":0},"N":{"min":54.95536,"max":59.700035,"receiver_count":4,"unavailable_count":0}}}},{"type":"Feature","id":"lariac:2014121111430000","geometry":{"type":"Polygon","coordinates":[[[-118.56187491003902,34.176694932526665],[-118.56191805173194,34.17669491780616],[-118.56191801217427,34.176620174522704],[-118.56179898748324,34.176620205486806],[-118.56179899229384,34.17662592125802],[-118.56176979902473,34.17662591892829],[-118.56176982189278,34.17666384049767],[-118.561760663638,34.17666385508964],[-118.5617606597069,34.17669279108724],[-118.56177778648943,34.17669279357386],[-118.5617778010873,34.17669496442578],[-118.56181100236076,34.17669495354438],[-118.56181101934807,34.17672990094515],[-118.56187492705305,34.17672987992741],[-118.56187491003902,34.176694932526665]]]},"properties":{"building_pk":71406,"building_key":"lariac:2014121111430000","source_tile":"r03-c03","source_tile_ids":["r03-c03"],"source_bld_id":"2014121111430000","height_m":4.017,"receiver_ids":[198087,198088,198089,198090,198091,198092,198093,198094,198095,198096,198097,198098,198099],"receiver_keys":["r03-c03:expanded-facade-max4m:71406:0:1","r03-c03:expanded-facade-max4m:71406:0:10","r03-c03:expanded-facade-max4m:71406:0:12","r03-c03:expanded-facade-max4m:71406:0:13","r03-c03:expanded-facade-max4m:71406:0:14","r03-c03:expanded-facade-max4m:71406:0:2","r03-c03:expanded-facade-max4m:71406:0:3","r03-c03:expanded-facade-max4m:71406:0:4","r03-c03:expanded-facade-max4m:71406:0:5","r03-c03:expanded-facade-max4m:71406:0:6","r03-c03:expanded-facade-max4m:71406:0:7","r03-c03:expanded-facade-max4m:71406:0:8","r03-c03:expanded-facade-max4m:71406:0:9"],"receiver_count":13,"periods":{"D":{"min":69.05238,"max":71.35283,"receiver_count":13,"unavailable_count":0},"E":{"min":66.8339,"max":69.134346,"receiver_count":13,"unavailable_count":0},"N":{"min":62.062687,"max":64.36313,"receiver_count":13,"unavailable_count":0}}}},{"type":"Feature","id":"lariac:391326887287","geometry":{"type":"Polygon","coordinates":[[[-118.56312349362932,34.177059921671],[-118.56315269313635,34.177060665616956],[-118.56315243964161,34.177067151609016],[-118.5631966845292,34.17706823749178],[-118.5631950022075,34.17707854998302],[-118.56322575099291,34.177083517646444],[-118.56324479460464,34.17705408097054],[-118.56324549393064,34.17701557994765],[-118.56321636320037,34.17701522066353],[-118.56321636449489,34.17701541268653],[-118.56315377255622,34.177014660169135],[-118.56315377496276,34.17701501716967],[-118.56312431340628,34.17701466030535],[-118.56312349362932,34.177059921671]]]},"properties":{"building_pk":76192,"building_key":"lariac:391326887287","source_tile":"r03-c03","source_tile_ids":["r03-c03"],"source_bld_id":"391326887287","height_m":4.913,"receiver_ids":[200315,200316,200317,200318,200319,200320,200321,200322],"receiver_keys":["r03-c03:expanded-facade-max4m:76192:0:1","r03-c03:expanded-facade-max4m:76192:0:2","r03-c03:expanded-facade-max4m:76192:0:3","r03-c03:expanded-facade-max4m:76192:0:4","r03-c03:expanded-facade-max4m:76192:0:5","r03-c03:expanded-facade-max4m:76192:0:6","r03-c03:expanded-facade-max4m:76192:0:7","r03-c03:expanded-facade-max4m:76192:0:8"],"receiver_count":8,"periods":{"D":{"min":57.690804,"max":67.11434,"receiver_count":8,"unavailable_count":0},"E":{"min":55.472317,"max":64.89585,"receiver_count":8,"unavailable_count":0},"N":{"min":50.701103,"max":60.12464,"receiver_count":8,"unavailable_count":0}}}},{"type":"Feature","id":"lariac:391296887069","geometry":{"type":"Polygon","coordinates":[[[-118.56334949625031,34.17647916953228],[-118.56334937422406,34.17641201132401],[-118.56321150497752,34.17641221349838],[-118.56321154508066,34.17642314995149],[-118.5631877073749,34.17642317891945],[-118.56318781470553,34.17646854595659],[-118.56320556929576,34.17646851827089],[-118.56320560992978,34.17647937268097],[-118.56334949625031,34.17647916953228]]]},"properties":{"building_pk":76198,"building_key":"lariac:391296887069","source_tile":"r03-c03","source_tile_ids":["r03-c03"],"source_bld_id":"391296887069","height_m":3.737,"receiver_ids":[200323,200324,200325,200326,200327,200328,200329],"receiver_keys":["r03-c03:expanded-facade-max4m:76198:0:10","r03-c03:expanded-facade-max4m:76198:0:11","r03-c03:expanded-facade-max4m:76198:0:4","r03-c03:expanded-facade-max4m:76198:0:5","r03-c03:expanded-facade-max4m:76198:0:7","r03-c03:expanded-facade-max4m:76198:0:8","r03-c03:expanded-facade-max4m:76198:0:9"],"receiver_count":7,"periods":{"D":{"min":69.11993,"max":69.77635,"receiver_count":7,"unavailable_count":0},"E":{"min":66.90144,"max":67.55786,"receiver_count":7,"unavailable_count":0},"N":{"min":62.13023,"max":62.78665,"receiver_count":7,"unavailable_count":0}}}},{"type":"Feature","id":"lariac:391837887191","geometry":{"type":"Polygon","coordinates":[[[-118.56155372944438,34.17681688596578],[-118.56156031479783,34.176768629958616],[-118.56152359175248,34.17676514560594],[-118.5615233096888,34.17676739987575],[-118.56145198132302,34.17676064128235],[-118.56144567816129,34.176806670960964],[-118.56155372944438,34.17681688596578]]]},"properties":{"building_pk":76227,"building_key":"lariac:391837887191","source_tile":"r03-c03","source_tile_ids":["r03-c03"],"source_bld_id":"391837887191","height_m":3.703,"receiver_ids":[200372,200373,200374,200375,200376,200377,200378,200379],"receiver_keys":["r03-c03:expanded-facade-max4m:76227:0:1","r03-c03:expanded-facade-max4m:76227:0:2","r03-c03:expanded-facade-max4m:76227:0:3","r03-c03:expanded-facade-max4m:76227:0:4","r03-c03:expanded-facade-max4m:76227:0:5","r03-c03:expanded-facade-max4m:76227:0:6","r03-c03:expanded-facade-max4m:76227:0:7","r03-c03:expanded-facade-max4m:76227:0:8"],"receiver_count":8,"periods":{"D":{"min":61.006435,"max":67.961655,"receiver_count":8,"unavailable_count":0},"E":{"min":58.78795,"max":65.74317,"receiver_count":8,"unavailable_count":0},"N":{"min":54.016735,"max":60.97196,"receiver_count":8,"unavailable_count":0}}}},{"type":"Feature","id":"lariac:391853887934","geometry":{"type":"Polygon","coordinates":[[[-118.56149427133842,34.178851744707465],[-118.56149411833407,34.17880929077505],[-118.56144108556911,34.17880942698553],[-118.5614412385465,34.17885188091799],[-118.56149427133842,34.178851744707465]]]},"properties":{"building_pk":76229,"building_key":"lariac:391853887934","source_tile":"r03-c03","source_tile_ids":["r03-c03"],"source_bld_id":"391853887934","height_m":4.685,"receiver_ids":[200380,200381,200382,200383,200384],"receiver_keys":["r03-c03:expanded-facade-max4m:76229:0:1","r03-c03:expanded-facade-max4m:76229:0:2","r03-c03:expanded-facade-max4m:76229:0:3","r03-c03:expanded-facade-max4m:76229:0:4","r03-c03:expanded-facade-max4m:76229:0:5"],"receiver_count":5,"periods":{"D":{"min":61.357903,"max":67.124,"receiver_count":5,"unavailable_count":0},"E":{"min":59.139416,"max":64.90551,"receiver_count":5,"unavailable_count":0},"N":{"min":54.368202,"max":60.134296,"receiver_count":5,"unavailable_count":0}}}},{"type":"Feature","id":"lariac:391867887722","geometry":{"type":"Polygon","coordinates":[[[-118.56139580669446,34.1782365324038],[-118.56139531731802,34.17825717103392],[-118.5614170397702,34.1782670728388],[-118.56143830652617,34.17825823544357],[-118.56143842143155,34.17823594962629],[-118.5614169978565,34.178226293461165],[-118.56139580669446,34.1782365324038]]]},"properties":{"building_pk":76270,"building_key":"lariac:391867887722","source_tile":"r03-c03","source_tile_ids":["r03-c03"],"source_bld_id":"391867887722","height_m":4.804,"receiver_ids":[200448,200449,200450,200451],"receiver_keys":["r03-c03:expanded-facade-max4m:76270:0:1","r03-c03:expanded-facade-max4m:76270:0:2","r03-c03:expanded-facade-max4m:76270:0:3","r03-c03:expanded-facade-max4m:76270:0:4"],"receiver_count":4,"periods":{"D":{"min":65.15188,"max":67.88003,"receiver_count":4,"unavailable_count":0},"E":{"min":62.933388,"max":65.661545,"receiver_count":4,"unavailable_count":0},"N":{"min":58.162178,"max":60.89033,"receiver_count":4,"unavailable_count":0}}}},{"type":"Feature","id":"lariac:391929887943","geometry":{"type":"Polygon","coordinates":[[[-118.56114423588635,34.17884787346277],[-118.56111315715125,34.178847962661116],[-118.56111336198086,34.17890316780103],[-118.5611444743629,34.178903078446595],[-118.56114445439182,34.178905111522624],[-118.56115741592978,34.178905079331955],[-118.56115747388898,34.178913707747455],[-118.56118521278123,34.17891363313343],[-118.56118518512689,34.17890451053078],[-118.56119874109271,34.17890447557753],[-118.5611987687486,34.17891359818015],[-118.56122908711738,34.17891351248838],[-118.56122905594545,34.17890386700608],[-118.56124327250724,34.17890382898241],[-118.56124330125269,34.17891295158002],[-118.56127041299926,34.17891285371189],[-118.56127037723087,34.178902686256585],[-118.56128327151556,34.17890265436453],[-118.56128287635562,34.17880444552318],[-118.56114404537033,34.178804814768334],[-118.56114423588635,34.17884787346277]]]},"properties":{"building_pk":76646,"building_key":"lariac:391929887943","source_tile":"r03-c03","source_tile_ids":["r03-c03"],"source_bld_id":"391929887943","height_m":9.056,"receiver_ids":[200802,200803,200804,200805,200806,200807,200808],"receiver_keys":["r03-c03:expanded-facade-max4m:76646:0:10","r03-c03:expanded-facade-max4m:76646:0:11","r03-c03:expanded-facade-max4m:76646:0:12","r03-c03:expanded-facade-max4m:76646:0:13","r03-c03:expanded-facade-max4m:76646:0:14","r03-c03:expanded-facade-max4m:76646:0:6","r03-c03:expanded-facade-max4m:76646:0:9"],"receiver_count":7,"periods":{"D":{"min":54.79365,"max":66.905464,"receiver_count":7,"unavailable_count":0},"E":{"min":52.575165,"max":64.68698,"receiver_count":7,"unavailable_count":0},"N":{"min":47.80395,"max":59.915768,"receiver_count":7,"unavailable_count":0}}}},{"type":"Feature","id":"lariac:390977887949","geometry":{"type":"Polygon","coordinates":[[[-118.56440368422886,34.178914869814705],[-118.56450459406808,34.178914920854744],[-118.5645046188778,34.17890398409801],[-118.56451040496967,34.17890398413765],[-118.56451043529374,34.178874278993845],[-118.56450464920388,34.17887427895423],[-118.5645046794343,34.178854191491745],[-118.56446262220177,34.17885416780969],[-118.56446261917893,34.178858536710266],[-118.56443739087848,34.17885851741722],[-118.56443739379925,34.178863766197814],[-118.5644142494306,34.178863764220644],[-118.56441430118306,34.17880784385527],[-118.56451008648155,34.17880789085713],[-118.56451010909652,34.17876227618694],[-118.56446983754304,34.17876227121924],[-118.56446985035332,34.178764167108305],[-118.56435019400125,34.17876412147653],[-118.56435020707528,34.178756261747345],[-118.56432233407449,34.17875622772485],[-118.56432237217344,34.17873745918599],[-118.56424140044939,34.178737424967096],[-118.56424141389482,34.17874921260346],[-118.564234040679,34.17874919200748],[-118.56423403565007,34.17878763570703],[-118.56424243393056,34.178787651520764],[-118.56424241672732,34.17879988015554],[-118.56429131762012,34.17879989902981],[-118.56429127140983,34.178832242167516],[-118.56424187459163,34.178832197658934],[-118.56424183884835,34.17887589029601],[-118.5642292090584,34.178875894223246],[-118.56422920953571,34.178900377474946],[-118.56424236867393,34.17890037107812],[-118.56424233952804,34.17891564969496],[-118.56432274953865,34.178915686535],[-118.56432276855892,34.17890870668585],[-118.56440370791347,34.17890874190365],[-118.56440368422886,34.178914869814705]]]},"properties":{"building_pk":76683,"building_key":"lariac:390977887949","source_tile":"r03-c03","source_tile_ids":["r03-c03"],"source_bld_id":"390977887949","height_m":6.093,"receiver_ids":[200848,200849,200850,200851,200852,200853,200854,200855,200856,200857,200858,200859,200860,200861,200862,200863,200864,200865,200866,200867,200868,200869,200870,200871,200872],"receiver_keys":["r03-c03:expanded-facade-max4m:76683:0:1","r03-c03:expanded-facade-max4m:76683:0:10","r03-c03:expanded-facade-max4m:76683:0:11","r03-c03:expanded-facade-max4m:76683:0:12","r03-c03:expanded-facade-max4m:76683:0:13","r03-c03:expanded-facade-max4m:76683:0:14","r03-c03:expanded-facade-max4m:76683:0:15","r03-c03:expanded-facade-max4m:76683:0:2","r03-c03:expanded-facade-max4m:76683:0:20","r03-c03:expanded-facade-max4m:76683:0:21","r03-c03:expanded-facade-max4m:76683:0:22","r03-c03:expanded-facade-max4m:76683:0:23","r03-c03:expanded-facade-max4m:76683:0:24","r03-c03:expanded-facade-max4m:76683:0:25","r03-c03:expanded-facade-max4m:76683:0:26","r03-c03:expanded-facade-max4m:76683:0:28","r03-c03:expanded-facade-max4m:76683:0:29","r03-c03:expanded-facade-max4m:76683:0:3","r03-c03:expanded-facade-max4m:76683:0:30","r03-c03:expanded-facade-max4m:76683:0:31","r03-c03:expanded-facade-max4m:76683:0:4","r03-c03:expanded-facade-max4m:76683:0:5","r03-c03:expanded-facade-max4m:76683:0:6","r03-c03:expanded-facade-max4m:76683:0:8","r03-c03:expanded-facade-max4m:76683:0:9"],"receiver_count":25,"periods":{"D":{"min":51.118267,"max":64.74069,"receiver_count":25,"unavailable_count":0},"E":{"min":48.89978,"max":62.52221,"receiver_count":25,"unavailable_count":0},"N":{"min":44.128567,"max":57.750996,"receiver_count":25,"unavailable_count":0}}}},{"type":"Feature","id":"lariac:391514887622","geometry":{"type":"Polygon","coordinates":[[[-118.56253083661232,34.178060420233614],[-118.56262992392624,34.17805995931557],[-118.56262928269352,34.17796474745006],[-118.56268790152224,34.17796447473842],[-118.56268731605596,34.17787255956287],[-118.56252961001154,34.17787326524431],[-118.56253083661232,34.178060420233614]]]},"properties":{"building_pk":76747,"building_key":"lariac:391514887622","source_tile":"r03-c03","source_tile_ids":["r03-c03"],"source_bld_id":"391514887622","height_m":3.886,"receiver_ids":[200965,200966,200967,200968,200969,200970,200971,200972,200973,200974,200975,200976,200977,200978,200979,200980,200981,200982],"receiver_keys":["r03-c03:expanded-facade-max4m:76747:0:1","r03-c03:expanded-facade-max4m:76747:0:10","r03-c03:expanded-facade-max4m:76747:0:11","r03-c03:expanded-facade-max4m:76747:0:12","r03-c03:expanded-facade-max4m:76747:0:13","r03-c03:expanded-facade-max4m:76747:0:14","r03-c03:expanded-facade-max4m:76747:0:15","r03-c03:expanded-facade-max4m:76747:0:16","r03-c03:expanded-facade-max4m:76747:0:17","r03-c03:expanded-facade-max4m:76747:0:18","r03-c03:expanded-facade-max4m:76747:0:2","r03-c03:expanded-facade-max4m:76747:0:3","r03-c03:expanded-facade-max4m:76747:0:4","r03-c03:expanded-facade-max4m:76747:0:5","r03-c03:expanded-facade-max4m:76747:0:6","r03-c03:expanded-facade-max4m:76747:0:7","r03-c03:expanded-facade-max4m:76747:0:8","r03-c03:expanded-facade-max4m:76747:0:9"],"receiver_count":18,"periods":{"D":{"min":58.680004,"max":69.29271,"receiver_count":18,"unavailable_count":0},"E":{"min":56.461514,"max":67.07422,"receiver_count":18,"unavailable_count":0},"N":{"min":51.690304,"max":62.303005,"receiver_count":18,"unavailable_count":0}}}},{"type":"Feature","id":"lariac:391743887887","geometry":{"type":"Polygon","coordinates":[[[-118.56175710604822,34.17877520372568],[-118.56189217494936,34.178775786156805],[-118.56189264075198,34.17869763268489],[-118.56190454412265,34.17869768737075],[-118.56190511730279,34.17860598678855],[-118.56175818003574,34.17860535041306],[-118.56175710604822,34.17877520372568]]]},"properties":{"building_pk":77437,"building_key":"lariac:391743887887","source_tile":"r03-c03","source_tile_ids":["r03-c03"],"source_bld_id":"391743887887","height_m":6.008,"receiver_ids":[201818,201819,201820,201821,201822,201823,201824,201825,201826,201827,201828,201829,201830,201831,201832,201833],"receiver_keys":["r03-c03:expanded-facade-max4m:77437:0:1","r03-c03:expanded-facade-max4m:77437:0:10","r03-c03:expanded-facade-max4m:77437:0:11","r03-c03:expanded-facade-max4m:77437:0:12","r03-c03:expanded-facade-max4m:77437:0:13","r03-c03:expanded-facade-max4m:77437:0:14","r03-c03:expanded-facade-max4m:77437:0:15","r03-c03:expanded-facade-max4m:77437:0:16","r03-c03:expanded-facade-max4m:77437:0:17","r03-c03:expanded-facade-max4m:77437:0:2","r03-c03:expanded-facade-max4m:77437:0:3","r03-c03:expanded-facade-max4m:77437:0:4","r03-c03:expanded-facade-max4m:77437:0:5","r03-c03:expanded-facade-max4m:77437:0:7","r03-c03:expanded-facade-max4m:77437:0:8","r03-c03:expanded-facade-max4m:77437:0:9"],"receiver_count":16,"periods":{"D":{"min":55.978626,"max":68.33355,"receiver_count":16,"unavailable_count":0},"E":{"min":53.76014,"max":66.11506,"receiver_count":16,"unavailable_count":0},"N":{"min":48.988926,"max":61.34385,"receiver_count":16,"unavailable_count":0}}}},{"type":"Feature","id":"lariac:391502887228","geometry":{"type":"Polygon","coordinates":[[[-118.56277507549379,34.17697105541832],[-118.56277490517768,34.176926127727015],[-118.56274270341329,34.17692622257317],[-118.56274256704762,34.176891324409574],[-118.5627513619538,34.176891311434055],[-118.56275127204118,34.17686330987186],[-118.56276059627609,34.176863294432614],[-118.56276057155608,34.17684980202857],[-118.56279505440625,34.17684969656253],[-118.56279502935223,34.176840985953525],[-118.56282657068613,34.17684092121303],[-118.56282632996083,34.176780716271665],[-118.56249984192485,34.17678154824448],[-118.56250006079404,34.17684337516605],[-118.56250482170574,34.176843380069116],[-118.56250497959894,34.176876657154914],[-118.56254779419386,34.17687654005387],[-118.56254796824666,34.1769218797335],[-118.5625353053146,34.17692191158726],[-118.56253550824577,34.17697170205899],[-118.56277507549379,34.17697105541832]]]},"properties":{"building_pk":77784,"building_key":"lariac:391502887228","source_tile":"r03-c03","source_tile_ids":["r03-c03"],"source_bld_id":"391502887228","height_m":5.861,"receiver_ids":[202240,202241,202242,202243,202244,202245,202246,202247,202248,202249,202250,202251,202252,202253,202254,202255,202256,202257,202258,202259,202260,202261,202262,202263],"receiver_keys":["r03-c03:expanded-facade-max4m:77784:0:1","r03-c03:expanded-facade-max4m:77784:0:10","r03-c03:expanded-facade-max4m:77784:0:11","r03-c03:expanded-facade-max4m:77784:0:12","r03-c03:expanded-facade-max4m:77784:0:13","r03-c03:expanded-facade-max4m:77784:0:14","r03-c03:expanded-facade-max4m:77784:0:15","r03-c03:expanded-facade-max4m:77784:0:16","r03-c03:expanded-facade-max4m:77784:0:17","r03-c03:expanded-facade-max4m:77784:0:19","r03-c03:expanded-facade-max4m:77784:0:2","r03-c03:expanded-facade-max4m:77784:0:21","r03-c03:expanded-facade-max4m:77784:0:22","r03-c03:expanded-facade-max4m:77784:0:23","r03-c03:expanded-facade-max4m:77784:0:24","r03-c03:expanded-facade-max4m:77784:0:25","r03-c03:expanded-facade-max4m:77784:0:26","r03-c03:expanded-facade-max4m:77784:0:27","r03-c03:expanded-facade-max4m:77784:0:28","r03-c03:expanded-facade-max4m:77784:0:3","r03-c03:expanded-facade-max4m:77784:0:4","r03-c03:expanded-facade-max4m:77784:0:7","r03-c03:expanded-facade-max4m:77784:0:8","r03-c03:expanded-facade-max4m:77784:0:9"],"receiver_count":24,"periods":{"D":{"min":55.7341,"max":70.09449,"receiver_count":24,"unavailable_count":0},"E":{"min":53.515614,"max":67.876,"receiver_count":24,"unavailable_count":0},"N":{"min":48.744404,"max":63.10479,"receiver_count":24,"unavailable_count":0}}}},{"type":"Feature","id":"lariac:391260888036","geometry":{"type":"Polygon","coordinates":[[[-118.56348651690766,34.17913260431623],[-118.56348571740594,34.17906794924602],[-118.56336606803023,34.17906900158919],[-118.56336686725088,34.1791336287132],[-118.56348651690766,34.17913260431623]]]},"properties":{"building_pk":77923,"building_key":"lariac:391260888036","source_tile":"r03-c03","source_tile_ids":["r03-c03"],"source_bld_id":"391260888036","height_m":5.852,"receiver_ids":[202333,202334,202335,202336,202337,202338,202339,202340,202341],"receiver_keys":["r03-c03:expanded-facade-max4m:77923:0:10","r03-c03:expanded-facade-max4m:77923:0:2","r03-c03:expanded-facade-max4m:77923:0:3","r03-c03:expanded-facade-max4m:77923:0:4","r03-c03:expanded-facade-max4m:77923:0:5","r03-c03:expanded-facade-max4m:77923:0:6","r03-c03:expanded-facade-max4m:77923:0:7","r03-c03:expanded-facade-max4m:77923:0:8","r03-c03:expanded-facade-max4m:77923:0:9"],"receiver_count":9,"periods":{"D":{"min":52.551666,"max":69.04644,"receiver_count":9,"unavailable_count":0},"E":{"min":50.33318,"max":66.82796,"receiver_count":9,"unavailable_count":0},"N":{"min":45.561966,"max":62.05674,"receiver_count":9,"unavailable_count":0}}}},{"type":"Feature","id":"lariac:391763888008","geometry":{"type":"Polygon","coordinates":[[[-118.56183294169425,34.178989629170474],[-118.56190868778319,34.17898941431036],[-118.56190852384725,34.17894536649713],[-118.561746086517,34.178945791111545],[-118.56174601523439,34.17892051032507],[-118.56168514618012,34.1789206559927],[-118.56168544078139,34.17898899532185],[-118.56170226936588,34.17898894421197],[-118.56170251314568,34.179054562915134],[-118.5616623745334,34.17905466728455],[-118.5616623104592,34.17903529518879],[-118.56153472027128,34.17903563972424],[-118.56153494955245,34.17909427963676],[-118.56172780521298,34.17909374107859],[-118.56173950383501,34.17910770125649],[-118.5617614915843,34.17910765412386],[-118.56177178204493,34.17909416880179],[-118.5618333454494,34.17909401986558],[-118.56183294169425,34.178989629170474]]]},"properties":{"building_pk":78570,"building_key":"lariac:391763888008","source_tile":"r03-c03","source_tile_ids":["r03-c03"],"source_bld_id":"391763888008","height_m":6.197,"receiver_ids":[203212,203213,203214,203215,203216,203217,203218,203219,203220,203221,203222,203223,203224,203225,203226,203227,203228,203229,203230,203231,203232,203233,203234,203235,203236,203237,203238],"receiver_keys":["r03-c03:expanded-facade-max4m:78570:0:1","r03-c03:expanded-facade-max4m:78570:0:10","r03-c03:expanded-facade-max4m:78570:0:11","r03-c03:expanded-facade-max4m:78570:0:13","r03-c03:expanded-facade-max4m:78570:0:16","r03-c03:expanded-facade-max4m:78570:0:17","r03-c03:expanded-facade-max4m:78570:0:18","r03-c03:expanded-facade-max4m:78570:0:19","r03-c03:expanded-facade-max4m:78570:0:2","r03-c03:expanded-facade-max4m:78570:0:20","r03-c03:expanded-facade-max4m:78570:0:21","r03-c03:expanded-facade-max4m:78570:0:22","r03-c03:expanded-facade-max4m:78570:0:23","r03-c03:expanded-facade-max4m:78570:0:24","r03-c03:expanded-facade-max4m:78570:0:25","r03-c03:expanded-facade-max4m:78570:0:26","r03-c03:expanded-facade-max4m:78570:0:27","r03-c03:expanded-facade-max4m:78570:0:28","r03-c03:expanded-facade-max4m:78570:0:29","r03-c03:expanded-facade-max4m:78570:0:3","r03-c03:expanded-facade-max4m:78570:0:30","r03-c03:expanded-facade-max4m:78570:0:4","r03-c03:expanded-facade-max4m:78570:0:5","r03-c03:expanded-facade-max4m:78570:0:6","r03-c03:expanded-facade-max4m:78570:0:7","r03-c03:expanded-facade-max4m:78570:0:8","r03-c03:expanded-facade-max4m:78570:0:9"],"receiver_count":27,"periods":{"D":{"min":60.61169,"max":68.85565,"receiver_count":27,"unavailable_count":0},"E":{"min":58.3932,"max":66.63717,"receiver_count":27,"unavailable_count":0},"N":{"min":53.62199,"max":61.865955,"receiver_count":27,"unavailable_count":0}}}},{"type":"Feature","id":"lariac:2014121104540000","geometry":{"type":"Polygon","coordinates":[[[-118.5670326898646,34.17893754889271],[-118.56702899275338,34.178950296041684],[-118.56700905709246,34.178946301900694],[-118.56698967649776,34.178942418748974],[-118.56698860065177,34.17894612914258],[-118.56694875866195,34.17893814611585],[-118.5669287572559,34.1790071025868],[-118.56695011263744,34.17901138128483],[-118.56693939857982,34.17904831912412],[-118.56696439621031,34.17905334074861],[-118.56694872698783,34.17910738339079],[-118.56691396315884,34.17910042955182],[-118.56690968011794,34.17911523496616],[-118.56680866390715,34.17909506755204],[-118.5667957111129,34.17913988094873],[-118.56682067596347,34.179144864891704],[-118.56681709356326,34.17915725809082],[-118.5669529463954,34.17918437989652],[-118.56695660296984,34.17917173030685],[-118.56696206301969,34.1791529363474],[-118.56704112697315,34.17916877816906],[-118.56705398548465,34.17912447636353],[-118.56703888781618,34.17912144222803],[-118.56706466874176,34.1790325083509],[-118.56705890734989,34.17903135434],[-118.56706734007147,34.17900224177847],[-118.56708107994855,34.17900500730555],[-118.56709687767541,34.17895041500231],[-118.5670326898646,34.17893754889271]]]},"properties":{"building_pk":78938,"building_key":"lariac:2014121104540000","source_tile":"r03-c03","source_tile_ids":["r03-c03"],"source_bld_id":"2014121104540000","height_m":6.614,"receiver_ids":[203649,203650,203651,203652,203653,203654,203655,203656,203657,203658,203659,203660,203661,203662,203663,203664,203665,203666,203667,203668,203669,203670,203671,203672],"receiver_keys":["r03-c03:expanded-facade-max4m:78938:0:11","r03-c03:expanded-facade-max4m:78938:0:12","r03-c03:expanded-facade-max4m:78938:0:13","r03-c03:expanded-facade-max4m:78938:0:14","r03-c03:expanded-facade-max4m:78938:0:15","r03-c03:expanded-facade-max4m:78938:0:16","r03-c03:expanded-facade-max4m:78938:0:17","r03-c03:expanded-facade-max4m:78938:0:18","r03-c03:expanded-facade-max4m:78938:0:2","r03-c03:expanded-facade-max4m:78938:0:20","r03-c03:expanded-facade-max4m:78938:0:21","r03-c03:expanded-facade-max4m:78938:0:22","r03-c03:expanded-facade-max4m:78938:0:23","r03-c03:expanded-facade-max4m:78938:0:24","r03-c03:expanded-facade-max4m:78938:0:25","r03-c03:expanded-facade-max4m:78938:0:27","r03-c03:expanded-facade-max4m:78938:0:28","r03-c03:expanded-facade-max4m:78938:0:29","r03-c03:expanded-facade-max4m:78938:0:3","r03-c03:expanded-facade-max4m:78938:0:4","r03-c03:expanded-facade-max4m:78938:0:5","r03-c03:expanded-facade-max4m:78938:0:6","r03-c03:expanded-facade-max4m:78938:0:8","r03-c03:expanded-facade-max4m:78938:0:9"],"receiver_count":24,"periods":{"D":{"min":52.856762,"max":65.32704,"receiver_count":24,"unavailable_count":0},"E":{"min":50.638275,"max":63.108555,"receiver_count":24,"unavailable_count":0},"N":{"min":45.86706,"max":58.33734,"receiver_count":24,"unavailable_count":0}}}},{"type":"Feature","id":"lariac:201700286114","geometry":{"type":"Polygon","coordinates":[[[-118.56313497282268,34.17862721467535],[-118.56319883004022,34.17862753398383],[-118.5631993145626,34.17856070562],[-118.56313545735968,34.17856038090269],[-118.56313497282268,34.17862721467535]]]},"properties":{"building_pk":79303,"building_key":"lariac:201700286114","source_tile":"r03-c03","source_tile_ids":["r03-c03"],"source_bld_id":"201700286114","height_m":4.17,"receiver_ids":[204075,204076,204077,204078,204079,204080,204081],"receiver_keys":["r03-c03:expanded-facade-max4m:79303:0:1","r03-c03:expanded-facade-max4m:79303:0:2","r03-c03:expanded-facade-max4m:79303:0:3","r03-c03:expanded-facade-max4m:79303:0:4","r03-c03:expanded-facade-max4m:79303:0:5","r03-c03:expanded-facade-max4m:79303:0:6","r03-c03:expanded-facade-max4m:79303:0:7"],"receiver_count":7,"periods":{"D":{"min":63.115566,"max":66.06072,"receiver_count":7,"unavailable_count":0},"E":{"min":60.897076,"max":63.842236,"receiver_count":7,"unavailable_count":0},"N":{"min":56.125866,"max":59.071026,"receiver_count":7,"unavailable_count":0}}}},{"type":"Feature","id":"lariac:201700286133","geometry":{"type":"Polygon","coordinates":[[[-118.56272260067172,34.17880804922456],[-118.56283983412375,34.178808636047684],[-118.56284026043947,34.17874970909601],[-118.56272303466322,34.17874912223792],[-118.56272260067172,34.17880804922456]]]},"properties":{"building_pk":79304,"building_key":"lariac:201700286133","source_tile":"r03-c03","source_tile_ids":["r03-c03"],"source_bld_id":"201700286133","height_m":4.627,"receiver_ids":[204082,204083,204084,204085,204086,204087,204088,204089],"receiver_keys":["r03-c03:expanded-facade-max4m:79304:0:1","r03-c03:expanded-facade-max4m:79304:0:2","r03-c03:expanded-facade-max4m:79304:0:3","r03-c03:expanded-facade-max4m:79304:0:4","r03-c03:expanded-facade-max4m:79304:0:5","r03-c03:expanded-facade-max4m:79304:0:6","r03-c03:expanded-facade-max4m:79304:0:7","r03-c03:expanded-facade-max4m:79304:0:8"],"receiver_count":8,"periods":{"D":{"min":56.33388,"max":65.10159,"receiver_count":8,"unavailable_count":0},"E":{"min":54.11539,"max":62.883106,"receiver_count":8,"unavailable_count":0},"N":{"min":49.34418,"max":58.111893,"receiver_count":8,"unavailable_count":0}}}},{"type":"Feature","id":"lariac:201700286215","geometry":{"type":"Polygon","coordinates":[[[-118.56681447341379,34.17952810467798],[-118.56685113518914,34.17954137038297],[-118.56687684947953,34.17949228424702],[-118.5668719125344,34.17949049888747],[-118.56688003631854,34.17947499029841],[-118.56686583660336,34.17946985223389],[-118.56688583550981,34.1794316754335],[-118.56690528752912,34.17943871457666],[-118.56694098032241,34.17937058249449],[-118.56686073756669,34.17934154661116],[-118.56689454450489,34.179277012432316],[-118.56683604721552,34.17925584516427],[-118.56677825330127,34.17936616671273],[-118.56677610453256,34.17936538883211],[-118.5667572675073,34.179401346876546],[-118.56669996633906,34.17938061208813],[-118.56668799052298,34.17940347458541],[-118.56664177682799,34.179386751983124],[-118.56661065011296,34.17944616988758],[-118.56673502637364,34.179491175561225],[-118.56672558269248,34.179509125398276],[-118.56676566551454,34.17952362914767],[-118.56676790153799,34.179519359770715],[-118.56677187284451,34.17952079625395],[-118.56676988633406,34.17952458844598],[-118.5668043243801,34.17953258513842],[-118.56680655934153,34.179528319371876],[-118.56681311765755,34.17953069215511],[-118.56681447341379,34.17952810467798]]]},"properties":{"building_pk":79308,"building_key":"lariac:201700286215","source_tile":"r03-c03","source_tile_ids":["r03-c03"],"source_bld_id":"201700286215","height_m":6.468,"receiver_ids":[204097,204098,204099,204100,204101,204102,204103,204104,204105,204106,204107,204108,204109,204110,204111,204112,204113,204114,204115,204116,204117,204118],"receiver_keys":["r03-c03:expanded-facade-max4m:79308:0:1","r03-c03:expanded-facade-max4m:79308:0:11","r03-c03:expanded-facade-max4m:79308:0:12","r03-c03:expanded-facade-max4m:79308:0:13","r03-c03:expanded-facade-max4m:79308:0:14","r03-c03:expanded-facade-max4m:79308:0:15","r03-c03:expanded-facade-max4m:79308:0:16","r03-c03:expanded-facade-max4m:79308:0:17","r03-c03:expanded-facade-max4m:79308:0:19","r03-c03:expanded-facade-max4m:79308:0:2","r03-c03:expanded-facade-max4m:79308:0:21","r03-c03:expanded-facade-max4m:79308:0:22","r03-c03:expanded-facade-max4m:79308:0:23","r03-c03:expanded-facade-max4m:79308:0:24","r03-c03:expanded-facade-max4m:79308:0:25","r03-c03:expanded-facade-max4m:79308:0:26","r03-c03:expanded-facade-max4m:79308:0:27","r03-c03:expanded-facade-max4m:79308:0:29","r03-c03:expanded-facade-max4m:79308:0:6","r03-c03:expanded-facade-max4m:79308:0:7","r03-c03:expanded-facade-max4m:79308:0:8","r03-c03:expanded-facade-max4m:79308:0:9"],"receiver_count":22,"periods":{"D":{"min":56.95744,"max":69.33594,"receiver_count":22,"unavailable_count":0},"E":{"min":54.73895,"max":67.117455,"receiver_count":22,"unavailable_count":0},"N":{"min":49.96774,"max":62.34624,"receiver_count":22,"unavailable_count":0}}}},{"type":"Feature","id":"lariac:391360887893","geometry":{"type":"Polygon","coordinates":[[[-118.56307368461528,34.178721734901586],[-118.56311617053377,34.178721638967936],[-118.56311605030125,34.178685295551965],[-118.56308575160574,34.17868587386902],[-118.56308632997948,34.17870296266269],[-118.56307300784823,34.17870324466382],[-118.56307368461528,34.178721734901586]]]},"properties":{"building_pk":83578,"building_key":"lariac:391360887893","source_tile":"r03-c03","source_tile_ids":["r03-c03"],"source_bld_id":"391360887893","height_m":3.901,"receiver_ids":[205652,205653,205654],"receiver_keys":["r03-c03:expanded-facade-max4m:83578:0:2","r03-c03:expanded-facade-max4m:83578:0:3","r03-c03:expanded-facade-max4m:83578:0:4"],"receiver_count":3,"periods":{"D":{"min":64.88317,"max":64.93624,"receiver_count":3,"unavailable_count":0},"E":{"min":62.66468,"max":62.71776,"receiver_count":3,"unavailable_count":0},"N":{"min":57.893467,"max":57.946545,"receiver_count":3,"unavailable_count":0}}}},{"type":"Feature","id":"lariac:391510887062","geometry":{"type":"Polygon","coordinates":[[[-118.56266515033226,34.176530471681815],[-118.56266687559186,34.17641845843828],[-118.56265877528716,34.17641835908943],[-118.56265939205097,34.176377384616664],[-118.5626358497112,34.176377137130615],[-118.56263591621484,34.17637235502781],[-118.56261964854579,34.17637218368374],[-118.5626195336337,34.17637960303014],[-118.56254675765484,34.17637884258293],[-118.56254678406232,34.176377770523374],[-118.5625239359242,34.17637751978649],[-118.56252328676149,34.17641868643793],[-118.56253707574007,34.176418842278004],[-118.56253682026639,34.17643502889933],[-118.56254234189309,34.17643508525672],[-118.56254149412831,34.17649073434554],[-118.56252284535721,34.17649054701741],[-118.56252245185817,34.1765155549946],[-118.5625144166196,34.176515454431815],[-118.56251395052672,34.1765445025687],[-118.56254496609611,34.1765448253062],[-118.56254522418693,34.17652918861496],[-118.56266515033226,34.176530471681815]]]},"properties":{"building_pk":83644,"building_key":"lariac:391510887062","source_tile":"r03-c03","source_tile_ids":["r03-c03"],"source_bld_id":"391510887062","height_m":6.187,"receiver_ids":[205773,205774,205775,205776,205777,205778,205779,205780,205781,205782,205783,205784,205785,205786,205787,205788],"receiver_keys":["r03-c03:expanded-facade-max4m:83644:0:1","r03-c03:expanded-facade-max4m:83644:0:11","r03-c03:expanded-facade-max4m:83644:0:12","r03-c03:expanded-facade-max4m:83644:0:13","r03-c03:expanded-facade-max4m:83644:0:14","r03-c03:expanded-facade-max4m:83644:0:16","r03-c03:expanded-facade-max4m:83644:0:17","r03-c03:expanded-facade-max4m:83644:0:18","r03-c03:expanded-facade-max4m:83644:0:2","r03-c03:expanded-facade-max4m:83644:0:3","r03-c03:expanded-facade-max4m:83644:0:4","r03-c03:expanded-facade-max4m:83644:0:5","r03-c03:expanded-facade-max4m:83644:0:6","r03-c03:expanded-facade-max4m:83644:0:7","r03-c03:expanded-facade-max4m:83644:0:8","r03-c03:expanded-facade-max4m:83644:0:9"],"receiver_count":16,"periods":{"D":{"min":56.214558,"max":70.00345,"receiver_count":16,"unavailable_count":0},"E":{"min":53.99607,"max":67.784966,"receiver_count":16,"unavailable_count":0},"N":{"min":49.224857,"max":63.013752,"receiver_count":16,"unavailable_count":0}}}},{"type":"Feature","id":"lariac:391788886781","geometry":{"type":"Polygon","coordinates":[[[-118.56161881618617,34.17568864762692],[-118.56171641952928,34.1756892383243],[-118.56171687913442,34.175634662983725],[-118.56161930839548,34.17563407213561],[-118.56161881618617,34.17568864762692]]]},"properties":{"building_pk":83701,"building_key":"lariac:391788886781","source_tile":"r03-c03","source_tile_ids":["r03-c03"],"source_bld_id":"391788886781","height_m":5.267,"receiver_ids":[205895,205896,205897,205898,205899,205900,205901,205902],"receiver_keys":["r03-c03:expanded-facade-max4m:83701:0:1","r03-c03:expanded-facade-max4m:83701:0:2","r03-c03:expanded-facade-max4m:83701:0:3","r03-c03:expanded-facade-max4m:83701:0:4","r03-c03:expanded-facade-max4m:83701:0:5","r03-c03:expanded-facade-max4m:83701:0:6","r03-c03:expanded-facade-max4m:83701:0:7","r03-c03:expanded-facade-max4m:83701:0:8"],"receiver_count":8,"periods":{"D":{"min":61.795376,"max":71.969635,"receiver_count":8,"unavailable_count":0},"E":{"min":59.57689,"max":69.75115,"receiver_count":8,"unavailable_count":0},"N":{"min":54.805676,"max":64.979935,"receiver_count":8,"unavailable_count":0}}}},{"type":"Feature","id":"lariac:391289886523","geometry":{"type":"Polygon","coordinates":[[[-118.56333643415608,34.174973510835564],[-118.5633363386484,34.174920257030074],[-118.56325699096169,34.17492035163927],[-118.56325708533414,34.17497360544988],[-118.56333643415608,34.174973510835564]]]},"properties":{"building_pk":84373,"building_key":"lariac:391289886523","source_tile":"r03-c03","source_tile_ids":["r03-c03"],"source_bld_id":"391289886523","height_m":2.95,"receiver_ids":[206707,206708,206709,206710],"receiver_keys":["r03-c03:expanded-facade-max4m:84373:0:3","r03-c03:expanded-facade-max4m:84373:0:4","r03-c03:expanded-facade-max4m:84373:0:5","r03-c03:expanded-facade-max4m:84373:0:6"],"receiver_count":4,"periods":{"D":{"min":70.20608,"max":71.94401,"receiver_count":4,"unavailable_count":0},"E":{"min":67.987595,"max":69.725525,"receiver_count":4,"unavailable_count":0},"N":{"min":63.216377,"max":64.95431,"receiver_count":4,"unavailable_count":0}}}},{"type":"Feature","id":"lariac:390679887791","geometry":{"type":"Polygon","coordinates":[[[-118.56529389744225,34.17842817832652],[-118.56521034544637,34.1784279918353],[-118.56521017400595,34.17848586370581],[-118.56541199633908,34.17848634929839],[-118.56541259505863,34.178311001421655],[-118.5653710668849,34.178310893542836],[-118.56537095994645,34.17834397893812],[-118.5652941857064,34.178343815815374],[-118.56529389744225,34.17842817832652]]]},"properties":{"building_pk":84376,"building_key":"lariac:390679887791","source_tile":"r03-c03","source_tile_ids":["r03-c03"],"source_bld_id":"390679887791","height_m":5.59,"receiver_ids":[206711,206712,206713,206714,206715,206716,206717,206718],"receiver_keys":["r03-c03:expanded-facade-max4m:84376:0:10","r03-c03:expanded-facade-max4m:84376:0:3","r03-c03:expanded-facade-max4m:84376:0:4","r03-c03:expanded-facade-max4m:84376:0:5","r03-c03:expanded-facade-max4m:84376:0:6","r03-c03:expanded-facade-max4m:84376:0:7","r03-c03:expanded-facade-max4m:84376:0:8","r03-c03:expanded-facade-max4m:84376:0:9"],"receiver_count":8,"periods":{"D":{"min":53.3397,"max":63.531235,"receiver_count":8,"unavailable_count":0},"E":{"min":51.121212,"max":61.312748,"receiver_count":8,"unavailable_count":0},"N":{"min":46.35,"max":56.541534,"receiver_count":8,"unavailable_count":0}}}},{"type":"Feature","id":"lariac:391514887149","geometry":{"type":"Polygon","coordinates":[[[-118.56269450800684,34.17670691615982],[-118.56269487326288,34.17665308232077],[-118.56267797805418,34.17665299594456],[-118.56267830664687,34.1766085338341],[-118.56271996685602,34.17660872405978],[-118.5627199426731,34.17661012607442],[-118.56273578020058,34.17661020294138],[-118.56284442670882,34.17661072782593],[-118.56284446751717,34.176606963686545],[-118.56286642208768,34.17660708058557],[-118.56286670310934,34.17656539365035],[-118.56284408796625,34.17656527892415],[-118.56284413650411,34.17655783193842],[-118.56271862751328,34.17655723495596],[-118.56271858966261,34.17656143903532],[-118.56257949180088,34.17656076719844],[-118.5625792693487,34.17659168220305],[-118.56255129761722,34.17659153734507],[-118.56255152689938,34.17655680246357],[-118.56252590282944,34.17655670257538],[-118.56252564080766,34.17659140966113],[-118.56251846519672,34.17659138804235],[-118.56251741828427,34.17674021992054],[-118.56252303845628,34.17674024877413],[-118.56252299359251,34.1767482456848],[-118.56254663382103,34.17674835570319],[-118.5625465928171,34.17675209279693],[-118.56264237853821,34.17675255417259],[-118.56264240990834,34.17674738727356],[-118.5626767633203,34.17674755741436],[-118.56267705091588,34.176706832397684],[-118.56269450800684,34.17670691615982]]]},"properties":{"building_pk":84595,"building_key":"lariac:391514887149","source_tile":"r03-c03","source_tile_ids":["r03-c03"],"source_bld_id":"391514887149","height_m":7.145,"receiver_ids":[207026,207027,207028,207029,207030,207031,207032,207033,207034,207035,207036,207037,207038,207039,207040,207041,207042,207043,207044,207045,207046,207047,207048,207049,207050],"receiver_keys":["r03-c03:expanded-facade-max4m:84595:0:1","r03-c03:expanded-facade-max4m:84595:0:11","r03-c03:expanded-facade-max4m:84595:0:12","r03-c03:expanded-facade-max4m:84595:0:13","r03-c03:expanded-facade-max4m:84595:0:14","r03-c03:expanded-facade-max4m:84595:0:15","r03-c03:expanded-facade-max4m:84595:0:16","r03-c03:expanded-facade-max4m:84595:0:2","r03-c03:expanded-facade-max4m:84595:0:20","r03-c03:expanded-facade-max4m:84595:0:21","r03-c03:expanded-facade-max4m:84595:0:22","r03-c03:expanded-facade-max4m:84595:0:23","r03-c03:expanded-facade-max4m:84595:0:24","r03-c03:expanded-facade-max4m:84595:0:25","r03-c03:expanded-facade-max4m:84595:0:26","r03-c03:expanded-facade-max4m:84595:0:27","r03-c03:expanded-facade-max4m:84595:0:28","r03-c03:expanded-facade-max4m:84595:0:29","r03-c03:expanded-facade-max4m:84595:0:3","r03-c03:expanded-facade-max4m:84595:0:4","r03-c03:expanded-facade-max4m:84595:0:5","r03-c03:expanded-facade-max4m:84595:0:6","r03-c03:expanded-facade-max4m:84595:0:7","r03-c03:expanded-facade-max4m:84595:0:8","r03-c03:expanded-facade-max4m:84595:0:9"],"receiver_count":25,"periods":{"D":{"min":55.104378,"max":69.97189,"receiver_count":25,"unavailable_count":0},"E":{"min":52.885887,"max":67.75341,"receiver_count":25,"unavailable_count":0},"N":{"min":48.114677,"max":62.982197,"receiver_count":25,"unavailable_count":0}}}},{"type":"Feature","id":"lariac:391735887306","geometry":{"type":"Polygon","coordinates":[[[-118.56196981289504,34.17713000169826],[-118.56196893807967,34.17705897215202],[-118.56191213931838,34.1770594560387],[-118.56191232988526,34.177073112654476],[-118.56187788058632,34.17707338179367],[-118.56187765824095,34.17705499942803],[-118.56181556959498,34.177055535793336],[-118.56181579578204,34.177074330147136],[-118.56178068500392,34.17707463027929],[-118.56178083635807,34.177087298082746],[-118.5617479403478,34.17708756087128],[-118.56174832747108,34.17712045103088],[-118.56178383418383,34.17712014906901],[-118.56178397722105,34.17713157999175],[-118.56196981289504,34.17713000169826]]]},"properties":{"building_pk":85019,"building_key":"lariac:391735887306","source_tile":"r03-c03","source_tile_ids":["r03-c03"],"source_bld_id":"391735887306","height_m":4.663,"receiver_ids":[207497,207498,207499,207500,207501,207502,207503,207504,207505,207506,207507,207508,207509],"receiver_keys":["r03-c03:expanded-facade-max4m:85019:0:1","r03-c03:expanded-facade-max4m:85019:0:10","r03-c03:expanded-facade-max4m:85019:0:11","r03-c03:expanded-facade-max4m:85019:0:12","r03-c03:expanded-facade-max4m:85019:0:13","r03-c03:expanded-facade-max4m:85019:0:14","r03-c03:expanded-facade-max4m:85019:0:15","r03-c03:expanded-facade-max4m:85019:0:16","r03-c03:expanded-facade-max4m:85019:0:2","r03-c03:expanded-facade-max4m:85019:0:3","r03-c03:expanded-facade-max4m:85019:0:4","r03-c03:expanded-facade-max4m:85019:0:6","r03-c03:expanded-facade-max4m:85019:0:7"],"receiver_count":13,"periods":{"D":{"min":64.56288,"max":70.91921,"receiver_count":13,"unavailable_count":0},"E":{"min":62.34439,"max":68.70072,"receiver_count":13,"unavailable_count":0},"N":{"min":57.573177,"max":63.929512,"receiver_count":13,"unavailable_count":0}}}},{"type":"Feature","id":"lariac:390670887842","geometry":{"type":"Polygon","coordinates":[[[-118.56533553972636,34.178586840403234],[-118.56543641647723,34.17858702875501],[-118.56543660262582,34.178521737099906],[-118.56531165514835,34.178521524227484],[-118.56531161578468,34.17853526395598],[-118.56517093046114,34.17853501451027],[-118.56517086266894,34.17855930695463],[-118.56515958863517,34.17855927669584],[-118.56515951136701,34.17859194994593],[-118.56513130847733,34.17859188970381],[-118.56513105129989,34.17869562446572],[-118.56533525326981,34.17869598908087],[-118.56533553972636,34.178586840403234]]]},"properties":{"building_pk":85031,"building_key":"lariac:390670887842","source_tile":"r03-c03","source_tile_ids":["r03-c03"],"source_bld_id":"390670887842","height_m":7.358,"receiver_ids":[207518,207519,207520,207521,207522,207523,207524,207525,207526,207527,207528,207529,207530,207531,207532,207533,207534,207535,207536,207537,207538],"receiver_keys":["r03-c03:expanded-facade-max4m:85031:0:1","r03-c03:expanded-facade-max4m:85031:0:10","r03-c03:expanded-facade-max4m:85031:0:11","r03-c03:expanded-facade-max4m:85031:0:14","r03-c03:expanded-facade-max4m:85031:0:15","r03-c03:expanded-facade-max4m:85031:0:16","r03-c03:expanded-facade-max4m:85031:0:17","r03-c03:expanded-facade-max4m:85031:0:18","r03-c03:expanded-facade-max4m:85031:0:19","r03-c03:expanded-facade-max4m:85031:0:2","r03-c03:expanded-facade-max4m:85031:0:20","r03-c03:expanded-facade-max4m:85031:0:21","r03-c03:expanded-facade-max4m:85031:0:22","r03-c03:expanded-facade-max4m:85031:0:23","r03-c03:expanded-facade-max4m:85031:0:24","r03-c03:expanded-facade-max4m:85031:0:3","r03-c03:expanded-facade-max4m:85031:0:4","r03-c03:expanded-facade-max4m:85031:0:5","r03-c03:expanded-facade-max4m:85031:0:6","r03-c03:expanded-facade-max4m:85031:0:7","r03-c03:expanded-facade-max4m:85031:0:9"],"receiver_count":21,"periods":{"D":{"min":51.529297,"max":65.87029,"receiver_count":21,"unavailable_count":0},"E":{"min":49.31081,"max":63.651806,"receiver_count":21,"unavailable_count":0},"N":{"min":44.539597,"max":58.880592,"receiver_count":21,"unavailable_count":0}}}},{"type":"Feature","id":"lariac:390416888001","geometry":{"type":"Polygon","coordinates":[[[-118.56599632520815,34.17909659277574],[-118.56615076001647,34.17909592494387],[-118.5661504010886,34.179038000557064],[-118.56628427050515,34.17903742882106],[-118.56628369169536,34.17894708049746],[-118.56622093920552,34.178947346353425],[-118.56622080040678,34.178922066780856],[-118.56617481015253,34.17892225413628],[-118.56617486136534,34.178929810646416],[-118.56598620693629,34.17893061160826],[-118.5659864737513,34.17897479688091],[-118.56597285179728,34.17897486062742],[-118.56597336604865,34.1790557295079],[-118.56599608017456,34.17905562321195],[-118.56599632520815,34.17909659277574]]]},"properties":{"building_pk":85245,"building_key":"lariac:390416888001","source_tile":"r03-c03","source_tile_ids":["r03-c03"],"source_bld_id":"390416888001","height_m":8.117,"receiver_ids":[207688,207689,207690,207691,207692,207693,207694,207695,207696,207697,207698,207699,207700,207701,207702,207703,207704,207705,207706,207707,207708,207709,207710,207711],"receiver_keys":["r03-c03:expanded-facade-max4m:85245:0:1","r03-c03:expanded-facade-max4m:85245:0:10","r03-c03:expanded-facade-max4m:85245:0:11","r03-c03:expanded-facade-max4m:85245:0:12","r03-c03:expanded-facade-max4m:85245:0:13","r03-c03:expanded-facade-max4m:85245:0:14","r03-c03:expanded-facade-max4m:85245:0:15","r03-c03:expanded-facade-max4m:85245:0:16","r03-c03:expanded-facade-max4m:85245:0:17","r03-c03:expanded-facade-max4m:85245:0:18","r03-c03:expanded-facade-max4m:85245:0:19","r03-c03:expanded-facade-max4m:85245:0:2","r03-c03:expanded-facade-max4m:85245:0:20","r03-c03:expanded-facade-max4m:85245:0:21","r03-c03:expanded-facade-max4m:85245:0:22","r03-c03:expanded-facade-max4m:85245:0:23","r03-c03:expanded-facade-max4m:85245:0:24","r03-c03:expanded-facade-max4m:85245:0:3","r03-c03:expanded-facade-max4m:85245:0:4","r03-c03:expanded-facade-max4m:85245:0:5","r03-c03:expanded-facade-max4m:85245:0:6","r03-c03:expanded-facade-max4m:85245:0:7","r03-c03:expanded-facade-max4m:85245:0:8","r03-c03:expanded-facade-max4m:85245:0:9"],"receiver_count":24,"periods":{"D":{"min":51.230034,"max":64.98389,"receiver_count":24,"unavailable_count":0},"E":{"min":49.011547,"max":62.765396,"receiver_count":24,"unavailable_count":0},"N":{"min":44.240337,"max":57.994183,"receiver_count":24,"unavailable_count":0}}}},{"type":"Feature","id":"lariac:391510888181","geometry":{"type":"Polygon","coordinates":[[[-118.5626260724103,34.17958580571732],[-118.56265913903465,34.179585764582306],[-118.56265877179924,34.17954009853936],[-118.56266743445894,34.1795400582386],[-118.56266711473988,34.17950241392014],[-118.56265828720504,34.17950245498792],[-118.56265790122711,34.17945497241945],[-118.56267902850628,34.179454874129284],[-118.56267886119376,34.17943003374247],[-118.56260318127237,34.17943046875219],[-118.5626032193944,34.179436129374594],[-118.56254284698036,34.17943646519103],[-118.56254309265661,34.17946795500761],[-118.56253115647185,34.17946803757154],[-118.56253193049993,34.17956333176296],[-118.56257861497281,34.179563087571026],[-118.56257864920165,34.17956817032132],[-118.56262592900623,34.17956789539409],[-118.5626260724103,34.17958580571732]]]},"properties":{"building_pk":85726,"building_key":"lariac:391510888181","source_tile":"r03-c03","source_tile_ids":["r03-c03"],"source_bld_id":"391510888181","height_m":6.273,"receiver_ids":[208275,208276,208277,208278,208279,208280,208281,208282,208283,208284,208285,208286,208287,208288,208289],"receiver_keys":["r03-c03:expanded-facade-max4m:85726:0:1","r03-c03:expanded-facade-max4m:85726:0:10","r03-c03:expanded-facade-max4m:85726:0:11","r03-c03:expanded-facade-max4m:85726:0:12","r03-c03:expanded-facade-max4m:85726:0:13","r03-c03:expanded-facade-max4m:85726:0:14","r03-c03:expanded-facade-max4m:85726:0:15","r03-c03:expanded-facade-max4m:85726:0:16","r03-c03:expanded-facade-max4m:85726:0:2","r03-c03:expanded-facade-max4m:85726:0:3","r03-c03:expanded-facade-max4m:85726:0:5","r03-c03:expanded-facade-max4m:85726:0:6","r03-c03:expanded-facade-max4m:85726:0:7","r03-c03:expanded-facade-max4m:85726:0:8","r03-c03:expanded-facade-max4m:85726:0:9"],"receiver_count":15,"periods":{"D":{"min":56.490257,"max":70.89109,"receiver_count":15,"unavailable_count":0},"E":{"min":54.27177,"max":68.6726,"receiver_count":15,"unavailable_count":0},"N":{"min":49.500557,"max":63.90139,"receiver_count":15,"unavailable_count":0}}}},{"type":"Feature","id":"lariac:391406886945","geometry":{"type":"Polygon","coordinates":[[[-118.5629123895984,34.17608855592718],[-118.56291220193185,34.17611463398327],[-118.56294777861022,34.17611479835224],[-118.56294796625961,34.17608871939456],[-118.5629123895984,34.17608855592718]]]},"properties":{"building_pk":85930,"building_key":"lariac:391406886945","source_tile":"r03-c03","source_tile_ids":["r03-c03"],"source_bld_id":"391406886945","height_m":3.493,"receiver_ids":[208519,208520,208521,208522],"receiver_keys":["r03-c03:expanded-facade-max4m:85930:0:1","r03-c03:expanded-facade-max4m:85930:0:2","r03-c03:expanded-facade-max4m:85930:0:3","r03-c03:expanded-facade-max4m:85930:0:4"],"receiver_count":4,"periods":{"D":{"min":69.723076,"max":70.363045,"receiver_count":4,"unavailable_count":0},"E":{"min":67.50459,"max":68.14456,"receiver_count":4,"unavailable_count":0},"N":{"min":62.73338,"max":63.37335,"receiver_count":4,"unavailable_count":0}}}},{"type":"Feature","id":"lariac:390891888313","geometry":{"type":"Polygon","coordinates":[[[-118.56468137397646,34.179867264761],[-118.56468239824575,34.17984274787462],[-118.56462674090731,34.17984113972031],[-118.56462571661564,34.1798656557047],[-118.56468137397646,34.179867264761]]]},"properties":{"building_pk":86148,"building_key":"lariac:390891888313","source_tile":"r03-c03","source_tile_ids":["r03-c03"],"source_bld_id":"390891888313","height_m":4.078,"receiver_ids":[208735],"receiver_keys":["r03-c03:expanded-facade-max4m:86148:0:2"],"receiver_count":1,"periods":{"D":{"min":64.53966,"max":64.53966,"receiver_count":1,"unavailable_count":0},"E":{"min":62.32117,"max":62.32117,"receiver_count":1,"unavailable_count":0},"N":{"min":57.549957,"max":57.549957,"receiver_count":1,"unavailable_count":0}}}},{"type":"Feature","id":"lariac:2014121102790000","geometry":{"type":"Polygon","coordinates":[[[-118.5618958265959,34.17603495419557],[-118.56188227198187,34.17603528222484],[-118.56188350084204,34.17607042233501],[-118.56180935392872,34.17607222369394],[-118.56181193027308,34.17614563533079],[-118.56189477099646,34.17614362949767],[-118.56189407679982,34.176123957410944],[-118.56199648699169,34.1761214756258],[-118.56199374768873,34.17604401951825],[-118.56200713309278,34.176043692262766],[-118.56200425729719,34.17596239440609],[-118.56189335548926,34.1759651040745],[-118.5618958265959,34.17603495419557]]]},"properties":{"building_pk":86326,"building_key":"lariac:2014121102790000","source_tile":"r03-c03","source_tile_ids":["r03-c03"],"source_bld_id":"2014121102790000","height_m":4.898,"receiver_ids":[208907,208908,208909,208910,208911,208912,208913,208914,208915,208916,208917,208918,208919,208920,208921,208922,208923,208924],"receiver_keys":["r03-c03:expanded-facade-max4m:86326:0:1","r03-c03:expanded-facade-max4m:86326:0:10","r03-c03:expanded-facade-max4m:86326:0:11","r03-c03:expanded-facade-max4m:86326:0:12","r03-c03:expanded-facade-max4m:86326:0:14","r03-c03:expanded-facade-max4m:86326:0:15","r03-c03:expanded-facade-max4m:86326:0:16","r03-c03:expanded-facade-max4m:86326:0:17","r03-c03:expanded-facade-max4m:86326:0:18","r03-c03:expanded-facade-max4m:86326:0:19","r03-c03:expanded-facade-max4m:86326:0:20","r03-c03:expanded-facade-max4m:86326:0:3","r03-c03:expanded-facade-max4m:86326:0:4","r03-c03:expanded-facade-max4m:86326:0:5","r03-c03:expanded-facade-max4m:86326:0:6","r03-c03:expanded-facade-max4m:86326:0:7","r03-c03:expanded-facade-max4m:86326:0:8","r03-c03:expanded-facade-max4m:86326:0:9"],"receiver_count":18,"periods":{"D":{"min":61.659348,"max":72.83393,"receiver_count":18,"unavailable_count":0},"E":{"min":59.44086,"max":70.61544,"receiver_count":18,"unavailable_count":0},"N":{"min":54.669647,"max":65.84423,"receiver_count":18,"unavailable_count":0}}}},{"type":"Feature","id":"lariac:2014121103110000","geometry":{"type":"Polygon","coordinates":[[[-118.56348714224828,34.17985782119547],[-118.56345072794544,34.17984934232584],[-118.56343531262522,34.17989506837107],[-118.56347032647868,34.179903221099934],[-118.56344029664422,34.179992299301354],[-118.5635031993224,34.180006945743685],[-118.56349753319559,34.18002377693873],[-118.56355653315197,34.18003749581607],[-118.56362395766558,34.1800531741302],[-118.56363052105624,34.18005469870848],[-118.56364891956602,34.17999999106864],[-118.56364352630813,34.179998737812475],[-118.5636614802888,34.17994535300554],[-118.56365612180046,34.17994410770176],[-118.56366657855764,34.1799130160747],[-118.56367986932055,34.17991609511448],[-118.56369636824213,34.17986716079823],[-118.56365825257328,34.17985829774861],[-118.56365634041369,34.17986396746017],[-118.56349751630907,34.17982700584128],[-118.56348714224828,34.17985782119547]]]},"properties":{"building_pk":86329,"building_key":"lariac:2014121103110000","source_tile":"r03-c03","source_tile_ids":["r03-c03"],"source_bld_id":"2014121103110000","height_m":7.09,"receiver_ids":[208925,208937,208938,208939,208940,208941,208942],"receiver_keys":["r03-c03:expanded-facade-max4m:86329:0:1","r03-c03:expanded-facade-max4m:86329:0:18","r03-c03:expanded-facade-max4m:86329:0:19","r03-c03:expanded-facade-max4m:86329:0:20","r03-c03:expanded-facade-max4m:86329:0:21","r03-c03:expanded-facade-max4m:86329:0:22","r03-c03:expanded-facade-max4m:86329:0:23"],"receiver_count":7,"periods":{"D":{"min":57.42309,"max":63.30998,"receiver_count":7,"unavailable_count":0},"E":{"min":55.204605,"max":61.09149,"receiver_count":7,"unavailable_count":0},"N":{"min":50.43339,"max":56.32028,"receiver_count":7,"unavailable_count":0}}}},{"type":"Feature","id":"lariac:391734887738","geometry":{"type":"Polygon","coordinates":[[[-118.56167093090438,34.178178235011174],[-118.56167022405494,34.178264935342845],[-118.56178135282597,34.17826551818188],[-118.56178075217963,34.17834331436566],[-118.56188338392928,34.17834385453927],[-118.56188333382526,34.17835108155471],[-118.5619176868104,34.1783512519162],[-118.56191753707986,34.17836818001598],[-118.56199328685643,34.17836859706605],[-118.5619938569729,34.17829596687356],[-118.56192855488852,34.17829561127062],[-118.56192946054732,34.17817964496854],[-118.56167093090438,34.178178235011174]]]},"properties":{"building_pk":91319,"building_key":"lariac:391734887738","source_tile":"r03-c03","source_tile_ids":["r03-c03"],"source_bld_id":"391734887738","height_m":5.532,"receiver_ids":[211622,211623,211624,211625,211626,211627,211628,211629,211630,211631,211632,211633,211634,211635,211636,211637,211638,211639,211640,211641],"receiver_keys":["r03-c03:expanded-facade-max4m:91319:0:1","r03-c03:expanded-facade-max4m:91319:0:10","r03-c03:expanded-facade-max4m:91319:0:12","r03-c03:expanded-facade-max4m:91319:0:13","r03-c03:expanded-facade-max4m:91319:0:14","r03-c03:expanded-facade-max4m:91319:0:15","r03-c03:expanded-facade-max4m:91319:0:16","r03-c03:expanded-facade-max4m:91319:0:18","r03-c03:expanded-facade-max4m:91319:0:19","r03-c03:expanded-facade-max4m:91319:0:2","r03-c03:expanded-facade-max4m:91319:0:20","r03-c03:expanded-facade-max4m:91319:0:25","r03-c03:expanded-facade-max4m:91319:0:26","r03-c03:expanded-facade-max4m:91319:0:3","r03-c03:expanded-facade-max4m:91319:0:4","r03-c03:expanded-facade-max4m:91319:0:5","r03-c03:expanded-facade-max4m:91319:0:6","r03-c03:expanded-facade-max4m:91319:0:7","r03-c03:expanded-facade-max4m:91319:0:8","r03-c03:expanded-facade-max4m:91319:0:9"],"receiver_count":20,"periods":{"D":{"min":55.04413,"max":70.15733,"receiver_count":20,"unavailable_count":0},"E":{"min":52.82564,"max":67.93885,"receiver_count":20,"unavailable_count":0},"N":{"min":48.05443,"max":63.167637,"receiver_count":20,"unavailable_count":0}}}},{"type":"Feature","id":"lariac:391351886228","geometry":{"type":"Polygon","coordinates":[[[-118.56308454054803,34.174155146358196],[-118.56310765533198,34.17415578070441],[-118.56310907147166,34.17412062828943],[-118.56308595650908,34.174119965996475],[-118.56308454054803,34.174155146358196]]]},"properties":{"building_pk":91329,"building_key":"lariac:391351886228","source_tile":"r03-c03","source_tile_ids":["r03-c03"],"source_bld_id":"391351886228","height_m":3.484,"receiver_ids":[211667,211668,211669,211670],"receiver_keys":["r03-c03:expanded-facade-max4m:91329:0:1","r03-c03:expanded-facade-max4m:91329:0:2","r03-c03:expanded-facade-max4m:91329:0:3","r03-c03:expanded-facade-max4m:91329:0:4"],"receiver_count":4,"periods":{"D":{"min":77.65379,"max":79.00424,"receiver_count":4,"unavailable_count":0},"E":{"min":75.4353,"max":76.78575,"receiver_count":4,"unavailable_count":0},"N":{"min":70.66409,"max":72.01454,"receiver_count":4,"unavailable_count":0}}}},{"type":"Feature","id":"lariac:391363887972","geometry":{"type":"Polygon","coordinates":[[[-118.56311663628026,34.178937015854125],[-118.5631155980525,34.17891237696077],[-118.56305915778142,34.17891473402284],[-118.56306051236145,34.17893867274658],[-118.56311663628026,34.178937015854125]]]},"properties":{"building_pk":92058,"building_key":"lariac:391363887972","source_tile":"r03-c03","source_tile_ids":["r03-c03"],"source_bld_id":"391363887972","height_m":3.941,"receiver_ids":[212346,212347,212348,212349],"receiver_keys":["r03-c03:expanded-facade-max4m:92058:0:1","r03-c03:expanded-facade-max4m:92058:0:2","r03-c03:expanded-facade-max4m:92058:0:3","r03-c03:expanded-facade-max4m:92058:0:4"],"receiver_count":4,"periods":{"D":{"min":63.294655,"max":66.32326,"receiver_count":4,"unavailable_count":0},"E":{"min":61.076168,"max":64.104774,"receiver_count":4,"unavailable_count":0},"N":{"min":56.304955,"max":59.33356,"receiver_count":4,"unavailable_count":0}}}},{"type":"Feature","id":"lariac:391486886454","geometry":{"type":"Polygon","coordinates":[[[-118.5627242955179,34.1748265996562],[-118.56272389018892,34.17478606989324],[-118.56275136339997,34.17478588706291],[-118.56275048040334,34.174699084132186],[-118.56272340439752,34.174699293062105],[-118.56272337681709,34.17469519837418],[-118.56258488756406,34.17469617265147],[-118.56258494048329,34.17470403117081],[-118.56258001500609,34.17470405408335],[-118.56258039010528,34.17474010511274],[-118.56258498457863,34.17474005669366],[-118.56258519044499,34.17476080208364],[-118.56257520625786,34.17476087647617],[-118.56257530797164,34.17477098772883],[-118.56257144004263,34.174771005721524],[-118.56257166200513,34.17479414193332],[-118.56257589311731,34.17479409520483],[-118.5625759839161,34.17480258553089],[-118.56251759945096,34.17480302209113],[-118.56251827119884,34.17486847472103],[-118.56258320169371,34.174868007709726],[-118.56258286970753,34.1748383592505],[-118.56260756618161,34.17483818936984],[-118.56260746001976,34.174827418207094],[-118.5627242955179,34.1748265996562]]]},"properties":{"building_pk":92542,"building_key":"lariac:391486886454","source_tile":"r03-c03","source_tile_ids":["r03-c03"],"source_bld_id":"391486886454","height_m":5.523,"receiver_ids":[212865,212866,212867,212868,212869,212870,212871,212872,212873,212874,212875,212876,212877,212878,212879,212880,212881,212882,212883],"receiver_keys":["r03-c03:expanded-facade-max4m:92542:0:1","r03-c03:expanded-facade-max4m:92542:0:10","r03-c03:expanded-facade-max4m:92542:0:11","r03-c03:expanded-facade-max4m:92542:0:13","r03-c03:expanded-facade-max4m:92542:0:14","r03-c03:expanded-facade-max4m:92542:0:15","r03-c03:expanded-facade-max4m:92542:0:16","r03-c03:expanded-facade-max4m:92542:0:17","r03-c03:expanded-facade-max4m:92542:0:19","r03-c03:expanded-facade-max4m:92542:0:2","r03-c03:expanded-facade-max4m:92542:0:20","r03-c03:expanded-facade-max4m:92542:0:21","r03-c03:expanded-facade-max4m:92542:0:3","r03-c03:expanded-facade-max4m:92542:0:4","r03-c03:expanded-facade-max4m:92542:0:5","r03-c03:expanded-facade-max4m:92542:0:6","r03-c03:expanded-facade-max4m:92542:0:7","r03-c03:expanded-facade-max4m:92542:0:8","r03-c03:expanded-facade-max4m:92542:0:9"],"receiver_count":19,"periods":{"D":{"min":59.32348,"max":74.24907,"receiver_count":19,"unavailable_count":0},"E":{"min":57.104992,"max":72.03059,"receiver_count":19,"unavailable_count":0},"N":{"min":52.33378,"max":67.25937,"receiver_count":19,"unavailable_count":0}}}},{"type":"Feature","id":"lariac:390297888324","geometry":{"type":"Polygon","coordinates":[[[-118.56651427224644,34.179712525750965],[-118.56648985466406,34.17979722667904],[-118.56651359323088,34.179801951375815],[-118.56649550238427,34.1798646339877],[-118.56654609180018,34.179874728726546],[-118.56653161983681,34.1799249467602],[-118.56655403428482,34.17992940268042],[-118.56654812373375,34.1799499296976],[-118.56664109252394,34.17996842751113],[-118.56667578606196,34.17984807098429],[-118.56669482359294,34.179851884572635],[-118.5667119770078,34.17979239418587],[-118.5666961517073,34.17978925252644],[-118.56669750848171,34.17978457526453],[-118.56663986641843,34.1797731117293],[-118.56663896239014,34.17977624883365],[-118.56660843581565,34.17977015406001],[-118.56661089083775,34.179761705900525],[-118.56653788707565,34.1797471543682],[-118.56654585928553,34.17971951983036],[-118.56655526659691,34.17968692097347],[-118.566523482266,34.17968058504704],[-118.56651427224644,34.179712525750965]]]},"properties":{"building_pk":92808,"building_key":"lariac:390297888324","source_tile":"r03-c03","source_tile_ids":["r03-c03"],"source_bld_id":"390297888324","height_m":8.348,"receiver_ids":[213160,213161,213175,213176,213177,213178,213179,213180,213181,213182],"receiver_keys":["r03-c03:expanded-facade-max4m:92808:0:1","r03-c03:expanded-facade-max4m:92808:0:17","r03-c03:expanded-facade-max4m:92808:0:18","r03-c03:expanded-facade-max4m:92808:0:19","r03-c03:expanded-facade-max4m:92808:0:2","r03-c03:expanded-facade-max4m:92808:0:20","r03-c03:expanded-facade-max4m:92808:0:21","r03-c03:expanded-facade-max4m:92808:0:23","r03-c03:expanded-facade-max4m:92808:0:24","r03-c03:expanded-facade-max4m:92808:0:25"],"receiver_count":10,"periods":{"D":{"min":66.80317,"max":72.20778,"receiver_count":10,"unavailable_count":0},"E":{"min":64.58469,"max":69.98929,"receiver_count":10,"unavailable_count":0},"N":{"min":59.813473,"max":65.21808,"receiver_count":10,"unavailable_count":0}}}},{"type":"Feature","id":"lariac:391828886509","geometry":{"type":"Polygon","coordinates":[[[-118.56150973395667,34.174922695094395],[-118.56153789339984,34.174922770801764],[-118.56153814011901,34.17490105775534],[-118.56150973924403,34.17490088760529],[-118.56150973395667,34.174922695094395]]]},"properties":{"building_pk":92852,"building_key":"lariac:391828886509","source_tile":"r03-c03","source_tile_ids":["r03-c03"],"source_bld_id":"391828886509","height_m":2.816,"receiver_ids":[213224,213225,213226,213227],"receiver_keys":["r03-c03:expanded-facade-max4m:92852:0:1","r03-c03:expanded-facade-max4m:92852:0:2","r03-c03:expanded-facade-max4m:92852:0:3","r03-c03:expanded-facade-max4m:92852:0:4"],"receiver_count":4,"periods":{"D":{"min":73.40867,"max":73.70492,"receiver_count":4,"unavailable_count":0},"E":{"min":71.19018,"max":71.48643,"receiver_count":4,"unavailable_count":0},"N":{"min":66.41897,"max":66.71522,"receiver_count":4,"unavailable_count":0}}}},{"type":"Feature","id":"lariac:390898887968","geometry":{"type":"Polygon","coordinates":[[[-118.56466932213998,34.1789369321107],[-118.56466973275519,34.17887394736625],[-118.56458303800369,34.17887347309512],[-118.56458285034908,34.17893671464005],[-118.56466932213998,34.1789369321107]]]},"properties":{"building_pk":93329,"building_key":"lariac:390898887968","source_tile":"r03-c03","source_tile_ids":["r03-c03"],"source_bld_id":"390898887968","height_m":5.2,"receiver_ids":[213768,213769,213770,213771,213772,213773],"receiver_keys":["r03-c03:expanded-facade-max4m:93329:0:2","r03-c03:expanded-facade-max4m:93329:0:3","r03-c03:expanded-facade-max4m:93329:0:4","r03-c03:expanded-facade-max4m:93329:0:5","r03-c03:expanded-facade-max4m:93329:0:6","r03-c03:expanded-facade-max4m:93329:0:7"],"receiver_count":6,"periods":{"D":{"min":60.30877,"max":64.75869,"receiver_count":6,"unavailable_count":0},"E":{"min":58.09028,"max":62.5402,"receiver_count":6,"unavailable_count":0},"N":{"min":53.31907,"max":57.768986,"receiver_count":6,"unavailable_count":0}}}},{"type":"Feature","id":"lariac:391373886429","geometry":{"type":"Polygon","coordinates":[[[-118.56299958619636,34.17471641811702],[-118.5630151919023,34.17471659339178],[-118.5630151263452,34.17472151252515],[-118.56304220606368,34.174721853455004],[-118.56304254958548,34.17470410043924],[-118.56303937547648,34.17470406022246],[-118.56303997309675,34.17467009264266],[-118.56300042691393,34.174669589771256],[-118.56299958619636,34.17471641811702]]]},"properties":{"building_pk":93622,"building_key":"lariac:391373886429","source_tile":"r03-c03","source_tile_ids":["r03-c03"],"source_bld_id":"391373886429","height_m":3.478,"receiver_ids":[214001,214002,214003,214004],"receiver_keys":["r03-c03:expanded-facade-max4m:93622:0:2","r03-c03:expanded-facade-max4m:93622:0:3","r03-c03:expanded-facade-max4m:93622:0:4","r03-c03:expanded-facade-max4m:93622:0:5"],"receiver_count":4,"periods":{"D":{"min":68.646194,"max":73.52128,"receiver_count":4,"unavailable_count":0},"E":{"min":66.427704,"max":71.30279,"receiver_count":4,"unavailable_count":0},"N":{"min":61.65649,"max":66.53158,"receiver_count":4,"unavailable_count":0}}}},{"type":"Feature","id":"lariac:2014121102460000","geometry":{"type":"Polygon","coordinates":[[[-118.5611630258283,34.178504846787945],[-118.56116987858695,34.17841754095626],[-118.56115946016884,34.178416985261826],[-118.56116195584207,34.178384960731236],[-118.56112848340578,34.17838313714441],[-118.56111913491547,34.17850246750346],[-118.56111285273879,34.178582515053016],[-118.5611567436935,34.178584894339785],[-118.5611630258283,34.178504846787945]]]},"properties":{"building_pk":93913,"building_key":"lariac:2014121102460000","source_tile":"r03-c03","source_tile_ids":["r03-c03"],"source_bld_id":"2014121102460000","height_m":3.898,"receiver_ids":[214229,214230,214231,214232,214233,214234,214235],"receiver_keys":["r03-c03:expanded-facade-max4m:93913:0:1","r03-c03:expanded-facade-max4m:93913:0:12","r03-c03:expanded-facade-max4m:93913:0:13","r03-c03:expanded-facade-max4m:93913:0:14","r03-c03:expanded-facade-max4m:93913:0:2","r03-c03:expanded-facade-max4m:93913:0:3","r03-c03:expanded-facade-max4m:93913:0:4"],"receiver_count":7,"periods":{"D":{"min":66.03638,"max":66.91888,"receiver_count":7,"unavailable_count":0},"E":{"min":63.81789,"max":64.700386,"receiver_count":7,"unavailable_count":0},"N":{"min":59.046677,"max":59.929173,"receiver_count":7,"unavailable_count":0}}}},{"type":"Feature","id":"lariac:201700285655","geometry":{"type":"Polygon","coordinates":[[[-118.56252395253206,34.17465319907923],[-118.56268561567848,34.17465292934434],[-118.56268556537022,34.1746283886288],[-118.56266270229838,34.1746284264842],[-118.56266245296648,34.17452521158931],[-118.56268458601802,34.17452517532734],[-118.56268453753204,34.17450493136564],[-118.56272973318862,34.17450485540579],[-118.56272962772077,34.17446117695503],[-118.56258659227065,34.17446141599372],[-118.56258661931959,34.17447252019449],[-118.56251815281095,34.1744726349244],[-118.5625183057016,34.17453626073316],[-118.56258750009127,34.17453614532197],[-118.56258762226027,34.17458682509135],[-118.56252379269807,34.17458693177657],[-118.56252395253206,34.17465319907923]]]},"properties":{"building_pk":94299,"building_key":"lariac:201700285655","source_tile":"r03-c03","source_tile_ids":["r03-c03"],"source_bld_id":"201700285655","height_m":3.904,"receiver_ids":[214712,214713,214714,214715,214716,214717,214718,214719,214720,214721,214722,214723,214724,214725,214726,214727,214728,214729,214730,214731,214732,214733,214734],"receiver_keys":["r03-c03:expanded-facade-max4m:94299:0:1","r03-c03:expanded-facade-max4m:94299:0:10","r03-c03:expanded-facade-max4m:94299:0:11","r03-c03:expanded-facade-max4m:94299:0:12","r03-c03:expanded-facade-max4m:94299:0:13","r03-c03:expanded-facade-max4m:94299:0:14","r03-c03:expanded-facade-max4m:94299:0:16","r03-c03:expanded-facade-max4m:94299:0:17","r03-c03:expanded-facade-max4m:94299:0:18","r03-c03:expanded-facade-max4m:94299:0:19","r03-c03:expanded-facade-max4m:94299:0:2","r03-c03:expanded-facade-max4m:94299:0:20","r03-c03:expanded-facade-max4m:94299:0:21","r03-c03:expanded-facade-max4m:94299:0:23","r03-c03:expanded-facade-max4m:94299:0:24","r03-c03:expanded-facade-max4m:94299:0:25","r03-c03:expanded-facade-max4m:94299:0:3","r03-c03:expanded-facade-max4m:94299:0:4","r03-c03:expanded-facade-max4m:94299:0:5","r03-c03:expanded-facade-max4m:94299:0:6","r03-c03:expanded-facade-max4m:94299:0:7","r03-c03:expanded-facade-max4m:94299:0:8","r03-c03:expanded-facade-max4m:94299:0:9"],"receiver_count":23,"periods":{"D":{"min":70.1725,"max":75.715965,"receiver_count":23,"unavailable_count":0},"E":{"min":67.95402,"max":73.497475,"receiver_count":23,"unavailable_count":0},"N":{"min":63.182804,"max":68.726265,"receiver_count":23,"unavailable_count":0}}}},{"type":"Feature","id":"lariac:201700286119","geometry":{"type":"Polygon","coordinates":[[[-118.56595766516848,34.17865958389203],[-118.56602870610392,34.178660767831786],[-118.56602909903725,34.17864447507548],[-118.56605464135495,34.17864490096643],[-118.56605478279751,34.178639040262176],[-118.56614721529458,34.1786405801925],[-118.56614809433982,34.17860414374424],[-118.5661187810093,34.17860365528731],[-118.56612035866276,34.17853824802821],[-118.56614640645734,34.17853867604125],[-118.56614774856241,34.17848301288072],[-118.56609159767089,34.17848207756286],[-118.56609150047976,34.178486143985516],[-118.56604092366818,34.178485301557714],[-118.56604100325659,34.17848199882604],[-118.56599970753791,34.17848131038134],[-118.56599812553411,34.17854688985384],[-118.5660181436393,34.17854722350235],[-118.56601701580105,34.17859401806217],[-118.56595927006846,34.178593055887745],[-118.56595766516848,34.17865958389203]]]},"properties":{"building_pk":94317,"building_key":"lariac:201700286119","source_tile":"r03-c03","source_tile_ids":["r03-c03"],"source_bld_id":"201700286119","height_m":5.41,"receiver_ids":[214779,214780,214781,214782,214783,214784,214785,214786,214787,214788],"receiver_keys":["r03-c03:expanded-facade-max4m:94317:0:1","r03-c03:expanded-facade-max4m:94317:0:18","r03-c03:expanded-facade-max4m:94317:0:19","r03-c03:expanded-facade-max4m:94317:0:2","r03-c03:expanded-facade-max4m:94317:0:20","r03-c03:expanded-facade-max4m:94317:0:21","r03-c03:expanded-facade-max4m:94317:0:3","r03-c03:expanded-facade-max4m:94317:0:4","r03-c03:expanded-facade-max4m:94317:0:5","r03-c03:expanded-facade-max4m:94317:0:6"],"receiver_count":10,"periods":{"D":{"min":53.55252,"max":64.84042,"receiver_count":10,"unavailable_count":0},"E":{"min":51.334034,"max":62.621937,"receiver_count":10,"unavailable_count":0},"N":{"min":46.56282,"max":57.850723,"receiver_count":10,"unavailable_count":0}}}},{"type":"Feature","id":"lariac:201700286217","geometry":{"type":"Polygon","coordinates":[[[-118.56417180920901,34.17958056153423],[-118.56436650342404,34.179587704882856],[-118.56436955552996,34.17953047950432],[-118.56431002507959,34.1795282834403],[-118.56431032806915,34.17952255270894],[-118.56434562260107,34.1795237700928],[-118.56434768271488,34.179482523817356],[-118.56431250863584,34.17948131037987],[-118.56431301550514,34.17947171738048],[-118.56433418235711,34.17947249852437],[-118.56433385946451,34.17947865487786],[-118.56441825983798,34.179481750911826],[-118.56442172201271,34.17941682893264],[-118.56441068290965,34.179416426070645],[-118.56441231485101,34.17937844177839],[-118.56435603793025,34.17937804446246],[-118.5643542211519,34.17941436356143],[-118.56435137620683,34.179414260537236],[-118.56435171740544,34.17940342778503],[-118.56431865732101,34.17940185739039],[-118.56431816883716,34.1794130478415],[-118.56418684647657,34.17940825214335],[-118.56418449774854,34.179452230541436],[-118.56416154596903,34.17945137565684],[-118.56415790846354,34.179519760377836],[-118.56417031027433,34.179520197475846],[-118.56416793566518,34.17956516408747],[-118.56417263168382,34.17956533511253],[-118.56417180920901,34.17958056153423]]]},"properties":{"building_pk":94321,"building_key":"lariac:201700286217","source_tile":"r03-c03","source_tile_ids":["r03-c03"],"source_bld_id":"201700286217","height_m":6.831,"receiver_ids":[214793,214794,214795,214796,214797,214798,214799,214800,214801,214802,214803,214804,214805,214806,214807,214808,214809,214810,214811,214812],"receiver_keys":["r03-c03:expanded-facade-max4m:94321:0:1","r03-c03:expanded-facade-max4m:94321:0:13","r03-c03:expanded-facade-max4m:94321:0:14","r03-c03:expanded-facade-max4m:94321:0:15","r03-c03:expanded-facade-max4m:94321:0:16","r03-c03:expanded-facade-max4m:94321:0:17","r03-c03:expanded-facade-max4m:94321:0:18","r03-c03:expanded-facade-max4m:94321:0:2","r03-c03:expanded-facade-max4m:94321:0:20","r03-c03:expanded-facade-max4m:94321:0:21","r03-c03:expanded-facade-max4m:94321:0:22","r03-c03:expanded-facade-max4m:94321:0:23","r03-c03:expanded-facade-max4m:94321:0:24","r03-c03:expanded-facade-max4m:94321:0:26","r03-c03:expanded-facade-max4m:94321:0:27","r03-c03:expanded-facade-max4m:94321:0:28","r03-c03:expanded-facade-max4m:94321:0:3","r03-c03:expanded-facade-max4m:94321:0:4","r03-c03:expanded-facade-max4m:94321:0:5","r03-c03:expanded-facade-max4m:94321:0:6"],"receiver_count":20,"periods":{"D":{"min":51.306522,"max":71.225525,"receiver_count":20,"unavailable_count":0},"E":{"min":49.088036,"max":69.007034,"receiver_count":20,"unavailable_count":0},"N":{"min":44.316822,"max":64.235825,"receiver_count":20,"unavailable_count":0}}}},{"type":"Feature","id":"lariac:390826887914","geometry":{"type":"Polygon","coordinates":[[[-118.56489209300358,34.17872850674228],[-118.56483487567928,34.17872629202135],[-118.56483402841224,34.178785321925595],[-118.56489086296475,34.178786108584745],[-118.56489209300358,34.17872850674228]]]},"properties":{"building_pk":98665,"building_key":"lariac:390826887914","source_tile":"r03-c03","source_tile_ids":["r03-c03"],"source_bld_id":"390826887914","height_m":4.395,"receiver_ids":[216590,216591,216592,216593,216594,216595],"receiver_keys":["r03-c03:expanded-facade-max4m:98665:0:1","r03-c03:expanded-facade-max4m:98665:0:2","r03-c03:expanded-facade-max4m:98665:0:3","r03-c03:expanded-facade-max4m:98665:0:4","r03-c03:expanded-facade-max4m:98665:0:5","r03-c03:expanded-facade-max4m:98665:0:6"],"receiver_count":6,"periods":{"D":{"min":60.480553,"max":63.774666,"receiver_count":6,"unavailable_count":0},"E":{"min":58.262066,"max":61.55618,"receiver_count":6,"unavailable_count":0},"N":{"min":53.490852,"max":56.784966,"receiver_count":6,"unavailable_count":0}}}},{"type":"Feature","id":"lariac:391858888165","geometry":{"type":"Polygon","coordinates":[[[-118.56130230800628,34.17955588211929],[-118.56148263392123,34.179555402106715],[-118.56148240853534,34.179497175083426],[-118.56154529452351,34.179497020155154],[-118.56154504012777,34.17942964258746],[-118.56139589214635,34.17943003297184],[-118.56139611486698,34.17948771096664],[-118.56136820872977,34.179487785502914],[-118.56136799080855,34.17943065742818],[-118.5613018311506,34.179430826556064],[-118.56130230800628,34.17955588211929]]]},"properties":{"building_pk":98675,"building_key":"lariac:391858888165","source_tile":"r03-c03","source_tile_ids":["r03-c03"],"source_bld_id":"391858888165","height_m":4.923,"receiver_ids":[216616,216617,216618,216619,216620,216621,216622,216623,216624,216625,216626,216627,216628,216629,216630,216631,216632,216633],"receiver_keys":["r03-c03:expanded-facade-max4m:98675:0:1","r03-c03:expanded-facade-max4m:98675:0:10","r03-c03:expanded-facade-max4m:98675:0:11","r03-c03:expanded-facade-max4m:98675:0:12","r03-c03:expanded-facade-max4m:98675:0:13","r03-c03:expanded-facade-max4m:98675:0:18","r03-c03:expanded-facade-max4m:98675:0:19","r03-c03:expanded-facade-max4m:98675:0:2","r03-c03:expanded-facade-max4m:98675:0:20","r03-c03:expanded-facade-max4m:98675:0:21","r03-c03:expanded-facade-max4m:98675:0:22","r03-c03:expanded-facade-max4m:98675:0:3","r03-c03:expanded-facade-max4m:98675:0:4","r03-c03:expanded-facade-max4m:98675:0:5","r03-c03:expanded-facade-max4m:98675:0:6","r03-c03:expanded-facade-max4m:98675:0:7","r03-c03:expanded-facade-max4m:98675:0:8","r03-c03:expanded-facade-max4m:98675:0:9"],"receiver_count":18,"periods":{"D":{"min":57.15466,"max":65.57176,"receiver_count":18,"unavailable_count":0},"E":{"min":54.936172,"max":63.35328,"receiver_count":18,"unavailable_count":0},"N":{"min":50.16496,"max":58.582066,"receiver_count":18,"unavailable_count":0}}}},{"type":"Feature","id":"lariac:391424887162","geometry":{"type":"Polygon","coordinates":[[[-118.56290976404308,34.176719379027546],[-118.56292193034265,34.176719377393944],[-118.56292187466936,34.17668648479178],[-118.56290967385264,34.176686514533955],[-118.56290958355983,34.176648483287735],[-118.56290270642278,34.176648488250386],[-118.56290269575423,34.17663708466014],[-118.56282493352452,34.1766371986453],[-118.56282504109944,34.17668762244544],[-118.56281079219254,34.17668763376102],[-118.56281094959772,34.17675028588253],[-118.56290983889207,34.17675012766693],[-118.56290976404308,34.176719379027546]]]},"properties":{"building_pk":98707,"building_key":"lariac:391424887162","source_tile":"r03-c03","source_tile_ids":["r03-c03"],"source_bld_id":"391424887162","height_m":5.249,"receiver_ids":[216757,216758,216759,216760,216761,216762,216763,216764,216765],"receiver_keys":["r03-c03:expanded-facade-max4m:98707:0:1","r03-c03:expanded-facade-max4m:98707:0:10","r03-c03:expanded-facade-max4m:98707:0:11","r03-c03:expanded-facade-max4m:98707:0:12","r03-c03:expanded-facade-max4m:98707:0:3","r03-c03:expanded-facade-max4m:98707:0:4","r03-c03:expanded-facade-max4m:98707:0:6","r03-c03:expanded-facade-max4m:98707:0:8","r03-c03:expanded-facade-max4m:98707:0:9"],"receiver_count":9,"periods":{"D":{"min":56.34306,"max":68.76522,"receiver_count":9,"unavailable_count":0},"E":{"min":54.124573,"max":66.54673,"receiver_count":9,"unavailable_count":0},"N":{"min":49.35336,"max":61.77552,"receiver_count":9,"unavailable_count":0}}}},{"type":"Feature","id":"lariac:391310886654","geometry":{"type":"Polygon","coordinates":[[[-118.56329645253831,34.17531642833057],[-118.56329636781078,34.17529292274801],[-118.56315052942466,34.175292722926834],[-118.56315050124424,34.17531654187105],[-118.56329645253831,34.17531642833057]]]},"properties":{"building_pk":99384,"building_key":"lariac:391310886654","source_tile":"r03-c03","source_tile_ids":["r03-c03"],"source_bld_id":"391310886654","height_m":3.95,"receiver_ids":[217599,217600,217601,217602,217603,217604,217605,217606],"receiver_keys":["r03-c03:expanded-facade-max4m:99384:0:2","r03-c03:expanded-facade-max4m:99384:0:3","r03-c03:expanded-facade-max4m:99384:0:4","r03-c03:expanded-facade-max4m:99384:0:5","r03-c03:expanded-facade-max4m:99384:0:6","r03-c03:expanded-facade-max4m:99384:0:7","r03-c03:expanded-facade-max4m:99384:0:8","r03-c03:expanded-facade-max4m:99384:0:9"],"receiver_count":8,"periods":{"D":{"min":70.713844,"max":71.96297,"receiver_count":8,"unavailable_count":0},"E":{"min":68.49535,"max":69.74448,"receiver_count":8,"unavailable_count":0},"N":{"min":63.724144,"max":64.97327,"receiver_count":8,"unavailable_count":0}}}},{"type":"Feature","id":"lariac:391325886875","geometry":{"type":"Polygon","coordinates":[[[-118.56322620299407,34.17589509739276],[-118.56314121138479,34.17589675714278],[-118.56314203760873,34.17592615627714],[-118.5632270294303,34.17592452357201],[-118.56322620299407,34.17589509739276]]]},"properties":{"building_pk":99456,"building_key":"lariac:391325886875","source_tile":"r03-c03","source_tile_ids":["r03-c03"],"source_bld_id":"391325886875","height_m":3.911,"receiver_ids":[217678,217679,217680,217681,217682,217683],"receiver_keys":["r03-c03:expanded-facade-max4m:99456:0:1","r03-c03:expanded-facade-max4m:99456:0:2","r03-c03:expanded-facade-max4m:99456:0:3","r03-c03:expanded-facade-max4m:99456:0:4","r03-c03:expanded-facade-max4m:99456:0:5","r03-c03:expanded-facade-max4m:99456:0:6"],"receiver_count":6,"periods":{"D":{"min":70.21086,"max":71.09538,"receiver_count":6,"unavailable_count":0},"E":{"min":67.99237,"max":68.8769,"receiver_count":6,"unavailable_count":0},"N":{"min":63.221157,"max":64.10568,"receiver_count":6,"unavailable_count":0}}}},{"type":"Feature","id":"lariac:390722888293","geometry":{"type":"Polygon","coordinates":[[[-118.56528159812801,34.179786584528564],[-118.56534164372626,34.17980155530356],[-118.56536260919333,34.17974339330022],[-118.56528451337563,34.179723973934195],[-118.5652741922399,34.179752572298405],[-118.5651812263915,34.17972945751301],[-118.56515412671827,34.17980465759652],[-118.56514319768517,34.1798019328086],[-118.56512917712504,34.17984090900078],[-118.56524254628972,34.17986912227284],[-118.56526075280553,34.179818585826965],[-118.56526929783834,34.179820715908335],[-118.56528159812801,34.179786584528564]]]},"properties":{"building_pk":99572,"building_key":"lariac:390722888293","source_tile":"r03-c03","source_tile_ids":["r03-c03"],"source_bld_id":"390722888293","height_m":5.858,"receiver_ids":[217846,217847,217848,217849,217850,217851,217852,217853,217854,217855,217856,217857,217863],"receiver_keys":["r03-c03:expanded-facade-max4m:99572:0:1","r03-c03:expanded-facade-max4m:99572:0:10","r03-c03:expanded-facade-max4m:99572:0:11","r03-c03:expanded-facade-max4m:99572:0:12","r03-c03:expanded-facade-max4m:99572:0:18","r03-c03:expanded-facade-max4m:99572:0:2","r03-c03:expanded-facade-max4m:99572:0:3","r03-c03:expanded-facade-max4m:99572:0:4","r03-c03:expanded-facade-max4m:99572:0:5","r03-c03:expanded-facade-max4m:99572:0:6","r03-c03:expanded-facade-max4m:99572:0:7","r03-c03:expanded-facade-max4m:99572:0:8","r03-c03:expanded-facade-max4m:99572:0:9"],"receiver_count":13,"periods":{"D":{"min":52.446857,"max":63.946503,"receiver_count":13,"unavailable_count":0},"E":{"min":50.22837,"max":61.728012,"receiver_count":13,"unavailable_count":0},"N":{"min":45.457157,"max":56.956802,"receiver_count":13,"unavailable_count":0}}}},{"type":"Feature","id":"lariac:391739887508","geometry":{"type":"Polygon","coordinates":[[[-118.56178458528169,34.17770382997924],[-118.56189259564108,34.17770294325514],[-118.56189199421448,34.17765271468126],[-118.56192280672612,34.17765246153496],[-118.56192341757558,34.17770392698438],[-118.5620128810817,34.17770320836488],[-118.56201131823629,34.177569255094085],[-118.56193613789577,34.17756985145382],[-118.56193609797633,34.177563916770296],[-118.56187685177676,34.17756441201038],[-118.56187692919838,34.17757092350836],[-118.56179371481961,34.17757161299997],[-118.56179417481432,34.17761065856858],[-118.56178349606809,34.177610735218956],[-118.56178458528169,34.17770382997924]]]},"properties":{"building_pk":99907,"building_key":"lariac:391739887508","source_tile":"r03-c03","source_tile_ids":["r03-c03"],"source_bld_id":"391739887508","height_m":5.721,"receiver_ids":[218268,218269,218270,218271,218272,218273,218274,218275,218276,218277,218278,218279,218280,218281,218282,218283,218284],"receiver_keys":["r03-c03:expanded-facade-max4m:99907:0:1","r03-c03:expanded-facade-max4m:99907:0:10","r03-c03:expanded-facade-max4m:99907:0:11","r03-c03:expanded-facade-max4m:99907:0:12","r03-c03:expanded-facade-max4m:99907:0:13","r03-c03:expanded-facade-max4m:99907:0:17","r03-c03:expanded-facade-max4m:99907:0:18","r03-c03:expanded-facade-max4m:99907:0:19","r03-c03:expanded-facade-max4m:99907:0:2","r03-c03:expanded-facade-max4m:99907:0:20","r03-c03:expanded-facade-max4m:99907:0:21","r03-c03:expanded-facade-max4m:99907:0:22","r03-c03:expanded-facade-max4m:99907:0:3","r03-c03:expanded-facade-max4m:99907:0:5","r03-c03:expanded-facade-max4m:99907:0:7","r03-c03:expanded-facade-max4m:99907:0:8","r03-c03:expanded-facade-max4m:99907:0:9"],"receiver_count":17,"periods":{"D":{"min":55.80981,"max":70.79765,"receiver_count":17,"unavailable_count":0},"E":{"min":53.591324,"max":68.57917,"receiver_count":17,"unavailable_count":0},"N":{"min":48.82011,"max":63.807957,"receiver_count":17,"unavailable_count":0}}}},{"type":"Feature","id":"lariac:391771886528","geometry":{"type":"Polygon","coordinates":[[[-118.56164989488144,34.17493620661765],[-118.56164652143683,34.17502462324977],[-118.56179158756312,34.17502328953293],[-118.56179039891592,34.17493492203626],[-118.56164989488144,34.17493620661765]]]},"properties":{"building_pk":100869,"building_key":"lariac:391771886528","source_tile":"r03-c03","source_tile_ids":["r03-c03"],"source_bld_id":"391771886528","height_m":4.063,"receiver_ids":[219275,219276,219277,219278,219279,219280,219281,219282,219283,219284,219285,219286],"receiver_keys":["r03-c03:expanded-facade-max4m:100869:0:1","r03-c03:expanded-facade-max4m:100869:0:10","r03-c03:expanded-facade-max4m:100869:0:11","r03-c03:expanded-facade-max4m:100869:0:12","r03-c03:expanded-facade-max4m:100869:0:2","r03-c03:expanded-facade-max4m:100869:0:3","r03-c03:expanded-facade-max4m:100869:0:4","r03-c03:expanded-facade-max4m:100869:0:5","r03-c03:expanded-facade-max4m:100869:0:6","r03-c03:expanded-facade-max4m:100869:0:7","r03-c03:expanded-facade-max4m:100869:0:8","r03-c03:expanded-facade-max4m:100869:0:9"],"receiver_count":12,"periods":{"D":{"min":71.835724,"max":73.85617,"receiver_count":12,"unavailable_count":0},"E":{"min":69.61723,"max":71.63769,"receiver_count":12,"unavailable_count":0},"N":{"min":64.84602,"max":66.86647,"receiver_count":12,"unavailable_count":0}}}},{"type":"Feature","id":"lariac:2014121102910000","geometry":{"type":"Polygon","coordinates":[[[-118.56274345667383,34.17913389308203],[-118.56282604880865,34.17913383872429],[-118.56282253829663,34.17907906097117],[-118.56274341734122,34.17907910007725],[-118.56274345667383,34.17913389308203]]]},"properties":{"building_pk":101352,"building_key":"lariac:2014121102910000","source_tile":"r03-c03","source_tile_ids":["r03-c03"],"source_bld_id":"2014121102910000","height_m":3.944,"receiver_ids":[219842,219843,219844,219845,219846],"receiver_keys":["r03-c03:expanded-facade-max4m:101352:0:1","r03-c03:expanded-facade-max4m:101352:0:2","r03-c03:expanded-facade-max4m:101352:0:3","r03-c03:expanded-facade-max4m:101352:0:4","r03-c03:expanded-facade-max4m:101352:0:5"],"receiver_count":5,"periods":{"D":{"min":62.82086,"max":69.457375,"receiver_count":5,"unavailable_count":0},"E":{"min":60.602375,"max":67.23889,"receiver_count":5,"unavailable_count":0},"N":{"min":55.83116,"max":62.467678,"receiver_count":5,"unavailable_count":0}}}},{"type":"Feature","id":"lariac:2014121104530000","geometry":{"type":"Polygon","coordinates":[[[-118.56181169497366,34.174916702059704],[-118.56192811141658,34.17491677875455],[-118.56192809606107,34.17491933380359],[-118.5620144541827,34.17491939951709],[-118.56201463753311,34.1747452635001],[-118.56194653098899,34.17474538795266],[-118.56194650824803,34.174791030562425],[-118.56187886262599,34.17479098785236],[-118.56187885446853,34.174824127772226],[-118.56186229101255,34.17482412268458],[-118.56186228750893,34.17482860157496],[-118.56181176934152,34.17482856129451],[-118.56181174102167,34.17486370724483],[-118.56181169497366,34.174916702059704]]]},"properties":{"building_pk":101356,"building_key":"lariac:2014121104530000","source_tile":"r03-c03","source_tile_ids":["r03-c03"],"source_bld_id":"2014121104530000","height_m":5.121,"receiver_ids":[219881,219882,219883,219884,219885,219886,219887,219888,219889,219890,219891,219892,219893,219894,219895,219896,219897,219898],"receiver_keys":["r03-c03:expanded-facade-max4m:101356:0:1","r03-c03:expanded-facade-max4m:101356:0:10","r03-c03:expanded-facade-max4m:101356:0:11","r03-c03:expanded-facade-max4m:101356:0:12","r03-c03:expanded-facade-max4m:101356:0:14","r03-c03:expanded-facade-max4m:101356:0:15","r03-c03:expanded-facade-max4m:101356:0:16","r03-c03:expanded-facade-max4m:101356:0:17","r03-c03:expanded-facade-max4m:101356:0:18","r03-c03:expanded-facade-max4m:101356:0:19","r03-c03:expanded-facade-max4m:101356:0:2","r03-c03:expanded-facade-max4m:101356:0:3","r03-c03:expanded-facade-max4m:101356:0:4","r03-c03:expanded-facade-max4m:101356:0:5","r03-c03:expanded-facade-max4m:101356:0:6","r03-c03:expanded-facade-max4m:101356:0:7","r03-c03:expanded-facade-max4m:101356:0:8","r03-c03:expanded-facade-max4m:101356:0:9"],"receiver_count":18,"periods":{"D":{"min":65.70783,"max":74.4695,"receiver_count":18,"unavailable_count":0},"E":{"min":63.48934,"max":72.25101,"receiver_count":18,"unavailable_count":0},"N":{"min":58.71813,"max":67.4798,"receiver_count":18,"unavailable_count":0}}}},{"type":"Feature","id":"lariac:201700286028","geometry":{"type":"Polygon","coordinates":[[[-118.56321124647089,34.17769935742147],[-118.5632340074188,34.177733119758145],[-118.56330462952695,34.177700305482155],[-118.5632819053178,34.17766652495669],[-118.56321124647089,34.17769935742147]]]},"properties":{"building_pk":101781,"building_key":"lariac:201700286028","source_tile":"r03-c03","source_tile_ids":["r03-c03"],"source_bld_id":"201700286028","height_m":4.069,"receiver_ids":[220533,220534,220535,220536,220537],"receiver_keys":["r03-c03:expanded-facade-max4m:101781:0:1","r03-c03:expanded-facade-max4m:101781:0:2","r03-c03:expanded-facade-max4m:101781:0:3","r03-c03:expanded-facade-max4m:101781:0:5","r03-c03:expanded-facade-max4m:101781:0:6"],"receiver_count":5,"periods":{"D":{"min":66.53685,"max":68.31301,"receiver_count":5,"unavailable_count":0},"E":{"min":64.31836,"max":66.09452,"receiver_count":5,"unavailable_count":0},"N":{"min":59.547146,"max":61.323307,"receiver_count":5,"unavailable_count":0}}}},{"type":"Feature","id":"lariac:201700286229","geometry":{"type":"Polygon","coordinates":[[[-118.56364262069873,34.179800526580436],[-118.56373301412872,34.1798001602784],[-118.5637326563206,34.179742153846085],[-118.56364791549872,34.179742493804994],[-118.56364772089852,34.17970866784788],[-118.56365582059888,34.17970863010002],[-118.5636555579542,34.179664719779375],[-118.56372518818769,34.179664422298394],[-118.5637247773785,34.179598721427915],[-118.56362344031083,34.179599138724576],[-118.56362363805161,34.17963343166728],[-118.56356389427263,34.17963371006892],[-118.5635638620212,34.17962892932693],[-118.56345865567756,34.17962936451482],[-118.56345877651728,34.17964728035233],[-118.56345322268899,34.179647306226435],[-118.56345343685653,34.1796840449837],[-118.56346057873574,34.17968401171114],[-118.5634607203352,34.17970500532599],[-118.56355696542524,34.179704556898855],[-118.56355745609422,34.17977729125008],[-118.5636424616268,34.17977695012103],[-118.56364262069873,34.179800526580436]]]},"properties":{"building_pk":101784,"building_key":"lariac:201700286229","source_tile":"r03-c03","source_tile_ids":["r03-c03"],"source_bld_id":"201700286229","height_m":6.047,"receiver_ids":[220553,220554,220555,220556,220557,220558,220559,220560,220561,220562,220563,220564,220565,220566,220567,220568,220569,220570,220571,220572,220573],"receiver_keys":["r03-c03:expanded-facade-max4m:101784:0:1","r03-c03:expanded-facade-max4m:101784:0:10","r03-c03:expanded-facade-max4m:101784:0:11","r03-c03:expanded-facade-max4m:101784:0:15","r03-c03:expanded-facade-max4m:101784:0:16","r03-c03:expanded-facade-max4m:101784:0:17","r03-c03:expanded-facade-max4m:101784:0:18","r03-c03:expanded-facade-max4m:101784:0:19","r03-c03:expanded-facade-max4m:101784:0:2","r03-c03:expanded-facade-max4m:101784:0:20","r03-c03:expanded-facade-max4m:101784:0:22","r03-c03:expanded-facade-max4m:101784:0:23","r03-c03:expanded-facade-max4m:101784:0:25","r03-c03:expanded-facade-max4m:101784:0:26","r03-c03:expanded-facade-max4m:101784:0:27","r03-c03:expanded-facade-max4m:101784:0:3","r03-c03:expanded-facade-max4m:101784:0:4","r03-c03:expanded-facade-max4m:101784:0:5","r03-c03:expanded-facade-max4m:101784:0:7","r03-c03:expanded-facade-max4m:101784:0:8","r03-c03:expanded-facade-max4m:101784:0:9"],"receiver_count":21,"periods":{"D":{"min":50.080116,"max":64.49088,"receiver_count":21,"unavailable_count":0},"E":{"min":47.86163,"max":62.2724,"receiver_count":21,"unavailable_count":0},"N":{"min":43.090416,"max":57.501186,"receiver_count":21,"unavailable_count":0}}}},{"type":"Feature","id":"lariac:391810887606","geometry":{"type":"Polygon","coordinates":[[[-118.56181015927318,34.177956931659004],[-118.56180995417702,34.17790675533642],[-118.56174997875942,34.177906923935296],[-118.56174994162342,34.177901401244796],[-118.56130627667704,34.17790260919633],[-118.5613068508845,34.177959009873014],[-118.56175118630792,34.17795874092076],[-118.5617511090773,34.17795709596038],[-118.56181015927318,34.177956931659004]]]},"properties":{"building_pk":106311,"building_key":"lariac:391810887606","source_tile":"r03-c03","source_tile_ids":["r03-c03"],"source_bld_id":"391810887606","height_m":3.033,"receiver_ids":[222066,222067,222068,222069,222070,222071,222072,222073,222074,222075,222076,222077,222078,222079,222080,222081,222082,222083,222084,222085,222086,222087,222088,222089,222090,222091,222092],"receiver_keys":["r03-c03:expanded-facade-max4m:106311:0:1","r03-c03:expanded-facade-max4m:106311:0:10","r03-c03:expanded-facade-max4m:106311:0:11","r03-c03:expanded-facade-max4m:106311:0:12","r03-c03:expanded-facade-max4m:106311:0:13","r03-c03:expanded-facade-max4m:106311:0:14","r03-c03:expanded-facade-max4m:106311:0:15","r03-c03:expanded-facade-max4m:106311:0:16","r03-c03:expanded-facade-max4m:106311:0:17","r03-c03:expanded-facade-max4m:106311:0:18","r03-c03:expanded-facade-max4m:106311:0:19","r03-c03:expanded-facade-max4m:106311:0:2","r03-c03:expanded-facade-max4m:106311:0:20","r03-c03:expanded-facade-max4m:106311:0:21","r03-c03:expanded-facade-max4m:106311:0:22","r03-c03:expanded-facade-max4m:106311:0:23","r03-c03:expanded-facade-max4m:106311:0:24","r03-c03:expanded-facade-max4m:106311:0:25","r03-c03:expanded-facade-max4m:106311:0:26","r03-c03:expanded-facade-max4m:106311:0:27","r03-c03:expanded-facade-max4m:106311:0:3","r03-c03:expanded-facade-max4m:106311:0:4","r03-c03:expanded-facade-max4m:106311:0:5","r03-c03:expanded-facade-max4m:106311:0:6","r03-c03:expanded-facade-max4m:106311:0:7","r03-c03:expanded-facade-max4m:106311:0:8","r03-c03:expanded-facade-max4m:106311:0:9"],"receiver_count":27,"periods":{"D":{"min":65.89274,"max":68.522835,"receiver_count":27,"unavailable_count":0},"E":{"min":63.674248,"max":66.30435,"receiver_count":27,"unavailable_count":0},"N":{"min":58.903034,"max":61.53314,"receiver_count":27,"unavailable_count":0}}}},{"type":"Feature","id":"lariac:391774886340","geometry":{"type":"Polygon","coordinates":[[[-118.5618934783578,34.17442753612431],[-118.56176585804876,34.17442719409921],[-118.56176594052809,34.17440510046168],[-118.56178948101832,34.17440515609405],[-118.56178966498867,34.1743537969425],[-118.56172988858441,34.174353662601284],[-118.56172991668728,34.17435300254009],[-118.56161710831765,34.17435270244899],[-118.56161691812012,34.174402989692084],[-118.56161126392959,34.174402878914464],[-118.56161047465902,34.17442810870171],[-118.56162133590443,34.174445397672635],[-118.5616204300923,34.17449750214691],[-118.56178125525773,34.1744994480987],[-118.56178127800126,34.17449799109679],[-118.56189224207138,34.174499344494876],[-118.5618934783578,34.17442753612431]]]},"properties":{"building_pk":106321,"building_key":"lariac:391774886340","source_tile":"r03-c03","source_tile_ids":["r03-c03"],"source_bld_id":"391774886340","height_m":8.775,"receiver_ids":[222108,222109,222110,222111,222112,222113,222114,222115,222116,222117,222118,222119,222120,222121,222122,222123,222124,222125,222126,222127],"receiver_keys":["r03-c03:expanded-facade-max4m:106321:0:1","r03-c03:expanded-facade-max4m:106321:0:10","r03-c03:expanded-facade-max4m:106321:0:11","r03-c03:expanded-facade-max4m:106321:0:13","r03-c03:expanded-facade-max4m:106321:0:14","r03-c03:expanded-facade-max4m:106321:0:15","r03-c03:expanded-facade-max4m:106321:0:16","r03-c03:expanded-facade-max4m:106321:0:17","r03-c03:expanded-facade-max4m:106321:0:18","r03-c03:expanded-facade-max4m:106321:0:19","r03-c03:expanded-facade-max4m:106321:0:2","r03-c03:expanded-facade-max4m:106321:0:20","r03-c03:expanded-facade-max4m:106321:0:21","r03-c03:expanded-facade-max4m:106321:0:22","r03-c03:expanded-facade-max4m:106321:0:23","r03-c03:expanded-facade-max4m:106321:0:5","r03-c03:expanded-facade-max4m:106321:0:6","r03-c03:expanded-facade-max4m:106321:0:7","r03-c03:expanded-facade-max4m:106321:0:8","r03-c03:expanded-facade-max4m:106321:0:9"],"receiver_count":20,"periods":{"D":{"min":61.059284,"max":74.96434,"receiver_count":20,"unavailable_count":0},"E":{"min":58.840797,"max":72.74585,"receiver_count":20,"unavailable_count":0},"N":{"min":54.069584,"max":67.97464,"receiver_count":20,"unavailable_count":0}}}},{"type":"Feature","id":"lariac:391803887450","geometry":{"type":"Polygon","coordinates":[[[-118.56184348186825,34.1775432707476],[-118.5618434880102,34.177499990261076],[-118.56176625357803,34.177499992022916],[-118.5617662277673,34.17747163405338],[-118.56143966676427,34.177471693571285],[-118.56143965140242,34.17754333218854],[-118.56184348186825,34.1775432707476]]]},"properties":{"building_pk":106618,"building_key":"lariac:391803887450","source_tile":"r03-c03","source_tile_ids":["r03-c03"],"source_bld_id":"391803887450","height_m":3.959,"receiver_ids":[222436,222437,222438,222439,222440,222441,222442,222443,222444,222445,222446,222447,222448,222449,222450,222451,222452,222453,222454,222455,222456,222457,222458],"receiver_keys":["r03-c03:expanded-facade-max4m:106618:0:1","r03-c03:expanded-facade-max4m:106618:0:10","r03-c03:expanded-facade-max4m:106618:0:11","r03-c03:expanded-facade-max4m:106618:0:12","r03-c03:expanded-facade-max4m:106618:0:13","r03-c03:expanded-facade-max4m:106618:0:14","r03-c03:expanded-facade-max4m:106618:0:15","r03-c03:expanded-facade-max4m:106618:0:16","r03-c03:expanded-facade-max4m:106618:0:17","r03-c03:expanded-facade-max4m:106618:0:18","r03-c03:expanded-facade-max4m:106618:0:19","r03-c03:expanded-facade-max4m:106618:0:2","r03-c03:expanded-facade-max4m:106618:0:20","r03-c03:expanded-facade-max4m:106618:0:21","r03-c03:expanded-facade-max4m:106618:0:22","r03-c03:expanded-facade-max4m:106618:0:23","r03-c03:expanded-facade-max4m:106618:0:3","r03-c03:expanded-facade-max4m:106618:0:4","r03-c03:expanded-facade-max4m:106618:0:5","r03-c03:expanded-facade-max4m:106618:0:6","r03-c03:expanded-facade-max4m:106618:0:7","r03-c03:expanded-facade-max4m:106618:0:8","r03-c03:expanded-facade-max4m:106618:0:9"],"receiver_count":23,"periods":{"D":{"min":68.48286,"max":69.41567,"receiver_count":23,"unavailable_count":0},"E":{"min":66.264366,"max":67.19719,"receiver_count":23,"unavailable_count":0},"N":{"min":61.493156,"max":62.425976,"receiver_count":23,"unavailable_count":0}}}},{"type":"Feature","id":"lariac:390313887971","geometry":{"type":"Polygon","coordinates":[[[-118.56657434217136,34.17891198344912],[-118.56657377071093,34.178895379667566],[-118.56654632867244,34.178896039229684],[-118.5665463416157,34.17891202356156],[-118.56657434217136,34.17891198344912]]]},"properties":{"building_pk":107586,"building_key":"lariac:390313887971","source_tile":"r03-c03","source_tile_ids":["r03-c03"],"source_bld_id":"390313887971","height_m":5.627,"receiver_ids":[223481,223482],"receiver_keys":["r03-c03:expanded-facade-max4m:107586:0:1","r03-c03:expanded-facade-max4m:107586:0:2"],"receiver_count":2,"periods":{"D":{"min":65.55313,"max":66.1804,"receiver_count":2,"unavailable_count":0},"E":{"min":63.33464,"max":63.96191,"receiver_count":2,"unavailable_count":0},"N":{"min":58.563427,"max":59.190697,"receiver_count":2,"unavailable_count":0}}}},{"type":"Feature","id":"lariac:391249887995","geometry":{"type":"Polygon","coordinates":[[[-118.56350373036985,34.17895915794715],[-118.56343069392287,34.178959196200424],[-118.5634306867942,34.17896312516601],[-118.56337444675727,34.178963168078305],[-118.56337447221816,34.17899155399995],[-118.56336342936126,34.17899155044448],[-118.56336344553617,34.179008586861656],[-118.56337554600103,34.1790085854906],[-118.56337552086106,34.17901949520163],[-118.56345963384774,34.179019460372636],[-118.56345963551433,34.17902951799899],[-118.56348959109373,34.17902951547144],[-118.56348958349464,34.17901857886656],[-118.56350376771559,34.17901856777428],[-118.56350373036985,34.17895915794715]]]},"properties":{"building_pk":107820,"building_key":"lariac:391249887995","source_tile":"r03-c03","source_tile_ids":["r03-c03"],"source_bld_id":"391249887995","height_m":5.611,"receiver_ids":[223768,223769,223770,223771,223772,223773,223774,223775,223776,223777],"receiver_keys":["r03-c03:expanded-facade-max4m:107820:0:1","r03-c03:expanded-facade-max4m:107820:0:10","r03-c03:expanded-facade-max4m:107820:0:11","r03-c03:expanded-facade-max4m:107820:0:2","r03-c03:expanded-facade-max4m:107820:0:3","r03-c03:expanded-facade-max4m:107820:0:4","r03-c03:expanded-facade-max4m:107820:0:5","r03-c03:expanded-facade-max4m:107820:0:6","r03-c03:expanded-facade-max4m:107820:0:7","r03-c03:expanded-facade-max4m:107820:0:9"],"receiver_count":10,"periods":{"D":{"min":56.695774,"max":66.2514,"receiver_count":10,"unavailable_count":0},"E":{"min":54.477287,"max":64.03291,"receiver_count":10,"unavailable_count":0},"N":{"min":49.706074,"max":59.261703,"receiver_count":10,"unavailable_count":0}}}},{"type":"Feature","id":"lariac:390394888254","geometry":{"type":"Polygon","coordinates":[[[-118.5663237981324,34.17967382554605],[-118.56628316634534,34.179664591046304],[-118.5662706606149,34.17970259833217],[-118.56631129241913,34.17971183283612],[-118.5663237981324,34.17967382554605]]]},"properties":{"building_pk":108286,"building_key":"lariac:390394888254","source_tile":"r03-c03","source_tile_ids":["r03-c03"],"source_bld_id":"390394888254","height_m":4.487,"receiver_ids":[224463,224464,224465,224466,224467],"receiver_keys":["r03-c03:expanded-facade-max4m:108286:0:1","r03-c03:expanded-facade-max4m:108286:0:2","r03-c03:expanded-facade-max4m:108286:0:3","r03-c03:expanded-facade-max4m:108286:0:4","r03-c03:expanded-facade-max4m:108286:0:5"],"receiver_count":5,"periods":{"D":{"min":64.128265,"max":70.773254,"receiver_count":5,"unavailable_count":0},"E":{"min":61.909782,"max":68.55476,"receiver_count":5,"unavailable_count":0},"N":{"min":57.13857,"max":63.783554,"receiver_count":5,"unavailable_count":0}}}},{"type":"Feature","id":"lariac:391375886585","geometry":{"type":"Polygon","coordinates":[[[-118.56304696926463,34.175134238425834],[-118.56304672962196,34.175098680812724],[-118.56300398138985,34.17509885277991],[-118.56300418865638,34.17513443759008],[-118.56304696926463,34.175134238425834]]]},"properties":{"building_pk":108448,"building_key":"lariac:391375886585","source_tile":"r03-c03","source_tile_ids":["r03-c03"],"source_bld_id":"391375886585","height_m":3.018,"receiver_ids":[224808,224809,224810,224811],"receiver_keys":["r03-c03:expanded-facade-max4m:108448:0:1","r03-c03:expanded-facade-max4m:108448:0:2","r03-c03:expanded-facade-max4m:108448:0:3","r03-c03:expanded-facade-max4m:108448:0:4"],"receiver_count":4,"periods":{"D":{"min":72.30031,"max":73.24738,"receiver_count":4,"unavailable_count":0},"E":{"min":70.081825,"max":71.02889,"receiver_count":4,"unavailable_count":0},"N":{"min":65.31061,"max":66.25768,"receiver_count":4,"unavailable_count":0}}}},{"type":"Feature","id":"lariac:390312887979","geometry":{"type":"Polygon","coordinates":[[[-118.56654640561712,34.178941934721166],[-118.56654808651056,34.178940264398285],[-118.5665752943185,34.17893961404703],[-118.56657434217136,34.17891198344912],[-118.5665463416157,34.17891202356156],[-118.56654640561712,34.178941934721166]]]},"properties":{"building_pk":108597,"building_key":"lariac:390312887979","source_tile":"r03-c03","source_tile_ids":["r03-c03"],"source_bld_id":"390312887979","height_m":5.657,"receiver_ids":[225108,225109],"receiver_keys":["r03-c03:expanded-facade-max4m:108597:0:1","r03-c03:expanded-facade-max4m:108597:0:2"],"receiver_count":2,"periods":{"D":{"min":59.569317,"max":65.27968,"receiver_count":2,"unavailable_count":0},"E":{"min":57.350826,"max":63.06119,"receiver_count":2,"unavailable_count":0},"N":{"min":52.579617,"max":58.28998,"receiver_count":2,"unavailable_count":0}}}},{"type":"Feature","id":"lariac:201700285855","geometry":{"type":"Polygon","coordinates":[[[-118.56272063803978,34.17612572734388],[-118.56272117886712,34.17617864280046],[-118.56280833207191,34.17617802899667],[-118.56280828869879,34.1761741669807],[-118.56286242672319,34.17617378520808],[-118.56286218973123,34.176150523751296],[-118.56284279584239,34.1761506599891],[-118.5628425547613,34.17612711276171],[-118.56281338367843,34.17612731883828],[-118.5628136364291,34.176152116454034],[-118.5628085645189,34.17615215267854],[-118.56280828904826,34.1761251094205],[-118.56272063803978,34.17612572734388]]]},"properties":{"building_pk":109452,"building_key":"lariac:201700285855","source_tile":"r03-c03","source_tile_ids":["r03-c03"],"source_bld_id":"201700285855","height_m":4.752,"receiver_ids":[225929,225930,225931,225932,225933,225934,225935],"receiver_keys":["r03-c03:expanded-facade-max4m:109452:0:1","r03-c03:expanded-facade-max4m:109452:0:2","r03-c03:expanded-facade-max4m:109452:0:3","r03-c03:expanded-facade-max4m:109452:0:4","r03-c03:expanded-facade-max4m:109452:0:5","r03-c03:expanded-facade-max4m:109452:0:6","r03-c03:expanded-facade-max4m:109452:0:7"],"receiver_count":7,"periods":{"D":{"min":59.825836,"max":69.31933,"receiver_count":7,"unavailable_count":0},"E":{"min":57.60735,"max":67.100845,"receiver_count":7,"unavailable_count":0},"N":{"min":52.836136,"max":62.32963,"receiver_count":7,"unavailable_count":0}}}},{"type":"Feature","id":"lariac:201700286082","geometry":{"type":"Polygon","coordinates":[[[-118.56263070718188,34.17823005463275],[-118.56263127155849,34.17828309078811],[-118.56270018980781,34.178282584439515],[-118.56270004842386,34.178269324275156],[-118.56280587664303,34.178268546061325],[-118.56280526941077,34.17821158027196],[-118.56277009279005,34.178211838622964],[-118.56277004413036,34.17820735276257],[-118.56274429350098,34.178207542001445],[-118.5627443302841,34.17821090910009],[-118.56271537655542,34.17821112225223],[-118.56271535262364,34.17820885768306],[-118.5627017841859,34.17820895687459],[-118.56270181436125,34.178211826351195],[-118.56269484302909,34.17821187681696],[-118.5626949374362,34.17822073946447],[-118.56265778883835,34.178221012366826],[-118.56265743436045,34.178187708247144],[-118.56279148511835,34.17818672301365],[-118.56279054429976,34.178104391109436],[-118.56262798796162,34.17810558648741],[-118.56262795640059,34.17810267193998],[-118.56261080416411,34.17810279861177],[-118.56261083298845,34.17810546795176],[-118.56258275464047,34.178105674295516],[-118.56258286582816,34.17811606408185],[-118.56257792071602,34.178116100607845],[-118.56257815738562,34.17813835864746],[-118.56256267881682,34.17813847211781],[-118.56256319530652,34.17818698093814],[-118.56257678325959,34.1781868807699],[-118.56257676345183,34.17818506695394],[-118.56261681358703,34.178184772464725],[-118.56261684715737,34.17818798541422],[-118.5626266571213,34.17818791273217],[-118.56262710708377,34.178230081297485],[-118.56263070718188,34.17823005463275]]]},"properties":{"building_pk":109466,"building_key":"lariac:201700286082","source_tile":"r03-c03","source_tile_ids":["r03-c03"],"source_bld_id":"201700286082","height_m":6.511,"receiver_ids":[225955,225956,225957,225958,225959,225960,225961,225962,225963,225964,225965,225966,225967,225968,225969,225970,225971,225972],"receiver_keys":["r03-c03:expanded-facade-max4m:109466:0:1","r03-c03:expanded-facade-max4m:109466:0:17","r03-c03:expanded-facade-max4m:109466:0:18","r03-c03:expanded-facade-max4m:109466:0:19","r03-c03:expanded-facade-max4m:109466:0:2","r03-c03:expanded-facade-max4m:109466:0:20","r03-c03:expanded-facade-max4m:109466:0:21","r03-c03:expanded-facade-max4m:109466:0:22","r03-c03:expanded-facade-max4m:109466:0:23","r03-c03:expanded-facade-max4m:109466:0:24","r03-c03:expanded-facade-max4m:109466:0:26","r03-c03:expanded-facade-max4m:109466:0:27","r03-c03:expanded-facade-max4m:109466:0:29","r03-c03:expanded-facade-max4m:109466:0:3","r03-c03:expanded-facade-max4m:109466:0:5","r03-c03:expanded-facade-max4m:109466:0:6","r03-c03:expanded-facade-max4m:109466:0:7","r03-c03:expanded-facade-max4m:109466:0:8"],"receiver_count":18,"periods":{"D":{"min":57.435455,"max":69.12745,"receiver_count":18,"unavailable_count":0},"E":{"min":55.21697,"max":66.90896,"receiver_count":18,"unavailable_count":0},"N":{"min":50.445755,"max":62.13775,"receiver_count":18,"unavailable_count":0}}}},{"type":"Feature","id":"lariac:201700286105","geometry":{"type":"Polygon","coordinates":[[[-118.56188714294785,34.178577117187],[-118.56188716523081,34.17858026888389],[-118.5619148124588,34.178580129616634],[-118.56191444303151,34.178529560983634],[-118.5619081950759,34.178529592716714],[-118.56190810500865,34.17851716984858],[-118.56194156736805,34.17851700085298],[-118.56194146954662,34.17850358722318],[-118.56199254115916,34.17850333008297],[-118.56199228574896,34.178468427063315],[-118.56196828753954,34.17846854849159],[-118.5619678763839,34.178412265160375],[-118.5618067227111,34.17841307877304],[-118.56180698277248,34.178448684976004],[-118.56177070669129,34.17844886790564],[-118.56177126394445,34.17852512247887],[-118.56175892745092,34.17852517978027],[-118.56175916383242,34.17855759011717],[-118.56179137011088,34.17855742789897],[-118.5617912493072,34.178540915766696],[-118.56180075140504,34.17854086712059],[-118.5618010197999,34.17857755153235],[-118.56188714294785,34.178577117187]]]},"properties":{"building_pk":109467,"building_key":"lariac:201700286105","source_tile":"r03-c03","source_tile_ids":["r03-c03"],"source_bld_id":"201700286105","height_m":5.215,"receiver_ids":[225973,225974,225975,225976,225977,225978,225979,225980,225981,225982,225983,225984,225985,225986,225987,225988,225989],"receiver_keys":["r03-c03:expanded-facade-max4m:109467:0:10","r03-c03:expanded-facade-max4m:109467:0:11","r03-c03:expanded-facade-max4m:109467:0:12","r03-c03:expanded-facade-max4m:109467:0:13","r03-c03:expanded-facade-max4m:109467:0:14","r03-c03:expanded-facade-max4m:109467:0:15","r03-c03:expanded-facade-max4m:109467:0:16","r03-c03:expanded-facade-max4m:109467:0:17","r03-c03:expanded-facade-max4m:109467:0:18","r03-c03:expanded-facade-max4m:109467:0:2","r03-c03:expanded-facade-max4m:109467:0:21","r03-c03:expanded-facade-max4m:109467:0:22","r03-c03:expanded-facade-max4m:109467:0:4","r03-c03:expanded-facade-max4m:109467:0:5","r03-c03:expanded-facade-max4m:109467:0:6","r03-c03:expanded-facade-max4m:109467:0:8","r03-c03:expanded-facade-max4m:109467:0:9"],"receiver_count":17,"periods":{"D":{"min":59.60924,"max":69.75207,"receiver_count":17,"unavailable_count":0},"E":{"min":57.390755,"max":67.53358,"receiver_count":17,"unavailable_count":0},"N":{"min":52.61954,"max":62.762367,"receiver_count":17,"unavailable_count":0}}}},{"type":"Feature","id":"lariac:391812887236","geometry":{"type":"Polygon","coordinates":[[[-118.56160809092525,34.17692116404496],[-118.56160558884653,34.17689814840864],[-118.56157032915723,34.17690081302181],[-118.56157286376717,34.17692382850783],[-118.56160809092525,34.17692116404496]]]},"properties":{"building_pk":112213,"building_key":"lariac:391812887236","source_tile":"r03-c03","source_tile_ids":["r03-c03"],"source_bld_id":"391812887236","height_m":4.124,"receiver_ids":[227352,227353,227354,227355],"receiver_keys":["r03-c03:expanded-facade-max4m:112213:0:1","r03-c03:expanded-facade-max4m:112213:0:2","r03-c03:expanded-facade-max4m:112213:0:3","r03-c03:expanded-facade-max4m:112213:0:4"],"receiver_count":4,"periods":{"D":{"min":68.36302,"max":69.06215,"receiver_count":4,"unavailable_count":0},"E":{"min":66.14453,"max":66.843666,"receiver_count":4,"unavailable_count":0},"N":{"min":61.37332,"max":62.072453,"receiver_count":4,"unavailable_count":0}}}},{"type":"Feature","id":"lariac:391342886602","geometry":{"type":"Polygon","coordinates":[[[-118.56310586832953,34.175200298059075],[-118.56315341442607,34.17520079159347],[-118.56315441849922,34.175133957206754],[-118.56310687244675,34.175133464574294],[-118.56310586832953,34.175200298059075]]]},"properties":{"building_pk":112309,"building_key":"lariac:391342886602","source_tile":"r03-c03","source_tile_ids":["r03-c03"],"source_bld_id":"391342886602","height_m":3.094,"receiver_ids":[227517,227518,227519,227520,227521,227522],"receiver_keys":["r03-c03:expanded-facade-max4m:112309:0:1","r03-c03:expanded-facade-max4m:112309:0:2","r03-c03:expanded-facade-max4m:112309:0:3","r03-c03:expanded-facade-max4m:112309:0:4","r03-c03:expanded-facade-max4m:112309:0:5","r03-c03:expanded-facade-max4m:112309:0:6"],"receiver_count":6,"periods":{"D":{"min":72.13011,"max":72.22149,"receiver_count":6,"unavailable_count":0},"E":{"min":69.91162,"max":70.003,"receiver_count":6,"unavailable_count":0},"N":{"min":65.14041,"max":65.23179,"receiver_count":6,"unavailable_count":0}}}},{"type":"Feature","id":"lariac:390696887935","geometry":{"type":"Polygon","coordinates":[[[-118.56537858644434,34.17891388826496],[-118.56537836789462,34.178867009852155],[-118.56541381155289,34.17886689915179],[-118.56541367653134,34.17884214155632],[-118.56543510104902,34.17884206844075],[-118.56543509617869,34.178836380616595],[-118.56543972468512,34.178836358977335],[-118.56543956635764,34.1787983830391],[-118.56543216096773,34.17879841766082],[-118.56543189292073,34.17874423065483],[-118.56522740049334,34.17874488360077],[-118.56522778853456,34.178826605030665],[-118.56521800198968,34.17882662281966],[-118.56521816654234,34.17886072388855],[-118.56522305972226,34.17886070102067],[-118.5652231580969,34.17888021089442],[-118.5652373421112,34.178880172553285],[-118.56523750722687,34.1789143556602],[-118.56537858644434,34.17891388826496]]]},"properties":{"building_pk":112385,"building_key":"lariac:390696887935","source_tile":"r03-c03","source_tile_ids":["r03-c03"],"source_bld_id":"390696887935","height_m":11.009,"receiver_ids":[227640,227641,227642,227643,227644,227645,227646,227647,227648,227649,227650,227651,227652,227653,227654,227655,227656,227657],"receiver_keys":["r03-c03:expanded-facade-max4m:112385:0:1","r03-c03:expanded-facade-max4m:112385:0:10","r03-c03:expanded-facade-max4m:112385:0:11","r03-c03:expanded-facade-max4m:112385:0:12","r03-c03:expanded-facade-max4m:112385:0:13","r03-c03:expanded-facade-max4m:112385:0:14","r03-c03:expanded-facade-max4m:112385:0:15","r03-c03:expanded-facade-max4m:112385:0:17","r03-c03:expanded-facade-max4m:112385:0:18","r03-c03:expanded-facade-max4m:112385:0:19","r03-c03:expanded-facade-max4m:112385:0:20","r03-c03:expanded-facade-max4m:112385:0:3","r03-c03:expanded-facade-max4m:112385:0:4","r03-c03:expanded-facade-max4m:112385:0:5","r03-c03:expanded-facade-max4m:112385:0:6","r03-c03:expanded-facade-max4m:112385:0:7","r03-c03:expanded-facade-max4m:112385:0:8","r03-c03:expanded-facade-max4m:112385:0:9"],"receiver_count":18,"periods":{"D":{"min":51.788277,"max":64.08535,"receiver_count":18,"unavailable_count":0},"E":{"min":49.56979,"max":61.866863,"receiver_count":18,"unavailable_count":0},"N":{"min":44.798576,"max":57.09565,"receiver_count":18,"unavailable_count":0}}}},{"type":"Feature","id":"lariac:391488887468","geometry":{"type":"Polygon","coordinates":[[[-118.56272121131313,34.17763297590784],[-118.56272095967881,34.17756614826894],[-118.56273349037443,34.1775661170115],[-118.56273305893397,34.17744795895428],[-118.5625861292726,34.17744831255337],[-118.56258610188623,34.17744424581229],[-118.56250080167615,34.177444450545615],[-118.56250106909489,34.177518642829874],[-118.56252100633404,34.17751860509421],[-118.56252141526966,34.17763346540476],[-118.56272121131313,34.17763297590784]]]},"properties":{"building_pk":112670,"building_key":"lariac:391488887468","source_tile":"r03-c03","source_tile_ids":["r03-c03"],"source_bld_id":"391488887468","height_m":8.303,"receiver_ids":[227864,227865,227866,227867,227868,227869,227870,227871,227872,227873,227874,227875,227876,227877,227878,227879,227880,227881,227882],"receiver_keys":["r03-c03:expanded-facade-max4m:112670:0:10","r03-c03:expanded-facade-max4m:112670:0:11","r03-c03:expanded-facade-max4m:112670:0:12","r03-c03:expanded-facade-max4m:112670:0:13","r03-c03:expanded-facade-max4m:112670:0:14","r03-c03:expanded-facade-max4m:112670:0:15","r03-c03:expanded-facade-max4m:112670:0:16","r03-c03:expanded-facade-max4m:112670:0:17","r03-c03:expanded-facade-max4m:112670:0:18","r03-c03:expanded-facade-max4m:112670:0:19","r03-c03:expanded-facade-max4m:112670:0:2","r03-c03:expanded-facade-max4m:112670:0:20","r03-c03:expanded-facade-max4m:112670:0:21","r03-c03:expanded-facade-max4m:112670:0:22","r03-c03:expanded-facade-max4m:112670:0:3","r03-c03:expanded-facade-max4m:112670:0:4","r03-c03:expanded-facade-max4m:112670:0:7","r03-c03:expanded-facade-max4m:112670:0:8","r03-c03:expanded-facade-max4m:112670:0:9"],"receiver_count":19,"periods":{"D":{"min":57.083797,"max":69.38609,"receiver_count":19,"unavailable_count":0},"E":{"min":54.86531,"max":67.16761,"receiver_count":19,"unavailable_count":0},"N":{"min":50.094097,"max":62.396397,"receiver_count":19,"unavailable_count":0}}}},{"type":"Feature","id":"lariac:391341887199","geometry":{"type":"Polygon","coordinates":[[[-118.5631684066249,34.176787284635296],[-118.56312780498187,34.176787088733185],[-118.56312760061861,34.17681566865462],[-118.56316820354253,34.17681589159726],[-118.5631684066249,34.176787284635296]]]},"properties":{"building_pk":113203,"building_key":"lariac:391341887199","source_tile":"r03-c03","source_tile_ids":["r03-c03"],"source_bld_id":"391341887199","height_m":3.901,"receiver_ids":[228653,228654,228655],"receiver_keys":["r03-c03:expanded-facade-max4m:113203:0:1","r03-c03:expanded-facade-max4m:113203:0:3","r03-c03:expanded-facade-max4m:113203:0:4"],"receiver_count":3,"periods":{"D":{"min":64.09897,"max":65.103645,"receiver_count":3,"unavailable_count":0},"E":{"min":61.880486,"max":62.88516,"receiver_count":3,"unavailable_count":0},"N":{"min":57.109272,"max":58.113945,"receiver_count":3,"unavailable_count":0}}}},{"type":"Feature","id":"lariac:391335886484","geometry":{"type":"Polygon","coordinates":[[[-118.56320807771094,34.17488372969703],[-118.56320717293858,34.17481822406093],[-118.56319120498861,34.17481838046319],[-118.56319068488591,34.174780489155275],[-118.56309960603262,34.17478135321671],[-118.56309968542757,34.17478830465876],[-118.56307680832981,34.17478852116342],[-118.56307778980442,34.17486059419645],[-118.56309967553968,34.17486038320922],[-118.56310000468437,34.17488475493953],[-118.56320807771094,34.17488372969703]]]},"properties":{"building_pk":113338,"building_key":"lariac:391335886484","source_tile":"r03-c03","source_tile_ids":["r03-c03"],"source_bld_id":"391335886484","height_m":5.002,"receiver_ids":[228759,228760,228761,228762,228763,228764,228765,228766,228767,228768],"receiver_keys":["r03-c03:expanded-facade-max4m:113338:0:1","r03-c03:expanded-facade-max4m:113338:0:10","r03-c03:expanded-facade-max4m:113338:0:11","r03-c03:expanded-facade-max4m:113338:0:12","r03-c03:expanded-facade-max4m:113338:0:2","r03-c03:expanded-facade-max4m:113338:0:3","r03-c03:expanded-facade-max4m:113338:0:5","r03-c03:expanded-facade-max4m:113338:0:7","r03-c03:expanded-facade-max4m:113338:0:8","r03-c03:expanded-facade-max4m:113338:0:9"],"receiver_count":10,"periods":{"D":{"min":63.73441,"max":73.7916,"receiver_count":10,"unavailable_count":0},"E":{"min":61.51592,"max":71.57311,"receiver_count":10,"unavailable_count":0},"N":{"min":56.74471,"max":66.8019,"receiver_count":10,"unavailable_count":0}}}}],"metadata":{"model":"tarzana-combined-road-study-r02-v1","tile_id":"r03-c03","status":"candidate_pending_owner_review","coordinate_crs":"OGC:CRS84","source_projected_crs":"EPSG:26911","bbox_wgs84":[-118.56775427692453,34.17359984985027,-118.5568507553516,34.17987293440623],"receiver_count":7304,"numeric_rows":21912,"numeric_laeq_min":40.869793,"numeric_laeq_max":97.22733,"masked_ids":[],"receiver_height_counts_m":{"1.5":5042,"4.0":2262},"building_count":188,"facade_receiver_count":2262,"attempt_id":"phase1-tarzana-full-mixed-r03-c03-union-hf583-nv-pc16-v1","source_hashes":{"export":"413bebd318b75e4424f2c04aa6ae5a122ce6fb1538f5407568873407bccb4847"},"shared_building_source_ids":["389966888052","389971888103","390020888226"],"quality_flags":{"physical_ceiling_margin_db":6.0,"physical_ceiling_masked_ids":[],"on_road_distance_m":3.0,"on_road_count":95,"method":"science/qa/physical_ceiling.py; science/pipeline/build_tile_assets.py"},"assumptions":{"source_scenario":"Assumed historical-context mixed-road scenario (852 corrected freeway + 583 corrected lower-road sources).","traffic":"Evening flow = 0.6 × day, night = 0.2 × day. Not observed or current traffic.","method":"Direct union export copied as emitted; physically impossible receivers masked, on-road receivers labelled.","calibration":"Uncalibrated modeled exterior LAeq; not a measurement, interior level, or quietness rating."}}}
