{"type":"FeatureCollection","features":[{"type":"Feature","id":"lariac:393074889422","geometry":{"type":"Polygon","coordinates":[[[-118.55737595862882,34.1829649379541],[-118.55744005580581,34.18298739573764],[-118.5574329740609,34.183001359944264],[-118.55751109176104,34.18302875393942],[-118.55752515778806,34.18300101709319],[-118.55751839670054,34.18299865826404],[-118.55756003944697,34.18291660605787],[-118.55751662258425,34.18290138978358],[-118.55753033032697,34.18287442450723],[-118.55746987799628,34.18285324188579],[-118.55745904327932,34.18287458810936],[-118.55742742540473,34.18286352312618],[-118.55737595862882,34.1829649379541]]]},"properties":{"building_pk":2430,"building_key":"lariac:393074889422","source_tile":"r04-c03","source_tile_ids":["r04-c03"],"source_bld_id":"393074889422","height_m":5.581,"receiver_ids":[145978,145979,145980,145981,145982,145983,145984,145985,145986,145987,145988,145989,145990],"receiver_keys":["r04-c03:expanded-facade-max4m:2430:0:1","r04-c03:expanded-facade-max4m:2430:0:10","r04-c03:expanded-facade-max4m:2430:0:11","r04-c03:expanded-facade-max4m:2430:0:12","r04-c03:expanded-facade-max4m:2430:0:13","r04-c03:expanded-facade-max4m:2430:0:14","r04-c03:expanded-facade-max4m:2430:0:15","r04-c03:expanded-facade-max4m:2430:0:16","r04-c03:expanded-facade-max4m:2430:0:3","r04-c03:expanded-facade-max4m:2430:0:4","r04-c03:expanded-facade-max4m:2430:0:7","r04-c03:expanded-facade-max4m:2430:0:8","r04-c03:expanded-facade-max4m:2430:0:9"],"receiver_count":13,"periods":{"D":{"min":48.378872,"max":59.37222,"receiver_count":13,"unavailable_count":0},"E":{"min":46.160385,"max":57.153732,"receiver_count":13,"unavailable_count":0},"N":{"min":41.389175,"max":52.38252,"receiver_count":13,"unavailable_count":0}}}},{"type":"Feature","id":"lariac:391391888621","geometry":{"type":"Polygon","coordinates":[[[-118.56296065174062,34.18068938318096],[-118.56295991156323,34.180726675421354],[-118.5630606143365,34.18072803137247],[-118.56306074019592,34.180690857388896],[-118.56296065174062,34.18068938318096]]]},"properties":{"building_pk":2484,"building_key":"lariac:391391888621","source_tile":"r04-c03","source_tile_ids":["r04-c03"],"source_bld_id":"391391888621","height_m":3.691,"receiver_ids":[146117,146118,146119,146120,146121,146122,146123],"receiver_keys":["r04-c03:expanded-facade-max4m:2484:0:1","r04-c03:expanded-facade-max4m:2484:0:2","r04-c03:expanded-facade-max4m:2484:0:3","r04-c03:expanded-facade-max4m:2484:0:4","r04-c03:expanded-facade-max4m:2484:0:5","r04-c03:expanded-facade-max4m:2484:0:6","r04-c03:expanded-facade-max4m:2484:0:7"],"receiver_count":7,"periods":{"D":{"min":64.0759,"max":64.80535,"receiver_count":7,"unavailable_count":0},"E":{"min":61.85741,"max":62.586864,"receiver_count":7,"unavailable_count":0},"N":{"min":57.0862,"max":57.81565,"receiver_count":7,"unavailable_count":0}}}},{"type":"Feature","id":"lariac:390466888408","geometry":{"type":"Polygon","coordinates":[[[-118.56608281550459,34.18010115548355],[-118.56605142210998,34.18009393859641],[-118.56604374217193,34.18011702884786],[-118.56607513558062,34.18012424663851],[-118.56608281550459,34.18010115548355]]]},"properties":{"building_pk":2496,"building_key":"lariac:390466888408","source_tile":"r04-c03","source_tile_ids":["r04-c03"],"source_bld_id":"390466888408","height_m":3.054,"receiver_ids":[146173,146174,146175,146176],"receiver_keys":["r04-c03:expanded-facade-max4m:2496:0:1","r04-c03:expanded-facade-max4m:2496:0:2","r04-c03:expanded-facade-max4m:2496:0:3","r04-c03:expanded-facade-max4m:2496:0:4"],"receiver_count":4,"periods":{"D":{"min":60.8862,"max":63.617905,"receiver_count":4,"unavailable_count":0},"E":{"min":58.66771,"max":61.399418,"receiver_count":4,"unavailable_count":0},"N":{"min":53.8965,"max":56.628204,"receiver_count":4,"unavailable_count":0}}}},{"type":"Feature","id":"lariac:392656889234","geometry":{"type":"Polygon","coordinates":[[[-118.5588773611704,34.18242902024948],[-118.55887683609346,34.1823998288577],[-118.5587086476282,34.182401814872684],[-118.5587091401082,34.18242889860423],[-118.55881598790764,34.18242877011154],[-118.55881599340536,34.18242910546076],[-118.5588773611704,34.18242902024948]]]},"properties":{"building_pk":2799,"building_key":"lariac:392656889234","source_tile":"r04-c03","source_tile_ids":["r04-c03"],"source_bld_id":"392656889234","height_m":2.932,"receiver_ids":[146593,146594,146595,146596,146597,146598,146599,146600],"receiver_keys":["r04-c03:expanded-facade-max4m:2799:0:1","r04-c03:expanded-facade-max4m:2799:0:2","r04-c03:expanded-facade-max4m:2799:0:3","r04-c03:expanded-facade-max4m:2799:0:4","r04-c03:expanded-facade-max4m:2799:0:5","r04-c03:expanded-facade-max4m:2799:0:6","r04-c03:expanded-facade-max4m:2799:0:7","r04-c03:expanded-facade-max4m:2799:0:8"],"receiver_count":8,"periods":{"D":{"min":60.080177,"max":60.355274,"receiver_count":8,"unavailable_count":0},"E":{"min":57.86169,"max":58.136787,"receiver_count":8,"unavailable_count":0},"N":{"min":53.090477,"max":53.365574,"receiver_count":8,"unavailable_count":0}}}},{"type":"Feature","id":"lariac:391920890295","geometry":{"type":"Polygon","coordinates":[[[-118.56125505721587,34.18534785202702],[-118.56132830479048,34.18534885902402],[-118.561329593791,34.18528479918759],[-118.5612563460909,34.18528376514589],[-118.56125505721587,34.18534785202702]]]},"properties":{"building_pk":2823,"building_key":"lariac:391920890295","source_tile":"r04-c03","source_tile_ids":["r04-c03"],"source_bld_id":"391920890295","height_m":4.953,"receiver_ids":[146608,146609,146610,146611,146612,146613],"receiver_keys":["r04-c03:expanded-facade-max4m:2823:0:1","r04-c03:expanded-facade-max4m:2823:0:2","r04-c03:expanded-facade-max4m:2823:0:3","r04-c03:expanded-facade-max4m:2823:0:4","r04-c03:expanded-facade-max4m:2823:0:6","r04-c03:expanded-facade-max4m:2823:0:7"],"receiver_count":6,"periods":{"D":{"min":49.589737,"max":56.015354,"receiver_count":6,"unavailable_count":0},"E":{"min":47.37125,"max":53.796867,"receiver_count":6,"unavailable_count":0},"N":{"min":42.600037,"max":49.025654,"receiver_count":6,"unavailable_count":0}}}},{"type":"Feature","id":"lariac:390414888520","geometry":{"type":"Polygon","coordinates":[[[-118.56639085544815,34.180318172992045],[-118.56633803776784,34.1802965740886],[-118.5663441173032,34.18028624096134],[-118.56631271925298,34.18027339040878],[-118.56630683452794,34.180283337662594],[-118.56629208084836,34.18027730688977],[-118.56629420549962,34.180273724118976],[-118.56627046563906,34.18026402556099],[-118.56623022421637,34.180331949744456],[-118.56621248562176,34.18032469601665],[-118.566167308756,34.18040099699991],[-118.56614781345563,34.180393037462416],[-118.56614039285624,34.180405574823766],[-118.56608730976939,34.18038386796621],[-118.56608443326122,34.18038871731688],[-118.56605223894609,34.180375540458144],[-118.5660220661689,34.180426490940725],[-118.56605426030964,34.180439639860516],[-118.56605177545265,34.18044385629592],[-118.56615969860586,34.18048800466782],[-118.56616509176254,34.18047882874031],[-118.5661695016027,34.180480622005625],[-118.56618006021586,34.1804627661636],[-118.566272366927,34.18050050182448],[-118.56627589639764,34.18049452248084],[-118.56628345659713,34.18049761995212],[-118.56630078190055,34.18046838376856],[-118.56629547670559,34.18046620974058],[-118.56630132837408,34.180456344682774],[-118.56629662057345,34.18045444373041],[-118.56631074314392,34.18043058042309],[-118.5662889262735,34.180421641882255],[-118.56631788889602,34.18037270293636],[-118.56640850414482,34.180409760337476],[-118.56643949375368,34.1803574049309],[-118.56641930214943,34.18034914577904],[-118.56643708515506,34.18031911046634],[-118.5663994203764,34.180303706359204],[-118.56639085544815,34.180318172992045]]]},"properties":{"building_pk":3070,"building_key":"lariac:390414888520","source_tile":"r04-c03","source_tile_ids":["r04-c03"],"source_bld_id":"390414888520","height_m":5.602,"receiver_ids":[147042,147043,147044,147045,147046,147047,147048,147049,147050,147051,147052,147053,147054,147055,147056,147057,147058,147059,147060,147061,147062],"receiver_keys":["r04-c03:expanded-facade-max4m:3070:0:1","r04-c03:expanded-facade-max4m:3070:0:10","r04-c03:expanded-facade-max4m:3070:0:11","r04-c03:expanded-facade-max4m:3070:0:13","r04-c03:expanded-facade-max4m:3070:0:14","r04-c03:expanded-facade-max4m:3070:0:23","r04-c03:expanded-facade-max4m:3070:0:24","r04-c03:expanded-facade-max4m:3070:0:26","r04-c03:expanded-facade-max4m:3070:0:27","r04-c03:expanded-facade-max4m:3070:0:28","r04-c03:expanded-facade-max4m:3070:0:29","r04-c03:expanded-facade-max4m:3070:0:3","r04-c03:expanded-facade-max4m:3070:0:30","r04-c03:expanded-facade-max4m:3070:0:32","r04-c03:expanded-facade-max4m:3070:0:33","r04-c03:expanded-facade-max4m:3070:0:4","r04-c03:expanded-facade-max4m:3070:0:5","r04-c03:expanded-facade-max4m:3070:0:6","r04-c03:expanded-facade-max4m:3070:0:7","r04-c03:expanded-facade-max4m:3070:0:8","r04-c03:expanded-facade-max4m:3070:0:9"],"receiver_count":21,"periods":{"D":{"min":52.103058,"max":64.05943,"receiver_count":21,"unavailable_count":0},"E":{"min":49.884567,"max":61.840946,"receiver_count":21,"unavailable_count":0},"N":{"min":45.113358,"max":57.069733,"receiver_count":21,"unavailable_count":0}}}},{"type":"Feature","id":"lariac:390287890022","geometry":{"type":"Polygon","coordinates":[[[-118.56659214793964,34.18446179937702],[-118.56659190784538,34.18466039284072],[-118.56666921652828,34.18466044267457],[-118.56666922204116,34.18465645781966],[-118.56671389457618,34.18465649644214],[-118.56671393331622,34.18461343576509],[-118.56673165638084,34.18461346271179],[-118.56673164166455,34.18462104747912],[-118.56674225568639,34.184621052739914],[-118.56674225911915,34.18462635561173],[-118.566783756249,34.18462638113931],[-118.56678375258939,34.184620885337914],[-118.56679525939872,34.18462088641042],[-118.56679547011245,34.18446200163304],[-118.56659214793964,34.18446179937702]]]},"properties":{"building_pk":3127,"building_key":"lariac:390287890022","source_tile":"r04-c03","source_tile_ids":["r04-c03"],"source_bld_id":"390287890022","height_m":6.416,"receiver_ids":[147093,147094,147095,147096,147097,147098,147099,147100,147101,147102,147103],"receiver_keys":["r04-c03:expanded-facade-max4m:3127:0:12","r04-c03:expanded-facade-max4m:3127:0:13","r04-c03:expanded-facade-max4m:3127:0:14","r04-c03:expanded-facade-max4m:3127:0:2","r04-c03:expanded-facade-max4m:3127:0:3","r04-c03:expanded-facade-max4m:3127:0:4","r04-c03:expanded-facade-max4m:3127:0:5","r04-c03:expanded-facade-max4m:3127:0:6","r04-c03:expanded-facade-max4m:3127:0:7","r04-c03:expanded-facade-max4m:3127:0:8","r04-c03:expanded-facade-max4m:3127:0:9"],"receiver_count":11,"periods":{"D":{"min":52.857834,"max":58.735374,"receiver_count":11,"unavailable_count":0},"E":{"min":50.639347,"max":56.516888,"receiver_count":11,"unavailable_count":0},"N":{"min":45.868134,"max":51.745674,"receiver_count":11,"unavailable_count":0}}}},{"type":"Feature","id":"lariac:201700286510","geometry":{"type":"Polygon","coordinates":[[[-118.5607409615039,34.183051433545224],[-118.56074181812865,34.18311472793039],[-118.56085513255476,34.18311366972137],[-118.56085507741643,34.18310885031891],[-118.56088129022805,34.183108605253295],[-118.56088057266763,34.183055536445636],[-118.5608543414315,34.183055781596615],[-118.56085426825082,34.183050375372225],[-118.5607409615039,34.183051433545224]]]},"properties":{"building_pk":4478,"building_key":"lariac:201700286510","source_tile":"r04-c03","source_tile_ids":["r04-c03"],"source_bld_id":"201700286510","height_m":5.206,"receiver_ids":[148690,148691,148692,148693,148694,148695,148696,148697,148698],"receiver_keys":["r04-c03:expanded-facade-max4m:4478:0:1","r04-c03:expanded-facade-max4m:4478:0:10","r04-c03:expanded-facade-max4m:4478:0:2","r04-c03:expanded-facade-max4m:4478:0:3","r04-c03:expanded-facade-max4m:4478:0:4","r04-c03:expanded-facade-max4m:4478:0:6","r04-c03:expanded-facade-max4m:4478:0:7","r04-c03:expanded-facade-max4m:4478:0:8","r04-c03:expanded-facade-max4m:4478:0:9"],"receiver_count":9,"periods":{"D":{"min":53.79151,"max":60.621525,"receiver_count":9,"unavailable_count":0},"E":{"min":51.573025,"max":58.403034,"receiver_count":9,"unavailable_count":0},"N":{"min":46.80181,"max":53.631824,"receiver_count":9,"unavailable_count":0}}}},{"type":"Feature","id":"lariac:201700286722","geometry":{"type":"Polygon","coordinates":[[[-118.56568126292602,34.18508531706154],[-118.56569703152442,34.185090836497736],[-118.56573336966966,34.18501914066355],[-118.56579635813267,34.18504118811809],[-118.56582914201245,34.18497650396848],[-118.56575263812927,34.18494972533377],[-118.56575364336123,34.184947742642116],[-118.56570325917825,34.1849301069768],[-118.56567968608579,34.18497661884645],[-118.56567013642616,34.18497327640413],[-118.56566908730112,34.18497534584871],[-118.56556710648846,34.18493964915759],[-118.5655248353387,34.185023053098526],[-118.56568450464346,34.18507894240208],[-118.56568126292602,34.18508531706154]]]},"properties":{"building_pk":4486,"building_key":"lariac:201700286722","source_tile":"r04-c03","source_tile_ids":["r04-c03"],"source_bld_id":"201700286722","height_m":6.782,"receiver_ids":[148722,148723,148724,148725,148726,148727,148728,148729,148730,148731,148732,148733,148734,148735,148736,148737,148738,148739,148740,148741],"receiver_keys":["r04-c03:expanded-facade-max4m:4486:0:1","r04-c03:expanded-facade-max4m:4486:0:10","r04-c03:expanded-facade-max4m:4486:0:11","r04-c03:expanded-facade-max4m:4486:0:12","r04-c03:expanded-facade-max4m:4486:0:13","r04-c03:expanded-facade-max4m:4486:0:14","r04-c03:expanded-facade-max4m:4486:0:15","r04-c03:expanded-facade-max4m:4486:0:16","r04-c03:expanded-facade-max4m:4486:0:17","r04-c03:expanded-facade-max4m:4486:0:18","r04-c03:expanded-facade-max4m:4486:0:19","r04-c03:expanded-facade-max4m:4486:0:2","r04-c03:expanded-facade-max4m:4486:0:20","r04-c03:expanded-facade-max4m:4486:0:21","r04-c03:expanded-facade-max4m:4486:0:4","r04-c03:expanded-facade-max4m:4486:0:5","r04-c03:expanded-facade-max4m:4486:0:6","r04-c03:expanded-facade-max4m:4486:0:7","r04-c03:expanded-facade-max4m:4486:0:8","r04-c03:expanded-facade-max4m:4486:0:9"],"receiver_count":20,"periods":{"D":{"min":51.338333,"max":58.637314,"receiver_count":20,"unavailable_count":0},"E":{"min":49.119846,"max":56.418823,"receiver_count":20,"unavailable_count":0},"N":{"min":44.348633,"max":51.647614,"receiver_count":20,"unavailable_count":0}}}},{"type":"Feature","id":"lariac:201700286884","geometry":{"type":"Polygon","coordinates":[[[-118.56554632078354,34.186184796198134],[-118.56558131096368,34.18622139759397],[-118.56564422521737,34.18621073021433],[-118.56564228513986,34.1862028264267],[-118.56584474950479,34.1861684988278],[-118.56582994385883,34.186108499949945],[-118.56576389157746,34.18611969869009],[-118.56576835406048,34.18613787099477],[-118.56574697559452,34.18614149603256],[-118.56574197311825,34.18612111927071],[-118.5657525079336,34.186119332718235],[-118.56574648355746,34.18609479559853],[-118.56573743328181,34.186096329986576],[-118.56572523505886,34.18604664790166],[-118.56565820974106,34.18605801251193],[-118.56565271083144,34.18603561229654],[-118.56562497487057,34.186040314639314],[-118.56563022721633,34.18606170988478],[-118.56560879999606,34.18606534233855],[-118.56562607310806,34.186135695668284],[-118.56553038121366,34.18614844380064],[-118.56555943784866,34.18618257205946],[-118.56554632078354,34.186184796198134]]]},"properties":{"building_pk":4493,"building_key":"lariac:201700286884","source_tile":"r04-c03","source_tile_ids":["r04-c03"],"source_bld_id":"201700286884","height_m":4.462,"receiver_ids":[148826,148827,148828],"receiver_keys":["r04-c03:expanded-facade-max4m:4493:0:16","r04-c03:expanded-facade-max4m:4493:0:17","r04-c03:expanded-facade-max4m:4493:0:18"],"receiver_count":3,"periods":{"D":{"min":57.24146,"max":59.5744,"receiver_count":3,"unavailable_count":0},"E":{"min":55.022972,"max":57.355915,"receiver_count":3,"unavailable_count":0},"N":{"min":50.25176,"max":52.5847,"receiver_count":3,"unavailable_count":0}}}},{"type":"Feature","id":"lariac:392966889629","geometry":{"type":"Polygon","coordinates":[[[-118.55769119112477,34.18354796611097],[-118.55774847813778,34.183575428054326],[-118.55777503932146,34.18353716482278],[-118.55780572277278,34.18355186184135],[-118.55778983871623,34.18357474327157],[-118.55783733984632,34.18359752440572],[-118.55787647654314,34.183541120871624],[-118.5579086858411,34.183556553699],[-118.55794343298277,34.18350643612551],[-118.55782992137422,34.18345205653713],[-118.55783172203418,34.18344943735929],[-118.55777755306787,34.1834234720651],[-118.55769119112477,34.18354796611097]]]},"properties":{"building_pk":8558,"building_key":"lariac:392966889629","source_tile":"r04-c03","source_tile_ids":["r04-c03"],"source_bld_id":"392966889629","height_m":5.38,"receiver_ids":[150118,150119,150120,150121,150122,150123],"receiver_keys":["r04-c03:expanded-facade-max4m:8558:0:11","r04-c03:expanded-facade-max4m:8558:0:12","r04-c03:expanded-facade-max4m:8558:0:13","r04-c03:expanded-facade-max4m:8558:0:14","r04-c03:expanded-facade-max4m:8558:0:15","r04-c03:expanded-facade-max4m:8558:0:16"],"receiver_count":6,"periods":{"D":{"min":58.60347,"max":59.263268,"receiver_count":6,"unavailable_count":0},"E":{"min":56.384983,"max":57.04478,"receiver_count":6,"unavailable_count":0},"N":{"min":51.61377,"max":52.273567,"receiver_count":6,"unavailable_count":0}}}},{"type":"Feature","id":"lariac:391406889423","geometry":{"type":"Polygon","coordinates":[[[-118.56295149880104,34.18280496201926],[-118.562951677858,34.182846180717185],[-118.56293104509241,34.182846221755135],[-118.56293116494406,34.1828688364494],[-118.56294868856476,34.18286878193481],[-118.56294875004708,34.18287790528239],[-118.56292768770315,34.18287794831919],[-118.56292799814172,34.182952992367674],[-118.56292805362877,34.18296653872205],[-118.56302149402354,34.182966268774926],[-118.56302118529987,34.18289116972403],[-118.5630322231329,34.182891156207184],[-118.56303200385275,34.18287729236989],[-118.56301668846677,34.18287148829593],[-118.56301643750385,34.18280479768487],[-118.56295149880104,34.18280496201926]]]},"properties":{"building_pk":8610,"building_key":"lariac:391406889423","source_tile":"r04-c03","source_tile_ids":["r04-c03"],"source_bld_id":"391406889423","height_m":4.414,"receiver_ids":[150184,150185,150186,150187,150188,150189,150190,150191,150192],"receiver_keys":["r04-c03:expanded-facade-max4m:8610:0:1","r04-c03:expanded-facade-max4m:8610:0:10","r04-c03:expanded-facade-max4m:8610:0:13","r04-c03:expanded-facade-max4m:8610:0:2","r04-c03:expanded-facade-max4m:8610:0:5","r04-c03:expanded-facade-max4m:8610:0:6","r04-c03:expanded-facade-max4m:8610:0:7","r04-c03:expanded-facade-max4m:8610:0:8","r04-c03:expanded-facade-max4m:8610:0:9"],"receiver_count":9,"periods":{"D":{"min":57.4513,"max":62.483658,"receiver_count":9,"unavailable_count":0},"E":{"min":55.23281,"max":60.26517,"receiver_count":9,"unavailable_count":0},"N":{"min":50.4616,"max":55.493958,"receiver_count":9,"unavailable_count":0}}}},{"type":"Feature","id":"lariac:391294889825","geometry":{"type":"Polygon","coordinates":[[[-118.56350717051774,34.18405704537533],[-118.56344570529018,34.1840574958052],[-118.56344480561599,34.18397316678487],[-118.56325217550574,34.183974558938075],[-118.56325314847531,34.184064960423754],[-118.5633894381127,34.184063995699276],[-118.56338947906877,34.18407006831464],[-118.56342776706401,34.184069780876555],[-118.56342822126042,34.18411267336394],[-118.56350774031273,34.18411208293655],[-118.56350717051774,34.18405704537533]]]},"properties":{"building_pk":8736,"building_key":"lariac:391294889825","source_tile":"r04-c03","source_tile_ids":["r04-c03"],"source_bld_id":"391294889825","height_m":4.615,"receiver_ids":[150390,150391,150392,150393,150394,150395,150396,150397,150398,150399,150400,150401,150402,150403],"receiver_keys":["r04-c03:expanded-facade-max4m:8736:0:1","r04-c03:expanded-facade-max4m:8736:0:10","r04-c03:expanded-facade-max4m:8736:0:11","r04-c03:expanded-facade-max4m:8736:0:12","r04-c03:expanded-facade-max4m:8736:0:13","r04-c03:expanded-facade-max4m:8736:0:14","r04-c03:expanded-facade-max4m:8736:0:15","r04-c03:expanded-facade-max4m:8736:0:17","r04-c03:expanded-facade-max4m:8736:0:18","r04-c03:expanded-facade-max4m:8736:0:19","r04-c03:expanded-facade-max4m:8736:0:20","r04-c03:expanded-facade-max4m:8736:0:3","r04-c03:expanded-facade-max4m:8736:0:4","r04-c03:expanded-facade-max4m:8736:0:9"],"receiver_count":14,"periods":{"D":{"min":53.05382,"max":60.791313,"receiver_count":14,"unavailable_count":0},"E":{"min":50.835335,"max":58.572826,"receiver_count":14,"unavailable_count":0},"N":{"min":46.06412,"max":53.801613,"receiver_count":14,"unavailable_count":0}}}},{"type":"Feature","id":"lariac:392460889116","geometry":{"type":"Polygon","coordinates":[[[-118.55949754581847,34.18206185045041],[-118.55945192361588,34.18208258875676],[-118.55946879255264,34.18210823089497],[-118.55951441566869,34.1820874655317],[-118.55949754581847,34.18206185045041]]]},"properties":{"building_pk":8818,"building_key":"lariac:392460889116","source_tile":"r04-c03","source_tile_ids":["r04-c03"],"source_bld_id":"392460889116","height_m":3.517,"receiver_ids":[150484,150485,150486],"receiver_keys":["r04-c03:expanded-facade-max4m:8818:0:2","r04-c03:expanded-facade-max4m:8818:0:3","r04-c03:expanded-facade-max4m:8818:0:4"],"receiver_count":3,"periods":{"D":{"min":56.29429,"max":60.8947,"receiver_count":3,"unavailable_count":0},"E":{"min":54.0758,"max":58.67621,"receiver_count":3,"unavailable_count":0},"N":{"min":49.30459,"max":53.905,"receiver_count":3,"unavailable_count":0}}}},{"type":"Feature","id":"lariac:390845888304","geometry":{"type":"Polygon","coordinates":[[[-118.56472210031762,34.17987092149876],[-118.56475342044259,34.17988193187151],[-118.56472966465746,34.179928565218304],[-118.56481109650858,34.17995717503881],[-118.56484186654684,34.17989676937353],[-118.56485432879795,34.17990116300002],[-118.56487100244738,34.17986838519208],[-118.56485618726273,34.17986317854433],[-118.5648851637129,34.179806243176905],[-118.56475802811319,34.17976152436088],[-118.56474732594927,34.17978256770914],[-118.56476409611457,34.179788453119905],[-118.56472210031762,34.17987092149876]]]},"properties":{"building_pk":8857,"building_key":"lariac:390845888304","source_tile":"r04-c03","source_tile_ids":["r03-c03","r04-c03"],"source_bld_id":"390845888304","height_m":7.013,"receiver_ids":[150528,150529,150530,150531,150532,150533,150534,150535,150542],"receiver_keys":["r04-c03:expanded-facade-max4m:8857:0:1","r04-c03:expanded-facade-max4m:8857:0:17","r04-c03:expanded-facade-max4m:8857:0:2","r04-c03:expanded-facade-max4m:8857:0:3","r04-c03:expanded-facade-max4m:8857:0:4","r04-c03:expanded-facade-max4m:8857:0:5","r04-c03:expanded-facade-max4m:8857:0:6","r04-c03:expanded-facade-max4m:8857:0:8","r04-c03:expanded-facade-max4m:8857:0:9"],"receiver_count":9,"periods":{"D":{"min":52.221428,"max":64.07556,"receiver_count":9,"unavailable_count":0},"E":{"min":50.00294,"max":61.857075,"receiver_count":9,"unavailable_count":0},"N":{"min":45.231728,"max":57.08586,"receiver_count":9,"unavailable_count":0}}}},{"type":"Feature","id":"lariac:390752890047","geometry":{"type":"Polygon","coordinates":[[[-118.56522804609304,34.18467020895972],[-118.5652506984589,34.18463622123673],[-118.56525377667714,34.184636783839906],[-118.56526972404653,34.184574634333956],[-118.56513932192078,34.184551528559076],[-118.56514805274128,34.18451755090782],[-118.5650728028216,34.18451872740376],[-118.56506684362493,34.18454194748816],[-118.56501218636507,34.1845322831263],[-118.5649949186576,34.18459957757122],[-118.5650718884422,34.18461320457115],[-118.56507543245301,34.184599393474656],[-118.56509244787537,34.18460241889989],[-118.56507189346081,34.184682424267635],[-118.56519411829056,34.18470408438491],[-118.56520391233335,34.18466595194978],[-118.56522804609304,34.18467020895972]]]},"properties":{"building_pk":9132,"building_key":"lariac:390752890047","source_tile":"r04-c03","source_tile_ids":["r04-c03"],"source_bld_id":"390752890047","height_m":4.831,"receiver_ids":[150761,150762,150763,150764,150765,150766,150767,150768,150769,150770,150771,150772,150773,150774,150775,150776],"receiver_keys":["r04-c03:expanded-facade-max4m:9132:0:1","r04-c03:expanded-facade-max4m:9132:0:11","r04-c03:expanded-facade-max4m:9132:0:12","r04-c03:expanded-facade-max4m:9132:0:13","r04-c03:expanded-facade-max4m:9132:0:14","r04-c03:expanded-facade-max4m:9132:0:17","r04-c03:expanded-facade-max4m:9132:0:19","r04-c03:expanded-facade-max4m:9132:0:2","r04-c03:expanded-facade-max4m:9132:0:20","r04-c03:expanded-facade-max4m:9132:0:21","r04-c03:expanded-facade-max4m:9132:0:3","r04-c03:expanded-facade-max4m:9132:0:4","r04-c03:expanded-facade-max4m:9132:0:5","r04-c03:expanded-facade-max4m:9132:0:6","r04-c03:expanded-facade-max4m:9132:0:7","r04-c03:expanded-facade-max4m:9132:0:8"],"receiver_count":16,"periods":{"D":{"min":52.80424,"max":59.385487,"receiver_count":16,"unavailable_count":0},"E":{"min":50.585754,"max":57.167,"receiver_count":16,"unavailable_count":0},"N":{"min":45.81454,"max":52.395786,"receiver_count":16,"unavailable_count":0}}}},{"type":"Feature","id":"lariac:392777889521","geometry":{"type":"Polygon","coordinates":[[[-118.55840168502819,34.18321460908181],[-118.55846289773227,34.18323570478696],[-118.55848080978438,34.18319978928813],[-118.55841959710213,34.18317869359203],[-118.55840168502819,34.18321460908181]]]},"properties":{"building_pk":9325,"building_key":"lariac:392777889521","source_tile":"r04-c03","source_tile_ids":["r04-c03"],"source_bld_id":"392777889521","height_m":3.566,"receiver_ids":[150965,150966,150967,150968,150969,150970],"receiver_keys":["r04-c03:expanded-facade-max4m:9325:0:1","r04-c03:expanded-facade-max4m:9325:0:2","r04-c03:expanded-facade-max4m:9325:0:3","r04-c03:expanded-facade-max4m:9325:0:4","r04-c03:expanded-facade-max4m:9325:0:5","r04-c03:expanded-facade-max4m:9325:0:6"],"receiver_count":6,"periods":{"D":{"min":59.402855,"max":59.712643,"receiver_count":6,"unavailable_count":0},"E":{"min":57.18437,"max":57.494156,"receiver_count":6,"unavailable_count":0},"N":{"min":52.413155,"max":52.722942,"receiver_count":6,"unavailable_count":0}}}},{"type":"Feature","id":"lariac:392434889685","geometry":{"type":"Polygon","coordinates":[[[-118.55952487006837,34.18367793758653],[-118.55951393914435,34.18368485792354],[-118.55956473428466,34.18374018513413],[-118.55959114031616,34.183723410535144],[-118.5595879088604,34.18371988061211],[-118.5597027199632,34.18364707975068],[-118.55966075138073,34.18360138352731],[-118.55963961343119,34.18361478092177],[-118.55962119447172,34.18359472473559],[-118.55960907744448,34.18360239254044],[-118.55957936659075,34.18357002210411],[-118.5595328099015,34.18359955752607],[-118.55951022648901,34.18357498581874],[-118.55945971927996,34.183607012424304],[-118.55952487006837,34.18367793758653]]]},"properties":{"building_pk":9386,"building_key":"lariac:392434889685","source_tile":"r04-c03","source_tile_ids":["r04-c03"],"source_bld_id":"392434889685","height_m":5.108,"receiver_ids":[151069,151070,151071,151072,151073,151074,151075,151076,151077,151078,151079,151080,151081,151082],"receiver_keys":["r04-c03:expanded-facade-max4m:9386:0:1","r04-c03:expanded-facade-max4m:9386:0:11","r04-c03:expanded-facade-max4m:9386:0:12","r04-c03:expanded-facade-max4m:9386:0:13","r04-c03:expanded-facade-max4m:9386:0:14","r04-c03:expanded-facade-max4m:9386:0:15","r04-c03:expanded-facade-max4m:9386:0:16","r04-c03:expanded-facade-max4m:9386:0:17","r04-c03:expanded-facade-max4m:9386:0:2","r04-c03:expanded-facade-max4m:9386:0:4","r04-c03:expanded-facade-max4m:9386:0:5","r04-c03:expanded-facade-max4m:9386:0:6","r04-c03:expanded-facade-max4m:9386:0:7","r04-c03:expanded-facade-max4m:9386:0:8"],"receiver_count":14,"periods":{"D":{"min":50.625076,"max":59.660347,"receiver_count":14,"unavailable_count":0},"E":{"min":48.40659,"max":57.44186,"receiver_count":14,"unavailable_count":0},"N":{"min":43.63538,"max":52.670647,"receiver_count":14,"unavailable_count":0}}}},{"type":"Feature","id":"lariac:390702890543","geometry":{"type":"Polygon","coordinates":[[[-118.56535827566414,34.186011324610845],[-118.56535912384436,34.18595583956845],[-118.56527913124965,34.18595500446926],[-118.56527825028282,34.18601046171617],[-118.56535827566414,34.186011324610845]]]},"properties":{"building_pk":9425,"building_key":"lariac:390702890543","source_tile":"r04-c03","source_tile_ids":["r04-c03"],"source_bld_id":"390702890543","height_m":3.298,"receiver_ids":[151129,151130,151131,151132],"receiver_keys":["r04-c03:expanded-facade-max4m:9425:0:1","r04-c03:expanded-facade-max4m:9425:0:2","r04-c03:expanded-facade-max4m:9425:0:3","r04-c03:expanded-facade-max4m:9425:0:4"],"receiver_count":4,"periods":{"D":{"min":59.770805,"max":61.64901,"receiver_count":4,"unavailable_count":0},"E":{"min":57.552315,"max":59.430523,"receiver_count":4,"unavailable_count":0},"N":{"min":52.781105,"max":54.65931,"receiver_count":4,"unavailable_count":0}}}},{"type":"Feature","id":"lariac:391402889366","geometry":{"type":"Polygon","coordinates":[[[-118.56294422421783,34.18278485987432],[-118.56302073061859,34.182784918470816],[-118.5630207202036,34.1827191526266],[-118.56294414191578,34.182719042075426],[-118.56294422421783,34.18278485987432]]]},"properties":{"building_pk":9482,"building_key":"lariac:391402889366","source_tile":"r04-c03","source_tile_ids":["r04-c03"],"source_bld_id":"391402889366","height_m":4.151,"receiver_ids":[151200,151201,151202,151203,151204,151205],"receiver_keys":["r04-c03:expanded-facade-max4m:9482:0:3","r04-c03:expanded-facade-max4m:9482:0:4","r04-c03:expanded-facade-max4m:9482:0:5","r04-c03:expanded-facade-max4m:9482:0:6","r04-c03:expanded-facade-max4m:9482:0:7","r04-c03:expanded-facade-max4m:9482:0:8"],"receiver_count":6,"periods":{"D":{"min":60.60797,"max":61.518517,"receiver_count":6,"unavailable_count":0},"E":{"min":58.389484,"max":59.30003,"receiver_count":6,"unavailable_count":0},"N":{"min":53.61827,"max":54.528816,"receiver_count":6,"unavailable_count":0}}}},{"type":"Feature","id":"lariac:392874889206","geometry":{"type":"Polygon","coordinates":[[[-118.55818142197532,34.18224236963654],[-118.55818249539932,34.182294079984956],[-118.55811405753306,34.18229505573957],[-118.55811308408218,34.1822482358088],[-118.5580372074741,34.1822493278862],[-118.55803846199655,34.18230851210608],[-118.55801644359445,34.18230880572252],[-118.55801835087371,34.18240140177941],[-118.55817423714461,34.1823991705802],[-118.55817477937575,34.18242593313364],[-118.55825161507781,34.18242483654383],[-118.55825132585272,34.18241126332184],[-118.55826574042281,34.18241105975433],[-118.55826462686576,34.18235822175928],[-118.55822022466292,34.182358839606344],[-118.55821944389855,34.18232105857449],[-118.55834739259691,34.18231923196219],[-118.55834690085265,34.18229516209],[-118.5583526866311,34.18229508038618],[-118.55835161842842,34.18224416698009],[-118.5583452707447,34.18224425127782],[-118.5583451762898,34.18224001986354],[-118.55818142197532,34.18224236963654]]]},"properties":{"building_pk":9484,"building_key":"lariac:392874889206","source_tile":"r04-c03","source_tile_ids":["r04-c03"],"source_bld_id":"392874889206","height_m":5.361,"receiver_ids":[151206,151207,151208,151209,151210,151211,151212,151213,151214,151215,151216,151217,151218,151219,151220,151221,151222,151223,151224,151225],"receiver_keys":["r04-c03:expanded-facade-max4m:9484:0:1","r04-c03:expanded-facade-max4m:9484:0:10","r04-c03:expanded-facade-max4m:9484:0:11","r04-c03:expanded-facade-max4m:9484:0:12","r04-c03:expanded-facade-max4m:9484:0:13","r04-c03:expanded-facade-max4m:9484:0:14","r04-c03:expanded-facade-max4m:9484:0:17","r04-c03:expanded-facade-max4m:9484:0:19","r04-c03:expanded-facade-max4m:9484:0:20","r04-c03:expanded-facade-max4m:9484:0:23","r04-c03:expanded-facade-max4m:9484:0:24","r04-c03:expanded-facade-max4m:9484:0:25","r04-c03:expanded-facade-max4m:9484:0:26","r04-c03:expanded-facade-max4m:9484:0:27","r04-c03:expanded-facade-max4m:9484:0:28","r04-c03:expanded-facade-max4m:9484:0:3","r04-c03:expanded-facade-max4m:9484:0:4","r04-c03:expanded-facade-max4m:9484:0:7","r04-c03:expanded-facade-max4m:9484:0:8","r04-c03:expanded-facade-max4m:9484:0:9"],"receiver_count":20,"periods":{"D":{"min":47.62024,"max":58.057663,"receiver_count":20,"unavailable_count":0},"E":{"min":45.40175,"max":55.839176,"receiver_count":20,"unavailable_count":0},"N":{"min":40.63054,"max":51.067963,"receiver_count":20,"unavailable_count":0}}}},{"type":"Feature","id":"lariac:391775889222","geometry":{"type":"Polygon","coordinates":[[[-118.56168596348382,34.18233202180729],[-118.5616854289758,34.18239208339876],[-118.56180205266284,34.18239174729489],[-118.56180288600727,34.182332742728],[-118.56168596348382,34.18233202180729]]]},"properties":{"building_pk":9508,"building_key":"lariac:391775889222","source_tile":"r04-c03","source_tile_ids":["r04-c03"],"source_bld_id":"391775889222","height_m":6.739,"receiver_ids":[151237,151238,151239,151240,151241,151242,151243,151244,151245],"receiver_keys":["r04-c03:expanded-facade-max4m:9508:0:1","r04-c03:expanded-facade-max4m:9508:0:2","r04-c03:expanded-facade-max4m:9508:0:3","r04-c03:expanded-facade-max4m:9508:0:4","r04-c03:expanded-facade-max4m:9508:0:5","r04-c03:expanded-facade-max4m:9508:0:6","r04-c03:expanded-facade-max4m:9508:0:7","r04-c03:expanded-facade-max4m:9508:0:8","r04-c03:expanded-facade-max4m:9508:0:9"],"receiver_count":9,"periods":{"D":{"min":49.813282,"max":64.24427,"receiver_count":9,"unavailable_count":0},"E":{"min":47.594795,"max":62.02578,"receiver_count":9,"unavailable_count":0},"N":{"min":42.82358,"max":57.254566,"receiver_count":9,"unavailable_count":0}}}},{"type":"Feature","id":"lariac:391734888615","geometry":{"type":"Polygon","coordinates":[[[-118.5618206594608,34.180757198971115],[-118.56182027832456,34.1807694013468],[-118.56192285704898,34.180771452736074],[-118.56192613302875,34.18065871827536],[-118.5620099282822,34.18066038985805],[-118.56201167138613,34.18060006480709],[-118.56191917940747,34.180598214556014],[-118.56191831957324,34.18062778561288],[-118.56182592627161,34.18062593393033],[-118.56182407933579,34.18069051835779],[-118.5616613480948,34.180687262299166],[-118.56165941673207,34.18075399098906],[-118.5618206594608,34.180757198971115]]]},"properties":{"building_pk":9618,"building_key":"lariac:391734888615","source_tile":"r04-c03","source_tile_ids":["r04-c03"],"source_bld_id":"391734888615","height_m":5.636,"receiver_ids":[151350,151351,151352,151353,151354,151355,151356,151357,151358,151359,151360,151361,151362,151363,151364,151365,151366,151367,151368,151369,151370,151371,151372,151373],"receiver_keys":["r04-c03:expanded-facade-max4m:9618:0:1","r04-c03:expanded-facade-max4m:9618:0:10","r04-c03:expanded-facade-max4m:9618:0:11","r04-c03:expanded-facade-max4m:9618:0:12","r04-c03:expanded-facade-max4m:9618:0:14","r04-c03:expanded-facade-max4m:9618:0:15","r04-c03:expanded-facade-max4m:9618:0:16","r04-c03:expanded-facade-max4m:9618:0:18","r04-c03:expanded-facade-max4m:9618:0:19","r04-c03:expanded-facade-max4m:9618:0:2","r04-c03:expanded-facade-max4m:9618:0:20","r04-c03:expanded-facade-max4m:9618:0:21","r04-c03:expanded-facade-max4m:9618:0:22","r04-c03:expanded-facade-max4m:9618:0:23","r04-c03:expanded-facade-max4m:9618:0:24","r04-c03:expanded-facade-max4m:9618:0:25","r04-c03:expanded-facade-max4m:9618:0:26","r04-c03:expanded-facade-max4m:9618:0:3","r04-c03:expanded-facade-max4m:9618:0:4","r04-c03:expanded-facade-max4m:9618:0:5","r04-c03:expanded-facade-max4m:9618:0:6","r04-c03:expanded-facade-max4m:9618:0:7","r04-c03:expanded-facade-max4m:9618:0:8","r04-c03:expanded-facade-max4m:9618:0:9"],"receiver_count":24,"periods":{"D":{"min":50.705807,"max":69.02723,"receiver_count":24,"unavailable_count":0},"E":{"min":48.48732,"max":66.80875,"receiver_count":24,"unavailable_count":0},"N":{"min":43.716106,"max":62.037533,"receiver_count":24,"unavailable_count":0}}}},{"type":"Feature","id":"lariac:392148889476","geometry":{"type":"Polygon","coordinates":[[[-118.56049693716342,34.18308351466229],[-118.56054088335858,34.183083915036846],[-118.56054133600449,34.18305291693029],[-118.56049738945063,34.18305246066182],[-118.56049693716342,34.18308351466229]]]},"properties":{"building_pk":9723,"building_key":"lariac:392148889476","source_tile":"r04-c03","source_tile_ids":["r04-c03"],"source_bld_id":"392148889476","height_m":2.74,"receiver_ids":[151389,151390,151391],"receiver_keys":["r04-c03:expanded-facade-max4m:9723:0:1","r04-c03:expanded-facade-max4m:9723:0:2","r04-c03:expanded-facade-max4m:9723:0:3"],"receiver_count":3,"periods":{"D":{"min":55.71028,"max":60.843773,"receiver_count":3,"unavailable_count":0},"E":{"min":53.49179,"max":58.625286,"receiver_count":3,"unavailable_count":0},"N":{"min":48.72058,"max":53.854073,"receiver_count":3,"unavailable_count":0}}}},{"type":"Feature","id":"lariac:392150889777","geometry":{"type":"Polygon","coordinates":[[[-118.5605727789471,34.18383109008528],[-118.5604949815173,34.18382194293862],[-118.56049154609477,34.18384218321123],[-118.56041076961401,34.183832692803705],[-118.56040819303313,34.18384787323174],[-118.56041385155068,34.183848533990805],[-118.56040134981193,34.183922070514406],[-118.56047408580943,34.18393061009462],[-118.56047274855355,34.183938420062404],[-118.56049108139977,34.18394058806898],[-118.56047959773089,34.184008047979546],[-118.56055613803957,34.18401703598045],[-118.56056593609829,34.18395947652479],[-118.56054978786653,34.183957600422346],[-118.56055408194676,34.18393227235788],[-118.56055858208293,34.183932801443994],[-118.56056030015411,34.18392273584848],[-118.56055189490326,34.18392175786077],[-118.56055249883957,34.18391815519375],[-118.56056027544744,34.18391905405436],[-118.56056243828311,34.183906238489215],[-118.56055476039809,34.18390534007276],[-118.56055689126347,34.1838927716792],[-118.56056490037658,34.183893723554604],[-118.56056773131392,34.18387716799006],[-118.56055978945919,34.183876215803124],[-118.56056182548527,34.18386422573915],[-118.56056702043205,34.18386483364523],[-118.5605727789471,34.18383109008528]]]},"properties":{"building_pk":9894,"building_key":"lariac:392150889777","source_tile":"r04-c03","source_tile_ids":["r04-c03"],"source_bld_id":"392150889777","height_m":5.176,"receiver_ids":[151546,151547,151548,151549,151550,151551,151552,151553,151554,151555,151556,151557,151558,151559,151560],"receiver_keys":["r04-c03:expanded-facade-max4m:9894:0:1","r04-c03:expanded-facade-max4m:9894:0:11","r04-c03:expanded-facade-max4m:9894:0:12","r04-c03:expanded-facade-max4m:9894:0:13","r04-c03:expanded-facade-max4m:9894:0:15","r04-c03:expanded-facade-max4m:9894:0:16","r04-c03:expanded-facade-max4m:9894:0:18","r04-c03:expanded-facade-max4m:9894:0:2","r04-c03:expanded-facade-max4m:9894:0:20","r04-c03:expanded-facade-max4m:9894:0:4","r04-c03:expanded-facade-max4m:9894:0:5","r04-c03:expanded-facade-max4m:9894:0:6","r04-c03:expanded-facade-max4m:9894:0:7","r04-c03:expanded-facade-max4m:9894:0:8","r04-c03:expanded-facade-max4m:9894:0:9"],"receiver_count":15,"periods":{"D":{"min":49.387257,"max":60.58917,"receiver_count":15,"unavailable_count":0},"E":{"min":47.16877,"max":58.37068,"receiver_count":15,"unavailable_count":0},"N":{"min":42.397556,"max":53.59947,"receiver_count":15,"unavailable_count":0}}}},{"type":"Feature","id":"lariac:390779888452","geometry":{"type":"Polygon","coordinates":[[[-118.56510373411487,34.180224527060865],[-118.56509169184523,34.1802185646124],[-118.5651084942771,34.18019504683921],[-118.5651287310508,34.180205036964246],[-118.56516033867754,34.18016086773375],[-118.56508862385503,34.18012679896952],[-118.56508731698763,34.18012908598416],[-118.56505119585144,34.180112190303525],[-118.56504681521592,34.180119519594186],[-118.56503885341085,34.1801155728638],[-118.56501884097108,34.18014355745229],[-118.56502716728724,34.18014766836535],[-118.56502195989404,34.180154974471186],[-118.5650281964462,34.180158050256345],[-118.56501142617539,34.180181513775416],[-118.56497516581632,34.18016360177975],[-118.56495328661921,34.180194178003674],[-118.56497786941958,34.18020631877305],[-118.56492952334817,34.18027386837213],[-118.56491731475276,34.18026785259053],[-118.56488895041899,34.18030752773368],[-118.56501368787688,34.18036915798079],[-118.5650405135068,34.18033166091694],[-118.56502813927052,34.18032553593189],[-118.56507808956349,34.18025572493565],[-118.56508054383565,34.18025692334212],[-118.56510373411487,34.180224527060865]]]},"properties":{"building_pk":9954,"building_key":"lariac:390779888452","source_tile":"r04-c03","source_tile_ids":["r04-c03"],"source_bld_id":"390779888452","height_m":6.422,"receiver_ids":[151665,151666,151667,151668,151669,151670,151671,151672],"receiver_keys":["r04-c03:expanded-facade-max4m:9954:0:10","r04-c03:expanded-facade-max4m:9954:0:2","r04-c03:expanded-facade-max4m:9954:0:3","r04-c03:expanded-facade-max4m:9954:0:4","r04-c03:expanded-facade-max4m:9954:0:6","r04-c03:expanded-facade-max4m:9954:0:7","r04-c03:expanded-facade-max4m:9954:0:8","r04-c03:expanded-facade-max4m:9954:0:9"],"receiver_count":8,"periods":{"D":{"min":51.07029,"max":58.658825,"receiver_count":8,"unavailable_count":0},"E":{"min":48.851803,"max":56.440334,"receiver_count":8,"unavailable_count":0},"N":{"min":44.08059,"max":51.669125,"receiver_count":8,"unavailable_count":0}}}},{"type":"Feature","id":"lariac:391252888444","geometry":{"type":"Polygon","coordinates":[[[-118.56346792130631,34.180288364145696],[-118.56352222747718,34.18029450308211],[-118.5635359463523,34.1802106829406],[-118.56362528688332,34.18022076331945],[-118.56363484431755,34.18016232572026],[-118.56364036990176,34.180162931952516],[-118.56365535883316,34.180071384146466],[-118.56343988254588,34.180047025001954],[-118.56343026107281,34.18010595783156],[-118.56351099934277,34.18011508937328],[-118.56350734839754,34.18013750165911],[-118.56345556306242,34.18013164307309],[-118.5634474028691,34.18018158249741],[-118.56341408139204,34.18017780879475],[-118.56339840064977,34.18027362139479],[-118.56346792130631,34.180288364145696]]]},"properties":{"building_pk":9979,"building_key":"lariac:391252888444","source_tile":"r04-c03","source_tile_ids":["r04-c03"],"source_bld_id":"391252888444","height_m":5.572,"receiver_ids":[151690,151691,151692,151693,151694,151695,151696,151697,151698,151699],"receiver_keys":["r04-c03:expanded-facade-max4m:9979:0:10","r04-c03:expanded-facade-max4m:9979:0:14","r04-c03:expanded-facade-max4m:9979:0:15","r04-c03:expanded-facade-max4m:9979:0:16","r04-c03:expanded-facade-max4m:9979:0:17","r04-c03:expanded-facade-max4m:9979:0:21","r04-c03:expanded-facade-max4m:9979:0:22","r04-c03:expanded-facade-max4m:9979:0:23","r04-c03:expanded-facade-max4m:9979:0:8","r04-c03:expanded-facade-max4m:9979:0:9"],"receiver_count":10,"periods":{"D":{"min":53.80209,"max":63.6305,"receiver_count":10,"unavailable_count":0},"E":{"min":51.583603,"max":61.412014,"receiver_count":10,"unavailable_count":0},"N":{"min":46.812393,"max":56.6408,"receiver_count":10,"unavailable_count":0}}}},{"type":"Feature","id":"lariac:391761888981","geometry":{"type":"Polygon","coordinates":[[[-118.56191979397335,34.18174653721945],[-118.5619199070755,34.181709164958505],[-118.56194110112098,34.181709231472446],[-118.56194124583453,34.18167172202977],[-118.56189928642416,34.18167161405317],[-118.56189943318789,34.18163440661869],[-118.56183548483637,34.18163426464115],[-118.56183544545117,34.18164808640691],[-118.5617097983221,34.181647763053256],[-118.56169074282569,34.18165598528687],[-118.56169092299267,34.18174683041106],[-118.56191979397335,34.18174653721945]]]},"properties":{"building_pk":10140,"building_key":"lariac:391761888981","source_tile":"r04-c03","source_tile_ids":["r04-c03"],"source_bld_id":"391761888981","height_m":10.455,"receiver_ids":[151946,151947,151948,151949,151950,151951,151952,151953,151954,151955,151956,151957,151958,151959,151960,151961],"receiver_keys":["r04-c03:expanded-facade-max4m:10140:0:1","r04-c03:expanded-facade-max4m:10140:0:10","r04-c03:expanded-facade-max4m:10140:0:11","r04-c03:expanded-facade-max4m:10140:0:12","r04-c03:expanded-facade-max4m:10140:0:13","r04-c03:expanded-facade-max4m:10140:0:14","r04-c03:expanded-facade-max4m:10140:0:15","r04-c03:expanded-facade-max4m:10140:0:16","r04-c03:expanded-facade-max4m:10140:0:17","r04-c03:expanded-facade-max4m:10140:0:18","r04-c03:expanded-facade-max4m:10140:0:2","r04-c03:expanded-facade-max4m:10140:0:3","r04-c03:expanded-facade-max4m:10140:0:5","r04-c03:expanded-facade-max4m:10140:0:6","r04-c03:expanded-facade-max4m:10140:0:8","r04-c03:expanded-facade-max4m:10140:0:9"],"receiver_count":16,"periods":{"D":{"min":56.524727,"max":67.29932,"receiver_count":16,"unavailable_count":0},"E":{"min":54.30624,"max":65.08083,"receiver_count":16,"unavailable_count":0},"N":{"min":49.535027,"max":60.30962,"receiver_count":16,"unavailable_count":0}}}},{"type":"Feature","id":"lariac:391889889955","geometry":{"type":"Polygon","coordinates":[[[-118.56151883462559,34.18441467295759],[-118.56148005932855,34.18432779890137],[-118.56142310561671,34.184345347694126],[-118.56140631981373,34.18430769686099],[-118.56131726102565,34.184335149332306],[-118.56134220338517,34.18439100868738],[-118.56132263688863,34.18439706231189],[-118.56133183485761,34.18441768393236],[-118.56125336795768,34.18444187229037],[-118.56128019067322,34.184501982731874],[-118.56137007550194,34.1844742514837],[-118.5613646711588,34.184462185048176],[-118.56151883462559,34.18441467295759]]]},"properties":{"building_pk":10363,"building_key":"lariac:391889889955","source_tile":"r04-c03","source_tile_ids":["r04-c03"],"source_bld_id":"391889889955","height_m":5.337,"receiver_ids":[152133,152134,152135,152136,152137,152138,152139,152140,152141,152142,152143,152144,152145,152146,152147,152148,152149],"receiver_keys":["r04-c03:expanded-facade-max4m:10363:0:1","r04-c03:expanded-facade-max4m:10363:0:12","r04-c03:expanded-facade-max4m:10363:0:13","r04-c03:expanded-facade-max4m:10363:0:14","r04-c03:expanded-facade-max4m:10363:0:17","r04-c03:expanded-facade-max4m:10363:0:18","r04-c03:expanded-facade-max4m:10363:0:19","r04-c03:expanded-facade-max4m:10363:0:2","r04-c03:expanded-facade-max4m:10363:0:20","r04-c03:expanded-facade-max4m:10363:0:21","r04-c03:expanded-facade-max4m:10363:0:3","r04-c03:expanded-facade-max4m:10363:0:4","r04-c03:expanded-facade-max4m:10363:0:5","r04-c03:expanded-facade-max4m:10363:0:6","r04-c03:expanded-facade-max4m:10363:0:7","r04-c03:expanded-facade-max4m:10363:0:8","r04-c03:expanded-facade-max4m:10363:0:9"],"receiver_count":17,"periods":{"D":{"min":50.195778,"max":61.987827,"receiver_count":17,"unavailable_count":0},"E":{"min":47.977287,"max":59.76934,"receiver_count":17,"unavailable_count":0},"N":{"min":43.206078,"max":54.998127,"receiver_count":17,"unavailable_count":0}}}},{"type":"Feature","id":"lariac:392723889249","geometry":{"type":"Polygon","coordinates":[[[-118.55867812697655,34.182475654423115],[-118.5586858738936,34.18243758788077],[-118.55854431977734,34.182437032692185],[-118.55854412611156,34.18247231643637],[-118.55857510876778,34.18247242037715],[-118.55857506152508,34.1824752514454],[-118.55867812697655,34.182475654423115]]]},"properties":{"building_pk":10673,"building_key":"lariac:392723889249","source_tile":"r04-c03","source_tile_ids":["r04-c03"],"source_bld_id":"392723889249","height_m":2.271,"receiver_ids":[152568,152569,152570,152571,152572,152573,152574,152575,152576],"receiver_keys":["r04-c03:expanded-facade-max4m:10673:0:1","r04-c03:expanded-facade-max4m:10673:0:2","r04-c03:expanded-facade-max4m:10673:0:3","r04-c03:expanded-facade-max4m:10673:0:4","r04-c03:expanded-facade-max4m:10673:0:5","r04-c03:expanded-facade-max4m:10673:0:6","r04-c03:expanded-facade-max4m:10673:0:7","r04-c03:expanded-facade-max4m:10673:0:8","r04-c03:expanded-facade-max4m:10673:0:9"],"receiver_count":9,"periods":{"D":{"min":59.872887,"max":60.113453,"receiver_count":9,"unavailable_count":0},"E":{"min":57.6544,"max":57.894966,"receiver_count":9,"unavailable_count":0},"N":{"min":52.883186,"max":53.123753,"receiver_count":9,"unavailable_count":0}}}},{"type":"Feature","id":"lariac:391889888949","geometry":{"type":"Polygon","coordinates":[[[-118.56138710375505,34.18163527472791],[-118.56138707144123,34.18160092602315],[-118.56135371006742,34.181600970879266],[-118.56135377491024,34.18163531943305],[-118.56138710375505,34.18163527472791]]]},"properties":{"building_pk":10717,"building_key":"lariac:391889888949","source_tile":"r04-c03","source_tile_ids":["r04-c03"],"source_bld_id":"391889888949","height_m":3.77,"receiver_ids":[152645,152646,152647],"receiver_keys":["r04-c03:expanded-facade-max4m:10717:0:2","r04-c03:expanded-facade-max4m:10717:0:3","r04-c03:expanded-facade-max4m:10717:0:4"],"receiver_count":3,"periods":{"D":{"min":62.05945,"max":62.953552,"receiver_count":3,"unavailable_count":0},"E":{"min":59.84096,"max":60.73506,"receiver_count":3,"unavailable_count":0},"N":{"min":55.069748,"max":55.963852,"receiver_count":3,"unavailable_count":0}}}},{"type":"Feature","id":"lariac:391864890337","geometry":{"type":"Polygon","coordinates":[[[-118.56148920411287,34.185447173943075],[-118.56149092740007,34.18541836789835],[-118.56146175566445,34.185417184356396],[-118.5614600649114,34.185445990249626],[-118.56148920411287,34.185447173943075]]]},"properties":{"building_pk":10822,"building_key":"lariac:391864890337","source_tile":"r04-c03","source_tile_ids":["r04-c03"],"source_bld_id":"391864890337","height_m":4.447,"receiver_ids":[152812],"receiver_keys":["r04-c03:expanded-facade-max4m:10822:0:2"],"receiver_count":1,"periods":{"D":{"min":53.361973,"max":53.361973,"receiver_count":1,"unavailable_count":0},"E":{"min":51.143482,"max":51.143482,"receiver_count":1,"unavailable_count":0},"N":{"min":46.372272,"max":46.372272,"receiver_count":1,"unavailable_count":0}}}},{"type":"Feature","id":"lariac:391909890547","geometry":{"type":"Polygon","coordinates":[[[-118.56136840488315,34.18598214876231],[-118.56129509559446,34.185982049928995],[-118.56129498831501,34.18603986649306],[-118.56136833019897,34.18603996517541],[-118.56136840488315,34.18598214876231]]]},"properties":{"building_pk":11108,"building_key":"lariac:391909890547","source_tile":"r04-c03","source_tile_ids":["r04-c03"],"source_bld_id":"391909890547","height_m":4.7,"receiver_ids":[153136,153137,153138,153139,153140,153141,153142],"receiver_keys":["r04-c03:expanded-facade-max4m:11108:0:1","r04-c03:expanded-facade-max4m:11108:0:2","r04-c03:expanded-facade-max4m:11108:0:3","r04-c03:expanded-facade-max4m:11108:0:4","r04-c03:expanded-facade-max4m:11108:0:5","r04-c03:expanded-facade-max4m:11108:0:6","r04-c03:expanded-facade-max4m:11108:0:7"],"receiver_count":7,"periods":{"D":{"min":55.409496,"max":59.332996,"receiver_count":7,"unavailable_count":0},"E":{"min":53.19101,"max":57.114506,"receiver_count":7,"unavailable_count":0},"N":{"min":48.419796,"max":52.343296,"receiver_count":7,"unavailable_count":0}}}},{"type":"Feature","id":"lariac:201700286387","geometry":{"type":"Polygon","coordinates":[[[-118.55684923012831,34.18202731104863],[-118.55698210271935,34.18202864025188],[-118.55698321619514,34.18195175501298],[-118.55694514275005,34.18195137408756],[-118.5569450774335,34.181955895634175],[-118.55692593059769,34.18195570432165],[-118.55692653161981,34.1819142187859],[-118.55687595835144,34.18191371328378],[-118.55687533215918,34.18195695965149],[-118.55685025325919,34.18195670818977],[-118.55684923012831,34.18202731104863]]]},"properties":{"building_pk":11685,"building_key":"lariac:201700286387","source_tile":"r04-c03","source_tile_ids":["r04-c03"],"source_bld_id":"201700286387","height_m":4.078,"receiver_ids":[153889,153890,153891],"receiver_keys":["r04-c03:expanded-facade-max4m:11685:0:4","r04-c03:expanded-facade-max4m:11685:0:5","r04-c03:expanded-facade-max4m:11685:0:6"],"receiver_count":3,"periods":{"D":{"min":56.135723,"max":58.269535,"receiver_count":3,"unavailable_count":0},"E":{"min":53.917236,"max":56.05105,"receiver_count":3,"unavailable_count":0},"N":{"min":49.146023,"max":51.279835,"receiver_count":3,"unavailable_count":0}}}},{"type":"Feature","id":"lariac:201700286453","geometry":{"type":"Polygon","coordinates":[[[-118.56112420501309,34.18258012084427],[-118.56112454547663,34.182603513449195],[-118.56115979489863,34.18260315878229],[-118.56115944860923,34.18257938485104],[-118.56124247391749,34.182578551547635],[-118.56124022889301,34.18242410751654],[-118.56113842510159,34.18242515776526],[-118.56114067448125,34.18257995518267],[-118.56112420501309,34.18258012084427]]]},"properties":{"building_pk":11690,"building_key":"lariac:201700286453","source_tile":"r04-c03","source_tile_ids":["r04-c03"],"source_bld_id":"201700286453","height_m":4.145,"receiver_ids":[153898,153899,153900,153901,153902,153903,153904,153905,153906],"receiver_keys":["r04-c03:expanded-facade-max4m:11690:0:10","r04-c03:expanded-facade-max4m:11690:0:11","r04-c03:expanded-facade-max4m:11690:0:3","r04-c03:expanded-facade-max4m:11690:0:4","r04-c03:expanded-facade-max4m:11690:0:5","r04-c03:expanded-facade-max4m:11690:0:6","r04-c03:expanded-facade-max4m:11690:0:7","r04-c03:expanded-facade-max4m:11690:0:8","r04-c03:expanded-facade-max4m:11690:0:9"],"receiver_count":9,"periods":{"D":{"min":59.03648,"max":60.096783,"receiver_count":9,"unavailable_count":0},"E":{"min":56.817993,"max":57.878296,"receiver_count":9,"unavailable_count":0},"N":{"min":52.04678,"max":53.107086,"receiver_count":9,"unavailable_count":0}}}},{"type":"Feature","id":"lariac:201700286496","geometry":{"type":"Polygon","coordinates":[[[-118.56038050771943,34.18294638647582],[-118.56038155589225,34.18301498917151],[-118.56050375647489,34.18301369899209],[-118.56050370354059,34.18301017509916],[-118.56059168079554,34.18300924627098],[-118.560591248329,34.182981012796496],[-118.56060359041517,34.18298088256621],[-118.56060323636717,34.182957707295635],[-118.56059193346285,34.182957827300115],[-118.56059021431427,34.18284535854961],[-118.56054359143039,34.18284583968783],[-118.56054328600635,34.18282586647868],[-118.56050386690252,34.182826282661274],[-118.56050414109662,34.18284418967474],[-118.56039674082295,34.18284532293068],[-118.5603975150117,34.18289604475641],[-118.56047926362072,34.18289518183196],[-118.56048003079499,34.18294533571683],[-118.56038050771943,34.18294638647582]]]},"properties":{"building_pk":11691,"building_key":"lariac:201700286496","source_tile":"r04-c03","source_tile_ids":["r04-c03"],"source_bld_id":"201700286496","height_m":4.468,"receiver_ids":[153907,153908,153909,153910,153911,153912,153913,153914,153915,153916,153917,153918,153919,153920,153921,153922,153923,153924,153925,153926,153927],"receiver_keys":["r04-c03:expanded-facade-max4m:11691:0:1","r04-c03:expanded-facade-max4m:11691:0:10","r04-c03:expanded-facade-max4m:11691:0:11","r04-c03:expanded-facade-max4m:11691:0:12","r04-c03:expanded-facade-max4m:11691:0:13","r04-c03:expanded-facade-max4m:11691:0:17","r04-c03:expanded-facade-max4m:11691:0:18","r04-c03:expanded-facade-max4m:11691:0:19","r04-c03:expanded-facade-max4m:11691:0:2","r04-c03:expanded-facade-max4m:11691:0:20","r04-c03:expanded-facade-max4m:11691:0:21","r04-c03:expanded-facade-max4m:11691:0:22","r04-c03:expanded-facade-max4m:11691:0:24","r04-c03:expanded-facade-max4m:11691:0:25","r04-c03:expanded-facade-max4m:11691:0:3","r04-c03:expanded-facade-max4m:11691:0:4","r04-c03:expanded-facade-max4m:11691:0:5","r04-c03:expanded-facade-max4m:11691:0:6","r04-c03:expanded-facade-max4m:11691:0:7","r04-c03:expanded-facade-max4m:11691:0:8","r04-c03:expanded-facade-max4m:11691:0:9"],"receiver_count":21,"periods":{"D":{"min":53.584324,"max":60.921806,"receiver_count":21,"unavailable_count":0},"E":{"min":51.365837,"max":58.70332,"receiver_count":21,"unavailable_count":0},"N":{"min":46.594624,"max":53.932106,"receiver_count":21,"unavailable_count":0}}}},{"type":"Feature","id":"lariac:201700286596","geometry":{"type":"Polygon","coordinates":[[[-118.56009284483235,34.1840340045532],[-118.56014180563827,34.184073403412974],[-118.56020031296043,34.18402318776826],[-118.56014931035118,34.183982145856774],[-118.56013768828032,34.183992121179834],[-118.56011020135912,34.18397000195468],[-118.5601057779631,34.183973799009614],[-118.56009639133548,34.18396624516006],[-118.56013290782714,34.18393490334401],[-118.56004039088307,34.183860455769825],[-118.55994058769541,34.18394611562481],[-118.55995329870734,34.18395633438824],[-118.55990850482654,34.18399477987355],[-118.55994432904964,34.18402360680594],[-118.55994684222591,34.18402144949474],[-118.56000819557113,34.184070820720756],[-118.56004652422206,34.18403792439157],[-118.56005749455636,34.18404675200673],[-118.56008502946823,34.18402311943136],[-118.56009560824363,34.1840316324141],[-118.56009284483235,34.1840340045532]]]},"properties":{"building_pk":11697,"building_key":"lariac:201700286596","source_tile":"r04-c03","source_tile_ids":["r04-c03"],"source_bld_id":"201700286596","height_m":5.13,"receiver_ids":[153940,153941,153942,153943,153944,153945,153946,153947,153948,153949,153950,153951,153952,153953,153954,153955,153956,153957,153958,153959],"receiver_keys":["r04-c03:expanded-facade-max4m:11697:0:1","r04-c03:expanded-facade-max4m:11697:0:10","r04-c03:expanded-facade-max4m:11697:0:11","r04-c03:expanded-facade-max4m:11697:0:12","r04-c03:expanded-facade-max4m:11697:0:13","r04-c03:expanded-facade-max4m:11697:0:14","r04-c03:expanded-facade-max4m:11697:0:15","r04-c03:expanded-facade-max4m:11697:0:16","r04-c03:expanded-facade-max4m:11697:0:17","r04-c03:expanded-facade-max4m:11697:0:18","r04-c03:expanded-facade-max4m:11697:0:19","r04-c03:expanded-facade-max4m:11697:0:2","r04-c03:expanded-facade-max4m:11697:0:20","r04-c03:expanded-facade-max4m:11697:0:21","r04-c03:expanded-facade-max4m:11697:0:3","r04-c03:expanded-facade-max4m:11697:0:4","r04-c03:expanded-facade-max4m:11697:0:5","r04-c03:expanded-facade-max4m:11697:0:7","r04-c03:expanded-facade-max4m:11697:0:8","r04-c03:expanded-facade-max4m:11697:0:9"],"receiver_count":20,"periods":{"D":{"min":49.35026,"max":58.630795,"receiver_count":20,"unavailable_count":0},"E":{"min":47.131775,"max":56.412308,"receiver_count":20,"unavailable_count":0},"N":{"min":42.36056,"max":51.641094,"receiver_count":20,"unavailable_count":0}}}},{"type":"Feature","id":"lariac:390743889969","geometry":{"type":"Polygon","coordinates":[[[-118.5652678909948,34.18445043705133],[-118.56526730859218,34.184359400861545],[-118.56507474007405,34.18436024568308],[-118.56507527650983,34.184444357320864],[-118.5650120566794,34.18444462471369],[-118.56501240443237,34.18450101021803],[-118.56509238764286,34.184500664507055],[-118.56509212311195,34.18445658921023],[-118.56514621656953,34.184456363517306],[-118.56514618013315,34.18445097785801],[-118.5652678909948,34.18445043705133]]]},"properties":{"building_pk":16073,"building_key":"lariac:390743889969","source_tile":"r04-c03","source_tile_ids":["r04-c03"],"source_bld_id":"390743889969","height_m":4.734,"receiver_ids":[155725,155726,155727,155728,155729,155730,155731,155732,155733,155734,155735,155736,155737,155738,155739],"receiver_keys":["r04-c03:expanded-facade-max4m:16073:0:1","r04-c03:expanded-facade-max4m:16073:0:11","r04-c03:expanded-facade-max4m:16073:0:12","r04-c03:expanded-facade-max4m:16073:0:13","r04-c03:expanded-facade-max4m:16073:0:14","r04-c03:expanded-facade-max4m:16073:0:15","r04-c03:expanded-facade-max4m:16073:0:17","r04-c03:expanded-facade-max4m:16073:0:18","r04-c03:expanded-facade-max4m:16073:0:19","r04-c03:expanded-facade-max4m:16073:0:2","r04-c03:expanded-facade-max4m:16073:0:20","r04-c03:expanded-facade-max4m:16073:0:3","r04-c03:expanded-facade-max4m:16073:0:4","r04-c03:expanded-facade-max4m:16073:0:8","r04-c03:expanded-facade-max4m:16073:0:9"],"receiver_count":15,"periods":{"D":{"min":51.600235,"max":59.54557,"receiver_count":15,"unavailable_count":0},"E":{"min":49.381744,"max":57.32708,"receiver_count":15,"unavailable_count":0},"N":{"min":44.610535,"max":52.55587,"receiver_count":15,"unavailable_count":0}}}},{"type":"Feature","id":"lariac:391699890048","geometry":{"type":"Polygon","coordinates":[[[-118.56196782664664,34.18459562561164],[-118.5619230809573,34.18459454248896],[-118.56192042680097,34.18467185327043],[-118.56198405586399,34.18467337155317],[-118.56198385754819,34.18467840129149],[-118.56206048272419,34.18468021616085],[-118.5620662911031,34.184511439816525],[-118.56197081514836,34.184509162595944],[-118.56196782664664,34.18459562561164]]]},"properties":{"building_pk":16093,"building_key":"lariac:391699890048","source_tile":"r04-c03","source_tile_ids":["r04-c03"],"source_bld_id":"391699890048","height_m":5.685,"receiver_ids":[155766,155767,155768,155769,155770,155771,155772,155773,155774,155775,155776,155777,155778,155779,155780],"receiver_keys":["r04-c03:expanded-facade-max4m:16093:0:1","r04-c03:expanded-facade-max4m:16093:0:10","r04-c03:expanded-facade-max4m:16093:0:11","r04-c03:expanded-facade-max4m:16093:0:12","r04-c03:expanded-facade-max4m:16093:0:13","r04-c03:expanded-facade-max4m:16093:0:14","r04-c03:expanded-facade-max4m:16093:0:15","r04-c03:expanded-facade-max4m:16093:0:16","r04-c03:expanded-facade-max4m:16093:0:2","r04-c03:expanded-facade-max4m:16093:0:4","r04-c03:expanded-facade-max4m:16093:0:5","r04-c03:expanded-facade-max4m:16093:0:6","r04-c03:expanded-facade-max4m:16093:0:7","r04-c03:expanded-facade-max4m:16093:0:8","r04-c03:expanded-facade-max4m:16093:0:9"],"receiver_count":15,"periods":{"D":{"min":55.39866,"max":69.85451,"receiver_count":15,"unavailable_count":0},"E":{"min":53.180172,"max":67.636024,"receiver_count":15,"unavailable_count":0},"N":{"min":48.40896,"max":62.864807,"receiver_count":15,"unavailable_count":0}}}},{"type":"Feature","id":"lariac:391844890013","geometry":{"type":"Polygon","coordinates":[[[-118.56149828996043,34.18457054715729],[-118.56157226456664,34.184571522680386],[-118.56157336184009,34.18451334450758],[-118.56149941982918,34.18451236883409],[-118.56149828996043,34.18457054715729]]]},"properties":{"building_pk":16285,"building_key":"lariac:391844890013","source_tile":"r04-c03","source_tile_ids":["r04-c03"],"source_bld_id":"391844890013","height_m":5.797,"receiver_ids":[156007,156008,156009,156010,156011,156012,156013],"receiver_keys":["r04-c03:expanded-facade-max4m:16285:0:1","r04-c03:expanded-facade-max4m:16285:0:2","r04-c03:expanded-facade-max4m:16285:0:3","r04-c03:expanded-facade-max4m:16285:0:4","r04-c03:expanded-facade-max4m:16285:0:5","r04-c03:expanded-facade-max4m:16285:0:6","r04-c03:expanded-facade-max4m:16285:0:7"],"receiver_count":7,"periods":{"D":{"min":47.48075,"max":61.593296,"receiver_count":7,"unavailable_count":0},"E":{"min":45.262264,"max":59.37481,"receiver_count":7,"unavailable_count":0},"N":{"min":40.49105,"max":54.603596,"receiver_count":7,"unavailable_count":0}}}},{"type":"Feature","id":"lariac:392620889553","geometry":{"type":"Polygon","coordinates":[[[-118.55891589900656,34.183306211880364],[-118.55898122747716,34.18332970714916],[-118.55900972701906,34.18327497428324],[-118.55894436495517,34.18325147918526],[-118.55891589900656,34.183306211880364]]]},"properties":{"building_pk":16317,"building_key":"lariac:392620889553","source_tile":"r04-c03","source_tile_ids":["r04-c03"],"source_bld_id":"392620889553","height_m":4.106,"receiver_ids":[156014,156015,156016,156017,156018,156019,156020],"receiver_keys":["r04-c03:expanded-facade-max4m:16317:0:1","r04-c03:expanded-facade-max4m:16317:0:2","r04-c03:expanded-facade-max4m:16317:0:3","r04-c03:expanded-facade-max4m:16317:0:4","r04-c03:expanded-facade-max4m:16317:0:5","r04-c03:expanded-facade-max4m:16317:0:6","r04-c03:expanded-facade-max4m:16317:0:7"],"receiver_count":7,"periods":{"D":{"min":58.476128,"max":60.02371,"receiver_count":7,"unavailable_count":0},"E":{"min":56.25764,"max":57.80522,"receiver_count":7,"unavailable_count":0},"N":{"min":51.486427,"max":53.034008,"receiver_count":7,"unavailable_count":0}}}},{"type":"Feature","id":"lariac:391837890515","geometry":{"type":"Polygon","coordinates":[[[-118.5615015808229,34.185797997715675],[-118.56150063467015,34.1858589780893],[-118.56150952997805,34.18585907473087],[-118.56150923153685,34.18587858644694],[-118.56151789558771,34.18587865531206],[-118.56151771217144,34.18589074768219],[-118.56152366509339,34.18589080208668],[-118.56152235377853,34.1859762133148],[-118.56156984091041,34.18597670777399],[-118.56157004578485,34.18596296728026],[-118.5616749059591,34.18596407341514],[-118.56167616942061,34.18588141031538],[-118.56161889405487,34.18588079726672],[-118.56161907598363,34.18586848582786],[-118.56158184023815,34.185868081728444],[-118.56158289688805,34.18579885711537],[-118.5615015808229,34.185797997715675]]]},"properties":{"building_pk":16623,"building_key":"lariac:391837890515","source_tile":"r04-c03","source_tile_ids":["r04-c03"],"source_bld_id":"391837890515","height_m":5.681,"receiver_ids":[156428,156429,156430,156431,156432,156433,156434,156435,156436,156437,156438,156439],"receiver_keys":["r04-c03:expanded-facade-max4m:16623:0:13","r04-c03:expanded-facade-max4m:16623:0:14","r04-c03:expanded-facade-max4m:16623:0:15","r04-c03:expanded-facade-max4m:16623:0:16","r04-c03:expanded-facade-max4m:16623:0:17","r04-c03:expanded-facade-max4m:16623:0:18","r04-c03:expanded-facade-max4m:16623:0:4","r04-c03:expanded-facade-max4m:16623:0:5","r04-c03:expanded-facade-max4m:16623:0:6","r04-c03:expanded-facade-max4m:16623:0:7","r04-c03:expanded-facade-max4m:16623:0:8","r04-c03:expanded-facade-max4m:16623:0:9"],"receiver_count":12,"periods":{"D":{"min":52.676277,"max":59.480495,"receiver_count":12,"unavailable_count":0},"E":{"min":50.45779,"max":57.26201,"receiver_count":12,"unavailable_count":0},"N":{"min":45.686577,"max":52.490795,"receiver_count":12,"unavailable_count":0}}}},{"type":"Feature","id":"lariac:392455889214","geometry":{"type":"Polygon","coordinates":[[[-118.55953712304765,34.18237256684079],[-118.55953699684645,34.18233898759071],[-118.55945744396466,34.18233913561788],[-118.5594575366872,34.18237274206911],[-118.55953712304765,34.18237256684079]]]},"properties":{"building_pk":16732,"building_key":"lariac:392455889214","source_tile":"r04-c03","source_tile_ids":["r04-c03"],"source_bld_id":"392455889214","height_m":2.972,"receiver_ids":[156547,156548,156549,156550],"receiver_keys":["r04-c03:expanded-facade-max4m:16732:0:1","r04-c03:expanded-facade-max4m:16732:0:4","r04-c03:expanded-facade-max4m:16732:0:5","r04-c03:expanded-facade-max4m:16732:0:6"],"receiver_count":4,"periods":{"D":{"min":60.85716,"max":60.92903,"receiver_count":4,"unavailable_count":0},"E":{"min":58.63867,"max":58.710545,"receiver_count":4,"unavailable_count":0},"N":{"min":53.86746,"max":53.93933,"receiver_count":4,"unavailable_count":0}}}},{"type":"Feature","id":"lariac:392822889042","geometry":{"type":"Polygon","coordinates":[[[-118.55831134741406,34.18186354675614],[-118.55826191498059,34.18186330793227],[-118.55826154943357,34.18191249699085],[-118.55831098208293,34.18191276376188],[-118.55831134741406,34.18186354675614]]]},"properties":{"building_pk":16876,"building_key":"lariac:392822889042","source_tile":"r04-c03","source_tile_ids":["r04-c03"],"source_bld_id":"392822889042","height_m":4.645,"receiver_ids":[156671,156672,156673,156674],"receiver_keys":["r04-c03:expanded-facade-max4m:16876:0:1","r04-c03:expanded-facade-max4m:16876:0:4","r04-c03:expanded-facade-max4m:16876:0:5","r04-c03:expanded-facade-max4m:16876:0:6"],"receiver_count":4,"periods":{"D":{"min":51.076157,"max":59.892895,"receiver_count":4,"unavailable_count":0},"E":{"min":48.85767,"max":57.674408,"receiver_count":4,"unavailable_count":0},"N":{"min":44.086456,"max":52.903194,"receiver_count":4,"unavailable_count":0}}}},{"type":"Feature","id":"lariac:391740888430","geometry":{"type":"Polygon","coordinates":[[[-118.56188842950338,34.18033763517994],[-118.56196877305071,34.18033742687694],[-118.56196832512772,34.18022165889053],[-118.56193661781816,34.18022175121867],[-118.56193656053117,34.1802083969023],[-118.56195154250246,34.18019423073839],[-118.56191615556153,34.18016834501629],[-118.56190110760168,34.18018253852881],[-118.56188619606273,34.180182662799616],[-118.5618852251563,34.18010701778808],[-118.56181400978838,34.180107650635115],[-118.56181434357457,34.18013276521989],[-118.56179943222621,34.18013291652557],[-118.5617997744833,34.18015913005407],[-118.5617283269362,34.180159763928934],[-118.5617291557569,34.18022397891517],[-118.56176294537323,34.180223656992666],[-118.56176370918526,34.18028320137737],[-118.56188772513373,34.18028210329511],[-118.56188842950338,34.18033763517994]]]},"properties":{"building_pk":17481,"building_key":"lariac:391740888430","source_tile":"r04-c03","source_tile_ids":["r04-c03"],"source_bld_id":"391740888430","height_m":6.023,"receiver_ids":[157308,157309,157310,157311,157312,157313,157314,157315,157316,157317,157318,157319,157320,157321,157322,157323,157324,157325,157326],"receiver_keys":["r04-c03:expanded-facade-max4m:17481:0:1","r04-c03:expanded-facade-max4m:17481:0:10","r04-c03:expanded-facade-max4m:17481:0:11","r04-c03:expanded-facade-max4m:17481:0:12","r04-c03:expanded-facade-max4m:17481:0:13","r04-c03:expanded-facade-max4m:17481:0:16","r04-c03:expanded-facade-max4m:17481:0:17","r04-c03:expanded-facade-max4m:17481:0:18","r04-c03:expanded-facade-max4m:17481:0:19","r04-c03:expanded-facade-max4m:17481:0:2","r04-c03:expanded-facade-max4m:17481:0:20","r04-c03:expanded-facade-max4m:17481:0:21","r04-c03:expanded-facade-max4m:17481:0:22","r04-c03:expanded-facade-max4m:17481:0:23","r04-c03:expanded-facade-max4m:17481:0:25","r04-c03:expanded-facade-max4m:17481:0:3","r04-c03:expanded-facade-max4m:17481:0:4","r04-c03:expanded-facade-max4m:17481:0:5","r04-c03:expanded-facade-max4m:17481:0:8"],"receiver_count":19,"periods":{"D":{"min":50.436245,"max":68.22698,"receiver_count":19,"unavailable_count":0},"E":{"min":48.21776,"max":66.00849,"receiver_count":19,"unavailable_count":0},"N":{"min":43.446545,"max":61.23728,"receiver_count":19,"unavailable_count":0}}}},{"type":"Feature","id":"lariac:391514888863","geometry":{"type":"Polygon","coordinates":[[[-118.56255490038063,34.181295014940055],[-118.56255499078563,34.1814656607227],[-118.56268013950006,34.181465627602506],[-118.56268015517765,34.181462962563124],[-118.56271351667782,34.18146294438659],[-118.56271350824724,34.18141257511727],[-118.56267350010252,34.18141256922151],[-118.56267343581746,34.18129495849274],[-118.56255490038063,34.181295014940055]]]},"properties":{"building_pk":17506,"building_key":"lariac:391514888863","source_tile":"r04-c03","source_tile_ids":["r04-c03"],"source_bld_id":"391514888863","height_m":4.73,"receiver_ids":[157395,157396,157397,157398,157399,157400,157401,157402,157403,157404,157405,157406,157407,157408,157409,157410,157411],"receiver_keys":["r04-c03:expanded-facade-max4m:17506:0:1","r04-c03:expanded-facade-max4m:17506:0:10","r04-c03:expanded-facade-max4m:17506:0:11","r04-c03:expanded-facade-max4m:17506:0:12","r04-c03:expanded-facade-max4m:17506:0:13","r04-c03:expanded-facade-max4m:17506:0:14","r04-c03:expanded-facade-max4m:17506:0:15","r04-c03:expanded-facade-max4m:17506:0:16","r04-c03:expanded-facade-max4m:17506:0:17","r04-c03:expanded-facade-max4m:17506:0:2","r04-c03:expanded-facade-max4m:17506:0:3","r04-c03:expanded-facade-max4m:17506:0:4","r04-c03:expanded-facade-max4m:17506:0:5","r04-c03:expanded-facade-max4m:17506:0:6","r04-c03:expanded-facade-max4m:17506:0:7","r04-c03:expanded-facade-max4m:17506:0:8","r04-c03:expanded-facade-max4m:17506:0:9"],"receiver_count":17,"periods":{"D":{"min":59.044056,"max":67.954445,"receiver_count":17,"unavailable_count":0},"E":{"min":56.82557,"max":65.73596,"receiver_count":17,"unavailable_count":0},"N":{"min":52.054356,"max":60.964745,"receiver_count":17,"unavailable_count":0}}}},{"type":"Feature","id":"lariac:392869889454","geometry":{"type":"Polygon","coordinates":[[[-118.55818322999414,34.182999350421994],[-118.55811825643713,34.1829779203285],[-118.5580919750131,34.18303316474137],[-118.55815643499545,34.18305435830985],[-118.55818322999414,34.182999350421994]]]},"properties":{"building_pk":17611,"building_key":"lariac:392869889454","source_tile":"r04-c03","source_tile_ids":["r04-c03"],"source_bld_id":"392869889454","height_m":4.444,"receiver_ids":[157578,157579,157580,157581,157582,157583,157584],"receiver_keys":["r04-c03:expanded-facade-max4m:17611:0:1","r04-c03:expanded-facade-max4m:17611:0:2","r04-c03:expanded-facade-max4m:17611:0:3","r04-c03:expanded-facade-max4m:17611:0:4","r04-c03:expanded-facade-max4m:17611:0:5","r04-c03:expanded-facade-max4m:17611:0:6","r04-c03:expanded-facade-max4m:17611:0:7"],"receiver_count":7,"periods":{"D":{"min":53.68402,"max":59.813774,"receiver_count":7,"unavailable_count":0},"E":{"min":51.465534,"max":57.595287,"receiver_count":7,"unavailable_count":0},"N":{"min":46.69432,"max":52.824074,"receiver_count":7,"unavailable_count":0}}}},{"type":"Feature","id":"lariac:391681890278","geometry":{"type":"Polygon","coordinates":[[[-118.56206389314588,34.185260754596825],[-118.56206370294333,34.18527182645088],[-118.56208837310734,34.18527212471459],[-118.562088586048,34.18526056321591],[-118.56206389314588,34.185260754596825]]]},"properties":{"building_pk":17794,"building_key":"lariac:391681890278","source_tile":"r04-c03","source_tile_ids":["r04-c03"],"source_bld_id":"391681890278","height_m":4.237,"receiver_ids":[157757],"receiver_keys":["r04-c03:expanded-facade-max4m:17794:0:3"],"receiver_count":1,"periods":{"D":{"min":70.41759,"max":70.41759,"receiver_count":1,"unavailable_count":0},"E":{"min":68.199104,"max":68.199104,"receiver_count":1,"unavailable_count":0},"N":{"min":63.427887,"max":63.427887,"receiver_count":1,"unavailable_count":0}}}},{"type":"Feature","id":"lariac:391384888525","geometry":{"type":"Polygon","coordinates":[[[-118.56301429689785,34.180431626125696],[-118.5630151434125,34.18045904627693],[-118.56304274805035,34.18045845077124],[-118.56304186789963,34.18043103077682],[-118.56301429689785,34.180431626125696]]]},"properties":{"building_pk":17999,"building_key":"lariac:391384888525","source_tile":"r04-c03","source_tile_ids":["r04-c03"],"source_bld_id":"391384888525","height_m":2.271,"receiver_ids":[158006,158007,158008,158009],"receiver_keys":["r04-c03:expanded-facade-max4m:17999:0:1","r04-c03:expanded-facade-max4m:17999:0:2","r04-c03:expanded-facade-max4m:17999:0:3","r04-c03:expanded-facade-max4m:17999:0:4"],"receiver_count":4,"periods":{"D":{"min":64.522705,"max":64.92426,"receiver_count":4,"unavailable_count":0},"E":{"min":62.304222,"max":62.705776,"receiver_count":4,"unavailable_count":0},"N":{"min":57.53301,"max":57.934563,"receiver_count":4,"unavailable_count":0}}}},{"type":"Feature","id":"lariac:392799889567","geometry":{"type":"Polygon","coordinates":[[[-118.55846657536343,34.18330111560328],[-118.55846173598513,34.18329948902309],[-118.55847615575892,34.18327018444861],[-118.55837679975767,34.18323640431431],[-118.55836306593424,34.18326430470977],[-118.5583558746687,34.18326186406948],[-118.558352220824,34.183269300649165],[-118.55832073740484,34.183258591387684],[-118.55829193153922,34.183317063307086],[-118.55825899029912,34.183305893758494],[-118.55823321877281,34.18335822295806],[-118.55835126540914,34.183398374693304],[-118.55834859071962,34.18340379991447],[-118.55840632125016,34.18342342868283],[-118.55846657536343,34.18330111560328]]]},"properties":{"building_pk":18223,"building_key":"lariac:392799889567","source_tile":"r04-c03","source_tile_ids":["r04-c03"],"source_bld_id":"392799889567","height_m":5.328,"receiver_ids":[158223,158224,158225,158226,158227,158228,158229,158230,158231,158232,158233,158234],"receiver_keys":["r04-c03:expanded-facade-max4m:18223:0:10","r04-c03:expanded-facade-max4m:18223:0:11","r04-c03:expanded-facade-max4m:18223:0:12","r04-c03:expanded-facade-max4m:18223:0:13","r04-c03:expanded-facade-max4m:18223:0:14","r04-c03:expanded-facade-max4m:18223:0:15","r04-c03:expanded-facade-max4m:18223:0:2","r04-c03:expanded-facade-max4m:18223:0:3","r04-c03:expanded-facade-max4m:18223:0:4","r04-c03:expanded-facade-max4m:18223:0:6","r04-c03:expanded-facade-max4m:18223:0:7","r04-c03:expanded-facade-max4m:18223:0:9"],"receiver_count":12,"periods":{"D":{"min":48.81845,"max":59.563293,"receiver_count":12,"unavailable_count":0},"E":{"min":46.599964,"max":57.344807,"receiver_count":12,"unavailable_count":0},"N":{"min":41.82875,"max":52.573593,"receiver_count":12,"unavailable_count":0}}}},{"type":"Feature","id":"lariac:392615889131","geometry":{"type":"Polygon","coordinates":[[[-118.55898719358838,34.18208671548246],[-118.55895519036909,34.18208711131233],[-118.55895684098638,34.18218075253381],[-118.5589888453263,34.1821803566985],[-118.55898719358838,34.18208671548246]]]},"properties":{"building_pk":18310,"building_key":"lariac:392615889131","source_tile":"r04-c03","source_tile_ids":["r04-c03"],"source_bld_id":"392615889131","height_m":3.432,"receiver_ids":[158390,158391,158392,158393,158394,158395,158396],"receiver_keys":["r04-c03:expanded-facade-max4m:18310:0:1","r04-c03:expanded-facade-max4m:18310:0:2","r04-c03:expanded-facade-max4m:18310:0:3","r04-c03:expanded-facade-max4m:18310:0:4","r04-c03:expanded-facade-max4m:18310:0:5","r04-c03:expanded-facade-max4m:18310:0:6","r04-c03:expanded-facade-max4m:18310:0:7"],"receiver_count":7,"periods":{"D":{"min":60.495277,"max":60.758,"receiver_count":7,"unavailable_count":0},"E":{"min":58.27679,"max":58.539513,"receiver_count":7,"unavailable_count":0},"N":{"min":53.505577,"max":53.7683,"receiver_count":7,"unavailable_count":0}}}},{"type":"Feature","id":"lariac:390592889987","geometry":{"type":"Polygon","coordinates":[[[-118.56582272611699,34.18454709745059],[-118.56582320535873,34.184490845112116],[-118.56576017973275,34.1844904800043],[-118.56576091276213,34.184408424261655],[-118.56556770245966,34.184407266932034],[-118.56556689680335,34.18449817167614],[-118.56570680309326,34.184499001340605],[-118.56570676632347,34.18450334335322],[-118.56574254437906,34.18450356006762],[-118.56574217517115,34.18454659433987],[-118.56582272611699,34.18454709745059]]]},"properties":{"building_pk":18321,"building_key":"lariac:390592889987","source_tile":"r04-c03","source_tile_ids":["r04-c03"],"source_bld_id":"390592889987","height_m":5.294,"receiver_ids":[158397,158398,158399,158400,158401,158402,158403,158404,158405,158406,158407,158408,158409,158410,158411],"receiver_keys":["r04-c03:expanded-facade-max4m:18321:0:1","r04-c03:expanded-facade-max4m:18321:0:11","r04-c03:expanded-facade-max4m:18321:0:12","r04-c03:expanded-facade-max4m:18321:0:13","r04-c03:expanded-facade-max4m:18321:0:14","r04-c03:expanded-facade-max4m:18321:0:15","r04-c03:expanded-facade-max4m:18321:0:16","r04-c03:expanded-facade-max4m:18321:0:17","r04-c03:expanded-facade-max4m:18321:0:18","r04-c03:expanded-facade-max4m:18321:0:19","r04-c03:expanded-facade-max4m:18321:0:2","r04-c03:expanded-facade-max4m:18321:0:3","r04-c03:expanded-facade-max4m:18321:0:4","r04-c03:expanded-facade-max4m:18321:0:5","r04-c03:expanded-facade-max4m:18321:0:6"],"receiver_count":15,"periods":{"D":{"min":48.615726,"max":59.41734,"receiver_count":15,"unavailable_count":0},"E":{"min":46.397236,"max":57.198853,"receiver_count":15,"unavailable_count":0},"N":{"min":41.626026,"max":52.42764,"receiver_count":15,"unavailable_count":0}}}},{"type":"Feature","id":"lariac:391381888401","geometry":{"type":"Polygon","coordinates":[[[-118.56301890115074,34.1800845162492],[-118.56301892807149,34.180122793913654],[-118.563058306268,34.18012277557864],[-118.56305828041397,34.18008449790919],[-118.56301890115074,34.1800845162492]]]},"properties":{"building_pk":18347,"building_key":"lariac:391381888401","source_tile":"r04-c03","source_tile_ids":["r04-c03"],"source_bld_id":"391381888401","height_m":3.603,"receiver_ids":[158446,158447,158448,158449],"receiver_keys":["r04-c03:expanded-facade-max4m:18347:0:1","r04-c03:expanded-facade-max4m:18347:0:2","r04-c03:expanded-facade-max4m:18347:0:3","r04-c03:expanded-facade-max4m:18347:0:4"],"receiver_count":4,"periods":{"D":{"min":64.85312,"max":65.29972,"receiver_count":4,"unavailable_count":0},"E":{"min":62.634632,"max":63.08123,"receiver_count":4,"unavailable_count":0},"N":{"min":57.86342,"max":58.310017,"receiver_count":4,"unavailable_count":0}}}},{"type":"Feature","id":"lariac:390942889929","geometry":{"type":"Polygon","coordinates":[[[-118.56444964561464,34.18434233515805],[-118.56467140404696,34.184345256946216],[-118.56467253040478,34.18428688657046],[-118.56466360144923,34.18428676327302],[-118.56466467946413,34.18423103014201],[-118.56460495770533,34.184230237904444],[-118.56460417509098,34.18427093819724],[-118.56457352057458,34.18427053134694],[-118.56457481602763,34.184202981554286],[-118.5644497516834,34.18420133934856],[-118.56444820529322,34.184280733906064],[-118.56445673594017,34.18428083113031],[-118.56445646389209,34.18429435286905],[-118.56445057815023,34.18429427034804],[-118.56444964561464,34.18434233515805]]]},"properties":{"building_pk":18363,"building_key":"lariac:390942889929","source_tile":"r04-c03","source_tile_ids":["r04-c03"],"source_bld_id":"390942889929","height_m":5.194,"receiver_ids":[158488,158489,158490,158491,158492,158493,158494,158495,158496,158497,158498,158499],"receiver_keys":["r04-c03:expanded-facade-max4m:18363:0:10","r04-c03:expanded-facade-max4m:18363:0:12","r04-c03:expanded-facade-max4m:18363:0:14","r04-c03:expanded-facade-max4m:18363:0:18","r04-c03:expanded-facade-max4m:18363:0:19","r04-c03:expanded-facade-max4m:18363:0:20","r04-c03:expanded-facade-max4m:18363:0:21","r04-c03:expanded-facade-max4m:18363:0:5","r04-c03:expanded-facade-max4m:18363:0:6","r04-c03:expanded-facade-max4m:18363:0:7","r04-c03:expanded-facade-max4m:18363:0:8","r04-c03:expanded-facade-max4m:18363:0:9"],"receiver_count":12,"periods":{"D":{"min":49.58302,"max":57.729618,"receiver_count":12,"unavailable_count":0},"E":{"min":47.364532,"max":55.51113,"receiver_count":12,"unavailable_count":0},"N":{"min":42.59332,"max":50.739918,"receiver_count":12,"unavailable_count":0}}}},{"type":"Feature","id":"lariac:390266890550","geometry":{"type":"Polygon","coordinates":[[[-118.56688444914478,34.186079473937234],[-118.56693282746245,34.18602632288822],[-118.56692074068049,34.18601873984774],[-118.56693662581344,34.18600127098151],[-118.56689299050186,34.1859738593734],[-118.56687769663928,34.18599069347967],[-118.56687095471811,34.18598643823031],[-118.56686754121561,34.1859901911325],[-118.56675131395755,34.185917146275955],[-118.56667480704594,34.186001233931684],[-118.56669589404149,34.186014462676674],[-118.56667282013261,34.18603985190692],[-118.56675866236833,34.186093775906286],[-118.5668010349457,34.1860471649115],[-118.56681807038618,34.18605788378738],[-118.56682972265779,34.18604507953149],[-118.56688444914478,34.186079473937234]]]},"properties":{"building_pk":18607,"building_key":"lariac:390266890550","source_tile":"r04-c03","source_tile_ids":["r04-c03"],"source_bld_id":"390266890550","height_m":5.477,"receiver_ids":[158699,158700,158701,158702,158703,158704,158705,158706,158707,158708],"receiver_keys":["r04-c03:expanded-facade-max4m:18607:0:10","r04-c03:expanded-facade-max4m:18607:0:11","r04-c03:expanded-facade-max4m:18607:0:12","r04-c03:expanded-facade-max4m:18607:0:3","r04-c03:expanded-facade-max4m:18607:0:4","r04-c03:expanded-facade-max4m:18607:0:5","r04-c03:expanded-facade-max4m:18607:0:6","r04-c03:expanded-facade-max4m:18607:0:7","r04-c03:expanded-facade-max4m:18607:0:8","r04-c03:expanded-facade-max4m:18607:0:9"],"receiver_count":10,"periods":{"D":{"min":60.29231,"max":71.92539,"receiver_count":10,"unavailable_count":0},"E":{"min":58.073822,"max":69.7069,"receiver_count":10,"unavailable_count":0},"N":{"min":53.30261,"max":64.93569,"receiver_count":10,"unavailable_count":0}}}},{"type":"Feature","id":"lariac:390068888448","geometry":{"type":"Polygon","coordinates":[[[-118.56737411480746,34.180167512276334],[-118.5673785513623,34.18015375191736],[-118.56730235567558,34.1801367978743],[-118.56729474598284,34.180160437819794],[-118.56729891880592,34.180161352247744],[-118.56727751430678,34.18022784242037],[-118.56725473224483,34.18022278342109],[-118.56723132134762,34.18029557577997],[-118.56731480154743,34.180314144625314],[-118.56733529814893,34.180250379567724],[-118.56737927416981,34.180260175016365],[-118.56736127030344,34.18031609756791],[-118.5674257098952,34.18033041381477],[-118.5674500597631,34.180254705021596],[-118.56741866786442,34.18024773460328],[-118.56742902821343,34.180215426010975],[-118.56746989159848,34.180224522006135],[-118.56747403637159,34.180211724961204],[-118.56748963296725,34.180215196656405],[-118.56749371358342,34.180202536946595],[-118.56750550219036,34.18020514659934],[-118.56752334333981,34.180149720639164],[-118.56744294334045,34.18013185151055],[-118.56742762718746,34.18017940684434],[-118.56737411480746,34.180167512276334]]]},"properties":{"building_pk":18673,"building_key":"lariac:390068888448","source_tile":"r04-c03","source_tile_ids":["r04-c03"],"source_bld_id":"390068888448","height_m":5.794,"receiver_ids":[158732,158733,158734,158735,158736,158737,158738,158739,158740,158741,158742,158743,158744,158745,158746,158747,158748,158749,158750,158751,158752,158753],"receiver_keys":["r04-c03:expanded-facade-max4m:18673:0:1","r04-c03:expanded-facade-max4m:18673:0:10","r04-c03:expanded-facade-max4m:18673:0:11","r04-c03:expanded-facade-max4m:18673:0:14","r04-c03:expanded-facade-max4m:18673:0:15","r04-c03:expanded-facade-max4m:18673:0:16","r04-c03:expanded-facade-max4m:18673:0:17","r04-c03:expanded-facade-max4m:18673:0:18","r04-c03:expanded-facade-max4m:18673:0:2","r04-c03:expanded-facade-max4m:18673:0:21","r04-c03:expanded-facade-max4m:18673:0:23","r04-c03:expanded-facade-max4m:18673:0:24","r04-c03:expanded-facade-max4m:18673:0:25","r04-c03:expanded-facade-max4m:18673:0:26","r04-c03:expanded-facade-max4m:18673:0:28","r04-c03:expanded-facade-max4m:18673:0:3","r04-c03:expanded-facade-max4m:18673:0:4","r04-c03:expanded-facade-max4m:18673:0:5","r04-c03:expanded-facade-max4m:18673:0:6","r04-c03:expanded-facade-max4m:18673:0:7","r04-c03:expanded-facade-max4m:18673:0:8","r04-c03:expanded-facade-max4m:18673:0:9"],"receiver_count":22,"periods":{"D":{"min":61.885777,"max":67.05787,"receiver_count":22,"unavailable_count":0},"E":{"min":59.66729,"max":64.83938,"receiver_count":22,"unavailable_count":0},"N":{"min":54.896076,"max":60.068165,"receiver_count":22,"unavailable_count":0}}}},{"type":"Feature","id":"lariac:201700286776","geometry":{"type":"Polygon","coordinates":[[[-118.56298100403023,34.18553132438456],[-118.56309859649566,34.185530983443286],[-118.56309800647092,34.18539018742175],[-118.56308447336166,34.185390228787384],[-118.5630843903501,34.185370671961216],[-118.56302092516566,34.1853708556086],[-118.56302101298334,34.18539161056547],[-118.56298224369931,34.18539172250786],[-118.56298231089458,34.18540780936147],[-118.56294845583305,34.185407906533236],[-118.56294874600725,34.185477041952744],[-118.56298077642577,34.18547694966765],[-118.56298100403023,34.18553132438456]]]},"properties":{"building_pk":19223,"building_key":"lariac:201700286776","source_tile":"r04-c03","source_tile_ids":["r04-c03"],"source_bld_id":"201700286776","height_m":4.77,"receiver_ids":[159821,159822,159823,159824,159825,159826,159827,159828,159829,159830,159831,159832],"receiver_keys":["r04-c03:expanded-facade-max4m:19223:0:1","r04-c03:expanded-facade-max4m:19223:0:11","r04-c03:expanded-facade-max4m:19223:0:12","r04-c03:expanded-facade-max4m:19223:0:13","r04-c03:expanded-facade-max4m:19223:0:16","r04-c03:expanded-facade-max4m:19223:0:2","r04-c03:expanded-facade-max4m:19223:0:3","r04-c03:expanded-facade-max4m:19223:0:4","r04-c03:expanded-facade-max4m:19223:0:5","r04-c03:expanded-facade-max4m:19223:0:6","r04-c03:expanded-facade-max4m:19223:0:7","r04-c03:expanded-facade-max4m:19223:0:8"],"receiver_count":12,"periods":{"D":{"min":54.162685,"max":59.598007,"receiver_count":12,"unavailable_count":0},"E":{"min":51.9442,"max":57.37952,"receiver_count":12,"unavailable_count":0},"N":{"min":47.172985,"max":52.608307,"receiver_count":12,"unavailable_count":0}}}},{"type":"Feature","id":"lariac:391091889856","geometry":{"type":"Polygon","coordinates":[[[-118.56411134606391,34.184140650226304],[-118.56411082111067,34.18404829571043],[-118.5639711895558,34.18404883687681],[-118.56397116488137,34.1840451821289],[-118.56393624858978,34.184045317885236],[-118.56393601072011,34.18400028051617],[-118.5638541424388,34.18400060720621],[-118.56385445667605,34.18405696491834],[-118.56391704830641,34.18405672810447],[-118.56391791639287,34.18414659185492],[-118.56399678709994,34.18414653513889],[-118.56399657793963,34.18414110340472],[-118.56411134606391,34.184140650226304]]]},"properties":{"building_pk":23625,"building_key":"lariac:391091889856","source_tile":"r04-c03","source_tile_ids":["r04-c03"],"source_bld_id":"391091889856","height_m":4.99,"receiver_ids":[161266,161267,161268,161269,161270,161271,161272,161273,161274,161275,161276,161277,161278,161279,161280,161281],"receiver_keys":["r04-c03:expanded-facade-max4m:23625:0:1","r04-c03:expanded-facade-max4m:23625:0:11","r04-c03:expanded-facade-max4m:23625:0:12","r04-c03:expanded-facade-max4m:23625:0:13","r04-c03:expanded-facade-max4m:23625:0:14","r04-c03:expanded-facade-max4m:23625:0:15","r04-c03:expanded-facade-max4m:23625:0:16","r04-c03:expanded-facade-max4m:23625:0:18","r04-c03:expanded-facade-max4m:23625:0:19","r04-c03:expanded-facade-max4m:23625:0:2","r04-c03:expanded-facade-max4m:23625:0:20","r04-c03:expanded-facade-max4m:23625:0:3","r04-c03:expanded-facade-max4m:23625:0:4","r04-c03:expanded-facade-max4m:23625:0:5","r04-c03:expanded-facade-max4m:23625:0:6","r04-c03:expanded-facade-max4m:23625:0:8"],"receiver_count":16,"periods":{"D":{"min":52.65043,"max":60.168205,"receiver_count":16,"unavailable_count":0},"E":{"min":50.431942,"max":57.94972,"receiver_count":16,"unavailable_count":0},"N":{"min":45.660732,"max":53.17851,"receiver_count":16,"unavailable_count":0}}}},{"type":"Feature","id":"lariac:391493889804","geometry":{"type":"Polygon","coordinates":[[[-118.56279947010461,34.18395888691127],[-118.56279964911205,34.18389705813366],[-118.5626611362733,34.18389679561765],[-118.56266114438804,34.18389316866506],[-118.5625369816747,34.18389292129011],[-118.5625368276168,34.18395832277252],[-118.56262200454468,34.18395847653149],[-118.56262206832578,34.18393847095512],[-118.56263827145808,34.18393850557117],[-118.56263800040597,34.184035810565064],[-118.56276070844159,34.184036036657695],[-118.56276094869916,34.183958819126545],[-118.56279947010461,34.18395888691127]]]},"properties":{"building_pk":23626,"building_key":"lariac:391493889804","source_tile":"r04-c03","source_tile_ids":["r04-c03"],"source_bld_id":"391493889804","height_m":4.599,"receiver_ids":[161282,161283,161284,161285,161286,161287,161288,161289,161290,161291,161292,161293,161294,161295,161296,161297,161298,161299,161300,161301],"receiver_keys":["r04-c03:expanded-facade-max4m:23626:0:1","r04-c03:expanded-facade-max4m:23626:0:10","r04-c03:expanded-facade-max4m:23626:0:11","r04-c03:expanded-facade-max4m:23626:0:12","r04-c03:expanded-facade-max4m:23626:0:15","r04-c03:expanded-facade-max4m:23626:0:16","r04-c03:expanded-facade-max4m:23626:0:17","r04-c03:expanded-facade-max4m:23626:0:18","r04-c03:expanded-facade-max4m:23626:0:19","r04-c03:expanded-facade-max4m:23626:0:2","r04-c03:expanded-facade-max4m:23626:0:20","r04-c03:expanded-facade-max4m:23626:0:21","r04-c03:expanded-facade-max4m:23626:0:22","r04-c03:expanded-facade-max4m:23626:0:3","r04-c03:expanded-facade-max4m:23626:0:4","r04-c03:expanded-facade-max4m:23626:0:5","r04-c03:expanded-facade-max4m:23626:0:6","r04-c03:expanded-facade-max4m:23626:0:7","r04-c03:expanded-facade-max4m:23626:0:8","r04-c03:expanded-facade-max4m:23626:0:9"],"receiver_count":20,"periods":{"D":{"min":56.755516,"max":67.46828,"receiver_count":20,"unavailable_count":0},"E":{"min":54.53703,"max":65.249794,"receiver_count":20,"unavailable_count":0},"N":{"min":49.765816,"max":60.47858,"receiver_count":20,"unavailable_count":0}}}},{"type":"Feature","id":"lariac:391182890311","geometry":{"type":"Polygon","coordinates":[[[-118.56374795969195,34.18535533167241],[-118.56374857335433,34.18533952563178],[-118.56371692452811,34.18533876618518],[-118.56371655965609,34.185355269763356],[-118.56374795969195,34.18535533167241]]]},"properties":{"building_pk":23631,"building_key":"lariac:391182890311","source_tile":"r04-c03","source_tile_ids":["r04-c03"],"source_bld_id":"391182890311","height_m":3.264,"receiver_ids":[161306,161307,161308,161309],"receiver_keys":["r04-c03:expanded-facade-max4m:23631:0:1","r04-c03:expanded-facade-max4m:23631:0:2","r04-c03:expanded-facade-max4m:23631:0:3","r04-c03:expanded-facade-max4m:23631:0:4"],"receiver_count":4,"periods":{"D":{"min":57.464474,"max":59.3372,"receiver_count":4,"unavailable_count":0},"E":{"min":55.245987,"max":57.118713,"receiver_count":4,"unavailable_count":0},"N":{"min":50.474773,"max":52.3475,"receiver_count":4,"unavailable_count":0}}}},{"type":"Feature","id":"lariac:391728890548","geometry":{"type":"Polygon","coordinates":[[[-118.56196522633192,34.186042580135975],[-118.56196622741044,34.1859799776228],[-118.56189208777029,34.18597916808419],[-118.5618910866301,34.18604176969525],[-118.56196522633192,34.186042580135975]]]},"properties":{"building_pk":23634,"building_key":"lariac:391728890548","source_tile":"r04-c03","source_tile_ids":["r04-c03"],"source_bld_id":"391728890548","height_m":4.892,"receiver_ids":[161310,161311,161312,161313,161314,161315,161316],"receiver_keys":["r04-c03:expanded-facade-max4m:23634:0:1","r04-c03:expanded-facade-max4m:23634:0:2","r04-c03:expanded-facade-max4m:23634:0:3","r04-c03:expanded-facade-max4m:23634:0:4","r04-c03:expanded-facade-max4m:23634:0:5","r04-c03:expanded-facade-max4m:23634:0:6","r04-c03:expanded-facade-max4m:23634:0:7"],"receiver_count":7,"periods":{"D":{"min":56.5614,"max":67.51769,"receiver_count":7,"unavailable_count":0},"E":{"min":54.342915,"max":65.29921,"receiver_count":7,"unavailable_count":0},"N":{"min":49.571705,"max":60.527992,"receiver_count":7,"unavailable_count":0}}}},{"type":"Feature","id":"lariac:390570890105","geometry":{"type":"Polygon","coordinates":[[[-118.56555346858235,34.184732081709164],[-118.56555372821609,34.18482410840339],[-118.565683112462,34.184823860365626],[-118.5656832389756,34.18486689231915],[-118.56572843898604,34.184866790902774],[-118.56572847583256,34.18487223155441],[-118.56574765329586,34.184872196848666],[-118.56574770473678,34.184889563069156],[-118.56580314664677,34.18489986713275],[-118.5658029355297,34.1848715812447],[-118.56581027655305,34.18487157395021],[-118.56580985655839,34.184731569584024],[-118.56555346858235,34.184732081709164]]]},"properties":{"building_pk":23643,"building_key":"lariac:390570890105","source_tile":"r04-c03","source_tile_ids":["r04-c03"],"source_bld_id":"390570890105","height_m":5.288,"receiver_ids":[161338,161339,161340,161341,161342,161343,161344,161345,161346,161347,161348,161349,161350,161351,161352,161353],"receiver_keys":["r04-c03:expanded-facade-max4m:23643:0:1","r04-c03:expanded-facade-max4m:23643:0:10","r04-c03:expanded-facade-max4m:23643:0:11","r04-c03:expanded-facade-max4m:23643:0:12","r04-c03:expanded-facade-max4m:23643:0:13","r04-c03:expanded-facade-max4m:23643:0:14","r04-c03:expanded-facade-max4m:23643:0:15","r04-c03:expanded-facade-max4m:23643:0:16","r04-c03:expanded-facade-max4m:23643:0:17","r04-c03:expanded-facade-max4m:23643:0:2","r04-c03:expanded-facade-max4m:23643:0:21","r04-c03:expanded-facade-max4m:23643:0:3","r04-c03:expanded-facade-max4m:23643:0:4","r04-c03:expanded-facade-max4m:23643:0:5","r04-c03:expanded-facade-max4m:23643:0:7","r04-c03:expanded-facade-max4m:23643:0:8"],"receiver_count":16,"periods":{"D":{"min":49.94362,"max":58.75118,"receiver_count":16,"unavailable_count":0},"E":{"min":47.725132,"max":56.532692,"receiver_count":16,"unavailable_count":0},"N":{"min":42.95392,"max":51.761482,"receiver_count":16,"unavailable_count":0}}}},{"type":"Feature","id":"lariac:390702890120","geometry":{"type":"Polygon","coordinates":[[[-118.56532888380842,34.18483442020143],[-118.56533491280977,34.18480677499481],[-118.56530178082419,34.1848017919456],[-118.5652957518061,34.184829436249025],[-118.56532888380842,34.18483442020143]]]},"properties":{"building_pk":23658,"building_key":"lariac:390702890120","source_tile":"r04-c03","source_tile_ids":["r04-c03"],"source_bld_id":"390702890120","height_m":3.99,"receiver_ids":[161354,161355,161356,161357],"receiver_keys":["r04-c03:expanded-facade-max4m:23658:0:1","r04-c03:expanded-facade-max4m:23658:0:2","r04-c03:expanded-facade-max4m:23658:0:3","r04-c03:expanded-facade-max4m:23658:0:4"],"receiver_count":4,"periods":{"D":{"min":56.47692,"max":59.042446,"receiver_count":4,"unavailable_count":0},"E":{"min":54.258434,"max":56.82396,"receiver_count":4,"unavailable_count":0},"N":{"min":49.48722,"max":52.052746,"receiver_count":4,"unavailable_count":0}}}},{"type":"Feature","id":"lariac:392921889493","geometry":{"type":"Polygon","coordinates":[[[-118.557900831107,34.18316759507934],[-118.55795627530516,34.18318651968243],[-118.55796165815642,34.18317564025377],[-118.55799463348151,34.18318689176625],[-118.55799179482781,34.18319262065481],[-118.5580481676684,34.183211870897054],[-118.55805110338358,34.183205894536066],[-118.55807767935448,34.18321502446642],[-118.55810435139294,34.1831604318743],[-118.55807636197825,34.183150984817175],[-118.5581019390601,34.183099260583326],[-118.55805912140686,34.18308461962802],[-118.55806571153296,34.1830712896354],[-118.5579653947708,34.18303701864998],[-118.557900831107,34.18316759507934]]]},"properties":{"building_pk":23693,"building_key":"lariac:392921889493","source_tile":"r04-c03","source_tile_ids":["r04-c03"],"source_bld_id":"392921889493","height_m":5.538,"receiver_ids":[161423,161424,161425,161426,161427,161428,161429,161430,161431],"receiver_keys":["r04-c03:expanded-facade-max4m:23693:0:1","r04-c03:expanded-facade-max4m:23693:0:10","r04-c03:expanded-facade-max4m:23693:0:11","r04-c03:expanded-facade-max4m:23693:0:12","r04-c03:expanded-facade-max4m:23693:0:13","r04-c03:expanded-facade-max4m:23693:0:3","r04-c03:expanded-facade-max4m:23693:0:4","r04-c03:expanded-facade-max4m:23693:0:5","r04-c03:expanded-facade-max4m:23693:0:9"],"receiver_count":9,"periods":{"D":{"min":48.98325,"max":59.554058,"receiver_count":9,"unavailable_count":0},"E":{"min":46.764763,"max":57.33557,"receiver_count":9,"unavailable_count":0},"N":{"min":41.99355,"max":52.56436,"receiver_count":9,"unavailable_count":0}}}},{"type":"Feature","id":"lariac:391728888534","geometry":{"type":"Polygon","coordinates":[[[-118.56202906025966,34.18054554782871],[-118.56202954311992,34.18046978607339],[-118.56196754509944,34.18046949717034],[-118.56196767520392,34.18044949128749],[-118.56197230417058,34.180449524773465],[-118.56197257878537,34.180406655945475],[-118.5618255049273,34.18040602027173],[-118.56182538623727,34.18042272825049],[-118.56178150908444,34.1804225480053],[-118.56178102394588,34.18050284363772],[-118.56181134437017,34.18050297777004],[-118.56181106243878,34.180544609711895],[-118.56202906025966,34.18054554782871]]]},"properties":{"building_pk":23734,"building_key":"lariac:391728888534","source_tile":"r04-c03","source_tile_ids":["r04-c03"],"source_bld_id":"391728888534","height_m":6.352,"receiver_ids":[161462,161463,161464,161465,161466,161467,161468,161469,161470,161471,161472,161473,161474,161475,161476,161477,161478],"receiver_keys":["r04-c03:expanded-facade-max4m:23734:0:1","r04-c03:expanded-facade-max4m:23734:0:11","r04-c03:expanded-facade-max4m:23734:0:12","r04-c03:expanded-facade-max4m:23734:0:13","r04-c03:expanded-facade-max4m:23734:0:15","r04-c03:expanded-facade-max4m:23734:0:16","r04-c03:expanded-facade-max4m:23734:0:17","r04-c03:expanded-facade-max4m:23734:0:18","r04-c03:expanded-facade-max4m:23734:0:19","r04-c03:expanded-facade-max4m:23734:0:2","r04-c03:expanded-facade-max4m:23734:0:20","r04-c03:expanded-facade-max4m:23734:0:3","r04-c03:expanded-facade-max4m:23734:0:5","r04-c03:expanded-facade-max4m:23734:0:6","r04-c03:expanded-facade-max4m:23734:0:7","r04-c03:expanded-facade-max4m:23734:0:8","r04-c03:expanded-facade-max4m:23734:0:9"],"receiver_count":17,"periods":{"D":{"min":57.64088,"max":69.43585,"receiver_count":17,"unavailable_count":0},"E":{"min":55.422394,"max":67.21736,"receiver_count":17,"unavailable_count":0},"N":{"min":50.651184,"max":62.446148,"receiver_count":17,"unavailable_count":0}}}},{"type":"Feature","id":"lariac:391905888326","geometry":{"type":"Polygon","coordinates":[[[-118.56122849522616,34.18001138934751],[-118.56126582287114,34.18000632434675],[-118.5612943926194,34.180021360250976],[-118.56133075637783,34.18001555863369],[-118.56135214661877,34.17999064523842],[-118.56134880403572,34.17997541022187],[-118.5613925030078,34.1799688046213],[-118.561411565263,34.17994178699721],[-118.56140542495876,34.1799137864738],[-118.56141642413252,34.179912114439716],[-118.56140885197073,34.17987766279815],[-118.56139866661091,34.179877271024345],[-118.56139943228261,34.17986336294585],[-118.56140674779226,34.179854782344684],[-118.56140426650795,34.179839708314404],[-118.56139345462664,34.1798348667189],[-118.56139057391196,34.17982443839927],[-118.56137066250531,34.17982824067695],[-118.56135859753735,34.179784467177804],[-118.56129123405118,34.17979731039256],[-118.5612832917359,34.179811086793244],[-118.56119289096542,34.17982521788622],[-118.56121585592449,34.17991667220708],[-118.56119972066011,34.17993631240118],[-118.56120523947845,34.179965304813095],[-118.56122020675302,34.179973644069285],[-118.56122849522616,34.18001138934751]]]},"properties":{"building_pk":23750,"building_key":"lariac:391905888326","source_tile":"r04-c03","source_tile_ids":["r03-c03","r04-c03"],"source_bld_id":"391905888326","height_m":11.784,"receiver_ids":[161491,161492,161493,161494,161495,161496,161497,161498,161508,161509,161510,161511],"receiver_keys":["r04-c03:expanded-facade-max4m:23750:0:1","r04-c03:expanded-facade-max4m:23750:0:19","r04-c03:expanded-facade-max4m:23750:0:2","r04-c03:expanded-facade-max4m:23750:0:20","r04-c03:expanded-facade-max4m:23750:0:21","r04-c03:expanded-facade-max4m:23750:0:22","r04-c03:expanded-facade-max4m:23750:0:3","r04-c03:expanded-facade-max4m:23750:0:4","r04-c03:expanded-facade-max4m:23750:0:5","r04-c03:expanded-facade-max4m:23750:0:6","r04-c03:expanded-facade-max4m:23750:0:7","r04-c03:expanded-facade-max4m:23750:0:8"],"receiver_count":12,"periods":{"D":{"min":50.436893,"max":64.69414,"receiver_count":12,"unavailable_count":0},"E":{"min":48.218407,"max":62.475655,"receiver_count":12,"unavailable_count":0},"N":{"min":43.447193,"max":57.70444,"receiver_count":12,"unavailable_count":0}}}},{"type":"Feature","id":"lariac:391731888753","geometry":{"type":"Polygon","coordinates":[[[-118.56182039560503,34.181160566649176],[-118.56193228510396,34.18116045885659],[-118.56193229525968,34.18116680658609],[-118.56198387433528,34.181166758962405],[-118.56198384032393,34.181161703257374],[-118.5619998104105,34.18116168404506],[-118.5619997288472,34.18111021613458],[-118.56198518087928,34.181110228738966],[-118.5619851740491,34.18110437594208],[-118.56195468963384,34.181104407597005],[-118.56195459720686,34.181056319628446],[-118.56196200406502,34.18105631226011],[-118.56196194564386,34.18101327999661],[-118.56181312420635,34.18101344938834],[-118.56181322188964,34.181082009610584],[-118.56182026427383,34.181082003943985],[-118.56182039560503,34.181160566649176]]]},"properties":{"building_pk":23752,"building_key":"lariac:391731888753","source_tile":"r04-c03","source_tile_ids":["r04-c03"],"source_bld_id":"391731888753","height_m":6.544,"receiver_ids":[161531,161532,161533,161534,161535,161536,161537,161538,161539,161540,161541,161542],"receiver_keys":["r04-c03:expanded-facade-max4m:23752:0:1","r04-c03:expanded-facade-max4m:23752:0:10","r04-c03:expanded-facade-max4m:23752:0:11","r04-c03:expanded-facade-max4m:23752:0:12","r04-c03:expanded-facade-max4m:23752:0:13","r04-c03:expanded-facade-max4m:23752:0:14","r04-c03:expanded-facade-max4m:23752:0:15","r04-c03:expanded-facade-max4m:23752:0:16","r04-c03:expanded-facade-max4m:23752:0:17","r04-c03:expanded-facade-max4m:23752:0:18","r04-c03:expanded-facade-max4m:23752:0:6","r04-c03:expanded-facade-max4m:23752:0:9"],"receiver_count":12,"periods":{"D":{"min":51.4718,"max":68.50513,"receiver_count":12,"unavailable_count":0},"E":{"min":49.253315,"max":66.28664,"receiver_count":12,"unavailable_count":0},"N":{"min":44.4821,"max":61.515427,"receiver_count":12,"unavailable_count":0}}}},{"type":"Feature","id":"lariac:390678889885","geometry":{"type":"Polygon","coordinates":[[[-118.5654051028067,34.184180609713124],[-118.56540663519377,34.18415730031701],[-118.56537342820134,34.184155943653074],[-118.56537220486709,34.184180037751325],[-118.5654051028067,34.184180609713124]]]},"properties":{"building_pk":23961,"building_key":"lariac:390678889885","source_tile":"r04-c03","source_tile_ids":["r04-c03"],"source_bld_id":"390678889885","height_m":4.621,"receiver_ids":[161731,161732,161733,161734],"receiver_keys":["r04-c03:expanded-facade-max4m:23961:0:1","r04-c03:expanded-facade-max4m:23961:0:2","r04-c03:expanded-facade-max4m:23961:0:3","r04-c03:expanded-facade-max4m:23961:0:4"],"receiver_count":4,"periods":{"D":{"min":54.797344,"max":59.754074,"receiver_count":4,"unavailable_count":0},"E":{"min":52.578857,"max":57.535587,"receiver_count":4,"unavailable_count":0},"N":{"min":47.807644,"max":52.764374,"receiver_count":4,"unavailable_count":0}}}},{"type":"Feature","id":"lariac:392469889620","geometry":{"type":"Polygon","coordinates":[[[-118.55948354962415,34.18351179734587],[-118.55949111758686,34.18349629093033],[-118.55951511051131,34.183504396619796],[-118.55952806077184,34.18347795661283],[-118.55950337085413,34.183469607126995],[-118.55951093809891,34.18345415660923],[-118.55944247096835,34.183430979062],[-118.55941435308593,34.183488402278144],[-118.55948354962415,34.18351179734587]]]},"properties":{"building_pk":23997,"building_key":"lariac:392469889620","source_tile":"r04-c03","source_tile_ids":["r04-c03"],"source_bld_id":"392469889620","height_m":3.484,"receiver_ids":[161757,161758,161759,161760,161761,161762,161763],"receiver_keys":["r04-c03:expanded-facade-max4m:23997:0:2","r04-c03:expanded-facade-max4m:23997:0:4","r04-c03:expanded-facade-max4m:23997:0:5","r04-c03:expanded-facade-max4m:23997:0:6","r04-c03:expanded-facade-max4m:23997:0:7","r04-c03:expanded-facade-max4m:23997:0:8","r04-c03:expanded-facade-max4m:23997:0:9"],"receiver_count":7,"periods":{"D":{"min":59.631737,"max":60.1,"receiver_count":7,"unavailable_count":0},"E":{"min":57.41325,"max":57.88151,"receiver_count":7,"unavailable_count":0},"N":{"min":52.642036,"max":53.1103,"receiver_count":7,"unavailable_count":0}}}},{"type":"Feature","id":"lariac:391724889982","geometry":{"type":"Polygon","coordinates":[[[-118.56196904600704,34.184482103736336],[-118.56196901233419,34.18442791564131],[-118.56189547445125,34.18442798232148],[-118.56189554152311,34.18448214321477],[-118.56196904600704,34.184482103736336]]]},"properties":{"building_pk":25037,"building_key":"lariac:391724889982","source_tile":"r04-c03","source_tile_ids":["r04-c03"],"source_bld_id":"391724889982","height_m":4.73,"receiver_ids":[163270,163271,163272,163273,163274,163275],"receiver_keys":["r04-c03:expanded-facade-max4m:25037:0:1","r04-c03:expanded-facade-max4m:25037:0:2","r04-c03:expanded-facade-max4m:25037:0:3","r04-c03:expanded-facade-max4m:25037:0:4","r04-c03:expanded-facade-max4m:25037:0:6","r04-c03:expanded-facade-max4m:25037:0:7"],"receiver_count":6,"periods":{"D":{"min":58.8305,"max":67.362305,"receiver_count":6,"unavailable_count":0},"E":{"min":56.61201,"max":65.143814,"receiver_count":6,"unavailable_count":0},"N":{"min":51.8408,"max":60.3726,"receiver_count":6,"unavailable_count":0}}}},{"type":"Feature","id":"lariac:393134889365","geometry":{"type":"Polygon","coordinates":[[[-118.55735782275518,34.1828881900989],[-118.55734211473386,34.182882986644636],[-118.55738601033019,34.18279144347522],[-118.55732520184857,34.18277133435965],[-118.5573368768241,34.182746988443746],[-118.55731487279623,34.18273969807301],[-118.55731712291167,34.18273501680248],[-118.55725190691606,34.18271344311558],[-118.55721342628885,34.18279372263486],[-118.5572144863242,34.18279407476294],[-118.5571963545053,34.18283191498055],[-118.55725169557125,34.18285023544352],[-118.55724324949485,34.18286783374011],[-118.55727363694321,34.182877888399766],[-118.55724356908733,34.18294062477754],[-118.55732048256341,34.18296607259944],[-118.55735782275518,34.1828881900989]]]},"properties":{"building_pk":25214,"building_key":"lariac:393134889365","source_tile":"r04-c03","source_tile_ids":["r04-c03"],"source_bld_id":"393134889365","height_m":8.111,"receiver_ids":[163393,163394,163395,163396,163397,163398,163399,163400,163401,163402,163403,163404,163405,163406,163407,163408],"receiver_keys":["r04-c03:expanded-facade-max4m:25214:0:10","r04-c03:expanded-facade-max4m:25214:0:11","r04-c03:expanded-facade-max4m:25214:0:12","r04-c03:expanded-facade-max4m:25214:0:14","r04-c03:expanded-facade-max4m:25214:0:15","r04-c03:expanded-facade-max4m:25214:0:16","r04-c03:expanded-facade-max4m:25214:0:17","r04-c03:expanded-facade-max4m:25214:0:18","r04-c03:expanded-facade-max4m:25214:0:19","r04-c03:expanded-facade-max4m:25214:0:2","r04-c03:expanded-facade-max4m:25214:0:20","r04-c03:expanded-facade-max4m:25214:0:3","r04-c03:expanded-facade-max4m:25214:0:4","r04-c03:expanded-facade-max4m:25214:0:6","r04-c03:expanded-facade-max4m:25214:0:7","r04-c03:expanded-facade-max4m:25214:0:8"],"receiver_count":16,"periods":{"D":{"min":47.52933,"max":59.84215,"receiver_count":16,"unavailable_count":0},"E":{"min":45.310844,"max":57.623665,"receiver_count":16,"unavailable_count":0},"N":{"min":40.53963,"max":52.85245,"receiver_count":16,"unavailable_count":0}}}},{"type":"Feature","id":"lariac:390523888374","geometry":{"type":"Polygon","coordinates":[[[-118.56604550342365,34.18003051646382],[-118.56600450493693,34.18002081568423],[-118.56601329115792,34.17999513643007],[-118.56601620526492,34.17999583771744],[-118.56602483069852,34.179970764151605],[-118.5659643259554,34.179956427846186],[-118.56597418276348,34.17992769365852],[-118.56595017280993,34.17992198022943],[-118.56595202088174,34.17991664074618],[-118.56594244981225,34.17991437757763],[-118.56597429017306,34.17982154074441],[-118.56590865162248,34.179805965371266],[-118.56591020805912,34.17980145126531],[-118.56587944229116,34.179794148455315],[-118.5658706238806,34.1798198828444],[-118.56589258029891,34.1798251109493],[-118.56587542787214,34.1798750655715],[-118.5658733080186,34.179874553495274],[-118.56585566990336,34.17992599523155],[-118.56585967691765,34.17992693753111],[-118.56585510462376,34.17994023146805],[-118.56582867741923,34.17993398028331],[-118.56582147991841,34.17995495323888],[-118.56586009471562,34.179964115290424],[-118.56585082057528,34.17999111577621],[-118.56582790390223,34.179985699225334],[-118.56581327976639,34.18002825114462],[-118.5660287402414,34.18007931530885],[-118.56604550342365,34.18003051646382]]]},"properties":{"building_pk":25586,"building_key":"lariac:390523888374","source_tile":"r04-c03","source_tile_ids":["r03-c03","r04-c03"],"source_bld_id":"390523888374","height_m":5.322,"receiver_ids":[163927,163928,163929,163930,163931,163932,163933,163938,163939,163940,163941,163942,163943,163944,163945,163946,163947,163948,163949,163950],"receiver_keys":["r04-c03:expanded-facade-max4m:25586:0:1","r04-c03:expanded-facade-max4m:25586:0:13","r04-c03:expanded-facade-max4m:25586:0:14","r04-c03:expanded-facade-max4m:25586:0:15","r04-c03:expanded-facade-max4m:25586:0:17","r04-c03:expanded-facade-max4m:25586:0:18","r04-c03:expanded-facade-max4m:25586:0:2","r04-c03:expanded-facade-max4m:25586:0:20","r04-c03:expanded-facade-max4m:25586:0:21","r04-c03:expanded-facade-max4m:25586:0:22","r04-c03:expanded-facade-max4m:25586:0:23","r04-c03:expanded-facade-max4m:25586:0:24","r04-c03:expanded-facade-max4m:25586:0:25","r04-c03:expanded-facade-max4m:25586:0:26","r04-c03:expanded-facade-max4m:25586:0:27","r04-c03:expanded-facade-max4m:25586:0:3","r04-c03:expanded-facade-max4m:25586:0:4","r04-c03:expanded-facade-max4m:25586:0:5","r04-c03:expanded-facade-max4m:25586:0:7","r04-c03:expanded-facade-max4m:25586:0:8"],"receiver_count":20,"periods":{"D":{"min":52.70264,"max":64.34362,"receiver_count":20,"unavailable_count":0},"E":{"min":50.484154,"max":62.125137,"receiver_count":20,"unavailable_count":0},"N":{"min":45.71294,"max":57.353924,"receiver_count":20,"unavailable_count":0}}}},{"type":"Feature","id":"lariac:390780890351","geometry":{"type":"Polygon","coordinates":[[[-118.56517189208594,34.185421586334876],[-118.56511611091474,34.18540703548585],[-118.56511422680688,34.18541204515865],[-118.56500965228022,34.185384752596285],[-118.56497434251219,34.1854782094059],[-118.5651032627001,34.185511846023445],[-118.56509764288545,34.18552671080801],[-118.56507376019813,34.18552047460829],[-118.5650764562496,34.18551329022263],[-118.56506429964962,34.18551010415871],[-118.56506118055133,34.18551841745169],[-118.56505376118598,34.18551647412312],[-118.56503157391509,34.185575162868616],[-118.56510646811354,34.18559470827258],[-118.56517189208594,34.185421586334876]]]},"properties":{"building_pk":25735,"building_key":"lariac:390780890351","source_tile":"r04-c03","source_tile_ids":["r04-c03"],"source_bld_id":"390780890351","height_m":4.682,"receiver_ids":[164068,164069,164070,164071,164072,164073,164074,164075,164076,164077,164078,164079,164080,164081,164082],"receiver_keys":["r04-c03:expanded-facade-max4m:25735:0:1","r04-c03:expanded-facade-max4m:25735:0:13","r04-c03:expanded-facade-max4m:25735:0:14","r04-c03:expanded-facade-max4m:25735:0:15","r04-c03:expanded-facade-max4m:25735:0:16","r04-c03:expanded-facade-max4m:25735:0:17","r04-c03:expanded-facade-max4m:25735:0:18","r04-c03:expanded-facade-max4m:25735:0:19","r04-c03:expanded-facade-max4m:25735:0:20","r04-c03:expanded-facade-max4m:25735:0:3","r04-c03:expanded-facade-max4m:25735:0:4","r04-c03:expanded-facade-max4m:25735:0:5","r04-c03:expanded-facade-max4m:25735:0:7","r04-c03:expanded-facade-max4m:25735:0:8","r04-c03:expanded-facade-max4m:25735:0:9"],"receiver_count":15,"periods":{"D":{"min":54.216526,"max":58.724125,"receiver_count":15,"unavailable_count":0},"E":{"min":51.99804,"max":56.50564,"receiver_count":15,"unavailable_count":0},"N":{"min":47.226826,"max":51.734425,"receiver_count":15,"unavailable_count":0}}}},{"type":"Feature","id":"lariac:390564890438","geometry":{"type":"Polygon","coordinates":[[[-118.56574112538142,34.185612158713525],[-118.56569473529086,34.185710036449954],[-118.56564098257435,34.18569245347425],[-118.56560854461311,34.185760863842205],[-118.56581331519499,34.185827888915405],[-118.56583985097511,34.18577189964243],[-118.56575726711712,34.18574483481084],[-118.56576385250014,34.18573095447344],[-118.56584799405053,34.18575847991515],[-118.56589014665292,34.185669579695805],[-118.56579109205592,34.185637123174274],[-118.56579464553941,34.185629686836585],[-118.56574112538142,34.185612158713525]]]},"properties":{"building_pk":26049,"building_key":"lariac:390564890438","source_tile":"r04-c03","source_tile_ids":["r04-c03"],"source_bld_id":"390564890438","height_m":4.666,"receiver_ids":[164560,164561,164562,164563,164564,164565,164566,164567,164568,164569,164570,164571,164572,164573,164574,164575],"receiver_keys":["r04-c03:expanded-facade-max4m:26049:0:1","r04-c03:expanded-facade-max4m:26049:0:10","r04-c03:expanded-facade-max4m:26049:0:11","r04-c03:expanded-facade-max4m:26049:0:12","r04-c03:expanded-facade-max4m:26049:0:13","r04-c03:expanded-facade-max4m:26049:0:19","r04-c03:expanded-facade-max4m:26049:0:2","r04-c03:expanded-facade-max4m:26049:0:20","r04-c03:expanded-facade-max4m:26049:0:21","r04-c03:expanded-facade-max4m:26049:0:22","r04-c03:expanded-facade-max4m:26049:0:23","r04-c03:expanded-facade-max4m:26049:0:3","r04-c03:expanded-facade-max4m:26049:0:4","r04-c03:expanded-facade-max4m:26049:0:7","r04-c03:expanded-facade-max4m:26049:0:8","r04-c03:expanded-facade-max4m:26049:0:9"],"receiver_count":16,"periods":{"D":{"min":56.86209,"max":62.161266,"receiver_count":16,"unavailable_count":0},"E":{"min":54.643604,"max":59.94278,"receiver_count":16,"unavailable_count":0},"N":{"min":49.87239,"max":55.171566,"receiver_count":16,"unavailable_count":0}}}},{"type":"Feature","id":"lariac:201700286275","geometry":{"type":"Polygon","coordinates":[[[-118.56343049983037,34.18052366678386],[-118.56345748709063,34.18052964181385],[-118.56347312732976,34.1804807385757],[-118.56346087506525,34.18047804774827],[-118.56349260923056,34.180378837252924],[-118.56350635088798,34.18038185110313],[-118.56351211547283,34.18036385284999],[-118.56350595572147,34.1803625075951],[-118.56351499000047,34.18033424444447],[-118.5635194941964,34.18033524040083],[-118.56352321780687,34.1803235994338],[-118.5634435796689,34.18030599907117],[-118.56341602372792,34.18039213662199],[-118.56333542534078,34.18037434863214],[-118.5633274159603,34.180399372252545],[-118.56329037786047,34.18039107925264],[-118.56328002271295,34.18042311248751],[-118.56331700132745,34.1804319124359],[-118.56331042722248,34.18045245049552],[-118.5633208575869,34.1804547378179],[-118.56330858549204,34.180493183656594],[-118.56343156884635,34.18052036485429],[-118.56343049983037,34.18052366678386]]]},"properties":{"building_pk":26879,"building_key":"lariac:201700286275","source_tile":"r04-c03","source_tile_ids":["r04-c03"],"source_bld_id":"201700286275","height_m":5.136,"receiver_ids":[165493,165494,165495,165496],"receiver_keys":["r04-c03:expanded-facade-max4m:26879:0:15","r04-c03:expanded-facade-max4m:26879:0:17","r04-c03:expanded-facade-max4m:26879:0:18","r04-c03:expanded-facade-max4m:26879:0:20"],"receiver_count":4,"periods":{"D":{"min":59.19676,"max":64.04174,"receiver_count":4,"unavailable_count":0},"E":{"min":56.97827,"max":61.823257,"receiver_count":4,"unavailable_count":0},"N":{"min":52.207058,"max":57.052044,"receiver_count":4,"unavailable_count":0}}}},{"type":"Feature","id":"lariac:201700286298","geometry":{"type":"Polygon","coordinates":[[[-118.56336348031945,34.18079281063218],[-118.56343381332421,34.18080746758032],[-118.56344370984955,34.180774667450954],[-118.56344626376172,34.18077520008628],[-118.56345463764595,34.18074744488201],[-118.56345190992582,34.18074687609321],[-118.56345481193014,34.18073725841645],[-118.56339717138762,34.18072524608991],[-118.56341378123885,34.18067019341332],[-118.56342527761933,34.18067258935555],[-118.5634353470844,34.18063921594023],[-118.56343192521874,34.180638502531394],[-118.56343840830174,34.18061701646392],[-118.56344271550435,34.180617914170995],[-118.5634461363802,34.18060657933887],[-118.56333405248677,34.18058322042575],[-118.56330292720205,34.180686378612116],[-118.5632163538866,34.180668312745816],[-118.56319754852927,34.1807306384634],[-118.5631897423298,34.18072901146323],[-118.56318441149385,34.180746677715454],[-118.56319328335664,34.1807485260414],[-118.56318910593086,34.18076237338836],[-118.5632273243833,34.18077033817028],[-118.5632285658325,34.1807662231477],[-118.56332326141225,34.1807859577999],[-118.5633261782848,34.18077629047212],[-118.56336596321108,34.18078458148582],[-118.56336348031945,34.18079281063218]]]},"properties":{"building_pk":26880,"building_key":"lariac:201700286298","source_tile":"r04-c03","source_tile_ids":["r04-c03"],"source_bld_id":"201700286298","height_m":5.249,"receiver_ids":[165497,165498,165499,165500,165501,165502,165503,165504,165505,165506,165507],"receiver_keys":["r04-c03:expanded-facade-max4m:26880:0:13","r04-c03:expanded-facade-max4m:26880:0:14","r04-c03:expanded-facade-max4m:26880:0:15","r04-c03:expanded-facade-max4m:26880:0:16","r04-c03:expanded-facade-max4m:26880:0:17","r04-c03:expanded-facade-max4m:26880:0:18","r04-c03:expanded-facade-max4m:26880:0:19","r04-c03:expanded-facade-max4m:26880:0:20","r04-c03:expanded-facade-max4m:26880:0:21","r04-c03:expanded-facade-max4m:26880:0:22","r04-c03:expanded-facade-max4m:26880:0:23"],"receiver_count":11,"periods":{"D":{"min":55.798027,"max":64.26509,"receiver_count":11,"unavailable_count":0},"E":{"min":53.57954,"max":62.046608,"receiver_count":11,"unavailable_count":0},"N":{"min":48.808327,"max":57.275394,"receiver_count":11,"unavailable_count":0}}}},{"type":"Feature","id":"lariac:201700286479","geometry":{"type":"Polygon","coordinates":[[[-118.55978463230367,34.1828319792539],[-118.55982898169835,34.18283299557858],[-118.5598312775698,34.18280230268187],[-118.55988973355295,34.18280296158848],[-118.55989024853476,34.18277119327781],[-118.55989362146215,34.18277123265825],[-118.55989414346034,34.18274067328647],[-118.55988954799555,34.182740639565324],[-118.55989003966333,34.182710410299336],[-118.55982909596392,34.18270970340596],[-118.55982935826754,34.18269461664482],[-118.5597497653219,34.182693693111496],[-118.55974800692874,34.18280136461552],[-118.55978420966692,34.182801772251075],[-118.55978463230367,34.1828319792539]]]},"properties":{"building_pk":26890,"building_key":"lariac:201700286479","source_tile":"r04-c03","source_tile_ids":["r04-c03"],"source_bld_id":"201700286479","height_m":4.618,"receiver_ids":[165508,165509,165510,165511,165512,165513,165514,165515,165516,165517,165518,165519,165520],"receiver_keys":["r04-c03:expanded-facade-max4m:26890:0:10","r04-c03:expanded-facade-max4m:26890:0:11","r04-c03:expanded-facade-max4m:26890:0:12","r04-c03:expanded-facade-max4m:26890:0:13","r04-c03:expanded-facade-max4m:26890:0:14","r04-c03:expanded-facade-max4m:26890:0:15","r04-c03:expanded-facade-max4m:26890:0:2","r04-c03:expanded-facade-max4m:26890:0:3","r04-c03:expanded-facade-max4m:26890:0:4","r04-c03:expanded-facade-max4m:26890:0:5","r04-c03:expanded-facade-max4m:26890:0:6","r04-c03:expanded-facade-max4m:26890:0:7","r04-c03:expanded-facade-max4m:26890:0:9"],"receiver_count":13,"periods":{"D":{"min":51.324207,"max":60.19801,"receiver_count":13,"unavailable_count":0},"E":{"min":49.10572,"max":57.979523,"receiver_count":13,"unavailable_count":0},"N":{"min":44.33451,"max":53.20831,"receiver_count":13,"unavailable_count":0}}}},{"type":"Feature","id":"lariac:391823890354","geometry":{"type":"Polygon","coordinates":[[[-118.56165831044028,34.18552690305928],[-118.5616580825989,34.18550786078672],[-118.56165398310829,34.18550787982303],[-118.56165336756663,34.18545069859704],[-118.56165892178133,34.18545067280561],[-118.56165835374694,34.18539571727313],[-118.56151984692296,34.18539671737643],[-118.56152051591997,34.18546170302764],[-118.56147845757334,34.185462007361465],[-118.56147907004431,34.18551874954977],[-118.56157604808323,34.185518051402816],[-118.56157614526487,34.1855275045502],[-118.56165831044028,34.18552690305928]]]},"properties":{"building_pk":31039,"building_key":"lariac:391823890354","source_tile":"r04-c03","source_tile_ids":["r04-c03"],"source_bld_id":"391823890354","height_m":6.16,"receiver_ids":[166946,166947,166948,166949,166950,166951,166952,166953,166954,166955],"receiver_keys":["r04-c03:expanded-facade-max4m:31039:0:13","r04-c03:expanded-facade-max4m:31039:0:14","r04-c03:expanded-facade-max4m:31039:0:15","r04-c03:expanded-facade-max4m:31039:0:16","r04-c03:expanded-facade-max4m:31039:0:3","r04-c03:expanded-facade-max4m:31039:0:4","r04-c03:expanded-facade-max4m:31039:0:5","r04-c03:expanded-facade-max4m:31039:0:6","r04-c03:expanded-facade-max4m:31039:0:7","r04-c03:expanded-facade-max4m:31039:0:8"],"receiver_count":10,"periods":{"D":{"min":50.60654,"max":59.541332,"receiver_count":10,"unavailable_count":0},"E":{"min":48.388054,"max":57.322845,"receiver_count":10,"unavailable_count":0},"N":{"min":43.61684,"max":52.551632,"receiver_count":10,"unavailable_count":0}}}},{"type":"Feature","id":"lariac:391324890519","geometry":{"type":"Polygon","coordinates":[[[-118.56334150987043,34.18600806597456],[-118.56334113106041,34.18597152091278],[-118.56334847180977,34.18597145877522],[-118.5633475392299,34.185882239025595],[-118.56334191791105,34.18588229225335],[-118.56334172850616,34.18586401972241],[-118.56336186910454,34.185863920506705],[-118.56336170301378,34.18580261803192],[-118.56326778040479,34.18580327813702],[-118.56326842465892,34.18586455314168],[-118.56327877340249,34.18586444995402],[-118.56327895557162,34.18588165148333],[-118.56324618844997,34.18588191406309],[-118.56324611477064,34.18587581365203],[-118.56317929140286,34.18587628979302],[-118.56318033860771,34.18597771051764],[-118.56328816187136,34.1859769334565],[-118.56328847420991,34.1860084509122],[-118.56334150987043,34.18600806597456]]]},"properties":{"building_pk":31047,"building_key":"lariac:391324890519","source_tile":"r04-c03","source_tile_ids":["r04-c03"],"source_bld_id":"391324890519","height_m":4.225,"receiver_ids":[166956,166957,166958,166959,166960,166961,166962],"receiver_keys":["r04-c03:expanded-facade-max4m:31047:0:10","r04-c03:expanded-facade-max4m:31047:0:13","r04-c03:expanded-facade-max4m:31047:0:14","r04-c03:expanded-facade-max4m:31047:0:18","r04-c03:expanded-facade-max4m:31047:0:19","r04-c03:expanded-facade-max4m:31047:0:20","r04-c03:expanded-facade-max4m:31047:0:9"],"receiver_count":7,"periods":{"D":{"min":59.558147,"max":60.840157,"receiver_count":7,"unavailable_count":0},"E":{"min":57.33966,"max":58.62167,"receiver_count":7,"unavailable_count":0},"N":{"min":52.568447,"max":53.850456,"receiver_count":7,"unavailable_count":0}}}},{"type":"Feature","id":"lariac:391430890050","geometry":{"type":"Polygon","coordinates":[[[-118.56291324374483,34.18468938500749],[-118.56295348095203,34.18461030534969],[-118.56289455110596,34.18458958534109],[-118.56285428022426,34.184668665135725],[-118.56291324374483,34.18468938500749]]]},"properties":{"building_pk":31063,"building_key":"lariac:391430890050","source_tile":"r04-c03","source_tile_ids":["r04-c03"],"source_bld_id":"391430890050","height_m":4.136,"receiver_ids":[166977,166978,166979,166980,166981,166982,166983],"receiver_keys":["r04-c03:expanded-facade-max4m:31063:0:2","r04-c03:expanded-facade-max4m:31063:0:3","r04-c03:expanded-facade-max4m:31063:0:4","r04-c03:expanded-facade-max4m:31063:0:5","r04-c03:expanded-facade-max4m:31063:0:6","r04-c03:expanded-facade-max4m:31063:0:7","r04-c03:expanded-facade-max4m:31063:0:8"],"receiver_count":7,"periods":{"D":{"min":58.215076,"max":61.86605,"receiver_count":7,"unavailable_count":0},"E":{"min":55.996586,"max":59.647564,"receiver_count":7,"unavailable_count":0},"N":{"min":51.225376,"max":54.87635,"receiver_count":7,"unavailable_count":0}}}},{"type":"Feature","id":"lariac:391515889113","geometry":{"type":"Polygon","coordinates":[[[-118.56255756296456,34.18212259183655],[-118.56271894953716,34.18212211605542],[-118.5627185427048,34.18202258830218],[-118.56267516356547,34.18202270807775],[-118.56267504711803,34.18200058831601],[-118.56269531518852,34.18200054811589],[-118.56269511699553,34.18195630843085],[-118.56267544356155,34.18195637200944],[-118.56267542079644,34.18195299222383],[-118.56255682029521,34.181953351890456],[-118.56255756296456,34.18212259183655]]]},"properties":{"building_pk":31137,"building_key":"lariac:391515889113","source_tile":"r04-c03","source_tile_ids":["r04-c03"],"source_bld_id":"391515889113","height_m":4.837,"receiver_ids":[167149,167150,167151,167152,167153,167154,167155,167156,167157,167158,167159,167160,167161,167162,167163,167164],"receiver_keys":["r04-c03:expanded-facade-max4m:31137:0:1","r04-c03:expanded-facade-max4m:31137:0:10","r04-c03:expanded-facade-max4m:31137:0:11","r04-c03:expanded-facade-max4m:31137:0:12","r04-c03:expanded-facade-max4m:31137:0:13","r04-c03:expanded-facade-max4m:31137:0:14","r04-c03:expanded-facade-max4m:31137:0:15","r04-c03:expanded-facade-max4m:31137:0:16","r04-c03:expanded-facade-max4m:31137:0:17","r04-c03:expanded-facade-max4m:31137:0:18","r04-c03:expanded-facade-max4m:31137:0:2","r04-c03:expanded-facade-max4m:31137:0:3","r04-c03:expanded-facade-max4m:31137:0:4","r04-c03:expanded-facade-max4m:31137:0:5","r04-c03:expanded-facade-max4m:31137:0:6","r04-c03:expanded-facade-max4m:31137:0:7"],"receiver_count":16,"periods":{"D":{"min":56.017925,"max":67.14574,"receiver_count":16,"unavailable_count":0},"E":{"min":53.79944,"max":64.927246,"receiver_count":16,"unavailable_count":0},"N":{"min":49.028225,"max":60.156036,"receiver_count":16,"unavailable_count":0}}}},{"type":"Feature","id":"lariac:390123888364","geometry":{"type":"Polygon","coordinates":[[[-118.56709776486144,34.18011371314175],[-118.56710813184188,34.18008236559336],[-118.56711763604646,34.18008451899491],[-118.56712385633699,34.18006569441698],[-118.56717088018677,34.180076410551365],[-118.56717055624597,34.180077429013274],[-118.56724350949997,34.18009406838078],[-118.56729097206201,34.17995037749859],[-118.56707280896849,34.1799005913173],[-118.56702816477866,34.18003572315366],[-118.56701601170391,34.18003295018054],[-118.566996961434,34.1800907185375],[-118.56709776486144,34.18011371314175]]]},"properties":{"building_pk":31149,"building_key":"lariac:390123888364","source_tile":"r04-c03","source_tile_ids":["r04-c03"],"source_bld_id":"390123888364","height_m":4.871,"receiver_ids":[167165,167166,167167,167168,167169,167170,167171,167172,167173,167174,167175,167176,167177,167178,167179,167180,167181,167182,167183,167184,167185],"receiver_keys":["r04-c03:expanded-facade-max4m:31149:0:1","r04-c03:expanded-facade-max4m:31149:0:10","r04-c03:expanded-facade-max4m:31149:0:11","r04-c03:expanded-facade-max4m:31149:0:12","r04-c03:expanded-facade-max4m:31149:0:13","r04-c03:expanded-facade-max4m:31149:0:14","r04-c03:expanded-facade-max4m:31149:0:15","r04-c03:expanded-facade-max4m:31149:0:16","r04-c03:expanded-facade-max4m:31149:0:17","r04-c03:expanded-facade-max4m:31149:0:18","r04-c03:expanded-facade-max4m:31149:0:20","r04-c03:expanded-facade-max4m:31149:0:21","r04-c03:expanded-facade-max4m:31149:0:22","r04-c03:expanded-facade-max4m:31149:0:23","r04-c03:expanded-facade-max4m:31149:0:3","r04-c03:expanded-facade-max4m:31149:0:4","r04-c03:expanded-facade-max4m:31149:0:5","r04-c03:expanded-facade-max4m:31149:0:6","r04-c03:expanded-facade-max4m:31149:0:7","r04-c03:expanded-facade-max4m:31149:0:8","r04-c03:expanded-facade-max4m:31149:0:9"],"receiver_count":21,"periods":{"D":{"min":64.38188,"max":69.36125,"receiver_count":21,"unavailable_count":0},"E":{"min":62.163395,"max":67.14276,"receiver_count":21,"unavailable_count":0},"N":{"min":57.39218,"max":62.37155,"receiver_count":21,"unavailable_count":0}}}},{"type":"Feature","id":"lariac:391501889668","geometry":{"type":"Polygon","coordinates":[[[-118.56279849132562,34.18363697324623],[-118.56279836709751,34.18358407658286],[-118.56273435274413,34.18358418240402],[-118.56273425252736,34.183544667258936],[-118.56273087993782,34.18354468295019],[-118.56273065377687,34.1834571629322],[-118.56265853927425,34.183457279353654],[-118.56265869789942,34.183524959388706],[-118.56266345900978,34.18352493724003],[-118.56266351616048,34.183548239203226],[-118.56253128921065,34.18354844224706],[-118.56253149464582,34.18363774832119],[-118.56254230705795,34.183637753027256],[-118.56254237486094,34.183657648002956],[-118.56258539181717,34.18365758495784],[-118.56258535522795,34.1836373328252],[-118.56279849132562,34.18363697324623]]]},"properties":{"building_pk":31161,"building_key":"lariac:391501889668","source_tile":"r04-c03","source_tile_ids":["r04-c03"],"source_bld_id":"391501889668","height_m":4.005,"receiver_ids":[167241,167242,167243,167244,167245,167246,167247,167248,167249,167250,167251,167252,167253,167254,167255,167256,167257,167258,167259,167260,167261,167262,167263],"receiver_keys":["r04-c03:expanded-facade-max4m:31161:0:1","r04-c03:expanded-facade-max4m:31161:0:10","r04-c03:expanded-facade-max4m:31161:0:11","r04-c03:expanded-facade-max4m:31161:0:12","r04-c03:expanded-facade-max4m:31161:0:13","r04-c03:expanded-facade-max4m:31161:0:14","r04-c03:expanded-facade-max4m:31161:0:15","r04-c03:expanded-facade-max4m:31161:0:16","r04-c03:expanded-facade-max4m:31161:0:17","r04-c03:expanded-facade-max4m:31161:0:18","r04-c03:expanded-facade-max4m:31161:0:19","r04-c03:expanded-facade-max4m:31161:0:2","r04-c03:expanded-facade-max4m:31161:0:20","r04-c03:expanded-facade-max4m:31161:0:21","r04-c03:expanded-facade-max4m:31161:0:22","r04-c03:expanded-facade-max4m:31161:0:23","r04-c03:expanded-facade-max4m:31161:0:24","r04-c03:expanded-facade-max4m:31161:0:3","r04-c03:expanded-facade-max4m:31161:0:4","r04-c03:expanded-facade-max4m:31161:0:5","r04-c03:expanded-facade-max4m:31161:0:6","r04-c03:expanded-facade-max4m:31161:0:7","r04-c03:expanded-facade-max4m:31161:0:9"],"receiver_count":23,"periods":{"D":{"min":61.421806,"max":67.44881,"receiver_count":23,"unavailable_count":0},"E":{"min":59.20332,"max":65.230316,"receiver_count":23,"unavailable_count":0},"N":{"min":54.432106,"max":60.459106,"receiver_count":23,"unavailable_count":0}}}},{"type":"Feature","id":"lariac:390832890507","geometry":{"type":"Polygon","coordinates":[[[-118.56483343558695,34.185945875899414],[-118.56483081549001,34.18595932476069],[-118.56488535806993,34.18596665474305],[-118.56489072575243,34.18593904059583],[-118.56499868591673,34.18595353985256],[-118.5650170918818,34.185858815994415],[-118.56485432445137,34.18583696007166],[-118.56485620898388,34.18582719655452],[-118.56479428615972,34.18581888498064],[-118.56477121397535,34.18593750981286],[-118.56483343558695,34.185945875899414]]]},"properties":{"building_pk":31200,"building_key":"lariac:390832890507","source_tile":"r04-c03","source_tile_ids":["r04-c03"],"source_bld_id":"390832890507","height_m":4.331,"receiver_ids":[167269,167270,167271,167272,167273,167274],"receiver_keys":["r04-c03:expanded-facade-max4m:31200:0:10","r04-c03:expanded-facade-max4m:31200:0:11","r04-c03:expanded-facade-max4m:31200:0:13","r04-c03:expanded-facade-max4m:31200:0:7","r04-c03:expanded-facade-max4m:31200:0:8","r04-c03:expanded-facade-max4m:31200:0:9"],"receiver_count":6,"periods":{"D":{"min":56.874702,"max":59.604256,"receiver_count":6,"unavailable_count":0},"E":{"min":54.656216,"max":57.38577,"receiver_count":6,"unavailable_count":0},"N":{"min":49.885006,"max":52.614555,"receiver_count":6,"unavailable_count":0}}}},{"type":"Feature","id":"lariac:391731890292","geometry":{"type":"Polygon","coordinates":[[[-118.56200056072821,34.18533774059547],[-118.5620009865506,34.185278163634806],[-118.56188469001157,34.18527757701321],[-118.56188426429425,34.185337181920474],[-118.56200056072821,34.18533774059547]]]},"properties":{"building_pk":31341,"building_key":"lariac:391731890292","source_tile":"r04-c03","source_tile_ids":["r04-c03"],"source_bld_id":"391731890292","height_m":5.316,"receiver_ids":[167453,167454,167455,167456,167457,167458],"receiver_keys":["r04-c03:expanded-facade-max4m:31341:0:1","r04-c03:expanded-facade-max4m:31341:0:3","r04-c03:expanded-facade-max4m:31341:0:4","r04-c03:expanded-facade-max4m:31341:0:5","r04-c03:expanded-facade-max4m:31341:0:6","r04-c03:expanded-facade-max4m:31341:0:7"],"receiver_count":6,"periods":{"D":{"min":51.734802,"max":61.524284,"receiver_count":6,"unavailable_count":0},"E":{"min":49.516315,"max":59.305798,"receiver_count":6,"unavailable_count":0},"N":{"min":44.745102,"max":54.534584,"receiver_count":6,"unavailable_count":0}}}},{"type":"Feature","id":"lariac:392009889805","geometry":{"type":"Polygon","coordinates":[[[-118.56103258067282,34.18395975607561],[-118.56096614298225,34.18393714966661],[-118.56094060088124,34.18398901138603],[-118.56100713930883,34.18401175167219],[-118.56103258067282,34.18395975607561]]]},"properties":{"building_pk":31387,"building_key":"lariac:392009889805","source_tile":"r04-c03","source_tile_ids":["r04-c03"],"source_bld_id":"392009889805","height_m":4.481,"receiver_ids":[167649,167650,167651,167652,167653,167654,167655],"receiver_keys":["r04-c03:expanded-facade-max4m:31387:0:1","r04-c03:expanded-facade-max4m:31387:0:2","r04-c03:expanded-facade-max4m:31387:0:3","r04-c03:expanded-facade-max4m:31387:0:4","r04-c03:expanded-facade-max4m:31387:0:5","r04-c03:expanded-facade-max4m:31387:0:6","r04-c03:expanded-facade-max4m:31387:0:7"],"receiver_count":7,"periods":{"D":{"min":53.148094,"max":60.9539,"receiver_count":7,"unavailable_count":0},"E":{"min":50.929607,"max":58.735413,"receiver_count":7,"unavailable_count":0},"N":{"min":46.158394,"max":53.9642,"receiver_count":7,"unavailable_count":0}}}},{"type":"Feature","id":"lariac:393158889549","geometry":{"type":"Polygon","coordinates":[[[-118.55711952801629,34.18331526957042],[-118.55710876042174,34.18333678043547],[-118.557207388891,34.18337083993243],[-118.55721815736295,34.1833493011066],[-118.55722972330099,34.18335331468919],[-118.55728379135616,34.1832451552048],[-118.5572065714366,34.18321852684528],[-118.55719531382496,34.18324105601632],[-118.55718444399669,34.18323731419482],[-118.55718966481935,34.183226848454815],[-118.55713355611898,34.183207486608154],[-118.55708555796883,34.1833035274534],[-118.55711952801629,34.18331526957042]]]},"properties":{"building_pk":31418,"building_key":"lariac:393158889549","source_tile":"r04-c03","source_tile_ids":["r04-c03"],"source_bld_id":"393158889549","height_m":5.947,"receiver_ids":[167699,167700,167701,167702,167703],"receiver_keys":["r04-c03:expanded-facade-max4m:31418:0:10","r04-c03:expanded-facade-max4m:31418:0:12","r04-c03:expanded-facade-max4m:31418:0:13","r04-c03:expanded-facade-max4m:31418:0:8","r04-c03:expanded-facade-max4m:31418:0:9"],"receiver_count":5,"periods":{"D":{"min":56.875404,"max":59.208824,"receiver_count":5,"unavailable_count":0},"E":{"min":54.656918,"max":56.990337,"receiver_count":5,"unavailable_count":0},"N":{"min":49.885704,"max":52.219124,"receiver_count":5,"unavailable_count":0}}}},{"type":"Feature","id":"lariac:390397889926","geometry":{"type":"Polygon","coordinates":[[[-118.56641974201095,34.18432988322631],[-118.56642037808648,34.18423826434123],[-118.56621162781781,34.184237235809526],[-118.56621104978022,34.18432272661929],[-118.56616217778557,34.18432248749231],[-118.56616179578171,34.184378327371945],[-118.56622987971016,34.184378667688435],[-118.5662302118447,34.18433500250568],[-118.56626450220581,34.18433517103562],[-118.56626455994618,34.18432912590603],[-118.56641974201095,34.18432988322631]]]},"properties":{"building_pk":31588,"building_key":"lariac:390397889926","source_tile":"r04-c03","source_tile_ids":["r04-c03"],"source_bld_id":"390397889926","height_m":4.426,"receiver_ids":[167944,167945],"receiver_keys":["r04-c03:expanded-facade-max4m:31588:0:12","r04-c03:expanded-facade-max4m:31588:0:13"],"receiver_count":2,"periods":{"D":{"min":58.737392,"max":58.933987,"receiver_count":2,"unavailable_count":0},"E":{"min":56.518906,"max":56.7155,"receiver_count":2,"unavailable_count":0},"N":{"min":51.747692,"max":51.944286,"receiver_count":2,"unavailable_count":0}}}},{"type":"Feature","id":"lariac:391361889613","geometry":{"type":"Polygon","coordinates":[[[-118.56314341411874,34.183453290885225],[-118.56314324392538,34.183418228795446],[-118.56310846004945,34.18341833574961],[-118.56310863022821,34.18345339783946],[-118.56314341411874,34.183453290885225]]]},"properties":{"building_pk":31600,"building_key":"lariac:391361889613","source_tile":"r04-c03","source_tile_ids":["r04-c03"],"source_bld_id":"391361889613","height_m":3.371,"receiver_ids":[167956,167957,167958,167959],"receiver_keys":["r04-c03:expanded-facade-max4m:31600:0:1","r04-c03:expanded-facade-max4m:31600:0:2","r04-c03:expanded-facade-max4m:31600:0:3","r04-c03:expanded-facade-max4m:31600:0:4"],"receiver_count":4,"periods":{"D":{"min":61.22499,"max":62.02392,"receiver_count":4,"unavailable_count":0},"E":{"min":59.006504,"max":59.805428,"receiver_count":4,"unavailable_count":0},"N":{"min":54.23529,"max":55.034218,"receiver_count":4,"unavailable_count":0}}}},{"type":"Feature","id":"lariac:392958889414","geometry":{"type":"Polygon","coordinates":[[[-118.55786101628141,34.18294909917022],[-118.55788389360076,34.18289903726172],[-118.55781891554544,34.182878534718284],[-118.55779603819869,34.18292859751596],[-118.55786101628141,34.18294909917022]]]},"properties":{"building_pk":31691,"building_key":"lariac:392958889414","source_tile":"r04-c03","source_tile_ids":["r04-c03"],"source_bld_id":"392958889414","height_m":4.621,"receiver_ids":[167967,167968,167969,167970,167971,167972,167973],"receiver_keys":["r04-c03:expanded-facade-max4m:31691:0:1","r04-c03:expanded-facade-max4m:31691:0:2","r04-c03:expanded-facade-max4m:31691:0:3","r04-c03:expanded-facade-max4m:31691:0:4","r04-c03:expanded-facade-max4m:31691:0:5","r04-c03:expanded-facade-max4m:31691:0:6","r04-c03:expanded-facade-max4m:31691:0:7"],"receiver_count":7,"periods":{"D":{"min":51.615337,"max":59.652294,"receiver_count":7,"unavailable_count":0},"E":{"min":49.39685,"max":57.433807,"receiver_count":7,"unavailable_count":0},"N":{"min":44.625637,"max":52.662594,"receiver_count":7,"unavailable_count":0}}}},{"type":"Feature","id":"lariac:391685890291","geometry":{"type":"Polygon","coordinates":[[[-118.5620911094823,34.18536391991208],[-118.56209021897574,34.18527623799936],[-118.56201640418989,34.185274602116685],[-118.56202285984541,34.18528053493717],[-118.56202503417447,34.185284289685],[-118.56202596912483,34.18529055107701],[-118.56202769574736,34.185291614089195],[-118.56202923938449,34.18529498680788],[-118.56203232092714,34.18530088031203],[-118.56203601726463,34.185304792969966],[-118.5620412318848,34.1853081486304],[-118.56204168790833,34.18531207634518],[-118.56204431934889,34.185314922014456],[-118.56204842844421,34.18531633186879],[-118.56205211865569,34.18531917261794],[-118.56205343624812,34.18532345334081],[-118.56205713126428,34.185327008091],[-118.56206263815648,34.185329785403674],[-118.56207110219621,34.18534931139683],[-118.56207459020956,34.185356604011666],[-118.56207917989917,34.18536059455741],[-118.56208515127953,34.18536339765847],[-118.5620911094823,34.18536391991208]]]},"properties":{"building_pk":31703,"building_key":"lariac:391685890291","source_tile":"r04-c03","source_tile_ids":["r04-c03"],"source_bld_id":"391685890291","height_m":4.209,"receiver_ids":[167974,167975,167976,167977,167978,167979,167980],"receiver_keys":["r04-c03:expanded-facade-max4m:31703:0:1","r04-c03:expanded-facade-max4m:31703:0:2","r04-c03:expanded-facade-max4m:31703:0:3","r04-c03:expanded-facade-max4m:31703:0:5","r04-c03:expanded-facade-max4m:31703:0:6","r04-c03:expanded-facade-max4m:31703:0:7","r04-c03:expanded-facade-max4m:31703:0:8"],"receiver_count":7,"periods":{"D":{"min":61.264427,"max":70.49771,"receiver_count":7,"unavailable_count":0},"E":{"min":59.045937,"max":68.27922,"receiver_count":7,"unavailable_count":0},"N":{"min":54.274727,"max":63.50801,"receiver_count":7,"unavailable_count":0}}}},{"type":"Feature","id":"lariac:391317888966","geometry":{"type":"Polygon","coordinates":[[[-118.56313918071004,34.18161374711666],[-118.56313872202881,34.18170759105398],[-118.56327614126653,34.18170805012835],[-118.5632761303098,34.18171623891112],[-118.56331045195043,34.181716381081564],[-118.56331023267084,34.18175738075606],[-118.56339306176292,34.18175765488499],[-118.56339336527718,34.18169489062363],[-118.56338863644321,34.181694857656986],[-118.56338893363986,34.18163099534341],[-118.56333255797692,34.18163081798112],[-118.56333264478242,34.18161441306688],[-118.56313918071004,34.18161374711666]]]},"properties":{"building_pk":31732,"building_key":"lariac:391317888966","source_tile":"r04-c03","source_tile_ids":["r04-c03"],"source_bld_id":"391317888966","height_m":5.236,"receiver_ids":[167985,167986,167987,167988,167989,167990,167991,167992,167993,167994,167995,167996],"receiver_keys":["r04-c03:expanded-facade-max4m:31732:0:1","r04-c03:expanded-facade-max4m:31732:0:17","r04-c03:expanded-facade-max4m:31732:0:18","r04-c03:expanded-facade-max4m:31732:0:19","r04-c03:expanded-facade-max4m:31732:0:2","r04-c03:expanded-facade-max4m:31732:0:20","r04-c03:expanded-facade-max4m:31732:0:3","r04-c03:expanded-facade-max4m:31732:0:4","r04-c03:expanded-facade-max4m:31732:0:5","r04-c03:expanded-facade-max4m:31732:0:6","r04-c03:expanded-facade-max4m:31732:0:7","r04-c03:expanded-facade-max4m:31732:0:8"],"receiver_count":12,"periods":{"D":{"min":51.35128,"max":62.31747,"receiver_count":12,"unavailable_count":0},"E":{"min":49.132793,"max":60.098984,"receiver_count":12,"unavailable_count":0},"N":{"min":44.36158,"max":55.32777,"receiver_count":12,"unavailable_count":0}}}},{"type":"Feature","id":"lariac:392358889766","geometry":{"type":"Polygon","coordinates":[[[-118.55988487263933,34.1838990613802],[-118.55990943610843,34.183843203361654],[-118.55979646398406,34.18384012641496],[-118.55979415046828,34.18389846435888],[-118.55988487263933,34.1838990613802]]]},"properties":{"building_pk":31995,"building_key":"lariac:392358889766","source_tile":"r04-c03","source_tile_ids":["r04-c03"],"source_bld_id":"392358889766","height_m":4.535,"receiver_ids":[168208,168209,168210,168211,168212],"receiver_keys":["r04-c03:expanded-facade-max4m:31995:0:1","r04-c03:expanded-facade-max4m:31995:0:2","r04-c03:expanded-facade-max4m:31995:0:3","r04-c03:expanded-facade-max4m:31995:0:4","r04-c03:expanded-facade-max4m:31995:0:6"],"receiver_count":5,"periods":{"D":{"min":51.519638,"max":57.36351,"receiver_count":5,"unavailable_count":0},"E":{"min":49.301147,"max":55.145023,"receiver_count":5,"unavailable_count":0},"N":{"min":44.529938,"max":50.37381,"receiver_count":5,"unavailable_count":0}}}},{"type":"Feature","id":"lariac:391740888341","geometry":{"type":"Polygon","coordinates":[[[-118.56174327246323,34.17991400373559],[-118.56174266476887,34.17998091830784],[-118.56181745856058,34.17998139581076],[-118.56181687496107,34.18004704540445],[-118.56200442129386,34.180048207951536],[-118.56200563309642,34.179913746836256],[-118.56192478834501,34.17991324347088],[-118.56192488261482,34.17990274544575],[-118.56184294752742,34.17990221914363],[-118.56184283255328,34.17991464025983],[-118.56174327246323,34.17991400373559]]]},"properties":{"building_pk":32021,"building_key":"lariac:391740888341","source_tile":"r04-c03","source_tile_ids":["r04-c03"],"source_bld_id":"391740888341","height_m":9.683,"receiver_ids":[168241,168242,168243,168244,168245,168246,168247,168248,168249,168250,168251,168252,168253,168254,168255,168256,168257,168258,168259],"receiver_keys":["r04-c03:expanded-facade-max4m:32021:0:1","r04-c03:expanded-facade-max4m:32021:0:10","r04-c03:expanded-facade-max4m:32021:0:11","r04-c03:expanded-facade-max4m:32021:0:12","r04-c03:expanded-facade-max4m:32021:0:13","r04-c03:expanded-facade-max4m:32021:0:14","r04-c03:expanded-facade-max4m:32021:0:15","r04-c03:expanded-facade-max4m:32021:0:16","r04-c03:expanded-facade-max4m:32021:0:17","r04-c03:expanded-facade-max4m:32021:0:18","r04-c03:expanded-facade-max4m:32021:0:2","r04-c03:expanded-facade-max4m:32021:0:20","r04-c03:expanded-facade-max4m:32021:0:21","r04-c03:expanded-facade-max4m:32021:0:3","r04-c03:expanded-facade-max4m:32021:0:5","r04-c03:expanded-facade-max4m:32021:0:6","r04-c03:expanded-facade-max4m:32021:0:7","r04-c03:expanded-facade-max4m:32021:0:8","r04-c03:expanded-facade-max4m:32021:0:9"],"receiver_count":19,"periods":{"D":{"min":49.73021,"max":69.73245,"receiver_count":19,"unavailable_count":0},"E":{"min":47.511723,"max":67.51397,"receiver_count":19,"unavailable_count":0},"N":{"min":42.74051,"max":62.742756,"receiver_count":19,"unavailable_count":0}}}},{"type":"Feature","id":"lariac:391710890348","geometry":{"type":"Polygon","coordinates":[[[-118.56190488120247,34.18551177036517],[-118.56196449423567,34.18551094436929],[-118.56196445893957,34.18552537105321],[-118.56206230225273,34.185525575450306],[-118.56206266748659,34.18540782569048],[-118.56201220873047,34.18540773109524],[-118.56201237004667,34.185358020066744],[-118.56194302933848,34.1853578752405],[-118.56194290882394,34.18539398357129],[-118.56191900182654,34.18539392965708],[-118.56191893899438,34.18540926342293],[-118.56190518398653,34.18540921733609],[-118.56190488120247,34.18551177036517]]]},"properties":{"building_pk":32135,"building_key":"lariac:391710890348","source_tile":"r04-c03","source_tile_ids":["r04-c03"],"source_bld_id":"391710890348","height_m":5.7,"receiver_ids":[168470,168471,168472,168473,168474,168475,168476,168477,168478,168479,168480,168481],"receiver_keys":["r04-c03:expanded-facade-max4m:32135:0:1","r04-c03:expanded-facade-max4m:32135:0:10","r04-c03:expanded-facade-max4m:32135:0:14","r04-c03:expanded-facade-max4m:32135:0:15","r04-c03:expanded-facade-max4m:32135:0:16","r04-c03:expanded-facade-max4m:32135:0:17","r04-c03:expanded-facade-max4m:32135:0:3","r04-c03:expanded-facade-max4m:32135:0:4","r04-c03:expanded-facade-max4m:32135:0:5","r04-c03:expanded-facade-max4m:32135:0:6","r04-c03:expanded-facade-max4m:32135:0:7","r04-c03:expanded-facade-max4m:32135:0:8"],"receiver_count":12,"periods":{"D":{"min":54.024117,"max":69.64574,"receiver_count":12,"unavailable_count":0},"E":{"min":51.80563,"max":67.42725,"receiver_count":12,"unavailable_count":0},"N":{"min":47.034416,"max":62.65604,"receiver_count":12,"unavailable_count":0}}}},{"type":"Feature","id":"lariac:391138890272","geometry":{"type":"Polygon","coordinates":[[[-118.56379314116712,34.18516229775519],[-118.56379317652322,34.185221542612986],[-118.56376771650514,34.18522155129768],[-118.56376779694058,34.185297283398285],[-118.56378975287157,34.185297263099166],[-118.56378978208593,34.185306413643666],[-118.56378012694532,34.1853064036539],[-118.56378013999375,34.18532794690983],[-118.56379042323941,34.18532795397186],[-118.56379044797899,34.18535122904103],[-118.56392674564889,34.18535114359122],[-118.563926594356,34.1851622526093],[-118.56379314116712,34.18516229775519]]]},"properties":{"building_pk":32296,"building_key":"lariac:391138890272","source_tile":"r04-c03","source_tile_ids":["r04-c03"],"source_bld_id":"391138890272","height_m":4.865,"receiver_ids":[168580,168581,168582,168583,168584,168585,168586,168587,168588,168589,168590,168591,168592,168593,168594,168595,168596],"receiver_keys":["r04-c03:expanded-facade-max4m:32296:0:1","r04-c03:expanded-facade-max4m:32296:0:10","r04-c03:expanded-facade-max4m:32296:0:11","r04-c03:expanded-facade-max4m:32296:0:12","r04-c03:expanded-facade-max4m:32296:0:13","r04-c03:expanded-facade-max4m:32296:0:14","r04-c03:expanded-facade-max4m:32296:0:15","r04-c03:expanded-facade-max4m:32296:0:16","r04-c03:expanded-facade-max4m:32296:0:17","r04-c03:expanded-facade-max4m:32296:0:18","r04-c03:expanded-facade-max4m:32296:0:19","r04-c03:expanded-facade-max4m:32296:0:3","r04-c03:expanded-facade-max4m:32296:0:4","r04-c03:expanded-facade-max4m:32296:0:5","r04-c03:expanded-facade-max4m:32296:0:7","r04-c03:expanded-facade-max4m:32296:0:8","r04-c03:expanded-facade-max4m:32296:0:9"],"receiver_count":17,"periods":{"D":{"min":52.83528,"max":58.521847,"receiver_count":17,"unavailable_count":0},"E":{"min":50.616795,"max":56.30336,"receiver_count":17,"unavailable_count":0},"N":{"min":45.84558,"max":51.532146,"receiver_count":17,"unavailable_count":0}}}},{"type":"Feature","id":"lariac:391503888562","geometry":{"type":"Polygon","coordinates":[[[-118.56252719169682,34.180671422670734],[-118.56259784027468,34.180669995076876],[-118.56259788537675,34.18067169878676],[-118.5626695252227,34.1806702385921],[-118.56266558670288,34.180537092437085],[-118.56278820402166,34.180534598939296],[-118.56278695761716,34.18049192921408],[-118.56277743667145,34.18049211145301],[-118.5627769699878,34.18047678015052],[-118.56250832827176,34.18048226172732],[-118.56250952332681,34.1805223208198],[-118.56251927622957,34.18052211047681],[-118.56252082292852,34.18057508256284],[-118.56251427723792,34.1805752229952],[-118.56251542884004,34.18061366131219],[-118.56252547897343,34.18061344958636],[-118.56252719169682,34.180671422670734]]]},"properties":{"building_pk":32397,"building_key":"lariac:391503888562","source_tile":"r04-c03","source_tile_ids":["r04-c03"],"source_bld_id":"391503888562","height_m":5.779,"receiver_ids":[168735,168736,168737,168738,168739,168740,168741,168742,168743,168744,168745,168746,168747,168748,168749,168750,168751,168752,168753,168754,168755,168756,168757,168758],"receiver_keys":["r04-c03:expanded-facade-max4m:32397:0:1","r04-c03:expanded-facade-max4m:32397:0:10","r04-c03:expanded-facade-max4m:32397:0:11","r04-c03:expanded-facade-max4m:32397:0:12","r04-c03:expanded-facade-max4m:32397:0:13","r04-c03:expanded-facade-max4m:32397:0:14","r04-c03:expanded-facade-max4m:32397:0:15","r04-c03:expanded-facade-max4m:32397:0:16","r04-c03:expanded-facade-max4m:32397:0:17","r04-c03:expanded-facade-max4m:32397:0:18","r04-c03:expanded-facade-max4m:32397:0:19","r04-c03:expanded-facade-max4m:32397:0:2","r04-c03:expanded-facade-max4m:32397:0:20","r04-c03:expanded-facade-max4m:32397:0:21","r04-c03:expanded-facade-max4m:32397:0:22","r04-c03:expanded-facade-max4m:32397:0:23","r04-c03:expanded-facade-max4m:32397:0:24","r04-c03:expanded-facade-max4m:32397:0:3","r04-c03:expanded-facade-max4m:32397:0:4","r04-c03:expanded-facade-max4m:32397:0:5","r04-c03:expanded-facade-max4m:32397:0:6","r04-c03:expanded-facade-max4m:32397:0:7","r04-c03:expanded-facade-max4m:32397:0:8","r04-c03:expanded-facade-max4m:32397:0:9"],"receiver_count":24,"periods":{"D":{"min":51.620407,"max":67.87824,"receiver_count":24,"unavailable_count":0},"E":{"min":49.40192,"max":65.65975,"receiver_count":24,"unavailable_count":0},"N":{"min":44.630707,"max":60.888542,"receiver_count":24,"unavailable_count":0}}}},{"type":"Feature","id":"lariac:391410889864","geometry":{"type":"Polygon","coordinates":[[[-118.56297076042256,34.18415690112913],[-118.56301294159324,34.184116008152635],[-118.56296263900863,34.184080217464036],[-118.56292049127758,34.18412108322099],[-118.56297076042256,34.18415690112913]]]},"properties":{"building_pk":32491,"building_key":"lariac:391410889864","source_tile":"r04-c03","source_tile_ids":["r04-c03"],"source_bld_id":"391410889864","height_m":3.88,"receiver_ids":[168856,168857,168858,168859,168860,168861,168862],"receiver_keys":["r04-c03:expanded-facade-max4m:32491:0:1","r04-c03:expanded-facade-max4m:32491:0:2","r04-c03:expanded-facade-max4m:32491:0:3","r04-c03:expanded-facade-max4m:32491:0:4","r04-c03:expanded-facade-max4m:32491:0:5","r04-c03:expanded-facade-max4m:32491:0:6","r04-c03:expanded-facade-max4m:32491:0:7"],"receiver_count":7,"periods":{"D":{"min":60.882755,"max":62.523373,"receiver_count":7,"unavailable_count":0},"E":{"min":58.66427,"max":60.304886,"receiver_count":7,"unavailable_count":0},"N":{"min":53.893055,"max":55.533672,"receiver_count":7,"unavailable_count":0}}}},{"type":"Feature","id":"lariac:391794890266","geometry":{"type":"Polygon","coordinates":[[[-118.5617413388159,34.18526329975879],[-118.56174134810514,34.185262745265604],[-118.56174505199958,34.18526278305778],[-118.5617459709889,34.18520279180245],[-118.56167341947305,34.18520202884992],[-118.56167247256285,34.185263844960744],[-118.5617413388159,34.18526329975879]]]},"properties":{"building_pk":32555,"building_key":"lariac:391794890266","source_tile":"r04-c03","source_tile_ids":["r04-c03"],"source_bld_id":"391794890266","height_m":5.416,"receiver_ids":[168867,168868,168869,168870,168871],"receiver_keys":["r04-c03:expanded-facade-max4m:32555:0:1","r04-c03:expanded-facade-max4m:32555:0:2","r04-c03:expanded-facade-max4m:32555:0:3","r04-c03:expanded-facade-max4m:32555:0:4","r04-c03:expanded-facade-max4m:32555:0:5"],"receiver_count":5,"periods":{"D":{"min":53.844296,"max":58.05819,"receiver_count":5,"unavailable_count":0},"E":{"min":51.62581,"max":55.839703,"receiver_count":5,"unavailable_count":0},"N":{"min":46.854595,"max":51.06849,"receiver_count":5,"unavailable_count":0}}}},{"type":"Feature","id":"lariac:392412889183","geometry":{"type":"Polygon","coordinates":[[[-118.55961076217099,34.18228926600678],[-118.55962319578649,34.18228937346035],[-118.55962304906163,34.18230212468544],[-118.55966676342379,34.182302472355715],[-118.55966690537291,34.18228917121045],[-118.55967199782307,34.18228923058809],[-118.55967252102354,34.18224394267707],[-118.5596113153544,34.18224342891673],[-118.55961076217099,34.18228926600678]]]},"properties":{"building_pk":32634,"building_key":"lariac:392412889183","source_tile":"r04-c03","source_tile_ids":["r04-c03"],"source_bld_id":"392412889183","height_m":3.557,"receiver_ids":[168945,168946,168947,168948,168949],"receiver_keys":["r04-c03:expanded-facade-max4m:32634:0:1","r04-c03:expanded-facade-max4m:32634:0:2","r04-c03:expanded-facade-max4m:32634:0:5","r04-c03:expanded-facade-max4m:32634:0:6","r04-c03:expanded-facade-max4m:32634:0:7"],"receiver_count":5,"periods":{"D":{"min":49.725655,"max":58.368225,"receiver_count":5,"unavailable_count":0},"E":{"min":47.507168,"max":56.149734,"receiver_count":5,"unavailable_count":0},"N":{"min":42.735954,"max":51.378525,"receiver_count":5,"unavailable_count":0}}}},{"type":"Feature","id":"lariac:392793889493","geometry":{"type":"Polygon","coordinates":[[[-118.55840917998471,34.18316851907257],[-118.55843571509139,34.18311165244149],[-118.55836636019119,34.18308930239847],[-118.55833982522519,34.18314619605984],[-118.55840917998471,34.18316851907257]]]},"properties":{"building_pk":32826,"building_key":"lariac:392793889493","source_tile":"r04-c03","source_tile_ids":["r04-c03"],"source_bld_id":"392793889493","height_m":3.603,"receiver_ids":[169186,169187,169188,169189,169190,169191],"receiver_keys":["r04-c03:expanded-facade-max4m:32826:0:1","r04-c03:expanded-facade-max4m:32826:0:2","r04-c03:expanded-facade-max4m:32826:0:3","r04-c03:expanded-facade-max4m:32826:0:4","r04-c03:expanded-facade-max4m:32826:0:6","r04-c03:expanded-facade-max4m:32826:0:7"],"receiver_count":6,"periods":{"D":{"min":59.387897,"max":59.950943,"receiver_count":6,"unavailable_count":0},"E":{"min":57.16941,"max":57.732456,"receiver_count":6,"unavailable_count":0},"N":{"min":52.398197,"max":52.961243,"receiver_count":6,"unavailable_count":0}}}},{"type":"Feature","id":"lariac:391951888801","geometry":{"type":"Polygon","coordinates":[[[-118.56119983888487,34.181248302847656],[-118.56119973593121,34.18118372747924],[-118.56111876167307,34.18118382820528],[-118.5611188645701,34.18124840447523],[-118.56119983888487,34.181248302847656]]]},"properties":{"building_pk":32902,"building_key":"lariac:391951888801","source_tile":"r04-c03","source_tile_ids":["r04-c03"],"source_bld_id":"391951888801","height_m":5.767,"receiver_ids":[169322,169323,169324],"receiver_keys":["r04-c03:expanded-facade-max4m:32902:0:1","r04-c03:expanded-facade-max4m:32902:0:2","r04-c03:expanded-facade-max4m:32902:0:8"],"receiver_count":3,"periods":{"D":{"min":52.962288,"max":61.804882,"receiver_count":3,"unavailable_count":0},"E":{"min":50.7438,"max":59.586395,"receiver_count":3,"unavailable_count":0},"N":{"min":45.972588,"max":54.81518,"receiver_count":3,"unavailable_count":0}}}},{"type":"Feature","id":"lariac:392522889649","geometry":{"type":"Polygon","coordinates":[[[-118.55939337282513,34.18362902758719],[-118.55941868915716,34.183577992156174],[-118.55938680698124,34.183567065038375],[-118.55939705162172,34.183546436294236],[-118.55935224447647,34.18353106302466],[-118.55937446212235,34.18348627881917],[-118.55928481447403,34.18345555944771],[-118.55922295750288,34.18358021625319],[-118.55929295216933,34.18360421177483],[-118.55929703037056,34.18359600418646],[-118.55939337282513,34.18362902758719]]]},"properties":{"building_pk":33290,"building_key":"lariac:392522889649","source_tile":"r04-c03","source_tile_ids":["r04-c03"],"source_bld_id":"392522889649","height_m":4.545,"receiver_ids":[169762,169763,169764,169765,169766,169767,169768,169769,169770,169771],"receiver_keys":["r04-c03:expanded-facade-max4m:33290:0:1","r04-c03:expanded-facade-max4m:33290:0:13","r04-c03:expanded-facade-max4m:33290:0:15","r04-c03:expanded-facade-max4m:33290:0:16","r04-c03:expanded-facade-max4m:33290:0:2","r04-c03:expanded-facade-max4m:33290:0:4","r04-c03:expanded-facade-max4m:33290:0:5","r04-c03:expanded-facade-max4m:33290:0:6","r04-c03:expanded-facade-max4m:33290:0:7","r04-c03:expanded-facade-max4m:33290:0:8"],"receiver_count":10,"periods":{"D":{"min":50.411297,"max":59.90091,"receiver_count":10,"unavailable_count":0},"E":{"min":48.19281,"max":57.682423,"receiver_count":10,"unavailable_count":0},"N":{"min":43.421597,"max":52.91121,"receiver_count":10,"unavailable_count":0}}}},{"type":"Feature","id":"lariac:390753889810","geometry":{"type":"Polygon","coordinates":[[[-118.56528032032433,34.18391731075368],[-118.56516323419687,34.183917115943125],[-118.56516333191786,34.18387287397109],[-118.56513585423544,34.18387283737933],[-118.56513586873055,34.1838651985212],[-118.56500271298628,34.183864968650404],[-118.56500255660944,34.18392990225391],[-118.56506105077192,34.18392998600573],[-118.56506083906481,34.184011270287186],[-118.56528009952368,34.18401164764697],[-118.56528032032433,34.18391731075368]]]},"properties":{"building_pk":33336,"building_key":"lariac:390753889810","source_tile":"r04-c03","source_tile_ids":["r04-c03"],"source_bld_id":"390753889810","height_m":4.328,"receiver_ids":[169854,169855],"receiver_keys":["r04-c03:expanded-facade-max4m:33336:0:13","r04-c03:expanded-facade-max4m:33336:0:14"],"receiver_count":2,"periods":{"D":{"min":56.578407,"max":59.408195,"receiver_count":2,"unavailable_count":0},"E":{"min":54.359917,"max":57.18971,"receiver_count":2,"unavailable_count":0},"N":{"min":49.588707,"max":52.418495,"receiver_count":2,"unavailable_count":0}}}},{"type":"Feature","id":"lariac:390922890317","geometry":{"type":"Polygon","coordinates":[[[-118.56460570759616,34.18549567622599],[-118.56468286570541,34.18550768162023],[-118.56470180650258,34.18542367197939],[-118.56468118462658,34.1854204433586],[-118.56469800701717,34.18534578631851],[-118.56465490968304,34.185339062754345],[-118.56466691559298,34.185285779492474],[-118.56455867568738,34.18526891830041],[-118.56452455027915,34.185420349605955],[-118.56461935140051,34.18543513059127],[-118.56460570759616,34.18549567622599]]]},"properties":{"building_pk":33528,"building_key":"lariac:390922890317","source_tile":"r04-c03","source_tile_ids":["r04-c03"],"source_bld_id":"390922890317","height_m":4.816,"receiver_ids":[170082,170083,170084,170085,170086,170087,170088,170089,170090,170091,170092,170093,170094,170095,170096,170097,170098,170099,170100],"receiver_keys":["r04-c03:expanded-facade-max4m:33528:0:1","r04-c03:expanded-facade-max4m:33528:0:10","r04-c03:expanded-facade-max4m:33528:0:11","r04-c03:expanded-facade-max4m:33528:0:12","r04-c03:expanded-facade-max4m:33528:0:13","r04-c03:expanded-facade-max4m:33528:0:14","r04-c03:expanded-facade-max4m:33528:0:15","r04-c03:expanded-facade-max4m:33528:0:16","r04-c03:expanded-facade-max4m:33528:0:17","r04-c03:expanded-facade-max4m:33528:0:18","r04-c03:expanded-facade-max4m:33528:0:19","r04-c03:expanded-facade-max4m:33528:0:2","r04-c03:expanded-facade-max4m:33528:0:20","r04-c03:expanded-facade-max4m:33528:0:21","r04-c03:expanded-facade-max4m:33528:0:5","r04-c03:expanded-facade-max4m:33528:0:6","r04-c03:expanded-facade-max4m:33528:0:7","r04-c03:expanded-facade-max4m:33528:0:8","r04-c03:expanded-facade-max4m:33528:0:9"],"receiver_count":19,"periods":{"D":{"min":53.057854,"max":58.896152,"receiver_count":19,"unavailable_count":0},"E":{"min":50.839367,"max":56.677666,"receiver_count":19,"unavailable_count":0},"N":{"min":46.068153,"max":51.906452,"receiver_count":19,"unavailable_count":0}}}},{"type":"Feature","id":"lariac:392427889638","geometry":{"type":"Polygon","coordinates":[[[-118.55959733567322,34.18356243721532],[-118.55965279706349,34.18352942477868],[-118.55960877606576,34.18347838015462],[-118.559553348133,34.18351136446838],[-118.55959733567322,34.18356243721532]]]},"properties":{"building_pk":33573,"building_key":"lariac:392427889638","source_tile":"r04-c03","source_tile_ids":["r04-c03"],"source_bld_id":"392427889638","height_m":4.356,"receiver_ids":[170120,170121,170122,170123,170124,170125,170126],"receiver_keys":["r04-c03:expanded-facade-max4m:33573:0:1","r04-c03:expanded-facade-max4m:33573:0:2","r04-c03:expanded-facade-max4m:33573:0:3","r04-c03:expanded-facade-max4m:33573:0:4","r04-c03:expanded-facade-max4m:33573:0:5","r04-c03:expanded-facade-max4m:33573:0:6","r04-c03:expanded-facade-max4m:33573:0:7"],"receiver_count":7,"periods":{"D":{"min":55.943924,"max":60.152657,"receiver_count":7,"unavailable_count":0},"E":{"min":53.725437,"max":57.93417,"receiver_count":7,"unavailable_count":0},"N":{"min":48.954224,"max":53.162956,"receiver_count":7,"unavailable_count":0}}}},{"type":"Feature","id":"lariac:201700286571","geometry":{"type":"Polygon","coordinates":[[[-118.56455419107562,34.18385189452403],[-118.5646615568919,34.18385221734423],[-118.56466189704236,34.18378024812941],[-118.56457549591087,34.18377999153375],[-118.56457580399362,34.18370824244619],[-118.56445504703647,34.183707872057084],[-118.56445465081244,34.183795971973765],[-118.5644294564411,34.18379589661794],[-118.56442957387604,34.183847313881046],[-118.56455419628757,34.183847689694225],[-118.56455419107562,34.18385189452403]]]},"properties":{"building_pk":34210,"building_key":"lariac:201700286571","source_tile":"r04-c03","source_tile_ids":["r04-c03"],"source_bld_id":"201700286571","height_m":4.755,"receiver_ids":[171180,171181,171182,171183,171184],"receiver_keys":["r04-c03:expanded-facade-max4m:34210:0:14","r04-c03:expanded-facade-max4m:34210:0:15","r04-c03:expanded-facade-max4m:34210:0:16","r04-c03:expanded-facade-max4m:34210:0:2","r04-c03:expanded-facade-max4m:34210:0:3"],"receiver_count":5,"periods":{"D":{"min":53.215183,"max":60.130302,"receiver_count":5,"unavailable_count":0},"E":{"min":50.996696,"max":57.911816,"receiver_count":5,"unavailable_count":0},"N":{"min":46.225483,"max":53.140602,"receiver_count":5,"unavailable_count":0}}}},{"type":"Feature","id":"lariac:201700286649","geometry":{"type":"Polygon","coordinates":[[[-118.56389713613521,34.1844716298586],[-118.56408350428386,34.18450552350567],[-118.56410647525307,34.184418090029745],[-118.56399148438764,34.18439717762629],[-118.56400570948685,34.18434315473402],[-118.56387034781156,34.184318537193064],[-118.56385322870936,34.18438354806637],[-118.56391674307243,34.184395099159374],[-118.56391003084101,34.18442059098317],[-118.56389823512252,34.18441844530639],[-118.56389121718588,34.18444509523645],[-118.56390353318174,34.18444733585509],[-118.56389713613521,34.1844716298586]]]},"properties":{"building_pk":34214,"building_key":"lariac:201700286649","source_tile":"r04-c03","source_tile_ids":["r04-c03"],"source_bld_id":"201700286649","height_m":5.203,"receiver_ids":[171203,171204,171205,171206,171207,171208,171209,171210,171211,171212,171213,171214,171215,171216,171217,171218,171219,171220,171221,171222],"receiver_keys":["r04-c03:expanded-facade-max4m:34214:0:1","r04-c03:expanded-facade-max4m:34214:0:10","r04-c03:expanded-facade-max4m:34214:0:11","r04-c03:expanded-facade-max4m:34214:0:12","r04-c03:expanded-facade-max4m:34214:0:13","r04-c03:expanded-facade-max4m:34214:0:14","r04-c03:expanded-facade-max4m:34214:0:16","r04-c03:expanded-facade-max4m:34214:0:17","r04-c03:expanded-facade-max4m:34214:0:18","r04-c03:expanded-facade-max4m:34214:0:19","r04-c03:expanded-facade-max4m:34214:0:2","r04-c03:expanded-facade-max4m:34214:0:20","r04-c03:expanded-facade-max4m:34214:0:21","r04-c03:expanded-facade-max4m:34214:0:3","r04-c03:expanded-facade-max4m:34214:0:4","r04-c03:expanded-facade-max4m:34214:0:5","r04-c03:expanded-facade-max4m:34214:0:6","r04-c03:expanded-facade-max4m:34214:0:7","r04-c03:expanded-facade-max4m:34214:0:8","r04-c03:expanded-facade-max4m:34214:0:9"],"receiver_count":20,"periods":{"D":{"min":52.40182,"max":59.818356,"receiver_count":20,"unavailable_count":0},"E":{"min":50.183334,"max":57.59987,"receiver_count":20,"unavailable_count":0},"N":{"min":45.41212,"max":52.82866,"receiver_count":20,"unavailable_count":0}}}},{"type":"Feature","id":"lariac:201700286686","geometry":{"type":"Polygon","coordinates":[[[-118.56140311797219,34.184765077103236],[-118.56140336331072,34.184780275107784],[-118.56148882499564,34.184779415912146],[-118.56148851636986,34.18475819407932],[-118.56148271073994,34.18475825258439],[-118.5614815221363,34.18467664215535],[-118.56148979449917,34.184676558675996],[-118.56148905497456,34.1846257690766],[-118.56143552003103,34.18462630788458],[-118.56143538880073,34.18461727411361],[-118.56141830170033,34.18461744538494],[-118.56141855152893,34.184634602425334],[-118.56142594306287,34.18463452754658],[-118.56142634534976,34.18466210122916],[-118.56133442730659,34.184663025505365],[-118.56133515126808,34.18471280454588],[-118.5612989550491,34.184713169062775],[-118.56129972631773,34.18476611681373],[-118.56140311797219,34.184765077103236]]]},"properties":{"building_pk":34216,"building_key":"lariac:201700286686","source_tile":"r04-c03","source_tile_ids":["r04-c03"],"source_bld_id":"201700286686","height_m":6.651,"receiver_ids":[171223,171224,171225,171226,171227,171228,171229,171230,171231,171232,171233,171234],"receiver_keys":["r04-c03:expanded-facade-max4m:34216:0:1","r04-c03:expanded-facade-max4m:34216:0:10","r04-c03:expanded-facade-max4m:34216:0:12","r04-c03:expanded-facade-max4m:34216:0:13","r04-c03:expanded-facade-max4m:34216:0:14","r04-c03:expanded-facade-max4m:34216:0:15","r04-c03:expanded-facade-max4m:34216:0:18","r04-c03:expanded-facade-max4m:34216:0:19","r04-c03:expanded-facade-max4m:34216:0:2","r04-c03:expanded-facade-max4m:34216:0:3","r04-c03:expanded-facade-max4m:34216:0:7","r04-c03:expanded-facade-max4m:34216:0:8"],"receiver_count":12,"periods":{"D":{"min":50.1737,"max":57.32368,"receiver_count":12,"unavailable_count":0},"E":{"min":47.95521,"max":55.10519,"receiver_count":12,"unavailable_count":0},"N":{"min":43.184,"max":50.33398,"receiver_count":12,"unavailable_count":0}}}},{"type":"Feature","id":"lariac:201700286780","geometry":{"type":"Polygon","coordinates":[[[-118.56349217832374,34.18548255593686],[-118.56349265419847,34.18554763263857],[-118.56361047496712,34.18554703860503],[-118.56360995527072,34.185470013933234],[-118.56360436852937,34.18547004267049],[-118.5636042608202,34.1854553651201],[-118.56364395056877,34.18545516484545],[-118.56364362293337,34.1854103064002],[-118.56360386594812,34.18541050698819],[-118.56360384527734,34.18540760410998],[-118.5634179109472,34.18540854248679],[-118.56341783658769,34.18539832201888],[-118.56339829818151,34.18539842024252],[-118.56339837680352,34.185409112198506],[-118.56338409210863,34.18540918504645],[-118.56338424103834,34.185429658436846],[-118.5633930442243,34.18542961382619],[-118.56339343134066,34.18548266793886],[-118.5634006084113,34.18548263180359],[-118.56340094039413,34.18552799329072],[-118.56346744006076,34.185527657371885],[-118.5634671117293,34.185482681729034],[-118.56349217832374,34.18548255593686]]]},"properties":{"building_pk":34220,"building_key":"lariac:201700286780","source_tile":"r04-c03","source_tile_ids":["r04-c03"],"source_bld_id":"201700286780","height_m":4.502,"receiver_ids":[171235,171236],"receiver_keys":["r04-c03:expanded-facade-max4m:34220:0:10","r04-c03:expanded-facade-max4m:34220:0:11"],"receiver_count":2,"periods":{"D":{"min":56.821377,"max":58.726997,"receiver_count":2,"unavailable_count":0},"E":{"min":54.602886,"max":56.508507,"receiver_count":2,"unavailable_count":0},"N":{"min":49.831676,"max":51.737297,"receiver_count":2,"unavailable_count":0}}}},{"type":"Feature","id":"lariac:201700286820","geometry":{"type":"Polygon","coordinates":[[[-118.56132957575359,34.18591027300279],[-118.5614742754225,34.18591309937944],[-118.56147687965111,34.18582103055293],[-118.56148037765585,34.18582109906003],[-118.56148097634328,34.18579993432026],[-118.56139937870705,34.18579834049838],[-118.56139876646982,34.18581394096621],[-118.56129838658917,34.185811980774254],[-118.56129683778056,34.185866764018854],[-118.56133078709163,34.18586742687507],[-118.56132957575359,34.18591027300279]]]},"properties":{"building_pk":34223,"building_key":"lariac:201700286820","source_tile":"r04-c03","source_tile_ids":["r04-c03"],"source_bld_id":"201700286820","height_m":5.712,"receiver_ids":[171237,171238,171239,171240,171241,171242,171243,171244,171245,171246,171247],"receiver_keys":["r04-c03:expanded-facade-max4m:34223:0:1","r04-c03:expanded-facade-max4m:34223:0:10","r04-c03:expanded-facade-max4m:34223:0:11","r04-c03:expanded-facade-max4m:34223:0:14","r04-c03:expanded-facade-max4m:34223:0:15","r04-c03:expanded-facade-max4m:34223:0:2","r04-c03:expanded-facade-max4m:34223:0:3","r04-c03:expanded-facade-max4m:34223:0:4","r04-c03:expanded-facade-max4m:34223:0:5","r04-c03:expanded-facade-max4m:34223:0:8","r04-c03:expanded-facade-max4m:34223:0:9"],"receiver_count":11,"periods":{"D":{"min":48.010803,"max":59.46202,"receiver_count":11,"unavailable_count":0},"E":{"min":45.792316,"max":57.243534,"receiver_count":11,"unavailable_count":0},"N":{"min":41.021103,"max":52.47232,"receiver_count":11,"unavailable_count":0}}}},{"type":"Feature","id":"lariac:390940889970","geometry":{"type":"Polygon","coordinates":[[[-118.56467152186228,34.18450455307468],[-118.5646716489058,34.18445000630858],[-118.5646092869048,34.18444991337576],[-118.5646094790234,34.18436582628505],[-118.56441349643603,34.18436553201331],[-118.56441328844417,34.184457092984225],[-118.5645569940439,34.18445732926029],[-118.56455691690628,34.18449005750422],[-118.56459104151267,34.184490090247806],[-118.56459100592727,34.18450440694736],[-118.56467152186228,34.18450455307468]]]},"properties":{"building_pk":38623,"building_key":"lariac:390940889970","source_tile":"r04-c03","source_tile_ids":["r04-c03"],"source_bld_id":"390940889970","height_m":5.264,"receiver_ids":[172817,172818,172819,172820,172821,172822,172823,172824,172825,172826,172827,172828,172829,172830,172831],"receiver_keys":["r04-c03:expanded-facade-max4m:38623:0:1","r04-c03:expanded-facade-max4m:38623:0:10","r04-c03:expanded-facade-max4m:38623:0:11","r04-c03:expanded-facade-max4m:38623:0:12","r04-c03:expanded-facade-max4m:38623:0:13","r04-c03:expanded-facade-max4m:38623:0:14","r04-c03:expanded-facade-max4m:38623:0:15","r04-c03:expanded-facade-max4m:38623:0:16","r04-c03:expanded-facade-max4m:38623:0:17","r04-c03:expanded-facade-max4m:38623:0:19","r04-c03:expanded-facade-max4m:38623:0:2","r04-c03:expanded-facade-max4m:38623:0:20","r04-c03:expanded-facade-max4m:38623:0:3","r04-c03:expanded-facade-max4m:38623:0:4","r04-c03:expanded-facade-max4m:38623:0:5"],"receiver_count":15,"periods":{"D":{"min":50.15851,"max":59.07403,"receiver_count":15,"unavailable_count":0},"E":{"min":47.94002,"max":56.855545,"receiver_count":15,"unavailable_count":0},"N":{"min":43.168808,"max":52.08433,"receiver_count":15,"unavailable_count":0}}}},{"type":"Feature","id":"lariac:392017889289","geometry":{"type":"Polygon","coordinates":[[[-118.56087266237847,34.182518175838524],[-118.56087278732872,34.182590911887594],[-118.56101708139536,34.18259073761978],[-118.56101695631341,34.18251800066932],[-118.56087266237847,34.182518175838524]]]},"properties":{"building_pk":38727,"building_key":"lariac:392017889289","source_tile":"r04-c03","source_tile_ids":["r04-c03"],"source_bld_id":"392017889289","height_m":5.185,"receiver_ids":[173120,173121,173122,173123],"receiver_keys":["r04-c03:expanded-facade-max4m:38727:0:2","r04-c03:expanded-facade-max4m:38727:0:3","r04-c03:expanded-facade-max4m:38727:0:4","r04-c03:expanded-facade-max4m:38727:0:5"],"receiver_count":4,"periods":{"D":{"min":52.609905,"max":57.807095,"receiver_count":4,"unavailable_count":0},"E":{"min":50.39142,"max":55.588608,"receiver_count":4,"unavailable_count":0},"N":{"min":45.620205,"max":50.817394,"receiver_count":4,"unavailable_count":0}}}},{"type":"Feature","id":"lariac:391041888421","geometry":{"type":"Polygon","coordinates":[[[-118.56409033183375,34.18019639199663],[-118.5640393758196,34.180185967975255],[-118.56402043171035,34.180249808164795],[-118.56411396662004,34.1802689643091],[-118.56411878421599,34.180252756403775],[-118.56415950864259,34.180261085146164],[-118.56416254720556,34.180250821308846],[-118.56416930158547,34.18025219170449],[-118.56417634934442,34.18022841664472],[-118.5641933342729,34.18023188228818],[-118.56419417498194,34.18022899252122],[-118.56424526267259,34.18023947175912],[-118.5642618476003,34.18018355630113],[-118.56426701277456,34.180184604140145],[-118.56429119339592,34.18010301510708],[-118.56412216790649,34.18006838371089],[-118.56411056237745,34.18010748555302],[-118.56410298032581,34.18010595403184],[-118.56409680507322,34.18012673008577],[-118.56411441896654,34.18013032984154],[-118.56410966751656,34.18014637245548],[-118.56410542874264,34.18014548527158],[-118.56409033183375,34.18019639199663]]]},"properties":{"building_pk":38735,"building_key":"lariac:391041888421","source_tile":"r04-c03","source_tile_ids":["r04-c03"],"source_bld_id":"391041888421","height_m":6.828,"receiver_ids":[173177,173178,173179,173180,173181,173182,173183,173184,173185,173186],"receiver_keys":["r04-c03:expanded-facade-max4m:38735:0:1","r04-c03:expanded-facade-max4m:38735:0:13","r04-c03:expanded-facade-max4m:38735:0:14","r04-c03:expanded-facade-max4m:38735:0:15","r04-c03:expanded-facade-max4m:38735:0:16","r04-c03:expanded-facade-max4m:38735:0:17","r04-c03:expanded-facade-max4m:38735:0:18","r04-c03:expanded-facade-max4m:38735:0:19","r04-c03:expanded-facade-max4m:38735:0:20","r04-c03:expanded-facade-max4m:38735:0:22"],"receiver_count":10,"periods":{"D":{"min":51.03579,"max":63.328022,"receiver_count":10,"unavailable_count":0},"E":{"min":48.817303,"max":61.10953,"receiver_count":10,"unavailable_count":0},"N":{"min":44.04609,"max":56.33832,"receiver_count":10,"unavailable_count":0}}}},{"type":"Feature","id":"lariac:389957890321","geometry":{"type":"Polygon","coordinates":[[[-118.56783191978425,34.18546993871804],[-118.56785526530214,34.18542138368954],[-118.56781781664849,34.185408945981635],[-118.56784628103787,34.18534978729226],[-118.5678860498732,34.1853629831157],[-118.56791014549991,34.18531291266335],[-118.56773446579496,34.18525454736289],[-118.56773071640718,34.1852623416899],[-118.56772342508391,34.18525993002196],[-118.56770836119676,34.185291244673905],[-118.56771319960191,34.18529284384377],[-118.56770889612368,34.185301794748426],[-118.5677211587539,34.185305886102014],[-118.56771473507254,34.185319243794],[-118.56766151100982,34.185301577193556],[-118.56764664299544,34.185332505958705],[-118.56764372682628,34.18533153064959],[-118.5676131099186,34.18539515122175],[-118.56768943378158,34.18542051320204],[-118.56769034642116,34.185418640015655],[-118.5678029925139,34.1854560599993],[-118.56780119832462,34.18545975123363],[-118.56783191978425,34.18546993871804]]]},"properties":{"building_pk":38790,"building_key":"lariac:389957890321","source_tile":"r04-c03","source_tile_ids":["r04-c02","r04-c03"],"source_bld_id":"389957890321","height_m":6.425,"receiver_ids":[173276,173278,173282,173283,173284,173285,173286,173287,173288,173289,173290,173291,173292,173293,173294,173295,173296],"receiver_keys":["r04-c03:expanded-facade-max4m:38790:0:1","r04-c03:expanded-facade-max4m:38790:0:10","r04-c03:expanded-facade-max4m:38790:0:11","r04-c03:expanded-facade-max4m:38790:0:12","r04-c03:expanded-facade-max4m:38790:0:13","r04-c03:expanded-facade-max4m:38790:0:15","r04-c03:expanded-facade-max4m:38790:0:16","r04-c03:expanded-facade-max4m:38790:0:17","r04-c03:expanded-facade-max4m:38790:0:18","r04-c03:expanded-facade-max4m:38790:0:19","r04-c03:expanded-facade-max4m:38790:0:20","r04-c03:expanded-facade-max4m:38790:0:21","r04-c03:expanded-facade-max4m:38790:0:22","r04-c03:expanded-facade-max4m:38790:0:23","r04-c03:expanded-facade-max4m:38790:0:24","r04-c03:expanded-facade-max4m:38790:0:4","r04-c03:expanded-facade-max4m:38790:0:9"],"receiver_count":17,"periods":{"D":{"min":56.898666,"max":67.66491,"receiver_count":17,"unavailable_count":0},"E":{"min":54.68018,"max":65.44642,"receiver_count":17,"unavailable_count":0},"N":{"min":49.908966,"max":60.675205,"receiver_count":17,"unavailable_count":0}}}},{"type":"Feature","id":"lariac:390279890223","geometry":{"type":"Polygon","coordinates":[[[-118.56661991385224,34.18514290558151],[-118.56661997766139,34.18517662216537],[-118.56682386051112,34.185176380899655],[-118.56682361072247,34.18501774530267],[-118.56675906678761,34.1850178277827],[-118.56675906642333,34.185027527507536],[-118.56674250112741,34.18502755013378],[-118.56674242048477,34.184981605973306],[-118.56662017687071,34.18498176669771],[-118.56662029706281,34.1850482649979],[-118.56662548911487,34.18504826862273],[-118.56662566764872,34.185142878626934],[-118.56661991385224,34.18514290558151]]]},"properties":{"building_pk":38975,"building_key":"lariac:390279890223","source_tile":"r04-c03","source_tile_ids":["r04-c03"],"source_bld_id":"390279890223","height_m":6.971,"receiver_ids":[173420,173421,173422,173423,173424,173425,173426,173427,173428,173429,173430,173431,173432,173433,173434,173435,173436,173437,173438,173439],"receiver_keys":["r04-c03:expanded-facade-max4m:38975:0:1","r04-c03:expanded-facade-max4m:38975:0:10","r04-c03:expanded-facade-max4m:38975:0:11","r04-c03:expanded-facade-max4m:38975:0:12","r04-c03:expanded-facade-max4m:38975:0:14","r04-c03:expanded-facade-max4m:38975:0:15","r04-c03:expanded-facade-max4m:38975:0:16","r04-c03:expanded-facade-max4m:38975:0:17","r04-c03:expanded-facade-max4m:38975:0:18","r04-c03:expanded-facade-max4m:38975:0:19","r04-c03:expanded-facade-max4m:38975:0:2","r04-c03:expanded-facade-max4m:38975:0:20","r04-c03:expanded-facade-max4m:38975:0:21","r04-c03:expanded-facade-max4m:38975:0:3","r04-c03:expanded-facade-max4m:38975:0:4","r04-c03:expanded-facade-max4m:38975:0:5","r04-c03:expanded-facade-max4m:38975:0:6","r04-c03:expanded-facade-max4m:38975:0:7","r04-c03:expanded-facade-max4m:38975:0:8","r04-c03:expanded-facade-max4m:38975:0:9"],"receiver_count":20,"periods":{"D":{"min":56.32471,"max":59.88853,"receiver_count":20,"unavailable_count":0},"E":{"min":54.106224,"max":57.670044,"receiver_count":20,"unavailable_count":0},"N":{"min":49.33501,"max":52.89883,"receiver_count":20,"unavailable_count":0}}}},{"type":"Feature","id":"lariac:393040888958","geometry":{"type":"Polygon","coordinates":[[[-118.55768379474324,34.18162775806796],[-118.55763334269093,34.18162848563736],[-118.55762993275829,34.18146428591944],[-118.55751094507781,34.18146601638025],[-118.55751366160271,34.1815955954782],[-118.55750443737037,34.181595720037954],[-118.557507204957,34.181728074756506],[-118.55758086620035,34.18172702026879],[-118.55758075656091,34.181720508016355],[-118.55759302228564,34.18172034148119],[-118.55759346092589,34.18174152665758],[-118.55765045920401,34.18174071392867],[-118.55765006905806,34.181721920326524],[-118.55768577604917,34.18172142572291],[-118.55768379474324,34.18162775806796]]]},"properties":{"building_pk":39353,"building_key":"lariac:393040888958","source_tile":"r04-c03","source_tile_ids":["r04-c03"],"source_bld_id":"393040888958","height_m":8.248,"receiver_ids":[173806,173807,173808,173809,173810,173811,173812,173813,173814,173815,173816,173817,173818,173819,173820,173821,173822,173823,173824,173825],"receiver_keys":["r04-c03:expanded-facade-max4m:39353:0:1","r04-c03:expanded-facade-max4m:39353:0:10","r04-c03:expanded-facade-max4m:39353:0:11","r04-c03:expanded-facade-max4m:39353:0:12","r04-c03:expanded-facade-max4m:39353:0:13","r04-c03:expanded-facade-max4m:39353:0:14","r04-c03:expanded-facade-max4m:39353:0:15","r04-c03:expanded-facade-max4m:39353:0:16","r04-c03:expanded-facade-max4m:39353:0:2","r04-c03:expanded-facade-max4m:39353:0:20","r04-c03:expanded-facade-max4m:39353:0:22","r04-c03:expanded-facade-max4m:39353:0:23","r04-c03:expanded-facade-max4m:39353:0:24","r04-c03:expanded-facade-max4m:39353:0:3","r04-c03:expanded-facade-max4m:39353:0:4","r04-c03:expanded-facade-max4m:39353:0:5","r04-c03:expanded-facade-max4m:39353:0:6","r04-c03:expanded-facade-max4m:39353:0:7","r04-c03:expanded-facade-max4m:39353:0:8","r04-c03:expanded-facade-max4m:39353:0:9"],"receiver_count":20,"periods":{"D":{"min":47.772312,"max":59.448116,"receiver_count":20,"unavailable_count":0},"E":{"min":45.553825,"max":57.22963,"receiver_count":20,"unavailable_count":0},"N":{"min":40.78261,"max":52.458416,"receiver_count":20,"unavailable_count":0}}}},{"type":"Feature","id":"lariac:392050889848","geometry":{"type":"Polygon","coordinates":[[[-118.56094795670141,34.184124173822326],[-118.560918061897,34.18411378873305],[-118.5609421422889,34.18406589067749],[-118.56093856267411,34.18406464331312],[-118.56094384924425,34.184054176202565],[-118.56092870233198,34.1840489156155],[-118.5609419180259,34.184022639207065],[-118.56087059501459,34.18399788177792],[-118.56085186497982,34.1840351203878],[-118.56080407342476,34.1840185245729],[-118.56075091960746,34.18412426346886],[-118.5608234356603,34.18414945539093],[-118.5608292442499,34.18413788688197],[-118.56092446320058,34.18417094312782],[-118.56094795670141,34.184124173822326]]]},"properties":{"building_pk":39721,"building_key":"lariac:392050889848","source_tile":"r04-c03","source_tile_ids":["r04-c03"],"source_bld_id":"392050889848","height_m":5.916,"receiver_ids":[174258,174259,174260,174261,174262,174263,174264,174265,174266,174267,174268],"receiver_keys":["r04-c03:expanded-facade-max4m:39721:0:12","r04-c03:expanded-facade-max4m:39721:0:13","r04-c03:expanded-facade-max4m:39721:0:14","r04-c03:expanded-facade-max4m:39721:0:15","r04-c03:expanded-facade-max4m:39721:0:16","r04-c03:expanded-facade-max4m:39721:0:2","r04-c03:expanded-facade-max4m:39721:0:3","r04-c03:expanded-facade-max4m:39721:0:4","r04-c03:expanded-facade-max4m:39721:0:5","r04-c03:expanded-facade-max4m:39721:0:6","r04-c03:expanded-facade-max4m:39721:0:8"],"receiver_count":11,"periods":{"D":{"min":49.477108,"max":59.902267,"receiver_count":11,"unavailable_count":0},"E":{"min":47.25862,"max":57.68378,"receiver_count":11,"unavailable_count":0},"N":{"min":42.487408,"max":52.912567,"receiver_count":11,"unavailable_count":0}}}},{"type":"Feature","id":"lariac:391132890209","geometry":{"type":"Polygon","coordinates":[[[-118.56396480841435,34.185126515701164],[-118.56398333622487,34.1850448719524],[-118.5640477179562,34.18505498637985],[-118.56406441683963,34.18498156602441],[-118.56400546099587,34.18496205654896],[-118.563999584369,34.184987914114714],[-118.56398958801077,34.18498636679576],[-118.56398778950123,34.18499426189681],[-118.56388216435059,34.184977689927],[-118.56387282001907,34.18501889712838],[-118.56380645328083,34.1850084898434],[-118.56378603102688,34.18509846906329],[-118.56396480841435,34.185126515701164]]]},"properties":{"building_pk":39897,"building_key":"lariac:391132890209","source_tile":"r04-c03","source_tile_ids":["r04-c03"],"source_bld_id":"391132890209","height_m":4.523,"receiver_ids":[174543,174544,174545,174546,174547,174548,174549,174550,174551,174552,174553,174554,174555,174556,174557,174558,174559,174560],"receiver_keys":["r04-c03:expanded-facade-max4m:39897:0:1","r04-c03:expanded-facade-max4m:39897:0:10","r04-c03:expanded-facade-max4m:39897:0:11","r04-c03:expanded-facade-max4m:39897:0:12","r04-c03:expanded-facade-max4m:39897:0:14","r04-c03:expanded-facade-max4m:39897:0:15","r04-c03:expanded-facade-max4m:39897:0:16","r04-c03:expanded-facade-max4m:39897:0:17","r04-c03:expanded-facade-max4m:39897:0:18","r04-c03:expanded-facade-max4m:39897:0:19","r04-c03:expanded-facade-max4m:39897:0:2","r04-c03:expanded-facade-max4m:39897:0:20","r04-c03:expanded-facade-max4m:39897:0:21","r04-c03:expanded-facade-max4m:39897:0:4","r04-c03:expanded-facade-max4m:39897:0:5","r04-c03:expanded-facade-max4m:39897:0:6","r04-c03:expanded-facade-max4m:39897:0:7","r04-c03:expanded-facade-max4m:39897:0:8"],"receiver_count":18,"periods":{"D":{"min":53.39481,"max":59.494457,"receiver_count":18,"unavailable_count":0},"E":{"min":51.176323,"max":57.27597,"receiver_count":18,"unavailable_count":0},"N":{"min":46.40511,"max":52.504757,"receiver_count":18,"unavailable_count":0}}}},{"type":"Feature","id":"lariac:392852888999","geometry":{"type":"Polygon","coordinates":[[[-118.55826511057978,34.18182204661569],[-118.55826527751246,34.18178761495573],[-118.55827856981419,34.18178766358948],[-118.55827882271664,34.181731522338914],[-118.55826430681525,34.18173147935305],[-118.55826462969507,34.18165610242422],[-118.55811881218959,34.181655649364544],[-118.55811803663181,34.18182159935315],[-118.55826511057978,34.18182204661569]]]},"properties":{"building_pk":39986,"building_key":"lariac:392852888999","source_tile":"r04-c03","source_tile_ids":["r04-c03"],"source_bld_id":"392852888999","height_m":5.553,"receiver_ids":[174675,174676,174677,174678,174679,174680,174681,174682,174683,174684,174685,174686,174687],"receiver_keys":["r04-c03:expanded-facade-max4m:39986:0:1","r04-c03:expanded-facade-max4m:39986:0:10","r04-c03:expanded-facade-max4m:39986:0:11","r04-c03:expanded-facade-max4m:39986:0:12","r04-c03:expanded-facade-max4m:39986:0:13","r04-c03:expanded-facade-max4m:39986:0:14","r04-c03:expanded-facade-max4m:39986:0:15","r04-c03:expanded-facade-max4m:39986:0:16","r04-c03:expanded-facade-max4m:39986:0:17","r04-c03:expanded-facade-max4m:39986:0:2","r04-c03:expanded-facade-max4m:39986:0:3","r04-c03:expanded-facade-max4m:39986:0:4","r04-c03:expanded-facade-max4m:39986:0:5"],"receiver_count":13,"periods":{"D":{"min":48.007034,"max":60.046463,"receiver_count":13,"unavailable_count":0},"E":{"min":45.788544,"max":57.827976,"receiver_count":13,"unavailable_count":0},"N":{"min":41.017334,"max":53.056763,"receiver_count":13,"unavailable_count":0}}}},{"type":"Feature","id":"lariac:392563889577","geometry":{"type":"Polygon","coordinates":[[[-118.55910379730261,34.183368765310505],[-118.55917695261381,34.183395796213375],[-118.55919027666755,34.18337089345162],[-118.55920738077779,34.18337719009655],[-118.55922089949148,34.1833518744255],[-118.55919647099535,34.18334286373793],[-118.55919852784163,34.183338980291005],[-118.55913273058042,34.18331466239309],[-118.55910379730261,34.183368765310505]]]},"properties":{"building_pk":40061,"building_key":"lariac:392563889577","source_tile":"r04-c03","source_tile_ids":["r04-c03"],"source_bld_id":"392563889577","height_m":4.06,"receiver_ids":[174741,174742,174743,174744,174745,174746,174747],"receiver_keys":["r04-c03:expanded-facade-max4m:40061:0:1","r04-c03:expanded-facade-max4m:40061:0:2","r04-c03:expanded-facade-max4m:40061:0:4","r04-c03:expanded-facade-max4m:40061:0:5","r04-c03:expanded-facade-max4m:40061:0:6","r04-c03:expanded-facade-max4m:40061:0:7","r04-c03:expanded-facade-max4m:40061:0:8"],"receiver_count":7,"periods":{"D":{"min":58.323833,"max":59.92125,"receiver_count":7,"unavailable_count":0},"E":{"min":56.105343,"max":57.702763,"receiver_count":7,"unavailable_count":0},"N":{"min":51.334133,"max":52.93155,"receiver_count":7,"unavailable_count":0}}}},{"type":"Feature","id":"lariac:390400890007","geometry":{"type":"Polygon","coordinates":[[[-118.56639994667675,34.18454596177149],[-118.56639984280322,34.18445272537361],[-118.56625359451546,34.184452833156506],[-118.56625356424979,34.18442884408706],[-118.56622628527407,34.18442886180616],[-118.56622622303074,34.18439039136892],[-118.56615192456069,34.184390437151386],[-118.5661519929196,34.18445910661295],[-118.56620813794508,34.18445906377275],[-118.56620819951463,34.18454609052577],[-118.56639994667675,34.18454596177149]]]},"properties":{"building_pk":40493,"building_key":"lariac:390400890007","source_tile":"r04-c03","source_tile_ids":["r04-c03"],"source_bld_id":"390400890007","height_m":4.618,"receiver_ids":[175279,175280,175281,175282,175283,175284,175285,175286,175287,175288,175289,175290,175291,175292],"receiver_keys":["r04-c03:expanded-facade-max4m:40493:0:1","r04-c03:expanded-facade-max4m:40493:0:11","r04-c03:expanded-facade-max4m:40493:0:12","r04-c03:expanded-facade-max4m:40493:0:13","r04-c03:expanded-facade-max4m:40493:0:14","r04-c03:expanded-facade-max4m:40493:0:15","r04-c03:expanded-facade-max4m:40493:0:16","r04-c03:expanded-facade-max4m:40493:0:2","r04-c03:expanded-facade-max4m:40493:0:3","r04-c03:expanded-facade-max4m:40493:0:4","r04-c03:expanded-facade-max4m:40493:0:5","r04-c03:expanded-facade-max4m:40493:0:6","r04-c03:expanded-facade-max4m:40493:0:7","r04-c03:expanded-facade-max4m:40493:0:9"],"receiver_count":14,"periods":{"D":{"min":51.919865,"max":58.893913,"receiver_count":14,"unavailable_count":0},"E":{"min":49.701378,"max":56.675426,"receiver_count":14,"unavailable_count":0},"N":{"min":44.93017,"max":51.904213,"receiver_count":14,"unavailable_count":0}}}},{"type":"Feature","id":"lariac:392147889374","geometry":{"type":"Polygon","coordinates":[[[-118.56055817913185,34.18281581465055],[-118.5605575984414,34.182761287409974],[-118.56048555402239,34.18276189626028],[-118.56048616072457,34.1828159419556],[-118.56055817913185,34.18281581465055]]]},"properties":{"building_pk":40520,"building_key":"lariac:392147889374","source_tile":"r04-c03","source_tile_ids":["r04-c03"],"source_bld_id":"392147889374","height_m":3.78,"receiver_ids":[175313,175314,175315,175316],"receiver_keys":["r04-c03:expanded-facade-max4m:40520:0:1","r04-c03:expanded-facade-max4m:40520:0:2","r04-c03:expanded-facade-max4m:40520:0:3","r04-c03:expanded-facade-max4m:40520:0:5"],"receiver_count":4,"periods":{"D":{"min":59.83978,"max":60.014076,"receiver_count":4,"unavailable_count":0},"E":{"min":57.621292,"max":57.79559,"receiver_count":4,"unavailable_count":0},"N":{"min":52.85008,"max":53.02438,"receiver_count":4,"unavailable_count":0}}}},{"type":"Feature","id":"lariac:391832888381","geometry":{"type":"Polygon","coordinates":[[[-118.56156616325033,34.180102810909354],[-118.56156536811667,34.180014057521525],[-118.56142452192252,34.18001493138422],[-118.5614253158219,34.180103684778025],[-118.56156616325033,34.180102810909354]]]},"properties":{"building_pk":40544,"building_key":"lariac:391832888381","source_tile":"r04-c03","source_tile_ids":["r04-c03"],"source_bld_id":"391832888381","height_m":7.839,"receiver_ids":[175317,175318,175319,175320,175321,175322,175323,175324,175325,175326],"receiver_keys":["r04-c03:expanded-facade-max4m:40544:0:1","r04-c03:expanded-facade-max4m:40544:0:10","r04-c03:expanded-facade-max4m:40544:0:2","r04-c03:expanded-facade-max4m:40544:0:3","r04-c03:expanded-facade-max4m:40544:0:4","r04-c03:expanded-facade-max4m:40544:0:5","r04-c03:expanded-facade-max4m:40544:0:6","r04-c03:expanded-facade-max4m:40544:0:7","r04-c03:expanded-facade-max4m:40544:0:8","r04-c03:expanded-facade-max4m:40544:0:9"],"receiver_count":10,"periods":{"D":{"min":56.12388,"max":65.12619,"receiver_count":10,"unavailable_count":0},"E":{"min":53.90539,"max":62.907703,"receiver_count":10,"unavailable_count":0},"N":{"min":49.13418,"max":58.13649,"receiver_count":10,"unavailable_count":0}}}},{"type":"Feature","id":"lariac:391504890518","geometry":{"type":"Polygon","coordinates":[[[-118.56267342726731,34.18580510961073],[-118.56267416709827,34.185875645742016],[-118.56258277651928,34.18587631787756],[-118.56258388309534,34.18598166816178],[-118.56269375666878,34.1859808820941],[-118.562693788132,34.18598555285155],[-118.56275135378962,34.18598512095367],[-118.56274947672559,34.18580456377767],[-118.56267342726731,34.18580510961073]]]},"properties":{"building_pk":40594,"building_key":"lariac:391504890518","source_tile":"r04-c03","source_tile_ids":["r04-c03"],"source_bld_id":"391504890518","height_m":4.029,"receiver_ids":[175365,175366,175367,175368,175369,175370,175371,175372,175373,175374,175375,175376,175377,175378,175379,175380,175381],"receiver_keys":["r04-c03:expanded-facade-max4m:40594:0:1","r04-c03:expanded-facade-max4m:40594:0:10","r04-c03:expanded-facade-max4m:40594:0:11","r04-c03:expanded-facade-max4m:40594:0:12","r04-c03:expanded-facade-max4m:40594:0:13","r04-c03:expanded-facade-max4m:40594:0:14","r04-c03:expanded-facade-max4m:40594:0:15","r04-c03:expanded-facade-max4m:40594:0:16","r04-c03:expanded-facade-max4m:40594:0:17","r04-c03:expanded-facade-max4m:40594:0:18","r04-c03:expanded-facade-max4m:40594:0:2","r04-c03:expanded-facade-max4m:40594:0:3","r04-c03:expanded-facade-max4m:40594:0:4","r04-c03:expanded-facade-max4m:40594:0:6","r04-c03:expanded-facade-max4m:40594:0:7","r04-c03:expanded-facade-max4m:40594:0:8","r04-c03:expanded-facade-max4m:40594:0:9"],"receiver_count":17,"periods":{"D":{"min":60.02872,"max":63.840023,"receiver_count":17,"unavailable_count":0},"E":{"min":57.81023,"max":61.621536,"receiver_count":17,"unavailable_count":0},"N":{"min":53.03902,"max":56.850323,"receiver_count":17,"unavailable_count":0}}}},{"type":"Feature","id":"lariac:390162888562","geometry":{"type":"Polygon","coordinates":[[[-118.56704207800958,34.18061439663444],[-118.56703322624354,34.180640131266124],[-118.56711436420872,34.18065942615764],[-118.56714176339233,34.18057982738778],[-118.56720892512726,34.18059578081366],[-118.56722085742567,34.18056107306858],[-118.56718489109888,34.18055253101248],[-118.5672045077216,34.180495419900474],[-118.56701408253596,34.18045017532619],[-118.5670090894179,34.180464735246495],[-118.56694782225703,34.18045018392942],[-118.56692298500862,34.18052240502298],[-118.56698597452242,34.18053738823265],[-118.56696574161082,34.180596261111816],[-118.56704207800958,34.18061439663444]]]},"properties":{"building_pk":40718,"building_key":"lariac:390162888562","source_tile":"r04-c03","source_tile_ids":["r04-c03"],"source_bld_id":"390162888562","height_m":5.578,"receiver_ids":[175497,175498,175499,175500,175501,175502,175503,175504,175505,175506,175507,175508,175509,175510,175511,175512,175513,175514,175515],"receiver_keys":["r04-c03:expanded-facade-max4m:40718:0:1","r04-c03:expanded-facade-max4m:40718:0:10","r04-c03:expanded-facade-max4m:40718:0:11","r04-c03:expanded-facade-max4m:40718:0:12","r04-c03:expanded-facade-max4m:40718:0:13","r04-c03:expanded-facade-max4m:40718:0:14","r04-c03:expanded-facade-max4m:40718:0:15","r04-c03:expanded-facade-max4m:40718:0:17","r04-c03:expanded-facade-max4m:40718:0:18","r04-c03:expanded-facade-max4m:40718:0:19","r04-c03:expanded-facade-max4m:40718:0:20","r04-c03:expanded-facade-max4m:40718:0:22","r04-c03:expanded-facade-max4m:40718:0:23","r04-c03:expanded-facade-max4m:40718:0:24","r04-c03:expanded-facade-max4m:40718:0:4","r04-c03:expanded-facade-max4m:40718:0:5","r04-c03:expanded-facade-max4m:40718:0:6","r04-c03:expanded-facade-max4m:40718:0:7","r04-c03:expanded-facade-max4m:40718:0:8"],"receiver_count":19,"periods":{"D":{"min":59.08753,"max":64.47852,"receiver_count":19,"unavailable_count":0},"E":{"min":56.86904,"max":62.260033,"receiver_count":19,"unavailable_count":0},"N":{"min":52.097828,"max":57.48882,"receiver_count":19,"unavailable_count":0}}}},{"type":"Feature","id":"lariac:391287889705","geometry":{"type":"Polygon","coordinates":[[[-118.56343208790553,34.183783812354534],[-118.56351461827691,34.18378372988778],[-118.56351453662457,34.183727563121415],[-118.56345072139169,34.18372761339927],[-118.56345061005345,34.18364259282796],[-118.56328088699927,34.18364275138419],[-118.5632810108582,34.183734641668316],[-118.56339584592288,34.18373454586632],[-118.56339584766567,34.1837396296697],[-118.56343202075956,34.18373959910413],[-118.56343208790553,34.183783812354534]]]},"properties":{"building_pk":40978,"building_key":"lariac:391287889705","source_tile":"r04-c03","source_tile_ids":["r04-c03"],"source_bld_id":"391287889705","height_m":4.026,"receiver_ids":[175703,175704,175705,175706,175707,175708,175709,175710,175711,175712,175713,175714,175715,175716],"receiver_keys":["r04-c03:expanded-facade-max4m:40978:0:12","r04-c03:expanded-facade-max4m:40978:0:13","r04-c03:expanded-facade-max4m:40978:0:14","r04-c03:expanded-facade-max4m:40978:0:15","r04-c03:expanded-facade-max4m:40978:0:16","r04-c03:expanded-facade-max4m:40978:0:17","r04-c03:expanded-facade-max4m:40978:0:19","r04-c03:expanded-facade-max4m:40978:0:2","r04-c03:expanded-facade-max4m:40978:0:3","r04-c03:expanded-facade-max4m:40978:0:4","r04-c03:expanded-facade-max4m:40978:0:5","r04-c03:expanded-facade-max4m:40978:0:6","r04-c03:expanded-facade-max4m:40978:0:7","r04-c03:expanded-facade-max4m:40978:0:8"],"receiver_count":14,"periods":{"D":{"min":59.259075,"max":61.04305,"receiver_count":14,"unavailable_count":0},"E":{"min":57.04059,"max":58.824562,"receiver_count":14,"unavailable_count":0},"N":{"min":52.269375,"max":54.05335,"receiver_count":14,"unavailable_count":0}}}},{"type":"Feature","id":"lariac:392537889327","geometry":{"type":"Polygon","coordinates":[[[-118.55919097765417,34.18269028711117],[-118.55927396959764,34.182690123358455],[-118.55927382746225,34.18264912537133],[-118.55919086918743,34.18264928896847],[-118.55919097765417,34.18269028711117]]]},"properties":{"building_pk":40979,"building_key":"lariac:392537889327","source_tile":"r04-c03","source_tile_ids":["r04-c03"],"source_bld_id":"392537889327","height_m":3.222,"receiver_ids":[175717,175718,175719,175720,175721,175722,175723],"receiver_keys":["r04-c03:expanded-facade-max4m:40979:0:1","r04-c03:expanded-facade-max4m:40979:0:2","r04-c03:expanded-facade-max4m:40979:0:3","r04-c03:expanded-facade-max4m:40979:0:4","r04-c03:expanded-facade-max4m:40979:0:5","r04-c03:expanded-facade-max4m:40979:0:6","r04-c03:expanded-facade-max4m:40979:0:7"],"receiver_count":7,"periods":{"D":{"min":60.569534,"max":60.81801,"receiver_count":7,"unavailable_count":0},"E":{"min":58.351048,"max":58.59952,"receiver_count":7,"unavailable_count":0},"N":{"min":53.579834,"max":53.82831,"receiver_count":7,"unavailable_count":0}}}},{"type":"Feature","id":"lariac:390595889936","geometry":{"type":"Polygon","coordinates":[[[-118.56559877156432,34.18438574241183],[-118.56572175880089,34.18438819011186],[-118.56572507568582,34.1842724603977],[-118.56574491770797,34.18427286163586],[-118.5657440359575,34.18430380768556],[-118.56581705458359,34.18430525208352],[-118.56581868519014,34.18424825238748],[-118.56574613000909,34.1842468337709],[-118.56574591240033,34.18425378660214],[-118.56572041551392,34.184253273877175],[-118.5657206836613,34.18424401195291],[-118.56566310862108,34.18424288023147],[-118.56566294229441,34.18424763485605],[-118.56559243647116,34.18424623360929],[-118.56559109766901,34.184292679352964],[-118.56560144934471,34.18429287796958],[-118.56559877156432,34.18438574241183]]]},"properties":{"building_pk":41005,"building_key":"lariac:390595889936","source_tile":"r04-c03","source_tile_ids":["r04-c03"],"source_bld_id":"390595889936","height_m":5.273,"receiver_ids":[175771,175772,175773,175774,175775,175776,175777,175778,175779,175780,175781,175782,175783],"receiver_keys":["r04-c03:expanded-facade-max4m:41005:0:10","r04-c03:expanded-facade-max4m:41005:0:11","r04-c03:expanded-facade-max4m:41005:0:12","r04-c03:expanded-facade-max4m:41005:0:13","r04-c03:expanded-facade-max4m:41005:0:16","r04-c03:expanded-facade-max4m:41005:0:17","r04-c03:expanded-facade-max4m:41005:0:18","r04-c03:expanded-facade-max4m:41005:0:19","r04-c03:expanded-facade-max4m:41005:0:20","r04-c03:expanded-facade-max4m:41005:0:21","r04-c03:expanded-facade-max4m:41005:0:4","r04-c03:expanded-facade-max4m:41005:0:5","r04-c03:expanded-facade-max4m:41005:0:9"],"receiver_count":13,"periods":{"D":{"min":49.361385,"max":59.3096,"receiver_count":13,"unavailable_count":0},"E":{"min":47.1429,"max":57.091114,"receiver_count":13,"unavailable_count":0},"N":{"min":42.371685,"max":52.3199,"receiver_count":13,"unavailable_count":0}}}},{"type":"Feature","id":"lariac:393201888980","geometry":{"type":"Polygon","coordinates":[[[-118.55702809907883,34.18167348222902],[-118.55701830154825,34.18168182606877],[-118.5569942192549,34.181660201639076],[-118.55692855355704,34.181660366091734],[-118.55690304083362,34.18168208277122],[-118.5568955937973,34.181676071303265],[-118.55684088581226,34.181722652661335],[-118.5568832383648,34.181756999440516],[-118.55688380707939,34.181812531964525],[-118.5570177456934,34.18181158522795],[-118.55701744361707,34.18178124964582],[-118.55700630976946,34.18177253520405],[-118.55701547998446,34.18176446922543],[-118.55703057023113,34.18177629831233],[-118.55706403391926,34.18174685120439],[-118.5571366158333,34.181747588819846],[-118.55713771627232,34.18167462625936],[-118.55702809907883,34.18167348222902]]]},"properties":{"building_pk":41126,"building_key":"lariac:393201888980","source_tile":"r04-c03","source_tile_ids":["r04-c03"],"source_bld_id":"393201888980","height_m":8.083,"receiver_ids":[175914,175923,175924,175925,175926,175927,175928,175929,175930,175931],"receiver_keys":["r04-c03:expanded-facade-max4m:41126:0:11","r04-c03:expanded-facade-max4m:41126:0:12","r04-c03:expanded-facade-max4m:41126:0:15","r04-c03:expanded-facade-max4m:41126:0:16","r04-c03:expanded-facade-max4m:41126:0:17","r04-c03:expanded-facade-max4m:41126:0:18","r04-c03:expanded-facade-max4m:41126:0:19","r04-c03:expanded-facade-max4m:41126:0:2","r04-c03:expanded-facade-max4m:41126:0:20","r04-c03:expanded-facade-max4m:41126:0:21"],"receiver_count":10,"periods":{"D":{"min":48.515438,"max":60.59822,"receiver_count":10,"unavailable_count":0},"E":{"min":46.29695,"max":58.379734,"receiver_count":10,"unavailable_count":0},"N":{"min":41.525738,"max":53.60852,"receiver_count":10,"unavailable_count":0}}}},{"type":"Feature","id":"lariac:392851889053","geometry":{"type":"Polygon","coordinates":[[[-118.55799467214597,34.1818809465612],[-118.55799359507154,34.18197223652499],[-118.55800761638018,34.181972446808025],[-118.55800700417791,34.18200454552104],[-118.55822574722657,34.18200752005536],[-118.55822680910295,34.181953765967435],[-118.5582407640578,34.181953949483415],[-118.55824266803295,34.18185787300555],[-118.55813324670999,34.18185637205995],[-118.5581331203813,34.18186214342979],[-118.55810792259844,34.18186179270606],[-118.55810749874558,34.181882458965305],[-118.55799467214597,34.1818809465612]]]},"properties":{"building_pk":41192,"building_key":"lariac:392851889053","source_tile":"r04-c03","source_tile_ids":["r04-c03"],"source_bld_id":"392851889053","height_m":9.043,"receiver_ids":[176020,176021,176022,176023,176024,176025,176026,176027,176028,176029,176030,176031,176032,176033,176034,176035,176036],"receiver_keys":["r04-c03:expanded-facade-max4m:41192:0:1","r04-c03:expanded-facade-max4m:41192:0:10","r04-c03:expanded-facade-max4m:41192:0:12","r04-c03:expanded-facade-max4m:41192:0:14","r04-c03:expanded-facade-max4m:41192:0:15","r04-c03:expanded-facade-max4m:41192:0:16","r04-c03:expanded-facade-max4m:41192:0:17","r04-c03:expanded-facade-max4m:41192:0:19","r04-c03:expanded-facade-max4m:41192:0:2","r04-c03:expanded-facade-max4m:41192:0:20","r04-c03:expanded-facade-max4m:41192:0:3","r04-c03:expanded-facade-max4m:41192:0:4","r04-c03:expanded-facade-max4m:41192:0:5","r04-c03:expanded-facade-max4m:41192:0:6","r04-c03:expanded-facade-max4m:41192:0:7","r04-c03:expanded-facade-max4m:41192:0:8","r04-c03:expanded-facade-max4m:41192:0:9"],"receiver_count":17,"periods":{"D":{"min":47.201664,"max":58.415085,"receiver_count":17,"unavailable_count":0},"E":{"min":44.983177,"max":56.196598,"receiver_count":17,"unavailable_count":0},"N":{"min":40.211964,"max":51.425385,"receiver_count":17,"unavailable_count":0}}}},{"type":"Feature","id":"lariac:390933889791","geometry":{"type":"Polygon","coordinates":[[[-118.56460874014226,34.18387499712263],[-118.5644150940887,34.18387274100847],[-118.56441348399495,34.18396727640775],[-118.56455660286038,34.18396894436702],[-118.56455655730012,34.183971994506194],[-118.56459084900166,34.18397238438218],[-118.56459016880933,34.18401363323755],[-118.56467717092977,34.1840146560359],[-118.5646780914791,34.183960023524804],[-118.56460729258295,34.18395920006196],[-118.56460874014226,34.18387499712263]]]},"properties":{"building_pk":46089,"building_key":"lariac:390933889791","source_tile":"r04-c03","source_tile_ids":["r04-c03"],"source_bld_id":"390933889791","height_m":4.706,"receiver_ids":[178114,178115,178116,178117,178118,178119,178120,178121,178122,178123,178124],"receiver_keys":["r04-c03:expanded-facade-max4m:46089:0:10","r04-c03:expanded-facade-max4m:46089:0:15","r04-c03:expanded-facade-max4m:46089:0:16","r04-c03:expanded-facade-max4m:46089:0:17","r04-c03:expanded-facade-max4m:46089:0:19","r04-c03:expanded-facade-max4m:46089:0:20","r04-c03:expanded-facade-max4m:46089:0:5","r04-c03:expanded-facade-max4m:46089:0:6","r04-c03:expanded-facade-max4m:46089:0:7","r04-c03:expanded-facade-max4m:46089:0:8","r04-c03:expanded-facade-max4m:46089:0:9"],"receiver_count":11,"periods":{"D":{"min":52.763226,"max":59.915623,"receiver_count":11,"unavailable_count":0},"E":{"min":50.54474,"max":57.697136,"receiver_count":11,"unavailable_count":0},"N":{"min":45.773525,"max":52.925922,"receiver_count":11,"unavailable_count":0}}}},{"type":"Feature","id":"lariac:391768890042","geometry":{"type":"Polygon","coordinates":[[[-118.56188918454667,34.18467263039489],[-118.5618901250399,34.184620690734846],[-118.56185639482766,34.184620270437335],[-118.56185733774193,34.184568687778246],[-118.56183511527443,34.184568406046495],[-118.56183574505846,34.1845341372067],[-118.56181451537012,34.184533877905984],[-118.5618149958241,34.18450708356632],[-118.56176122708821,34.184506399306954],[-118.56176074756324,34.18453349565956],[-118.5617452712923,34.18453332051481],[-118.56174503242704,34.18454684118977],[-118.56170283666218,34.18454632313164],[-118.56170230847647,34.184575865600856],[-118.56170872361595,34.184575945797164],[-118.56170724579378,34.18465624604173],[-118.56170420365257,34.18465620517535],[-118.56170362537048,34.18468813877404],[-118.56179009933453,34.18468924904713],[-118.56179044242377,34.184671386048194],[-118.56188918454667,34.18467263039489]]]},"properties":{"building_pk":46101,"building_key":"lariac:391768890042","source_tile":"r04-c03","source_tile_ids":["r04-c03"],"source_bld_id":"391768890042","height_m":6.593,"receiver_ids":[178125,178126,178127,178128,178129,178130,178131,178132,178133,178134,178135,178136,178137],"receiver_keys":["r04-c03:expanded-facade-max4m:46101:0:10","r04-c03:expanded-facade-max4m:46101:0:11","r04-c03:expanded-facade-max4m:46101:0:12","r04-c03:expanded-facade-max4m:46101:0:13","r04-c03:expanded-facade-max4m:46101:0:15","r04-c03:expanded-facade-max4m:46101:0:16","r04-c03:expanded-facade-max4m:46101:0:18","r04-c03:expanded-facade-max4m:46101:0:19","r04-c03:expanded-facade-max4m:46101:0:2","r04-c03:expanded-facade-max4m:46101:0:3","r04-c03:expanded-facade-max4m:46101:0:4","r04-c03:expanded-facade-max4m:46101:0:5","r04-c03:expanded-facade-max4m:46101:0:8"],"receiver_count":13,"periods":{"D":{"min":55.851402,"max":62.48889,"receiver_count":13,"unavailable_count":0},"E":{"min":53.632915,"max":60.270405,"receiver_count":13,"unavailable_count":0},"N":{"min":48.861702,"max":55.49919,"receiver_count":13,"unavailable_count":0}}}},{"type":"Feature","id":"lariac:393042888994","geometry":{"type":"Polygon","coordinates":[[[-118.55758161057679,34.18177028286194],[-118.55758218756658,34.181741660670056],[-118.55752782347402,34.18174089433971],[-118.55752716006293,34.18177022374054],[-118.55758161057679,34.18177028286194]]]},"properties":{"building_pk":46115,"building_key":"lariac:393042888994","source_tile":"r04-c03","source_tile_ids":["r04-c03"],"source_bld_id":"393042888994","height_m":4.203,"receiver_ids":[178156,178157,178158,178159],"receiver_keys":["r04-c03:expanded-facade-max4m:46115:0:1","r04-c03:expanded-facade-max4m:46115:0:3","r04-c03:expanded-facade-max4m:46115:0:4","r04-c03:expanded-facade-max4m:46115:0:5"],"receiver_count":4,"periods":{"D":{"min":47.588486,"max":52.98441,"receiver_count":4,"unavailable_count":0},"E":{"min":45.37,"max":50.765923,"receiver_count":4,"unavailable_count":0},"N":{"min":40.598785,"max":45.99471,"receiver_count":4,"unavailable_count":0}}}},{"type":"Feature","id":"lariac:391956890211","geometry":{"type":"Polygon","coordinates":[[[-118.56124035532558,34.18513808930912],[-118.56123993207503,34.18502100314693],[-118.56114090119151,34.18502124264919],[-118.5611409369104,34.18503641097405],[-118.56108224601464,34.18503654531084],[-118.5610826006161,34.18513843715571],[-118.56124035532558,34.18513808930912]]]},"properties":{"building_pk":46122,"building_key":"lariac:391956890211","source_tile":"r04-c03","source_tile_ids":["r04-c03"],"source_bld_id":"391956890211","height_m":5.66,"receiver_ids":[178176,178177,178178,178179,178180],"receiver_keys":["r04-c03:expanded-facade-max4m:46122:0:1","r04-c03:expanded-facade-max4m:46122:0:13","r04-c03:expanded-facade-max4m:46122:0:14","r04-c03:expanded-facade-max4m:46122:0:4","r04-c03:expanded-facade-max4m:46122:0:5"],"receiver_count":5,"periods":{"D":{"min":49.705757,"max":57.39295,"receiver_count":5,"unavailable_count":0},"E":{"min":47.48727,"max":55.17446,"receiver_count":5,"unavailable_count":0},"N":{"min":42.716057,"max":50.403248,"receiver_count":5,"unavailable_count":0}}}},{"type":"Feature","id":"lariac:390499890474","geometry":{"type":"Polygon","coordinates":[[[-118.565912850653,34.18570198138093],[-118.56587032127221,34.18579371332078],[-118.56599180549514,34.18583260463061],[-118.56598313607132,34.185851276527245],[-118.56601044108689,34.18585999651751],[-118.56601956702525,34.1858403343893],[-118.56602357675028,34.185841634585536],[-118.56604016465324,34.18580586118533],[-118.56609785846982,34.18582435953961],[-118.56612774300666,34.18575989082479],[-118.56606822717475,34.18574082402333],[-118.56606542429105,34.1857467999596],[-118.56601558471652,34.185730848663674],[-118.56601118532399,34.18574040399099],[-118.56599720049061,34.18573590761551],[-118.5659999704619,34.1857298768406],[-118.565912850653,34.18570198138093]]]},"properties":{"building_pk":46206,"building_key":"lariac:390499890474","source_tile":"r04-c03","source_tile_ids":["r04-c03"],"source_bld_id":"390499890474","height_m":4.206,"receiver_ids":[178287,178288,178289,178290,178291,178292,178293,178294,178295,178296,178297,178298,178299,178300,178301,178302,178303,178304],"receiver_keys":["r04-c03:expanded-facade-max4m:46206:0:1","r04-c03:expanded-facade-max4m:46206:0:10","r04-c03:expanded-facade-max4m:46206:0:11","r04-c03:expanded-facade-max4m:46206:0:12","r04-c03:expanded-facade-max4m:46206:0:13","r04-c03:expanded-facade-max4m:46206:0:14","r04-c03:expanded-facade-max4m:46206:0:15","r04-c03:expanded-facade-max4m:46206:0:16","r04-c03:expanded-facade-max4m:46206:0:17","r04-c03:expanded-facade-max4m:46206:0:18","r04-c03:expanded-facade-max4m:46206:0:2","r04-c03:expanded-facade-max4m:46206:0:3","r04-c03:expanded-facade-max4m:46206:0:4","r04-c03:expanded-facade-max4m:46206:0:5","r04-c03:expanded-facade-max4m:46206:0:6","r04-c03:expanded-facade-max4m:46206:0:7","r04-c03:expanded-facade-max4m:46206:0:8","r04-c03:expanded-facade-max4m:46206:0:9"],"receiver_count":18,"periods":{"D":{"min":58.55825,"max":64.01772,"receiver_count":18,"unavailable_count":0},"E":{"min":56.339764,"max":61.799232,"receiver_count":18,"unavailable_count":0},"N":{"min":51.56855,"max":57.028023,"receiver_count":18,"unavailable_count":0}}}},{"type":"Feature","id":"lariac:391982889417","geometry":{"type":"Polygon","coordinates":[[[-118.56110714968416,34.182940266119104],[-118.56110747175639,34.182875001801115],[-118.56102930392923,34.182874705382034],[-118.56102894925264,34.18293996985071],[-118.56110714968416,34.182940266119104]]]},"properties":{"building_pk":46211,"building_key":"lariac:391982889417","source_tile":"r04-c03","source_tile_ids":["r04-c03"],"source_bld_id":"391982889417","height_m":3.545,"receiver_ids":[178322,178323,178324,178325,178326,178327,178328,178329],"receiver_keys":["r04-c03:expanded-facade-max4m:46211:0:1","r04-c03:expanded-facade-max4m:46211:0:2","r04-c03:expanded-facade-max4m:46211:0:3","r04-c03:expanded-facade-max4m:46211:0:4","r04-c03:expanded-facade-max4m:46211:0:5","r04-c03:expanded-facade-max4m:46211:0:6","r04-c03:expanded-facade-max4m:46211:0:7","r04-c03:expanded-facade-max4m:46211:0:8"],"receiver_count":8,"periods":{"D":{"min":60.10311,"max":60.776154,"receiver_count":8,"unavailable_count":0},"E":{"min":57.884624,"max":58.557663,"receiver_count":8,"unavailable_count":0},"N":{"min":53.11341,"max":53.786453,"receiver_count":8,"unavailable_count":0}}}},{"type":"Feature","id":"lariac:392207889346","geometry":{"type":"Polygon","coordinates":[[[-118.56044811248644,34.182760200858326],[-118.56047086162351,34.182760150436735],[-118.56047079939118,34.182736161522],[-118.56049480468806,34.18273610527491],[-118.56049447559823,34.182632895257136],[-118.560209097016,34.18263353042605],[-118.56020933614224,34.18270865774251],[-118.56020324306571,34.182712257884184],[-118.56020329696729,34.18272531019858],[-118.560210327956,34.182728437546956],[-118.56021054026601,34.18279455134379],[-118.56044820816855,34.18279402727394],[-118.56044811248644,34.182760200858326]]]},"properties":{"building_pk":46219,"building_key":"lariac:392207889346","source_tile":"r04-c03","source_tile_ids":["r04-c03"],"source_bld_id":"392207889346","height_m":3.566,"receiver_ids":[178335,178336,178337,178338,178339,178340,178341,178342,178343,178344,178345,178346,178347,178348,178349,178350,178351,178352,178353,178354,178355,178356],"receiver_keys":["r04-c03:expanded-facade-max4m:46219:0:1","r04-c03:expanded-facade-max4m:46219:0:10","r04-c03:expanded-facade-max4m:46219:0:11","r04-c03:expanded-facade-max4m:46219:0:12","r04-c03:expanded-facade-max4m:46219:0:13","r04-c03:expanded-facade-max4m:46219:0:14","r04-c03:expanded-facade-max4m:46219:0:15","r04-c03:expanded-facade-max4m:46219:0:16","r04-c03:expanded-facade-max4m:46219:0:17","r04-c03:expanded-facade-max4m:46219:0:18","r04-c03:expanded-facade-max4m:46219:0:19","r04-c03:expanded-facade-max4m:46219:0:20","r04-c03:expanded-facade-max4m:46219:0:21","r04-c03:expanded-facade-max4m:46219:0:22","r04-c03:expanded-facade-max4m:46219:0:23","r04-c03:expanded-facade-max4m:46219:0:3","r04-c03:expanded-facade-max4m:46219:0:4","r04-c03:expanded-facade-max4m:46219:0:5","r04-c03:expanded-facade-max4m:46219:0:6","r04-c03:expanded-facade-max4m:46219:0:7","r04-c03:expanded-facade-max4m:46219:0:8","r04-c03:expanded-facade-max4m:46219:0:9"],"receiver_count":22,"periods":{"D":{"min":58.484116,"max":60.177944,"receiver_count":22,"unavailable_count":0},"E":{"min":56.26563,"max":57.959454,"receiver_count":22,"unavailable_count":0},"N":{"min":51.494415,"max":53.188244,"receiver_count":22,"unavailable_count":0}}}},{"type":"Feature","id":"lariac:392455889196","geometry":{"type":"Polygon","coordinates":[[[-118.55953694872112,34.18232192337607],[-118.55953652842193,34.18228881248668],[-118.55945846757065,34.18228950355459],[-118.55945888783889,34.18232261444417],[-118.55953694872112,34.18232192337607]]]},"properties":{"building_pk":46304,"building_key":"lariac:392455889196","source_tile":"r04-c03","source_tile_ids":["r04-c03"],"source_bld_id":"392455889196","height_m":2.88,"receiver_ids":[178418,178419],"receiver_keys":["r04-c03:expanded-facade-max4m:46304:0:1","r04-c03:expanded-facade-max4m:46304:0:4"],"receiver_count":2,"periods":{"D":{"min":59.57453,"max":60.98643,"receiver_count":2,"unavailable_count":0},"E":{"min":57.356045,"max":58.767944,"receiver_count":2,"unavailable_count":0},"N":{"min":52.58483,"max":53.99673,"receiver_count":2,"unavailable_count":0}}}},{"type":"Feature","id":"lariac:391395889654","geometry":{"type":"Polygon","coordinates":[[[-118.56299555329961,34.18359164963822],[-118.56303311693998,34.183591439622425],[-118.56303305154645,34.18350818316218],[-118.56299466093851,34.183508337525566],[-118.56299555329961,34.18359164963822]]]},"properties":{"building_pk":46556,"building_key":"lariac:391395889654","source_tile":"r04-c03","source_tile_ids":["r04-c03"],"source_bld_id":"391395889654","height_m":2.63,"receiver_ids":[178672,178673,178674,178675,178676,178677,178678],"receiver_keys":["r04-c03:expanded-facade-max4m:46556:0:1","r04-c03:expanded-facade-max4m:46556:0:2","r04-c03:expanded-facade-max4m:46556:0:3","r04-c03:expanded-facade-max4m:46556:0:4","r04-c03:expanded-facade-max4m:46556:0:5","r04-c03:expanded-facade-max4m:46556:0:6","r04-c03:expanded-facade-max4m:46556:0:7"],"receiver_count":7,"periods":{"D":{"min":61.181683,"max":61.52211,"receiver_count":7,"unavailable_count":0},"E":{"min":58.963192,"max":59.303623,"receiver_count":7,"unavailable_count":0},"N":{"min":54.191982,"max":54.532413,"receiver_count":7,"unavailable_count":0}}}},{"type":"Feature","id":"lariac:390909889860","geometry":{"type":"Polygon","coordinates":[[[-118.56467225433,34.18418249436573],[-118.56467311168073,34.18408914349965],[-118.5646624309999,34.18408905632816],[-118.56466291844048,34.184038876766536],[-118.56458557481696,34.18403838586219],[-118.564585292862,34.184070181061664],[-118.56453757812449,34.184069881784254],[-118.56453738133665,34.18408972210035],[-118.56440855290313,34.18408889438727],[-118.56440771923081,34.18418081619097],[-118.56467225433,34.18418249436573]]]},"properties":{"building_pk":46575,"building_key":"lariac:390909889860","source_tile":"r04-c03","source_tile_ids":["r04-c03"],"source_bld_id":"390909889860","height_m":5.343,"receiver_ids":[178709,178710,178711,178712,178713,178714,178715,178716,178717,178718,178719,178720,178721,178722,178723],"receiver_keys":["r04-c03:expanded-facade-max4m:46575:0:1","r04-c03:expanded-facade-max4m:46575:0:10","r04-c03:expanded-facade-max4m:46575:0:11","r04-c03:expanded-facade-max4m:46575:0:12","r04-c03:expanded-facade-max4m:46575:0:13","r04-c03:expanded-facade-max4m:46575:0:14","r04-c03:expanded-facade-max4m:46575:0:15","r04-c03:expanded-facade-max4m:46575:0:2","r04-c03:expanded-facade-max4m:46575:0:20","r04-c03:expanded-facade-max4m:46575:0:21","r04-c03:expanded-facade-max4m:46575:0:3","r04-c03:expanded-facade-max4m:46575:0:4","r04-c03:expanded-facade-max4m:46575:0:7","r04-c03:expanded-facade-max4m:46575:0:8","r04-c03:expanded-facade-max4m:46575:0:9"],"receiver_count":15,"periods":{"D":{"min":51.4127,"max":59.736748,"receiver_count":15,"unavailable_count":0},"E":{"min":49.194214,"max":57.51826,"receiver_count":15,"unavailable_count":0},"N":{"min":44.423,"max":52.747047,"receiver_count":15,"unavailable_count":0}}}},{"type":"Feature","id":"lariac:392098889828","geometry":{"type":"Polygon","coordinates":[[[-118.5607784274012,34.18401064677921],[-118.56074270074977,34.183998336841235],[-118.5607565337284,34.183970601596734],[-118.56069604945738,34.18394975069357],[-118.56068172698868,34.18397842310201],[-118.56063211280663,34.18396131367405],[-118.56060832802306,34.184008990320066],[-118.56057979296635,34.18399914698433],[-118.56055571369679,34.18404740197332],[-118.56065252277692,34.18408078012654],[-118.56064622524275,34.18409336783576],[-118.56072381121051,34.184120102299765],[-118.5607784274012,34.18401064677921]]]},"properties":{"building_pk":46585,"building_key":"lariac:392098889828","source_tile":"r04-c03","source_tile_ids":["r04-c03"],"source_bld_id":"392098889828","height_m":5.148,"receiver_ids":[178724,178725,178726,178727,178728,178729,178730,178731,178732,178733,178734,178735,178736],"receiver_keys":["r04-c03:expanded-facade-max4m:46585:0:1","r04-c03:expanded-facade-max4m:46585:0:10","r04-c03:expanded-facade-max4m:46585:0:11","r04-c03:expanded-facade-max4m:46585:0:13","r04-c03:expanded-facade-max4m:46585:0:14","r04-c03:expanded-facade-max4m:46585:0:2","r04-c03:expanded-facade-max4m:46585:0:3","r04-c03:expanded-facade-max4m:46585:0:4","r04-c03:expanded-facade-max4m:46585:0:5","r04-c03:expanded-facade-max4m:46585:0:6","r04-c03:expanded-facade-max4m:46585:0:7","r04-c03:expanded-facade-max4m:46585:0:8","r04-c03:expanded-facade-max4m:46585:0:9"],"receiver_count":13,"periods":{"D":{"min":48.658123,"max":60.09385,"receiver_count":13,"unavailable_count":0},"E":{"min":46.439636,"max":57.875362,"receiver_count":13,"unavailable_count":0},"N":{"min":41.668423,"max":53.10415,"receiver_count":13,"unavailable_count":0}}}},{"type":"Feature","id":"lariac:392429889377","geometry":{"type":"Polygon","coordinates":[[[-118.55964570071149,34.18283306484334],[-118.55964598743226,34.18277465964997],[-118.55954616126841,34.18277415956743],[-118.55954610402219,34.182785371441646],[-118.55948873429043,34.18278508779606],[-118.5594885369395,34.18281490279083],[-118.55950454152621,34.18281496669202],[-118.55950439886051,34.182833185766434],[-118.55964570071149,34.18283306484334]]]},"properties":{"building_pk":46682,"building_key":"lariac:392429889377","source_tile":"r04-c03","source_tile_ids":["r04-c03"],"source_bld_id":"392429889377","height_m":4.06,"receiver_ids":[178850,178851,178852,178853,178854,178855,178856,178857,178858,178859],"receiver_keys":["r04-c03:expanded-facade-max4m:46682:0:1","r04-c03:expanded-facade-max4m:46682:0:10","r04-c03:expanded-facade-max4m:46682:0:11","r04-c03:expanded-facade-max4m:46682:0:2","r04-c03:expanded-facade-max4m:46682:0:3","r04-c03:expanded-facade-max4m:46682:0:4","r04-c03:expanded-facade-max4m:46682:0:6","r04-c03:expanded-facade-max4m:46682:0:7","r04-c03:expanded-facade-max4m:46682:0:8","r04-c03:expanded-facade-max4m:46682:0:9"],"receiver_count":10,"periods":{"D":{"min":55.683147,"max":57.872204,"receiver_count":10,"unavailable_count":0},"E":{"min":53.46466,"max":55.653717,"receiver_count":10,"unavailable_count":0},"N":{"min":48.693447,"max":50.882504,"receiver_count":10,"unavailable_count":0}}}},{"type":"Feature","id":"lariac:390725890346","geometry":{"type":"Polygon","coordinates":[[[-118.56526695270794,34.185479507231946],[-118.56529193514606,34.18542847211724],[-118.56521617334093,34.18540285807612],[-118.56519118978545,34.1854538940817],[-118.56526695270794,34.185479507231946]]]},"properties":{"building_pk":46701,"building_key":"lariac:390725890346","source_tile":"r04-c03","source_tile_ids":["r04-c03"],"source_bld_id":"390725890346","height_m":4.298,"receiver_ids":[178860,178861,178862,178863,178864,178865],"receiver_keys":["r04-c03:expanded-facade-max4m:46701:0:1","r04-c03:expanded-facade-max4m:46701:0:2","r04-c03:expanded-facade-max4m:46701:0:3","r04-c03:expanded-facade-max4m:46701:0:4","r04-c03:expanded-facade-max4m:46701:0:6","r04-c03:expanded-facade-max4m:46701:0:7"],"receiver_count":6,"periods":{"D":{"min":54.41904,"max":58.963306,"receiver_count":6,"unavailable_count":0},"E":{"min":52.200554,"max":56.74482,"receiver_count":6,"unavailable_count":0},"N":{"min":47.42934,"max":51.973606,"receiver_count":6,"unavailable_count":0}}}},{"type":"Feature","id":"lariac:391529888662","geometry":{"type":"Polygon","coordinates":[[[-118.56270753040667,34.18089327435392],[-118.5627074915346,34.18082856164865],[-118.56262615367957,34.1808285830366],[-118.56262609494767,34.18074625514018],[-118.56263743634172,34.18074625737529],[-118.5626684802559,34.1807212447445],[-118.56266856231449,34.180699123157936],[-118.56249695770906,34.1806987953488],[-118.5624968227495,34.18074754340494],[-118.56250733775515,34.180747577443455],[-118.562507056569,34.18084339853816],[-118.56253648381232,34.18084345370122],[-118.5625363549626,34.180892944602064],[-118.56270753040667,34.18089327435392]]]},"properties":{"building_pk":46743,"building_key":"lariac:391529888662","source_tile":"r04-c03","source_tile_ids":["r04-c03"],"source_bld_id":"391529888662","height_m":5.55,"receiver_ids":[178949,178950,178951,178952,178953,178954,178955,178956,178957,178958,178959,178960,178961,178962,178963,178964,178965,178966,178967,178968,178969,178970],"receiver_keys":["r04-c03:expanded-facade-max4m:46743:0:1","r04-c03:expanded-facade-max4m:46743:0:10","r04-c03:expanded-facade-max4m:46743:0:11","r04-c03:expanded-facade-max4m:46743:0:12","r04-c03:expanded-facade-max4m:46743:0:13","r04-c03:expanded-facade-max4m:46743:0:14","r04-c03:expanded-facade-max4m:46743:0:15","r04-c03:expanded-facade-max4m:46743:0:16","r04-c03:expanded-facade-max4m:46743:0:17","r04-c03:expanded-facade-max4m:46743:0:19","r04-c03:expanded-facade-max4m:46743:0:2","r04-c03:expanded-facade-max4m:46743:0:20","r04-c03:expanded-facade-max4m:46743:0:21","r04-c03:expanded-facade-max4m:46743:0:22","r04-c03:expanded-facade-max4m:46743:0:23","r04-c03:expanded-facade-max4m:46743:0:3","r04-c03:expanded-facade-max4m:46743:0:4","r04-c03:expanded-facade-max4m:46743:0:5","r04-c03:expanded-facade-max4m:46743:0:6","r04-c03:expanded-facade-max4m:46743:0:7","r04-c03:expanded-facade-max4m:46743:0:8","r04-c03:expanded-facade-max4m:46743:0:9"],"receiver_count":22,"periods":{"D":{"min":51.06962,"max":67.97118,"receiver_count":22,"unavailable_count":0},"E":{"min":48.85113,"max":65.7527,"receiver_count":22,"unavailable_count":0},"N":{"min":44.079918,"max":60.981487,"receiver_count":22,"unavailable_count":0}}}},{"type":"Feature","id":"lariac:391238890283","geometry":{"type":"Polygon","coordinates":[[[-118.56360599874525,34.18523750050379],[-118.56348799192165,34.18523827030149],[-118.56348835792531,34.18527789329679],[-118.56338889994562,34.18527854953547],[-118.56338947938465,34.185339852789404],[-118.56348768123202,34.185339202402545],[-118.56348803778553,34.18537742444123],[-118.56350499944895,34.1853772904259],[-118.56350516216014,34.185391600791284],[-118.56359001634829,34.18539161744258],[-118.56358988204433,34.18537749987551],[-118.5636073069199,34.1853773636875],[-118.56360599874525,34.18523750050379]]]},"properties":{"building_pk":46744,"building_key":"lariac:391238890283","source_tile":"r04-c03","source_tile_ids":["r04-c03"],"source_bld_id":"391238890283","height_m":4.645,"receiver_ids":[178971,178972,178973,178974,178975,178976,178977,178978,178979,178980,178981],"receiver_keys":["r04-c03:expanded-facade-max4m:46744:0:10","r04-c03:expanded-facade-max4m:46744:0:16","r04-c03:expanded-facade-max4m:46744:0:17","r04-c03:expanded-facade-max4m:46744:0:18","r04-c03:expanded-facade-max4m:46744:0:19","r04-c03:expanded-facade-max4m:46744:0:4","r04-c03:expanded-facade-max4m:46744:0:5","r04-c03:expanded-facade-max4m:46744:0:6","r04-c03:expanded-facade-max4m:46744:0:7","r04-c03:expanded-facade-max4m:46744:0:8","r04-c03:expanded-facade-max4m:46744:0:9"],"receiver_count":11,"periods":{"D":{"min":53.788315,"max":59.673923,"receiver_count":11,"unavailable_count":0},"E":{"min":51.569828,"max":57.455437,"receiver_count":11,"unavailable_count":0},"N":{"min":46.798615,"max":52.684223,"receiver_count":11,"unavailable_count":0}}}},{"type":"Feature","id":"lariac:391293889476","geometry":{"type":"Polygon","coordinates":[[[-118.5634089537938,34.183055145513165],[-118.56340866174872,34.18298241023447],[-118.563284901676,34.18298279374099],[-118.5632851647399,34.18304143350065],[-118.56322349989658,34.183041610681094],[-118.56322383939815,34.18312140844082],[-118.56323230391473,34.183121369024036],[-118.56323240754045,34.183130785177426],[-118.563321288012,34.18313058040951],[-118.56332161886908,34.183130578868614],[-118.56332125755529,34.183122685723085],[-118.56350430273025,34.183122135072935],[-118.56350404748524,34.183054867492174],[-118.5634089537938,34.183055145513165]]]},"properties":{"building_pk":46899,"building_key":"lariac:391293889476","source_tile":"r04-c03","source_tile_ids":["r04-c03"],"source_bld_id":"391293889476","height_m":4.545,"receiver_ids":[179137,179138,179139,179140,179141,179142,179143,179144],"receiver_keys":["r04-c03:expanded-facade-max4m:46899:0:10","r04-c03:expanded-facade-max4m:46899:0:11","r04-c03:expanded-facade-max4m:46899:0:12","r04-c03:expanded-facade-max4m:46899:0:13","r04-c03:expanded-facade-max4m:46899:0:6","r04-c03:expanded-facade-max4m:46899:0:7","r04-c03:expanded-facade-max4m:46899:0:8","r04-c03:expanded-facade-max4m:46899:0:9"],"receiver_count":8,"periods":{"D":{"min":55.951008,"max":61.992153,"receiver_count":8,"unavailable_count":0},"E":{"min":53.73252,"max":59.773666,"receiver_count":8,"unavailable_count":0},"N":{"min":48.961308,"max":55.002453,"receiver_count":8,"unavailable_count":0}}}},{"type":"Feature","id":"lariac:391431889393","geometry":{"type":"Polygon","coordinates":[[[-118.56290940333709,34.18280438892504],[-118.56287072204576,34.1828051459338],[-118.56287228361646,34.18286012478728],[-118.56291096384845,34.182859367782996],[-118.56290940333709,34.18280438892504]]]},"properties":{"building_pk":47182,"building_key":"lariac:391431889393","source_tile":"r04-c03","source_tile_ids":["r04-c03"],"source_bld_id":"391431889393","height_m":4.026,"receiver_ids":[179443,179444,179445,179446],"receiver_keys":["r04-c03:expanded-facade-max4m:47182:0:1","r04-c03:expanded-facade-max4m:47182:0:2","r04-c03:expanded-facade-max4m:47182:0:3","r04-c03:expanded-facade-max4m:47182:0:5"],"receiver_count":4,"periods":{"D":{"min":62.04685,"max":62.255383,"receiver_count":4,"unavailable_count":0},"E":{"min":59.82836,"max":60.036892,"receiver_count":4,"unavailable_count":0},"N":{"min":55.057148,"max":55.265682,"receiver_count":4,"unavailable_count":0}}}},{"type":"Feature","id":"lariac:391906889850","geometry":{"type":"Polygon","coordinates":[[[-118.5613993057364,34.184080642011025],[-118.56135820715062,34.18406626830893],[-118.56134811051007,34.184074311871036],[-118.56132755574957,34.18405646291934],[-118.56127779417245,34.18409607152169],[-118.56132665203198,34.18413846531404],[-118.5613993057364,34.184080642011025]]]},"properties":{"building_pk":47500,"building_key":"lariac:391906889850","source_tile":"r04-c03","source_tile_ids":["r04-c03"],"source_bld_id":"391906889850","height_m":4.49,"receiver_ids":[179779,179780,179781,179782,179783,179784],"receiver_keys":["r04-c03:expanded-facade-max4m:47500:0:1","r04-c03:expanded-facade-max4m:47500:0:3","r04-c03:expanded-facade-max4m:47500:0:4","r04-c03:expanded-facade-max4m:47500:0:5","r04-c03:expanded-facade-max4m:47500:0:7","r04-c03:expanded-facade-max4m:47500:0:8"],"receiver_count":6,"periods":{"D":{"min":56.503887,"max":61.91314,"receiver_count":6,"unavailable_count":0},"E":{"min":54.2854,"max":59.694653,"receiver_count":6,"unavailable_count":0},"N":{"min":49.514187,"max":54.92344,"receiver_count":6,"unavailable_count":0}}}},{"type":"Feature","id":"lariac:391494888928","geometry":{"type":"Polygon","coordinates":[[[-118.56273076369072,34.18159852860606],[-118.56273946075011,34.18159857108324],[-118.5627398014484,34.18150695361265],[-118.56252768977254,34.1815064013948],[-118.56252731449968,34.1815980740187],[-118.562678984195,34.181598494537354],[-118.56267889658209,34.18161979123644],[-118.56265938846049,34.181619744956755],[-118.5626591282259,34.1816841849841],[-118.56273041683457,34.18168440236324],[-118.56273076369072,34.18159852860606]]]},"properties":{"building_pk":47604,"building_key":"lariac:391494888928","source_tile":"r04-c03","source_tile_ids":["r04-c03"],"source_bld_id":"391494888928","height_m":4.855,"receiver_ids":[179828,179829,179830,179831,179832,179833,179834,179835,179836,179837,179838,179839,179840,179841,179842,179843,179844,179845,179846],"receiver_keys":["r04-c03:expanded-facade-max4m:47604:0:1","r04-c03:expanded-facade-max4m:47604:0:10","r04-c03:expanded-facade-max4m:47604:0:11","r04-c03:expanded-facade-max4m:47604:0:12","r04-c03:expanded-facade-max4m:47604:0:13","r04-c03:expanded-facade-max4m:47604:0:16","r04-c03:expanded-facade-max4m:47604:0:17","r04-c03:expanded-facade-max4m:47604:0:18","r04-c03:expanded-facade-max4m:47604:0:19","r04-c03:expanded-facade-max4m:47604:0:2","r04-c03:expanded-facade-max4m:47604:0:20","r04-c03:expanded-facade-max4m:47604:0:21","r04-c03:expanded-facade-max4m:47604:0:3","r04-c03:expanded-facade-max4m:47604:0:4","r04-c03:expanded-facade-max4m:47604:0:5","r04-c03:expanded-facade-max4m:47604:0:6","r04-c03:expanded-facade-max4m:47604:0:7","r04-c03:expanded-facade-max4m:47604:0:8","r04-c03:expanded-facade-max4m:47604:0:9"],"receiver_count":19,"periods":{"D":{"min":59.268867,"max":67.881294,"receiver_count":19,"unavailable_count":0},"E":{"min":57.05038,"max":65.66281,"receiver_count":19,"unavailable_count":0},"N":{"min":52.279167,"max":60.891598,"receiver_count":19,"unavailable_count":0}}}},{"type":"Feature","id":"lariac:391346890113","geometry":{"type":"Polygon","coordinates":[[[-118.56324308608406,34.18488234695057],[-118.56328824320921,34.18479238966923],[-118.56313432518253,34.184739000170524],[-118.56312721299766,34.184753157786794],[-118.56311594347369,34.184749253374314],[-118.56309150571894,34.18479789460136],[-118.56310267526443,34.184801772435215],[-118.56308955900478,34.184827911584726],[-118.56307567097404,34.184823084456845],[-118.56304963415823,34.184874948929945],[-118.56313332074576,34.18490396231247],[-118.56315886862087,34.1848531170403],[-118.56324308608406,34.18488234695057]]]},"properties":{"building_pk":47648,"building_key":"lariac:391346890113","source_tile":"r04-c03","source_tile_ids":["r04-c03"],"source_bld_id":"391346890113","height_m":4.734,"receiver_ids":[179923,179924,179925,179926,179927,179928,179929,179930,179931,179932,179933,179934,179935,179936,179937,179938,179939],"receiver_keys":["r04-c03:expanded-facade-max4m:47648:0:1","r04-c03:expanded-facade-max4m:47648:0:10","r04-c03:expanded-facade-max4m:47648:0:11","r04-c03:expanded-facade-max4m:47648:0:13","r04-c03:expanded-facade-max4m:47648:0:14","r04-c03:expanded-facade-max4m:47648:0:15","r04-c03:expanded-facade-max4m:47648:0:16","r04-c03:expanded-facade-max4m:47648:0:17","r04-c03:expanded-facade-max4m:47648:0:18","r04-c03:expanded-facade-max4m:47648:0:2","r04-c03:expanded-facade-max4m:47648:0:3","r04-c03:expanded-facade-max4m:47648:0:4","r04-c03:expanded-facade-max4m:47648:0:5","r04-c03:expanded-facade-max4m:47648:0:6","r04-c03:expanded-facade-max4m:47648:0:7","r04-c03:expanded-facade-max4m:47648:0:8","r04-c03:expanded-facade-max4m:47648:0:9"],"receiver_count":17,"periods":{"D":{"min":54.515892,"max":60.27842,"receiver_count":17,"unavailable_count":0},"E":{"min":52.297405,"max":58.059933,"receiver_count":17,"unavailable_count":0},"N":{"min":47.52619,"max":53.28872,"receiver_count":17,"unavailable_count":0}}}},{"type":"Feature","id":"lariac:391088889676","geometry":{"type":"Polygon","coordinates":[[[-118.56411871784474,34.183645936355084],[-118.56411832875486,34.183554103200414],[-118.5639438144541,34.18355461499968],[-118.56394362308923,34.18350666452241],[-118.5638603662168,34.18350691565281],[-118.56386061539817,34.183563438650715],[-118.56392492641088,34.18356324880967],[-118.5639252899607,34.18364650929264],[-118.56411871784474,34.183645936355084]]]},"properties":{"building_pk":47690,"building_key":"lariac:391088889676","source_tile":"r04-c03","source_tile_ids":["r04-c03"],"source_bld_id":"391088889676","height_m":3.627,"receiver_ids":[180010,180011,180012,180013],"receiver_keys":["r04-c03:expanded-facade-max4m:47690:0:12","r04-c03:expanded-facade-max4m:47690:0:13","r04-c03:expanded-facade-max4m:47690:0:15","r04-c03:expanded-facade-max4m:47690:0:16"],"receiver_count":4,"periods":{"D":{"min":60.256115,"max":60.967346,"receiver_count":4,"unavailable_count":0},"E":{"min":58.037624,"max":58.748856,"receiver_count":4,"unavailable_count":0},"N":{"min":53.266415,"max":53.977646,"receiver_count":4,"unavailable_count":0}}}},{"type":"Feature","id":"lariac:390124890215","geometry":{"type":"Polygon","coordinates":[[[-118.5672884851839,34.18514944439452],[-118.56728854770103,34.185109928479456],[-118.56730722983677,34.185109950844065],[-118.56730725424318,34.18508431259095],[-118.56738661270047,34.18508438030181],[-118.5673866532695,34.18504643137476],[-118.5673904220552,34.18504644074176],[-118.56739050063395,34.184984860336954],[-118.56729183116859,34.18498480116258],[-118.56729180417871,34.18500510769025],[-118.56717461746696,34.185005025279885],[-118.56717459122189,34.18501090618137],[-118.56710376408707,34.185010853325885],[-118.56710366202073,34.18510288172089],[-118.56717012488251,34.185102927093894],[-118.56717007550661,34.185149339766795],[-118.5672884851839,34.18514944439452]]]},"properties":{"building_pk":47782,"building_key":"lariac:390124890215","source_tile":"r04-c03","source_tile_ids":["r04-c03"],"source_bld_id":"390124890215","height_m":8.58,"receiver_ids":[180178,180179,180180,180181,180182,180183,180184,180185,180186,180187,180188,180189,180190,180191,180192,180193,180194,180195,180196,180197,180198,180199],"receiver_keys":["r04-c03:expanded-facade-max4m:47782:0:1","r04-c03:expanded-facade-max4m:47782:0:10","r04-c03:expanded-facade-max4m:47782:0:11","r04-c03:expanded-facade-max4m:47782:0:12","r04-c03:expanded-facade-max4m:47782:0:13","r04-c03:expanded-facade-max4m:47782:0:14","r04-c03:expanded-facade-max4m:47782:0:15","r04-c03:expanded-facade-max4m:47782:0:16","r04-c03:expanded-facade-max4m:47782:0:17","r04-c03:expanded-facade-max4m:47782:0:18","r04-c03:expanded-facade-max4m:47782:0:19","r04-c03:expanded-facade-max4m:47782:0:2","r04-c03:expanded-facade-max4m:47782:0:20","r04-c03:expanded-facade-max4m:47782:0:21","r04-c03:expanded-facade-max4m:47782:0:22","r04-c03:expanded-facade-max4m:47782:0:23","r04-c03:expanded-facade-max4m:47782:0:4","r04-c03:expanded-facade-max4m:47782:0:5","r04-c03:expanded-facade-max4m:47782:0:6","r04-c03:expanded-facade-max4m:47782:0:7","r04-c03:expanded-facade-max4m:47782:0:8","r04-c03:expanded-facade-max4m:47782:0:9"],"receiver_count":22,"periods":{"D":{"min":48.30636,"max":60.183643,"receiver_count":22,"unavailable_count":0},"E":{"min":46.087868,"max":57.965153,"receiver_count":22,"unavailable_count":0},"N":{"min":41.316658,"max":53.193943,"receiver_count":22,"unavailable_count":0}}}},{"type":"Feature","id":"lariac:391493889032","geometry":{"type":"Polygon","coordinates":[[[-118.56276218202117,34.18188911169272],[-118.56276179979946,34.18179807547573],[-118.56271524567798,34.18179820913762],[-118.56271511484573,34.18176397087745],[-118.56273131591888,34.181763923448024],[-118.56273110008199,34.18171223618351],[-118.56266275716956,34.1817124162054],[-118.56266272292865,34.1817073325535],[-118.56249498896587,34.18170781073719],[-118.56249531145933,34.181785025648004],[-118.56265818350109,34.18178454303641],[-118.56265823849998,34.18179754035214],[-118.56251262515379,34.181797970644865],[-118.56251301175588,34.181889858800844],[-118.56276218202117,34.18188911169272]]]},"properties":{"building_pk":47875,"building_key":"lariac:391493889032","source_tile":"r04-c03","source_tile_ids":["r04-c03"],"source_bld_id":"391493889032","height_m":5.118,"receiver_ids":[180319,180320,180321,180322,180323,180324,180325,180326,180327,180328,180329,180330,180331,180332,180333,180334,180335,180336,180337,180338],"receiver_keys":["r04-c03:expanded-facade-max4m:47875:0:1","r04-c03:expanded-facade-max4m:47875:0:10","r04-c03:expanded-facade-max4m:47875:0:11","r04-c03:expanded-facade-max4m:47875:0:12","r04-c03:expanded-facade-max4m:47875:0:13","r04-c03:expanded-facade-max4m:47875:0:14","r04-c03:expanded-facade-max4m:47875:0:2","r04-c03:expanded-facade-max4m:47875:0:23","r04-c03:expanded-facade-max4m:47875:0:24","r04-c03:expanded-facade-max4m:47875:0:25","r04-c03:expanded-facade-max4m:47875:0:26","r04-c03:expanded-facade-max4m:47875:0:27","r04-c03:expanded-facade-max4m:47875:0:28","r04-c03:expanded-facade-max4m:47875:0:29","r04-c03:expanded-facade-max4m:47875:0:3","r04-c03:expanded-facade-max4m:47875:0:30","r04-c03:expanded-facade-max4m:47875:0:6","r04-c03:expanded-facade-max4m:47875:0:7","r04-c03:expanded-facade-max4m:47875:0:8","r04-c03:expanded-facade-max4m:47875:0:9"],"receiver_count":20,"periods":{"D":{"min":57.894455,"max":68.43051,"receiver_count":20,"unavailable_count":0},"E":{"min":55.67597,"max":66.21202,"receiver_count":20,"unavailable_count":0},"N":{"min":50.904755,"max":61.440807,"receiver_count":20,"unavailable_count":0}}}},{"type":"Feature","id":"lariac:392565889787","geometry":{"type":"Polygon","coordinates":[[[-118.5592085464392,34.18403536459266],[-118.55923413358018,34.183985206955185],[-118.55921815887393,34.183979592970175],[-118.55922631789801,34.1839635618444],[-118.55925922865667,34.18397514327823],[-118.55928641507896,34.18392179037276],[-118.55918907237256,34.18388750754425],[-118.55919501314625,34.18387588350944],[-118.55911649522928,34.18384821747439],[-118.55910412561855,34.18387245678653],[-118.55911075429648,34.18387478909338],[-118.55906832625347,34.18395799944589],[-118.55908227954512,34.183962908771],[-118.55907017128352,34.18398665192348],[-118.5592085464392,34.18403536459266]]]},"properties":{"building_pk":48246,"building_key":"lariac:392565889787","source_tile":"r04-c03","source_tile_ids":["r04-c03"],"source_bld_id":"392565889787","height_m":6.514,"receiver_ids":[180602,180603,180604,180605,180606],"receiver_keys":["r04-c03:expanded-facade-max4m:48246:0:10","r04-c03:expanded-facade-max4m:48246:0:5","r04-c03:expanded-facade-max4m:48246:0:6","r04-c03:expanded-facade-max4m:48246:0:7","r04-c03:expanded-facade-max4m:48246:0:9"],"receiver_count":5,"periods":{"D":{"min":58.26425,"max":59.38046,"receiver_count":5,"unavailable_count":0},"E":{"min":56.045765,"max":57.161972,"receiver_count":5,"unavailable_count":0},"N":{"min":51.27455,"max":52.39076,"receiver_count":5,"unavailable_count":0}}}},{"type":"Feature","id":"lariac:391803889655","geometry":{"type":"Polygon","coordinates":[[[-118.5616790850319,34.18357597998075],[-118.56169105756054,34.18355185223414],[-118.56165072439961,34.18353802502021],[-118.56163875186128,34.18356215276278],[-118.5616790850319,34.18357597998075]]]},"properties":{"building_pk":48251,"building_key":"lariac:391803889655","source_tile":"r04-c03","source_tile_ids":["r04-c03"],"source_bld_id":"391803889655","height_m":2.097,"receiver_ids":[180607,180608,180609],"receiver_keys":["r04-c03:expanded-facade-max4m:48251:0:1","r04-c03:expanded-facade-max4m:48251:0:3","r04-c03:expanded-facade-max4m:48251:0:4"],"receiver_count":3,"periods":{"D":{"min":58.707626,"max":61.134655,"receiver_count":3,"unavailable_count":0},"E":{"min":56.48914,"max":58.91617,"receiver_count":3,"unavailable_count":0},"N":{"min":51.717926,"max":54.144955,"receiver_count":3,"unavailable_count":0}}}},{"type":"Feature","id":"lariac:391515889194","geometry":{"type":"Polygon","coordinates":[[[-118.56276790586593,34.18234617279042],[-118.56276844013091,34.18226348602299],[-118.56267407040662,34.182263046078155],[-118.56267443403624,34.18220896522083],[-118.56271857700034,34.182209171857636],[-118.56271892604174,34.182157921918616],[-118.56266988936066,34.18215768305425],[-118.5626699482766,34.18215177405544],[-118.56255792212669,34.18215127912487],[-118.56255745171427,34.182223825918925],[-118.56249902489368,34.18222357566602],[-118.5624988234404,34.18225262167196],[-118.56255721773837,34.18225287207624],[-118.56255661587707,34.182345204784134],[-118.56276790586593,34.18234617279042]]]},"properties":{"building_pk":48618,"building_key":"lariac:391515889194","source_tile":"r04-c03","source_tile_ids":["r04-c03"],"source_bld_id":"391515889194","height_m":5.029,"receiver_ids":[181056,181057,181058,181059,181060,181061,181062,181063,181064,181065,181066,181067,181068,181069,181070,181071,181072,181073],"receiver_keys":["r04-c03:expanded-facade-max4m:48618:0:1","r04-c03:expanded-facade-max4m:48618:0:10","r04-c03:expanded-facade-max4m:48618:0:11","r04-c03:expanded-facade-max4m:48618:0:12","r04-c03:expanded-facade-max4m:48618:0:13","r04-c03:expanded-facade-max4m:48618:0:14","r04-c03:expanded-facade-max4m:48618:0:16","r04-c03:expanded-facade-max4m:48618:0:17","r04-c03:expanded-facade-max4m:48618:0:18","r04-c03:expanded-facade-max4m:48618:0:2","r04-c03:expanded-facade-max4m:48618:0:20","r04-c03:expanded-facade-max4m:48618:0:21","r04-c03:expanded-facade-max4m:48618:0:3","r04-c03:expanded-facade-max4m:48618:0:4","r04-c03:expanded-facade-max4m:48618:0:6","r04-c03:expanded-facade-max4m:48618:0:7","r04-c03:expanded-facade-max4m:48618:0:8","r04-c03:expanded-facade-max4m:48618:0:9"],"receiver_count":18,"periods":{"D":{"min":52.978107,"max":68.12743,"receiver_count":18,"unavailable_count":0},"E":{"min":50.759617,"max":65.90895,"receiver_count":18,"unavailable_count":0},"N":{"min":45.988407,"max":61.137737,"receiver_count":18,"unavailable_count":0}}}},{"type":"Feature","id":"lariac:392028889395","geometry":{"type":"Polygon","coordinates":[[[-118.56093648467981,34.18285906044841],[-118.5609353117025,34.18282718997133],[-118.56089735956114,34.18282813589786],[-118.5608985325179,34.18286000547374],[-118.56093648467981,34.18285906044841]]]},"properties":{"building_pk":48625,"building_key":"lariac:392028889395","source_tile":"r04-c03","source_tile_ids":["r04-c03"],"source_bld_id":"392028889395","height_m":3.097,"receiver_ids":[181074,181075,181076,181077],"receiver_keys":["r04-c03:expanded-facade-max4m:48625:0:1","r04-c03:expanded-facade-max4m:48625:0:2","r04-c03:expanded-facade-max4m:48625:0:3","r04-c03:expanded-facade-max4m:48625:0:4"],"receiver_count":4,"periods":{"D":{"min":60.45907,"max":60.79185,"receiver_count":4,"unavailable_count":0},"E":{"min":58.24058,"max":58.573364,"receiver_count":4,"unavailable_count":0},"N":{"min":53.469368,"max":53.80215,"receiver_count":4,"unavailable_count":0}}}},{"type":"Feature","id":"lariac:391792889141","geometry":{"type":"Polygon","coordinates":[[[-118.56174217420394,34.18218999914763],[-118.56174054082172,34.18213342398114],[-118.56176421232084,34.182132957025644],[-118.56176199443983,34.18205399200531],[-118.56165742491194,34.18205601658555],[-118.56164586389231,34.18206758390001],[-118.561646155206,34.18212575652607],[-118.56154243453187,34.18212610019137],[-118.56154230065243,34.18210134259084],[-118.56143881016597,34.18210171304658],[-118.56143884728327,34.18210723573747],[-118.56138558173934,34.18210742798862],[-118.56138595976131,34.182188215462084],[-118.56151477673785,34.18218778246828],[-118.5615150507765,34.18219014144023],[-118.56174217420394,34.18218999914763]]]},"properties":{"building_pk":48681,"building_key":"lariac:391792889141","source_tile":"r04-c03","source_tile_ids":["r04-c03"],"source_bld_id":"391792889141","height_m":6.593,"receiver_ids":[181114,181115,181116,181117,181118,181119,181120,181121,181122,181123,181124,181125,181126,181127,181128,181129,181130,181131,181132,181133,181134,181135,181136,181137,181138],"receiver_keys":["r04-c03:expanded-facade-max4m:48681:0:1","r04-c03:expanded-facade-max4m:48681:0:10","r04-c03:expanded-facade-max4m:48681:0:11","r04-c03:expanded-facade-max4m:48681:0:13","r04-c03:expanded-facade-max4m:48681:0:14","r04-c03:expanded-facade-max4m:48681:0:15","r04-c03:expanded-facade-max4m:48681:0:16","r04-c03:expanded-facade-max4m:48681:0:17","r04-c03:expanded-facade-max4m:48681:0:18","r04-c03:expanded-facade-max4m:48681:0:19","r04-c03:expanded-facade-max4m:48681:0:20","r04-c03:expanded-facade-max4m:48681:0:21","r04-c03:expanded-facade-max4m:48681:0:22","r04-c03:expanded-facade-max4m:48681:0:23","r04-c03:expanded-facade-max4m:48681:0:24","r04-c03:expanded-facade-max4m:48681:0:25","r04-c03:expanded-facade-max4m:48681:0:26","r04-c03:expanded-facade-max4m:48681:0:27","r04-c03:expanded-facade-max4m:48681:0:3","r04-c03:expanded-facade-max4m:48681:0:4","r04-c03:expanded-facade-max4m:48681:0:5","r04-c03:expanded-facade-max4m:48681:0:6","r04-c03:expanded-facade-max4m:48681:0:7","r04-c03:expanded-facade-max4m:48681:0:8","r04-c03:expanded-facade-max4m:48681:0:9"],"receiver_count":25,"periods":{"D":{"min":48.844532,"max":62.77558,"receiver_count":25,"unavailable_count":0},"E":{"min":46.626045,"max":60.55709,"receiver_count":25,"unavailable_count":0},"N":{"min":41.85483,"max":55.78588,"receiver_count":25,"unavailable_count":0}}}},{"type":"Feature","id":"lariac:201700286267","geometry":{"type":"Polygon","coordinates":[[[-118.56253325313031,34.180439401759884],[-118.56270886849936,34.18043953775822],[-118.56270902334299,34.18030099935289],[-118.56265400970602,34.18030094336089],[-118.56265405749704,34.180258593973264],[-118.56251728522312,34.18025848910751],[-118.56251723105268,34.18030747299254],[-118.56253290070303,34.180307484857366],[-118.56253282307578,34.18037634250497],[-118.56251882071503,34.180376330999444],[-118.5625187904638,34.18040341354566],[-118.56253329399806,34.18040342542487],[-118.56253325313031,34.180439401759884]]]},"properties":{"building_pk":49479,"building_key":"lariac:201700286267","source_tile":"r04-c03","source_tile_ids":["r04-c03"],"source_bld_id":"201700286267","height_m":5.706,"receiver_ids":[181936,181937,181938,181939,181940,181941,181942,181943,181944,181945,181946,181947,181948,181949,181950],"receiver_keys":["r04-c03:expanded-facade-max4m:49479:0:1","r04-c03:expanded-facade-max4m:49479:0:11","r04-c03:expanded-facade-max4m:49479:0:12","r04-c03:expanded-facade-max4m:49479:0:15","r04-c03:expanded-facade-max4m:49479:0:17","r04-c03:expanded-facade-max4m:49479:0:19","r04-c03:expanded-facade-max4m:49479:0:2","r04-c03:expanded-facade-max4m:49479:0:20","r04-c03:expanded-facade-max4m:49479:0:3","r04-c03:expanded-facade-max4m:49479:0:4","r04-c03:expanded-facade-max4m:49479:0:5","r04-c03:expanded-facade-max4m:49479:0:6","r04-c03:expanded-facade-max4m:49479:0:7","r04-c03:expanded-facade-max4m:49479:0:8","r04-c03:expanded-facade-max4m:49479:0:9"],"receiver_count":15,"periods":{"D":{"min":57.94302,"max":68.08413,"receiver_count":15,"unavailable_count":0},"E":{"min":55.724533,"max":65.86564,"receiver_count":15,"unavailable_count":0},"N":{"min":50.95332,"max":61.09443,"receiver_count":15,"unavailable_count":0}}}},{"type":"Feature","id":"lariac:201700286310","geometry":{"type":"Polygon","coordinates":[[[-118.56293776654721,34.18098596361537],[-118.56299320195299,34.18098592105174],[-118.56299311567301,34.18090809018754],[-118.56292556111383,34.18090813055806],[-118.56292562350072,34.18096455615468],[-118.56293774263493,34.18096454662796],[-118.56293776654721,34.18098596361537]]]},"properties":{"building_pk":49480,"building_key":"lariac:201700286310","source_tile":"r04-c03","source_tile_ids":["r04-c03"],"source_bld_id":"201700286310","height_m":2.335,"receiver_ids":[181951,181952,181953,181954,181955,181956,181957],"receiver_keys":["r04-c03:expanded-facade-max4m:49480:0:2","r04-c03:expanded-facade-max4m:49480:0:3","r04-c03:expanded-facade-max4m:49480:0:4","r04-c03:expanded-facade-max4m:49480:0:5","r04-c03:expanded-facade-max4m:49480:0:6","r04-c03:expanded-facade-max4m:49480:0:7","r04-c03:expanded-facade-max4m:49480:0:8"],"receiver_count":7,"periods":{"D":{"min":64.142815,"max":64.410286,"receiver_count":7,"unavailable_count":0},"E":{"min":61.924324,"max":62.1918,"receiver_count":7,"unavailable_count":0},"N":{"min":57.15311,"max":57.420586,"receiver_count":7,"unavailable_count":0}}}},{"type":"Feature","id":"lariac:201700286411","geometry":{"type":"Polygon","coordinates":[[[-118.55822285427408,34.18222443241439],[-118.55822285806937,34.18222500036991],[-118.55828235953861,34.18222470950587],[-118.55828199228428,34.18217284083289],[-118.55827536872003,34.18217287320927],[-118.5582752394369,34.18215466440832],[-118.55823275035642,34.182154872242556],[-118.55823237662727,34.1821018676532],[-118.55819534934965,34.182102048462454],[-118.55819532269311,34.182098221528754],[-118.55804493450414,34.182098956069396],[-118.55804582699118,34.182225249332106],[-118.55822285427408,34.18222443241439]]]},"properties":{"building_pk":49483,"building_key":"lariac:201700286411","source_tile":"r04-c03","source_tile_ids":["r04-c03"],"source_bld_id":"201700286411","height_m":5.788,"receiver_ids":[181991,181992,181993,181994,181995,181996,181997,181998,181999,182000,182001,182002,182003],"receiver_keys":["r04-c03:expanded-facade-max4m:49483:0:10","r04-c03:expanded-facade-max4m:49483:0:11","r04-c03:expanded-facade-max4m:49483:0:12","r04-c03:expanded-facade-max4m:49483:0:13","r04-c03:expanded-facade-max4m:49483:0:14","r04-c03:expanded-facade-max4m:49483:0:17","r04-c03:expanded-facade-max4m:49483:0:2","r04-c03:expanded-facade-max4m:49483:0:3","r04-c03:expanded-facade-max4m:49483:0:4","r04-c03:expanded-facade-max4m:49483:0:6","r04-c03:expanded-facade-max4m:49483:0:7","r04-c03:expanded-facade-max4m:49483:0:8","r04-c03:expanded-facade-max4m:49483:0:9"],"receiver_count":13,"periods":{"D":{"min":46.800896,"max":58.69461,"receiver_count":13,"unavailable_count":0},"E":{"min":44.58241,"max":56.47612,"receiver_count":13,"unavailable_count":0},"N":{"min":39.811195,"max":51.70491,"receiver_count":13,"unavailable_count":0}}}},{"type":"Feature","id":"lariac:201700286433","geometry":{"type":"Polygon","coordinates":[[[-118.55918002925907,34.18239671726077],[-118.55933951392659,34.18239904326218],[-118.55934107729358,34.18232632465324],[-118.55934098616109,34.18232632327161],[-118.5592107675533,34.18232207780676],[-118.5592113678913,34.18229362318376],[-118.55918538108736,34.18229307528753],[-118.55918002925907,34.18239671726077]]]},"properties":{"building_pk":49485,"building_key":"lariac:201700286433","source_tile":"r04-c03","source_tile_ids":["r04-c03"],"source_bld_id":"201700286433","height_m":3.789,"receiver_ids":[182004,182005,182006,182007,182008,182009,182010,182011,182012,182013,182014,182015],"receiver_keys":["r04-c03:expanded-facade-max4m:49485:0:1","r04-c03:expanded-facade-max4m:49485:0:10","r04-c03:expanded-facade-max4m:49485:0:11","r04-c03:expanded-facade-max4m:49485:0:12","r04-c03:expanded-facade-max4m:49485:0:13","r04-c03:expanded-facade-max4m:49485:0:2","r04-c03:expanded-facade-max4m:49485:0:3","r04-c03:expanded-facade-max4m:49485:0:4","r04-c03:expanded-facade-max4m:49485:0:5","r04-c03:expanded-facade-max4m:49485:0:6","r04-c03:expanded-facade-max4m:49485:0:7","r04-c03:expanded-facade-max4m:49485:0:8"],"receiver_count":12,"periods":{"D":{"min":60.34738,"max":60.74912,"receiver_count":12,"unavailable_count":0},"E":{"min":58.128895,"max":58.530632,"receiver_count":12,"unavailable_count":0},"N":{"min":53.35768,"max":53.75942,"receiver_count":12,"unavailable_count":0}}}},{"type":"Feature","id":"lariac:201700286619","geometry":{"type":"Polygon","coordinates":[[[-118.56548409674556,34.184229680242964],[-118.56551008704164,34.18422984632057],[-118.56551021460817,34.184215999796436],[-118.56548822315608,34.18421585919872],[-118.56548844442936,34.18419197713946],[-118.56542041100668,34.184191542409536],[-118.56542014960571,34.18422728898797],[-118.56548411586314,34.18422769675465],[-118.56548409674556,34.184229680242964]]]},"properties":{"building_pk":49492,"building_key":"lariac:201700286619","source_tile":"r04-c03","source_tile_ids":["r04-c03"],"source_bld_id":"201700286619","height_m":3.066,"receiver_ids":[182016,182017,182018,182019,182020,182021],"receiver_keys":["r04-c03:expanded-facade-max4m:49492:0:1","r04-c03:expanded-facade-max4m:49492:0:3","r04-c03:expanded-facade-max4m:49492:0:4","r04-c03:expanded-facade-max4m:49492:0:5","r04-c03:expanded-facade-max4m:49492:0:6","r04-c03:expanded-facade-max4m:49492:0:7"],"receiver_count":6,"periods":{"D":{"min":56.27046,"max":59.406876,"receiver_count":6,"unavailable_count":0},"E":{"min":54.05197,"max":57.188385,"receiver_count":6,"unavailable_count":0},"N":{"min":49.280758,"max":52.417175,"receiver_count":6,"unavailable_count":0}}}},{"type":"Feature","id":"lariac:391915889908","geometry":{"type":"Polygon","coordinates":[[[-118.56136769413547,34.18414442967958],[-118.56134592304275,34.184162063064136],[-118.5613391567371,34.18416396246773],[-118.56133320834287,34.18416440208025],[-118.56132794646668,34.18416368543061],[-118.56132125669905,34.1841621225461],[-118.5613044953888,34.184147800859364],[-118.56129236047867,34.18415763983603],[-118.56128936663973,34.18415509784992],[-118.5612794683168,34.18416311343956],[-118.56126989100416,34.18415496915206],[-118.5612447653592,34.18417531009753],[-118.561254475937,34.18418359080348],[-118.56123263881966,34.184201251520214],[-118.56120906042172,34.1841811086238],[-118.56116094732187,34.184220022551585],[-118.56122449945238,34.18427424679725],[-118.56121611367219,34.18428101754236],[-118.5612738789056,34.1843303218374],[-118.56129742603105,34.1843112521772],[-118.56129416692195,34.184308464398974],[-118.56133859718841,34.18427248040146],[-118.56134275424917,34.18427603302873],[-118.56138692036949,34.184240298163985],[-118.56138416086368,34.18423792007528],[-118.56143194466867,34.184199254610085],[-118.56136769413547,34.18414442967958]]]},"properties":{"building_pk":53590,"building_key":"lariac:391915889908","source_tile":"r04-c03","source_tile_ids":["r04-c03"],"source_bld_id":"391915889908","height_m":5.651,"receiver_ids":[183294,183295,183296,183297,183298,183299,183300,183301,183302,183303,183304,183305,183306,183307,183308,183309,183310],"receiver_keys":["r04-c03:expanded-facade-max4m:53590:0:1","r04-c03:expanded-facade-max4m:53590:0:10","r04-c03:expanded-facade-max4m:53590:0:11","r04-c03:expanded-facade-max4m:53590:0:12","r04-c03:expanded-facade-max4m:53590:0:13","r04-c03:expanded-facade-max4m:53590:0:14","r04-c03:expanded-facade-max4m:53590:0:15","r04-c03:expanded-facade-max4m:53590:0:16","r04-c03:expanded-facade-max4m:53590:0:17","r04-c03:expanded-facade-max4m:53590:0:18","r04-c03:expanded-facade-max4m:53590:0:19","r04-c03:expanded-facade-max4m:53590:0:4","r04-c03:expanded-facade-max4m:53590:0:5","r04-c03:expanded-facade-max4m:53590:0:6","r04-c03:expanded-facade-max4m:53590:0:7","r04-c03:expanded-facade-max4m:53590:0:8","r04-c03:expanded-facade-max4m:53590:0:9"],"receiver_count":17,"periods":{"D":{"min":49.887207,"max":61.776638,"receiver_count":17,"unavailable_count":0},"E":{"min":47.66872,"max":59.55815,"receiver_count":17,"unavailable_count":0},"N":{"min":42.897507,"max":54.786938,"receiver_count":17,"unavailable_count":0}}}},{"type":"Feature","id":"lariac:391482890242","geometry":{"type":"Polygon","coordinates":[[[-118.56278425927813,34.18523973285349],[-118.56282629915698,34.185148471291775],[-118.56274090523746,34.185121279547765],[-118.56277466782632,34.18504805585713],[-118.56270242972006,34.18502503472527],[-118.56267736823209,34.1850793675169],[-118.56267120388962,34.185077390256254],[-118.56265807063495,34.18510586443842],[-118.56266496327895,34.185108058288634],[-118.56262487702352,34.18519496886619],[-118.56267898978975,34.18521219449103],[-118.56268140193588,34.185206961521864],[-118.56278425927813,34.18523973285349]]]},"properties":{"building_pk":53598,"building_key":"lariac:391482890242","source_tile":"r04-c03","source_tile_ids":["r04-c03"],"source_bld_id":"391482890242","height_m":4.569,"receiver_ids":[183318,183319,183320,183321,183322,183323,183324,183325,183326,183327,183328,183329,183330,183331,183332,183333,183334,183335],"receiver_keys":["r04-c03:expanded-facade-max4m:53598:0:1","r04-c03:expanded-facade-max4m:53598:0:10","r04-c03:expanded-facade-max4m:53598:0:11","r04-c03:expanded-facade-max4m:53598:0:12","r04-c03:expanded-facade-max4m:53598:0:13","r04-c03:expanded-facade-max4m:53598:0:14","r04-c03:expanded-facade-max4m:53598:0:15","r04-c03:expanded-facade-max4m:53598:0:16","r04-c03:expanded-facade-max4m:53598:0:17","r04-c03:expanded-facade-max4m:53598:0:18","r04-c03:expanded-facade-max4m:53598:0:19","r04-c03:expanded-facade-max4m:53598:0:2","r04-c03:expanded-facade-max4m:53598:0:4","r04-c03:expanded-facade-max4m:53598:0:5","r04-c03:expanded-facade-max4m:53598:0:6","r04-c03:expanded-facade-max4m:53598:0:7","r04-c03:expanded-facade-max4m:53598:0:8","r04-c03:expanded-facade-max4m:53598:0:9"],"receiver_count":18,"periods":{"D":{"min":55.91906,"max":61.795643,"receiver_count":18,"unavailable_count":0},"E":{"min":53.700573,"max":59.577156,"receiver_count":18,"unavailable_count":0},"N":{"min":48.92936,"max":54.805943,"receiver_count":18,"unavailable_count":0}}}},{"type":"Feature","id":"lariac:391383890522","geometry":{"type":"Polygon","coordinates":[[[-118.56315393997183,34.18598093835141],[-118.56315467401511,34.185883686190685],[-118.56310517174813,34.185883422614],[-118.56310574719116,34.185806890496266],[-118.56303091510591,34.18580649688606],[-118.56303033382494,34.18588201208772],[-118.56298701535843,34.18588177377008],[-118.5629862881559,34.18598006988598],[-118.56315393997183,34.18598093835141]]]},"properties":{"building_pk":53600,"building_key":"lariac:391383890522","source_tile":"r04-c03","source_tile_ids":["r04-c03"],"source_bld_id":"391383890522","height_m":4.106,"receiver_ids":[183336,183337,183338,183339,183340,183341,183342,183343,183344,183345,183346,183347,183348,183349,183350],"receiver_keys":["r04-c03:expanded-facade-max4m:53600:0:10","r04-c03:expanded-facade-max4m:53600:0:11","r04-c03:expanded-facade-max4m:53600:0:12","r04-c03:expanded-facade-max4m:53600:0:13","r04-c03:expanded-facade-max4m:53600:0:14","r04-c03:expanded-facade-max4m:53600:0:15","r04-c03:expanded-facade-max4m:53600:0:16","r04-c03:expanded-facade-max4m:53600:0:17","r04-c03:expanded-facade-max4m:53600:0:18","r04-c03:expanded-facade-max4m:53600:0:4","r04-c03:expanded-facade-max4m:53600:0:5","r04-c03:expanded-facade-max4m:53600:0:6","r04-c03:expanded-facade-max4m:53600:0:7","r04-c03:expanded-facade-max4m:53600:0:8","r04-c03:expanded-facade-max4m:53600:0:9"],"receiver_count":15,"periods":{"D":{"min":59.448235,"max":63.206852,"receiver_count":15,"unavailable_count":0},"E":{"min":57.229744,"max":60.988365,"receiver_count":15,"unavailable_count":0},"N":{"min":52.458534,"max":56.21715,"receiver_count":15,"unavailable_count":0}}}},{"type":"Feature","id":"lariac:390708890395","geometry":{"type":"Polygon","coordinates":[[[-118.56522660770658,34.18561085433987],[-118.56522201157044,34.18562068552873],[-118.56532073078294,34.185652512099665],[-118.56532337086954,34.185646838959364],[-118.56536380025442,34.18565989548878],[-118.56538061906429,34.18562390112397],[-118.56537074379723,34.18562070532848],[-118.5653754693106,34.18561059765632],[-118.56535190833603,34.185603014000904],[-118.56539366063205,34.185513566786994],[-118.56528930780755,34.185479952697236],[-118.56527180511773,34.18551748828109],[-118.56522262830862,34.18550164355081],[-118.56520897186284,34.18553091742442],[-118.56517520406125,34.18552002858459],[-118.565145087281,34.1855845801866],[-118.56522660770658,34.18561085433987]]]},"properties":{"building_pk":53618,"building_key":"lariac:390708890395","source_tile":"r04-c03","source_tile_ids":["r04-c03"],"source_bld_id":"390708890395","height_m":4.968,"receiver_ids":[183351,183352,183353,183354,183355,183356,183357,183358,183359,183360,183361,183362,183363,183364,183365,183366,183367],"receiver_keys":["r04-c03:expanded-facade-max4m:53618:0:1","r04-c03:expanded-facade-max4m:53618:0:10","r04-c03:expanded-facade-max4m:53618:0:11","r04-c03:expanded-facade-max4m:53618:0:12","r04-c03:expanded-facade-max4m:53618:0:13","r04-c03:expanded-facade-max4m:53618:0:14","r04-c03:expanded-facade-max4m:53618:0:15","r04-c03:expanded-facade-max4m:53618:0:16","r04-c03:expanded-facade-max4m:53618:0:17","r04-c03:expanded-facade-max4m:53618:0:18","r04-c03:expanded-facade-max4m:53618:0:19","r04-c03:expanded-facade-max4m:53618:0:2","r04-c03:expanded-facade-max4m:53618:0:20","r04-c03:expanded-facade-max4m:53618:0:3","r04-c03:expanded-facade-max4m:53618:0:4","r04-c03:expanded-facade-max4m:53618:0:8","r04-c03:expanded-facade-max4m:53618:0:9"],"receiver_count":17,"periods":{"D":{"min":53.087112,"max":58.69383,"receiver_count":17,"unavailable_count":0},"E":{"min":50.868626,"max":56.47534,"receiver_count":17,"unavailable_count":0},"N":{"min":46.097412,"max":51.70413,"receiver_count":17,"unavailable_count":0}}}},{"type":"Feature","id":"lariac:392190889498","geometry":{"type":"Polygon","coordinates":[[[-118.56051025578114,34.183200788084186],[-118.5605116001703,34.18311045789221],[-118.56048511384199,34.18311019657556],[-118.56048588792538,34.18305806477168],[-118.56033169423607,34.18305647125867],[-118.56033096428905,34.18310533205248],[-118.56027236849317,34.1831047244922],[-118.5602720980559,34.183123439108286],[-118.56026697192631,34.18312337991171],[-118.56026672426616,34.18314063842755],[-118.56027462779035,34.18314073885122],[-118.56027448253955,34.18314868123133],[-118.56025946990977,34.18314853079629],[-118.56025864425366,34.18320286080296],[-118.56033496398827,34.18320366123142],[-118.56033464658445,34.18322539894472],[-118.56042637474714,34.183226320861316],[-118.56042674871225,34.18320315393725],[-118.5604734725593,34.18320362440831],[-118.56047351716131,34.183200409293185],[-118.56051025578114,34.183200788084186]]]},"properties":{"building_pk":53642,"building_key":"lariac:392190889498","source_tile":"r04-c03","source_tile_ids":["r04-c03"],"source_bld_id":"392190889498","height_m":6.178,"receiver_ids":[183389,183390,183391,183392,183393,183394,183395,183396,183397,183398,183399,183400,183401,183402,183403,183404,183405,183406,183407],"receiver_keys":["r04-c03:expanded-facade-max4m:53642:0:1","r04-c03:expanded-facade-max4m:53642:0:10","r04-c03:expanded-facade-max4m:53642:0:11","r04-c03:expanded-facade-max4m:53642:0:12","r04-c03:expanded-facade-max4m:53642:0:14","r04-c03:expanded-facade-max4m:53642:0:15","r04-c03:expanded-facade-max4m:53642:0:16","r04-c03:expanded-facade-max4m:53642:0:18","r04-c03:expanded-facade-max4m:53642:0:19","r04-c03:expanded-facade-max4m:53642:0:2","r04-c03:expanded-facade-max4m:53642:0:20","r04-c03:expanded-facade-max4m:53642:0:21","r04-c03:expanded-facade-max4m:53642:0:22","r04-c03:expanded-facade-max4m:53642:0:3","r04-c03:expanded-facade-max4m:53642:0:4","r04-c03:expanded-facade-max4m:53642:0:6","r04-c03:expanded-facade-max4m:53642:0:7","r04-c03:expanded-facade-max4m:53642:0:8","r04-c03:expanded-facade-max4m:53642:0:9"],"receiver_count":19,"periods":{"D":{"min":51.0889,"max":60.757347,"receiver_count":19,"unavailable_count":0},"E":{"min":48.870415,"max":58.53886,"receiver_count":19,"unavailable_count":0},"N":{"min":44.0992,"max":53.767647,"receiver_count":19,"unavailable_count":0}}}},{"type":"Feature","id":"lariac:392416889813","geometry":{"type":"Polygon","coordinates":[[[-118.55974562252996,34.18399987832466],[-118.55972538720198,34.183995163130064],[-118.55973683287428,34.18396128330449],[-118.55969970872776,34.18395263438858],[-118.55969886487209,34.18395508328273],[-118.559674027032,34.183949290394594],[-118.55968333228624,34.18392171326027],[-118.55962027738167,34.183907028561244],[-118.55961265818382,34.183929624969196],[-118.55960404743361,34.18392760387774],[-118.55958816107342,34.18397469383436],[-118.55959385764218,34.18397601438641],[-118.55958422848505,34.18400463700105],[-118.55956919343103,34.18400116168661],[-118.55955275616114,34.18404990311236],[-118.55957656724186,34.18405545375253],[-118.55957802595994,34.1840511881068],[-118.55966942931472,34.18407247349089],[-118.55966826286243,34.18407599581406],[-118.55971618374303,34.184087150656296],[-118.55974562252996,34.18399987832466]]]},"properties":{"building_pk":53645,"building_key":"lariac:392416889813","source_tile":"r04-c03","source_tile_ids":["r04-c03"],"source_bld_id":"392416889813","height_m":5.633,"receiver_ids":[183408,183409,183410,183411,183412,183413,183414,183415,183416,183417],"receiver_keys":["r04-c03:expanded-facade-max4m:53645:0:10","r04-c03:expanded-facade-max4m:53645:0:15","r04-c03:expanded-facade-max4m:53645:0:16","r04-c03:expanded-facade-max4m:53645:0:17","r04-c03:expanded-facade-max4m:53645:0:2","r04-c03:expanded-facade-max4m:53645:0:3","r04-c03:expanded-facade-max4m:53645:0:4","r04-c03:expanded-facade-max4m:53645:0:6","r04-c03:expanded-facade-max4m:53645:0:7","r04-c03:expanded-facade-max4m:53645:0:8"],"receiver_count":10,"periods":{"D":{"min":46.04533,"max":56.463898,"receiver_count":10,"unavailable_count":0},"E":{"min":43.826843,"max":54.245407,"receiver_count":10,"unavailable_count":0},"N":{"min":39.05563,"max":49.474197,"receiver_count":10,"unavailable_count":0}}}},{"type":"Feature","id":"lariac:392640889274","geometry":{"type":"Polygon","coordinates":[[[-118.55886573044234,34.182563682718424],[-118.55891090494714,34.18256482088107],[-118.55891431577624,34.18247162326974],[-118.55886914132175,34.18247048510835],[-118.55886573044234,34.182563682718424]]]},"properties":{"building_pk":53679,"building_key":"lariac:392640889274","source_tile":"r04-c03","source_tile_ids":["r04-c03"],"source_bld_id":"392640889274","height_m":3.859,"receiver_ids":[183458,183459,183460,183461,183462,183463,183464],"receiver_keys":["r04-c03:expanded-facade-max4m:53679:0:1","r04-c03:expanded-facade-max4m:53679:0:2","r04-c03:expanded-facade-max4m:53679:0:3","r04-c03:expanded-facade-max4m:53679:0:4","r04-c03:expanded-facade-max4m:53679:0:6","r04-c03:expanded-facade-max4m:53679:0:7","r04-c03:expanded-facade-max4m:53679:0:8"],"receiver_count":7,"periods":{"D":{"min":59.29215,"max":60.465603,"receiver_count":7,"unavailable_count":0},"E":{"min":57.07366,"max":58.247112,"receiver_count":7,"unavailable_count":0},"N":{"min":52.30245,"max":53.475903,"receiver_count":7,"unavailable_count":0}}}},{"type":"Feature","id":"lariac:391493889269","geometry":{"type":"Polygon","coordinates":[[[-118.56276527759033,34.18254007846106],[-118.56276492131134,34.18245772490095],[-118.56274696693534,34.18245775344563],[-118.56274657062963,34.18236446343166],[-118.56252857860493,34.18236509344391],[-118.56252891574994,34.18243980740181],[-118.56263415910391,34.18243950990176],[-118.56263421743296,34.18245300215012],[-118.56252765172914,34.18245330580035],[-118.56252804297667,34.182545880912464],[-118.56273548807447,34.18254527292883],[-118.5627354538288,34.182540189276935],[-118.56276527759033,34.18254007846106]]]},"properties":{"building_pk":53683,"building_key":"lariac:391493889269","source_tile":"r04-c03","source_tile_ids":["r04-c03"],"source_bld_id":"391493889269","height_m":4.813,"receiver_ids":[183465,183466,183467,183468,183469,183470,183471,183472,183473,183474,183475,183476,183477,183478],"receiver_keys":["r04-c03:expanded-facade-max4m:53683:0:1","r04-c03:expanded-facade-max4m:53683:0:11","r04-c03:expanded-facade-max4m:53683:0:12","r04-c03:expanded-facade-max4m:53683:0:19","r04-c03:expanded-facade-max4m:53683:0:2","r04-c03:expanded-facade-max4m:53683:0:20","r04-c03:expanded-facade-max4m:53683:0:21","r04-c03:expanded-facade-max4m:53683:0:22","r04-c03:expanded-facade-max4m:53683:0:23","r04-c03:expanded-facade-max4m:53683:0:24","r04-c03:expanded-facade-max4m:53683:0:25","r04-c03:expanded-facade-max4m:53683:0:26","r04-c03:expanded-facade-max4m:53683:0:4","r04-c03:expanded-facade-max4m:53683:0:5"],"receiver_count":14,"periods":{"D":{"min":54.822186,"max":67.40874,"receiver_count":14,"unavailable_count":0},"E":{"min":52.6037,"max":65.190254,"receiver_count":14,"unavailable_count":0},"N":{"min":47.832485,"max":60.41904,"receiver_count":14,"unavailable_count":0}}}},{"type":"Feature","id":"lariac:391404889182","geometry":{"type":"Polygon","coordinates":[[[-118.56301553569166,34.18212986214657],[-118.56290806240246,34.18213000176981],[-118.56290841119542,34.18221557027357],[-118.56290467508086,34.18221556061548],[-118.56290491495491,34.18227562852933],[-118.56287862871689,34.18227572381851],[-118.5628790138136,34.182348170168446],[-118.56300965148385,34.18234792004096],[-118.56300919141329,34.182288992704635],[-118.56301669691211,34.18228895776669],[-118.56301610858019,34.18214774522769],[-118.56303059129039,34.1821476805143],[-118.5630304998746,34.18213411719779],[-118.56301555461359,34.1821341182516],[-118.56301553569166,34.18212986214657]]]},"properties":{"building_pk":53694,"building_key":"lariac:391404889182","source_tile":"r04-c03","source_tile_ids":["r04-c03"],"source_bld_id":"391404889182","height_m":7.352,"receiver_ids":[183479,183480,183481,183482,183483,183484,183485,183486,183487,183488,183489,183490,183491,183492,183493,183494,183495],"receiver_keys":["r04-c03:expanded-facade-max4m:53694:0:10","r04-c03:expanded-facade-max4m:53694:0:11","r04-c03:expanded-facade-max4m:53694:0:12","r04-c03:expanded-facade-max4m:53694:0:13","r04-c03:expanded-facade-max4m:53694:0:14","r04-c03:expanded-facade-max4m:53694:0:15","r04-c03:expanded-facade-max4m:53694:0:16","r04-c03:expanded-facade-max4m:53694:0:17","r04-c03:expanded-facade-max4m:53694:0:18","r04-c03:expanded-facade-max4m:53694:0:19","r04-c03:expanded-facade-max4m:53694:0:20","r04-c03:expanded-facade-max4m:53694:0:4","r04-c03:expanded-facade-max4m:53694:0:5","r04-c03:expanded-facade-max4m:53694:0:6","r04-c03:expanded-facade-max4m:53694:0:7","r04-c03:expanded-facade-max4m:53694:0:8","r04-c03:expanded-facade-max4m:53694:0:9"],"receiver_count":17,"periods":{"D":{"min":51.160545,"max":61.490208,"receiver_count":17,"unavailable_count":0},"E":{"min":48.94206,"max":59.27172,"receiver_count":17,"unavailable_count":0},"N":{"min":44.170845,"max":54.500507,"receiver_count":17,"unavailable_count":0}}}},{"type":"Feature","id":"lariac:390470888312","geometry":{"type":"Polygon","coordinates":[[[-118.56606935300074,34.17983197840032],[-118.56603661179275,34.17982594884197],[-118.5660272606466,34.17986094550429],[-118.5660599684303,34.17986700316952],[-118.56606935300074,34.17983197840032]]]},"properties":{"building_pk":53709,"building_key":"lariac:390470888312","source_tile":"r04-c03","source_tile_ids":["r03-c03","r04-c03"],"source_bld_id":"390470888312","height_m":4.273,"receiver_ids":[183509,183510,183511],"receiver_keys":["r04-c03:expanded-facade-max4m:53709:0:2","r04-c03:expanded-facade-max4m:53709:0:3","r04-c03:expanded-facade-max4m:53709:0:4"],"receiver_count":3,"periods":{"D":{"min":54.844334,"max":60.55258,"receiver_count":3,"unavailable_count":0},"E":{"min":52.625843,"max":58.334095,"receiver_count":3,"unavailable_count":0},"N":{"min":47.854633,"max":53.56288,"receiver_count":3,"unavailable_count":0}}}},{"type":"Feature","id":"lariac:392322889693","geometry":{"type":"Polygon","coordinates":[[[-118.55995275112083,34.1837246228086],[-118.55990351001304,34.18383223916194],[-118.55992519231945,34.183833858034404],[-118.55997665658735,34.18372905141115],[-118.55996860187562,34.183726472419856],[-118.5600100856561,34.183635737319236],[-118.55991955901891,34.18360713841155],[-118.55990134297205,34.18364698446508],[-118.55991363605204,34.183650857390944],[-118.55988909703579,34.1837045281499],[-118.55995275112083,34.1837246228086]]]},"properties":{"building_pk":53729,"building_key":"lariac:392322889693","source_tile":"r04-c03","source_tile_ids":["r04-c03"],"source_bld_id":"392322889693","height_m":7.029,"receiver_ids":[183533,183534,183535,183536,183537,183538,183539,183540,183541,183542,183543,183544,183545,183546,183547,183548],"receiver_keys":["r04-c03:expanded-facade-max4m:53729:0:1","r04-c03:expanded-facade-max4m:53729:0:10","r04-c03:expanded-facade-max4m:53729:0:11","r04-c03:expanded-facade-max4m:53729:0:12","r04-c03:expanded-facade-max4m:53729:0:13","r04-c03:expanded-facade-max4m:53729:0:14","r04-c03:expanded-facade-max4m:53729:0:15","r04-c03:expanded-facade-max4m:53729:0:16","r04-c03:expanded-facade-max4m:53729:0:17","r04-c03:expanded-facade-max4m:53729:0:2","r04-c03:expanded-facade-max4m:53729:0:3","r04-c03:expanded-facade-max4m:53729:0:5","r04-c03:expanded-facade-max4m:53729:0:6","r04-c03:expanded-facade-max4m:53729:0:7","r04-c03:expanded-facade-max4m:53729:0:8","r04-c03:expanded-facade-max4m:53729:0:9"],"receiver_count":16,"periods":{"D":{"min":45.623314,"max":60.37855,"receiver_count":16,"unavailable_count":0},"E":{"min":43.404823,"max":58.160065,"receiver_count":16,"unavailable_count":0},"N":{"min":38.633614,"max":53.38885,"receiver_count":16,"unavailable_count":0}}}},{"type":"Feature","id":"lariac:393096889055","geometry":{"type":"Polygon","coordinates":[[[-118.55743943336475,34.18200716273529],[-118.55744165883571,34.18194417057595],[-118.55745091802584,34.1819444019702],[-118.55745155925642,34.18192653761412],[-118.55744230006827,34.18192630621993],[-118.55744469527048,34.181859163468744],[-118.55734508843246,34.181856736667655],[-118.55734244378885,34.18193121733552],[-118.55731949341919,34.18193066406217],[-118.55731807314862,34.18197046027506],[-118.55734267707437,34.181971060923246],[-118.55734147971582,34.18200475625895],[-118.55743943336475,34.18200716273529]]]},"properties":{"building_pk":53823,"building_key":"lariac:393096889055","source_tile":"r04-c03","source_tile_ids":["r04-c03"],"source_bld_id":"393096889055","height_m":4.474,"receiver_ids":[183643,183644,183645,183646,183647,183648,183649,183650,183651,183652,183653,183654,183655],"receiver_keys":["r04-c03:expanded-facade-max4m:53823:0:1","r04-c03:expanded-facade-max4m:53823:0:11","r04-c03:expanded-facade-max4m:53823:0:13","r04-c03:expanded-facade-max4m:53823:0:14","r04-c03:expanded-facade-max4m:53823:0:15","r04-c03:expanded-facade-max4m:53823:0:2","r04-c03:expanded-facade-max4m:53823:0:3","r04-c03:expanded-facade-max4m:53823:0:4","r04-c03:expanded-facade-max4m:53823:0:5","r04-c03:expanded-facade-max4m:53823:0:6","r04-c03:expanded-facade-max4m:53823:0:7","r04-c03:expanded-facade-max4m:53823:0:8","r04-c03:expanded-facade-max4m:53823:0:9"],"receiver_count":13,"periods":{"D":{"min":51.366447,"max":57.698338,"receiver_count":13,"unavailable_count":0},"E":{"min":49.14796,"max":55.47985,"receiver_count":13,"unavailable_count":0},"N":{"min":44.376747,"max":50.708637,"receiver_count":13,"unavailable_count":0}}}},{"type":"Feature","id":"lariac:392190889945","geometry":{"type":"Polygon","coordinates":[[[-118.56047267558797,34.18442521307744],[-118.56050306154486,34.18435115371626],[-118.56048315176325,34.18434550223732],[-118.56049655556387,34.184312795189726],[-118.56046107392233,34.184302737894534],[-118.56046354682503,34.18429668067676],[-118.5603755572972,34.184271725212],[-118.56035571161243,34.184320097580674],[-118.56034593835297,34.18431733995624],[-118.56031948866627,34.184381791311175],[-118.56047267558797,34.18442521307744]]]},"properties":{"building_pk":53956,"building_key":"lariac:392190889945","source_tile":"r04-c03","source_tile_ids":["r04-c03"],"source_bld_id":"392190889945","height_m":5.102,"receiver_ids":[183818,183819,183820,183821,183822,183823,183824],"receiver_keys":["r04-c03:expanded-facade-max4m:53956:0:3","r04-c03:expanded-facade-max4m:53956:0:4","r04-c03:expanded-facade-max4m:53956:0:5","r04-c03:expanded-facade-max4m:53956:0:6","r04-c03:expanded-facade-max4m:53956:0:7","r04-c03:expanded-facade-max4m:53956:0:8","r04-c03:expanded-facade-max4m:53956:0:9"],"receiver_count":7,"periods":{"D":{"min":58.051243,"max":59.362164,"receiver_count":7,"unavailable_count":0},"E":{"min":55.832752,"max":57.143677,"receiver_count":7,"unavailable_count":0},"N":{"min":51.061543,"max":52.372463,"receiver_count":7,"unavailable_count":0}}}},{"type":"Feature","id":"lariac:391301888728","geometry":{"type":"Polygon","coordinates":[[[-118.56342951174395,34.18086257200915],[-118.56329085294857,34.18083010503157],[-118.56323324416071,34.18100011257715],[-118.56315015630398,34.18100044448376],[-118.56315018779082,34.18100511524091],[-118.5631429796288,34.18100514880323],[-118.56314295423296,34.181089565071474],[-118.56335460378875,34.18108544655252],[-118.56342951174395,34.18086257200915]]]},"properties":{"building_pk":54037,"building_key":"lariac:391301888728","source_tile":"r04-c03","source_tile_ids":["r04-c03"],"source_bld_id":"391301888728","height_m":4.7,"receiver_ids":[183889,183890,183891,183892,183893,183894,183895,183896,183897,183898,183899,183900,183901],"receiver_keys":["r04-c03:expanded-facade-max4m:54037:0:10","r04-c03:expanded-facade-max4m:54037:0:11","r04-c03:expanded-facade-max4m:54037:0:12","r04-c03:expanded-facade-max4m:54037:0:13","r04-c03:expanded-facade-max4m:54037:0:14","r04-c03:expanded-facade-max4m:54037:0:15","r04-c03:expanded-facade-max4m:54037:0:16","r04-c03:expanded-facade-max4m:54037:0:17","r04-c03:expanded-facade-max4m:54037:0:4","r04-c03:expanded-facade-max4m:54037:0:5","r04-c03:expanded-facade-max4m:54037:0:6","r04-c03:expanded-facade-max4m:54037:0:7","r04-c03:expanded-facade-max4m:54037:0:8"],"receiver_count":13,"periods":{"D":{"min":57.404396,"max":64.034454,"receiver_count":13,"unavailable_count":0},"E":{"min":55.18591,"max":61.815968,"receiver_count":13,"unavailable_count":0},"N":{"min":50.4147,"max":57.044754,"receiver_count":13,"unavailable_count":0}}}},{"type":"Feature","id":"lariac:390950890050","geometry":{"type":"Polygon","coordinates":[[[-118.5645543764675,34.18469635546278],[-118.56459243786749,34.18461852142637],[-118.56465388200112,34.184639283866325],[-118.56467994171693,34.184585989987454],[-118.56460620233096,34.18456108105198],[-118.56460779982444,34.18455780278984],[-118.56455507281424,34.18453999547283],[-118.56453201339076,34.18458714752014],[-118.56441880244338,34.18454890312653],[-118.5643761417595,34.18463612832489],[-118.5645543764675,34.18469635546278]]]},"properties":{"building_pk":54225,"building_key":"lariac:390950890050","source_tile":"r04-c03","source_tile_ids":["r04-c03"],"source_bld_id":"390950890050","height_m":5.471,"receiver_ids":[184112,184113,184114,184115,184116,184117,184118,184119,184120,184121,184122,184123,184124,184125,184126,184127,184128,184129,184130],"receiver_keys":["r04-c03:expanded-facade-max4m:54225:0:1","r04-c03:expanded-facade-max4m:54225:0:10","r04-c03:expanded-facade-max4m:54225:0:11","r04-c03:expanded-facade-max4m:54225:0:12","r04-c03:expanded-facade-max4m:54225:0:13","r04-c03:expanded-facade-max4m:54225:0:14","r04-c03:expanded-facade-max4m:54225:0:15","r04-c03:expanded-facade-max4m:54225:0:16","r04-c03:expanded-facade-max4m:54225:0:17","r04-c03:expanded-facade-max4m:54225:0:18","r04-c03:expanded-facade-max4m:54225:0:19","r04-c03:expanded-facade-max4m:54225:0:2","r04-c03:expanded-facade-max4m:54225:0:20","r04-c03:expanded-facade-max4m:54225:0:4","r04-c03:expanded-facade-max4m:54225:0:5","r04-c03:expanded-facade-max4m:54225:0:6","r04-c03:expanded-facade-max4m:54225:0:7","r04-c03:expanded-facade-max4m:54225:0:8","r04-c03:expanded-facade-max4m:54225:0:9"],"receiver_count":19,"periods":{"D":{"min":51.808,"max":58.549664,"receiver_count":19,"unavailable_count":0},"E":{"min":49.58951,"max":56.331177,"receiver_count":19,"unavailable_count":0},"N":{"min":44.8183,"max":51.559963,"receiver_count":19,"unavailable_count":0}}}},{"type":"Feature","id":"lariac:391515888720","geometry":{"type":"Polygon","coordinates":[[[-118.56272236529725,34.18101928006359],[-118.56273972383636,34.18101925429348],[-118.56273973083607,34.181015462363455],[-118.56274429456106,34.18101546817568],[-118.56274424342688,34.18098340046476],[-118.5627390854431,34.18098342446387],[-118.56273908349279,34.180973311844824],[-118.56275244146671,34.18097330468651],[-118.56275242570922,34.180931674125276],[-118.56271674937906,34.180931675135646],[-118.5627167623007,34.180928762184244],[-118.56264726149713,34.1809287835065],[-118.56264727880591,34.1809215286949],[-118.56262380410368,34.18092152790921],[-118.56262381951738,34.1809288096148],[-118.5625833160624,34.18092883394232],[-118.5625833003818,34.18093149898168],[-118.56252061108411,34.180931543541426],[-118.56252067789016,34.18099543210422],[-118.56253311038805,34.18099540132667],[-118.56253314991231,34.18104057755264],[-118.56259438464178,34.181040539752814],[-118.56259439828655,34.181081868306066],[-118.56266899103758,34.18108182332618],[-118.562669011768,34.181084901103716],[-118.56272241010792,34.18108487264907],[-118.56272236529725,34.18101928006359]]]},"properties":{"building_pk":54228,"building_key":"lariac:391515888720","source_tile":"r04-c03","source_tile_ids":["r04-c03"],"source_bld_id":"391515888720","height_m":4.648,"receiver_ids":[184131,184132,184133,184134,184135,184136,184137,184138,184139,184140,184141,184142,184143,184144,184145,184146,184147,184148,184149],"receiver_keys":["r04-c03:expanded-facade-max4m:54228:0:1","r04-c03:expanded-facade-max4m:54228:0:10","r04-c03:expanded-facade-max4m:54228:0:11","r04-c03:expanded-facade-max4m:54228:0:12","r04-c03:expanded-facade-max4m:54228:0:13","r04-c03:expanded-facade-max4m:54228:0:14","r04-c03:expanded-facade-max4m:54228:0:15","r04-c03:expanded-facade-max4m:54228:0:16","r04-c03:expanded-facade-max4m:54228:0:17","r04-c03:expanded-facade-max4m:54228:0:18","r04-c03:expanded-facade-max4m:54228:0:19","r04-c03:expanded-facade-max4m:54228:0:20","r04-c03:expanded-facade-max4m:54228:0:3","r04-c03:expanded-facade-max4m:54228:0:4","r04-c03:expanded-facade-max4m:54228:0:5","r04-c03:expanded-facade-max4m:54228:0:6","r04-c03:expanded-facade-max4m:54228:0:7","r04-c03:expanded-facade-max4m:54228:0:8","r04-c03:expanded-facade-max4m:54228:0:9"],"receiver_count":19,"periods":{"D":{"min":59.145412,"max":67.80049,"receiver_count":19,"unavailable_count":0},"E":{"min":56.92692,"max":65.582,"receiver_count":19,"unavailable_count":0},"N":{"min":52.155712,"max":60.810787,"receiver_count":19,"unavailable_count":0}}}},{"type":"Feature","id":"lariac:391829888419","geometry":{"type":"Polygon","coordinates":[[[-118.56162028367326,34.18020044032166],[-118.5616199902639,34.18012242831279],[-118.56150519418324,34.18012274224767],[-118.56150523736123,34.18013400775024],[-118.56147581128961,34.180134089366874],[-118.56147603390353,34.180191904397404],[-118.56150770866012,34.18019181234103],[-118.56150773614415,34.18020074291563],[-118.56162028367326,34.18020044032166]]]},"properties":{"building_pk":54636,"building_key":"lariac:391829888419","source_tile":"r04-c03","source_tile_ids":["r04-c03"],"source_bld_id":"391829888419","height_m":5.678,"receiver_ids":[184488,184489,184490,184491,184492,184493,184494,184495,184496],"receiver_keys":["r04-c03:expanded-facade-max4m:54636:0:1","r04-c03:expanded-facade-max4m:54636:0:10","r04-c03:expanded-facade-max4m:54636:0:11","r04-c03:expanded-facade-max4m:54636:0:2","r04-c03:expanded-facade-max4m:54636:0:3","r04-c03:expanded-facade-max4m:54636:0:6","r04-c03:expanded-facade-max4m:54636:0:7","r04-c03:expanded-facade-max4m:54636:0:8","r04-c03:expanded-facade-max4m:54636:0:9"],"receiver_count":9,"periods":{"D":{"min":49.567818,"max":62.92922,"receiver_count":9,"unavailable_count":0},"E":{"min":47.34933,"max":60.71073,"receiver_count":9,"unavailable_count":0},"N":{"min":42.578117,"max":55.939518,"receiver_count":9,"unavailable_count":0}}}},{"type":"Feature","id":"lariac:390755890119","geometry":{"type":"Polygon","coordinates":[[[-118.56523479212417,34.184782676722286],[-118.56509751689788,34.18476031794519],[-118.56509877066172,34.18475498125218],[-118.56506417844754,34.18474934502943],[-118.5650741439351,34.184707199929115],[-118.56497943908649,34.18469178687111],[-118.56496645351051,34.18474694364381],[-118.56504295222882,34.184759391839194],[-118.56502353756305,34.18484175482328],[-118.56521354521865,34.184872715038516],[-118.56523479212417,34.184782676722286]]]},"properties":{"building_pk":54683,"building_key":"lariac:390755890119","source_tile":"r04-c03","source_tile_ids":["r04-c03"],"source_bld_id":"390755890119","height_m":4.596,"receiver_ids":[184512,184513,184514,184515,184516,184517,184518,184519,184520,184521,184522,184523,184524,184525,184526,184527,184528,184529,184530],"receiver_keys":["r04-c03:expanded-facade-max4m:54683:0:1","r04-c03:expanded-facade-max4m:54683:0:10","r04-c03:expanded-facade-max4m:54683:0:11","r04-c03:expanded-facade-max4m:54683:0:13","r04-c03:expanded-facade-max4m:54683:0:14","r04-c03:expanded-facade-max4m:54683:0:15","r04-c03:expanded-facade-max4m:54683:0:16","r04-c03:expanded-facade-max4m:54683:0:17","r04-c03:expanded-facade-max4m:54683:0:18","r04-c03:expanded-facade-max4m:54683:0:19","r04-c03:expanded-facade-max4m:54683:0:2","r04-c03:expanded-facade-max4m:54683:0:20","r04-c03:expanded-facade-max4m:54683:0:21","r04-c03:expanded-facade-max4m:54683:0:3","r04-c03:expanded-facade-max4m:54683:0:4","r04-c03:expanded-facade-max4m:54683:0:6","r04-c03:expanded-facade-max4m:54683:0:7","r04-c03:expanded-facade-max4m:54683:0:8","r04-c03:expanded-facade-max4m:54683:0:9"],"receiver_count":19,"periods":{"D":{"min":54.100765,"max":59.04098,"receiver_count":19,"unavailable_count":0},"E":{"min":51.88228,"max":56.82249,"receiver_count":19,"unavailable_count":0},"N":{"min":47.111065,"max":52.05128,"receiver_count":19,"unavailable_count":0}}}},{"type":"Feature","id":"lariac:390365888362","geometry":{"type":"Polygon","coordinates":[[[-118.5664154001123,34.18003219255615],[-118.5664552968526,34.17996707192612],[-118.56637236583406,34.17993198541734],[-118.56633247012451,34.179997105113415],[-118.5664154001123,34.18003219255615]]]},"properties":{"building_pk":55091,"building_key":"lariac:390365888362","source_tile":"r04-c03","source_tile_ids":["r04-c03"],"source_bld_id":"390365888362","height_m":5.779,"receiver_ids":[184958,184959,184960,184961,184962,184963,184964,184965,184966],"receiver_keys":["r04-c03:expanded-facade-max4m:55091:0:1","r04-c03:expanded-facade-max4m:55091:0:2","r04-c03:expanded-facade-max4m:55091:0:3","r04-c03:expanded-facade-max4m:55091:0:4","r04-c03:expanded-facade-max4m:55091:0:5","r04-c03:expanded-facade-max4m:55091:0:6","r04-c03:expanded-facade-max4m:55091:0:7","r04-c03:expanded-facade-max4m:55091:0:8","r04-c03:expanded-facade-max4m:55091:0:9"],"receiver_count":9,"periods":{"D":{"min":53.60923,"max":65.61986,"receiver_count":9,"unavailable_count":0},"E":{"min":51.390743,"max":63.40137,"receiver_count":9,"unavailable_count":0},"N":{"min":46.61953,"max":58.630157,"receiver_count":9,"unavailable_count":0}}}},{"type":"Feature","id":"lariac:391895890348","geometry":{"type":"Polygon","coordinates":[[[-118.56144459587578,34.18541253721128],[-118.56144489754763,34.18537865485676],[-118.56131811653843,34.18537784138538],[-118.56131782297064,34.18540793270602],[-118.56130076091418,34.18540781895562],[-118.56130072022583,34.18541161194327],[-118.56129215511667,34.1854115687485],[-118.56129168687528,34.185464908112976],[-118.56126159534523,34.18546471778566],[-118.56126114169919,34.185515227133244],[-118.56136550259937,34.18551589679825],[-118.561365378824,34.18553186282909],[-118.5614502952422,34.18553240268773],[-118.56145140774899,34.185412560585725],[-118.56144459587578,34.18541253721128]]]},"properties":{"building_pk":55305,"building_key":"lariac:391895890348","source_tile":"r04-c03","source_tile_ids":["r04-c03"],"source_bld_id":"391895890348","height_m":5.886,"receiver_ids":[185141,185142,185143,185144,185145,185146,185147,185148,185149,185150,185151,185152,185153,185154],"receiver_keys":["r04-c03:expanded-facade-max4m:55305:0:1","r04-c03:expanded-facade-max4m:55305:0:10","r04-c03:expanded-facade-max4m:55305:0:11","r04-c03:expanded-facade-max4m:55305:0:12","r04-c03:expanded-facade-max4m:55305:0:13","r04-c03:expanded-facade-max4m:55305:0:14","r04-c03:expanded-facade-max4m:55305:0:15","r04-c03:expanded-facade-max4m:55305:0:2","r04-c03:expanded-facade-max4m:55305:0:3","r04-c03:expanded-facade-max4m:55305:0:4","r04-c03:expanded-facade-max4m:55305:0:5","r04-c03:expanded-facade-max4m:55305:0:6","r04-c03:expanded-facade-max4m:55305:0:7","r04-c03:expanded-facade-max4m:55305:0:8"],"receiver_count":14,"periods":{"D":{"min":49.603672,"max":58.094334,"receiver_count":14,"unavailable_count":0},"E":{"min":47.385185,"max":55.875847,"receiver_count":14,"unavailable_count":0},"N":{"min":42.61397,"max":51.104633,"receiver_count":14,"unavailable_count":0}}}},{"type":"Feature","id":"lariac:393071889366","geometry":{"type":"Polygon","coordinates":[[[-118.55751406721738,34.1827710959179],[-118.55744688953769,34.18274785540676],[-118.55742120942303,34.182799140021594],[-118.55748838695035,34.18282235259994],[-118.55751406721738,34.1827710959179]]]},"properties":{"building_pk":55445,"building_key":"lariac:393071889366","source_tile":"r04-c03","source_tile_ids":["r04-c03"],"source_bld_id":"393071889366","height_m":4.185,"receiver_ids":[185299,185300,185301,185302,185303,185304,185305],"receiver_keys":["r04-c03:expanded-facade-max4m:55445:0:1","r04-c03:expanded-facade-max4m:55445:0:2","r04-c03:expanded-facade-max4m:55445:0:3","r04-c03:expanded-facade-max4m:55445:0:4","r04-c03:expanded-facade-max4m:55445:0:5","r04-c03:expanded-facade-max4m:55445:0:6","r04-c03:expanded-facade-max4m:55445:0:7"],"receiver_count":7,"periods":{"D":{"min":55.9546,"max":59.76466,"receiver_count":7,"unavailable_count":0},"E":{"min":53.736115,"max":57.546173,"receiver_count":7,"unavailable_count":0},"N":{"min":48.9649,"max":52.77496,"receiver_count":7,"unavailable_count":0}}}},{"type":"Feature","id":"lariac:393192889373","geometry":{"type":"Polygon","coordinates":[[[-118.55696907620914,34.1828482952744],[-118.55704509656688,34.18287372033705],[-118.55705605475045,34.182851026674875],[-118.55706868081825,34.18285525536674],[-118.55706414801553,34.18286461894983],[-118.5570746527433,34.18286811544029],[-118.55707390239851,34.18286963078645],[-118.55711055405716,34.18288188254833],[-118.55711149980074,34.18287989930184],[-118.557121673129,34.18288331527419],[-118.55716743252533,34.18278882366329],[-118.55712173397568,34.18277353571819],[-118.55715539365362,34.182703968049985],[-118.55709776501529,34.18268469613218],[-118.55706443175221,34.18275360235013],[-118.55702178298898,34.182739344309375],[-118.55696907620914,34.1828482952744]]]},"properties":{"building_pk":55606,"building_key":"lariac:393192889373","source_tile":"r04-c03","source_tile_ids":["r04-c03"],"source_bld_id":"393192889373","height_m":5.986,"receiver_ids":[185415,185416,185417,185418,185419,185420,185421,185422,185423,185424,185425,185426,185427,185428],"receiver_keys":["r04-c03:expanded-facade-max4m:55606:0:1","r04-c03:expanded-facade-max4m:55606:0:10","r04-c03:expanded-facade-max4m:55606:0:11","r04-c03:expanded-facade-max4m:55606:0:12","r04-c03:expanded-facade-max4m:55606:0:13","r04-c03:expanded-facade-max4m:55606:0:14","r04-c03:expanded-facade-max4m:55606:0:16","r04-c03:expanded-facade-max4m:55606:0:2","r04-c03:expanded-facade-max4m:55606:0:4","r04-c03:expanded-facade-max4m:55606:0:5","r04-c03:expanded-facade-max4m:55606:0:6","r04-c03:expanded-facade-max4m:55606:0:7","r04-c03:expanded-facade-max4m:55606:0:8","r04-c03:expanded-facade-max4m:55606:0:9"],"receiver_count":14,"periods":{"D":{"min":47.36777,"max":59.916122,"receiver_count":14,"unavailable_count":0},"E":{"min":45.149284,"max":57.697636,"receiver_count":14,"unavailable_count":0},"N":{"min":40.37807,"max":52.926422,"receiver_count":14,"unavailable_count":0}}}},{"type":"Feature","id":"lariac:392442889423","geometry":{"type":"Polygon","coordinates":[[[-118.55949679049569,34.182956189850586],[-118.55951421450456,34.18295599925977],[-118.55951439031972,34.182967347992175],[-118.55959208766735,34.1829665485845],[-118.5595910915303,34.18290173032875],[-118.55949600278237,34.18290271927449],[-118.55949679049569,34.182956189850586]]]},"properties":{"building_pk":55808,"building_key":"lariac:392442889423","source_tile":"r04-c03","source_tile_ids":["r04-c03"],"source_bld_id":"392442889423","height_m":4.221,"receiver_ids":[185648,185649,185650,185651,185652,185653,185654],"receiver_keys":["r04-c03:expanded-facade-max4m:55808:0:2","r04-c03:expanded-facade-max4m:55808:0:3","r04-c03:expanded-facade-max4m:55808:0:4","r04-c03:expanded-facade-max4m:55808:0:5","r04-c03:expanded-facade-max4m:55808:0:6","r04-c03:expanded-facade-max4m:55808:0:7","r04-c03:expanded-facade-max4m:55808:0:8"],"receiver_count":7,"periods":{"D":{"min":56.373066,"max":58.67265,"receiver_count":7,"unavailable_count":0},"E":{"min":54.15458,"max":56.45416,"receiver_count":7,"unavailable_count":0},"N":{"min":49.383366,"max":51.68295,"receiver_count":7,"unavailable_count":0}}}},{"type":"Feature","id":"lariac:391131890353","geometry":{"type":"Polygon","coordinates":[[[-118.5639507424527,34.18540370897562],[-118.56382879672007,34.18540389253344],[-118.56382879156736,34.1854129332497],[-118.56380147864073,34.18541295057867],[-118.56380156690479,34.18545045894254],[-118.56382828410183,34.185450417344306],[-118.5638282710584,34.18545346733148],[-118.56384632479536,34.1854534381661],[-118.56384634672371,34.185466490630915],[-118.563834442947,34.18546651907573],[-118.56383459960382,34.18554356978155],[-118.56395105730488,34.18554338385934],[-118.5639507424527,34.18540370897562]]]},"properties":{"building_pk":56057,"building_key":"lariac:391131890353","source_tile":"r04-c03","source_tile_ids":["r04-c03"],"source_bld_id":"391131890353","height_m":4.868,"receiver_ids":[185929,185930,185931,185932,185933,185934,185935,185936,185937,185938],"receiver_keys":["r04-c03:expanded-facade-max4m:56057:0:1","r04-c03:expanded-facade-max4m:56057:0:13","r04-c03:expanded-facade-max4m:56057:0:14","r04-c03:expanded-facade-max4m:56057:0:15","r04-c03:expanded-facade-max4m:56057:0:16","r04-c03:expanded-facade-max4m:56057:0:2","r04-c03:expanded-facade-max4m:56057:0:3","r04-c03:expanded-facade-max4m:56057:0:4","r04-c03:expanded-facade-max4m:56057:0:5","r04-c03:expanded-facade-max4m:56057:0:6"],"receiver_count":10,"periods":{"D":{"min":53.110046,"max":58.057102,"receiver_count":10,"unavailable_count":0},"E":{"min":50.89156,"max":55.83861,"receiver_count":10,"unavailable_count":0},"N":{"min":46.120346,"max":51.0674,"receiver_count":10,"unavailable_count":0}}}},{"type":"Feature","id":"lariac:201700286251","geometry":{"type":"Polygon","coordinates":[[[-118.56426626977284,34.18005998976282],[-118.564379325927,34.1800714158342],[-118.56438718310685,34.18001797435495],[-118.56433698802326,34.180011468628706],[-118.5643430757396,34.179972285227294],[-118.56433470839896,34.17997140739874],[-118.564337964855,34.1799492439509],[-118.56437158108847,34.179952659011555],[-118.56437357207705,34.17993907515963],[-118.56437760809698,34.17993949627998],[-118.56438149451488,34.17991279602207],[-118.5643733552239,34.179911954095346],[-118.56437490360965,34.17990125815392],[-118.56438393618495,34.179902177051055],[-118.56438814026305,34.17987352436749],[-118.56438337583485,34.179873024606],[-118.56438394483527,34.17986925709936],[-118.56431241174595,34.179862007088126],[-118.56430365555661,34.17992159498208],[-118.56422722565596,34.1799138448716],[-118.56423623376908,34.1798523598593],[-118.56415553579659,34.17984419056294],[-118.56414826749018,34.17989393384719],[-118.56416752334388,34.17989587791195],[-118.56415579659699,34.179975813995874],[-118.56414137114393,34.179974342346256],[-118.56413245792201,34.18003511288499],[-118.56416339284141,34.180038238492735],[-118.56416399452485,34.18003416881718],[-118.56426014396784,34.18004391494784],[-118.56425837380178,34.180055986778335],[-118.56426671179524,34.18005685483218],[-118.56426626977284,34.18005998976282]]]},"properties":{"building_pk":56745,"building_key":"lariac:201700286251","source_tile":"r04-c03","source_tile_ids":["r03-c03","r04-c03"],"source_bld_id":"201700286251","height_m":6.197,"receiver_ids":[186968,186969,186970,186971,186972,186973,186974,186975,186976,186977,186978,186979,186980,186982,186983,186984,186985,186986,186987,186988,186989,186990],"receiver_keys":["r04-c03:expanded-facade-max4m:56745:0:1","r04-c03:expanded-facade-max4m:56745:0:11","r04-c03:expanded-facade-max4m:56745:0:12","r04-c03:expanded-facade-max4m:56745:0:13","r04-c03:expanded-facade-max4m:56745:0:14","r04-c03:expanded-facade-max4m:56745:0:16","r04-c03:expanded-facade-max4m:56745:0:18","r04-c03:expanded-facade-max4m:56745:0:2","r04-c03:expanded-facade-max4m:56745:0:21","r04-c03:expanded-facade-max4m:56745:0:22","r04-c03:expanded-facade-max4m:56745:0:23","r04-c03:expanded-facade-max4m:56745:0:24","r04-c03:expanded-facade-max4m:56745:0:25","r04-c03:expanded-facade-max4m:56745:0:26","r04-c03:expanded-facade-max4m:56745:0:27","r04-c03:expanded-facade-max4m:56745:0:28","r04-c03:expanded-facade-max4m:56745:0:29","r04-c03:expanded-facade-max4m:56745:0:3","r04-c03:expanded-facade-max4m:56745:0:4","r04-c03:expanded-facade-max4m:56745:0:5","r04-c03:expanded-facade-max4m:56745:0:7","r04-c03:expanded-facade-max4m:56745:0:9"],"receiver_count":22,"periods":{"D":{"min":49.658733,"max":64.10358,"receiver_count":22,"unavailable_count":0},"E":{"min":47.440247,"max":61.885086,"receiver_count":22,"unavailable_count":0},"N":{"min":42.669033,"max":57.113876,"receiver_count":22,"unavailable_count":0}}}},{"type":"Feature","id":"lariac:201700286397","geometry":{"type":"Polygon","coordinates":[[[-118.55839630531938,34.18211233877219],[-118.55850056691939,34.18211226486881],[-118.5585004392818,34.18204774191093],[-118.55839642834873,34.182047815558796],[-118.55839642533664,34.18204460607389],[-118.55831747093215,34.182044662238184],[-118.55831753302272,34.18210491758609],[-118.55832344947788,34.182104912813244],[-118.55833078074278,34.18211029905643],[-118.55839630330125,34.182110251705744],[-118.55839630531938,34.18211233877219]]]},"properties":{"building_pk":56752,"building_key":"lariac:201700286397","source_tile":"r04-c03","source_tile_ids":["r04-c03"],"source_bld_id":"201700286397","height_m":5.502,"receiver_ids":[186991,186992,186993,186994,186995,186996,186997,186998,186999,187000,187001,187002,187003],"receiver_keys":["r04-c03:expanded-facade-max4m:56752:0:1","r04-c03:expanded-facade-max4m:56752:0:10","r04-c03:expanded-facade-max4m:56752:0:11","r04-c03:expanded-facade-max4m:56752:0:12","r04-c03:expanded-facade-max4m:56752:0:13","r04-c03:expanded-facade-max4m:56752:0:2","r04-c03:expanded-facade-max4m:56752:0:3","r04-c03:expanded-facade-max4m:56752:0:4","r04-c03:expanded-facade-max4m:56752:0:5","r04-c03:expanded-facade-max4m:56752:0:6","r04-c03:expanded-facade-max4m:56752:0:7","r04-c03:expanded-facade-max4m:56752:0:8","r04-c03:expanded-facade-max4m:56752:0:9"],"receiver_count":13,"periods":{"D":{"min":49.227318,"max":58.77538,"receiver_count":13,"unavailable_count":0},"E":{"min":47.00883,"max":56.556892,"receiver_count":13,"unavailable_count":0},"N":{"min":42.237617,"max":51.78568,"receiver_count":13,"unavailable_count":0}}}},{"type":"Feature","id":"lariac:201700286477","geometry":{"type":"Polygon","coordinates":[[[-118.56325679550375,34.18279538437252],[-118.5634509664685,34.182794619708694],[-118.56345040426172,34.182711268194915],[-118.56351240361127,34.182711023526366],[-118.56351208901991,34.182655864871414],[-118.56339703221363,34.18265631883534],[-118.56339730214852,34.18270374154192],[-118.56325627571114,34.18270429740638],[-118.56325679550375,34.18279538437252]]]},"properties":{"building_pk":56753,"building_key":"lariac:201700286477","source_tile":"r04-c03","source_tile_ids":["r04-c03"],"source_bld_id":"201700286477","height_m":4.685,"receiver_ids":[187004,187005,187006,187007],"receiver_keys":["r04-c03:expanded-facade-max4m:56753:0:17","r04-c03:expanded-facade-max4m:56753:0:18","r04-c03:expanded-facade-max4m:56753:0:19","r04-c03:expanded-facade-max4m:56753:0:20"],"receiver_count":4,"periods":{"D":{"min":60.521595,"max":61.195095,"receiver_count":4,"unavailable_count":0},"E":{"min":58.303104,"max":58.976604,"receiver_count":4,"unavailable_count":0},"N":{"min":53.531895,"max":54.205395,"receiver_count":4,"unavailable_count":0}}}},{"type":"Feature","id":"lariac:201700286731","geometry":{"type":"Polygon","coordinates":[[[-118.56180952399171,34.18513584090984],[-118.56180997263121,34.18517722333808],[-118.56187019979681,34.185176772282254],[-118.56186848648743,34.185018823282306],[-118.56178604442532,34.18501947398628],[-118.5617862100985,34.18503475259788],[-118.56167861497295,34.18503555882033],[-118.56167914875591,34.185084773474465],[-118.56171101640166,34.18508453532899],[-118.56171158004479,34.185136574384266],[-118.56180952399171,34.18513584090984]]]},"properties":{"building_pk":56758,"building_key":"lariac:201700286731","source_tile":"r04-c03","source_tile_ids":["r04-c03"],"source_bld_id":"201700286731","height_m":6.215,"receiver_ids":[187022,187023,187024,187025,187026,187027,187028,187029,187030,187031,187032,187033,187034],"receiver_keys":["r04-c03:expanded-facade-max4m:56758:0:1","r04-c03:expanded-facade-max4m:56758:0:11","r04-c03:expanded-facade-max4m:56758:0:12","r04-c03:expanded-facade-max4m:56758:0:14","r04-c03:expanded-facade-max4m:56758:0:15","r04-c03:expanded-facade-max4m:56758:0:16","r04-c03:expanded-facade-max4m:56758:0:17","r04-c03:expanded-facade-max4m:56758:0:18","r04-c03:expanded-facade-max4m:56758:0:2","r04-c03:expanded-facade-max4m:56758:0:3","r04-c03:expanded-facade-max4m:56758:0:7","r04-c03:expanded-facade-max4m:56758:0:8","r04-c03:expanded-facade-max4m:56758:0:9"],"receiver_count":13,"periods":{"D":{"min":45.487232,"max":63.157707,"receiver_count":13,"unavailable_count":0},"E":{"min":43.268745,"max":60.939217,"receiver_count":13,"unavailable_count":0},"N":{"min":38.49753,"max":56.168007,"receiver_count":13,"unavailable_count":0}}}},{"type":"Feature","id":"lariac:201700286774","geometry":{"type":"Polygon","coordinates":[[[-118.56178716526169,34.185525040674996],[-118.56186256070484,34.18552552168946],[-118.56186361320884,34.18541168504956],[-118.56181599966251,34.18541138061879],[-118.56181628366141,34.185380699730295],[-118.56172486999104,34.18538011637698],[-118.56172457083527,34.185412420116165],[-118.5617175971802,34.185412375871365],[-118.56171712267307,34.185463613766984],[-118.56168494705717,34.18546340798038],[-118.56168449717293,34.185512018659935],[-118.56178725676197,34.1855126755632],[-118.56178716526169,34.185525040674996]]]},"properties":{"building_pk":56761,"building_key":"lariac:201700286774","source_tile":"r04-c03","source_tile_ids":["r04-c03"],"source_bld_id":"201700286774","height_m":6.709,"receiver_ids":[187035,187036,187037,187038,187039,187040,187041,187042,187043,187044,187045,187046,187047,187048],"receiver_keys":["r04-c03:expanded-facade-max4m:56761:0:1","r04-c03:expanded-facade-max4m:56761:0:10","r04-c03:expanded-facade-max4m:56761:0:11","r04-c03:expanded-facade-max4m:56761:0:12","r04-c03:expanded-facade-max4m:56761:0:13","r04-c03:expanded-facade-max4m:56761:0:15","r04-c03:expanded-facade-max4m:56761:0:16","r04-c03:expanded-facade-max4m:56761:0:2","r04-c03:expanded-facade-max4m:56761:0:3","r04-c03:expanded-facade-max4m:56761:0:4","r04-c03:expanded-facade-max4m:56761:0:5","r04-c03:expanded-facade-max4m:56761:0:6","r04-c03:expanded-facade-max4m:56761:0:8","r04-c03:expanded-facade-max4m:56761:0:9"],"receiver_count":14,"periods":{"D":{"min":47.165615,"max":61.707172,"receiver_count":14,"unavailable_count":0},"E":{"min":44.947124,"max":59.488686,"receiver_count":14,"unavailable_count":0},"N":{"min":40.175915,"max":54.717472,"receiver_count":14,"unavailable_count":0}}}},{"type":"Feature","id":"lariac:201700286834","geometry":{"type":"Polygon","coordinates":[[[-118.56278432774829,34.18584760725986],[-118.56278598054185,34.18599454326575],[-118.56289880213987,34.18599366666365],[-118.56289770546663,34.185897894346894],[-118.56289316887465,34.18589792988401],[-118.56289302342906,34.18588503937107],[-118.56290470336289,34.185884948051246],[-118.5629044596121,34.185863265228846],[-118.56295641671417,34.18586286113745],[-118.56295568226214,34.185797665733475],[-118.56287408224763,34.18579829973321],[-118.56287462891153,34.185846905782924],[-118.56278432774829,34.18584760725986]]]},"properties":{"building_pk":56765,"building_key":"lariac:201700286834","source_tile":"r04-c03","source_tile_ids":["r04-c03"],"source_bld_id":"201700286834","height_m":4.389,"receiver_ids":[187058,187059,187060,187061,187062,187063,187064,187065,187066,187067,187068,187069,187070,187071,187072,187073,187074],"receiver_keys":["r04-c03:expanded-facade-max4m:56765:0:1","r04-c03:expanded-facade-max4m:56765:0:10","r04-c03:expanded-facade-max4m:56765:0:12","r04-c03:expanded-facade-max4m:56765:0:13","r04-c03:expanded-facade-max4m:56765:0:14","r04-c03:expanded-facade-max4m:56765:0:15","r04-c03:expanded-facade-max4m:56765:0:16","r04-c03:expanded-facade-max4m:56765:0:17","r04-c03:expanded-facade-max4m:56765:0:18","r04-c03:expanded-facade-max4m:56765:0:19","r04-c03:expanded-facade-max4m:56765:0:2","r04-c03:expanded-facade-max4m:56765:0:3","r04-c03:expanded-facade-max4m:56765:0:4","r04-c03:expanded-facade-max4m:56765:0:6","r04-c03:expanded-facade-max4m:56765:0:7","r04-c03:expanded-facade-max4m:56765:0:8","r04-c03:expanded-facade-max4m:56765:0:9"],"receiver_count":17,"periods":{"D":{"min":57.736504,"max":61.698044,"receiver_count":17,"unavailable_count":0},"E":{"min":55.518017,"max":59.479557,"receiver_count":17,"unavailable_count":0},"N":{"min":50.746803,"max":54.708344,"receiver_count":17,"unavailable_count":0}}}},{"type":"Feature","id":"lariac:391546890323","geometry":{"type":"Polygon","coordinates":[[[-118.56241992692658,34.18533623126379],[-118.56241977667227,34.18543185882202],[-118.56248336396919,34.18543192014256],[-118.56248339704786,34.1854271661429],[-118.56250869351102,34.1854271864373],[-118.56250866194043,34.185456973625335],[-118.56242216147459,34.18545688092804],[-118.56242204429081,34.185518105382016],[-118.562512447058,34.1855182069778],[-118.56251243998223,34.18551216215264],[-118.5625899470681,34.1855122407211],[-118.56259010088189,34.18542216395668],[-118.56258629844467,34.185422153695036],[-118.56258644691681,34.18531163172183],[-118.56252368741812,34.18531156660596],[-118.56252365580649,34.18533635292495],[-118.56241992692658,34.18533623126379]]]},"properties":{"building_pk":61133,"building_key":"lariac:391546890323","source_tile":"r04-c03","source_tile_ids":["r04-c03"],"source_bld_id":"391546890323","height_m":4.331,"receiver_ids":[188652,188653,188654,188655,188656,188657,188658,188659,188660,188661,188662,188663,188664,188665,188666,188667,188668,188669,188670,188671],"receiver_keys":["r04-c03:expanded-facade-max4m:61133:0:1","r04-c03:expanded-facade-max4m:61133:0:10","r04-c03:expanded-facade-max4m:61133:0:11","r04-c03:expanded-facade-max4m:61133:0:12","r04-c03:expanded-facade-max4m:61133:0:13","r04-c03:expanded-facade-max4m:61133:0:14","r04-c03:expanded-facade-max4m:61133:0:15","r04-c03:expanded-facade-max4m:61133:0:16","r04-c03:expanded-facade-max4m:61133:0:17","r04-c03:expanded-facade-max4m:61133:0:18","r04-c03:expanded-facade-max4m:61133:0:19","r04-c03:expanded-facade-max4m:61133:0:2","r04-c03:expanded-facade-max4m:61133:0:20","r04-c03:expanded-facade-max4m:61133:0:21","r04-c03:expanded-facade-max4m:61133:0:23","r04-c03:expanded-facade-max4m:61133:0:24","r04-c03:expanded-facade-max4m:61133:0:3","r04-c03:expanded-facade-max4m:61133:0:5","r04-c03:expanded-facade-max4m:61133:0:6","r04-c03:expanded-facade-max4m:61133:0:9"],"receiver_count":20,"periods":{"D":{"min":59.683216,"max":69.14155,"receiver_count":20,"unavailable_count":0},"E":{"min":57.464725,"max":66.92306,"receiver_count":20,"unavailable_count":0},"N":{"min":52.693516,"max":62.151848,"receiver_count":20,"unavailable_count":0}}}},{"type":"Feature","id":"lariac:390813890338","geometry":{"type":"Polygon","coordinates":[[[-118.56493993880525,34.185397828779934],[-118.56493231528695,34.18543419123938],[-118.56496488371764,34.18543890295362],[-118.56497250722217,34.18540254049205],[-118.56493993880525,34.185397828779934]]]},"properties":{"building_pk":61141,"building_key":"lariac:390813890338","source_tile":"r04-c03","source_tile_ids":["r04-c03"],"source_bld_id":"390813890338","height_m":3.661,"receiver_ids":[188697,188698],"receiver_keys":["r04-c03:expanded-facade-max4m:61141:0:2","r04-c03:expanded-facade-max4m:61141:0:4"],"receiver_count":2,"periods":{"D":{"min":58.106598,"max":59.46662,"receiver_count":2,"unavailable_count":0},"E":{"min":55.88811,"max":57.24813,"receiver_count":2,"unavailable_count":0},"N":{"min":51.116898,"max":52.47692,"receiver_count":2,"unavailable_count":0}}}},{"type":"Feature","id":"lariac:392101889766","geometry":{"type":"Polygon","coordinates":[[[-118.56073103604781,34.18385165279469],[-118.56066249656703,34.183827816339615],[-118.5606336187723,34.183885216318814],[-118.56070215811039,34.18390902574479],[-118.56073103604781,34.18385165279469]]]},"properties":{"building_pk":61161,"building_key":"lariac:392101889766","source_tile":"r04-c03","source_tile_ids":["r04-c03"],"source_bld_id":"392101889766","height_m":3.831,"receiver_ids":[188747,188748,188749,188750,188751,188752,188753],"receiver_keys":["r04-c03:expanded-facade-max4m:61161:0:1","r04-c03:expanded-facade-max4m:61161:0:2","r04-c03:expanded-facade-max4m:61161:0:3","r04-c03:expanded-facade-max4m:61161:0:4","r04-c03:expanded-facade-max4m:61161:0:5","r04-c03:expanded-facade-max4m:61161:0:6","r04-c03:expanded-facade-max4m:61161:0:7"],"receiver_count":7,"periods":{"D":{"min":59.325096,"max":60.75281,"receiver_count":7,"unavailable_count":0},"E":{"min":57.10661,"max":58.534325,"receiver_count":7,"unavailable_count":0},"N":{"min":52.335396,"max":53.763115,"receiver_count":7,"unavailable_count":0}}}},{"type":"Feature","id":"lariac:392564889635","geometry":{"type":"Polygon","coordinates":[[[-118.55925332928514,34.18345935989591],[-118.5591451681211,34.18342408216672],[-118.55913587612889,34.18344377248512],[-118.55910823973504,34.18343474956289],[-118.55908160169618,34.183491095726296],[-118.55904892846193,34.18348044714759],[-118.55902652996153,34.18352789709431],[-118.55912097307015,34.183558704477605],[-118.55911386492288,34.18357371379607],[-118.55918789387641,34.18359785481025],[-118.55925332928514,34.18345935989591]]]},"properties":{"building_pk":61175,"building_key":"lariac:392564889635","source_tile":"r04-c03","source_tile_ids":["r04-c03"],"source_bld_id":"392564889635","height_m":6.087,"receiver_ids":[188766,188767,188768,188769,188770,188771,188772,188773,188774,188775],"receiver_keys":["r04-c03:expanded-facade-max4m:61175:0:1","r04-c03:expanded-facade-max4m:61175:0:10","r04-c03:expanded-facade-max4m:61175:0:12","r04-c03:expanded-facade-max4m:61175:0:13","r04-c03:expanded-facade-max4m:61175:0:2","r04-c03:expanded-facade-max4m:61175:0:3","r04-c03:expanded-facade-max4m:61175:0:5","r04-c03:expanded-facade-max4m:61175:0:6","r04-c03:expanded-facade-max4m:61175:0:7","r04-c03:expanded-facade-max4m:61175:0:9"],"receiver_count":10,"periods":{"D":{"min":47.665413,"max":59.7007,"receiver_count":10,"unavailable_count":0},"E":{"min":45.446926,"max":57.482212,"receiver_count":10,"unavailable_count":0},"N":{"min":40.675713,"max":52.711,"receiver_count":10,"unavailable_count":0}}}},{"type":"Feature","id":"lariac:391769889343","geometry":{"type":"Polygon","coordinates":[[[-118.56187327567964,34.182774362916064],[-118.56187293727385,34.18271421251905],[-118.56186103407055,34.18271426781508],[-118.56186088530664,34.18268731141578],[-118.56188475806456,34.18268722846215],[-118.56188441373857,34.182626199086464],[-118.56168209418242,34.18262697383576],[-118.56168229295376,34.182666377631385],[-118.56166242192941,34.18266644286352],[-118.56166281043372,34.18273906860427],[-118.56168347534687,34.182738972639065],[-118.56168365194551,34.182775078686866],[-118.56187327567964,34.182774362916064]]]},"properties":{"building_pk":61224,"building_key":"lariac:391769889343","source_tile":"r04-c03","source_tile_ids":["r04-c03"],"source_bld_id":"391769889343","height_m":7.257,"receiver_ids":[188831,188832,188833,188834,188835,188836,188837,188838,188839,188840,188841,188842,188843,188844,188845,188846,188847,188848],"receiver_keys":["r04-c03:expanded-facade-max4m:61224:0:1","r04-c03:expanded-facade-max4m:61224:0:10","r04-c03:expanded-facade-max4m:61224:0:11","r04-c03:expanded-facade-max4m:61224:0:13","r04-c03:expanded-facade-max4m:61224:0:14","r04-c03:expanded-facade-max4m:61224:0:16","r04-c03:expanded-facade-max4m:61224:0:17","r04-c03:expanded-facade-max4m:61224:0:18","r04-c03:expanded-facade-max4m:61224:0:19","r04-c03:expanded-facade-max4m:61224:0:2","r04-c03:expanded-facade-max4m:61224:0:20","r04-c03:expanded-facade-max4m:61224:0:3","r04-c03:expanded-facade-max4m:61224:0:4","r04-c03:expanded-facade-max4m:61224:0:5","r04-c03:expanded-facade-max4m:61224:0:6","r04-c03:expanded-facade-max4m:61224:0:7","r04-c03:expanded-facade-max4m:61224:0:8","r04-c03:expanded-facade-max4m:61224:0:9"],"receiver_count":18,"periods":{"D":{"min":47.503456,"max":66.207245,"receiver_count":18,"unavailable_count":0},"E":{"min":45.284966,"max":63.988754,"receiver_count":18,"unavailable_count":0},"N":{"min":40.513756,"max":59.21754,"receiver_count":18,"unavailable_count":0}}}},{"type":"Feature","id":"lariac:390117888511","geometry":{"type":"Polygon","coordinates":[[[-118.56725343238035,34.18042083191435],[-118.56726190716756,34.1803688289136],[-118.56718011024653,34.180359649843076],[-118.5671716354093,34.180411652838096],[-118.56725343238035,34.18042083191435]]]},"properties":{"building_pk":61225,"building_key":"lariac:390117888511","source_tile":"r04-c03","source_tile_ids":["r04-c03"],"source_bld_id":"390117888511","height_m":3.975,"receiver_ids":[188849,188850,188851,188852,188853,188854,188855],"receiver_keys":["r04-c03:expanded-facade-max4m:61225:0:1","r04-c03:expanded-facade-max4m:61225:0:2","r04-c03:expanded-facade-max4m:61225:0:3","r04-c03:expanded-facade-max4m:61225:0:4","r04-c03:expanded-facade-max4m:61225:0:5","r04-c03:expanded-facade-max4m:61225:0:6","r04-c03:expanded-facade-max4m:61225:0:7"],"receiver_count":7,"periods":{"D":{"min":64.14878,"max":64.59159,"receiver_count":7,"unavailable_count":0},"E":{"min":61.930294,"max":62.373108,"receiver_count":7,"unavailable_count":0},"N":{"min":57.15908,"max":57.601894,"receiver_count":7,"unavailable_count":0}}}},{"type":"Feature","id":"lariac:391292889545","geometry":{"type":"Polygon","coordinates":[[[-118.56344873450402,34.18329086924643],[-118.5634488566122,34.18320604051854],[-118.56351310284555,34.18320609822022],[-118.56351315186522,34.183149682920444],[-118.56343253799798,34.183149619426466],[-118.56343249530757,34.183192184262815],[-118.56339460144548,34.183192141706066],[-118.56339460911634,34.183198104488035],[-118.56325613090192,34.18319797953233],[-118.56325602923093,34.18329069487829],[-118.56344873450402,34.18329086924643]]]},"properties":{"building_pk":61236,"building_key":"lariac:391292889545","source_tile":"r04-c03","source_tile_ids":["r04-c03"],"source_bld_id":"391292889545","height_m":3.981,"receiver_ids":[188869,188870,188871,188872,188873],"receiver_keys":["r04-c03:expanded-facade-max4m:61236:0:12","r04-c03:expanded-facade-max4m:61236:0:13","r04-c03:expanded-facade-max4m:61236:0:14","r04-c03:expanded-facade-max4m:61236:0:15","r04-c03:expanded-facade-max4m:61236:0:16"],"receiver_count":5,"periods":{"D":{"min":58.00269,"max":61.352917,"receiver_count":5,"unavailable_count":0},"E":{"min":55.7842,"max":59.13443,"receiver_count":5,"unavailable_count":0},"N":{"min":51.01299,"max":54.363216,"receiver_count":5,"unavailable_count":0}}}},{"type":"Feature","id":"lariac:391269889098","geometry":{"type":"Polygon","coordinates":[[[-118.5633127293517,34.1820737365398],[-118.56345525220077,34.182066010859444],[-118.5634555080612,34.18206952659397],[-118.56348951928004,34.18206769217098],[-118.56349273955944,34.18210895079287],[-118.56357322278583,34.18210459187171],[-118.56356902461373,34.18205072429426],[-118.56350381099298,34.18205427100211],[-118.56349730113209,34.181971451162745],[-118.56330553045746,34.18198185216204],[-118.5633127293517,34.1820737365398]]]},"properties":{"building_pk":61244,"building_key":"lariac:391269889098","source_tile":"r04-c03","source_tile_ids":["r04-c03"],"source_bld_id":"391269889098","height_m":5.264,"receiver_ids":[188902,188903,188904],"receiver_keys":["r04-c03:expanded-facade-max4m:61244:0:18","r04-c03:expanded-facade-max4m:61244:0:19","r04-c03:expanded-facade-max4m:61244:0:20"],"receiver_count":3,"periods":{"D":{"min":56.17771,"max":59.047684,"receiver_count":3,"unavailable_count":0},"E":{"min":53.959225,"max":56.829197,"receiver_count":3,"unavailable_count":0},"N":{"min":49.18801,"max":52.057983,"receiver_count":3,"unavailable_count":0}}}},{"type":"Feature","id":"lariac:392206889253","geometry":{"type":"Polygon","coordinates":[[[-118.56021285469258,34.182548107889424],[-118.56020091915622,34.18254819111987],[-118.56020110683336,34.18257116251088],[-118.5602827732052,34.1825707012861],[-118.56028232321782,34.18251832813144],[-118.56032530575798,34.18251807401785],[-118.560325023389,34.182485842398364],[-118.56039878822445,34.1824854186019],[-118.56039872729312,34.18248118703334],[-118.56042864919418,34.182480993396744],[-118.56042818805388,34.182426971368685],[-118.5602925603892,34.18242773767309],[-118.56029263687303,34.1824391409576],[-118.56027742859955,34.18243923845496],[-118.56027733147512,34.18242475739237],[-118.5602222136793,34.18242506769904],[-118.56022242403411,34.18245141977759],[-118.56021204189429,34.18245149491249],[-118.56021285469258,34.182548107889424]]]},"properties":{"building_pk":61350,"building_key":"lariac:392206889253","source_tile":"r04-c03","source_tile_ids":["r04-c03"],"source_bld_id":"392206889253","height_m":4.023,"receiver_ids":[189012,189013,189014,189015,189016,189017,189018,189019,189020,189021,189022,189023,189024,189025,189026,189027,189028],"receiver_keys":["r04-c03:expanded-facade-max4m:61350:0:1","r04-c03:expanded-facade-max4m:61350:0:10","r04-c03:expanded-facade-max4m:61350:0:11","r04-c03:expanded-facade-max4m:61350:0:12","r04-c03:expanded-facade-max4m:61350:0:13","r04-c03:expanded-facade-max4m:61350:0:14","r04-c03:expanded-facade-max4m:61350:0:16","r04-c03:expanded-facade-max4m:61350:0:17","r04-c03:expanded-facade-max4m:61350:0:18","r04-c03:expanded-facade-max4m:61350:0:19","r04-c03:expanded-facade-max4m:61350:0:2","r04-c03:expanded-facade-max4m:61350:0:20","r04-c03:expanded-facade-max4m:61350:0:3","r04-c03:expanded-facade-max4m:61350:0:4","r04-c03:expanded-facade-max4m:61350:0:6","r04-c03:expanded-facade-max4m:61350:0:8","r04-c03:expanded-facade-max4m:61350:0:9"],"receiver_count":17,"periods":{"D":{"min":56.517593,"max":59.49524,"receiver_count":17,"unavailable_count":0},"E":{"min":54.299107,"max":57.276752,"receiver_count":17,"unavailable_count":0},"N":{"min":49.527893,"max":52.50554,"receiver_count":17,"unavailable_count":0}}}},{"type":"Feature","id":"lariac:391182890215","geometry":{"type":"Polygon","coordinates":[[[-118.5637430077823,34.18509546009632],[-118.56374366880871,34.18507333039914],[-118.56371354190733,34.18507270179501],[-118.56371322179308,34.18509487317727],[-118.5637430077823,34.18509546009632]]]},"properties":{"building_pk":61609,"building_key":"lariac:391182890215","source_tile":"r04-c03","source_tile_ids":["r04-c03"],"source_bld_id":"391182890215","height_m":3.139,"receiver_ids":[189345,189346,189347,189348],"receiver_keys":["r04-c03:expanded-facade-max4m:61609:0:1","r04-c03:expanded-facade-max4m:61609:0:2","r04-c03:expanded-facade-max4m:61609:0:3","r04-c03:expanded-facade-max4m:61609:0:4"],"receiver_count":4,"periods":{"D":{"min":58.825787,"max":59.137016,"receiver_count":4,"unavailable_count":0},"E":{"min":56.6073,"max":56.91853,"receiver_count":4,"unavailable_count":0},"N":{"min":51.836086,"max":52.147316,"receiver_count":4,"unavailable_count":0}}}},{"type":"Feature","id":"lariac:391489889329","geometry":{"type":"Polygon","coordinates":[[[-118.56278355202734,34.182764195907644],[-118.56278339986123,34.182599266202665],[-118.5626878756413,34.18259932658691],[-118.56268786736605,34.18260309057504],[-118.5625307764057,34.18260318931994],[-118.56253086890187,34.18269054497564],[-118.56261538242963,34.18269048184177],[-118.56261544995174,34.182764291001654],[-118.56278355202734,34.182764195907644]]]},"properties":{"building_pk":61610,"building_key":"lariac:391489889329","source_tile":"r04-c03","source_tile_ids":["r04-c03"],"source_bld_id":"391489889329","height_m":4.734,"receiver_ids":[189349,189350,189351,189352,189353,189354,189355,189356,189357,189358,189359,189360,189361,189362,189363,189364,189365,189366,189367,189368,189369],"receiver_keys":["r04-c03:expanded-facade-max4m:61610:0:1","r04-c03:expanded-facade-max4m:61610:0:10","r04-c03:expanded-facade-max4m:61610:0:11","r04-c03:expanded-facade-max4m:61610:0:12","r04-c03:expanded-facade-max4m:61610:0:13","r04-c03:expanded-facade-max4m:61610:0:14","r04-c03:expanded-facade-max4m:61610:0:15","r04-c03:expanded-facade-max4m:61610:0:16","r04-c03:expanded-facade-max4m:61610:0:17","r04-c03:expanded-facade-max4m:61610:0:18","r04-c03:expanded-facade-max4m:61610:0:19","r04-c03:expanded-facade-max4m:61610:0:2","r04-c03:expanded-facade-max4m:61610:0:20","r04-c03:expanded-facade-max4m:61610:0:21","r04-c03:expanded-facade-max4m:61610:0:3","r04-c03:expanded-facade-max4m:61610:0:4","r04-c03:expanded-facade-max4m:61610:0:5","r04-c03:expanded-facade-max4m:61610:0:6","r04-c03:expanded-facade-max4m:61610:0:7","r04-c03:expanded-facade-max4m:61610:0:8","r04-c03:expanded-facade-max4m:61610:0:9"],"receiver_count":21,"periods":{"D":{"min":55.983326,"max":67.441574,"receiver_count":21,"unavailable_count":0},"E":{"min":53.76484,"max":65.22309,"receiver_count":21,"unavailable_count":0},"N":{"min":48.993626,"max":60.451878,"receiver_count":21,"unavailable_count":0}}}},{"type":"Feature","id":"lariac:392237889786","geometry":{"type":"Polygon","coordinates":[[[-118.5603776976927,34.183935205617324],[-118.56035798776605,34.1838855875614],[-118.56032313475139,34.183895146730244],[-118.5603045358592,34.18384829847346],[-118.56028417221837,34.183853888622785],[-118.56027307272925,34.18382596600803],[-118.56020280609654,34.18384527981395],[-118.56021420813498,34.18387399709766],[-118.56016192914099,34.183888336683964],[-118.560205281132,34.18399742024687],[-118.56028373433301,34.18397589759793],[-118.56027838605733,34.18396245780255],[-118.5603776976927,34.183935205617324]]]},"properties":{"building_pk":61658,"building_key":"lariac:392237889786","source_tile":"r04-c03","source_tile_ids":["r04-c03"],"source_bld_id":"392237889786","height_m":5.922,"receiver_ids":[189420,189421,189422,189423,189424,189425,189426,189427,189428,189429,189430,189431,189432,189433],"receiver_keys":["r04-c03:expanded-facade-max4m:61658:0:1","r04-c03:expanded-facade-max4m:61658:0:10","r04-c03:expanded-facade-max4m:61658:0:11","r04-c03:expanded-facade-max4m:61658:0:12","r04-c03:expanded-facade-max4m:61658:0:13","r04-c03:expanded-facade-max4m:61658:0:14","r04-c03:expanded-facade-max4m:61658:0:16","r04-c03:expanded-facade-max4m:61658:0:17","r04-c03:expanded-facade-max4m:61658:0:2","r04-c03:expanded-facade-max4m:61658:0:4","r04-c03:expanded-facade-max4m:61658:0:5","r04-c03:expanded-facade-max4m:61658:0:6","r04-c03:expanded-facade-max4m:61658:0:7","r04-c03:expanded-facade-max4m:61658:0:9"],"receiver_count":14,"periods":{"D":{"min":49.309273,"max":59.98231,"receiver_count":14,"unavailable_count":0},"E":{"min":47.090782,"max":57.763824,"receiver_count":14,"unavailable_count":0},"N":{"min":42.319572,"max":52.99261,"receiver_count":14,"unavailable_count":0}}}},{"type":"Feature","id":"lariac:391399888885","geometry":{"type":"Polygon","coordinates":[[[-118.56301320717796,34.18139823780422],[-118.56294744650886,34.181398928863764],[-118.56294849906868,34.18146690675501],[-118.56301425960892,34.1814661886494],[-118.56301320717796,34.18139823780422]]]},"properties":{"building_pk":61751,"building_key":"lariac:391399888885","source_tile":"r04-c03","source_tile_ids":["r04-c03"],"source_bld_id":"391399888885","height_m":4.234,"receiver_ids":[189716,189717,189718,189719,189720,189721,189722],"receiver_keys":["r04-c03:expanded-facade-max4m:61751:0:1","r04-c03:expanded-facade-max4m:61751:0:2","r04-c03:expanded-facade-max4m:61751:0:3","r04-c03:expanded-facade-max4m:61751:0:4","r04-c03:expanded-facade-max4m:61751:0:5","r04-c03:expanded-facade-max4m:61751:0:6","r04-c03:expanded-facade-max4m:61751:0:7"],"receiver_count":7,"periods":{"D":{"min":59.12938,"max":63.86177,"receiver_count":7,"unavailable_count":0},"E":{"min":56.910892,"max":61.643284,"receiver_count":7,"unavailable_count":0},"N":{"min":52.13968,"max":56.87207,"receiver_count":7,"unavailable_count":0}}}},{"type":"Feature","id":"lariac:391402890264","geometry":{"type":"Polygon","coordinates":[[[-118.56293536247114,34.185307233358785],[-118.56303958485407,34.18530702321659],[-118.5630395762799,34.185315569000224],[-118.56307925487525,34.18531549427717],[-118.56307905012555,34.18524086174094],[-118.56305104316837,34.185240910079536],[-118.56305088223107,34.18517776302092],[-118.5630650336867,34.1851777250911],[-118.56306489886255,34.18513309924842],[-118.56304991952719,34.185133113985785],[-118.56304985128516,34.18510335430777],[-118.56297465994544,34.18510348523414],[-118.56295008515214,34.18516127774993],[-118.56292404206913,34.18515332021601],[-118.56294977046836,34.1850949444461],[-118.56288786288934,34.18507896509137],[-118.5628441732721,34.18517573016929],[-118.56287926708286,34.18518721842351],[-118.56286837337743,34.18520947146408],[-118.56293515558244,34.185227434980824],[-118.56293536247114,34.185307233358785]]]},"properties":{"building_pk":61876,"building_key":"lariac:391402890264","source_tile":"r04-c03","source_tile_ids":["r04-c03"],"source_bld_id":"391402890264","height_m":4.977,"receiver_ids":[189880,189881,189882,189883,189884,189885,189886,189887,189888,189889,189890,189891,189892,189893,189894,189895,189896,189897,189898],"receiver_keys":["r04-c03:expanded-facade-max4m:61876:0:1","r04-c03:expanded-facade-max4m:61876:0:10","r04-c03:expanded-facade-max4m:61876:0:11","r04-c03:expanded-facade-max4m:61876:0:12","r04-c03:expanded-facade-max4m:61876:0:13","r04-c03:expanded-facade-max4m:61876:0:18","r04-c03:expanded-facade-max4m:61876:0:19","r04-c03:expanded-facade-max4m:61876:0:2","r04-c03:expanded-facade-max4m:61876:0:20","r04-c03:expanded-facade-max4m:61876:0:21","r04-c03:expanded-facade-max4m:61876:0:22","r04-c03:expanded-facade-max4m:61876:0:24","r04-c03:expanded-facade-max4m:61876:0:25","r04-c03:expanded-facade-max4m:61876:0:26","r04-c03:expanded-facade-max4m:61876:0:27","r04-c03:expanded-facade-max4m:61876:0:5","r04-c03:expanded-facade-max4m:61876:0:6","r04-c03:expanded-facade-max4m:61876:0:8","r04-c03:expanded-facade-max4m:61876:0:9"],"receiver_count":19,"periods":{"D":{"min":54.513084,"max":60.815865,"receiver_count":19,"unavailable_count":0},"E":{"min":52.294598,"max":58.597378,"receiver_count":19,"unavailable_count":0},"N":{"min":47.523384,"max":53.826164,"receiver_count":19,"unavailable_count":0}}}},{"type":"Feature","id":"lariac:391403889521","geometry":{"type":"Polygon","coordinates":[[[-118.56301897073064,34.183214939208824],[-118.56301868502482,34.183148083776615],[-118.56295139860252,34.18314825993978],[-118.56295168443671,34.18321514241763],[-118.56301897073064,34.183214939208824]]]},"properties":{"building_pk":62185,"building_key":"lariac:391403889521","source_tile":"r04-c03","source_tile_ids":["r04-c03"],"source_bld_id":"391403889521","height_m":3.341,"receiver_ids":[190409,190410,190411,190412,190413,190414,190415],"receiver_keys":["r04-c03:expanded-facade-max4m:62185:0:1","r04-c03:expanded-facade-max4m:62185:0:2","r04-c03:expanded-facade-max4m:62185:0:3","r04-c03:expanded-facade-max4m:62185:0:4","r04-c03:expanded-facade-max4m:62185:0:5","r04-c03:expanded-facade-max4m:62185:0:6","r04-c03:expanded-facade-max4m:62185:0:7"],"receiver_count":7,"periods":{"D":{"min":61.9018,"max":62.526787,"receiver_count":7,"unavailable_count":0},"E":{"min":59.68331,"max":60.3083,"receiver_count":7,"unavailable_count":0},"N":{"min":54.912098,"max":55.537086,"receiver_count":7,"unavailable_count":0}}}},{"type":"Feature","id":"lariac:393034888836","geometry":{"type":"Polygon","coordinates":[[[-118.55754350514512,34.18127147885937],[-118.55754354270479,34.181267191841876],[-118.55747794110454,34.1812669992871],[-118.55747791949638,34.18127367712717],[-118.55744465604933,34.18127358341951],[-118.55744413496315,34.181408453279076],[-118.55757798174817,34.18140879825572],[-118.55757794100407,34.18141764620179],[-118.55764311297317,34.18141781273585],[-118.55764365869615,34.18127173115229],[-118.55754350514512,34.18127147885937]]]},"properties":{"building_pk":62422,"building_key":"lariac:393034888836","source_tile":"r04-c03","source_tile_ids":["r04-c03"],"source_bld_id":"393034888836","height_m":4.874,"receiver_ids":[190682,190683,190684],"receiver_keys":["r04-c03:expanded-facade-max4m:62422:0:7","r04-c03:expanded-facade-max4m:62422:0:8","r04-c03:expanded-facade-max4m:62422:0:9"],"receiver_count":3,"periods":{"D":{"min":50.74075,"max":54.37468,"receiver_count":3,"unavailable_count":0},"E":{"min":48.522263,"max":52.156193,"receiver_count":3,"unavailable_count":0},"N":{"min":43.75105,"max":47.384983,"receiver_count":3,"unavailable_count":0}}}},{"type":"Feature","id":"lariac:391091889729","geometry":{"type":"Polygon","coordinates":[[[-118.56413054506955,34.18366882641103],[-118.56395983662235,34.18367006245262],[-118.56396031131462,34.18371595067722],[-118.56393944909675,34.18371610204302],[-118.56393935703589,34.183707446739795],[-118.56386192224353,34.18370802773612],[-118.56386256413634,34.18376889074349],[-118.56393414675567,34.18376836498088],[-118.56393458226614,34.18380829057037],[-118.56409176715091,34.18380714468416],[-118.56409167764443,34.18379870934603],[-118.56412751822964,34.18379843219849],[-118.5641270716513,34.18375672070044],[-118.56413146828653,34.183756700194],[-118.56413054506955,34.18366882641103]]]},"properties":{"building_pk":62503,"building_key":"lariac:391091889729","source_tile":"r04-c03","source_tile_ids":["r04-c03"],"source_bld_id":"391091889729","height_m":4.84,"receiver_ids":[190804,190805,190806,190807,190808,190809,190810,190811,190812,190813,190814],"receiver_keys":["r04-c03:expanded-facade-max4m:62503:0:10","r04-c03:expanded-facade-max4m:62503:0:11","r04-c03:expanded-facade-max4m:62503:0:13","r04-c03:expanded-facade-max4m:62503:0:17","r04-c03:expanded-facade-max4m:62503:0:18","r04-c03:expanded-facade-max4m:62503:0:20","r04-c03:expanded-facade-max4m:62503:0:21","r04-c03:expanded-facade-max4m:62503:0:5","r04-c03:expanded-facade-max4m:62503:0:7","r04-c03:expanded-facade-max4m:62503:0:8","r04-c03:expanded-facade-max4m:62503:0:9"],"receiver_count":11,"periods":{"D":{"min":53.34685,"max":60.61113,"receiver_count":11,"unavailable_count":0},"E":{"min":51.128365,"max":58.392643,"receiver_count":11,"unavailable_count":0},"N":{"min":46.35715,"max":53.621433,"receiver_count":11,"unavailable_count":0}}}},{"type":"Feature","id":"lariac:391949888746","geometry":{"type":"Polygon","coordinates":[[[-118.56121201524438,34.180988761038776],[-118.561117281144,34.18098892831638],[-118.56111761645865,34.181169825316395],[-118.56119884608768,34.18116947007204],[-118.56119878661471,34.18112121696932],[-118.56121224440956,34.181121209518075],[-118.56121201524438,34.180988761038776]]]},"properties":{"building_pk":62629,"building_key":"lariac:391949888746","source_tile":"r04-c03","source_tile_ids":["r04-c03"],"source_bld_id":"391949888746","height_m":4.779,"receiver_ids":[190914,190915,190916,190917,190918,190919,190920,190921],"receiver_keys":["r04-c03:expanded-facade-max4m:62629:0:1","r04-c03:expanded-facade-max4m:62629:0:10","r04-c03:expanded-facade-max4m:62629:0:11","r04-c03:expanded-facade-max4m:62629:0:12","r04-c03:expanded-facade-max4m:62629:0:13","r04-c03:expanded-facade-max4m:62629:0:14","r04-c03:expanded-facade-max4m:62629:0:15","r04-c03:expanded-facade-max4m:62629:0:2"],"receiver_count":8,"periods":{"D":{"min":60.97673,"max":63.75095,"receiver_count":8,"unavailable_count":0},"E":{"min":58.758244,"max":61.532463,"receiver_count":8,"unavailable_count":0},"N":{"min":53.98703,"max":56.761253,"receiver_count":8,"unavailable_count":0}}}},{"type":"Feature","id":"lariac:389966888468","geometry":{"type":"Polygon","coordinates":[[[-118.56780274480333,34.18023395145689],[-118.56773572496391,34.18021953753454],[-118.56774073983439,34.18020341059616],[-118.5676675291409,34.180187706736646],[-118.56766494093772,34.180196017606775],[-118.56762676192791,34.18018781603337],[-118.56763290958999,34.1801680568674],[-118.56755986382801,34.18015235216879],[-118.56753925188374,34.18021859074462],[-118.56764716540776,34.18024177150497],[-118.56764619561679,34.18024496391991],[-118.56763695717156,34.18024297339363],[-118.56761346584977,34.18031856910904],[-118.56766518765187,34.180329702958026],[-118.56767136763133,34.18030975070773],[-118.56769063859879,34.18031389210838],[-118.567676983038,34.18035773072354],[-118.56772857216068,34.180368810174144],[-118.56772546580989,34.180378772403664],[-118.56775569826918,34.18038528028357],[-118.56780274480333,34.18023395145689]]]},"properties":{"building_pk":62639,"building_key":"lariac:389966888468","source_tile":"r04-c03","source_tile_ids":["r04-c02","r04-c03"],"source_bld_id":"389966888468","height_m":5.788,"receiver_ids":[190923,190924,190925,190926,190927,190928,190929,190930,190931,190932,190933,190934,190935,190936,190937,190938],"receiver_keys":["r04-c03:expanded-facade-max4m:62639:0:10","r04-c03:expanded-facade-max4m:62639:0:11","r04-c03:expanded-facade-max4m:62639:0:12","r04-c03:expanded-facade-max4m:62639:0:14","r04-c03:expanded-facade-max4m:62639:0:15","r04-c03:expanded-facade-max4m:62639:0:16","r04-c03:expanded-facade-max4m:62639:0:19","r04-c03:expanded-facade-max4m:62639:0:20","r04-c03:expanded-facade-max4m:62639:0:21","r04-c03:expanded-facade-max4m:62639:0:3","r04-c03:expanded-facade-max4m:62639:0:4","r04-c03:expanded-facade-max4m:62639:0:5","r04-c03:expanded-facade-max4m:62639:0:6","r04-c03:expanded-facade-max4m:62639:0:7","r04-c03:expanded-facade-max4m:62639:0:8","r04-c03:expanded-facade-max4m:62639:0:9"],"receiver_count":16,"periods":{"D":{"min":53.03114,"max":67.19876,"receiver_count":16,"unavailable_count":0},"E":{"min":50.812653,"max":64.98027,"receiver_count":16,"unavailable_count":0},"N":{"min":46.04144,"max":60.20906,"receiver_count":16,"unavailable_count":0}}}},{"type":"Feature","id":"lariac:391000890352","geometry":{"type":"Polygon","coordinates":[[[-118.56423717732741,34.18540627500391],[-118.56423525021587,34.18550273577661],[-118.56432172561108,34.185503926277725],[-118.56432160935765,34.185511126557834],[-118.5644021989352,34.18551223447376],[-118.56440236965985,34.18550330297311],[-118.56440527948665,34.18550334438923],[-118.56440727445037,34.18540218354261],[-118.56434569972008,34.185401344825486],[-118.56434557826749,34.18540777521053],[-118.56423717732741,34.18540627500391]]]},"properties":{"building_pk":62678,"building_key":"lariac:391000890352","source_tile":"r04-c03","source_tile_ids":["r04-c03"],"source_bld_id":"391000890352","height_m":5.078,"receiver_ids":[191070,191071,191072,191073,191074,191075,191076,191077,191078,191079,191080,191081,191082],"receiver_keys":["r04-c03:expanded-facade-max4m:62678:0:1","r04-c03:expanded-facade-max4m:62678:0:10","r04-c03:expanded-facade-max4m:62678:0:11","r04-c03:expanded-facade-max4m:62678:0:12","r04-c03:expanded-facade-max4m:62678:0:13","r04-c03:expanded-facade-max4m:62678:0:2","r04-c03:expanded-facade-max4m:62678:0:3","r04-c03:expanded-facade-max4m:62678:0:4","r04-c03:expanded-facade-max4m:62678:0:5","r04-c03:expanded-facade-max4m:62678:0:6","r04-c03:expanded-facade-max4m:62678:0:7","r04-c03:expanded-facade-max4m:62678:0:8","r04-c03:expanded-facade-max4m:62678:0:9"],"receiver_count":13,"periods":{"D":{"min":55.169083,"max":58.424038,"receiver_count":13,"unavailable_count":0},"E":{"min":52.950596,"max":56.20555,"receiver_count":13,"unavailable_count":0},"N":{"min":48.179382,"max":51.434338,"receiver_count":13,"unavailable_count":0}}}},{"type":"Feature","id":"lariac:392012889586","geometry":{"type":"Polygon","coordinates":[[[-118.56102255466774,34.18343042001592],[-118.56101945500914,34.1834365071989],[-118.56106515998135,34.18345258971062],[-118.5611137870827,34.183357341312956],[-118.56106543099838,34.183340309169644],[-118.56107407944621,34.18332339664091],[-118.56102313750475,34.18330544157441],[-118.56097905616262,34.18332919618792],[-118.56094491774932,34.183317180962014],[-118.5609611045115,34.18328539495505],[-118.56087499762933,34.183255045298196],[-118.5608227148406,34.183357455291564],[-118.56083534264631,34.183361902658724],[-118.56082910841192,34.1833740501304],[-118.56099290504562,34.183431793558604],[-118.5609980285519,34.18342176715568],[-118.56102255466774,34.18343042001592]]]},"properties":{"building_pk":62737,"building_key":"lariac:392012889586","source_tile":"r04-c03","source_tile_ids":["r04-c03"],"source_bld_id":"392012889586","height_m":4.776,"receiver_ids":[191163,191164,191165,191166,191167,191168,191169,191170,191171,191172,191173,191174,191175,191176,191177,191178,191179,191180],"receiver_keys":["r04-c03:expanded-facade-max4m:62737:0:1","r04-c03:expanded-facade-max4m:62737:0:11","r04-c03:expanded-facade-max4m:62737:0:12","r04-c03:expanded-facade-max4m:62737:0:13","r04-c03:expanded-facade-max4m:62737:0:14","r04-c03:expanded-facade-max4m:62737:0:15","r04-c03:expanded-facade-max4m:62737:0:16","r04-c03:expanded-facade-max4m:62737:0:18","r04-c03:expanded-facade-max4m:62737:0:19","r04-c03:expanded-facade-max4m:62737:0:2","r04-c03:expanded-facade-max4m:62737:0:20","r04-c03:expanded-facade-max4m:62737:0:21","r04-c03:expanded-facade-max4m:62737:0:3","r04-c03:expanded-facade-max4m:62737:0:4","r04-c03:expanded-facade-max4m:62737:0:5","r04-c03:expanded-facade-max4m:62737:0:7","r04-c03:expanded-facade-max4m:62737:0:8","r04-c03:expanded-facade-max4m:62737:0:9"],"receiver_count":18,"periods":{"D":{"min":55.306164,"max":60.834072,"receiver_count":18,"unavailable_count":0},"E":{"min":53.087677,"max":58.615585,"receiver_count":18,"unavailable_count":0},"N":{"min":48.316463,"max":53.84437,"receiver_count":18,"unavailable_count":0}}}},{"type":"Feature","id":"lariac:391276889894","geometry":{"type":"Polygon","coordinates":[[[-118.56339050401156,34.18430053176508],[-118.56343434961873,34.184315193098215],[-118.56344077654123,34.18428276524281],[-118.56345312140846,34.184284466648855],[-118.56348011074166,34.184148401472726],[-118.56335725788334,34.18413155229642],[-118.56334750445205,34.18418064807616],[-118.56335902194985,34.184182243356815],[-118.56335243366306,34.18421535893648],[-118.56329749403267,34.18420783808907],[-118.56328636545929,34.184263920028286],[-118.56339482133795,34.18427877540823],[-118.56339050401156,34.18430053176508]]]},"properties":{"building_pk":63314,"building_key":"lariac:391276889894","source_tile":"r04-c03","source_tile_ids":["r04-c03"],"source_bld_id":"391276889894","height_m":4.977,"receiver_ids":[191634,191635,191636,191637,191638,191639,191640,191641,191642,191643,191644,191645,191646,191647,191648,191649,191650],"receiver_keys":["r04-c03:expanded-facade-max4m:63314:0:1","r04-c03:expanded-facade-max4m:63314:0:10","r04-c03:expanded-facade-max4m:63314:0:11","r04-c03:expanded-facade-max4m:63314:0:12","r04-c03:expanded-facade-max4m:63314:0:13","r04-c03:expanded-facade-max4m:63314:0:14","r04-c03:expanded-facade-max4m:63314:0:15","r04-c03:expanded-facade-max4m:63314:0:16","r04-c03:expanded-facade-max4m:63314:0:17","r04-c03:expanded-facade-max4m:63314:0:2","r04-c03:expanded-facade-max4m:63314:0:3","r04-c03:expanded-facade-max4m:63314:0:4","r04-c03:expanded-facade-max4m:63314:0:5","r04-c03:expanded-facade-max4m:63314:0:6","r04-c03:expanded-facade-max4m:63314:0:7","r04-c03:expanded-facade-max4m:63314:0:8","r04-c03:expanded-facade-max4m:63314:0:9"],"receiver_count":17,"periods":{"D":{"min":53.311787,"max":60.83127,"receiver_count":17,"unavailable_count":0},"E":{"min":51.0933,"max":58.61278,"receiver_count":17,"unavailable_count":0},"N":{"min":46.322086,"max":53.841568,"receiver_count":17,"unavailable_count":0}}}},{"type":"Feature","id":"lariac:392811889265","geometry":{"type":"Polygon","coordinates":[[[-118.5584895323843,34.18260034625911],[-118.55851790575863,34.18253662929878],[-118.55840936138007,34.18250319364252],[-118.55842421632865,34.1824698751912],[-118.55834791173143,34.18244640324986],[-118.5583421455398,34.18245931744884],[-118.55827187067034,34.18243768562464],[-118.55825769963481,34.18246946196359],[-118.55818480714956,34.18244701815906],[-118.55815855054297,34.182505945282216],[-118.55822938844778,34.182527738654926],[-118.55823232008355,34.182521157371816],[-118.5584895323843,34.18260034625911]]]},"properties":{"building_pk":63490,"building_key":"lariac:392811889265","source_tile":"r04-c03","source_tile_ids":["r04-c03"],"source_bld_id":"392811889265","height_m":4.648,"receiver_ids":[191768,191769,191770,191771,191772,191773,191774,191775,191776,191777,191778,191779,191780,191781,191782,191783,191784,191785,191786,191787,191788],"receiver_keys":["r04-c03:expanded-facade-max4m:63490:0:1","r04-c03:expanded-facade-max4m:63490:0:10","r04-c03:expanded-facade-max4m:63490:0:11","r04-c03:expanded-facade-max4m:63490:0:12","r04-c03:expanded-facade-max4m:63490:0:14","r04-c03:expanded-facade-max4m:63490:0:15","r04-c03:expanded-facade-max4m:63490:0:16","r04-c03:expanded-facade-max4m:63490:0:17","r04-c03:expanded-facade-max4m:63490:0:18","r04-c03:expanded-facade-max4m:63490:0:19","r04-c03:expanded-facade-max4m:63490:0:2","r04-c03:expanded-facade-max4m:63490:0:20","r04-c03:expanded-facade-max4m:63490:0:21","r04-c03:expanded-facade-max4m:63490:0:22","r04-c03:expanded-facade-max4m:63490:0:23","r04-c03:expanded-facade-max4m:63490:0:3","r04-c03:expanded-facade-max4m:63490:0:4","r04-c03:expanded-facade-max4m:63490:0:6","r04-c03:expanded-facade-max4m:63490:0:7","r04-c03:expanded-facade-max4m:63490:0:8","r04-c03:expanded-facade-max4m:63490:0:9"],"receiver_count":21,"periods":{"D":{"min":51.22831,"max":59.81695,"receiver_count":21,"unavailable_count":0},"E":{"min":49.00982,"max":57.59846,"receiver_count":21,"unavailable_count":0},"N":{"min":44.23861,"max":52.82725,"receiver_count":21,"unavailable_count":0}}}},{"type":"Feature","id":"lariac:389954888609","geometry":{"type":"Polygon","coordinates":[[[-118.5677406769117,34.180627029783565],[-118.56772202035337,34.180645308735166],[-118.56772296717361,34.180667946594866],[-118.567744931683,34.180683891894745],[-118.56777309227927,34.180682412791924],[-118.56779303713802,34.18066407279013],[-118.56779136000861,34.180641081347574],[-118.56776927638553,34.18062692257602],[-118.5677406769117,34.180627029783565]]]},"properties":{"building_pk":63562,"building_key":"lariac:389954888609","source_tile":"r04-c03","source_tile_ids":["r04-c02","r04-c03"],"source_bld_id":"389954888609","height_m":6.047,"receiver_ids":[191847,191848,191849,191852],"receiver_keys":["r04-c03:expanded-facade-max4m:63562:0:1","r04-c03:expanded-facade-max4m:63562:0:2","r04-c03:expanded-facade-max4m:63562:0:3","r04-c03:expanded-facade-max4m:63562:0:6"],"receiver_count":4,"periods":{"D":{"min":54.80725,"max":63.43837,"receiver_count":4,"unavailable_count":0},"E":{"min":52.58876,"max":61.219883,"receiver_count":4,"unavailable_count":0},"N":{"min":47.81755,"max":56.44867,"receiver_count":4,"unavailable_count":0}}}},{"type":"Feature","id":"lariac:392627889613","geometry":{"type":"Polygon","coordinates":[[[-118.55907420968052,34.183384428480295],[-118.55897488618771,34.18335053779519],[-118.55895658374142,34.18338758210311],[-118.55891678214427,34.18337399944812],[-118.5589032756706,34.183401320965025],[-118.55890728553571,34.183402676389655],[-118.55889596603363,34.18342561891445],[-118.55886295776244,34.18341433985107],[-118.55883767388976,34.183465567944914],[-118.55886640797186,34.18347538282232],[-118.55886298191066,34.183482323417174],[-118.55891567668498,34.18350029833831],[-118.55891880884269,34.183494019030796],[-118.55895397106546,34.1835060291947],[-118.55894800067873,34.183518092406686],[-118.55900328009774,34.18353696320083],[-118.55901202363131,34.183519280462995],[-118.55900821155734,34.18351797912186],[-118.55907420968052,34.183384428480295]]]},"properties":{"building_pk":63574,"building_key":"lariac:392627889613","source_tile":"r04-c03","source_tile_ids":["r04-c03"],"source_bld_id":"392627889613","height_m":5.59,"receiver_ids":[191855,191856,191857,191858,191859,191860,191861,191862,191863,191864,191865],"receiver_keys":["r04-c03:expanded-facade-max4m:63574:0:1","r04-c03:expanded-facade-max4m:63574:0:10","r04-c03:expanded-facade-max4m:63574:0:11","r04-c03:expanded-facade-max4m:63574:0:12","r04-c03:expanded-facade-max4m:63574:0:14","r04-c03:expanded-facade-max4m:63574:0:17","r04-c03:expanded-facade-max4m:63574:0:18","r04-c03:expanded-facade-max4m:63574:0:19","r04-c03:expanded-facade-max4m:63574:0:2","r04-c03:expanded-facade-max4m:63574:0:5","r04-c03:expanded-facade-max4m:63574:0:6"],"receiver_count":11,"periods":{"D":{"min":48.747112,"max":59.71726,"receiver_count":11,"unavailable_count":0},"E":{"min":46.528625,"max":57.49877,"receiver_count":11,"unavailable_count":0},"N":{"min":41.757412,"max":52.72756,"receiver_count":11,"unavailable_count":0}}}},{"type":"Feature","id":"lariac:2014121105440000","geometry":{"type":"Polygon","coordinates":[[[-118.56196029295472,34.18088564155806],[-118.56200552595898,34.18088576675589],[-118.56200578096993,34.18082047569866],[-118.56193184848019,34.18082026927817],[-118.56193167732503,34.18086852345387],[-118.56186882081019,34.18086837552231],[-118.56186907777122,34.18080335852648],[-118.56178334052629,34.18080312481431],[-118.56178315746331,34.18084962103242],[-118.56172975816408,34.180849484094814],[-118.56172983620225,34.18083156733348],[-118.56164092476948,34.180831320314624],[-118.56158345312161,34.180831169767586],[-118.56158301201431,34.18094757386447],[-118.56164048374227,34.180947724411666],[-118.56169097361915,34.180947846952854],[-118.56173018611138,34.18094797226571],[-118.56173015575337,34.18095475022018],[-118.56178240436464,34.18095491684444],[-118.56178255738428,34.18092185829044],[-118.56181849357152,34.18092194650304],[-118.56185048872723,34.18092203227725],[-118.56185044514145,34.18093313229885],[-118.56193485776872,34.18093333154894],[-118.56196011845009,34.180933395392145],[-118.56196029295472,34.18088564155806]]]},"properties":{"building_pk":63823,"building_key":"lariac:2014121105440000","source_tile":"r04-c03","source_tile_ids":["r04-c03"],"source_bld_id":"2014121105440000","height_m":6.858,"receiver_ids":[192048,192049,192050,192051,192052,192053,192054,192055,192056,192057,192058,192059,192060,192061,192062,192063,192064,192065,192066,192067,192068,192069,192070,192071,192072,192073,192074,192075,192076,192077,192078],"receiver_keys":["r04-c03:expanded-facade-max4m:63823:0:1","r04-c03:expanded-facade-max4m:63823:0:10","r04-c03:expanded-facade-max4m:63823:0:11","r04-c03:expanded-facade-max4m:63823:0:12","r04-c03:expanded-facade-max4m:63823:0:14","r04-c03:expanded-facade-max4m:63823:0:15","r04-c03:expanded-facade-max4m:63823:0:16","r04-c03:expanded-facade-max4m:63823:0:17","r04-c03:expanded-facade-max4m:63823:0:18","r04-c03:expanded-facade-max4m:63823:0:19","r04-c03:expanded-facade-max4m:63823:0:2","r04-c03:expanded-facade-max4m:63823:0:20","r04-c03:expanded-facade-max4m:63823:0:21","r04-c03:expanded-facade-max4m:63823:0:22","r04-c03:expanded-facade-max4m:63823:0:23","r04-c03:expanded-facade-max4m:63823:0:24","r04-c03:expanded-facade-max4m:63823:0:25","r04-c03:expanded-facade-max4m:63823:0:26","r04-c03:expanded-facade-max4m:63823:0:27","r04-c03:expanded-facade-max4m:63823:0:28","r04-c03:expanded-facade-max4m:63823:0:29","r04-c03:expanded-facade-max4m:63823:0:3","r04-c03:expanded-facade-max4m:63823:0:30","r04-c03:expanded-facade-max4m:63823:0:31","r04-c03:expanded-facade-max4m:63823:0:32","r04-c03:expanded-facade-max4m:63823:0:33","r04-c03:expanded-facade-max4m:63823:0:4","r04-c03:expanded-facade-max4m:63823:0:5","r04-c03:expanded-facade-max4m:63823:0:6","r04-c03:expanded-facade-max4m:63823:0:7","r04-c03:expanded-facade-max4m:63823:0:9"],"receiver_count":31,"periods":{"D":{"min":49.8297,"max":69.05045,"receiver_count":31,"unavailable_count":0},"E":{"min":47.611214,"max":66.83197,"receiver_count":31,"unavailable_count":0},"N":{"min":42.84,"max":62.060753,"receiver_count":31,"unavailable_count":0}}}},{"type":"Feature","id":"lariac:201700286247","geometry":{"type":"Polygon","coordinates":[[[-118.56250270201025,34.18000321510718],[-118.56275313966209,34.18000368098562],[-118.5627532624789,34.17995750058491],[-118.56272412952934,34.1799574468114],[-118.56272438332921,34.17986307282265],[-118.56267898843453,34.179862988317446],[-118.56267900060509,34.17985867527051],[-118.56267429373402,34.17985866651592],[-118.56267439451322,34.17982112572182],[-118.56252209437973,34.17982084247481],[-118.56252204909217,34.179837314810285],[-118.56249826849582,34.17983727034705],[-118.56249812217033,34.179891901937026],[-118.56253263128198,34.179891965919936],[-118.56253256628757,34.179915982473865],[-118.56249777511657,34.17991591709808],[-118.56249765805295,34.17995926752205],[-118.56250282053708,34.17995927686916],[-118.56250270201025,34.18000321510718]]]},"properties":{"building_pk":64242,"building_key":"lariac:201700286247","source_tile":"r04-c03","source_tile_ids":["r03-c03","r04-c03"],"source_bld_id":"201700286247","height_m":5.834,"receiver_ids":[192653,192654,192655,192656,192657,192658,192659,192660,192661,192662,192663,192670,192671,192672,192673],"receiver_keys":["r04-c03:expanded-facade-max4m:64242:0:1","r04-c03:expanded-facade-max4m:64242:0:10","r04-c03:expanded-facade-max4m:64242:0:11","r04-c03:expanded-facade-max4m:64242:0:19","r04-c03:expanded-facade-max4m:64242:0:2","r04-c03:expanded-facade-max4m:64242:0:22","r04-c03:expanded-facade-max4m:64242:0:23","r04-c03:expanded-facade-max4m:64242:0:24","r04-c03:expanded-facade-max4m:64242:0:3","r04-c03:expanded-facade-max4m:64242:0:4","r04-c03:expanded-facade-max4m:64242:0:5","r04-c03:expanded-facade-max4m:64242:0:6","r04-c03:expanded-facade-max4m:64242:0:7","r04-c03:expanded-facade-max4m:64242:0:8","r04-c03:expanded-facade-max4m:64242:0:9"],"receiver_count":15,"periods":{"D":{"min":52.25739,"max":68.60078,"receiver_count":15,"unavailable_count":0},"E":{"min":50.038902,"max":66.38229,"receiver_count":15,"unavailable_count":0},"N":{"min":45.26769,"max":61.611076,"receiver_count":15,"unavailable_count":0}}}},{"type":"Feature","id":"lariac:201700286659","geometry":{"type":"Polygon","coordinates":[[[-118.56085433385387,34.184575724749735],[-118.5608544664593,34.18457576290133],[-118.56086334505085,34.18455335530742],[-118.56087838135585,34.18455747866652],[-118.56090075842155,34.18450129701145],[-118.56092712971456,34.184435086977224],[-118.560900330484,34.18442770950487],[-118.5608990288088,34.18443095839771],[-118.56079282437479,34.184401745863774],[-118.56078918194808,34.184410858436735],[-118.56074803869612,34.18439953556149],[-118.56071435058553,34.18448407993251],[-118.56075549387455,34.184495402819174],[-118.56074612906737,34.1845189134453],[-118.56080221310398,34.1845343439051],[-118.56079242575755,34.18455906546546],[-118.56085433385387,34.184575724749735]]]},"properties":{"building_pk":64257,"building_key":"lariac:201700286659","source_tile":"r04-c03","source_tile_ids":["r04-c03"],"source_bld_id":"201700286659","height_m":5.956,"receiver_ids":[192740,192741,192742,192743,192744,192745,192746,192747,192748],"receiver_keys":["r04-c03:expanded-facade-max4m:64257:0:10","r04-c03:expanded-facade-max4m:64257:0:11","r04-c03:expanded-facade-max4m:64257:0:3","r04-c03:expanded-facade-max4m:64257:0:4","r04-c03:expanded-facade-max4m:64257:0:5","r04-c03:expanded-facade-max4m:64257:0:6","r04-c03:expanded-facade-max4m:64257:0:7","r04-c03:expanded-facade-max4m:64257:0:8","r04-c03:expanded-facade-max4m:64257:0:9"],"receiver_count":9,"periods":{"D":{"min":55.896652,"max":59.211086,"receiver_count":9,"unavailable_count":0},"E":{"min":53.678165,"max":56.992596,"receiver_count":9,"unavailable_count":0},"N":{"min":48.90695,"max":52.221386,"receiver_count":9,"unavailable_count":0}}}},{"type":"Feature","id":"lariac:391973890295","geometry":{"type":"Polygon","coordinates":[[[-118.56115241649555,34.185347256327674],[-118.56115293536602,34.18528674494068],[-118.56107969172955,34.185286315709675],[-118.56107917172118,34.18534682710138],[-118.56115241649555,34.185347256327674]]]},"properties":{"building_pk":68700,"building_key":"lariac:391973890295","source_tile":"r04-c03","source_tile_ids":["r04-c03"],"source_bld_id":"391973890295","height_m":5.011,"receiver_ids":[194698,194699],"receiver_keys":["r04-c03:expanded-facade-max4m:68700:0:1","r04-c03:expanded-facade-max4m:68700:0:2"],"receiver_count":2,"periods":{"D":{"min":56.029682,"max":56.623306,"receiver_count":2,"unavailable_count":0},"E":{"min":53.811195,"max":54.40482,"receiver_count":2,"unavailable_count":0},"N":{"min":49.03998,"max":49.633606,"receiver_count":2,"unavailable_count":0}}}},{"type":"Feature","id":"lariac:393078888961","geometry":{"type":"Polygon","coordinates":[[[-118.55747185386821,34.18167770342494],[-118.55747109458258,34.181653167783566],[-118.55745013185323,34.18163834293914],[-118.55741600300796,34.18164237507325],[-118.55740278159766,34.18165782447037],[-118.55740584823546,34.18168138753034],[-118.55742504936063,34.1816947636054],[-118.55745400931066,34.18169416313096],[-118.55747185386821,34.18167770342494]]]},"properties":{"building_pk":68711,"building_key":"lariac:393078888961","source_tile":"r04-c03","source_tile_ids":["r04-c03"],"source_bld_id":"393078888961","height_m":4.947,"receiver_ids":[194707,194708,194709,194710,194711,194712],"receiver_keys":["r04-c03:expanded-facade-max4m:68711:0:1","r04-c03:expanded-facade-max4m:68711:0:2","r04-c03:expanded-facade-max4m:68711:0:3","r04-c03:expanded-facade-max4m:68711:0:4","r04-c03:expanded-facade-max4m:68711:0:5","r04-c03:expanded-facade-max4m:68711:0:6"],"receiver_count":6,"periods":{"D":{"min":48.965717,"max":58.79802,"receiver_count":6,"unavailable_count":0},"E":{"min":46.747227,"max":56.579533,"receiver_count":6,"unavailable_count":0},"N":{"min":41.976017,"max":51.80832,"receiver_count":6,"unavailable_count":0}}}},{"type":"Feature","id":"lariac:391950890512","geometry":{"type":"Polygon","coordinates":[[[-118.56126013820236,34.18595649107379],[-118.56126081057631,34.18587443565965],[-118.56126626647078,34.185874465336795],[-118.5612664200181,34.18585792217928],[-118.56128202832946,34.185858014733164],[-118.56128250770404,34.18580148745457],[-118.56120384027018,34.185801028471275],[-118.56120331900229,34.18586618372708],[-118.56118506591551,34.18586610343397],[-118.56118502183938,34.185874237375344],[-118.56110853607835,34.18587379525386],[-118.56110840634902,34.18588888230575],[-118.56111101876107,34.185888897232964],[-118.5611104773031,34.18595105764999],[-118.56110518629542,34.18595102720088],[-118.56110508043203,34.18596482222839],[-118.56119872824938,34.18596537765627],[-118.56119879856433,34.18595614370849],[-118.56126013820236,34.18595649107379]]]},"properties":{"building_pk":68717,"building_key":"lariac:391950890512","source_tile":"r04-c03","source_tile_ids":["r04-c03"],"source_bld_id":"391950890512","height_m":5.182,"receiver_ids":[194719,194720,194721,194722,194723,194724,194725,194726,194727],"receiver_keys":["r04-c03:expanded-facade-max4m:68717:0:1","r04-c03:expanded-facade-max4m:68717:0:10","r04-c03:expanded-facade-max4m:68717:0:16","r04-c03:expanded-facade-max4m:68717:0:18","r04-c03:expanded-facade-max4m:68717:0:2","r04-c03:expanded-facade-max4m:68717:0:3","r04-c03:expanded-facade-max4m:68717:0:6","r04-c03:expanded-facade-max4m:68717:0:7","r04-c03:expanded-facade-max4m:68717:0:8"],"receiver_count":9,"periods":{"D":{"min":53.0162,"max":60.087154,"receiver_count":9,"unavailable_count":0},"E":{"min":50.797714,"max":57.868668,"receiver_count":9,"unavailable_count":0},"N":{"min":46.0265,"max":53.097454,"receiver_count":9,"unavailable_count":0}}}},{"type":"Feature","id":"lariac:392611889764","geometry":{"type":"Polygon","coordinates":[[[-118.55903327652294,34.18395780443847],[-118.55908211761904,34.183859615943106],[-118.55908834797806,34.18386175806328],[-118.55909839715093,34.18384156930067],[-118.55904086376769,34.1838218029145],[-118.55903482756692,34.183833921429134],[-118.55900122172781,34.183822370193504],[-118.55900425627964,34.18381625631755],[-118.55895202467167,34.18379830633986],[-118.5589484033811,34.18380557780462],[-118.55891973606462,34.18379570764338],[-118.55889438537143,34.183846689034404],[-118.55892832171068,34.183858347859335],[-118.55891912133076,34.18387682876599],[-118.55891302368687,34.18387474101803],[-118.55889821113895,34.183904514460025],[-118.55894404592021,34.18392024106265],[-118.5589411086041,34.18392613451087],[-118.55903327652294,34.18395780443847]]]},"properties":{"building_pk":68737,"building_key":"lariac:392611889764","source_tile":"r04-c03","source_tile_ids":["r04-c03"],"source_bld_id":"392611889764","height_m":6.151,"receiver_ids":[194796,194797,194798,194799,194800],"receiver_keys":["r04-c03:expanded-facade-max4m:68737:0:3","r04-c03:expanded-facade-max4m:68737:0:5","r04-c03:expanded-facade-max4m:68737:0:7","r04-c03:expanded-facade-max4m:68737:0:8","r04-c03:expanded-facade-max4m:68737:0:9"],"receiver_count":5,"periods":{"D":{"min":55.14238,"max":57.941925,"receiver_count":5,"unavailable_count":0},"E":{"min":52.923893,"max":55.723434,"receiver_count":5,"unavailable_count":0},"N":{"min":48.15268,"max":50.952225,"receiver_count":5,"unavailable_count":0}}}},{"type":"Feature","id":"lariac:393232889516","geometry":{"type":"Polygon","coordinates":[[[-118.55696154098733,34.183295222895104],[-118.55697605578798,34.183265286081614],[-118.55698148979008,34.183267102011826],[-118.55700428952501,34.18322011760119],[-118.55703822460322,34.18323150289028],[-118.55706190352188,34.1831826455177],[-118.55696334720093,34.18314960251345],[-118.55696977316786,34.18313635537779],[-118.55689448067503,34.18311111894442],[-118.55684203268191,34.18321924374775],[-118.556880375318,34.18323209182972],[-118.55686537134326,34.18326302077976],[-118.55696154098733,34.183295222895104]]]},"properties":{"building_pk":68751,"building_key":"lariac:393232889516","source_tile":"r04-c03","source_tile_ids":["r04-c03"],"source_bld_id":"393232889516","height_m":6.084,"receiver_ids":[194811,194812,194813,194814],"receiver_keys":["r04-c03:expanded-facade-max4m:68751:0:5","r04-c03:expanded-facade-max4m:68751:0:6","r04-c03:expanded-facade-max4m:68751:0:7","r04-c03:expanded-facade-max4m:68751:0:8"],"receiver_count":4,"periods":{"D":{"min":57.50798,"max":58.735535,"receiver_count":4,"unavailable_count":0},"E":{"min":55.289494,"max":56.517044,"receiver_count":4,"unavailable_count":0},"N":{"min":50.51828,"max":51.745834,"receiver_count":4,"unavailable_count":0}}}},{"type":"Feature","id":"lariac:392816889485","geometry":{"type":"Polygon","coordinates":[[[-118.5582668996235,34.183118888621635],[-118.55833215232758,34.18313986206731],[-118.55835808508594,34.18308651786415],[-118.55829183654424,34.183065217260875],[-118.5582668996235,34.183118888621635]]]},"properties":{"building_pk":68770,"building_key":"lariac:392816889485","source_tile":"r04-c03","source_tile_ids":["r04-c03"],"source_bld_id":"392816889485","height_m":4.24,"receiver_ids":[194859,194860,194861,194862,194863,194864],"receiver_keys":["r04-c03:expanded-facade-max4m:68770:0:1","r04-c03:expanded-facade-max4m:68770:0:2","r04-c03:expanded-facade-max4m:68770:0:4","r04-c03:expanded-facade-max4m:68770:0:5","r04-c03:expanded-facade-max4m:68770:0:6","r04-c03:expanded-facade-max4m:68770:0:7"],"receiver_count":6,"periods":{"D":{"min":55.16403,"max":59.92602,"receiver_count":6,"unavailable_count":0},"E":{"min":52.94554,"max":57.707535,"receiver_count":6,"unavailable_count":0},"N":{"min":48.174328,"max":52.93632,"receiver_count":6,"unavailable_count":0}}}},{"type":"Feature","id":"lariac:390914888298","geometry":{"type":"Polygon","coordinates":[[[-118.56461427481331,34.17986057031372],[-118.56461870163575,34.17977195753571],[-118.56452583675525,34.17976873616698],[-118.56452493275056,34.1797866567881],[-118.56441516885869,34.179782882228274],[-118.5644122907371,34.17984289617612],[-118.56452081490912,34.179847487014236],[-118.5645203194933,34.17985732698445],[-118.56461427481331,34.17986057031372]]]},"properties":{"building_pk":68778,"building_key":"lariac:390914888298","source_tile":"r04-c03","source_tile_ids":["r03-c03","r04-c03"],"source_bld_id":"390914888298","height_m":5.764,"receiver_ids":[194873,194874,194875,194876],"receiver_keys":["r04-c03:expanded-facade-max4m:68778:0:11","r04-c03:expanded-facade-max4m:68778:0:12","r04-c03:expanded-facade-max4m:68778:0:14","r04-c03:expanded-facade-max4m:68778:0:15"],"receiver_count":4,"periods":{"D":{"min":52.057022,"max":52.759617,"receiver_count":4,"unavailable_count":0},"E":{"min":49.838535,"max":50.54113,"receiver_count":4,"unavailable_count":0},"N":{"min":45.06732,"max":45.769917,"receiver_count":4,"unavailable_count":0}}}},{"type":"Feature","id":"lariac:391836889032","geometry":{"type":"Polygon","coordinates":[[[-118.5615709772338,34.18186170146072],[-118.56157207585143,34.18183342031002],[-118.56151965979592,34.18183198679783],[-118.56151852644818,34.18186026810922],[-118.5615709772338,34.18186170146072]]]},"properties":{"building_pk":68786,"building_key":"lariac:391836889032","source_tile":"r04-c03","source_tile_ids":["r04-c03"],"source_bld_id":"391836889032","height_m":4.621,"receiver_ids":[194901,194902,194903],"receiver_keys":["r04-c03:expanded-facade-max4m:68786:0:2","r04-c03:expanded-facade-max4m:68786:0:3","r04-c03:expanded-facade-max4m:68786:0:4"],"receiver_count":3,"periods":{"D":{"min":53.62185,"max":62.045948,"receiver_count":3,"unavailable_count":0},"E":{"min":51.403362,"max":59.82746,"receiver_count":3,"unavailable_count":0},"N":{"min":46.63215,"max":55.056248,"receiver_count":3,"unavailable_count":0}}}},{"type":"Feature","id":"lariac:390033888616","geometry":{"type":"Polygon","coordinates":[[[-118.56742656075589,34.18064556833171],[-118.56743239531384,34.18065268570287],[-118.56743148999536,34.18065562988859],[-118.56731450218423,34.1806302664849],[-118.56728692881804,34.180718218926316],[-118.56748871862095,34.18076198080275],[-118.56749384522753,34.18075733993607],[-118.56751714433895,34.18077509202225],[-118.56755809012343,34.18073799604024],[-118.56754639102154,34.180729092286256],[-118.56758901219284,34.18069047654076],[-118.56757701438569,34.18068135511607],[-118.56765634263871,34.18060942718732],[-118.56756102095167,34.18053677997087],[-118.56750462987166,34.18058788090494],[-118.56749678661211,34.18058192694006],[-118.56742656075589,34.18064556833171]]]},"properties":{"building_pk":68791,"building_key":"lariac:390033888616","source_tile":"r04-c03","source_tile_ids":["r04-c03"],"source_bld_id":"390033888616","height_m":6.373,"receiver_ids":[194912,194913,194914,194915,194916,194917,194918,194919,194920,194921,194922,194923,194924,194925],"receiver_keys":["r04-c03:expanded-facade-max4m:68791:0:15","r04-c03:expanded-facade-max4m:68791:0:17","r04-c03:expanded-facade-max4m:68791:0:18","r04-c03:expanded-facade-max4m:68791:0:19","r04-c03:expanded-facade-max4m:68791:0:2","r04-c03:expanded-facade-max4m:68791:0:20","r04-c03:expanded-facade-max4m:68791:0:21","r04-c03:expanded-facade-max4m:68791:0:22","r04-c03:expanded-facade-max4m:68791:0:23","r04-c03:expanded-facade-max4m:68791:0:25","r04-c03:expanded-facade-max4m:68791:0:26","r04-c03:expanded-facade-max4m:68791:0:3","r04-c03:expanded-facade-max4m:68791:0:4","r04-c03:expanded-facade-max4m:68791:0:5"],"receiver_count":14,"periods":{"D":{"min":56.334446,"max":64.090485,"receiver_count":14,"unavailable_count":0},"E":{"min":54.115955,"max":61.871994,"receiver_count":14,"unavailable_count":0},"N":{"min":49.344746,"max":57.10078,"receiver_count":14,"unavailable_count":0}}}},{"type":"Feature","id":"lariac:391444888508","geometry":{"type":"Polygon","coordinates":[[[-118.56278860533799,34.18043218248345],[-118.5628775401602,34.18043097165138],[-118.56287633287727,34.18036964337351],[-118.5627873655781,34.18037085435613],[-118.56278860533799,34.18043218248345]]]},"properties":{"building_pk":68792,"building_key":"lariac:391444888508","source_tile":"r04-c03","source_tile_ids":["r04-c03"],"source_bld_id":"391444888508","height_m":5.325,"receiver_ids":[194926,194927,194928,194929,194930,194931,194932,194933],"receiver_keys":["r04-c03:expanded-facade-max4m:68792:0:1","r04-c03:expanded-facade-max4m:68792:0:2","r04-c03:expanded-facade-max4m:68792:0:3","r04-c03:expanded-facade-max4m:68792:0:4","r04-c03:expanded-facade-max4m:68792:0:5","r04-c03:expanded-facade-max4m:68792:0:6","r04-c03:expanded-facade-max4m:68792:0:7","r04-c03:expanded-facade-max4m:68792:0:8"],"receiver_count":8,"periods":{"D":{"min":55.01272,"max":64.502716,"receiver_count":8,"unavailable_count":0},"E":{"min":52.79423,"max":62.284225,"receiver_count":8,"unavailable_count":0},"N":{"min":48.023018,"max":57.513016,"receiver_count":8,"unavailable_count":0}}}},{"type":"Feature","id":"lariac:390654890434","geometry":{"type":"Polygon","coordinates":[[[-118.56546140784316,34.18550297247221],[-118.56537342240051,34.18567457905255],[-118.56551979335562,34.18572640707221],[-118.5655223715421,34.185721367101465],[-118.56558872889997,34.18574485310713],[-118.56562785919812,34.1856685806289],[-118.56558288006858,34.18565266051845],[-118.56558745013264,34.18564379138609],[-118.5655143309457,34.18561789020194],[-118.56555607141382,34.18553649468473],[-118.56546140784316,34.18550297247221]]]},"properties":{"building_pk":68798,"building_key":"lariac:390654890434","source_tile":"r04-c03","source_tile_ids":["r04-c03"],"source_bld_id":"390654890434","height_m":6.779,"receiver_ids":[194940,194941,194942,194943,194944,194945,194946,194947,194948,194949,194950,194951,194952,194953,194954,194955,194956,194957],"receiver_keys":["r04-c03:expanded-facade-max4m:68798:0:1","r04-c03:expanded-facade-max4m:68798:0:10","r04-c03:expanded-facade-max4m:68798:0:11","r04-c03:expanded-facade-max4m:68798:0:14","r04-c03:expanded-facade-max4m:68798:0:15","r04-c03:expanded-facade-max4m:68798:0:16","r04-c03:expanded-facade-max4m:68798:0:17","r04-c03:expanded-facade-max4m:68798:0:18","r04-c03:expanded-facade-max4m:68798:0:19","r04-c03:expanded-facade-max4m:68798:0:2","r04-c03:expanded-facade-max4m:68798:0:20","r04-c03:expanded-facade-max4m:68798:0:21","r04-c03:expanded-facade-max4m:68798:0:22","r04-c03:expanded-facade-max4m:68798:0:3","r04-c03:expanded-facade-max4m:68798:0:6","r04-c03:expanded-facade-max4m:68798:0:7","r04-c03:expanded-facade-max4m:68798:0:8","r04-c03:expanded-facade-max4m:68798:0:9"],"receiver_count":18,"periods":{"D":{"min":54.845955,"max":58.724216,"receiver_count":18,"unavailable_count":0},"E":{"min":52.62747,"max":56.50573,"receiver_count":18,"unavailable_count":0},"N":{"min":47.856255,"max":51.734516,"receiver_count":18,"unavailable_count":0}}}},{"type":"Feature","id":"lariac:391682890274","geometry":{"type":"Polygon","coordinates":[[[-118.56206389314588,34.185260754596825],[-118.562088586048,34.18526056321591],[-118.56208895309663,34.185240466076465],[-118.5620642503978,34.18524016796413],[-118.56206389314588,34.185260754596825]]]},"properties":{"building_pk":68800,"building_key":"lariac:391682890274","source_tile":"r04-c03","source_tile_ids":["r04-c03"],"source_bld_id":"391682890274","height_m":4.237,"receiver_ids":[194958,194959,194960],"receiver_keys":["r04-c03:expanded-facade-max4m:68800:0:2","r04-c03:expanded-facade-max4m:68800:0:3","r04-c03:expanded-facade-max4m:68800:0:4"],"receiver_count":3,"periods":{"D":{"min":63.96577,"max":70.423935,"receiver_count":3,"unavailable_count":0},"E":{"min":61.747284,"max":68.205444,"receiver_count":3,"unavailable_count":0},"N":{"min":56.97607,"max":63.434235,"receiver_count":3,"unavailable_count":0}}}},{"type":"Feature","id":"lariac:391817888928","geometry":{"type":"Polygon","coordinates":[[[-118.56164252710481,34.18158548120558],[-118.56164273287513,34.181532992314274],[-118.56163737597691,34.181532962195725],[-118.56163776579845,34.181477837234446],[-118.56150659403393,34.1814771823136],[-118.561506062161,34.1815854251471],[-118.56164235788266,34.181585481991384],[-118.56164252710481,34.18158548120558]]]},"properties":{"building_pk":68815,"building_key":"lariac:391817888928","source_tile":"r04-c03","source_tile_ids":["r04-c03"],"source_bld_id":"391817888928","height_m":5.535,"receiver_ids":[194982,194983,194984,194985,194986,194987,194988,194989,194990,194991,194992],"receiver_keys":["r04-c03:expanded-facade-max4m:68815:0:1","r04-c03:expanded-facade-max4m:68815:0:10","r04-c03:expanded-facade-max4m:68815:0:13","r04-c03:expanded-facade-max4m:68815:0:2","r04-c03:expanded-facade-max4m:68815:0:3","r04-c03:expanded-facade-max4m:68815:0:4","r04-c03:expanded-facade-max4m:68815:0:5","r04-c03:expanded-facade-max4m:68815:0:6","r04-c03:expanded-facade-max4m:68815:0:7","r04-c03:expanded-facade-max4m:68815:0:8","r04-c03:expanded-facade-max4m:68815:0:9"],"receiver_count":11,"periods":{"D":{"min":51.29304,"max":63.044464,"receiver_count":11,"unavailable_count":0},"E":{"min":49.074554,"max":60.825977,"receiver_count":11,"unavailable_count":0},"N":{"min":44.30334,"max":56.054764,"receiver_count":11,"unavailable_count":0}}}},{"type":"Feature","id":"lariac:391013890308","geometry":{"type":"Polygon","coordinates":[[[-118.56425686458864,34.18531017133372],[-118.56425720422347,34.185365429944945],[-118.5642304548871,34.18536552768379],[-118.56423057178061,34.18538781242727],[-118.5642619834401,34.18538766589184],[-118.56426192125834,34.185378460506726],[-118.56432745677492,34.18537818270509],[-118.56432701120666,34.18529761551758],[-118.56430482476638,34.185297719030224],[-118.56430490774459,34.18531000219262],[-118.56425686458864,34.18531017133372]]]},"properties":{"building_pk":68915,"building_key":"lariac:391013890308","source_tile":"r04-c03","source_tile_ids":["r04-c03"],"source_bld_id":"391013890308","height_m":4.139,"receiver_ids":[195099,195100,195101,195102,195103,195104,195105,195106],"receiver_keys":["r04-c03:expanded-facade-max4m:68915:0:1","r04-c03:expanded-facade-max4m:68915:0:10","r04-c03:expanded-facade-max4m:68915:0:3","r04-c03:expanded-facade-max4m:68915:0:5","r04-c03:expanded-facade-max4m:68915:0:6","r04-c03:expanded-facade-max4m:68915:0:7","r04-c03:expanded-facade-max4m:68915:0:8","r04-c03:expanded-facade-max4m:68915:0:9"],"receiver_count":8,"periods":{"D":{"min":55.504265,"max":58.607548,"receiver_count":8,"unavailable_count":0},"E":{"min":53.285778,"max":56.38906,"receiver_count":8,"unavailable_count":0},"N":{"min":48.514565,"max":51.617847,"receiver_count":8,"unavailable_count":0}}}},{"type":"Feature","id":"lariac:392753889051","geometry":{"type":"Polygon","coordinates":[[[-118.55847346743765,34.18196295988613],[-118.55855941046171,34.18195923812054],[-118.55855504746043,34.181875529117384],[-118.55855438702767,34.18187556011521],[-118.55855325097878,34.18185410409229],[-118.55852845866968,34.1818550155492],[-118.55852884059331,34.181862652572995],[-118.5585115193628,34.18186325455419],[-118.55851113964071,34.18185594658402],[-118.55847289235824,34.181857305120424],[-118.55847410759931,34.18188071172089],[-118.55846918153517,34.18188087240307],[-118.55847346743765,34.18196295988613]]]},"properties":{"building_pk":68918,"building_key":"lariac:392753889051","source_tile":"r04-c03","source_tile_ids":["r04-c03"],"source_bld_id":"392753889051","height_m":6.267,"receiver_ids":[195137,195138,195139,195140,195141,195142,195143,195144,195145,195146],"receiver_keys":["r04-c03:expanded-facade-max4m:68918:0:1","r04-c03:expanded-facade-max4m:68918:0:10","r04-c03:expanded-facade-max4m:68918:0:11","r04-c03:expanded-facade-max4m:68918:0:2","r04-c03:expanded-facade-max4m:68918:0:3","r04-c03:expanded-facade-max4m:68918:0:4","r04-c03:expanded-facade-max4m:68918:0:5","r04-c03:expanded-facade-max4m:68918:0:6","r04-c03:expanded-facade-max4m:68918:0:7","r04-c03:expanded-facade-max4m:68918:0:8"],"receiver_count":10,"periods":{"D":{"min":49.342712,"max":60.506084,"receiver_count":10,"unavailable_count":0},"E":{"min":47.124226,"max":58.287598,"receiver_count":10,"unavailable_count":0},"N":{"min":42.353012,"max":53.516384,"receiver_count":10,"unavailable_count":0}}}},{"type":"Feature","id":"lariac:391516889407","geometry":{"type":"Polygon","coordinates":[[[-118.56267693258283,34.18289411864239],[-118.56270295581254,34.18289424459853],[-118.5627035938514,34.1828122984183],[-118.56268223337297,34.18281220576464],[-118.56268226400815,34.18280692978185],[-118.56255905907425,34.18280626597532],[-118.56255781620008,34.182975131099695],[-118.56267632483188,34.18297573381452],[-118.56267693258283,34.18289411864239]]]},"properties":{"building_pk":69157,"building_key":"lariac:391516889407","source_tile":"r04-c03","source_tile_ids":["r04-c03"],"source_bld_id":"391516889407","height_m":4.575,"receiver_ids":[195406,195407,195408,195409,195410,195411,195412,195413,195414,195415,195416,195417,195418,195419,195420,195421,195422],"receiver_keys":["r04-c03:expanded-facade-max4m:69157:0:1","r04-c03:expanded-facade-max4m:69157:0:10","r04-c03:expanded-facade-max4m:69157:0:11","r04-c03:expanded-facade-max4m:69157:0:12","r04-c03:expanded-facade-max4m:69157:0:13","r04-c03:expanded-facade-max4m:69157:0:14","r04-c03:expanded-facade-max4m:69157:0:15","r04-c03:expanded-facade-max4m:69157:0:16","r04-c03:expanded-facade-max4m:69157:0:17","r04-c03:expanded-facade-max4m:69157:0:2","r04-c03:expanded-facade-max4m:69157:0:3","r04-c03:expanded-facade-max4m:69157:0:4","r04-c03:expanded-facade-max4m:69157:0:5","r04-c03:expanded-facade-max4m:69157:0:6","r04-c03:expanded-facade-max4m:69157:0:7","r04-c03:expanded-facade-max4m:69157:0:8","r04-c03:expanded-facade-max4m:69157:0:9"],"receiver_count":17,"periods":{"D":{"min":58.903843,"max":67.22965,"receiver_count":17,"unavailable_count":0},"E":{"min":56.685356,"max":65.01117,"receiver_count":17,"unavailable_count":0},"N":{"min":51.914143,"max":60.239956,"receiver_count":17,"unavailable_count":0}}}},{"type":"Feature","id":"lariac:391949890351","geometry":{"type":"Polygon","coordinates":[[[-118.561242614451,34.185528420663424],[-118.56124206564988,34.18539264876513],[-118.56110249707602,34.185393048380604],[-118.56110269364504,34.18544201577386],[-118.56109647661339,34.18544204461455],[-118.56109680744987,34.185520853418005],[-118.56115936800403,34.18552067227319],[-118.56115938791183,34.18552864183649],[-118.561242614451,34.185528420663424]]]},"properties":{"building_pk":69288,"building_key":"lariac:391949890351","source_tile":"r04-c03","source_tile_ids":["r04-c03"],"source_bld_id":"391949890351","height_m":5.989,"receiver_ids":[195619,195620,195621,195622,195623,195624,195625],"receiver_keys":["r04-c03:expanded-facade-max4m:69288:0:13","r04-c03:expanded-facade-max4m:69288:0:14","r04-c03:expanded-facade-max4m:69288:0:15","r04-c03:expanded-facade-max4m:69288:0:3","r04-c03:expanded-facade-max4m:69288:0:4","r04-c03:expanded-facade-max4m:69288:0:5","r04-c03:expanded-facade-max4m:69288:0:6"],"receiver_count":7,"periods":{"D":{"min":53.98482,"max":57.121506,"receiver_count":7,"unavailable_count":0},"E":{"min":51.766335,"max":54.903015,"receiver_count":7,"unavailable_count":0},"N":{"min":46.99512,"max":50.131805,"receiver_count":7,"unavailable_count":0}}}},{"type":"Feature","id":"lariac:389917890251","geometry":{"type":"Polygon","coordinates":[[[-118.56797248672015,34.18524172423282],[-118.56797203323973,34.185189708111295],[-118.56796713968981,34.18518973109044],[-118.56796631061374,34.18509699303889],[-118.56784635318003,34.185097721255254],[-118.56784614821841,34.1850773049257],[-118.56775125262685,34.185077860391125],[-118.56775209714179,34.18517785310393],[-118.5678342301322,34.185177357555325],[-118.56783444498821,34.18519922983378],[-118.56785434987144,34.18519910933875],[-118.56785471062047,34.185242442213294],[-118.56797248672015,34.18524172423282]]]},"properties":{"building_pk":69790,"building_key":"lariac:389917890251","source_tile":"r04-c03","source_tile_ids":["r04-c02","r04-c03"],"source_bld_id":"389917890251","height_m":8.135,"receiver_ids":[196282,196283,196284,196285,196286,196287,196288,196289,196290],"receiver_keys":["r04-c03:expanded-facade-max4m:69790:0:10","r04-c03:expanded-facade-max4m:69790:0:11","r04-c03:expanded-facade-max4m:69790:0:12","r04-c03:expanded-facade-max4m:69790:0:13","r04-c03:expanded-facade-max4m:69790:0:14","r04-c03:expanded-facade-max4m:69790:0:15","r04-c03:expanded-facade-max4m:69790:0:16","r04-c03:expanded-facade-max4m:69790:0:17","r04-c03:expanded-facade-max4m:69790:0:9"],"receiver_count":9,"periods":{"D":{"min":51.062706,"max":58.384026,"receiver_count":9,"unavailable_count":0},"E":{"min":48.84422,"max":56.16554,"receiver_count":9,"unavailable_count":0},"N":{"min":44.073006,"max":51.394325,"receiver_count":9,"unavailable_count":0}}}},{"type":"Feature","id":"lariac:391940889328","geometry":{"type":"Polygon","coordinates":[[[-118.56128171323856,34.18268620863465],[-118.56128040025864,34.182672915139634],[-118.5613005272947,34.18267155777005],[-118.56129665817815,34.18263206011793],[-118.56127590235988,34.18263347630058],[-118.56127458953974,34.18262004486841],[-118.56113729960403,34.182629364673545],[-118.56114379529973,34.182695559308925],[-118.56128171323856,34.18268620863465]]]},"properties":{"building_pk":69869,"building_key":"lariac:391940889328","source_tile":"r04-c03","source_tile_ids":["r04-c03"],"source_bld_id":"391940889328","height_m":4.904,"receiver_ids":[196418,196419,196420,196421,196422,196423,196424,196425],"receiver_keys":["r04-c03:expanded-facade-max4m:69869:0:10","r04-c03:expanded-facade-max4m:69869:0:11","r04-c03:expanded-facade-max4m:69869:0:2","r04-c03:expanded-facade-max4m:69869:0:4","r04-c03:expanded-facade-max4m:69869:0:5","r04-c03:expanded-facade-max4m:69869:0:7","r04-c03:expanded-facade-max4m:69869:0:8","r04-c03:expanded-facade-max4m:69869:0:9"],"receiver_count":8,"periods":{"D":{"min":55.708775,"max":60.187454,"receiver_count":8,"unavailable_count":0},"E":{"min":53.490288,"max":57.968967,"receiver_count":8,"unavailable_count":0},"N":{"min":48.719074,"max":53.197754,"receiver_count":8,"unavailable_count":0}}}},{"type":"Feature","id":"lariac:391774889635","geometry":{"type":"Polygon","coordinates":[[[-118.56194955485537,34.18361467831168],[-118.56199048595755,34.183530483993906],[-118.56182935808943,34.18347643937259],[-118.56186102709444,34.183411276458436],[-118.5617148134683,34.183362218265685],[-118.5616578688456,34.18347943380612],[-118.56167646111523,34.18348566819803],[-118.56166145849501,34.18351654184895],[-118.561702353007,34.1835302835102],[-118.56169524401024,34.18354493597478],[-118.56177047126967,34.18357019677762],[-118.5617770275588,34.18355675674881],[-118.56194955485537,34.18361467831168]]]},"properties":{"building_pk":69876,"building_key":"lariac:391774889635","source_tile":"r04-c03","source_tile_ids":["r04-c03"],"source_bld_id":"391774889635","height_m":6.721,"receiver_ids":[196426,196427,196428,196429,196430,196431,196432,196433,196434,196435,196436,196437,196438,196439,196440,196441,196442,196443,196444,196445,196446,196447,196448],"receiver_keys":["r04-c03:expanded-facade-max4m:69876:0:1","r04-c03:expanded-facade-max4m:69876:0:10","r04-c03:expanded-facade-max4m:69876:0:11","r04-c03:expanded-facade-max4m:69876:0:12","r04-c03:expanded-facade-max4m:69876:0:13","r04-c03:expanded-facade-max4m:69876:0:14","r04-c03:expanded-facade-max4m:69876:0:15","r04-c03:expanded-facade-max4m:69876:0:16","r04-c03:expanded-facade-max4m:69876:0:18","r04-c03:expanded-facade-max4m:69876:0:2","r04-c03:expanded-facade-max4m:69876:0:20","r04-c03:expanded-facade-max4m:69876:0:21","r04-c03:expanded-facade-max4m:69876:0:23","r04-c03:expanded-facade-max4m:69876:0:24","r04-c03:expanded-facade-max4m:69876:0:25","r04-c03:expanded-facade-max4m:69876:0:26","r04-c03:expanded-facade-max4m:69876:0:3","r04-c03:expanded-facade-max4m:69876:0:4","r04-c03:expanded-facade-max4m:69876:0:5","r04-c03:expanded-facade-max4m:69876:0:6","r04-c03:expanded-facade-max4m:69876:0:7","r04-c03:expanded-facade-max4m:69876:0:8","r04-c03:expanded-facade-max4m:69876:0:9"],"receiver_count":23,"periods":{"D":{"min":58.77814,"max":68.243546,"receiver_count":23,"unavailable_count":0},"E":{"min":56.559654,"max":66.025055,"receiver_count":23,"unavailable_count":0},"N":{"min":51.78844,"max":61.253845,"receiver_count":23,"unavailable_count":0}}}},{"type":"Feature","id":"lariac:390610888542","geometry":{"type":"Polygon","coordinates":[[[-118.56563689027547,34.18040999157314],[-118.56567743638891,34.18035286486983],[-118.565639650733,34.18033432912488],[-118.56563025199034,34.180347589729536],[-118.56561940410042,34.18034228258004],[-118.56563581199396,34.18031915063618],[-118.56557812202162,34.180290869398526],[-118.56556233641484,34.18031314646462],[-118.56555241678966,34.1803082740208],[-118.56551527724504,34.180360657953436],[-118.56557893804641,34.18039185213961],[-118.56549309677834,34.180512886552606],[-118.56554046998619,34.18053610431299],[-118.56554197628938,34.180533954297225],[-118.56556838270102,34.18054688338607],[-118.5655483707397,34.18057508803732],[-118.56559385329082,34.18059735357097],[-118.56562411474842,34.18055464650889],[-118.56563045133817,34.180557749743315],[-118.56564951220024,34.18053086848676],[-118.56568925464694,34.18055032997892],[-118.56572636181377,34.18049797409201],[-118.56568665300424,34.18047851155325],[-118.56570987304538,34.18044573005594],[-118.56563689027547,34.18040999157314]]]},"properties":{"building_pk":69877,"building_key":"lariac:390610888542","source_tile":"r04-c03","source_tile_ids":["r04-c03"],"source_bld_id":"390610888542","height_m":6.864,"receiver_ids":[196449,196450,196451,196452],"receiver_keys":["r04-c03:expanded-facade-max4m:69877:0:3","r04-c03:expanded-facade-max4m:69877:0:5","r04-c03:expanded-facade-max4m:69877:0:6","r04-c03:expanded-facade-max4m:69877:0:7"],"receiver_count":4,"periods":{"D":{"min":57.968353,"max":63.8265,"receiver_count":4,"unavailable_count":0},"E":{"min":55.749866,"max":61.608013,"receiver_count":4,"unavailable_count":0},"N":{"min":50.978653,"max":56.8368,"receiver_count":4,"unavailable_count":0}}}},{"type":"Feature","id":"lariac:391934890079","geometry":{"type":"Polygon","coordinates":[[[-118.5612860354126,34.18464352788762],[-118.56119163433968,34.18464366390783],[-118.56119173465842,34.18469315284033],[-118.56114064933922,34.1846932248718],[-118.5611408103644,34.184771457474014],[-118.56120327111906,34.184771360610554],[-118.56120326734171,34.18478064834219],[-118.56128629535631,34.18478053804514],[-118.5612860354126,34.18464352788762]]]},"properties":{"building_pk":69923,"building_key":"lariac:391934890079","source_tile":"r04-c03","source_tile_ids":["r04-c03"],"source_bld_id":"391934890079","height_m":6.297,"receiver_ids":[196595,196596,196597,196598,196599,196600,196601,196602,196603,196604],"receiver_keys":["r04-c03:expanded-facade-max4m:69923:0:1","r04-c03:expanded-facade-max4m:69923:0:10","r04-c03:expanded-facade-max4m:69923:0:11","r04-c03:expanded-facade-max4m:69923:0:14","r04-c03:expanded-facade-max4m:69923:0:15","r04-c03:expanded-facade-max4m:69923:0:2","r04-c03:expanded-facade-max4m:69923:0:3","r04-c03:expanded-facade-max4m:69923:0:5","r04-c03:expanded-facade-max4m:69923:0:8","r04-c03:expanded-facade-max4m:69923:0:9"],"receiver_count":10,"periods":{"D":{"min":51.50211,"max":57.967403,"receiver_count":10,"unavailable_count":0},"E":{"min":49.283623,"max":55.748917,"receiver_count":10,"unavailable_count":0},"N":{"min":44.51241,"max":50.977703,"receiver_count":10,"unavailable_count":0}}}},{"type":"Feature","id":"lariac:392455889178","geometry":{"type":"Polygon","coordinates":[[[-118.55954238409511,34.182274386827146],[-118.55954164141238,34.18224254229645],[-118.55946219506437,34.18224384381147],[-118.55946293771675,34.1822756883427],[-118.55954238409511,34.182274386827146]]]},"properties":{"building_pk":70096,"building_key":"lariac:392455889178","source_tile":"r04-c03","source_tile_ids":["r04-c03"],"source_bld_id":"392455889178","height_m":3.484,"receiver_ids":[196790,196791,196792,196793],"receiver_keys":["r04-c03:expanded-facade-max4m:70096:0:1","r04-c03:expanded-facade-max4m:70096:0:2","r04-c03:expanded-facade-max4m:70096:0:3","r04-c03:expanded-facade-max4m:70096:0:4"],"receiver_count":4,"periods":{"D":{"min":59.163395,"max":60.979774,"receiver_count":4,"unavailable_count":0},"E":{"min":56.94491,"max":58.761288,"receiver_count":4,"unavailable_count":0},"N":{"min":52.1737,"max":53.990074,"receiver_count":4,"unavailable_count":0}}}},{"type":"Feature","id":"lariac:392064889424","geometry":{"type":"Polygon","coordinates":[[[-118.56090501643192,34.18296873866257],[-118.5609063811646,34.182886349176066],[-118.56073846370869,34.182884407820644],[-118.56073842372827,34.18288830989159],[-118.56067063531238,34.18288752516597],[-118.56066900855733,34.182985055503785],[-118.56074999048506,34.18298599904021],[-118.5607502933188,34.182966955208556],[-118.56090501643192,34.18296873866257]]]},"properties":{"building_pk":70185,"building_key":"lariac:392064889424","source_tile":"r04-c03","source_tile_ids":["r04-c03"],"source_bld_id":"392064889424","height_m":4.078,"receiver_ids":[196933,196934,196935,196936,196937,196938,196939,196940,196941,196942,196943,196944,196945,196946,196947],"receiver_keys":["r04-c03:expanded-facade-max4m:70185:0:1","r04-c03:expanded-facade-max4m:70185:0:10","r04-c03:expanded-facade-max4m:70185:0:11","r04-c03:expanded-facade-max4m:70185:0:12","r04-c03:expanded-facade-max4m:70185:0:13","r04-c03:expanded-facade-max4m:70185:0:15","r04-c03:expanded-facade-max4m:70185:0:16","r04-c03:expanded-facade-max4m:70185:0:17","r04-c03:expanded-facade-max4m:70185:0:2","r04-c03:expanded-facade-max4m:70185:0:4","r04-c03:expanded-facade-max4m:70185:0:5","r04-c03:expanded-facade-max4m:70185:0:6","r04-c03:expanded-facade-max4m:70185:0:7","r04-c03:expanded-facade-max4m:70185:0:8","r04-c03:expanded-facade-max4m:70185:0:9"],"receiver_count":15,"periods":{"D":{"min":60.17667,"max":60.970608,"receiver_count":15,"unavailable_count":0},"E":{"min":57.958183,"max":58.75212,"receiver_count":15,"unavailable_count":0},"N":{"min":53.18697,"max":53.980907,"receiver_count":15,"unavailable_count":0}}}},{"type":"Feature","id":"lariac:391479890057","geometry":{"type":"Polygon","coordinates":[[[-118.56271659985809,34.18469892871759],[-118.56269301734747,34.18474701684337],[-118.56276171935257,34.18477030235719],[-118.56276361135501,34.184766445760786],[-118.5627933264256,34.18477649135002],[-118.5628179058972,34.18472615642337],[-118.56278986016454,34.1847165592545],[-118.56283200294807,34.18463062804569],[-118.56282799206384,34.18462930070324],[-118.56283637575332,34.18461225134293],[-118.56276896574755,34.18458942776235],[-118.56275950681538,34.18460870713343],[-118.5626753609675,34.18458021852682],[-118.56263132730294,34.18467003241429],[-118.56271659985809,34.18469892871759]]]},"properties":{"building_pk":70394,"building_key":"lariac:391479890057","source_tile":"r04-c03","source_tile_ids":["r04-c03"],"source_bld_id":"391479890057","height_m":4.474,"receiver_ids":[197191,197192,197193,197194,197195,197196,197197,197198,197199,197200,197201,197202,197203,197204,197205,197206,197207,197208],"receiver_keys":["r04-c03:expanded-facade-max4m:70394:0:1","r04-c03:expanded-facade-max4m:70394:0:10","r04-c03:expanded-facade-max4m:70394:0:11","r04-c03:expanded-facade-max4m:70394:0:12","r04-c03:expanded-facade-max4m:70394:0:13","r04-c03:expanded-facade-max4m:70394:0:14","r04-c03:expanded-facade-max4m:70394:0:15","r04-c03:expanded-facade-max4m:70394:0:16","r04-c03:expanded-facade-max4m:70394:0:17","r04-c03:expanded-facade-max4m:70394:0:18","r04-c03:expanded-facade-max4m:70394:0:19","r04-c03:expanded-facade-max4m:70394:0:2","r04-c03:expanded-facade-max4m:70394:0:3","r04-c03:expanded-facade-max4m:70394:0:4","r04-c03:expanded-facade-max4m:70394:0:5","r04-c03:expanded-facade-max4m:70394:0:6","r04-c03:expanded-facade-max4m:70394:0:8","r04-c03:expanded-facade-max4m:70394:0:9"],"receiver_count":18,"periods":{"D":{"min":58.33652,"max":62.7923,"receiver_count":18,"unavailable_count":0},"E":{"min":56.118034,"max":60.573814,"receiver_count":18,"unavailable_count":0},"N":{"min":51.34682,"max":55.8026,"receiver_count":18,"unavailable_count":0}}}},{"type":"Feature","id":"lariac:391792889418","geometry":{"type":"Polygon","coordinates":[[[-118.56176157019712,34.182944758073866],[-118.56176434469828,34.182900008732624],[-118.56174416902486,34.18289914139253],[-118.56174580804918,34.18287250575374],[-118.56165253853803,34.182868487978446],[-118.56165080780694,34.1828963321117],[-118.56161111835277,34.182894620461695],[-118.5616084356232,34.18293818744771],[-118.56176157019712,34.182944758073866]]]},"properties":{"building_pk":70620,"building_key":"lariac:391792889418","source_tile":"r04-c03","source_tile_ids":["r04-c03"],"source_bld_id":"391792889418","height_m":4.666,"receiver_ids":[197425,197426,197427,197428,197429,197430,197431,197432,197433],"receiver_keys":["r04-c03:expanded-facade-max4m:70620:0:1","r04-c03:expanded-facade-max4m:70620:0:2","r04-c03:expanded-facade-max4m:70620:0:3","r04-c03:expanded-facade-max4m:70620:0:4","r04-c03:expanded-facade-max4m:70620:0:5","r04-c03:expanded-facade-max4m:70620:0:6","r04-c03:expanded-facade-max4m:70620:0:7","r04-c03:expanded-facade-max4m:70620:0:8","r04-c03:expanded-facade-max4m:70620:0:9"],"receiver_count":9,"periods":{"D":{"min":56.994984,"max":64.520256,"receiver_count":9,"unavailable_count":0},"E":{"min":54.776497,"max":62.301765,"receiver_count":9,"unavailable_count":0},"N":{"min":50.005283,"max":57.530556,"receiver_count":9,"unavailable_count":0}}}},{"type":"Feature","id":"lariac:392735889733","geometry":{"type":"Polygon","coordinates":[[[-118.55855861742691,34.183853378000244],[-118.55857885777863,34.18386875593468],[-118.55862291452547,34.18385107511846],[-118.5586896677393,34.18370685863468],[-118.55859920653333,34.18367792937442],[-118.55859275283318,34.18369186370276],[-118.55853625509585,34.18367379531235],[-118.55849176415593,34.1837699584626],[-118.55851674889983,34.1837779488803],[-118.55849171558803,34.18383197864571],[-118.55855861742691,34.183853378000244]]]},"properties":{"building_pk":70984,"building_key":"lariac:392735889733","source_tile":"r04-c03","source_tile_ids":["r04-c03"],"source_bld_id":"392735889733","height_m":5.352,"receiver_ids":[197777,197778,197779,197780,197781,197782],"receiver_keys":["r04-c03:expanded-facade-max4m:70984:0:10","r04-c03:expanded-facade-max4m:70984:0:11","r04-c03:expanded-facade-max4m:70984:0:6","r04-c03:expanded-facade-max4m:70984:0:7","r04-c03:expanded-facade-max4m:70984:0:8","r04-c03:expanded-facade-max4m:70984:0:9"],"receiver_count":6,"periods":{"D":{"min":58.20519,"max":59.511375,"receiver_count":6,"unavailable_count":0},"E":{"min":55.986702,"max":57.29289,"receiver_count":6,"unavailable_count":0},"N":{"min":51.21549,"max":52.521675,"receiver_count":6,"unavailable_count":0}}}},{"type":"Feature","id":"lariac:201700286344","geometry":{"type":"Polygon","coordinates":[[[-118.56165414916893,34.1812751561001],[-118.5616543526253,34.181304287672496],[-118.56183854573099,34.1813033961148],[-118.56183834979765,34.1812742636059],[-118.56165414916893,34.1812751561001]]]},"properties":{"building_pk":72105,"building_key":"lariac:201700286344","source_tile":"r04-c03","source_tile_ids":["r04-c03"],"source_bld_id":"201700286344","height_m":3.523,"receiver_ids":[198687,198688,198689,198690,198691,198692,198693,198694,198695,198696,198697],"receiver_keys":["r04-c03:expanded-facade-max4m:72105:0:1","r04-c03:expanded-facade-max4m:72105:0:10","r04-c03:expanded-facade-max4m:72105:0:11","r04-c03:expanded-facade-max4m:72105:0:2","r04-c03:expanded-facade-max4m:72105:0:3","r04-c03:expanded-facade-max4m:72105:0:4","r04-c03:expanded-facade-max4m:72105:0:5","r04-c03:expanded-facade-max4m:72105:0:6","r04-c03:expanded-facade-max4m:72105:0:7","r04-c03:expanded-facade-max4m:72105:0:8","r04-c03:expanded-facade-max4m:72105:0:9"],"receiver_count":11,"periods":{"D":{"min":57.83802,"max":62.75677,"receiver_count":11,"unavailable_count":0},"E":{"min":55.619534,"max":60.538284,"receiver_count":11,"unavailable_count":0},"N":{"min":50.84832,"max":55.76707,"receiver_count":11,"unavailable_count":0}}}},{"type":"Feature","id":"lariac:391286890144","geometry":{"type":"Polygon","coordinates":[[[-118.56328121529903,34.184927152869506],[-118.56335800466239,34.18498255037422],[-118.5633153927174,34.18502330844152],[-118.56336689549762,34.18506049439756],[-118.5634144674496,34.185014932315255],[-118.56336897935982,34.18498214224532],[-118.56347831694053,34.1848774864626],[-118.56339551329117,34.18481774816264],[-118.56328121529903,34.184927152869506]]]},"properties":{"building_pk":76129,"building_key":"lariac:391286890144","source_tile":"r04-c03","source_tile_ids":["r04-c03"],"source_bld_id":"391286890144","height_m":4.926,"receiver_ids":[200171,200172,200173,200174,200175,200176,200177,200178,200179,200180,200181,200182,200183,200184,200185,200186],"receiver_keys":["r04-c03:expanded-facade-max4m:76129:0:1","r04-c03:expanded-facade-max4m:76129:0:10","r04-c03:expanded-facade-max4m:76129:0:11","r04-c03:expanded-facade-max4m:76129:0:12","r04-c03:expanded-facade-max4m:76129:0:13","r04-c03:expanded-facade-max4m:76129:0:14","r04-c03:expanded-facade-max4m:76129:0:15","r04-c03:expanded-facade-max4m:76129:0:16","r04-c03:expanded-facade-max4m:76129:0:18","r04-c03:expanded-facade-max4m:76129:0:19","r04-c03:expanded-facade-max4m:76129:0:2","r04-c03:expanded-facade-max4m:76129:0:4","r04-c03:expanded-facade-max4m:76129:0:5","r04-c03:expanded-facade-max4m:76129:0:6","r04-c03:expanded-facade-max4m:76129:0:7","r04-c03:expanded-facade-max4m:76129:0:8"],"receiver_count":16,"periods":{"D":{"min":53.139423,"max":59.94658,"receiver_count":16,"unavailable_count":0},"E":{"min":50.920933,"max":57.72809,"receiver_count":16,"unavailable_count":0},"N":{"min":46.149723,"max":52.95688,"receiver_count":16,"unavailable_count":0}}}},{"type":"Feature","id":"lariac:391850890230","geometry":{"type":"Polygon","coordinates":[[[-118.56162681028745,34.185179410054076],[-118.56162606433419,34.185107830862016],[-118.56163290816906,34.18510777113558],[-118.56163263375949,34.18508164023269],[-118.56164771124523,34.18508154227293],[-118.56164708446724,34.18502285011027],[-118.56156872183067,34.1850234059933],[-118.56156940157787,34.18508998552548],[-118.56155002519849,34.185090130480454],[-118.56155010445005,34.1850969169416],[-118.5614768674375,34.18509744896783],[-118.56147761698938,34.18516974397009],[-118.56147074059912,34.18516980293727],[-118.5614713399332,34.185229595112375],[-118.56152133331523,34.18522922509302],[-118.56152089172721,34.18518806351008],[-118.5615674126321,34.18518771049401],[-118.56156732725177,34.185179851223026],[-118.56162681028745,34.185179410054076]]]},"properties":{"building_pk":76130,"building_key":"lariac:391850890230","source_tile":"r04-c03","source_tile_ids":["r04-c03"],"source_bld_id":"391850890230","height_m":6.428,"receiver_ids":[200187,200188,200189,200190,200191,200192,200193,200194,200195,200196,200197,200198,200199,200200],"receiver_keys":["r04-c03:expanded-facade-max4m:76130:0:1","r04-c03:expanded-facade-max4m:76130:0:10","r04-c03:expanded-facade-max4m:76130:0:11","r04-c03:expanded-facade-max4m:76130:0:13","r04-c03:expanded-facade-max4m:76130:0:14","r04-c03:expanded-facade-max4m:76130:0:15","r04-c03:expanded-facade-max4m:76130:0:16","r04-c03:expanded-facade-max4m:76130:0:17","r04-c03:expanded-facade-max4m:76130:0:2","r04-c03:expanded-facade-max4m:76130:0:20","r04-c03:expanded-facade-max4m:76130:0:3","r04-c03:expanded-facade-max4m:76130:0:6","r04-c03:expanded-facade-max4m:76130:0:7","r04-c03:expanded-facade-max4m:76130:0:8"],"receiver_count":14,"periods":{"D":{"min":47.34319,"max":57.771282,"receiver_count":14,"unavailable_count":0},"E":{"min":45.124702,"max":55.55279,"receiver_count":14,"unavailable_count":0},"N":{"min":40.35349,"max":50.78158,"receiver_count":14,"unavailable_count":0}}}},{"type":"Feature","id":"lariac:391224890247","geometry":{"type":"Polygon","coordinates":[[[-118.56363695244998,34.18521836792601],[-118.56363676965508,34.185201084359285],[-118.56366801471674,34.185200856713564],[-118.56366725384396,34.18512732575078],[-118.56353559241514,34.185128269216904],[-118.56353515152973,34.1850875196394],[-118.56354641869504,34.185071446691175],[-118.56347006111383,34.18504583523774],[-118.56345428954572,34.18504596370442],[-118.56343701383743,34.185053408000115],[-118.56343722958496,34.18507558319587],[-118.56339550231061,34.18507588755657],[-118.56339613757488,34.18513581659597],[-118.56346021688138,34.18513535311575],[-118.56346111640117,34.18521965509125],[-118.56363695244998,34.18521836792601]]]},"properties":{"building_pk":76160,"building_key":"lariac:391224890247","source_tile":"r04-c03","source_tile_ids":["r04-c03"],"source_bld_id":"391224890247","height_m":4.816,"receiver_ids":[200225,200226,200227,200228,200229,200230,200231,200232,200233,200234,200235,200236,200237,200238],"receiver_keys":["r04-c03:expanded-facade-max4m:76160:0:10","r04-c03:expanded-facade-max4m:76160:0:11","r04-c03:expanded-facade-max4m:76160:0:13","r04-c03:expanded-facade-max4m:76160:0:14","r04-c03:expanded-facade-max4m:76160:0:15","r04-c03:expanded-facade-max4m:76160:0:17","r04-c03:expanded-facade-max4m:76160:0:18","r04-c03:expanded-facade-max4m:76160:0:2","r04-c03:expanded-facade-max4m:76160:0:3","r04-c03:expanded-facade-max4m:76160:0:4","r04-c03:expanded-facade-max4m:76160:0:5","r04-c03:expanded-facade-max4m:76160:0:6","r04-c03:expanded-facade-max4m:76160:0:8","r04-c03:expanded-facade-max4m:76160:0:9"],"receiver_count":14,"periods":{"D":{"min":54.858513,"max":58.82178,"receiver_count":14,"unavailable_count":0},"E":{"min":52.640026,"max":56.603294,"receiver_count":14,"unavailable_count":0},"N":{"min":47.868813,"max":51.83208,"receiver_count":14,"unavailable_count":0}}}},{"type":"Feature","id":"lariac:390335888419","geometry":{"type":"Polygon","coordinates":[[[-118.56638180090857,34.18015306587623],[-118.56636747701404,34.1801472242277],[-118.56633684691415,34.18019900094362],[-118.56640843099248,34.180228260741785],[-118.56641346519166,34.180219746415005],[-118.56649104950782,34.18025145100183],[-118.56650922445,34.18022067187101],[-118.56651174487064,34.180221704054425],[-118.56655391363302,34.18015041790195],[-118.56654283987594,34.180145880911034],[-118.56655509811199,34.180125132130186],[-118.56655771652969,34.180126218847825],[-118.56657612094314,34.1800950536721],[-118.56659389225219,34.180102335141115],[-118.56659912269402,34.180093489921646],[-118.56659414929561,34.18009145228882],[-118.56661513575844,34.180056015210816],[-118.56661967829686,34.180057862832214],[-118.56662474463342,34.180049293351686],[-118.56654115918528,34.180015143123],[-118.56652102230636,34.18004917430605],[-118.56651084409694,34.18004504512356],[-118.56650698664524,34.18005160299921],[-118.56647568774211,34.18003880701913],[-118.566455191729,34.18007347185622],[-118.56643400486368,34.18006480536245],[-118.56638180090857,34.18015306587623]]]},"properties":{"building_pk":76234,"building_key":"lariac:390335888419","source_tile":"r04-c03","source_tile_ids":["r04-c03"],"source_bld_id":"390335888419","height_m":5.755,"receiver_ids":[200385,200386,200387,200388,200389,200390,200391,200392,200393,200394,200395,200396,200397,200398,200399,200400,200401,200402,200403,200404],"receiver_keys":["r04-c03:expanded-facade-max4m:76234:0:1","r04-c03:expanded-facade-max4m:76234:0:10","r04-c03:expanded-facade-max4m:76234:0:13","r04-c03:expanded-facade-max4m:76234:0:14","r04-c03:expanded-facade-max4m:76234:0:15","r04-c03:expanded-facade-max4m:76234:0:16","r04-c03:expanded-facade-max4m:76234:0:17","r04-c03:expanded-facade-max4m:76234:0:18","r04-c03:expanded-facade-max4m:76234:0:19","r04-c03:expanded-facade-max4m:76234:0:2","r04-c03:expanded-facade-max4m:76234:0:21","r04-c03:expanded-facade-max4m:76234:0:22","r04-c03:expanded-facade-max4m:76234:0:23","r04-c03:expanded-facade-max4m:76234:0:3","r04-c03:expanded-facade-max4m:76234:0:4","r04-c03:expanded-facade-max4m:76234:0:5","r04-c03:expanded-facade-max4m:76234:0:6","r04-c03:expanded-facade-max4m:76234:0:7","r04-c03:expanded-facade-max4m:76234:0:8","r04-c03:expanded-facade-max4m:76234:0:9"],"receiver_count":20,"periods":{"D":{"min":51.95367,"max":63.101803,"receiver_count":20,"unavailable_count":0},"E":{"min":49.735184,"max":60.883316,"receiver_count":20,"unavailable_count":0},"N":{"min":44.96397,"max":56.112103,"receiver_count":20,"unavailable_count":0}}}},{"type":"Feature","id":"lariac:391292889656","geometry":{"type":"Polygon","coordinates":[[[-118.56350483836106,34.18354954327753],[-118.56350449907144,34.18347480228119],[-118.56340348741726,34.183475107867054],[-118.56340350308187,34.18348241661828],[-118.56328374276774,34.18348275534386],[-118.56328377421518,34.1834970717297],[-118.56325814821933,34.183497163123135],[-118.56325832167869,34.18353752898618],[-118.56328474084532,34.18353746094516],[-118.56328468933792,34.183529822395485],[-118.56329579877807,34.183529797702924],[-118.56329585520592,34.18354315292561],[-118.56329162346866,34.1835431726338],[-118.56329199462304,34.18362266732753],[-118.56341558985424,34.183622311632384],[-118.56341526565073,34.183549795578564],[-118.56350483836106,34.18354954327753]]]},"properties":{"building_pk":76248,"building_key":"lariac:391292889656","source_tile":"r04-c03","source_tile_ids":["r04-c03"],"source_bld_id":"391292889656","height_m":4.118,"receiver_ids":[200405,200406,200407,200408,200409,200410,200411,200412,200413,200414],"receiver_keys":["r04-c03:expanded-facade-max4m:76248:0:1","r04-c03:expanded-facade-max4m:76248:0:10","r04-c03:expanded-facade-max4m:76248:0:13","r04-c03:expanded-facade-max4m:76248:0:14","r04-c03:expanded-facade-max4m:76248:0:18","r04-c03:expanded-facade-max4m:76248:0:19","r04-c03:expanded-facade-max4m:76248:0:2","r04-c03:expanded-facade-max4m:76248:0:20","r04-c03:expanded-facade-max4m:76248:0:21","r04-c03:expanded-facade-max4m:76248:0:9"],"receiver_count":10,"periods":{"D":{"min":60.27174,"max":61.50753,"receiver_count":10,"unavailable_count":0},"E":{"min":58.05325,"max":59.28904,"receiver_count":10,"unavailable_count":0},"N":{"min":53.28204,"max":54.51783,"receiver_count":10,"unavailable_count":0}}}},{"type":"Feature","id":"lariac:390124890065","geometry":{"type":"Polygon","coordinates":[[[-118.56717277343937,34.18458724081679],[-118.56717271319228,34.18459306688346],[-118.56711547453847,34.18459278623486],[-118.56711480230092,34.18468855420731],[-118.56716681645284,34.184688832308986],[-118.5671665119103,34.18473153632032],[-118.56728588331167,34.18473213048481],[-118.56728619021769,34.18468978347362],[-118.56730546837038,34.18468988508329],[-118.56730563725714,34.184666033014906],[-118.56738879995548,34.184666439891146],[-118.56738953640313,34.18456547781332],[-118.56729073337488,34.18456500726084],[-118.56729055758422,34.18458784332027],[-118.56717277343937,34.18458724081679]]]},"properties":{"building_pk":76249,"building_key":"lariac:390124890065","source_tile":"r04-c03","source_tile_ids":["r04-c03"],"source_bld_id":"390124890065","height_m":8.583,"receiver_ids":[200415,200416,200417,200418,200419],"receiver_keys":["r04-c03:expanded-facade-max4m:76249:0:4","r04-c03:expanded-facade-max4m:76249:0:5","r04-c03:expanded-facade-max4m:76249:0:7","r04-c03:expanded-facade-max4m:76249:0:8","r04-c03:expanded-facade-max4m:76249:0:9"],"receiver_count":5,"periods":{"D":{"min":51.480362,"max":58.0841,"receiver_count":5,"unavailable_count":0},"E":{"min":49.261875,"max":55.865612,"receiver_count":5,"unavailable_count":0},"N":{"min":44.49066,"max":51.0944,"receiver_count":5,"unavailable_count":0}}}},{"type":"Feature","id":"lariac:392860889528","geometry":{"type":"Polygon","coordinates":[[[-118.5582411050371,34.18319243217547],[-118.55825613314077,34.18316032191765],[-118.55813939266118,34.183122554960214],[-118.5581229943801,34.18315758441662],[-118.55812740161704,34.18315899302754],[-118.55807938197461,34.1832615471298],[-118.55815334271126,34.18328546911235],[-118.55815793955074,34.18327563819231],[-118.55825056775492,34.18330572347504],[-118.55825062019221,34.18330561594922],[-118.55827488462108,34.1832558441719],[-118.55827490388802,34.18325580531655],[-118.55824738809562,34.183246949328996],[-118.55826874052217,34.18320134531072],[-118.5582411050371,34.18319243217547]]]},"properties":{"building_pk":76267,"building_key":"lariac:392860889528","source_tile":"r04-c03","source_tile_ids":["r04-c03"],"source_bld_id":"392860889528","height_m":6.178,"receiver_ids":[200434,200435,200436,200437,200438,200439,200440,200441,200442,200443,200444,200445,200446,200447],"receiver_keys":["r04-c03:expanded-facade-max4m:76267:0:1","r04-c03:expanded-facade-max4m:76267:0:10","r04-c03:expanded-facade-max4m:76267:0:12","r04-c03:expanded-facade-max4m:76267:0:13","r04-c03:expanded-facade-max4m:76267:0:14","r04-c03:expanded-facade-max4m:76267:0:15","r04-c03:expanded-facade-max4m:76267:0:16","r04-c03:expanded-facade-max4m:76267:0:17","r04-c03:expanded-facade-max4m:76267:0:2","r04-c03:expanded-facade-max4m:76267:0:3","r04-c03:expanded-facade-max4m:76267:0:4","r04-c03:expanded-facade-max4m:76267:0:5","r04-c03:expanded-facade-max4m:76267:0:8","r04-c03:expanded-facade-max4m:76267:0:9"],"receiver_count":14,"periods":{"D":{"min":48.775856,"max":59.54047,"receiver_count":14,"unavailable_count":0},"E":{"min":46.55737,"max":57.321983,"receiver_count":14,"unavailable_count":0},"N":{"min":41.786156,"max":52.55077,"receiver_count":14,"unavailable_count":0}}}},{"type":"Feature","id":"lariac:392361889798","geometry":{"type":"Polygon","coordinates":[[[-118.5598681668634,34.183950117456334],[-118.5598893924477,34.18390689651821],[-118.55986284629934,34.183902279077095],[-118.55986295801571,34.18389920068641],[-118.55988455314589,34.183899787701044],[-118.55988487263933,34.1838990613802],[-118.55979415046828,34.18389846435888],[-118.55979408817257,34.18390001440257],[-118.55980579542248,34.18390031722927],[-118.55979881854076,34.183925025700205],[-118.55977864492789,34.183978731225864],[-118.55984462589078,34.183995875236064],[-118.559861811313,34.183950180232415],[-118.5598681668634,34.183950117456334]]]},"properties":{"building_pk":76350,"building_key":"lariac:392361889798","source_tile":"r04-c03","source_tile_ids":["r04-c03"],"source_bld_id":"392361889798","height_m":4.666,"receiver_ids":[200491,200492,200493,200494,200495,200496,200497],"receiver_keys":["r04-c03:expanded-facade-max4m:76350:0:1","r04-c03:expanded-facade-max4m:76350:0:10","r04-c03:expanded-facade-max4m:76350:0:11","r04-c03:expanded-facade-max4m:76350:0:6","r04-c03:expanded-facade-max4m:76350:0:7","r04-c03:expanded-facade-max4m:76350:0:8","r04-c03:expanded-facade-max4m:76350:0:9"],"receiver_count":7,"periods":{"D":{"min":48.921444,"max":54.754555,"receiver_count":7,"unavailable_count":0},"E":{"min":46.702957,"max":52.536068,"receiver_count":7,"unavailable_count":0},"N":{"min":41.931744,"max":47.76486,"receiver_count":7,"unavailable_count":0}}}},{"type":"Feature","id":"lariac:392363889433","geometry":{"type":"Polygon","coordinates":[[[-118.55976220617613,34.182852877173524],[-118.55976151875605,34.1829822799635],[-118.55986924720439,34.18298266034843],[-118.55986949099291,34.18293017399332],[-118.55986618441158,34.1829301613514],[-118.55986636560444,34.182897955533676],[-118.55984516998693,34.18289786071422],[-118.55984539992336,34.1828531790957],[-118.55976220617613,34.182852877173524]]]},"properties":{"building_pk":76497,"building_key":"lariac:392363889433","source_tile":"r04-c03","source_tile_ids":["r04-c03"],"source_bld_id":"392363889433","height_m":4.892,"receiver_ids":[200648,200649,200650,200651,200652,200653,200654,200655,200656,200657],"receiver_keys":["r04-c03:expanded-facade-max4m:76497:0:1","r04-c03:expanded-facade-max4m:76497:0:11","r04-c03:expanded-facade-max4m:76497:0:2","r04-c03:expanded-facade-max4m:76497:0:3","r04-c03:expanded-facade-max4m:76497:0:4","r04-c03:expanded-facade-max4m:76497:0:5","r04-c03:expanded-facade-max4m:76497:0:6","r04-c03:expanded-facade-max4m:76497:0:7","r04-c03:expanded-facade-max4m:76497:0:8","r04-c03:expanded-facade-max4m:76497:0:9"],"receiver_count":10,"periods":{"D":{"min":51.574192,"max":59.688663,"receiver_count":10,"unavailable_count":0},"E":{"min":49.355705,"max":57.470173,"receiver_count":10,"unavailable_count":0},"N":{"min":44.58449,"max":52.698963,"receiver_count":10,"unavailable_count":0}}}},{"type":"Feature","id":"lariac:393159889079","geometry":{"type":"Polygon","coordinates":[[[-118.55709449573412,34.1819465661924],[-118.55709760110263,34.18205028630754],[-118.55715453085821,34.182049089169446],[-118.55715517449671,34.18207126239697],[-118.55719104487665,34.182070520164245],[-118.55719286894912,34.18213093778376],[-118.55727201561801,34.18212928212813],[-118.55727049055908,34.182079221878645],[-118.55725554723223,34.18207951070614],[-118.55725422351637,34.182034588332705],[-118.55725306626024,34.182034621612544],[-118.557250479631,34.18194933749942],[-118.55721031202846,34.181950182489565],[-118.557210139362,34.18194413752738],[-118.55709449573412,34.1819465661924]]]},"properties":{"building_pk":76509,"building_key":"lariac:393159889079","source_tile":"r04-c03","source_tile_ids":["r04-c03"],"source_bld_id":"393159889079","height_m":5.825,"receiver_ids":[200658,200659,200660,200661,200662,200663,200664,200665,200666,200667,200668,200669,200670,200671,200672,200673,200674],"receiver_keys":["r04-c03:expanded-facade-max4m:76509:0:1","r04-c03:expanded-facade-max4m:76509:0:10","r04-c03:expanded-facade-max4m:76509:0:11","r04-c03:expanded-facade-max4m:76509:0:13","r04-c03:expanded-facade-max4m:76509:0:14","r04-c03:expanded-facade-max4m:76509:0:15","r04-c03:expanded-facade-max4m:76509:0:16","r04-c03:expanded-facade-max4m:76509:0:17","r04-c03:expanded-facade-max4m:76509:0:18","r04-c03:expanded-facade-max4m:76509:0:19","r04-c03:expanded-facade-max4m:76509:0:2","r04-c03:expanded-facade-max4m:76509:0:3","r04-c03:expanded-facade-max4m:76509:0:4","r04-c03:expanded-facade-max4m:76509:0:6","r04-c03:expanded-facade-max4m:76509:0:7","r04-c03:expanded-facade-max4m:76509:0:8","r04-c03:expanded-facade-max4m:76509:0:9"],"receiver_count":17,"periods":{"D":{"min":48.817223,"max":57.328773,"receiver_count":17,"unavailable_count":0},"E":{"min":46.598732,"max":55.110287,"receiver_count":17,"unavailable_count":0},"N":{"min":41.827522,"max":50.339073,"receiver_count":17,"unavailable_count":0}}}},{"type":"Feature","id":"lariac:391775890515","geometry":{"type":"Polygon","coordinates":[[[-118.56186062783394,34.18596233182795],[-118.56186074879827,34.185857415793],[-118.56187767804225,34.18585744713969],[-118.56187775993993,34.18579575585159],[-118.56179773889419,34.18579566055439],[-118.56179764525871,34.185865293604756],[-118.56177496089259,34.18586526102903],[-118.56177493884694,34.18588150155936],[-118.56169911740066,34.185881441685424],[-118.56169899852216,34.18596217557367],[-118.56186062783394,34.18596233182795]]]},"properties":{"building_pk":76825,"building_key":"lariac:391775890515","source_tile":"r04-c03","source_tile_ids":["r04-c03"],"source_bld_id":"391775890515","height_m":5.044,"receiver_ids":[201052,201053,201054,201055,201056,201057,201058,201059,201060,201061,201062,201063,201064,201065],"receiver_keys":["r04-c03:expanded-facade-max4m:76825:0:1","r04-c03:expanded-facade-max4m:76825:0:10","r04-c03:expanded-facade-max4m:76825:0:11","r04-c03:expanded-facade-max4m:76825:0:12","r04-c03:expanded-facade-max4m:76825:0:15","r04-c03:expanded-facade-max4m:76825:0:16","r04-c03:expanded-facade-max4m:76825:0:17","r04-c03:expanded-facade-max4m:76825:0:18","r04-c03:expanded-facade-max4m:76825:0:2","r04-c03:expanded-facade-max4m:76825:0:3","r04-c03:expanded-facade-max4m:76825:0:6","r04-c03:expanded-facade-max4m:76825:0:7","r04-c03:expanded-facade-max4m:76825:0:8","r04-c03:expanded-facade-max4m:76825:0:9"],"receiver_count":14,"periods":{"D":{"min":54.180218,"max":62.265244,"receiver_count":14,"unavailable_count":0},"E":{"min":51.961727,"max":60.046757,"receiver_count":14,"unavailable_count":0},"N":{"min":47.190517,"max":55.275543,"receiver_count":14,"unavailable_count":0}}}},{"type":"Feature","id":"lariac:392413889272","geometry":{"type":"Polygon","coordinates":[[[-118.55952772810205,34.18253476483046],[-118.55957590053978,34.182534376985444],[-118.55957630636523,34.1825703449368],[-118.55959201130094,34.182570217281906],[-118.55959242079695,34.18260657017585],[-118.55970867111584,34.18260567525552],[-118.5597082025151,34.18256536575572],[-118.55975670600571,34.18256500335311],[-118.55975549917358,34.1824588845091],[-118.55952690104365,34.18246068422424],[-118.55952772810205,34.18253476483046]]]},"properties":{"building_pk":76869,"building_key":"lariac:392413889272","source_tile":"r04-c03","source_tile_ids":["r04-c03"],"source_bld_id":"392413889272","height_m":9.089,"receiver_ids":[201140,201141,201142,201143,201144,201145,201146,201147,201148,201149,201150,201151,201152,201153,201154,201155,201156],"receiver_keys":["r04-c03:expanded-facade-max4m:76869:0:1","r04-c03:expanded-facade-max4m:76869:0:10","r04-c03:expanded-facade-max4m:76869:0:11","r04-c03:expanded-facade-max4m:76869:0:12","r04-c03:expanded-facade-max4m:76869:0:13","r04-c03:expanded-facade-max4m:76869:0:14","r04-c03:expanded-facade-max4m:76869:0:15","r04-c03:expanded-facade-max4m:76869:0:16","r04-c03:expanded-facade-max4m:76869:0:17","r04-c03:expanded-facade-max4m:76869:0:18","r04-c03:expanded-facade-max4m:76869:0:19","r04-c03:expanded-facade-max4m:76869:0:2","r04-c03:expanded-facade-max4m:76869:0:4","r04-c03:expanded-facade-max4m:76869:0:5","r04-c03:expanded-facade-max4m:76869:0:6","r04-c03:expanded-facade-max4m:76869:0:7","r04-c03:expanded-facade-max4m:76869:0:9"],"receiver_count":17,"periods":{"D":{"min":47.363995,"max":60.908993,"receiver_count":17,"unavailable_count":0},"E":{"min":45.145508,"max":58.690506,"receiver_count":17,"unavailable_count":0},"N":{"min":40.374294,"max":53.919292,"receiver_count":17,"unavailable_count":0}}}},{"type":"Feature","id":"lariac:391303890124","geometry":{"type":"Polygon","coordinates":[[[-118.56329869098587,34.18484141931166],[-118.56333214134769,34.184860168917936],[-118.56335163135454,34.184836665923534],[-118.56331784269497,34.18481777996186],[-118.56329869098587,34.18484141931166]]]},"properties":{"building_pk":76972,"building_key":"lariac:391303890124","source_tile":"r04-c03","source_tile_ids":["r04-c03"],"source_bld_id":"391303890124","height_m":4.029,"receiver_ids":[201210,201211,201212],"receiver_keys":["r04-c03:expanded-facade-max4m:76972:0:1","r04-c03:expanded-facade-max4m:76972:0:3","r04-c03:expanded-facade-max4m:76972:0:4"],"receiver_count":3,"periods":{"D":{"min":56.9567,"max":59.800335,"receiver_count":3,"unavailable_count":0},"E":{"min":54.738213,"max":57.58185,"receiver_count":3,"unavailable_count":0},"N":{"min":49.967003,"max":52.810635,"receiver_count":3,"unavailable_count":0}}}},{"type":"Feature","id":"lariac:391951888390","geometry":{"type":"Polygon","coordinates":[[[-118.56117896715679,34.18006086153757],[-118.5611289436027,34.1800612856624],[-118.56112944632018,34.18010156795425],[-118.56117946881362,34.1801011438343],[-118.56117896715679,34.18006086153757]]]},"properties":{"building_pk":77006,"building_key":"lariac:391951888390","source_tile":"r04-c03","source_tile_ids":["r04-c03"],"source_bld_id":"391951888390","height_m":6.824,"receiver_ids":[201223,201224,201225],"receiver_keys":["r04-c03:expanded-facade-max4m:77006:0:1","r04-c03:expanded-facade-max4m:77006:0:4","r04-c03:expanded-facade-max4m:77006:0:5"],"receiver_count":3,"periods":{"D":{"min":54.15728,"max":62.80043,"receiver_count":3,"unavailable_count":0},"E":{"min":51.938793,"max":60.581944,"receiver_count":3,"unavailable_count":0},"N":{"min":47.16758,"max":55.810734,"receiver_count":3,"unavailable_count":0}}}},{"type":"Feature","id":"lariac:391749889984","geometry":{"type":"Polygon","coordinates":[[[-118.56181545351525,34.18449158298388],[-118.56188743507457,34.1844910845303],[-118.561886849517,34.18443354525266],[-118.56181486928611,34.18443407254943],[-118.56181545351525,34.18449158298388]]]},"properties":{"building_pk":77075,"building_key":"lariac:391749889984","source_tile":"r04-c03","source_tile_ids":["r04-c03"],"source_bld_id":"391749889984","height_m":4.953,"receiver_ids":[201341,201342,201343,201344,201345],"receiver_keys":["r04-c03:expanded-facade-max4m:77075:0:1","r04-c03:expanded-facade-max4m:77075:0:2","r04-c03:expanded-facade-max4m:77075:0:5","r04-c03:expanded-facade-max4m:77075:0:6","r04-c03:expanded-facade-max4m:77075:0:7"],"receiver_count":5,"periods":{"D":{"min":58.346428,"max":64.3359,"receiver_count":5,"unavailable_count":0},"E":{"min":56.12794,"max":62.11741,"receiver_count":5,"unavailable_count":0},"N":{"min":51.356728,"max":57.3462,"receiver_count":5,"unavailable_count":0}}}},{"type":"Feature","id":"lariac:390875890274","geometry":{"type":"Polygon","coordinates":[[[-118.56472837191544,34.18527794122859],[-118.56476465728541,34.18529040695932],[-118.5647940799722,34.185230831616074],[-118.56473568292537,34.18521090787954],[-118.56472837191544,34.18527794122859]]]},"properties":{"building_pk":77184,"building_key":"lariac:390875890274","source_tile":"r04-c03","source_tile_ids":["r04-c03"],"source_bld_id":"390875890274","height_m":4.84,"receiver_ids":[201430,201431,201432,201433,201434,201435,201436],"receiver_keys":["r04-c03:expanded-facade-max4m:77184:0:1","r04-c03:expanded-facade-max4m:77184:0:2","r04-c03:expanded-facade-max4m:77184:0:3","r04-c03:expanded-facade-max4m:77184:0:4","r04-c03:expanded-facade-max4m:77184:0:5","r04-c03:expanded-facade-max4m:77184:0:6","r04-c03:expanded-facade-max4m:77184:0:7"],"receiver_count":7,"periods":{"D":{"min":55.74374,"max":58.403896,"receiver_count":7,"unavailable_count":0},"E":{"min":53.525253,"max":56.18541,"receiver_count":7,"unavailable_count":0},"N":{"min":48.75404,"max":51.414196,"receiver_count":7,"unavailable_count":0}}}},{"type":"Feature","id":"lariac:391504889565","geometry":{"type":"Polygon","coordinates":[[[-118.5628069603748,34.183431499719305],[-118.5628065267179,34.18337695557037],[-118.56273418307258,34.18337734717311],[-118.56273394638592,34.1833472042215],[-118.56276234899701,34.18334704412397],[-118.56278020493744,34.18331772304143],[-118.56278519709406,34.183317699812825],[-118.56278496499058,34.18328807883442],[-118.56275982762966,34.183257473853786],[-118.56272054796985,34.18325768455689],[-118.56272046689064,34.183245648409184],[-118.56269054345401,34.1832458155723],[-118.56269064057089,34.18325524077164],[-118.56257577604542,34.183255857137084],[-118.56257562842194,34.18323893041822],[-118.56253714282846,34.18323913736836],[-118.56253724774606,34.18325471737787],[-118.56252779064286,34.1832547613624],[-118.56252851272608,34.1833471699538],[-118.56265326279703,34.18334648060087],[-118.56265346114515,34.183370935884476],[-118.56266278483346,34.18337089251085],[-118.56266326447913,34.183432278269585],[-118.5628069603748,34.183431499719305]]]},"properties":{"building_pk":77438,"building_key":"lariac:391504889565","source_tile":"r04-c03","source_tile_ids":["r04-c03"],"source_bld_id":"391504889565","height_m":3.743,"receiver_ids":[201834,201835,201836,201837,201838,201839,201840,201841,201842,201843,201844,201845,201846,201847,201848,201849,201850,201851,201852,201853,201854,201855],"receiver_keys":["r04-c03:expanded-facade-max4m:77438:0:1","r04-c03:expanded-facade-max4m:77438:0:10","r04-c03:expanded-facade-max4m:77438:0:11","r04-c03:expanded-facade-max4m:77438:0:12","r04-c03:expanded-facade-max4m:77438:0:14","r04-c03:expanded-facade-max4m:77438:0:16","r04-c03:expanded-facade-max4m:77438:0:17","r04-c03:expanded-facade-max4m:77438:0:18","r04-c03:expanded-facade-max4m:77438:0:19","r04-c03:expanded-facade-max4m:77438:0:2","r04-c03:expanded-facade-max4m:77438:0:20","r04-c03:expanded-facade-max4m:77438:0:21","r04-c03:expanded-facade-max4m:77438:0:22","r04-c03:expanded-facade-max4m:77438:0:23","r04-c03:expanded-facade-max4m:77438:0:25","r04-c03:expanded-facade-max4m:77438:0:26","r04-c03:expanded-facade-max4m:77438:0:3","r04-c03:expanded-facade-max4m:77438:0:4","r04-c03:expanded-facade-max4m:77438:0:5","r04-c03:expanded-facade-max4m:77438:0:6","r04-c03:expanded-facade-max4m:77438:0:7","r04-c03:expanded-facade-max4m:77438:0:8"],"receiver_count":22,"periods":{"D":{"min":62.089508,"max":67.5357,"receiver_count":22,"unavailable_count":0},"E":{"min":59.87102,"max":65.317215,"receiver_count":22,"unavailable_count":0},"N":{"min":55.09981,"max":60.545998,"receiver_count":22,"unavailable_count":0}}}},{"type":"Feature","id":"lariac:391492890333","geometry":{"type":"Polygon","coordinates":[[[-118.56276955815031,34.185516626008855],[-118.56277881718769,34.18546266964505],[-118.56281280931213,34.18546278554912],[-118.56281321418194,34.18536572785498],[-118.56264516915803,34.185365245711786],[-118.56264474287035,34.18546881626398],[-118.56262797732866,34.185468757217244],[-118.56262776865415,34.18551621460649],[-118.56276955815031,34.185516626008855]]]},"properties":{"building_pk":77452,"building_key":"lariac:391492890333","source_tile":"r04-c03","source_tile_ids":["r04-c03"],"source_bld_id":"391492890333","height_m":4.593,"receiver_ids":[201880,201881,201882,201883,201884,201885,201886,201887,201888,201889,201890,201891,201892,201893,201894,201895],"receiver_keys":["r04-c03:expanded-facade-max4m:77452:0:1","r04-c03:expanded-facade-max4m:77452:0:10","r04-c03:expanded-facade-max4m:77452:0:11","r04-c03:expanded-facade-max4m:77452:0:12","r04-c03:expanded-facade-max4m:77452:0:13","r04-c03:expanded-facade-max4m:77452:0:14","r04-c03:expanded-facade-max4m:77452:0:15","r04-c03:expanded-facade-max4m:77452:0:16","r04-c03:expanded-facade-max4m:77452:0:17","r04-c03:expanded-facade-max4m:77452:0:3","r04-c03:expanded-facade-max4m:77452:0:4","r04-c03:expanded-facade-max4m:77452:0:5","r04-c03:expanded-facade-max4m:77452:0:6","r04-c03:expanded-facade-max4m:77452:0:7","r04-c03:expanded-facade-max4m:77452:0:8","r04-c03:expanded-facade-max4m:77452:0:9"],"receiver_count":16,"periods":{"D":{"min":57.27848,"max":63.15019,"receiver_count":16,"unavailable_count":0},"E":{"min":55.059994,"max":60.931698,"receiver_count":16,"unavailable_count":0},"N":{"min":50.28878,"max":56.16049,"receiver_count":16,"unavailable_count":0}}}},{"type":"Feature","id":"lariac:392642889250","geometry":{"type":"Polygon","coordinates":[[[-118.55894113054998,34.18247155434782],[-118.55894289765608,34.18244901297503],[-118.55881055718889,34.18244187571369],[-118.55880882366904,34.182464416027685],[-118.55894113054998,34.18247155434782]]]},"properties":{"building_pk":77778,"building_key":"lariac:392642889250","source_tile":"r04-c03","source_tile_ids":["r04-c03"],"source_bld_id":"392642889250","height_m":2.975,"receiver_ids":[202236,202237,202238,202239],"receiver_keys":["r04-c03:expanded-facade-max4m:77778:0:1","r04-c03:expanded-facade-max4m:77778:0:2","r04-c03:expanded-facade-max4m:77778:0:5","r04-c03:expanded-facade-max4m:77778:0:6"],"receiver_count":4,"periods":{"D":{"min":60.134933,"max":60.494286,"receiver_count":4,"unavailable_count":0},"E":{"min":57.916447,"max":58.2758,"receiver_count":4,"unavailable_count":0},"N":{"min":53.145233,"max":53.504585,"receiver_count":4,"unavailable_count":0}}}},{"type":"Feature","id":"lariac:392700889522","geometry":{"type":"Polygon","coordinates":[[[-118.55874142660086,34.18319337559477],[-118.55867547725137,34.18317207021244],[-118.55864991961414,34.18322665237574],[-118.5587148776195,34.183247654023326],[-118.55874142660086,34.18319337559477]]]},"properties":{"building_pk":77786,"building_key":"lariac:392700889522","source_tile":"r04-c03","source_tile_ids":["r04-c03"],"source_bld_id":"392700889522","height_m":4.557,"receiver_ids":[202264,202265,202266,202267,202268],"receiver_keys":["r04-c03:expanded-facade-max4m:77786:0:1","r04-c03:expanded-facade-max4m:77786:0:2","r04-c03:expanded-facade-max4m:77786:0:3","r04-c03:expanded-facade-max4m:77786:0:4","r04-c03:expanded-facade-max4m:77786:0:5"],"receiver_count":5,"periods":{"D":{"min":53.132156,"max":60.085667,"receiver_count":5,"unavailable_count":0},"E":{"min":50.91367,"max":57.86718,"receiver_count":5,"unavailable_count":0},"N":{"min":46.142456,"max":53.095966,"receiver_count":5,"unavailable_count":0}}}},{"type":"Feature","id":"lariac:390839890369","geometry":{"type":"Polygon","coordinates":[[[-118.56482267784334,34.185538299799894],[-118.56490297784296,34.18554550948924],[-118.56491209260517,34.185475395239365],[-118.56483179267217,34.18546818555603],[-118.56482267784334,34.185538299799894]]]},"properties":{"building_pk":77939,"building_key":"lariac:390839890369","source_tile":"r04-c03","source_tile_ids":["r04-c03"],"source_bld_id":"390839890369","height_m":4.468,"receiver_ids":[202342,202343,202344,202345,202346,202347,202348],"receiver_keys":["r04-c03:expanded-facade-max4m:77939:0:1","r04-c03:expanded-facade-max4m:77939:0:2","r04-c03:expanded-facade-max4m:77939:0:3","r04-c03:expanded-facade-max4m:77939:0:4","r04-c03:expanded-facade-max4m:77939:0:5","r04-c03:expanded-facade-max4m:77939:0:6","r04-c03:expanded-facade-max4m:77939:0:8"],"receiver_count":7,"periods":{"D":{"min":56.410065,"max":58.757504,"receiver_count":7,"unavailable_count":0},"E":{"min":54.191578,"max":56.539017,"receiver_count":7,"unavailable_count":0},"N":{"min":49.420364,"max":51.767803,"receiver_count":7,"unavailable_count":0}}}},{"type":"Feature","id":"lariac:390414890248","geometry":{"type":"Polygon","coordinates":[[[-118.56638071512211,34.185113523932245],[-118.56623358690152,34.18509137756109],[-118.56622515247555,34.185130134798335],[-118.56612029364197,34.185114358158486],[-118.56610736941406,34.18517366368001],[-118.56618525348134,34.18518538974645],[-118.56618797965159,34.185172901405224],[-118.56621366424815,34.18517673805224],[-118.56620237554529,34.185228452131206],[-118.56635079532319,34.185250812470805],[-118.56638071512211,34.185113523932245]]]},"properties":{"building_pk":78015,"building_key":"lariac:390414890248","source_tile":"r04-c03","source_tile_ids":["r04-c03"],"source_bld_id":"390414890248","height_m":4.785,"receiver_ids":[202438,202439,202440,202441,202442,202443,202444,202445,202446,202447,202448,202449,202450,202451,202452,202453,202454,202455,202456,202457],"receiver_keys":["r04-c03:expanded-facade-max4m:78015:0:1","r04-c03:expanded-facade-max4m:78015:0:10","r04-c03:expanded-facade-max4m:78015:0:11","r04-c03:expanded-facade-max4m:78015:0:12","r04-c03:expanded-facade-max4m:78015:0:13","r04-c03:expanded-facade-max4m:78015:0:14","r04-c03:expanded-facade-max4m:78015:0:15","r04-c03:expanded-facade-max4m:78015:0:16","r04-c03:expanded-facade-max4m:78015:0:17","r04-c03:expanded-facade-max4m:78015:0:18","r04-c03:expanded-facade-max4m:78015:0:19","r04-c03:expanded-facade-max4m:78015:0:2","r04-c03:expanded-facade-max4m:78015:0:20","r04-c03:expanded-facade-max4m:78015:0:21","r04-c03:expanded-facade-max4m:78015:0:3","r04-c03:expanded-facade-max4m:78015:0:4","r04-c03:expanded-facade-max4m:78015:0:6","r04-c03:expanded-facade-max4m:78015:0:7","r04-c03:expanded-facade-max4m:78015:0:8","r04-c03:expanded-facade-max4m:78015:0:9"],"receiver_count":20,"periods":{"D":{"min":52.173527,"max":59.215073,"receiver_count":20,"unavailable_count":0},"E":{"min":49.95504,"max":56.996586,"receiver_count":20,"unavailable_count":0},"N":{"min":45.183826,"max":52.225372,"receiver_count":20,"unavailable_count":0}}}},{"type":"Feature","id":"lariac:391794890296","geometry":{"type":"Polygon","coordinates":[[[-118.56167179925082,34.185344570604514],[-118.56174381632765,34.18534456612147],[-118.56174380295901,34.18528853607642],[-118.56167178593658,34.185288541460935],[-118.56167179925082,34.185344570604514]]]},"properties":{"building_pk":78042,"building_key":"lariac:391794890296","source_tile":"r04-c03","source_tile_ids":["r04-c03"],"source_bld_id":"391794890296","height_m":6.014,"receiver_ids":[202486,202487,202488,202489,202490,202491],"receiver_keys":["r04-c03:expanded-facade-max4m:78042:0:1","r04-c03:expanded-facade-max4m:78042:0:2","r04-c03:expanded-facade-max4m:78042:0:3","r04-c03:expanded-facade-max4m:78042:0:4","r04-c03:expanded-facade-max4m:78042:0:6","r04-c03:expanded-facade-max4m:78042:0:7"],"receiver_count":6,"periods":{"D":{"min":47.94675,"max":54.664394,"receiver_count":6,"unavailable_count":0},"E":{"min":45.728264,"max":52.445908,"receiver_count":6,"unavailable_count":0},"N":{"min":40.95705,"max":47.674694,"receiver_count":6,"unavailable_count":0}}}},{"type":"Feature","id":"lariac:391294889775","geometry":{"type":"Polygon","coordinates":[[[-118.56341086569388,34.18383867735916],[-118.56342815957092,34.18383878882902],[-118.56342771391729,34.1838804765364],[-118.56350770284055,34.18388106584452],[-118.56350845417721,34.18381104566497],[-118.56328773103183,34.18380940794213],[-118.56328766770855,34.183814657031206],[-118.56325767638644,34.18381443969021],[-118.56325720093747,34.183856869506776],[-118.56328792016673,34.183857083457944],[-118.56328692630899,34.183949885901775],[-118.56340963776246,34.183950797395234],[-118.56341086569388,34.18383867735916]]]},"properties":{"building_pk":78343,"building_key":"lariac:391294889775","source_tile":"r04-c03","source_tile_ids":["r04-c03"],"source_bld_id":"391294889775","height_m":4.602,"receiver_ids":[202838,202839,202840,202841,202842,202843,202844,202845,202846,202847,202848,202849,202850,202851],"receiver_keys":["r04-c03:expanded-facade-max4m:78343:0:10","r04-c03:expanded-facade-max4m:78343:0:11","r04-c03:expanded-facade-max4m:78343:0:12","r04-c03:expanded-facade-max4m:78343:0:13","r04-c03:expanded-facade-max4m:78343:0:15","r04-c03:expanded-facade-max4m:78343:0:16","r04-c03:expanded-facade-max4m:78343:0:20","r04-c03:expanded-facade-max4m:78343:0:21","r04-c03:expanded-facade-max4m:78343:0:3","r04-c03:expanded-facade-max4m:78343:0:4","r04-c03:expanded-facade-max4m:78343:0:5","r04-c03:expanded-facade-max4m:78343:0:6","r04-c03:expanded-facade-max4m:78343:0:8","r04-c03:expanded-facade-max4m:78343:0:9"],"receiver_count":14,"periods":{"D":{"min":53.991684,"max":61.000023,"receiver_count":14,"unavailable_count":0},"E":{"min":51.773197,"max":58.781536,"receiver_count":14,"unavailable_count":0},"N":{"min":47.001984,"max":54.010323,"receiver_count":14,"unavailable_count":0}}}},{"type":"Feature","id":"lariac:391314888871","geometry":{"type":"Polygon","coordinates":[[[-118.56329839385047,34.181472724427536],[-118.56329830789971,34.18145016456978],[-118.56335263192999,34.18144999449192],[-118.56335219522738,34.181345988002235],[-118.56318528857074,34.18134646239155],[-118.56318547449334,34.18139367092101],[-118.56312615827544,34.181393837121206],[-118.56312651589103,34.18148116449773],[-118.56315868686806,34.18148106970086],[-118.56315862911201,34.18146268656912],[-118.56318729523628,34.18146260808391],[-118.56318733200196,34.18147304960502],[-118.56329839385047,34.181472724427536]]]},"properties":{"building_pk":78422,"building_key":"lariac:391314888871","source_tile":"r04-c03","source_tile_ids":["r04-c03"],"source_bld_id":"391314888871","height_m":5.371,"receiver_ids":[203020,203021,203022,203023,203024,203025,203026,203027,203028,203029,203030,203031],"receiver_keys":["r04-c03:expanded-facade-max4m:78422:0:10","r04-c03:expanded-facade-max4m:78422:0:11","r04-c03:expanded-facade-max4m:78422:0:12","r04-c03:expanded-facade-max4m:78422:0:13","r04-c03:expanded-facade-max4m:78422:0:14","r04-c03:expanded-facade-max4m:78422:0:15","r04-c03:expanded-facade-max4m:78422:0:17","r04-c03:expanded-facade-max4m:78422:0:18","r04-c03:expanded-facade-max4m:78422:0:19","r04-c03:expanded-facade-max4m:78422:0:7","r04-c03:expanded-facade-max4m:78422:0:8","r04-c03:expanded-facade-max4m:78422:0:9"],"receiver_count":12,"periods":{"D":{"min":52.952206,"max":63.58431,"receiver_count":12,"unavailable_count":0},"E":{"min":50.733715,"max":61.36582,"receiver_count":12,"unavailable_count":0},"N":{"min":45.962505,"max":56.59461,"receiver_count":12,"unavailable_count":0}}}},{"type":"Feature","id":"lariac:2014121101180000","geometry":{"type":"Polygon","coordinates":[[[-118.5623933581029,34.18505231319021],[-118.56239234918964,34.18509791170758],[-118.56237937645902,34.18509771328265],[-118.56237746334541,34.185184163196816],[-118.56244427671388,34.18518518410718],[-118.56244414611598,34.18519108352227],[-118.5625524142365,34.18519272298695],[-118.56255688298236,34.18499350316797],[-118.56238439708878,34.18498943063364],[-118.5623831292208,34.18505215790341],[-118.5623933581029,34.18505231319021]]]},"properties":{"building_pk":78926,"building_key":"lariac:2014121101180000","source_tile":"r04-c03","source_tile_ids":["r04-c03"],"source_bld_id":"2014121101180000","height_m":5.468,"receiver_ids":[203612,203613,203614,203615,203616,203617,203618,203619,203620,203621,203622,203623,203624,203625,203626,203627,203628,203629,203630],"receiver_keys":["r04-c03:expanded-facade-max4m:78926:0:1","r04-c03:expanded-facade-max4m:78926:0:10","r04-c03:expanded-facade-max4m:78926:0:11","r04-c03:expanded-facade-max4m:78926:0:12","r04-c03:expanded-facade-max4m:78926:0:13","r04-c03:expanded-facade-max4m:78926:0:14","r04-c03:expanded-facade-max4m:78926:0:15","r04-c03:expanded-facade-max4m:78926:0:16","r04-c03:expanded-facade-max4m:78926:0:17","r04-c03:expanded-facade-max4m:78926:0:18","r04-c03:expanded-facade-max4m:78926:0:19","r04-c03:expanded-facade-max4m:78926:0:20","r04-c03:expanded-facade-max4m:78926:0:3","r04-c03:expanded-facade-max4m:78926:0:4","r04-c03:expanded-facade-max4m:78926:0:5","r04-c03:expanded-facade-max4m:78926:0:6","r04-c03:expanded-facade-max4m:78926:0:7","r04-c03:expanded-facade-max4m:78926:0:8","r04-c03:expanded-facade-max4m:78926:0:9"],"receiver_count":19,"periods":{"D":{"min":58.240944,"max":70.31798,"receiver_count":19,"unavailable_count":0},"E":{"min":56.022457,"max":68.099495,"receiver_count":19,"unavailable_count":0},"N":{"min":51.251244,"max":63.32828,"receiver_count":19,"unavailable_count":0}}}},{"type":"Feature","id":"lariac:201700286321","geometry":{"type":"Polygon","coordinates":[[[-118.56298913612888,34.18102550968135],[-118.56299004940169,34.18108569256241],[-118.56303895676785,34.181085186318526],[-118.56303804341731,34.181024997127146],[-118.56298913612888,34.18102550968135]]]},"properties":{"building_pk":79314,"building_key":"lariac:201700286321","source_tile":"r04-c03","source_tile_ids":["r04-c03"],"source_bld_id":"201700286321","height_m":3.685,"receiver_ids":[204175,204176,204177,204178,204179],"receiver_keys":["r04-c03:expanded-facade-max4m:79314:0:2","r04-c03:expanded-facade-max4m:79314:0:3","r04-c03:expanded-facade-max4m:79314:0:4","r04-c03:expanded-facade-max4m:79314:0:5","r04-c03:expanded-facade-max4m:79314:0:6"],"receiver_count":5,"periods":{"D":{"min":63.52004,"max":64.11643,"receiver_count":5,"unavailable_count":0},"E":{"min":61.301548,"max":61.897945,"receiver_count":5,"unavailable_count":0},"N":{"min":56.53034,"max":57.12673,"receiver_count":5,"unavailable_count":0}}}},{"type":"Feature","id":"lariac:201700286713","geometry":{"type":"Polygon","coordinates":[[[-118.5679391419576,34.184997907378495],[-118.56793915870865,34.1849995733552],[-118.56797914498154,34.18499929904248],[-118.56797872338439,34.18495691848544],[-118.56798854176893,34.18495685074198],[-118.5679877248003,34.18487467153],[-118.5679783533506,34.184874735371636],[-118.56797791236096,34.18483045985792],[-118.56774120291904,34.18483208506747],[-118.56774220347633,34.18493269280287],[-118.56779680600674,34.184932303962924],[-118.56779696463924,34.18494830023437],[-118.5677856622666,34.1849483776332],[-118.56778617406248,34.184999893123425],[-118.56781065658218,34.18499972500173],[-118.56781064696695,34.18499878924309],[-118.5679391419576,34.184997907378495]]]},"properties":{"building_pk":79332,"building_key":"lariac:201700286713","source_tile":"r04-c03","source_tile_ids":["r04-c02","r04-c03"],"source_bld_id":"201700286713","height_m":6.398,"receiver_ids":[204287,204288,204289,204290,204291,204292,204293],"receiver_keys":["r04-c03:expanded-facade-max4m:79332:0:14","r04-c03:expanded-facade-max4m:79332:0:15","r04-c03:expanded-facade-max4m:79332:0:16","r04-c03:expanded-facade-max4m:79332:0:17","r04-c03:expanded-facade-max4m:79332:0:18","r04-c03:expanded-facade-max4m:79332:0:19","r04-c03:expanded-facade-max4m:79332:0:20"],"receiver_count":7,"periods":{"D":{"min":53.84324,"max":58.57954,"receiver_count":7,"unavailable_count":0},"E":{"min":51.62475,"max":56.361053,"receiver_count":7,"unavailable_count":0},"N":{"min":46.85354,"max":51.58984,"receiver_count":7,"unavailable_count":0}}}},{"type":"Feature","id":"lariac:201700286841","geometry":{"type":"Polygon","coordinates":[[[-118.56501707704486,34.18598509095839],[-118.56512059011169,34.186016531076476],[-118.56515916315533,34.18592884509202],[-118.56520335523227,34.1859422708571],[-118.56522474807603,34.18589363892017],[-118.56518667194561,34.18588207151851],[-118.56518951820708,34.185875602255095],[-118.56507989149061,34.18584229661304],[-118.56501707704486,34.18598509095839]]]},"properties":{"building_pk":79335,"building_key":"lariac:201700286841","source_tile":"r04-c03","source_tile_ids":["r04-c03"],"source_bld_id":"201700286841","height_m":4.481,"receiver_ids":[204296,204297,204298,204299,204300,204301,204302,204303,204304],"receiver_keys":["r04-c03:expanded-facade-max4m:79335:0:10","r04-c03:expanded-facade-max4m:79335:0:11","r04-c03:expanded-facade-max4m:79335:0:12","r04-c03:expanded-facade-max4m:79335:0:13","r04-c03:expanded-facade-max4m:79335:0:14","r04-c03:expanded-facade-max4m:79335:0:6","r04-c03:expanded-facade-max4m:79335:0:7","r04-c03:expanded-facade-max4m:79335:0:8","r04-c03:expanded-facade-max4m:79335:0:9"],"receiver_count":9,"periods":{"D":{"min":57.18876,"max":59.465244,"receiver_count":9,"unavailable_count":0},"E":{"min":54.97027,"max":57.246758,"receiver_count":9,"unavailable_count":0},"N":{"min":50.19906,"max":52.475544,"receiver_count":9,"unavailable_count":0}}}},{"type":"Feature","id":"lariac:390863890326","geometry":{"type":"Polygon","coordinates":[[[-118.56490767402975,34.18543801618558],[-118.56491199832905,34.185392957507915],[-118.56492589271761,34.185393882509636],[-118.56493015640416,34.18534964812649],[-118.56491834578327,34.18534885132934],[-118.56491905717763,34.185341594176016],[-118.56481068510786,34.18533440560034],[-118.56481139483517,34.185326900530654],[-118.56475287514411,34.18532302487472],[-118.56474555179574,34.185398983577436],[-118.5647302681183,34.18539795595464],[-118.56472640548142,34.18543798365218],[-118.56472078140803,34.185437624950964],[-118.56471509738815,34.18549675948003],[-118.5648059709369,34.18550279293538],[-118.56481279792241,34.18543172742795],[-118.56490767402975,34.18543801618558]]]},"properties":{"building_pk":83597,"building_key":"lariac:390863890326","source_tile":"r04-c03","source_tile_ids":["r04-c03"],"source_bld_id":"390863890326","height_m":4.206,"receiver_ids":[205673,205674,205675,205676,205677,205678,205679,205680,205681,205682,205683,205684],"receiver_keys":["r04-c03:expanded-facade-max4m:83597:0:14","r04-c03:expanded-facade-max4m:83597:0:15","r04-c03:expanded-facade-max4m:83597:0:17","r04-c03:expanded-facade-max4m:83597:0:18","r04-c03:expanded-facade-max4m:83597:0:19","r04-c03:expanded-facade-max4m:83597:0:3","r04-c03:expanded-facade-max4m:83597:0:4","r04-c03:expanded-facade-max4m:83597:0:5","r04-c03:expanded-facade-max4m:83597:0:6","r04-c03:expanded-facade-max4m:83597:0:7","r04-c03:expanded-facade-max4m:83597:0:8","r04-c03:expanded-facade-max4m:83597:0:9"],"receiver_count":12,"periods":{"D":{"min":56.80173,"max":59.46723,"receiver_count":12,"unavailable_count":0},"E":{"min":54.583244,"max":57.248745,"receiver_count":12,"unavailable_count":0},"N":{"min":49.81203,"max":52.47753,"receiver_count":12,"unavailable_count":0}}}},{"type":"Feature","id":"lariac:392681889587","geometry":{"type":"Polygon","coordinates":[[[-118.55883537636147,34.18335434327914],[-118.55884965376214,34.183323720357585],[-118.55881038858173,34.183311343259184],[-118.55881338655782,34.18330478960324],[-118.55877925801134,34.18329403858906],[-118.55877694473398,34.183299160132705],[-118.55876471792999,34.18329528678563],[-118.55876168687706,34.18330192353526],[-118.5587348109898,34.1833126823131],[-118.55873184279508,34.18331882382362],[-118.5587233927702,34.1833160049619],[-118.55869991092528,34.18336466882328],[-118.55867041755448,34.18335485741379],[-118.55864762074562,34.183402145048156],[-118.55874481727197,34.183434478041335],[-118.55873783900452,34.18344896474317],[-118.55881717347881,34.18347536238177],[-118.55886997329188,34.18336586203251],[-118.55883537636147,34.18335434327914]]]},"properties":{"building_pk":83628,"building_key":"lariac:392681889587","source_tile":"r04-c03","source_tile_ids":["r04-c03"],"source_bld_id":"392681889587","height_m":4.983,"receiver_ids":[205725,205726,205727,205728,205729,205730,205731,205732,205733,205734,205735,205736,205737,205738],"receiver_keys":["r04-c03:expanded-facade-max4m:83628:0:1","r04-c03:expanded-facade-max4m:83628:0:10","r04-c03:expanded-facade-max4m:83628:0:11","r04-c03:expanded-facade-max4m:83628:0:12","r04-c03:expanded-facade-max4m:83628:0:13","r04-c03:expanded-facade-max4m:83628:0:14","r04-c03:expanded-facade-max4m:83628:0:17","r04-c03:expanded-facade-max4m:83628:0:18","r04-c03:expanded-facade-max4m:83628:0:2","r04-c03:expanded-facade-max4m:83628:0:3","r04-c03:expanded-facade-max4m:83628:0:4","r04-c03:expanded-facade-max4m:83628:0:5","r04-c03:expanded-facade-max4m:83628:0:6","r04-c03:expanded-facade-max4m:83628:0:8"],"receiver_count":14,"periods":{"D":{"min":49.816895,"max":59.81694,"receiver_count":14,"unavailable_count":0},"E":{"min":47.598404,"max":57.598454,"receiver_count":14,"unavailable_count":0},"N":{"min":42.827194,"max":52.82724,"receiver_count":14,"unavailable_count":0}}}},{"type":"Feature","id":"lariac:392628889061","geometry":{"type":"Polygon","coordinates":[[[-118.55890893720449,34.18196930204973],[-118.55894818262739,34.18196892865885],[-118.55894734765123,34.18190834060488],[-118.55890810225688,34.18190871399549],[-118.55890893720449,34.18196930204973]]]},"properties":{"building_pk":83672,"building_key":"lariac:392628889061","source_tile":"r04-c03","source_tile_ids":["r04-c03"],"source_bld_id":"392628889061","height_m":2.743,"receiver_ids":[205836,205837,205838,205839,205840,205841],"receiver_keys":["r04-c03:expanded-facade-max4m:83672:0:1","r04-c03:expanded-facade-max4m:83672:0:2","r04-c03:expanded-facade-max4m:83672:0:3","r04-c03:expanded-facade-max4m:83672:0:4","r04-c03:expanded-facade-max4m:83672:0:5","r04-c03:expanded-facade-max4m:83672:0:6"],"receiver_count":6,"periods":{"D":{"min":60.709213,"max":60.977665,"receiver_count":6,"unavailable_count":0},"E":{"min":58.490723,"max":58.759174,"receiver_count":6,"unavailable_count":0},"N":{"min":53.719513,"max":53.987965,"receiver_count":6,"unavailable_count":0}}}},{"type":"Feature","id":"lariac:391792889441","geometry":{"type":"Polygon","coordinates":[[[-118.56165158378273,34.18294785179179],[-118.56164972511378,34.18298619410642],[-118.56166860953611,34.18298684838337],[-118.56166840674379,34.18299105322834],[-118.56173924787,34.1829934450962],[-118.56174134272672,34.1829508698319],[-118.56165158378273,34.18294785179179]]]},"properties":{"building_pk":83677,"building_key":"lariac:391792889441","source_tile":"r04-c03","source_tile_ids":["r04-c03"],"source_bld_id":"391792889441","height_m":3.758,"receiver_ids":[205866,205867,205868,205869,205870],"receiver_keys":["r04-c03:expanded-facade-max4m:83677:0:1","r04-c03:expanded-facade-max4m:83677:0:2","r04-c03:expanded-facade-max4m:83677:0:3","r04-c03:expanded-facade-max4m:83677:0:4","r04-c03:expanded-facade-max4m:83677:0:5"],"receiver_count":5,"periods":{"D":{"min":58.099148,"max":64.27067,"receiver_count":5,"unavailable_count":0},"E":{"min":55.88066,"max":62.05218,"receiver_count":5,"unavailable_count":0},"N":{"min":51.109447,"max":57.280968,"receiver_count":5,"unavailable_count":0}}}},{"type":"Feature","id":"lariac:391964889858","geometry":{"type":"Polygon","coordinates":[[[-118.56116233243722,34.18406690227216],[-118.5611919610678,34.18403766474269],[-118.56113996821884,34.1840012491596],[-118.5610447097859,34.18409522993727],[-118.56104178671943,34.184093209611234],[-118.56102253825148,34.18411220428851],[-118.56101193955948,34.18410477964329],[-118.5609667412897,34.18414934077304],[-118.5610270055732,34.18419151589862],[-118.56107926559315,34.18413994312996],[-118.56109189033761,34.18414876027262],[-118.5610982302635,34.18414249307346],[-118.56115646748576,34.18418327653789],[-118.56120570668527,34.18413468471314],[-118.56120716822122,34.18413569487415],[-118.56122937303209,34.18411382855266],[-118.56116233243722,34.18406690227216]]]},"properties":{"building_pk":83806,"building_key":"lariac:391964889858","source_tile":"r04-c03","source_tile_ids":["r04-c03"],"source_bld_id":"391964889858","height_m":5.304,"receiver_ids":[206036,206037,206038,206039,206040,206041,206042,206043,206044,206045,206046,206047,206048,206049,206050,206051,206052,206053,206054,206055],"receiver_keys":["r04-c03:expanded-facade-max4m:83806:0:1","r04-c03:expanded-facade-max4m:83806:0:10","r04-c03:expanded-facade-max4m:83806:0:11","r04-c03:expanded-facade-max4m:83806:0:12","r04-c03:expanded-facade-max4m:83806:0:13","r04-c03:expanded-facade-max4m:83806:0:14","r04-c03:expanded-facade-max4m:83806:0:15","r04-c03:expanded-facade-max4m:83806:0:16","r04-c03:expanded-facade-max4m:83806:0:17","r04-c03:expanded-facade-max4m:83806:0:18","r04-c03:expanded-facade-max4m:83806:0:19","r04-c03:expanded-facade-max4m:83806:0:2","r04-c03:expanded-facade-max4m:83806:0:20","r04-c03:expanded-facade-max4m:83806:0:3","r04-c03:expanded-facade-max4m:83806:0:4","r04-c03:expanded-facade-max4m:83806:0:5","r04-c03:expanded-facade-max4m:83806:0:6","r04-c03:expanded-facade-max4m:83806:0:7","r04-c03:expanded-facade-max4m:83806:0:8","r04-c03:expanded-facade-max4m:83806:0:9"],"receiver_count":20,"periods":{"D":{"min":49.205288,"max":61.00412,"receiver_count":20,"unavailable_count":0},"E":{"min":46.9868,"max":58.785633,"receiver_count":20,"unavailable_count":0},"N":{"min":42.215588,"max":54.01442,"receiver_count":20,"unavailable_count":0}}}},{"type":"Feature","id":"lariac:390588889887","geometry":{"type":"Polygon","coordinates":[[[-118.56575194979092,34.18413466426994],[-118.5658145362593,34.18413365657909],[-118.56581327458711,34.18407919924709],[-118.56563090505134,34.184082113171634],[-118.56563198272103,34.18412895962125],[-118.56555812277439,34.184130129920526],[-118.56556018079485,34.184219234411856],[-118.56575385775182,34.18421615771656],[-118.56575194979092,34.18413466426994]]]},"properties":{"building_pk":83869,"building_key":"lariac:390588889887","source_tile":"r04-c03","source_tile_ids":["r04-c03"],"source_bld_id":"390588889887","height_m":5.005,"receiver_ids":[206093,206094,206095,206096,206097],"receiver_keys":["r04-c03:expanded-facade-max4m:83869:0:12","r04-c03:expanded-facade-max4m:83869:0:13","r04-c03:expanded-facade-max4m:83869:0:14","r04-c03:expanded-facade-max4m:83869:0:15","r04-c03:expanded-facade-max4m:83869:0:18"],"receiver_count":5,"periods":{"D":{"min":49.922546,"max":59.171303,"receiver_count":5,"unavailable_count":0},"E":{"min":47.70406,"max":56.952816,"receiver_count":5,"unavailable_count":0},"N":{"min":42.932846,"max":52.181602,"receiver_count":5,"unavailable_count":0}}}},{"type":"Feature","id":"lariac:391819890079","geometry":{"type":"Polygon","coordinates":[[[-118.56160082141689,34.184761573664986],[-118.56160074523194,34.184769927732624],[-118.56168328119851,34.1847705334712],[-118.56168350305033,34.18474931819067],[-118.56167860897288,34.18474925887733],[-118.56167919510614,34.18469396802009],[-118.56168289897532,34.18469400581416],[-118.5616834778794,34.18463747897262],[-118.56159793262962,34.18463685925949],[-118.56159810237324,34.18461773310044],[-118.56153844893342,34.184617295140534],[-118.56153777637765,34.18467959320386],[-118.56150784983737,34.18467937512681],[-118.56150700932372,34.184760910230445],[-118.56160082141689,34.184761573664986]]]},"properties":{"building_pk":84236,"building_key":"lariac:391819890079","source_tile":"r04-c03","source_tile_ids":["r04-c03"],"source_bld_id":"391819890079","height_m":6.535,"receiver_ids":[206521,206522,206523,206524,206525,206526,206527,206528,206529,206530,206531,206532,206533],"receiver_keys":["r04-c03:expanded-facade-max4m:84236:0:1","r04-c03:expanded-facade-max4m:84236:0:10","r04-c03:expanded-facade-max4m:84236:0:11","r04-c03:expanded-facade-max4m:84236:0:12","r04-c03:expanded-facade-max4m:84236:0:13","r04-c03:expanded-facade-max4m:84236:0:16","r04-c03:expanded-facade-max4m:84236:0:17","r04-c03:expanded-facade-max4m:84236:0:2","r04-c03:expanded-facade-max4m:84236:0:3","r04-c03:expanded-facade-max4m:84236:0:4","r04-c03:expanded-facade-max4m:84236:0:7","r04-c03:expanded-facade-max4m:84236:0:8","r04-c03:expanded-facade-max4m:84236:0:9"],"receiver_count":13,"periods":{"D":{"min":53.574394,"max":60.69822,"receiver_count":13,"unavailable_count":0},"E":{"min":51.355907,"max":58.479733,"receiver_count":13,"unavailable_count":0},"N":{"min":46.584694,"max":53.70852,"receiver_count":13,"unavailable_count":0}}}},{"type":"Feature","id":"lariac:391949888981","geometry":{"type":"Polygon","coordinates":[[[-118.5611333043165,34.18176876409611],[-118.56114649606272,34.181768538811575],[-118.5611466287368,34.18177359405886],[-118.56118914545854,34.18177284684967],[-118.56118905215618,34.18176880836215],[-118.56122436011893,34.18176817753049],[-118.56122355392465,34.18173666236584],[-118.56123585181778,34.181736440317685],[-118.5612336636716,34.18165181435292],[-118.56122361322828,34.181651998925894],[-118.56122277064006,34.18162007192424],[-118.56119294997877,34.18162059525436],[-118.56119281233528,34.18161496213999],[-118.561138791861,34.18161592770598],[-118.56113892675073,34.181621312908376],[-118.56112947183694,34.1816214938091],[-118.5611333043165,34.18176876409611]]]},"properties":{"building_pk":84568,"building_key":"lariac:391949888981","source_tile":"r04-c03","source_tile_ids":["r04-c03"],"source_bld_id":"391949888981","height_m":8.891,"receiver_ids":[206989,206990,206991,206992,206993,206994,206995],"receiver_keys":["r04-c03:expanded-facade-max4m:84568:0:1","r04-c03:expanded-facade-max4m:84568:0:3","r04-c03:expanded-facade-max4m:84568:0:5","r04-c03:expanded-facade-max4m:84568:0:6","r04-c03:expanded-facade-max4m:84568:0:7","r04-c03:expanded-facade-max4m:84568:0:8","r04-c03:expanded-facade-max4m:84568:0:9"],"receiver_count":7,"periods":{"D":{"min":56.10704,"max":62.687798,"receiver_count":7,"unavailable_count":0},"E":{"min":53.888554,"max":60.469307,"receiver_count":7,"unavailable_count":0},"N":{"min":49.11734,"max":55.698097,"receiver_count":7,"unavailable_count":0}}}},{"type":"Feature","id":"lariac:391972890264","geometry":{"type":"Polygon","coordinates":[[[-118.56107987014002,34.18526361668973],[-118.56115030653898,34.185264581840464],[-118.56115148123047,34.185203187503255],[-118.56108104507094,34.185202250300215],[-118.56107987014002,34.18526361668973]]]},"properties":{"building_pk":84846,"building_key":"lariac:391972890264","source_tile":"r04-c03","source_tile_ids":["r04-c03"],"source_bld_id":"391972890264","height_m":4.907,"receiver_ids":[207318,207319],"receiver_keys":["r04-c03:expanded-facade-max4m:84846:0:3","r04-c03:expanded-facade-max4m:84846:0:4"],"receiver_count":2,"periods":{"D":{"min":50.39502,"max":51.92824,"receiver_count":2,"unavailable_count":0},"E":{"min":48.176533,"max":49.709755,"receiver_count":2,"unavailable_count":0},"N":{"min":43.40532,"max":44.93854,"receiver_count":2,"unavailable_count":0}}}},{"type":"Feature","id":"lariac:391307889040","geometry":{"type":"Polygon","coordinates":[[[-118.56346788157656,34.18192852863964],[-118.56345446964077,34.1818764908449],[-118.5633927137894,34.18188749519167],[-118.563371322549,34.181804470595274],[-118.56318417089871,34.181837822152524],[-118.56320725814983,34.18192737959137],[-118.56334414683903,34.18190299989406],[-118.56334540361985,34.181907912868944],[-118.5633785271331,34.18190201574284],[-118.56338898477127,34.18194258072428],[-118.56346788157656,34.18192852863964]]]},"properties":{"building_pk":84857,"building_key":"lariac:391307889040","source_tile":"r04-c03","source_tile_ids":["r04-c03"],"source_bld_id":"391307889040","height_m":5.374,"receiver_ids":[207350,207351,207352,207353,207354,207355,207356,207357],"receiver_keys":["r04-c03:expanded-facade-max4m:84857:0:10","r04-c03:expanded-facade-max4m:84857:0:11","r04-c03:expanded-facade-max4m:84857:0:12","r04-c03:expanded-facade-max4m:84857:0:13","r04-c03:expanded-facade-max4m:84857:0:14","r04-c03:expanded-facade-max4m:84857:0:15","r04-c03:expanded-facade-max4m:84857:0:8","r04-c03:expanded-facade-max4m:84857:0:9"],"receiver_count":8,"periods":{"D":{"min":53.33062,"max":62.21349,"receiver_count":8,"unavailable_count":0},"E":{"min":51.112133,"max":59.995003,"receiver_count":8,"unavailable_count":0},"N":{"min":46.34092,"max":55.22379,"receiver_count":8,"unavailable_count":0}}}},{"type":"Feature","id":"lariac:391405888737","geometry":{"type":"Polygon","coordinates":[[[-118.56294490082493,34.18101134676068],[-118.56294629644718,34.18103686840784],[-118.56298275670389,34.1810355176745],[-118.56298139469774,34.181009995871236],[-118.56294490082493,34.18101134676068]]]},"properties":{"building_pk":85112,"building_key":"lariac:391405888737","source_tile":"r04-c03","source_tile_ids":["r04-c03"],"source_bld_id":"391405888737","height_m":4.036,"receiver_ids":[207571,207572],"receiver_keys":["r04-c03:expanded-facade-max4m:85112:0:1","r04-c03:expanded-facade-max4m:85112:0:2"],"receiver_count":2,"periods":{"D":{"min":62.347034,"max":64.45703,"receiver_count":2,"unavailable_count":0},"E":{"min":60.128548,"max":62.23855,"receiver_count":2,"unavailable_count":0},"N":{"min":55.357338,"max":57.467335,"receiver_count":2,"unavailable_count":0}}}},{"type":"Feature","id":"lariac:392387889144","geometry":{"type":"Polygon","coordinates":[[[-118.55986838506357,34.182217590086594],[-118.5598692413202,34.1821085488025],[-118.55976815942549,34.18210799972534],[-118.55976861495056,34.18204776361481],[-118.55956906271105,34.18204670902195],[-118.55956861311715,34.18210785205759],[-118.55960650632471,34.182108033750076],[-118.55960567637382,34.18221619500144],[-118.55986838506357,34.182217590086594]]]},"properties":{"building_pk":85541,"building_key":"lariac:392387889144","source_tile":"r04-c03","source_tile_ids":["r04-c03"],"source_bld_id":"392387889144","height_m":5.151,"receiver_ids":[208122,208123,208124,208125,208126,208127,208128,208129,208130],"receiver_keys":["r04-c03:expanded-facade-max4m:85541:0:16","r04-c03:expanded-facade-max4m:85541:0:17","r04-c03:expanded-facade-max4m:85541:0:18","r04-c03:expanded-facade-max4m:85541:0:19","r04-c03:expanded-facade-max4m:85541:0:20","r04-c03:expanded-facade-max4m:85541:0:21","r04-c03:expanded-facade-max4m:85541:0:22","r04-c03:expanded-facade-max4m:85541:0:23","r04-c03:expanded-facade-max4m:85541:0:24"],"receiver_count":9,"periods":{"D":{"min":49.47874,"max":57.22982,"receiver_count":9,"unavailable_count":0},"E":{"min":47.260254,"max":55.011333,"receiver_count":9,"unavailable_count":0},"N":{"min":42.489044,"max":50.24012,"receiver_count":9,"unavailable_count":0}}}},{"type":"Feature","id":"lariac:391503888390","geometry":{"type":"Polygon","coordinates":[[[-118.5626863704842,34.18007367023549],[-118.5626943051581,34.18007360627364],[-118.56269438301621,34.18008017276372],[-118.5628522558825,34.18007913614503],[-118.56285184380269,34.18003761741674],[-118.56269360673143,34.18003868367757],[-118.56269371753811,34.180050141796436],[-118.56268561690165,34.1800502065304],[-118.5626855060696,34.18003858342899],[-118.56256681144707,34.180039382608236],[-118.56256721710169,34.18007996826788],[-118.56255098436534,34.18008009786464],[-118.56255120063167,34.18010254802867],[-118.56257464271751,34.180102411042796],[-118.5625753055118,34.18017135359781],[-118.5625196938559,34.18017172224977],[-118.5625202957503,34.18023646028327],[-118.56258288232615,34.18023605918734],[-118.56258256913809,34.18020421177121],[-118.56261999534807,34.18020395563554],[-118.5626198282656,34.180183979081676],[-118.56268433351688,34.180183541059804],[-118.56268428872774,34.180176891473735],[-118.56271427596728,34.1801766969638],[-118.56271363268483,34.180110668111055],[-118.56268671961692,34.18011084831867],[-118.5626863704842,34.18007367023549]]]},"properties":{"building_pk":85725,"building_key":"lariac:391503888390","source_tile":"r04-c03","source_tile_ids":["r04-c03"],"source_bld_id":"391503888390","height_m":5.739,"receiver_ids":[208250,208251,208252,208253,208254,208255,208256,208257,208258,208259,208260,208261,208262,208263,208264,208265,208266,208267,208268,208269,208270,208271,208272,208273,208274],"receiver_keys":["r04-c03:expanded-facade-max4m:85725:0:1","r04-c03:expanded-facade-max4m:85725:0:11","r04-c03:expanded-facade-max4m:85725:0:12","r04-c03:expanded-facade-max4m:85725:0:13","r04-c03:expanded-facade-max4m:85725:0:15","r04-c03:expanded-facade-max4m:85725:0:16","r04-c03:expanded-facade-max4m:85725:0:17","r04-c03:expanded-facade-max4m:85725:0:18","r04-c03:expanded-facade-max4m:85725:0:19","r04-c03:expanded-facade-max4m:85725:0:2","r04-c03:expanded-facade-max4m:85725:0:20","r04-c03:expanded-facade-max4m:85725:0:24","r04-c03:expanded-facade-max4m:85725:0:25","r04-c03:expanded-facade-max4m:85725:0:26","r04-c03:expanded-facade-max4m:85725:0:27","r04-c03:expanded-facade-max4m:85725:0:28","r04-c03:expanded-facade-max4m:85725:0:29","r04-c03:expanded-facade-max4m:85725:0:3","r04-c03:expanded-facade-max4m:85725:0:30","r04-c03:expanded-facade-max4m:85725:0:4","r04-c03:expanded-facade-max4m:85725:0:5","r04-c03:expanded-facade-max4m:85725:0:6","r04-c03:expanded-facade-max4m:85725:0:7","r04-c03:expanded-facade-max4m:85725:0:8","r04-c03:expanded-facade-max4m:85725:0:9"],"receiver_count":25,"periods":{"D":{"min":52.13552,"max":68.03874,"receiver_count":25,"unavailable_count":0},"E":{"min":49.917034,"max":65.82026,"receiver_count":25,"unavailable_count":0},"N":{"min":45.14582,"max":61.04904,"receiver_count":25,"unavailable_count":0}}}},{"type":"Feature","id":"lariac:393012889392","geometry":{"type":"Polygon","coordinates":[[[-118.55771067715219,34.18283635925294],[-118.55764221030377,34.1828132347827],[-118.55761432042227,34.18287019042562],[-118.55768278730962,34.182893314911645],[-118.55771067715219,34.18283635925294]]]},"properties":{"building_pk":85816,"building_key":"lariac:393012889392","source_tile":"r04-c03","source_tile_ids":["r04-c03"],"source_bld_id":"393012889392","height_m":4.087,"receiver_ids":[208389,208390,208391,208392,208393,208394,208395],"receiver_keys":["r04-c03:expanded-facade-max4m:85816:0:1","r04-c03:expanded-facade-max4m:85816:0:2","r04-c03:expanded-facade-max4m:85816:0:3","r04-c03:expanded-facade-max4m:85816:0:4","r04-c03:expanded-facade-max4m:85816:0:5","r04-c03:expanded-facade-max4m:85816:0:6","r04-c03:expanded-facade-max4m:85816:0:7"],"receiver_count":7,"periods":{"D":{"min":58.391754,"max":59.610878,"receiver_count":7,"unavailable_count":0},"E":{"min":56.173267,"max":57.39239,"receiver_count":7,"unavailable_count":0},"N":{"min":51.402054,"max":52.621178,"receiver_count":7,"unavailable_count":0}}}},{"type":"Feature","id":"lariac:391294889595","geometry":{"type":"Polygon","coordinates":[[[-118.56351475454264,34.183455931145524],[-118.56351562635601,34.18340377181165],[-118.56350656515329,34.18340364904538],[-118.56350733947434,34.183356656017914],[-118.56350191609837,34.18335659834326],[-118.56350260052629,34.183315898517755],[-118.56338666492341,34.183314542653655],[-118.56338661209766,34.183316521790694],[-118.56327573627931,34.18331519724584],[-118.56327488611306,34.18336576254512],[-118.5632823924502,34.18336583757573],[-118.56328203381655,34.18338617359011],[-118.5632350771554,34.18338562324702],[-118.56323389342447,34.18345526047753],[-118.56340498671605,34.18345726652274],[-118.56340571957264,34.18341392855213],[-118.56341613566774,34.183414045014544],[-118.56341545137936,34.18345477188502],[-118.56351475454264,34.183455931145524]]]},"properties":{"building_pk":85860,"building_key":"lariac:391294889595","source_tile":"r04-c03","source_tile_ids":["r04-c03"],"source_bld_id":"391294889595","height_m":3.697,"receiver_ids":[208408,208409,208410,208411,208412,208413],"receiver_keys":["r04-c03:expanded-facade-max4m:85860:0:11","r04-c03:expanded-facade-max4m:85860:0:12","r04-c03:expanded-facade-max4m:85860:0:13","r04-c03:expanded-facade-max4m:85860:0:14","r04-c03:expanded-facade-max4m:85860:0:15","r04-c03:expanded-facade-max4m:85860:0:16"],"receiver_count":6,"periods":{"D":{"min":60.964657,"max":61.3627,"receiver_count":6,"unavailable_count":0},"E":{"min":58.746166,"max":59.144215,"receiver_count":6,"unavailable_count":0},"N":{"min":53.974957,"max":54.373,"receiver_count":6,"unavailable_count":0}}}},{"type":"Feature","id":"lariac:391819889032","geometry":{"type":"Polygon","coordinates":[[[-118.56161789238126,34.18186120864978],[-118.56161784072549,34.18183383979388],[-118.56158008163936,34.18183390513261],[-118.56158013309484,34.181861246041514],[-118.56161789238126,34.18186120864978]]]},"properties":{"building_pk":86021,"building_key":"lariac:391819889032","source_tile":"r04-c03","source_tile_ids":["r04-c03"],"source_bld_id":"391819889032","height_m":4.13,"receiver_ids":[208662,208663,208664],"receiver_keys":["r04-c03:expanded-facade-max4m:86021:0:1","r04-c03:expanded-facade-max4m:86021:0:2","r04-c03:expanded-facade-max4m:86021:0:4"],"receiver_count":3,"periods":{"D":{"min":57.932125,"max":62.016006,"receiver_count":3,"unavailable_count":0},"E":{"min":55.713634,"max":59.797516,"receiver_count":3,"unavailable_count":0},"N":{"min":50.942425,"max":55.026306,"receiver_count":3,"unavailable_count":0}}}},{"type":"Feature","id":"lariac:390891888313","geometry":{"type":"Polygon","coordinates":[[[-118.56468137397646,34.179867264761],[-118.56468239824575,34.17984274787462],[-118.56462674090731,34.17984113972031],[-118.56462571661564,34.1798656557047],[-118.56468137397646,34.179867264761]]]},"properties":{"building_pk":86148,"building_key":"lariac:390891888313","source_tile":"r04-c03","source_tile_ids":["r03-c03","r04-c03"],"source_bld_id":"390891888313","height_m":4.078,"receiver_ids":[208734,208736],"receiver_keys":["r04-c03:expanded-facade-max4m:86148:0:1","r04-c03:expanded-facade-max4m:86148:0:4"],"receiver_count":2,"periods":{"D":{"min":60.246593,"max":64.05728,"receiver_count":2,"unavailable_count":0},"E":{"min":58.028107,"max":61.83879,"receiver_count":2,"unavailable_count":0},"N":{"min":53.256893,"max":57.067577,"receiver_count":2,"unavailable_count":0}}}},{"type":"Feature","id":"lariac:391987889472","geometry":{"type":"Polygon","coordinates":[[[-118.56107034533184,34.18306769350178],[-118.56107056680109,34.18304656026573],[-118.56103048985594,34.18304627917087],[-118.5610302683705,34.183067411505334],[-118.56107034533184,34.18306769350178]]]},"properties":{"building_pk":86202,"building_key":"lariac:391987889472","source_tile":"r04-c03","source_tile_ids":["r04-c03"],"source_bld_id":"391987889472","height_m":3.048,"receiver_ids":[208771,208772,208773],"receiver_keys":["r04-c03:expanded-facade-max4m:86202:0:1","r04-c03:expanded-facade-max4m:86202:0:2","r04-c03:expanded-facade-max4m:86202:0:4"],"receiver_count":3,"periods":{"D":{"min":60.72839,"max":60.80497,"receiver_count":3,"unavailable_count":0},"E":{"min":58.509903,"max":58.586483,"receiver_count":3,"unavailable_count":0},"N":{"min":53.738693,"max":53.81527,"receiver_count":3,"unavailable_count":0}}}},{"type":"Feature","id":"lariac:2014121103110000","geometry":{"type":"Polygon","coordinates":[[[-118.56348714224828,34.17985782119547],[-118.56345072794544,34.17984934232584],[-118.56343531262522,34.17989506837107],[-118.56347032647868,34.179903221099934],[-118.56344029664422,34.179992299301354],[-118.5635031993224,34.180006945743685],[-118.56349753319559,34.18002377693873],[-118.56355653315197,34.18003749581607],[-118.56362395766558,34.1800531741302],[-118.56363052105624,34.18005469870848],[-118.56364891956602,34.17999999106864],[-118.56364352630813,34.179998737812475],[-118.5636614802888,34.17994535300554],[-118.56365612180046,34.17994410770176],[-118.56366657855764,34.1799130160747],[-118.56367986932055,34.17991609511448],[-118.56369636824213,34.17986716079823],[-118.56365825257328,34.17985829774861],[-118.56365634041369,34.17986396746017],[-118.56349751630907,34.17982700584128],[-118.56348714224828,34.17985782119547]]]},"properties":{"building_pk":86329,"building_key":"lariac:2014121103110000","source_tile":"r04-c03","source_tile_ids":["r03-c03","r04-c03"],"source_bld_id":"2014121103110000","height_m":7.09,"receiver_ids":[208926,208927,208928,208929,208930,208931,208932,208933,208934,208935,208936],"receiver_keys":["r04-c03:expanded-facade-max4m:86329:0:12","r04-c03:expanded-facade-max4m:86329:0:13","r04-c03:expanded-facade-max4m:86329:0:14","r04-c03:expanded-facade-max4m:86329:0:15","r04-c03:expanded-facade-max4m:86329:0:17","r04-c03:expanded-facade-max4m:86329:0:2","r04-c03:expanded-facade-max4m:86329:0:3","r04-c03:expanded-facade-max4m:86329:0:4","r04-c03:expanded-facade-max4m:86329:0:5","r04-c03:expanded-facade-max4m:86329:0:6","r04-c03:expanded-facade-max4m:86329:0:7"],"receiver_count":11,"periods":{"D":{"min":57.709396,"max":64.143394,"receiver_count":11,"unavailable_count":0},"E":{"min":55.49091,"max":61.924908,"receiver_count":11,"unavailable_count":0},"N":{"min":50.7197,"max":57.153694,"receiver_count":11,"unavailable_count":0}}}},{"type":"Feature","id":"lariac:201700286255","geometry":{"type":"Polygon","coordinates":[[[-118.56129147961614,34.18019825053458],[-118.5613657549925,34.180198231267916],[-118.56136573159901,34.18013728154331],[-118.56129135648091,34.18013730127319],[-118.56129147961614,34.18019825053458]]]},"properties":{"building_pk":86784,"building_key":"lariac:201700286255","source_tile":"r04-c03","source_tile_ids":["r04-c03"],"source_bld_id":"201700286255","height_m":4.98,"receiver_ids":[209608,209609,209610,209611,209612,209613,209614],"receiver_keys":["r04-c03:expanded-facade-max4m:86784:0:1","r04-c03:expanded-facade-max4m:86784:0:2","r04-c03:expanded-facade-max4m:86784:0:3","r04-c03:expanded-facade-max4m:86784:0:4","r04-c03:expanded-facade-max4m:86784:0:5","r04-c03:expanded-facade-max4m:86784:0:6","r04-c03:expanded-facade-max4m:86784:0:7"],"receiver_count":7,"periods":{"D":{"min":52.41293,"max":61.07614,"receiver_count":7,"unavailable_count":0},"E":{"min":50.194443,"max":58.857655,"receiver_count":7,"unavailable_count":0},"N":{"min":45.42323,"max":54.08644,"receiver_count":7,"unavailable_count":0}}}},{"type":"Feature","id":"lariac:201700286338","geometry":{"type":"Polygon","coordinates":[[[-118.56131179590741,34.181205273672894],[-118.56131246429467,34.18124937143488],[-118.56137985735825,34.18124866557305],[-118.56137914663007,34.18120456800781],[-118.56131179590741,34.181205273672894]]]},"properties":{"building_pk":86788,"building_key":"lariac:201700286338","source_tile":"r04-c03","source_tile_ids":["r04-c03"],"source_bld_id":"201700286338","height_m":3.822,"receiver_ids":[209671,209672,209673,209674,209675,209676],"receiver_keys":["r04-c03:expanded-facade-max4m:86788:0:1","r04-c03:expanded-facade-max4m:86788:0:2","r04-c03:expanded-facade-max4m:86788:0:3","r04-c03:expanded-facade-max4m:86788:0:4","r04-c03:expanded-facade-max4m:86788:0:5","r04-c03:expanded-facade-max4m:86788:0:6"],"receiver_count":6,"periods":{"D":{"min":62.458347,"max":63.245987,"receiver_count":6,"unavailable_count":0},"E":{"min":60.239857,"max":61.0275,"receiver_count":6,"unavailable_count":0},"N":{"min":55.468647,"max":56.256287,"receiver_count":6,"unavailable_count":0}}}},{"type":"Feature","id":"lariac:201700286346","geometry":{"type":"Polygon","coordinates":[[[-118.56193351805977,34.181305208762446],[-118.56193389818232,34.181359621534064],[-118.56208255057471,34.18135890374145],[-118.56208234140757,34.181329106855564],[-118.56206127225468,34.18132920837533],[-118.56206101641503,34.181292634794225],[-118.56201324392369,34.18129286490517],[-118.56201284186164,34.18123535993699],[-118.56202268598113,34.181235312390164],[-118.56202233778227,34.18118549193942],[-118.56186553596095,34.181186248419856],[-118.56186586320918,34.18123490327056],[-118.56186229654801,34.181234920741154],[-118.56186279003305,34.181305549973345],[-118.56193351805977,34.181305208762446]]]},"properties":{"building_pk":86789,"building_key":"lariac:201700286346","source_tile":"r04-c03","source_tile_ids":["r04-c03"],"source_bld_id":"201700286346","height_m":5.468,"receiver_ids":[209677,209678,209679,209680,209681,209682,209683,209684,209685,209686,209687,209688,209689],"receiver_keys":["r04-c03:expanded-facade-max4m:86789:0:1","r04-c03:expanded-facade-max4m:86789:0:10","r04-c03:expanded-facade-max4m:86789:0:12","r04-c03:expanded-facade-max4m:86789:0:17","r04-c03:expanded-facade-max4m:86789:0:18","r04-c03:expanded-facade-max4m:86789:0:2","r04-c03:expanded-facade-max4m:86789:0:20","r04-c03:expanded-facade-max4m:86789:0:21","r04-c03:expanded-facade-max4m:86789:0:3","r04-c03:expanded-facade-max4m:86789:0:4","r04-c03:expanded-facade-max4m:86789:0:5","r04-c03:expanded-facade-max4m:86789:0:6","r04-c03:expanded-facade-max4m:86789:0:8"],"receiver_count":13,"periods":{"D":{"min":51.146797,"max":70.68024,"receiver_count":13,"unavailable_count":0},"E":{"min":48.92831,"max":68.46175,"receiver_count":13,"unavailable_count":0},"N":{"min":44.157097,"max":63.690533,"receiver_count":13,"unavailable_count":0}}}},{"type":"Feature","id":"lariac:201700286623","geometry":{"type":"Polygon","coordinates":[[[-118.56384881024364,34.18429371258678],[-118.56391659985843,34.18430060620225],[-118.56392514843789,34.184243420119536],[-118.56385723294167,34.184236513572706],[-118.56384881024364,34.18429371258678]]]},"properties":{"building_pk":86804,"building_key":"lariac:201700286623","source_tile":"r04-c03","source_tile_ids":["r04-c03"],"source_bld_id":"201700286623","height_m":3.066,"receiver_ids":[209745,209746,209747],"receiver_keys":["r04-c03:expanded-facade-max4m:86804:0:5","r04-c03:expanded-facade-max4m:86804:0:6","r04-c03:expanded-facade-max4m:86804:0:7"],"receiver_count":3,"periods":{"D":{"min":59.359364,"max":60.144764,"receiver_count":3,"unavailable_count":0},"E":{"min":57.140877,"max":57.926277,"receiver_count":3,"unavailable_count":0},"N":{"min":52.369663,"max":53.155064,"receiver_count":3,"unavailable_count":0}}}},{"type":"Feature","id":"lariac:201700286626","geometry":{"type":"Polygon","coordinates":[[[-118.56394046040398,34.18430266316948],[-118.56404989287313,34.1843135132547],[-118.56406976079923,34.18417492887897],[-118.56396032752168,34.18416409324108],[-118.56394046040398,34.18430266316948]]]},"properties":{"building_pk":86805,"building_key":"lariac:201700286626","source_tile":"r04-c03","source_tile_ids":["r04-c03"],"source_bld_id":"201700286626","height_m":3.511,"receiver_ids":[209748,209749,209750,209751,209752,209753,209754,209755,209756,209757],"receiver_keys":["r04-c03:expanded-facade-max4m:86805:0:1","r04-c03:expanded-facade-max4m:86805:0:10","r04-c03:expanded-facade-max4m:86805:0:11","r04-c03:expanded-facade-max4m:86805:0:2","r04-c03:expanded-facade-max4m:86805:0:3","r04-c03:expanded-facade-max4m:86805:0:4","r04-c03:expanded-facade-max4m:86805:0:5","r04-c03:expanded-facade-max4m:86805:0:6","r04-c03:expanded-facade-max4m:86805:0:7","r04-c03:expanded-facade-max4m:86805:0:8"],"receiver_count":10,"periods":{"D":{"min":53.954514,"max":59.87436,"receiver_count":10,"unavailable_count":0},"E":{"min":51.736027,"max":57.655872,"receiver_count":10,"unavailable_count":0},"N":{"min":46.964813,"max":52.88466,"receiver_count":10,"unavailable_count":0}}}},{"type":"Feature","id":"lariac:201700286683","geometry":{"type":"Polygon","coordinates":[[[-118.56625366730853,34.18470698466543],[-118.566374195588,34.184707331797796],[-118.56637422980265,34.184694298001226],[-118.56642304167924,34.18469443815519],[-118.56642342716162,34.18460201987138],[-118.56643234355435,34.18460204482951],[-118.56643248440773,34.18456826237637],[-118.56625478574061,34.184567750226904],[-118.5662547787819,34.18456944426257],[-118.56621337325258,34.18456932436413],[-118.56621320339667,34.184610044341234],[-118.56615325664553,34.18460987147841],[-118.56615300762431,34.18466948730764],[-118.5662243952755,34.18466969316026],[-118.56622432746433,34.18468577613917],[-118.5662537551866,34.18468586105439],[-118.56625366730853,34.18470698466543]],[[-118.56625670815629,34.184637699316674],[-118.56623118067381,34.18463797208778],[-118.56623075317093,34.18461027321712],[-118.56625627961506,34.184610008564825],[-118.56625670815629,34.184637699316674]]]},"properties":{"building_pk":86807,"building_key":"lariac:201700286683","source_tile":"r04-c03","source_tile_ids":["r04-c03"],"source_bld_id":"201700286683","height_m":5.166,"receiver_ids":[209964,209965,209966,209967,209968,209969,209970,209971,209972,209973,209974,209975],"receiver_keys":["r04-c03:expanded-facade-max4m:86807:0:1","r04-c03:expanded-facade-max4m:86807:0:14","r04-c03:expanded-facade-max4m:86807:0:16","r04-c03:expanded-facade-max4m:86807:0:17","r04-c03:expanded-facade-max4m:86807:0:18","r04-c03:expanded-facade-max4m:86807:0:19","r04-c03:expanded-facade-max4m:86807:0:4","r04-c03:expanded-facade-max4m:86807:0:5","r04-c03:expanded-facade-max4m:86807:0:6","r04-c03:expanded-facade-max4m:86807:0:7","r04-c03:expanded-facade-max4m:86807:0:8","r04-c03:expanded-facade-max4m:86807:0:9"],"receiver_count":12,"periods":{"D":{"min":49.86858,"max":58.477753,"receiver_count":12,"unavailable_count":0},"E":{"min":47.650093,"max":56.259266,"receiver_count":12,"unavailable_count":0},"N":{"min":42.87888,"max":51.488056,"receiver_count":12,"unavailable_count":0}}}},{"type":"Feature","id":"lariac:390020888484","geometry":{"type":"Polygon","coordinates":[[[-118.56755892456411,34.180301183632395],[-118.56752785154173,34.18029245373305],[-118.56751390044496,34.18032681306852],[-118.56754497347868,34.18033554297148],[-118.56755892456411,34.180301183632395]]]},"properties":{"building_pk":91311,"building_key":"lariac:390020888484","source_tile":"r04-c03","source_tile_ids":["r04-c03"],"source_bld_id":"390020888484","height_m":4.261,"receiver_ids":[211579,211580,211581,211582],"receiver_keys":["r04-c03:expanded-facade-max4m:91311:0:1","r04-c03:expanded-facade-max4m:91311:0:2","r04-c03:expanded-facade-max4m:91311:0:3","r04-c03:expanded-facade-max4m:91311:0:4"],"receiver_count":4,"periods":{"D":{"min":62.269707,"max":64.22491,"receiver_count":4,"unavailable_count":0},"E":{"min":60.05122,"max":62.00642,"receiver_count":4,"unavailable_count":0},"N":{"min":55.280006,"max":57.23521,"receiver_count":4,"unavailable_count":0}}}},{"type":"Feature","id":"lariac:390735888349","geometry":{"type":"Polygon","coordinates":[[[-118.56516426041175,34.18000746055497],[-118.56515076709415,34.180036184621585],[-118.565186918536,34.18004794132473],[-118.56517795529093,34.18006705449161],[-118.56514972272475,34.1800578707555],[-118.565151091666,34.180054978513446],[-118.56507915184264,34.1800315733672],[-118.56505343356837,34.18008618470285],[-118.56512398289254,34.18010912936157],[-118.56512186323961,34.18011361814085],[-118.56519519586101,34.180137484655226],[-118.56522143451802,34.180081716879585],[-118.56521802190825,34.18008060679826],[-118.565225616951,34.180064495856314],[-118.56523164737226,34.18006644566314],[-118.56524259962092,34.180043257228945],[-118.56527010374697,34.180052197324684],[-118.56530709935345,34.179973571068984],[-118.56527830252728,34.17996419797135],[-118.5652917316386,34.179935612126684],[-118.56505619584868,34.17985900141122],[-118.56500990946502,34.17995726336656],[-118.56516426041175,34.18000746055497]]]},"properties":{"building_pk":91327,"building_key":"lariac:390735888349","source_tile":"r04-c03","source_tile_ids":["r04-c03"],"source_bld_id":"390735888349","height_m":6.94,"receiver_ids":[211642,211643,211644,211645,211646,211647,211648,211649,211650,211651,211652,211653,211654,211655,211656,211657,211658,211659,211660,211661,211662,211663,211664,211665,211666],"receiver_keys":["r04-c03:expanded-facade-max4m:91327:0:1","r04-c03:expanded-facade-max4m:91327:0:10","r04-c03:expanded-facade-max4m:91327:0:11","r04-c03:expanded-facade-max4m:91327:0:12","r04-c03:expanded-facade-max4m:91327:0:13","r04-c03:expanded-facade-max4m:91327:0:15","r04-c03:expanded-facade-max4m:91327:0:16","r04-c03:expanded-facade-max4m:91327:0:17","r04-c03:expanded-facade-max4m:91327:0:19","r04-c03:expanded-facade-max4m:91327:0:20","r04-c03:expanded-facade-max4m:91327:0:21","r04-c03:expanded-facade-max4m:91327:0:22","r04-c03:expanded-facade-max4m:91327:0:23","r04-c03:expanded-facade-max4m:91327:0:24","r04-c03:expanded-facade-max4m:91327:0:25","r04-c03:expanded-facade-max4m:91327:0:26","r04-c03:expanded-facade-max4m:91327:0:27","r04-c03:expanded-facade-max4m:91327:0:28","r04-c03:expanded-facade-max4m:91327:0:29","r04-c03:expanded-facade-max4m:91327:0:30","r04-c03:expanded-facade-max4m:91327:0:31","r04-c03:expanded-facade-max4m:91327:0:5","r04-c03:expanded-facade-max4m:91327:0:6","r04-c03:expanded-facade-max4m:91327:0:7","r04-c03:expanded-facade-max4m:91327:0:8"],"receiver_count":25,"periods":{"D":{"min":48.948902,"max":64.41184,"receiver_count":25,"unavailable_count":0},"E":{"min":46.73041,"max":62.193356,"receiver_count":25,"unavailable_count":0},"N":{"min":41.9592,"max":57.422142,"receiver_count":25,"unavailable_count":0}}}},{"type":"Feature","id":"lariac:391517889743","geometry":{"type":"Polygon","coordinates":[[[-118.5626855604989,34.183865795969915],[-118.56268557357775,34.18386274508143],[-118.56271976394355,34.18386291598219],[-118.56272048665201,34.18376406994946],[-118.56267842673935,34.1837638536189],[-118.56267891155146,34.183698451498756],[-118.56256241869139,34.18369786645232],[-118.56256116399203,34.18386513770172],[-118.5626855604989,34.183865795969915]]]},"properties":{"building_pk":91351,"building_key":"lariac:391517889743","source_tile":"r04-c03","source_tile_ids":["r04-c03"],"source_bld_id":"391517889743","height_m":4.176,"receiver_ids":[211738,211739,211740,211741,211742,211743,211744,211745,211746,211747,211748,211749,211750,211751,211752,211753],"receiver_keys":["r04-c03:expanded-facade-max4m:91351:0:1","r04-c03:expanded-facade-max4m:91351:0:10","r04-c03:expanded-facade-max4m:91351:0:11","r04-c03:expanded-facade-max4m:91351:0:12","r04-c03:expanded-facade-max4m:91351:0:13","r04-c03:expanded-facade-max4m:91351:0:14","r04-c03:expanded-facade-max4m:91351:0:15","r04-c03:expanded-facade-max4m:91351:0:16","r04-c03:expanded-facade-max4m:91351:0:17","r04-c03:expanded-facade-max4m:91351:0:2","r04-c03:expanded-facade-max4m:91351:0:3","r04-c03:expanded-facade-max4m:91351:0:4","r04-c03:expanded-facade-max4m:91351:0:6","r04-c03:expanded-facade-max4m:91351:0:7","r04-c03:expanded-facade-max4m:91351:0:8","r04-c03:expanded-facade-max4m:91351:0:9"],"receiver_count":16,"periods":{"D":{"min":60.74085,"max":66.99031,"receiver_count":16,"unavailable_count":0},"E":{"min":58.52236,"max":64.77182,"receiver_count":16,"unavailable_count":0},"N":{"min":53.75115,"max":60.00061,"receiver_count":16,"unavailable_count":0}}}},{"type":"Feature","id":"lariac:391314889006","geometry":{"type":"Polygon","coordinates":[[[-118.56323473662239,34.18176078318044],[-118.56324351845156,34.181788358406045],[-118.56330746965938,34.18177426603643],[-118.56329865436543,34.18174671801756],[-118.56323473662239,34.18176078318044]]]},"properties":{"building_pk":91386,"building_key":"lariac:391314889006","source_tile":"r04-c03","source_tile_ids":["r04-c03"],"source_bld_id":"391314889006","height_m":4.66,"receiver_ids":[211758,211759,211760,211761],"receiver_keys":["r04-c03:expanded-facade-max4m:91386:0:1","r04-c03:expanded-facade-max4m:91386:0:2","r04-c03:expanded-facade-max4m:91386:0:4","r04-c03:expanded-facade-max4m:91386:0:5"],"receiver_count":4,"periods":{"D":{"min":51.099842,"max":56.625076,"receiver_count":4,"unavailable_count":0},"E":{"min":48.881355,"max":54.40659,"receiver_count":4,"unavailable_count":0},"N":{"min":44.11014,"max":49.635376,"receiver_count":4,"unavailable_count":0}}}},{"type":"Feature","id":"lariac:391928890016","geometry":{"type":"Polygon","coordinates":[[[-118.56129252716116,34.18458106488572],[-118.56129274574143,34.18452011583924],[-118.561220628278,34.18451992759223],[-118.56122040946948,34.18458085049458],[-118.56129252716116,34.18458106488572]]]},"properties":{"building_pk":91619,"building_key":"lariac:391928890016","source_tile":"r04-c03","source_tile_ids":["r04-c03"],"source_bld_id":"391928890016","height_m":5.38,"receiver_ids":[211974,211975,211976,211977,211978],"receiver_keys":["r04-c03:expanded-facade-max4m:91619:0:3","r04-c03:expanded-facade-max4m:91619:0:4","r04-c03:expanded-facade-max4m:91619:0:5","r04-c03:expanded-facade-max4m:91619:0:6","r04-c03:expanded-facade-max4m:91619:0:7"],"receiver_count":5,"periods":{"D":{"min":48.406845,"max":58.1954,"receiver_count":5,"unavailable_count":0},"E":{"min":46.18836,"max":55.976913,"receiver_count":5,"unavailable_count":0},"N":{"min":41.41715,"max":51.2057,"receiver_count":5,"unavailable_count":0}}}},{"type":"Feature","id":"lariac:392141889535","geometry":{"type":"Polygon","coordinates":[[[-118.56052288761857,34.18325030188224],[-118.56056798509944,34.18324976381315],[-118.56056733434164,34.1832119551423],[-118.56052223778448,34.18321246616058],[-118.56052288761857,34.18325030188224]]]},"properties":{"building_pk":91740,"building_key":"lariac:392141889535","source_tile":"r04-c03","source_tile_ids":["r04-c03"],"source_bld_id":"392141889535","height_m":2.865,"receiver_ids":[212070,212071,212072,212073,212074],"receiver_keys":["r04-c03:expanded-facade-max4m:91740:0:1","r04-c03:expanded-facade-max4m:91740:0:2","r04-c03:expanded-facade-max4m:91740:0:3","r04-c03:expanded-facade-max4m:91740:0:4","r04-c03:expanded-facade-max4m:91740:0:5"],"receiver_count":5,"periods":{"D":{"min":57.468918,"max":60.934837,"receiver_count":5,"unavailable_count":0},"E":{"min":55.250427,"max":58.71635,"receiver_count":5,"unavailable_count":0},"N":{"min":50.479218,"max":53.945137,"receiver_count":5,"unavailable_count":0}}}},{"type":"Feature","id":"lariac:390405890195","geometry":{"type":"Polygon","coordinates":[[[-118.56638402325436,34.18507487272938],[-118.56640302142496,34.18498487177861],[-118.56626592773536,34.18496490437187],[-118.56626730486609,34.18495841311122],[-118.56623275021198,34.184953381081186],[-118.56624140002869,34.18491231397825],[-118.56616146630857,34.18490065253756],[-118.56615002948084,34.184954840242845],[-118.56621215534709,34.184963892141255],[-118.56619456770274,34.18504723576068],[-118.56638402325436,34.18507487272938]]]},"properties":{"building_pk":92072,"building_key":"lariac:390405890195","source_tile":"r04-c03","source_tile_ids":["r04-c03"],"source_bld_id":"390405890195","height_m":4.74,"receiver_ids":[212350,212351,212352,212353,212354,212355,212356,212357,212358,212359,212360,212361,212362,212363,212364,212365,212366,212367,212368,212369],"receiver_keys":["r04-c03:expanded-facade-max4m:92072:0:1","r04-c03:expanded-facade-max4m:92072:0:10","r04-c03:expanded-facade-max4m:92072:0:11","r04-c03:expanded-facade-max4m:92072:0:12","r04-c03:expanded-facade-max4m:92072:0:13","r04-c03:expanded-facade-max4m:92072:0:14","r04-c03:expanded-facade-max4m:92072:0:15","r04-c03:expanded-facade-max4m:92072:0:16","r04-c03:expanded-facade-max4m:92072:0:17","r04-c03:expanded-facade-max4m:92072:0:18","r04-c03:expanded-facade-max4m:92072:0:19","r04-c03:expanded-facade-max4m:92072:0:2","r04-c03:expanded-facade-max4m:92072:0:20","r04-c03:expanded-facade-max4m:92072:0:3","r04-c03:expanded-facade-max4m:92072:0:4","r04-c03:expanded-facade-max4m:92072:0:5","r04-c03:expanded-facade-max4m:92072:0:6","r04-c03:expanded-facade-max4m:92072:0:7","r04-c03:expanded-facade-max4m:92072:0:8","r04-c03:expanded-facade-max4m:92072:0:9"],"receiver_count":20,"periods":{"D":{"min":50.097416,"max":58.81414,"receiver_count":20,"unavailable_count":0},"E":{"min":47.878925,"max":56.595654,"receiver_count":20,"unavailable_count":0},"N":{"min":43.107716,"max":51.82444,"receiver_count":20,"unavailable_count":0}}}},{"type":"Feature","id":"lariac:392395889738","geometry":{"type":"Polygon","coordinates":[[[-118.55977818220629,34.183722215957665],[-118.55977406993266,34.18370558255807],[-118.55975871221356,34.1837081815657],[-118.55976282448431,34.18372481496588],[-118.55970479192192,34.183734665144904],[-118.55968762033027,34.18373758086554],[-118.55966505897594,34.18374141134803],[-118.55964282811063,34.18374518530286],[-118.55963236499954,34.18374696197674],[-118.55963369107744,34.1837523696168],[-118.55959960579396,34.18375816017413],[-118.5595974644672,34.18374943140886],[-118.55957384987754,34.183753443450065],[-118.55957490334691,34.183757670426914],[-118.55956205539725,34.183759872838564],[-118.559578201405,34.18382555590691],[-118.55959058671004,34.18382343767467],[-118.55960846707548,34.18389684796833],[-118.55960859928666,34.183896827522595],[-118.55967606105607,34.18388711226475],[-118.55966885062698,34.183857699377114],[-118.55968259377126,34.183855365694065],[-118.55974942509086,34.18384401250105],[-118.55977777605686,34.18383919596438],[-118.55977741584176,34.18383773081831],[-118.55976625338239,34.18379245281265],[-118.55977021712614,34.183791777242135],[-118.55980707631622,34.183785504093215],[-118.55979099778223,34.183720040719216],[-118.55977818220629,34.183722215957665]]]},"properties":{"building_pk":92189,"building_key":"lariac:392395889738","source_tile":"r04-c03","source_tile_ids":["r04-c03"],"source_bld_id":"392395889738","height_m":8.47,"receiver_ids":[212523,212524,212525,212526,212527,212528,212529,212530,212531,212532,212533,212534,212535,212536,212537,212538],"receiver_keys":["r04-c03:expanded-facade-max4m:92189:0:1","r04-c03:expanded-facade-max4m:92189:0:10","r04-c03:expanded-facade-max4m:92189:0:11","r04-c03:expanded-facade-max4m:92189:0:13","r04-c03:expanded-facade-max4m:92189:0:15","r04-c03:expanded-facade-max4m:92189:0:16","r04-c03:expanded-facade-max4m:92189:0:18","r04-c03:expanded-facade-max4m:92189:0:19","r04-c03:expanded-facade-max4m:92189:0:20","r04-c03:expanded-facade-max4m:92189:0:21","r04-c03:expanded-facade-max4m:92189:0:3","r04-c03:expanded-facade-max4m:92189:0:4","r04-c03:expanded-facade-max4m:92189:0:5","r04-c03:expanded-facade-max4m:92189:0:6","r04-c03:expanded-facade-max4m:92189:0:8","r04-c03:expanded-facade-max4m:92189:0:9"],"receiver_count":16,"periods":{"D":{"min":45.258514,"max":59.69341,"receiver_count":16,"unavailable_count":0},"E":{"min":43.040024,"max":57.474922,"receiver_count":16,"unavailable_count":0},"N":{"min":38.268814,"max":52.70371,"receiver_count":16,"unavailable_count":0}}}},{"type":"Feature","id":"lariac:390551888422","geometry":{"type":"Polygon","coordinates":[[[-118.56572349962353,34.1803144816109],[-118.56572598880541,34.18031106212782],[-118.56575787263746,34.180327098422936],[-118.56578561947875,34.18028904694059],[-118.5657525088801,34.18027238530992],[-118.56575303339163,34.1802716679312],[-118.56571458047839,34.18025231041739],[-118.56574354026306,34.180212522304934],[-118.56573746874403,34.180209472830924],[-118.5657422851729,34.180202910494295],[-118.56576496837717,34.180198352558875],[-118.56578088479233,34.18020501084094],[-118.56578562558661,34.180197211936736],[-118.56581248376204,34.180208462886505],[-118.5658186962498,34.180198211204555],[-118.56586670984629,34.18021829387355],[-118.56590800726721,34.18015008990005],[-118.56585352848823,34.18012728958662],[-118.56584921279071,34.18013442657383],[-118.565750866184,34.18009325601195],[-118.56572755243609,34.18013172580289],[-118.56571916292977,34.180128220170175],[-118.56571000793389,34.18014334944524],[-118.56571836381441,34.180146855235925],[-118.56571571518002,34.18015123651162],[-118.56572181588447,34.18015379090209],[-118.56568542303437,34.180213893127544],[-118.56563614963873,34.18019326723768],[-118.56560201224521,34.18024956699134],[-118.56564730614944,34.180268507586916],[-118.56564050480944,34.180279751008634],[-118.56572349962353,34.1803144816109]]]},"properties":{"building_pk":92398,"building_key":"lariac:390551888422","source_tile":"r04-c03","source_tile_ids":["r04-c03"],"source_bld_id":"390551888422","height_m":5.931,"receiver_ids":[212716,212717,212718,212719,212720,212721,212722,212723,212724,212725,212726,212727,212728,212729,212730,212731,212732,212733,212734,212735,212736,212737,212738,212739,212740,212741],"receiver_keys":["r04-c03:expanded-facade-max4m:92398:0:1","r04-c03:expanded-facade-max4m:92398:0:10","r04-c03:expanded-facade-max4m:92398:0:11","r04-c03:expanded-facade-max4m:92398:0:12","r04-c03:expanded-facade-max4m:92398:0:13","r04-c03:expanded-facade-max4m:92398:0:14","r04-c03:expanded-facade-max4m:92398:0:15","r04-c03:expanded-facade-max4m:92398:0:16","r04-c03:expanded-facade-max4m:92398:0:17","r04-c03:expanded-facade-max4m:92398:0:18","r04-c03:expanded-facade-max4m:92398:0:19","r04-c03:expanded-facade-max4m:92398:0:2","r04-c03:expanded-facade-max4m:92398:0:20","r04-c03:expanded-facade-max4m:92398:0:21","r04-c03:expanded-facade-max4m:92398:0:22","r04-c03:expanded-facade-max4m:92398:0:23","r04-c03:expanded-facade-max4m:92398:0:24","r04-c03:expanded-facade-max4m:92398:0:26","r04-c03:expanded-facade-max4m:92398:0:27","r04-c03:expanded-facade-max4m:92398:0:3","r04-c03:expanded-facade-max4m:92398:0:4","r04-c03:expanded-facade-max4m:92398:0:5","r04-c03:expanded-facade-max4m:92398:0:6","r04-c03:expanded-facade-max4m:92398:0:7","r04-c03:expanded-facade-max4m:92398:0:8","r04-c03:expanded-facade-max4m:92398:0:9"],"receiver_count":26,"periods":{"D":{"min":51.04605,"max":64.9215,"receiver_count":26,"unavailable_count":0},"E":{"min":48.82756,"max":62.703014,"receiver_count":26,"unavailable_count":0},"N":{"min":44.05635,"max":57.931805,"receiver_count":26,"unavailable_count":0}}}},{"type":"Feature","id":"lariac:391904890012","geometry":{"type":"Polygon","coordinates":[[[-118.56137253011484,34.18451471674648],[-118.5613646271924,34.1845147254781],[-118.56136467123171,34.18450400590642],[-118.56133975093238,34.184504226143794],[-118.56133971327141,34.18451250520414],[-118.56129904318341,34.18451252896525],[-118.56129912870789,34.18456949357571],[-118.56137263289942,34.18456939946721],[-118.56137253011484,34.18451471674648]]]},"properties":{"building_pk":92630,"building_key":"lariac:391904890012","source_tile":"r04-c03","source_tile_ids":["r04-c03"],"source_bld_id":"391904890012","height_m":5.648,"receiver_ids":[212916,212917,212918,212919,212920,212921],"receiver_keys":["r04-c03:expanded-facade-max4m:92630:0:1","r04-c03:expanded-facade-max4m:92630:0:2","r04-c03:expanded-facade-max4m:92630:0:5","r04-c03:expanded-facade-max4m:92630:0:6","r04-c03:expanded-facade-max4m:92630:0:7","r04-c03:expanded-facade-max4m:92630:0:8"],"receiver_count":6,"periods":{"D":{"min":48.15374,"max":57.09632,"receiver_count":6,"unavailable_count":0},"E":{"min":45.93525,"max":54.877834,"receiver_count":6,"unavailable_count":0},"N":{"min":41.16404,"max":50.10662,"receiver_count":6,"unavailable_count":0}}}},{"type":"Feature","id":"lariac:391741888900","geometry":{"type":"Polygon","coordinates":[[[-118.56192881208852,34.181568210334824],[-118.56192923480162,34.181508166390635],[-118.56194398190726,34.18150823581015],[-118.56194424177855,34.18147317082194],[-118.56197062796382,34.18147329614872],[-118.56197105249002,34.18141352626553],[-118.5618965566507,34.18141318540375],[-118.56189651525153,34.181416868406465],[-118.56174798440102,34.18141615645693],[-118.56174695067804,34.181567324169926],[-118.56192881208852,34.181568210334824]]]},"properties":{"building_pk":92687,"building_key":"lariac:391741888900","source_tile":"r04-c03","source_tile_ids":["r04-c03"],"source_bld_id":"391741888900","height_m":6.504,"receiver_ids":[212959,212960,212961,212962,212963,212964,212965,212966,212967,212968,212969,212970,212971,212972,212973,212974,212975,212976],"receiver_keys":["r04-c03:expanded-facade-max4m:92687:0:1","r04-c03:expanded-facade-max4m:92687:0:10","r04-c03:expanded-facade-max4m:92687:0:11","r04-c03:expanded-facade-max4m:92687:0:12","r04-c03:expanded-facade-max4m:92687:0:13","r04-c03:expanded-facade-max4m:92687:0:14","r04-c03:expanded-facade-max4m:92687:0:15","r04-c03:expanded-facade-max4m:92687:0:16","r04-c03:expanded-facade-max4m:92687:0:17","r04-c03:expanded-facade-max4m:92687:0:18","r04-c03:expanded-facade-max4m:92687:0:19","r04-c03:expanded-facade-max4m:92687:0:3","r04-c03:expanded-facade-max4m:92687:0:4","r04-c03:expanded-facade-max4m:92687:0:5","r04-c03:expanded-facade-max4m:92687:0:6","r04-c03:expanded-facade-max4m:92687:0:7","r04-c03:expanded-facade-max4m:92687:0:8","r04-c03:expanded-facade-max4m:92687:0:9"],"receiver_count":18,"periods":{"D":{"min":57.270065,"max":66.40295,"receiver_count":18,"unavailable_count":0},"E":{"min":55.05158,"max":64.18446,"receiver_count":18,"unavailable_count":0},"N":{"min":50.280365,"max":59.41325,"receiver_count":18,"unavailable_count":0}}}},{"type":"Feature","id":"lariac:392952889474","geometry":{"type":"Polygon","coordinates":[[[-118.55796115741258,34.182996726533155],[-118.55788820240949,34.18297488687127],[-118.55788572824035,34.18298061407616],[-118.5578616418817,34.182973415449766],[-118.55782460653153,34.18298804072813],[-118.55781645448548,34.18300514276121],[-118.55779630773205,34.18299853088878],[-118.55777276476674,34.18304801886158],[-118.55774247664539,34.1830380738571],[-118.55772023927315,34.183084890833136],[-118.55781219647972,34.1831151066617],[-118.55780492489828,34.18313036367928],[-118.55788508500868,34.18315670312454],[-118.55796115741258,34.182996726533155]]]},"properties":{"building_pk":92693,"building_key":"lariac:392952889474","source_tile":"r04-c03","source_tile_ids":["r04-c03"],"source_bld_id":"392952889474","height_m":5.77,"receiver_ids":[212977,212978,212979,212980,212981,212982,212983,212984,212985,212986,212987,212988],"receiver_keys":["r04-c03:expanded-facade-max4m:92693:0:1","r04-c03:expanded-facade-max4m:92693:0:10","r04-c03:expanded-facade-max4m:92693:0:12","r04-c03:expanded-facade-max4m:92693:0:13","r04-c03:expanded-facade-max4m:92693:0:18","r04-c03:expanded-facade-max4m:92693:0:2","r04-c03:expanded-facade-max4m:92693:0:3","r04-c03:expanded-facade-max4m:92693:0:4","r04-c03:expanded-facade-max4m:92693:0:5","r04-c03:expanded-facade-max4m:92693:0:6","r04-c03:expanded-facade-max4m:92693:0:7","r04-c03:expanded-facade-max4m:92693:0:9"],"receiver_count":12,"periods":{"D":{"min":48.49916,"max":59.42625,"receiver_count":12,"unavailable_count":0},"E":{"min":46.280674,"max":57.207764,"receiver_count":12,"unavailable_count":0},"N":{"min":41.50946,"max":52.43655,"receiver_count":12,"unavailable_count":0}}}},{"type":"Feature","id":"lariac:392350889836","geometry":{"type":"Polygon","coordinates":[[[-118.55988554229705,34.18410159029445],[-118.5599113168076,34.184044808897305],[-118.55984259435307,34.18402328077932],[-118.55981682088724,34.18408006215679],[-118.55988554229705,34.18410159029445]]]},"properties":{"building_pk":92721,"building_key":"lariac:392350889836","source_tile":"r04-c03","source_tile_ids":["r04-c03"],"source_bld_id":"392350889836","height_m":4.715,"receiver_ids":[213034,213035,213036,213037,213038,213039,213040],"receiver_keys":["r04-c03:expanded-facade-max4m:92721:0:1","r04-c03:expanded-facade-max4m:92721:0:2","r04-c03:expanded-facade-max4m:92721:0:3","r04-c03:expanded-facade-max4m:92721:0:4","r04-c03:expanded-facade-max4m:92721:0:5","r04-c03:expanded-facade-max4m:92721:0:6","r04-c03:expanded-facade-max4m:92721:0:7"],"receiver_count":7,"periods":{"D":{"min":48.62285,"max":55.396873,"receiver_count":7,"unavailable_count":0},"E":{"min":46.404358,"max":53.178387,"receiver_count":7,"unavailable_count":0},"N":{"min":41.63315,"max":48.407173,"receiver_count":7,"unavailable_count":0}}}},{"type":"Feature","id":"lariac:392756889577","geometry":{"type":"Polygon","coordinates":[[[-118.55864335596782,34.18338246148864],[-118.55860769736141,34.18337034353899],[-118.55864951807132,34.18328534929294],[-118.55858621975247,34.183263851308],[-118.5585746717093,34.18328734389856],[-118.55850749607997,34.183264516871105],[-118.55848224711526,34.18331579972282],[-118.55848582647441,34.18331701921291],[-118.55845845628997,34.18337262664671],[-118.55845441261852,34.18337124341545],[-118.55844668123933,34.18338699754305],[-118.558523368479,34.18341305058469],[-118.55852721862964,34.18340528402947],[-118.55861709571371,34.183435809970675],[-118.55864335596782,34.18338246148864]]]},"properties":{"building_pk":92722,"building_key":"lariac:392756889577","source_tile":"r04-c03","source_tile_ids":["r04-c03"],"source_bld_id":"392756889577","height_m":5.111,"receiver_ids":[213041,213042,213043,213044,213045,213046,213047,213048,213049,213050,213051,213052,213053],"receiver_keys":["r04-c03:expanded-facade-max4m:92722:0:1","r04-c03:expanded-facade-max4m:92722:0:13","r04-c03:expanded-facade-max4m:92722:0:14","r04-c03:expanded-facade-max4m:92722:0:15","r04-c03:expanded-facade-max4m:92722:0:16","r04-c03:expanded-facade-max4m:92722:0:17","r04-c03:expanded-facade-max4m:92722:0:2","r04-c03:expanded-facade-max4m:92722:0:3","r04-c03:expanded-facade-max4m:92722:0:4","r04-c03:expanded-facade-max4m:92722:0:5","r04-c03:expanded-facade-max4m:92722:0:6","r04-c03:expanded-facade-max4m:92722:0:7","r04-c03:expanded-facade-max4m:92722:0:8"],"receiver_count":13,"periods":{"D":{"min":50.46947,"max":59.658447,"receiver_count":13,"unavailable_count":0},"E":{"min":48.250984,"max":57.43996,"receiver_count":13,"unavailable_count":0},"N":{"min":43.479774,"max":52.668747,"receiver_count":13,"unavailable_count":0}}}},{"type":"Feature","id":"lariac:389978888554","geometry":{"type":"Polygon","coordinates":[[[-118.56765051734786,34.180511243816206],[-118.56769101525867,34.18052495826503],[-118.56770611457235,34.18049419338867],[-118.56766561648405,34.18048045099792],[-118.56765051734786,34.180511243816206]]]},"properties":{"building_pk":92745,"building_key":"lariac:389978888554","source_tile":"r04-c03","source_tile_ids":["r04-c03"],"source_bld_id":"389978888554","height_m":3.52,"receiver_ids":[213078,213079,213080,213081],"receiver_keys":["r04-c03:expanded-facade-max4m:92745:0:1","r04-c03:expanded-facade-max4m:92745:0:2","r04-c03:expanded-facade-max4m:92745:0:3","r04-c03:expanded-facade-max4m:92745:0:4"],"receiver_count":4,"periods":{"D":{"min":63.640526,"max":64.05658,"receiver_count":4,"unavailable_count":0},"E":{"min":61.42204,"max":61.838093,"receiver_count":4,"unavailable_count":0},"N":{"min":56.650826,"max":57.066883,"receiver_count":4,"unavailable_count":0}}}},{"type":"Feature","id":"lariac:390297888324","geometry":{"type":"Polygon","coordinates":[[[-118.56651427224644,34.179712525750965],[-118.56648985466406,34.17979722667904],[-118.56651359323088,34.179801951375815],[-118.56649550238427,34.1798646339877],[-118.56654609180018,34.179874728726546],[-118.56653161983681,34.1799249467602],[-118.56655403428482,34.17992940268042],[-118.56654812373375,34.1799499296976],[-118.56664109252394,34.17996842751113],[-118.56667578606196,34.17984807098429],[-118.56669482359294,34.179851884572635],[-118.5667119770078,34.17979239418587],[-118.5666961517073,34.17978925252644],[-118.56669750848171,34.17978457526453],[-118.56663986641843,34.1797731117293],[-118.56663896239014,34.17977624883365],[-118.56660843581565,34.17977015406001],[-118.56661089083775,34.179761705900525],[-118.56653788707565,34.1797471543682],[-118.56654585928553,34.17971951983036],[-118.56655526659691,34.17968692097347],[-118.566523482266,34.17968058504704],[-118.56651427224644,34.179712525750965]]]},"properties":{"building_pk":92808,"building_key":"lariac:390297888324","source_tile":"r04-c03","source_tile_ids":["r03-c03","r04-c03"],"source_bld_id":"390297888324","height_m":8.348,"receiver_ids":[213162,213163,213164,213165,213166,213167,213168,213169,213170,213171,213172,213173,213174],"receiver_keys":["r04-c03:expanded-facade-max4m:92808:0:10","r04-c03:expanded-facade-max4m:92808:0:11","r04-c03:expanded-facade-max4m:92808:0:12","r04-c03:expanded-facade-max4m:92808:0:13","r04-c03:expanded-facade-max4m:92808:0:14","r04-c03:expanded-facade-max4m:92808:0:16","r04-c03:expanded-facade-max4m:92808:0:3","r04-c03:expanded-facade-max4m:92808:0:4","r04-c03:expanded-facade-max4m:92808:0:5","r04-c03:expanded-facade-max4m:92808:0:6","r04-c03:expanded-facade-max4m:92808:0:7","r04-c03:expanded-facade-max4m:92808:0:8","r04-c03:expanded-facade-max4m:92808:0:9"],"receiver_count":13,"periods":{"D":{"min":56.681362,"max":66.17871,"receiver_count":13,"unavailable_count":0},"E":{"min":54.46287,"max":63.960228,"receiver_count":13,"unavailable_count":0},"N":{"min":49.69166,"max":59.189014,"receiver_count":13,"unavailable_count":0}}}},{"type":"Feature","id":"lariac:390562890401","geometry":{"type":"Polygon","coordinates":[[[-118.56580138354519,34.18561880161723],[-118.56582106030852,34.18558018384834],[-118.56576385257976,34.185560061210055],[-118.56574417470992,34.185598678974685],[-118.56580138354519,34.18561880161723]]]},"properties":{"building_pk":92925,"building_key":"lariac:390562890401","source_tile":"r04-c03","source_tile_ids":["r04-c03"],"source_bld_id":"390562890401","height_m":4.164,"receiver_ids":[213334,213335,213336,213337],"receiver_keys":["r04-c03:expanded-facade-max4m:92925:0:1","r04-c03:expanded-facade-max4m:92925:0:2","r04-c03:expanded-facade-max4m:92925:0:3","r04-c03:expanded-facade-max4m:92925:0:4"],"receiver_count":4,"periods":{"D":{"min":58.098446,"max":60.027992,"receiver_count":4,"unavailable_count":0},"E":{"min":55.87996,"max":57.809505,"receiver_count":4,"unavailable_count":0},"N":{"min":51.108746,"max":53.038292,"receiver_count":4,"unavailable_count":0}}}},{"type":"Feature","id":"lariac:391008889882","geometry":{"type":"Polygon","coordinates":[[[-118.56432161545014,34.18418561478982],[-118.56432311022907,34.18415235793775],[-118.56428219963419,34.18415111985893],[-118.56428073828484,34.18418434950813],[-118.56432161545014,34.18418561478982]]]},"properties":{"building_pk":92936,"building_key":"lariac:391008889882","source_tile":"r04-c03","source_tile_ids":["r04-c03"],"source_bld_id":"391008889882","height_m":4.822,"receiver_ids":[213349,213350,213351,213352],"receiver_keys":["r04-c03:expanded-facade-max4m:92936:0:1","r04-c03:expanded-facade-max4m:92936:0:2","r04-c03:expanded-facade-max4m:92936:0:3","r04-c03:expanded-facade-max4m:92936:0:4"],"receiver_count":4,"periods":{"D":{"min":52.989754,"max":59.85369,"receiver_count":4,"unavailable_count":0},"E":{"min":50.771267,"max":57.635204,"receiver_count":4,"unavailable_count":0},"N":{"min":46.000053,"max":52.86399,"receiver_count":4,"unavailable_count":0}}}},{"type":"Feature","id":"lariac:391814888556","geometry":{"type":"Polygon","coordinates":[[[-118.5616556712977,34.180570749577754],[-118.56165470594803,34.18050090237352],[-118.5615638193501,34.18050176435655],[-118.5615648171661,34.180571611410464],[-118.5616556712977,34.180570749577754]]]},"properties":{"building_pk":93161,"building_key":"lariac:391814888556","source_tile":"r04-c03","source_tile_ids":["r04-c03"],"source_bld_id":"391814888556","height_m":4.795,"receiver_ids":[213589,213590,213591,213592,213593,213594,213595,213596,213597],"receiver_keys":["r04-c03:expanded-facade-max4m:93161:0:1","r04-c03:expanded-facade-max4m:93161:0:2","r04-c03:expanded-facade-max4m:93161:0:3","r04-c03:expanded-facade-max4m:93161:0:4","r04-c03:expanded-facade-max4m:93161:0:5","r04-c03:expanded-facade-max4m:93161:0:6","r04-c03:expanded-facade-max4m:93161:0:7","r04-c03:expanded-facade-max4m:93161:0:8","r04-c03:expanded-facade-max4m:93161:0:9"],"receiver_count":9,"periods":{"D":{"min":57.226677,"max":61.321903,"receiver_count":9,"unavailable_count":0},"E":{"min":55.00819,"max":59.103416,"receiver_count":9,"unavailable_count":0},"N":{"min":50.236977,"max":54.332203,"receiver_count":9,"unavailable_count":0}}}},{"type":"Feature","id":"lariac:391909889433","geometry":{"type":"Polygon","coordinates":[[[-118.56129232075077,34.18283300842651],[-118.56120098692382,34.18283178332148],[-118.56119802908768,34.182987026823014],[-118.56143277872901,34.18299011422964],[-118.56143422479886,34.18291506203005],[-118.56133019319977,34.182913675986164],[-118.56133032390137,34.18290842658602],[-118.56131398733662,34.1829082003859],[-118.56131386842878,34.18291504366236],[-118.56129075344572,34.1829147380269],[-118.56129232075077,34.18283300842651]]]},"properties":{"building_pk":93196,"building_key":"lariac:391909889433","source_tile":"r04-c03","source_tile_ids":["r04-c03"],"source_bld_id":"391909889433","height_m":8.376,"receiver_ids":[213604,213605,213606,213607,213608,213609,213610,213611,213612,213613,213614,213615,213616,213617,213618,213619,213620,213621],"receiver_keys":["r04-c03:expanded-facade-max4m:93196:0:1","r04-c03:expanded-facade-max4m:93196:0:10","r04-c03:expanded-facade-max4m:93196:0:11","r04-c03:expanded-facade-max4m:93196:0:12","r04-c03:expanded-facade-max4m:93196:0:13","r04-c03:expanded-facade-max4m:93196:0:14","r04-c03:expanded-facade-max4m:93196:0:15","r04-c03:expanded-facade-max4m:93196:0:16","r04-c03:expanded-facade-max4m:93196:0:19","r04-c03:expanded-facade-max4m:93196:0:2","r04-c03:expanded-facade-max4m:93196:0:20","r04-c03:expanded-facade-max4m:93196:0:3","r04-c03:expanded-facade-max4m:93196:0:4","r04-c03:expanded-facade-max4m:93196:0:5","r04-c03:expanded-facade-max4m:93196:0:6","r04-c03:expanded-facade-max4m:93196:0:7","r04-c03:expanded-facade-max4m:93196:0:8","r04-c03:expanded-facade-max4m:93196:0:9"],"receiver_count":18,"periods":{"D":{"min":55.601204,"max":60.354935,"receiver_count":18,"unavailable_count":0},"E":{"min":53.382717,"max":58.136444,"receiver_count":18,"unavailable_count":0},"N":{"min":48.611504,"max":53.365234,"receiver_count":18,"unavailable_count":0}}}},{"type":"Feature","id":"lariac:201700286363","geometry":{"type":"Polygon","coordinates":[[[-118.55804798286556,34.18163340151279],[-118.55821465248849,34.181633573603214],[-118.55821477103088,34.18155407214987],[-118.55817078245322,34.181554024534904],[-118.55817088909217,34.181482638841125],[-118.55814818645823,34.181482615591975],[-118.5581482091098,34.18146684747275],[-118.55806937799795,34.181466765873836],[-118.55806923272829,34.181564695922354],[-118.55804808458954,34.181564674497146],[-118.55804798286556,34.18163340151279]]]},"properties":{"building_pk":94330,"building_key":"lariac:201700286363","source_tile":"r04-c03","source_tile_ids":["r04-c03"],"source_bld_id":"201700286363","height_m":4.99,"receiver_ids":[214904,214905],"receiver_keys":["r04-c03:expanded-facade-max4m:94330:0:1","r04-c03:expanded-facade-max4m:94330:0:17"],"receiver_count":2,"periods":{"D":{"min":51.991753,"max":57.037495,"receiver_count":2,"unavailable_count":0},"E":{"min":49.773266,"max":54.819008,"receiver_count":2,"unavailable_count":0},"N":{"min":45.002052,"max":50.047794,"receiver_count":2,"unavailable_count":0}}}},{"type":"Feature","id":"lariac:201700286577","geometry":{"type":"Polygon","coordinates":[[[-118.55875749768887,34.183912105588284],[-118.5588188500028,34.183933061633354],[-118.55884463241749,34.1838809287943],[-118.55885077677829,34.1838830271484],[-118.55889332174334,34.18379699810426],[-118.55889941502977,34.18379908407022],[-118.55890935954129,34.183778974241484],[-118.55883125305705,34.183752296016934],[-118.55882542827213,34.183764075465014],[-118.55872822335482,34.183730874385866],[-118.55870182931476,34.183769418338365],[-118.5587025868909,34.183779692447715],[-118.55873683260558,34.183791389565016],[-118.55871479315215,34.18383595465463],[-118.55878354450168,34.183859436925026],[-118.55875749768887,34.183912105588284]]]},"properties":{"building_pk":94337,"building_key":"lariac:201700286577","source_tile":"r04-c03","source_tile_ids":["r04-c03"],"source_bld_id":"201700286577","height_m":6.203,"receiver_ids":[214932,214933,214934,214935,214936,214937],"receiver_keys":["r04-c03:expanded-facade-max4m:94337:0:10","r04-c03:expanded-facade-max4m:94337:0:11","r04-c03:expanded-facade-max4m:94337:0:12","r04-c03:expanded-facade-max4m:94337:0:13","r04-c03:expanded-facade-max4m:94337:0:8","r04-c03:expanded-facade-max4m:94337:0:9"],"receiver_count":6,"periods":{"D":{"min":57.50574,"max":59.322937,"receiver_count":6,"unavailable_count":0},"E":{"min":55.287254,"max":57.10445,"receiver_count":6,"unavailable_count":0},"N":{"min":50.51604,"max":52.333237,"receiver_count":6,"unavailable_count":0}}}},{"type":"Feature","id":"lariac:391530889996","geometry":{"type":"Polygon","coordinates":[[[-118.5625833120644,34.184507414222345],[-118.56259374677663,34.18448563034264],[-118.56256289359646,34.184475386249346],[-118.56255242633966,34.18449717117925],[-118.5625833120644,34.184507414222345]]]},"properties":{"building_pk":98604,"building_key":"lariac:391530889996","source_tile":"r04-c03","source_tile_ids":["r04-c03"],"source_bld_id":"391530889996","height_m":2.271,"receiver_ids":[216498,216499,216500],"receiver_keys":["r04-c03:expanded-facade-max4m:98604:0:1","r04-c03:expanded-facade-max4m:98604:0:2","r04-c03:expanded-facade-max4m:98604:0:3"],"receiver_count":3,"periods":{"D":{"min":64.41781,"max":65.61285,"receiver_count":3,"unavailable_count":0},"E":{"min":62.199318,"max":63.39436,"receiver_count":3,"unavailable_count":0},"N":{"min":57.428104,"max":58.623146,"receiver_count":3,"unavailable_count":0}}}},{"type":"Feature","id":"lariac:391883888482","geometry":{"type":"Polygon","coordinates":[[[-118.561342307315,34.180302634398096],[-118.56134723197547,34.180372180142115],[-118.56140664919805,34.180370041762316],[-118.56140147232666,34.180299776856906],[-118.561342307315,34.180302634398096]]]},"properties":{"building_pk":98652,"building_key":"lariac:391883888482","source_tile":"r04-c03","source_tile_ids":["r04-c03"],"source_bld_id":"391883888482","height_m":5.931,"receiver_ids":[216575,216576,216577,216578,216579,216580,216581],"receiver_keys":["r04-c03:expanded-facade-max4m:98652:0:1","r04-c03:expanded-facade-max4m:98652:0:2","r04-c03:expanded-facade-max4m:98652:0:3","r04-c03:expanded-facade-max4m:98652:0:4","r04-c03:expanded-facade-max4m:98652:0:5","r04-c03:expanded-facade-max4m:98652:0:6","r04-c03:expanded-facade-max4m:98652:0:7"],"receiver_count":7,"periods":{"D":{"min":57.02799,"max":59.80103,"receiver_count":7,"unavailable_count":0},"E":{"min":54.8095,"max":57.582542,"receiver_count":7,"unavailable_count":0},"N":{"min":50.03829,"max":52.81133,"receiver_count":7,"unavailable_count":0}}}},{"type":"Feature","id":"lariac:391410889250","geometry":{"type":"Polygon","coordinates":[[[-118.56299835569001,34.18238851779744],[-118.56291026678363,34.182387910863525],[-118.56290925215407,34.182492501096526],[-118.56299730844533,34.18249308113718],[-118.56299835569001,34.18238851779744]]]},"properties":{"building_pk":98671,"building_key":"lariac:391410889250","source_tile":"r04-c03","source_tile_ids":["r04-c03"],"source_bld_id":"391410889250","height_m":4.368,"receiver_ids":[216606,216607,216608,216609,216610,216611,216612,216613,216614,216615],"receiver_keys":["r04-c03:expanded-facade-max4m:98671:0:1","r04-c03:expanded-facade-max4m:98671:0:10","r04-c03:expanded-facade-max4m:98671:0:2","r04-c03:expanded-facade-max4m:98671:0:3","r04-c03:expanded-facade-max4m:98671:0:4","r04-c03:expanded-facade-max4m:98671:0:5","r04-c03:expanded-facade-max4m:98671:0:6","r04-c03:expanded-facade-max4m:98671:0:7","r04-c03:expanded-facade-max4m:98671:0:8","r04-c03:expanded-facade-max4m:98671:0:9"],"receiver_count":10,"periods":{"D":{"min":50.655422,"max":60.274235,"receiver_count":10,"unavailable_count":0},"E":{"min":48.436935,"max":58.055748,"receiver_count":10,"unavailable_count":0},"N":{"min":43.66572,"max":53.284534,"receiver_count":10,"unavailable_count":0}}}},{"type":"Feature","id":"lariac:391800889275","geometry":{"type":"Polygon","coordinates":[[[-118.56169258631984,34.182559683393805],[-118.56169250658328,34.182582189026135],[-118.56175513261636,34.18258239312006],[-118.56175521898648,34.18256087645138],[-118.56194799169727,34.18256149194185],[-118.56194841937888,34.1824628402203],[-118.56178510870643,34.18246233491271],[-118.56178517618292,34.18245268897181],[-118.56155186606034,34.18245195942292],[-118.5615513962959,34.18255926706748],[-118.56169258631984,34.182559683393805]]]},"properties":{"building_pk":98689,"building_key":"lariac:391800889275","source_tile":"r04-c03","source_tile_ids":["r04-c03"],"source_bld_id":"391800889275","height_m":7.166,"receiver_ids":[216678,216679,216680,216681,216682,216683,216684,216685,216686,216687,216688,216689,216690,216691,216692,216693,216694,216695,216696,216697,216698,216699,216700,216701,216702],"receiver_keys":["r04-c03:expanded-facade-max4m:98689:0:1","r04-c03:expanded-facade-max4m:98689:0:10","r04-c03:expanded-facade-max4m:98689:0:11","r04-c03:expanded-facade-max4m:98689:0:12","r04-c03:expanded-facade-max4m:98689:0:13","r04-c03:expanded-facade-max4m:98689:0:14","r04-c03:expanded-facade-max4m:98689:0:15","r04-c03:expanded-facade-max4m:98689:0:16","r04-c03:expanded-facade-max4m:98689:0:17","r04-c03:expanded-facade-max4m:98689:0:18","r04-c03:expanded-facade-max4m:98689:0:19","r04-c03:expanded-facade-max4m:98689:0:2","r04-c03:expanded-facade-max4m:98689:0:20","r04-c03:expanded-facade-max4m:98689:0:21","r04-c03:expanded-facade-max4m:98689:0:22","r04-c03:expanded-facade-max4m:98689:0:23","r04-c03:expanded-facade-max4m:98689:0:24","r04-c03:expanded-facade-max4m:98689:0:25","r04-c03:expanded-facade-max4m:98689:0:26","r04-c03:expanded-facade-max4m:98689:0:4","r04-c03:expanded-facade-max4m:98689:0:5","r04-c03:expanded-facade-max4m:98689:0:6","r04-c03:expanded-facade-max4m:98689:0:7","r04-c03:expanded-facade-max4m:98689:0:8","r04-c03:expanded-facade-max4m:98689:0:9"],"receiver_count":25,"periods":{"D":{"min":47.21164,"max":67.73508,"receiver_count":25,"unavailable_count":0},"E":{"min":44.993153,"max":65.51659,"receiver_count":25,"unavailable_count":0},"N":{"min":40.22194,"max":60.745373,"receiver_count":25,"unavailable_count":0}}}},{"type":"Feature","id":"lariac:391850888952","geometry":{"type":"Polygon","coordinates":[[[-118.56158411715882,34.1816572223893],[-118.5615843014554,34.181650104739276],[-118.56159256842203,34.181650231336526],[-118.56159365820899,34.18160579274153],[-118.56158605276102,34.18160563512492],[-118.56158620345414,34.181598682613604],[-118.56141209933388,34.18159569899458],[-118.56141059070114,34.181656599034135],[-118.56141948593098,34.1816567506748],[-118.56141940974442,34.18166010297179],[-118.56149153175625,34.18166133505651],[-118.5614916920315,34.18165564556509],[-118.56158411715882,34.1816572223893]]]},"properties":{"building_pk":98886,"building_key":"lariac:391850888952","source_tile":"r04-c03","source_tile_ids":["r04-c03"],"source_bld_id":"391850888952","height_m":5.246,"receiver_ids":[217001,217002,217003,217004,217005,217006,217007,217008,217009],"receiver_keys":["r04-c03:expanded-facade-max4m:98886:0:1","r04-c03:expanded-facade-max4m:98886:0:10","r04-c03:expanded-facade-max4m:98886:0:11","r04-c03:expanded-facade-max4m:98886:0:12","r04-c03:expanded-facade-max4m:98886:0:2","r04-c03:expanded-facade-max4m:98886:0:5","r04-c03:expanded-facade-max4m:98886:0:6","r04-c03:expanded-facade-max4m:98886:0:8","r04-c03:expanded-facade-max4m:98886:0:9"],"receiver_count":9,"periods":{"D":{"min":51.011658,"max":62.32918,"receiver_count":9,"unavailable_count":0},"E":{"min":48.79317,"max":60.110695,"receiver_count":9,"unavailable_count":0},"N":{"min":44.021957,"max":55.33948,"receiver_count":9,"unavailable_count":0}}}},{"type":"Feature","id":"lariac:390430890492","geometry":{"type":"Polygon","coordinates":[[[-118.56625012278509,34.18595040763931],[-118.56633607724694,34.185889249188996],[-118.56630199374219,34.1858561588897],[-118.56635082798721,34.18582141639108],[-118.5663035625648,34.185775528176194],[-118.56629698121849,34.185780229894554],[-118.56626342980468,34.18574768703597],[-118.56612317860753,34.18584754326543],[-118.56619164657805,34.18591396956906],[-118.56614317395115,34.185948463286934],[-118.56618527936794,34.185989319854244],[-118.56624582880112,34.18594622383728],[-118.56625012278509,34.18595040763931]]]},"properties":{"building_pk":99234,"building_key":"lariac:390430890492","source_tile":"r04-c03","source_tile_ids":["r04-c03"],"source_bld_id":"390430890492","height_m":4.121,"receiver_ids":[217385,217386,217387,217388,217389,217390,217391,217392,217393,217394,217395,217396,217397,217398,217399,217400,217401,217402,217403,217404],"receiver_keys":["r04-c03:expanded-facade-max4m:99234:0:1","r04-c03:expanded-facade-max4m:99234:0:10","r04-c03:expanded-facade-max4m:99234:0:11","r04-c03:expanded-facade-max4m:99234:0:12","r04-c03:expanded-facade-max4m:99234:0:13","r04-c03:expanded-facade-max4m:99234:0:14","r04-c03:expanded-facade-max4m:99234:0:15","r04-c03:expanded-facade-max4m:99234:0:16","r04-c03:expanded-facade-max4m:99234:0:17","r04-c03:expanded-facade-max4m:99234:0:18","r04-c03:expanded-facade-max4m:99234:0:19","r04-c03:expanded-facade-max4m:99234:0:2","r04-c03:expanded-facade-max4m:99234:0:20","r04-c03:expanded-facade-max4m:99234:0:3","r04-c03:expanded-facade-max4m:99234:0:4","r04-c03:expanded-facade-max4m:99234:0:5","r04-c03:expanded-facade-max4m:99234:0:6","r04-c03:expanded-facade-max4m:99234:0:7","r04-c03:expanded-facade-max4m:99234:0:8","r04-c03:expanded-facade-max4m:99234:0:9"],"receiver_count":20,"periods":{"D":{"min":60.87882,"max":64.42036,"receiver_count":20,"unavailable_count":0},"E":{"min":58.66033,"max":62.201866,"receiver_count":20,"unavailable_count":0},"N":{"min":53.88912,"max":57.430653,"receiver_count":20,"unavailable_count":0}}}},{"type":"Feature","id":"lariac:391919890262","geometry":{"type":"Polygon","coordinates":[[[-118.56132858173278,34.18526205069756],[-118.56132915884504,34.18520522094783],[-118.5612568402478,34.185204732537166],[-118.5612562630863,34.18526156228654],[-118.56132858173278,34.18526205069756]]]},"properties":{"building_pk":99305,"building_key":"lariac:391919890262","source_tile":"r04-c03","source_tile_ids":["r04-c03"],"source_bld_id":"391919890262","height_m":5.31,"receiver_ids":[217455,217456,217457,217458,217459],"receiver_keys":["r04-c03:expanded-facade-max4m:99305:0:1","r04-c03:expanded-facade-max4m:99305:0:2","r04-c03:expanded-facade-max4m:99305:0:3","r04-c03:expanded-facade-max4m:99305:0:4","r04-c03:expanded-facade-max4m:99305:0:5"],"receiver_count":5,"periods":{"D":{"min":48.64925,"max":53.09435,"receiver_count":5,"unavailable_count":0},"E":{"min":46.43076,"max":50.875862,"receiver_count":5,"unavailable_count":0},"N":{"min":41.65955,"max":46.10465,"receiver_count":5,"unavailable_count":0}}}},{"type":"Feature","id":"lariac:391417890100","geometry":{"type":"Polygon","coordinates":[[[-118.56293649911416,34.184685979824806],[-118.56290394542482,34.18475213613484],[-118.56285883993496,34.18473679259299],[-118.56283134169753,34.184792675693906],[-118.56287677899957,34.1848081547368],[-118.5628699621473,34.184822035992134],[-118.56297488899189,34.18485771042041],[-118.56297609616246,34.184855258910396],[-118.56301765586865,34.18486938199464],[-118.56304554514575,34.18481278300704],[-118.56300043977946,34.18479746656346],[-118.56303827810109,34.1847205969113],[-118.56293649911416,34.184685979824806]]]},"properties":{"building_pk":99483,"building_key":"lariac:391417890100","source_tile":"r04-c03","source_tile_ids":["r04-c03"],"source_bld_id":"391417890100","height_m":5.075,"receiver_ids":[217698,217699,217700,217701,217702,217703,217704,217705,217706,217707,217708,217709,217710,217711,217712],"receiver_keys":["r04-c03:expanded-facade-max4m:99483:0:10","r04-c03:expanded-facade-max4m:99483:0:13","r04-c03:expanded-facade-max4m:99483:0:14","r04-c03:expanded-facade-max4m:99483:0:15","r04-c03:expanded-facade-max4m:99483:0:16","r04-c03:expanded-facade-max4m:99483:0:17","r04-c03:expanded-facade-max4m:99483:0:18","r04-c03:expanded-facade-max4m:99483:0:2","r04-c03:expanded-facade-max4m:99483:0:3","r04-c03:expanded-facade-max4m:99483:0:4","r04-c03:expanded-facade-max4m:99483:0:5","r04-c03:expanded-facade-max4m:99483:0:6","r04-c03:expanded-facade-max4m:99483:0:7","r04-c03:expanded-facade-max4m:99483:0:8","r04-c03:expanded-facade-max4m:99483:0:9"],"receiver_count":15,"periods":{"D":{"min":54.82131,"max":60.236324,"receiver_count":15,"unavailable_count":0},"E":{"min":52.60282,"max":58.017838,"receiver_count":15,"unavailable_count":0},"N":{"min":47.831608,"max":53.246628,"receiver_count":15,"unavailable_count":0}}}},{"type":"Feature","id":"lariac:390722888293","geometry":{"type":"Polygon","coordinates":[[[-118.56528159812801,34.179786584528564],[-118.56534164372626,34.17980155530356],[-118.56536260919333,34.17974339330022],[-118.56528451337563,34.179723973934195],[-118.5652741922399,34.179752572298405],[-118.5651812263915,34.17972945751301],[-118.56515412671827,34.17980465759652],[-118.56514319768517,34.1798019328086],[-118.56512917712504,34.17984090900078],[-118.56524254628972,34.17986912227284],[-118.56526075280553,34.179818585826965],[-118.56526929783834,34.179820715908335],[-118.56528159812801,34.179786584528564]]]},"properties":{"building_pk":99572,"building_key":"lariac:390722888293","source_tile":"r04-c03","source_tile_ids":["r03-c03","r04-c03"],"source_bld_id":"390722888293","height_m":5.858,"receiver_ids":[217858,217859,217860,217861,217862],"receiver_keys":["r04-c03:expanded-facade-max4m:99572:0:13","r04-c03:expanded-facade-max4m:99572:0:14","r04-c03:expanded-facade-max4m:99572:0:15","r04-c03:expanded-facade-max4m:99572:0:16","r04-c03:expanded-facade-max4m:99572:0:17"],"receiver_count":5,"periods":{"D":{"min":52.94798,"max":63.437595,"receiver_count":5,"unavailable_count":0},"E":{"min":50.729492,"max":61.219105,"receiver_count":5,"unavailable_count":0},"N":{"min":45.95828,"max":56.447895,"receiver_count":5,"unavailable_count":0}}}},{"type":"Feature","id":"lariac:391291889413","geometry":{"type":"Polygon","coordinates":[[[-118.56328859236035,34.18296126028332],[-118.56341179381961,34.182961373421605],[-118.56341196447809,34.18284947828831],[-118.56343021653696,34.18284950325288],[-118.56343019490554,34.18288055436159],[-118.56349665618572,34.18288062970016],[-118.5634967456213,34.18282039436678],[-118.56328198688587,34.18282015870775],[-118.56328193244859,34.18287096732436],[-118.56328874393276,34.18287096354981],[-118.56328859236035,34.18296126028332]]]},"properties":{"building_pk":99856,"building_key":"lariac:391291889413","source_tile":"r04-c03","source_tile_ids":["r04-c03"],"source_bld_id":"391291889413","height_m":4.581,"receiver_ids":[218124,218125,218126,218127],"receiver_keys":["r04-c03:expanded-facade-max4m:99856:0:17","r04-c03:expanded-facade-max4m:99856:0:18","r04-c03:expanded-facade-max4m:99856:0:19","r04-c03:expanded-facade-max4m:99856:0:20"],"receiver_count":4,"periods":{"D":{"min":59.84947,"max":60.780666,"receiver_count":4,"unavailable_count":0},"E":{"min":57.630978,"max":58.56218,"receiver_count":4,"unavailable_count":0},"N":{"min":52.859768,"max":53.790966,"receiver_count":4,"unavailable_count":0}}}},{"type":"Feature","id":"lariac:391466890557","geometry":{"type":"Polygon","coordinates":[[[-118.56281777324082,34.186044314773284],[-118.56281739937823,34.18601635960716],[-118.56277431561317,34.18601667006333],[-118.56277453475681,34.18604420582949],[-118.56281777324082,34.186044314773284]]]},"properties":{"building_pk":99913,"building_key":"lariac:391466890557","source_tile":"r04-c03","source_tile_ids":["r04-c03"],"source_bld_id":"391466890557","height_m":2.359,"receiver_ids":[218285,218286,218287],"receiver_keys":["r04-c03:expanded-facade-max4m:99913:0:1","r04-c03:expanded-facade-max4m:99913:0:3","r04-c03:expanded-facade-max4m:99913:0:4"],"receiver_count":3,"periods":{"D":{"min":61.57232,"max":62.89221,"receiver_count":3,"unavailable_count":0},"E":{"min":59.353832,"max":60.673717,"receiver_count":3,"unavailable_count":0},"N":{"min":54.58262,"max":55.902508,"receiver_count":3,"unavailable_count":0}}}},{"type":"Feature","id":"lariac:392675889530","geometry":{"type":"Polygon","coordinates":[[[-118.55879644938712,34.18326895302177],[-118.55882452571198,34.18321029232227],[-118.55875407398953,34.18318698562024],[-118.5587259967192,34.183245673353895],[-118.55879644938712,34.18326895302177]]]},"properties":{"building_pk":100219,"building_key":"lariac:392675889530","source_tile":"r04-c03","source_tile_ids":["r04-c03"],"source_bld_id":"392675889530","height_m":3.478,"receiver_ids":[218573,218574,218575,218576,218577,218578],"receiver_keys":["r04-c03:expanded-facade-max4m:100219:0:1","r04-c03:expanded-facade-max4m:100219:0:2","r04-c03:expanded-facade-max4m:100219:0:3","r04-c03:expanded-facade-max4m:100219:0:4","r04-c03:expanded-facade-max4m:100219:0:6","r04-c03:expanded-facade-max4m:100219:0:7"],"receiver_count":6,"periods":{"D":{"min":58.001072,"max":60.13457,"receiver_count":6,"unavailable_count":0},"E":{"min":55.782585,"max":57.916084,"receiver_count":6,"unavailable_count":0},"N":{"min":51.01137,"max":53.14487,"receiver_count":6,"unavailable_count":0}}}},{"type":"Feature","id":"lariac:391723890488","geometry":{"type":"Polygon","coordinates":[[[-118.56199381591443,34.185932530057904],[-118.56199401346777,34.1858832047221],[-118.56204473757553,34.185883353087476],[-118.5620447612279,34.18587703314842],[-118.56209194487825,34.18587725384138],[-118.56209174992365,34.18581087851068],[-118.56204193557544,34.185810821501555],[-118.56204196107198,34.18580477562359],[-118.5619792006513,34.18580462818714],[-118.5619792409504,34.18579594432039],[-118.56189912044663,34.18579573956383],[-118.56189858398648,34.185932258477635],[-118.56199381591443,34.185932530057904]]]},"properties":{"building_pk":100262,"building_key":"lariac:391723890488","source_tile":"r04-c03","source_tile_ids":["r04-c03"],"source_bld_id":"391723890488","height_m":5.8,"receiver_ids":[218626,218627,218628,218629,218630,218631,218632,218633,218634,218635,218636,218637,218638,218639],"receiver_keys":["r04-c03:expanded-facade-max4m:100262:0:1","r04-c03:expanded-facade-max4m:100262:0:10","r04-c03:expanded-facade-max4m:100262:0:11","r04-c03:expanded-facade-max4m:100262:0:14","r04-c03:expanded-facade-max4m:100262:0:15","r04-c03:expanded-facade-max4m:100262:0:16","r04-c03:expanded-facade-max4m:100262:0:17","r04-c03:expanded-facade-max4m:100262:0:3","r04-c03:expanded-facade-max4m:100262:0:4","r04-c03:expanded-facade-max4m:100262:0:5","r04-c03:expanded-facade-max4m:100262:0:6","r04-c03:expanded-facade-max4m:100262:0:7","r04-c03:expanded-facade-max4m:100262:0:8","r04-c03:expanded-facade-max4m:100262:0:9"],"receiver_count":14,"periods":{"D":{"min":54.676506,"max":70.8369,"receiver_count":14,"unavailable_count":0},"E":{"min":52.45802,"max":68.61841,"receiver_count":14,"unavailable_count":0},"N":{"min":47.686806,"max":63.847195,"receiver_count":14,"unavailable_count":0}}}},{"type":"Feature","id":"lariac:391766889051","geometry":{"type":"Polygon","coordinates":[[[-118.56170600484079,34.18196865487666],[-118.56183710143468,34.181968018020434],[-118.56183696615713,34.18194790428344],[-118.56186345044094,34.18194775420748],[-118.56186365948167,34.18197399540156],[-118.5619962441948,34.18197332441349],[-118.56199576595472,34.181907074814596],[-118.56187524913088,34.18190766179292],[-118.56187511217675,34.18188730013894],[-118.56185851424452,34.18188737724502],[-118.56185810081773,34.181825909138496],[-118.5616684481665,34.18182684410513],[-118.561668751904,34.181867017332266],[-118.5617052866551,34.181866847663485],[-118.56170600484079,34.18196865487666]]]},"properties":{"building_pk":100819,"building_key":"lariac:391766889051","source_tile":"r04-c03","source_tile_ids":["r04-c03"],"source_bld_id":"391766889051","height_m":6.459,"receiver_ids":[219174,219175,219176,219177,219178,219179,219180,219181,219182,219183,219184,219185,219186,219187,219188,219189,219190,219191,219192,219193,219194,219195,219196],"receiver_keys":["r04-c03:expanded-facade-max4m:100819:0:1","r04-c03:expanded-facade-max4m:100819:0:10","r04-c03:expanded-facade-max4m:100819:0:11","r04-c03:expanded-facade-max4m:100819:0:12","r04-c03:expanded-facade-max4m:100819:0:13","r04-c03:expanded-facade-max4m:100819:0:14","r04-c03:expanded-facade-max4m:100819:0:15","r04-c03:expanded-facade-max4m:100819:0:16","r04-c03:expanded-facade-max4m:100819:0:17","r04-c03:expanded-facade-max4m:100819:0:18","r04-c03:expanded-facade-max4m:100819:0:19","r04-c03:expanded-facade-max4m:100819:0:2","r04-c03:expanded-facade-max4m:100819:0:20","r04-c03:expanded-facade-max4m:100819:0:21","r04-c03:expanded-facade-max4m:100819:0:22","r04-c03:expanded-facade-max4m:100819:0:23","r04-c03:expanded-facade-max4m:100819:0:24","r04-c03:expanded-facade-max4m:100819:0:25","r04-c03:expanded-facade-max4m:100819:0:3","r04-c03:expanded-facade-max4m:100819:0:6","r04-c03:expanded-facade-max4m:100819:0:7","r04-c03:expanded-facade-max4m:100819:0:8","r04-c03:expanded-facade-max4m:100819:0:9"],"receiver_count":23,"periods":{"D":{"min":52.981396,"max":68.54218,"receiver_count":23,"unavailable_count":0},"E":{"min":50.76291,"max":66.32369,"receiver_count":23,"unavailable_count":0},"N":{"min":45.9917,"max":61.552483,"receiver_count":23,"unavailable_count":0}}}},{"type":"Feature","id":"lariac:390869888372","geometry":{"type":"Polygon","coordinates":[[[-118.56469817979541,34.1799615491964],[-118.56467428609498,34.17999757650021],[-118.5646812850339,34.18000078577853],[-118.5646646579916,34.180025869558186],[-118.56474687781137,34.18006351733725],[-118.56478739742548,34.18000240622989],[-118.56469817979541,34.1799615491964]]]},"properties":{"building_pk":100833,"building_key":"lariac:390869888372","source_tile":"r04-c03","source_tile_ids":["r04-c03"],"source_bld_id":"390869888372","height_m":9.165,"receiver_ids":[219197,219198,219199,219200,219201,219202,219203,219204,219205],"receiver_keys":["r04-c03:expanded-facade-max4m:100833:0:1","r04-c03:expanded-facade-max4m:100833:0:2","r04-c03:expanded-facade-max4m:100833:0:3","r04-c03:expanded-facade-max4m:100833:0:4","r04-c03:expanded-facade-max4m:100833:0:5","r04-c03:expanded-facade-max4m:100833:0:6","r04-c03:expanded-facade-max4m:100833:0:7","r04-c03:expanded-facade-max4m:100833:0:8","r04-c03:expanded-facade-max4m:100833:0:9"],"receiver_count":9,"periods":{"D":{"min":54.311176,"max":62.096413,"receiver_count":9,"unavailable_count":0},"E":{"min":52.09269,"max":59.877926,"receiver_count":9,"unavailable_count":0},"N":{"min":47.321476,"max":55.106712,"receiver_count":9,"unavailable_count":0}}}},{"type":"Feature","id":"lariac:391894890211","geometry":{"type":"Polygon","coordinates":[[[-118.56144542850163,34.185137907481696],[-118.56144580014153,34.185020981710224],[-118.56136558076231,34.18502080410906],[-118.5613655277771,34.18503745678843],[-118.56126494029999,34.18503723661639],[-118.5612647721001,34.1850861507081],[-118.5612959540664,34.18508622598523],[-118.56129580339774,34.1851375849851],[-118.56144542850163,34.185137907481696]]]},"properties":{"building_pk":100977,"building_key":"lariac:391894890211","source_tile":"r04-c03","source_tile_ids":["r04-c03"],"source_bld_id":"391894890211","height_m":6.462,"receiver_ids":[219416,219417,219418,219419,219420,219421,219422,219423,219424,219425,219426,219427],"receiver_keys":["r04-c03:expanded-facade-max4m:100977:0:10","r04-c03:expanded-facade-max4m:100977:0:11","r04-c03:expanded-facade-max4m:100977:0:12","r04-c03:expanded-facade-max4m:100977:0:13","r04-c03:expanded-facade-max4m:100977:0:14","r04-c03:expanded-facade-max4m:100977:0:15","r04-c03:expanded-facade-max4m:100977:0:2","r04-c03:expanded-facade-max4m:100977:0:3","r04-c03:expanded-facade-max4m:100977:0:4","r04-c03:expanded-facade-max4m:100977:0:5","r04-c03:expanded-facade-max4m:100977:0:7","r04-c03:expanded-facade-max4m:100977:0:8"],"receiver_count":12,"periods":{"D":{"min":45.19235,"max":56.708344,"receiver_count":12,"unavailable_count":0},"E":{"min":42.973858,"max":54.489857,"receiver_count":12,"unavailable_count":0},"N":{"min":38.20265,"max":49.718643,"receiver_count":12,"unavailable_count":0}}}},{"type":"Feature","id":"lariac:391857890292","geometry":{"type":"Polygon","coordinates":[[[-118.56146375889179,34.185336413774856],[-118.56153577759785,34.18533649144864],[-118.56153588489755,34.185278702831646],[-118.56146386624133,34.18527862515792],[-118.56146375889179,34.185336413774856]]]},"properties":{"building_pk":101052,"building_key":"lariac:391857890292","source_tile":"r04-c03","source_tile_ids":["r04-c03"],"source_bld_id":"391857890292","height_m":5.694,"receiver_ids":[219491,219492,219493,219494,219495,219496,219497],"receiver_keys":["r04-c03:expanded-facade-max4m:101052:0:1","r04-c03:expanded-facade-max4m:101052:0:2","r04-c03:expanded-facade-max4m:101052:0:3","r04-c03:expanded-facade-max4m:101052:0:4","r04-c03:expanded-facade-max4m:101052:0:5","r04-c03:expanded-facade-max4m:101052:0:6","r04-c03:expanded-facade-max4m:101052:0:7"],"receiver_count":7,"periods":{"D":{"min":48.642746,"max":53.250374,"receiver_count":7,"unavailable_count":0},"E":{"min":46.42426,"max":51.031887,"receiver_count":7,"unavailable_count":0},"N":{"min":41.653046,"max":46.260674,"receiver_count":7,"unavailable_count":0}}}},{"type":"Feature","id":"lariac:392129889950","geometry":{"type":"Polygon","coordinates":[[[-118.56061857161629,34.18440706048385],[-118.56064253021523,34.184350837288015],[-118.56057335312993,34.18433049361558],[-118.56054939321794,34.18438668885575],[-118.56061857161629,34.18440706048385]]]},"properties":{"building_pk":101136,"building_key":"lariac:392129889950","source_tile":"r04-c03","source_tile_ids":["r04-c03"],"source_bld_id":"392129889950","height_m":4.474,"receiver_ids":[219668,219669,219670,219671,219672],"receiver_keys":["r04-c03:expanded-facade-max4m:101136:0:1","r04-c03:expanded-facade-max4m:101136:0:2","r04-c03:expanded-facade-max4m:101136:0:3","r04-c03:expanded-facade-max4m:101136:0:4","r04-c03:expanded-facade-max4m:101136:0:5"],"receiver_count":5,"periods":{"D":{"min":58.23022,"max":59.329082,"receiver_count":5,"unavailable_count":0},"E":{"min":56.011734,"max":57.110596,"receiver_count":5,"unavailable_count":0},"N":{"min":51.24052,"max":52.339382,"receiver_count":5,"unavailable_count":0}}}},{"type":"Feature","id":"lariac:390768889906","geometry":{"type":"Polygon","coordinates":[[[-118.565003269221,34.184196611981655],[-118.56500340477628,34.18432411414555],[-118.56507866214476,34.18432406458841],[-118.56507860752603,34.184267238662244],[-118.56509163516495,34.18426723279136],[-118.56509171693429,34.18433785313002],[-118.56521498421456,34.18433777210448],[-118.5652149249538,34.18425077329294],[-118.56525384297449,34.184250756402655],[-118.56525380660968,34.184196485369206],[-118.565003269221,34.184196611981655]]]},"properties":{"building_pk":101162,"building_key":"lariac:390768889906","source_tile":"r04-c03","source_tile_ids":["r04-c03"],"source_bld_id":"390768889906","height_m":5.105,"receiver_ids":[219697,219698,219699,219700,219701,219702,219703,219704,219705,219706],"receiver_keys":["r04-c03:expanded-facade-max4m:101162:0:1","r04-c03:expanded-facade-max4m:101162:0:13","r04-c03:expanded-facade-max4m:101162:0:14","r04-c03:expanded-facade-max4m:101162:0:16","r04-c03:expanded-facade-max4m:101162:0:17","r04-c03:expanded-facade-max4m:101162:0:18","r04-c03:expanded-facade-max4m:101162:0:2","r04-c03:expanded-facade-max4m:101162:0:3","r04-c03:expanded-facade-max4m:101162:0:4","r04-c03:expanded-facade-max4m:101162:0:5"],"receiver_count":10,"periods":{"D":{"min":50.950584,"max":59.850216,"receiver_count":10,"unavailable_count":0},"E":{"min":48.732098,"max":57.63173,"receiver_count":10,"unavailable_count":0},"N":{"min":43.960884,"max":52.860516,"receiver_count":10,"unavailable_count":0}}}},{"type":"Feature","id":"lariac:391706890220","geometry":{"type":"Polygon","coordinates":[[[-118.56204325410664,34.18519594198261],[-118.56204311088871,34.18509113716314],[-118.56204899721708,34.18509113775828],[-118.56204894597124,34.185059014151975],[-118.56206342845388,34.18505900184739],[-118.56206333240404,34.185000389259805],[-118.56198225446343,34.185000463982234],[-118.56198233213304,34.185056191711624],[-118.56198669629313,34.185056171434354],[-118.56198671993752,34.18506936092493],[-118.56194594977678,34.18506938536725],[-118.56194597103817,34.18508238283984],[-118.56189323097546,34.18508243582963],[-118.56189339988964,34.18519608828974],[-118.56204325410664,34.18519594198261]]]},"properties":{"building_pk":101229,"building_key":"lariac:391706890220","source_tile":"r04-c03","source_tile_ids":["r04-c03"],"source_bld_id":"391706890220","height_m":6.818,"receiver_ids":[219793,219794,219795,219796,219797,219798,219799,219800,219801,219802,219803,219804,219805,219806,219807,219808],"receiver_keys":["r04-c03:expanded-facade-max4m:101229:0:1","r04-c03:expanded-facade-max4m:101229:0:10","r04-c03:expanded-facade-max4m:101229:0:11","r04-c03:expanded-facade-max4m:101229:0:12","r04-c03:expanded-facade-max4m:101229:0:16","r04-c03:expanded-facade-max4m:101229:0:17","r04-c03:expanded-facade-max4m:101229:0:18","r04-c03:expanded-facade-max4m:101229:0:19","r04-c03:expanded-facade-max4m:101229:0:2","r04-c03:expanded-facade-max4m:101229:0:3","r04-c03:expanded-facade-max4m:101229:0:4","r04-c03:expanded-facade-max4m:101229:0:5","r04-c03:expanded-facade-max4m:101229:0:6","r04-c03:expanded-facade-max4m:101229:0:7","r04-c03:expanded-facade-max4m:101229:0:8","r04-c03:expanded-facade-max4m:101229:0:9"],"receiver_count":16,"periods":{"D":{"min":58.05552,"max":69.74537,"receiver_count":16,"unavailable_count":0},"E":{"min":55.837032,"max":67.52688,"receiver_count":16,"unavailable_count":0},"N":{"min":51.06582,"max":62.755665,"receiver_count":16,"unavailable_count":0}}}},{"type":"Feature","id":"lariac:2014121111970000","geometry":{"type":"Polygon","coordinates":[[[-118.56292445945981,34.18376787464461],[-118.56292368479907,34.18380005618842],[-118.56287672661378,34.18379931368313],[-118.56287507882136,34.18386887102796],[-118.5630213763865,34.18387124003354],[-118.56302296343878,34.183802506980875],[-118.56298867070852,34.18380195258432],[-118.56298944068735,34.183768919101944],[-118.56299015983842,34.183738001781876],[-118.56292517863498,34.18373695732495],[-118.56292445945981,34.18376787464461]]]},"properties":{"building_pk":101387,"building_key":"lariac:2014121111970000","source_tile":"r04-c03","source_tile_ids":["r04-c03"],"source_bld_id":"2014121111970000","height_m":3.124,"receiver_ids":[219994,219995,219996,219997,219998,219999,220000,220001,220002,220003,220004,220005,220006,220007],"receiver_keys":["r04-c03:expanded-facade-max4m:101387:0:1","r04-c03:expanded-facade-max4m:101387:0:10","r04-c03:expanded-facade-max4m:101387:0:12","r04-c03:expanded-facade-max4m:101387:0:13","r04-c03:expanded-facade-max4m:101387:0:14","r04-c03:expanded-facade-max4m:101387:0:15","r04-c03:expanded-facade-max4m:101387:0:2","r04-c03:expanded-facade-max4m:101387:0:3","r04-c03:expanded-facade-max4m:101387:0:4","r04-c03:expanded-facade-max4m:101387:0:5","r04-c03:expanded-facade-max4m:101387:0:6","r04-c03:expanded-facade-max4m:101387:0:7","r04-c03:expanded-facade-max4m:101387:0:8","r04-c03:expanded-facade-max4m:101387:0:9"],"receiver_count":14,"periods":{"D":{"min":61.12255,"max":62.50581,"receiver_count":14,"unavailable_count":0},"E":{"min":58.90406,"max":60.287323,"receiver_count":14,"unavailable_count":0},"N":{"min":54.13285,"max":55.51611,"receiver_count":14,"unavailable_count":0}}}},{"type":"Feature","id":"lariac:201700286574","geometry":{"type":"Polygon","coordinates":[[[-118.56385780170753,34.18388314859948],[-118.5639292316085,34.18388344756423],[-118.5639295641049,34.18383821190066],[-118.56385807565806,34.18383791230773],[-118.56385780170753,34.18388314859948]]]},"properties":{"building_pk":101797,"building_key":"lariac:201700286574","source_tile":"r04-c03","source_tile_ids":["r04-c03"],"source_bld_id":"201700286574","height_m":3.231,"receiver_ids":[220581,220582,220583],"receiver_keys":["r04-c03:expanded-facade-max4m:101797:0:4","r04-c03:expanded-facade-max4m:101797:0:5","r04-c03:expanded-facade-max4m:101797:0:6"],"receiver_count":3,"periods":{"D":{"min":56.012325,"max":59.80687,"receiver_count":3,"unavailable_count":0},"E":{"min":53.79384,"max":57.588383,"receiver_count":3,"unavailable_count":0},"N":{"min":49.022625,"max":52.81717,"receiver_count":3,"unavailable_count":0}}}},{"type":"Feature","id":"lariac:201700286746","geometry":{"type":"Polygon","coordinates":[[[-118.56430414937046,34.18524912891017],[-118.56443655014998,34.18530909133628],[-118.5644617565512,34.18527074369339],[-118.5644660276121,34.18527267740907],[-118.56448187544626,34.18524851056229],[-118.56452355885806,34.18526738730185],[-118.56456333138263,34.185206735046414],[-118.56443904949617,34.185150450138686],[-118.56445228159893,34.18513027131544],[-118.56434325816085,34.18508089576459],[-118.56429395899686,34.18515607571225],[-118.56434119306745,34.185177467171584],[-118.56433783752757,34.185182585572065],[-118.56433596271194,34.185185444103034],[-118.56434363429028,34.185188918023435],[-118.56430414937046,34.18524912891017]]]},"properties":{"building_pk":101802,"building_key":"lariac:201700286746","source_tile":"r04-c03","source_tile_ids":["r04-c03"],"source_bld_id":"201700286746","height_m":4.575,"receiver_ids":[220584,220585,220586,220587,220588,220589,220590,220591,220592,220593,220594,220595,220596,220597,220598,220599,220600,220601,220602,220603,220604],"receiver_keys":["r04-c03:expanded-facade-max4m:101802:0:1","r04-c03:expanded-facade-max4m:101802:0:10","r04-c03:expanded-facade-max4m:101802:0:11","r04-c03:expanded-facade-max4m:101802:0:12","r04-c03:expanded-facade-max4m:101802:0:13","r04-c03:expanded-facade-max4m:101802:0:14","r04-c03:expanded-facade-max4m:101802:0:15","r04-c03:expanded-facade-max4m:101802:0:16","r04-c03:expanded-facade-max4m:101802:0:17","r04-c03:expanded-facade-max4m:101802:0:18","r04-c03:expanded-facade-max4m:101802:0:19","r04-c03:expanded-facade-max4m:101802:0:2","r04-c03:expanded-facade-max4m:101802:0:20","r04-c03:expanded-facade-max4m:101802:0:21","r04-c03:expanded-facade-max4m:101802:0:22","r04-c03:expanded-facade-max4m:101802:0:3","r04-c03:expanded-facade-max4m:101802:0:4","r04-c03:expanded-facade-max4m:101802:0:5","r04-c03:expanded-facade-max4m:101802:0:7","r04-c03:expanded-facade-max4m:101802:0:8","r04-c03:expanded-facade-max4m:101802:0:9"],"receiver_count":21,"periods":{"D":{"min":53.371014,"max":59.176804,"receiver_count":21,"unavailable_count":0},"E":{"min":51.152527,"max":56.958317,"receiver_count":21,"unavailable_count":0},"N":{"min":46.381313,"max":52.187103,"receiver_count":21,"unavailable_count":0}}}},{"type":"Feature","id":"lariac:201700286857","geometry":{"type":"Polygon","coordinates":[[[-118.56627071571914,34.18605047739072],[-118.56630109218854,34.186131229005376],[-118.5664775392151,34.18608537960173],[-118.56644715609521,34.18600462986493],[-118.56627071571914,34.18605047739072]]]},"properties":{"building_pk":101809,"building_key":"lariac:201700286857","source_tile":"r04-c03","source_tile_ids":["r04-c03"],"source_bld_id":"201700286857","height_m":4.395,"receiver_ids":[220653,220654,220655,220656,220657,220658],"receiver_keys":["r04-c03:expanded-facade-max4m:101809:0:10","r04-c03:expanded-facade-max4m:101809:0:11","r04-c03:expanded-facade-max4m:101809:0:12","r04-c03:expanded-facade-max4m:101809:0:13","r04-c03:expanded-facade-max4m:101809:0:14","r04-c03:expanded-facade-max4m:101809:0:9"],"receiver_count":6,"periods":{"D":{"min":60.218006,"max":67.945915,"receiver_count":6,"unavailable_count":0},"E":{"min":57.99952,"max":65.72743,"receiver_count":6,"unavailable_count":0},"N":{"min":53.228306,"max":60.95622,"receiver_count":6,"unavailable_count":0}}}},{"type":"Feature","id":"lariac:390752889867","geometry":{"type":"Polygon","coordinates":[[[-118.56520372067173,34.18403156991768],[-118.56509100183213,34.18403184867464],[-118.56509122582044,34.18409911730613],[-118.5650009255275,34.18409934623016],[-118.56500121226065,34.184175902284395],[-118.56510225875695,34.18417565019955],[-118.56510223495994,34.18417213248234],[-118.56520420677785,34.18417187598905],[-118.56520372067173,34.18403156991768]]]},"properties":{"building_pk":106219,"building_key":"lariac:390752889867","source_tile":"r04-c03","source_tile_ids":["r04-c03"],"source_bld_id":"390752889867","height_m":4.767,"receiver_ids":[221931,221932,221933,221934,221935,221936,221937,221938,221939],"receiver_keys":["r04-c03:expanded-facade-max4m:106219:0:15","r04-c03:expanded-facade-max4m:106219:0:16","r04-c03:expanded-facade-max4m:106219:0:17","r04-c03:expanded-facade-max4m:106219:0:18","r04-c03:expanded-facade-max4m:106219:0:4","r04-c03:expanded-facade-max4m:106219:0:6","r04-c03:expanded-facade-max4m:106219:0:7","r04-c03:expanded-facade-max4m:106219:0:8","r04-c03:expanded-facade-max4m:106219:0:9"],"receiver_count":9,"periods":{"D":{"min":58.939896,"max":59.907375,"receiver_count":9,"unavailable_count":0},"E":{"min":56.72141,"max":57.68889,"receiver_count":9,"unavailable_count":0},"N":{"min":51.950195,"max":52.917675,"receiver_count":9,"unavailable_count":0}}}},{"type":"Feature","id":"lariac:391173890370","geometry":{"type":"Polygon","coordinates":[[[-118.56381182724117,34.18554013106027],[-118.5638115176577,34.185484459401486],[-118.56371215647904,34.18548486752876],[-118.5637124996254,34.185540539031095],[-118.56381182724117,34.18554013106027]]]},"properties":{"building_pk":106227,"building_key":"lariac:391173890370","source_tile":"r04-c03","source_tile_ids":["r04-c03"],"source_bld_id":"391173890370","height_m":3.99,"receiver_ids":[221940,221941],"receiver_keys":["r04-c03:expanded-facade-max4m:106227:0:3","r04-c03:expanded-facade-max4m:106227:0:4"],"receiver_count":2,"periods":{"D":{"min":58.615704,"max":58.802204,"receiver_count":2,"unavailable_count":0},"E":{"min":56.397213,"max":56.583717,"receiver_count":2,"unavailable_count":0},"N":{"min":51.626003,"max":51.812504,"receiver_count":2,"unavailable_count":0}}}},{"type":"Feature","id":"lariac:391293889285","geometry":{"type":"Polygon","coordinates":[[[-118.56324053461334,34.182488458834534],[-118.56324038097176,34.18250975584233],[-118.56322244937215,34.182513164243076],[-118.56322716213405,34.18253526260138],[-118.56324047524157,34.182533551679505],[-118.56324093217923,34.18258169294791],[-118.56338059584459,34.18258129039996],[-118.56338059650169,34.18258637420835],[-118.56341723173361,34.182586258550074],[-118.56341741527628,34.18262810830879],[-118.56349640595545,34.18262787735535],[-118.56349617259119,34.18257366223947],[-118.56343437466687,34.18257384014903],[-118.563433993637,34.18248791478239],[-118.56324053461334,34.182488458834534]]]},"properties":{"building_pk":106312,"building_key":"lariac:391293889285","source_tile":"r04-c03","source_tile_ids":["r04-c03"],"source_bld_id":"391293889285","height_m":4.865,"receiver_ids":[222093,222094,222095,222096,222097,222098],"receiver_keys":["r04-c03:expanded-facade-max4m:106312:0:2","r04-c03:expanded-facade-max4m:106312:0:20","r04-c03:expanded-facade-max4m:106312:0:21","r04-c03:expanded-facade-max4m:106312:0:3","r04-c03:expanded-facade-max4m:106312:0:4","r04-c03:expanded-facade-max4m:106312:0:5"],"receiver_count":6,"periods":{"D":{"min":56.844254,"max":61.592022,"receiver_count":6,"unavailable_count":0},"E":{"min":54.625767,"max":59.373535,"receiver_count":6,"unavailable_count":0},"N":{"min":49.854553,"max":54.60232,"receiver_count":6,"unavailable_count":0}}}},{"type":"Feature","id":"lariac:391398889587","geometry":{"type":"Polygon","coordinates":[[[-118.56298241168396,34.18338350173266],[-118.56302325904782,34.183385235491706],[-118.56302558603835,34.18334774293279],[-118.56298473851052,34.18334598212902],[-118.56298241168396,34.18338350173266]]]},"properties":{"building_pk":106324,"building_key":"lariac:391398889587","source_tile":"r04-c03","source_tile_ids":["r04-c03"],"source_bld_id":"391398889587","height_m":2.935,"receiver_ids":[222128,222129,222130,222131],"receiver_keys":["r04-c03:expanded-facade-max4m:106324:0:1","r04-c03:expanded-facade-max4m:106324:0:2","r04-c03:expanded-facade-max4m:106324:0:3","r04-c03:expanded-facade-max4m:106324:0:4"],"receiver_count":4,"periods":{"D":{"min":61.55592,"max":62.22134,"receiver_count":4,"unavailable_count":0},"E":{"min":59.337433,"max":60.00285,"receiver_count":4,"unavailable_count":0},"N":{"min":54.56622,"max":55.23164,"receiver_count":4,"unavailable_count":0}}}},{"type":"Feature","id":"lariac:391844889189","geometry":{"type":"Polygon","coordinates":[[[-118.56162536293792,34.18221999598717],[-118.56141376698997,34.182222682269064],[-118.5614159883748,34.182341601938425],[-118.56146356349491,34.18234096909036],[-118.56146361762116,34.18234401876501],[-118.56162760475861,34.182341910490784],[-118.56162536293792,34.18221999598717]]]},"properties":{"building_pk":106343,"building_key":"lariac:391844889189","source_tile":"r04-c03","source_tile_ids":["r04-c03"],"source_bld_id":"391844889189","height_m":11.439,"receiver_ids":[222175,222176,222177,222178,222179,222180,222181,222182,222183,222184,222185,222186,222187,222188,222189,222190,222191],"receiver_keys":["r04-c03:expanded-facade-max4m:106343:0:1","r04-c03:expanded-facade-max4m:106343:0:10","r04-c03:expanded-facade-max4m:106343:0:11","r04-c03:expanded-facade-max4m:106343:0:12","r04-c03:expanded-facade-max4m:106343:0:13","r04-c03:expanded-facade-max4m:106343:0:14","r04-c03:expanded-facade-max4m:106343:0:15","r04-c03:expanded-facade-max4m:106343:0:16","r04-c03:expanded-facade-max4m:106343:0:17","r04-c03:expanded-facade-max4m:106343:0:2","r04-c03:expanded-facade-max4m:106343:0:3","r04-c03:expanded-facade-max4m:106343:0:4","r04-c03:expanded-facade-max4m:106343:0:5","r04-c03:expanded-facade-max4m:106343:0:6","r04-c03:expanded-facade-max4m:106343:0:7","r04-c03:expanded-facade-max4m:106343:0:8","r04-c03:expanded-facade-max4m:106343:0:9"],"receiver_count":17,"periods":{"D":{"min":47.78815,"max":60.172764,"receiver_count":17,"unavailable_count":0},"E":{"min":45.569664,"max":57.954277,"receiver_count":17,"unavailable_count":0},"N":{"min":40.79845,"max":53.183067,"receiver_count":17,"unavailable_count":0}}}},{"type":"Feature","id":"lariac:391350890547","geometry":{"type":"Polygon","coordinates":[[[-118.56319369437657,34.18601153018955],[-118.56319446651011,34.185988801352856],[-118.5631646568812,34.185988294644744],[-118.56316431073743,34.18601097191288],[-118.56319369437657,34.18601153018955]]]},"properties":{"building_pk":106693,"building_key":"lariac:391350890547","source_tile":"r04-c03","source_tile_ids":["r04-c03"],"source_bld_id":"391350890547","height_m":2.545,"receiver_ids":[222525,222526,222527],"receiver_keys":["r04-c03:expanded-facade-max4m:106693:0:1","r04-c03:expanded-facade-max4m:106693:0:3","r04-c03:expanded-facade-max4m:106693:0:4"],"receiver_count":3,"periods":{"D":{"min":60.281105,"max":63.159985,"receiver_count":3,"unavailable_count":0},"E":{"min":58.06262,"max":60.941498,"receiver_count":3,"unavailable_count":0},"N":{"min":53.291405,"max":56.170284,"receiver_count":3,"unavailable_count":0}}}},{"type":"Feature","id":"lariac:392188889294","geometry":{"type":"Polygon","coordinates":[[[-118.56034606554485,34.18254199499212],[-118.56034654152691,34.18259613505393],[-118.560429524918,34.18259616528112],[-118.56042941330524,34.18258502631189],[-118.56050810432943,34.182584441686714],[-118.56050767802421,34.182545642981175],[-118.56042561575313,34.18254627027354],[-118.56042554931444,34.18254137970139],[-118.56034606554485,34.18254199499212]]]},"properties":{"building_pk":106850,"building_key":"lariac:392188889294","source_tile":"r04-c03","source_tile_ids":["r04-c03"],"source_bld_id":"392188889294","height_m":4.127,"receiver_ids":[222706,222707,222708,222709,222710,222711,222712,222713,222714,222715,222716],"receiver_keys":["r04-c03:expanded-facade-max4m:106850:0:1","r04-c03:expanded-facade-max4m:106850:0:10","r04-c03:expanded-facade-max4m:106850:0:11","r04-c03:expanded-facade-max4m:106850:0:2","r04-c03:expanded-facade-max4m:106850:0:3","r04-c03:expanded-facade-max4m:106850:0:4","r04-c03:expanded-facade-max4m:106850:0:5","r04-c03:expanded-facade-max4m:106850:0:6","r04-c03:expanded-facade-max4m:106850:0:7","r04-c03:expanded-facade-max4m:106850:0:8","r04-c03:expanded-facade-max4m:106850:0:9"],"receiver_count":11,"periods":{"D":{"min":58.078438,"max":59.45272,"receiver_count":11,"unavailable_count":0},"E":{"min":55.85995,"max":57.234234,"receiver_count":11,"unavailable_count":0},"N":{"min":51.088737,"max":52.46302,"receiver_count":11,"unavailable_count":0}}}},{"type":"Feature","id":"lariac:391282889218","geometry":{"type":"Polygon","coordinates":[[[-118.56330296304715,34.18244939445794],[-118.56342632640754,34.182458987469566],[-118.56343559194652,34.182376836109206],[-118.56345428419279,34.182378287967595],[-118.5634537848529,34.182382742122336],[-118.56352262894546,34.182388109231006],[-118.56352967893496,34.182325534413714],[-118.56328877554085,34.182306789258504],[-118.56328319074912,34.182356304670954],[-118.56331561090634,34.18235884659363],[-118.56331408195969,34.18237229124061],[-118.56331169941178,34.1823720823603],[-118.56330296304715,34.18244939445794]]]},"properties":{"building_pk":106875,"building_key":"lariac:391282889218","source_tile":"r04-c03","source_tile_ids":["r04-c03"],"source_bld_id":"391282889218","height_m":5.038,"receiver_ids":[222753,222754,222755,222756],"receiver_keys":["r04-c03:expanded-facade-max4m:106875:0:16","r04-c03:expanded-facade-max4m:106875:0:17","r04-c03:expanded-facade-max4m:106875:0:19","r04-c03:expanded-facade-max4m:106875:0:20"],"receiver_count":4,"periods":{"D":{"min":58.50077,"max":61.823654,"receiver_count":4,"unavailable_count":0},"E":{"min":56.282284,"max":59.605167,"receiver_count":4,"unavailable_count":0},"N":{"min":51.51107,"max":54.833954,"receiver_count":4,"unavailable_count":0}}}},{"type":"Feature","id":"lariac:392345889792","geometry":{"type":"Polygon","coordinates":[[[-118.5598681668634,34.183950117456334],[-118.55987768229299,34.18395002382517],[-118.55988354288712,34.18392661243048],[-118.55988556190051,34.183926960096116],[-118.55989055455412,34.18390709759245],[-118.5598893924477,34.18390689651821],[-118.5598681668634,34.183950117456334]]]},"properties":{"building_pk":106897,"building_key":"lariac:392345889792","source_tile":"r04-c03","source_tile_ids":["r04-c03"],"source_bld_id":"392345889792","height_m":4.624,"receiver_ids":[222793,222794,222795,222796],"receiver_keys":["r04-c03:expanded-facade-max4m:106897:0:1","r04-c03:expanded-facade-max4m:106897:0:2","r04-c03:expanded-facade-max4m:106897:0:3","r04-c03:expanded-facade-max4m:106897:0:4"],"receiver_count":4,"periods":{"D":{"min":54.69706,"max":55.627335,"receiver_count":4,"unavailable_count":0},"E":{"min":52.47857,"max":53.408848,"receiver_count":4,"unavailable_count":0},"N":{"min":47.70736,"max":48.637634,"receiver_count":4,"unavailable_count":0}}}},{"type":"Feature","id":"lariac:391408889127","geometry":{"type":"Polygon","coordinates":[[[-118.56301553569166,34.18212986214657],[-118.56301521938587,34.18205492450803],[-118.56290776034619,34.18205523265403],[-118.56290806240246,34.18213000176981],[-118.56301553569166,34.18212986214657]]]},"properties":{"building_pk":107066,"building_key":"lariac:391408889127","source_tile":"r04-c03","source_tile_ids":["r04-c03"],"source_bld_id":"391408889127","height_m":7.269,"receiver_ids":[222906,222907,222908,222909,222910,222911,222912],"receiver_keys":["r04-c03:expanded-facade-max4m:107066:0:1","r04-c03:expanded-facade-max4m:107066:0:2","r04-c03:expanded-facade-max4m:107066:0:3","r04-c03:expanded-facade-max4m:107066:0:4","r04-c03:expanded-facade-max4m:107066:0:5","r04-c03:expanded-facade-max4m:107066:0:6","r04-c03:expanded-facade-max4m:107066:0:7"],"receiver_count":7,"periods":{"D":{"min":61.079865,"max":62.8516,"receiver_count":7,"unavailable_count":0},"E":{"min":58.861378,"max":60.633114,"receiver_count":7,"unavailable_count":0},"N":{"min":54.090164,"max":55.8619,"receiver_count":7,"unavailable_count":0}}}},{"type":"Feature","id":"lariac:392216889726","geometry":{"type":"Polygon","coordinates":[[[-118.56032557490772,34.183726523125216],[-118.5602587469534,34.183745793085784],[-118.5602806918329,34.183798369591116],[-118.56034755236172,34.183779098566134],[-118.56032557490772,34.183726523125216]]]},"properties":{"building_pk":107279,"building_key":"lariac:392216889726","source_tile":"r04-c03","source_tile_ids":["r04-c03"],"source_bld_id":"392216889726","height_m":4.164,"receiver_ids":[223149,223150,223151,223152,223153,223154,223155],"receiver_keys":["r04-c03:expanded-facade-max4m:107279:0:1","r04-c03:expanded-facade-max4m:107279:0:2","r04-c03:expanded-facade-max4m:107279:0:3","r04-c03:expanded-facade-max4m:107279:0:4","r04-c03:expanded-facade-max4m:107279:0:5","r04-c03:expanded-facade-max4m:107279:0:6","r04-c03:expanded-facade-max4m:107279:0:7"],"receiver_count":7,"periods":{"D":{"min":58.23734,"max":60.41895,"receiver_count":7,"unavailable_count":0},"E":{"min":56.018852,"max":58.200462,"receiver_count":7,"unavailable_count":0},"N":{"min":51.24764,"max":53.42925,"receiver_count":7,"unavailable_count":0}}}},{"type":"Feature","id":"lariac:390597890055","geometry":{"type":"Polygon","coordinates":[[[-118.56568760181199,34.184719138442425],[-118.56568753417136,34.184715077298655],[-118.56572039879934,34.18471470361078],[-118.56571961490056,34.18466238701556],[-118.56574355218955,34.184662138018275],[-118.56574409002027,34.18469750130939],[-118.56581173737298,34.18469677286908],[-118.56581073489306,34.1846317337922],[-118.56581661973182,34.18463167921658],[-118.56581572902397,34.184573372354905],[-118.56573720381014,34.18457420667252],[-118.56573725757077,34.18457733928988],[-118.56572152009568,34.18457752288737],[-118.56572146022609,34.18457364832708],[-118.56558986884451,34.18457503365985],[-118.56559063628426,34.18462493148731],[-118.5655982405253,34.184624868882075],[-118.56559960657039,34.184714307476206],[-118.5656098239081,34.18471420470292],[-118.56560989711984,34.18471924940628],[-118.56568760181199,34.184719138442425]]]},"properties":{"building_pk":107421,"building_key":"lariac:390597890055","source_tile":"r04-c03","source_tile_ids":["r04-c03"],"source_bld_id":"390597890055","height_m":5.313,"receiver_ids":[223304,223305,223306,223307,223308,223309,223310,223311,223312,223313,223314,223315,223316],"receiver_keys":["r04-c03:expanded-facade-max4m:107421:0:11","r04-c03:expanded-facade-max4m:107421:0:13","r04-c03:expanded-facade-max4m:107421:0:14","r04-c03:expanded-facade-max4m:107421:0:15","r04-c03:expanded-facade-max4m:107421:0:16","r04-c03:expanded-facade-max4m:107421:0:17","r04-c03:expanded-facade-max4m:107421:0:18","r04-c03:expanded-facade-max4m:107421:0:19","r04-c03:expanded-facade-max4m:107421:0:5","r04-c03:expanded-facade-max4m:107421:0:6","r04-c03:expanded-facade-max4m:107421:0:7","r04-c03:expanded-facade-max4m:107421:0:8","r04-c03:expanded-facade-max4m:107421:0:9"],"receiver_count":13,"periods":{"D":{"min":50.352524,"max":58.249065,"receiver_count":13,"unavailable_count":0},"E":{"min":48.134037,"max":56.03058,"receiver_count":13,"unavailable_count":0},"N":{"min":43.362823,"max":51.259365,"receiver_count":13,"unavailable_count":0}}}},{"type":"Feature","id":"lariac:393008889455","geometry":{"type":"Polygon","coordinates":[[[-118.55775711257938,34.182966862777654],[-118.55767105074051,34.18293815956416],[-118.55764782940895,34.18298627297692],[-118.55760044125135,34.18297044305968],[-118.55759059199006,34.18299087869961],[-118.55755814909763,34.182980063675444],[-118.55753420934134,34.183029609326034],[-118.5576227894377,34.18305918003305],[-118.55761920297334,34.18306664332608],[-118.55769644974578,34.18309242024021],[-118.55775711257938,34.182966862777654]]]},"properties":{"building_pk":107709,"building_key":"lariac:393008889455","source_tile":"r04-c03","source_tile_ids":["r04-c03"],"source_bld_id":"393008889455","height_m":4.785,"receiver_ids":[223672,223673,223674,223675,223676,223677,223678,223679,223680,223681],"receiver_keys":["r04-c03:expanded-facade-max4m:107709:0:1","r04-c03:expanded-facade-max4m:107709:0:10","r04-c03:expanded-facade-max4m:107709:0:11","r04-c03:expanded-facade-max4m:107709:0:12","r04-c03:expanded-facade-max4m:107709:0:15","r04-c03:expanded-facade-max4m:107709:0:16","r04-c03:expanded-facade-max4m:107709:0:2","r04-c03:expanded-facade-max4m:107709:0:3","r04-c03:expanded-facade-max4m:107709:0:5","r04-c03:expanded-facade-max4m:107709:0:9"],"receiver_count":10,"periods":{"D":{"min":50.27818,"max":59.119858,"receiver_count":10,"unavailable_count":0},"E":{"min":48.05969,"max":56.90137,"receiver_count":10,"unavailable_count":0},"N":{"min":43.28848,"max":52.130157,"receiver_count":10,"unavailable_count":0}}}},{"type":"Feature","id":"lariac:393191888816","geometry":{"type":"Polygon","coordinates":[[[-118.55709957786715,34.1812955627212],[-118.55709893998183,34.18124448144178],[-118.55703208738986,34.181245064326546],[-118.55703222208938,34.181255341313715],[-118.5570143350535,34.18125550573321],[-118.55701483818983,34.18129631002581],[-118.55709957786715,34.1812955627212]]]},"properties":{"building_pk":107905,"building_key":"lariac:393191888816","source_tile":"r04-c03","source_tile_ids":["r04-c03"],"source_bld_id":"393191888816","height_m":2.813,"receiver_ids":[223953,223954,223955,223956],"receiver_keys":["r04-c03:expanded-facade-max4m:107905:0:1","r04-c03:expanded-facade-max4m:107905:0:5","r04-c03:expanded-facade-max4m:107905:0:6","r04-c03:expanded-facade-max4m:107905:0:7"],"receiver_count":4,"periods":{"D":{"min":60.369198,"max":60.567818,"receiver_count":4,"unavailable_count":0},"E":{"min":58.150707,"max":58.34933,"receiver_count":4,"unavailable_count":0},"N":{"min":53.379498,"max":53.578117,"receiver_count":4,"unavailable_count":0}}}},{"type":"Feature","id":"lariac:391563890513","geometry":{"type":"Polygon","coordinates":[[[-118.56242387963523,34.18598227433152],[-118.56253171010405,34.185982404865335],[-118.56253182248746,34.185905819912115],[-118.56255754759688,34.185905838203475],[-118.56255764421928,34.18585140157539],[-118.56246519060731,34.18585128160082],[-118.56246528009831,34.18579593805213],[-118.56238575589553,34.18579584083349],[-118.5623855611462,34.18590935795268],[-118.56242398455075,34.18590939927051],[-118.56242387963523,34.18598227433152]]]},"properties":{"building_pk":108161,"building_key":"lariac:391563890513","source_tile":"r04-c03","source_tile_ids":["r04-c03"],"source_bld_id":"391563890513","height_m":4.404,"receiver_ids":[224244,224245,224246,224247,224248,224249,224250,224251,224252,224253,224254,224255,224256,224257,224258,224259,224260],"receiver_keys":["r04-c03:expanded-facade-max4m:108161:0:1","r04-c03:expanded-facade-max4m:108161:0:10","r04-c03:expanded-facade-max4m:108161:0:11","r04-c03:expanded-facade-max4m:108161:0:12","r04-c03:expanded-facade-max4m:108161:0:13","r04-c03:expanded-facade-max4m:108161:0:14","r04-c03:expanded-facade-max4m:108161:0:15","r04-c03:expanded-facade-max4m:108161:0:16","r04-c03:expanded-facade-max4m:108161:0:17","r04-c03:expanded-facade-max4m:108161:0:18","r04-c03:expanded-facade-max4m:108161:0:19","r04-c03:expanded-facade-max4m:108161:0:2","r04-c03:expanded-facade-max4m:108161:0:3","r04-c03:expanded-facade-max4m:108161:0:4","r04-c03:expanded-facade-max4m:108161:0:5","r04-c03:expanded-facade-max4m:108161:0:8","r04-c03:expanded-facade-max4m:108161:0:9"],"receiver_count":17,"periods":{"D":{"min":59.46171,"max":70.22962,"receiver_count":17,"unavailable_count":0},"E":{"min":57.243225,"max":68.01113,"receiver_count":17,"unavailable_count":0},"N":{"min":52.47201,"max":63.23992,"receiver_count":17,"unavailable_count":0}}}},{"type":"Feature","id":"lariac:390804888406","geometry":{"type":"Polygon","coordinates":[[[-118.56500611219877,34.180085168858035],[-118.56494201764956,34.18005329032296],[-118.56488204123747,34.18013663971033],[-118.56494613582773,34.18016851827733],[-118.56500611219877,34.180085168858035]]]},"properties":{"building_pk":108635,"building_key":"lariac:390804888406","source_tile":"r04-c03","source_tile_ids":["r04-c03"],"source_bld_id":"390804888406","height_m":5.922,"receiver_ids":[225119,225120,225121,225122,225123,225124,225125,225126],"receiver_keys":["r04-c03:expanded-facade-max4m:108635:0:1","r04-c03:expanded-facade-max4m:108635:0:2","r04-c03:expanded-facade-max4m:108635:0:3","r04-c03:expanded-facade-max4m:108635:0:4","r04-c03:expanded-facade-max4m:108635:0:5","r04-c03:expanded-facade-max4m:108635:0:6","r04-c03:expanded-facade-max4m:108635:0:8","r04-c03:expanded-facade-max4m:108635:0:9"],"receiver_count":8,"periods":{"D":{"min":50.91718,"max":61.815018,"receiver_count":8,"unavailable_count":0},"E":{"min":48.698692,"max":59.596527,"receiver_count":8,"unavailable_count":0},"N":{"min":43.92748,"max":54.825317,"receiver_count":8,"unavailable_count":0}}}},{"type":"Feature","id":"lariac:201700286271","geometry":{"type":"Polygon","coordinates":[[[-118.5614522256652,34.180434063456275],[-118.56145711694464,34.18051379951152],[-118.56151145640546,34.180511497131285],[-118.56150656521368,34.180431781813134],[-118.5614522256652,34.180434063456275]]]},"properties":{"building_pk":109475,"building_key":"lariac:201700286271","source_tile":"r04-c03","source_tile_ids":["r04-c03"],"source_bld_id":"201700286271","height_m":2.518,"receiver_ids":[226025,226026,226027,226028,226029,226030,226031],"receiver_keys":["r04-c03:expanded-facade-max4m:109475:0:1","r04-c03:expanded-facade-max4m:109475:0:2","r04-c03:expanded-facade-max4m:109475:0:3","r04-c03:expanded-facade-max4m:109475:0:4","r04-c03:expanded-facade-max4m:109475:0:5","r04-c03:expanded-facade-max4m:109475:0:6","r04-c03:expanded-facade-max4m:109475:0:7"],"receiver_count":7,"periods":{"D":{"min":55.518887,"max":61.10095,"receiver_count":7,"unavailable_count":0},"E":{"min":53.3004,"max":58.882458,"receiver_count":7,"unavailable_count":0},"N":{"min":48.529186,"max":54.111248,"receiver_count":7,"unavailable_count":0}}}},{"type":"Feature","id":"lariac:201700286588","geometry":{"type":"Polygon","coordinates":[[[-118.56385054563384,34.18397721175467],[-118.56392220016639,34.183977509676744],[-118.56392223164872,34.183972370724106],[-118.56407724702767,34.18397296684105],[-118.56407734126351,34.18395752293748],[-118.56407772886519,34.18389250621954],[-118.56407808294205,34.18383232464329],[-118.56395229887866,34.183831812213434],[-118.56395224879671,34.18383917716717],[-118.56395202073374,34.183878829977935],[-118.56395179628024,34.18391419682747],[-118.56392187164654,34.183914061380655],[-118.5639218763654,34.18390993949541],[-118.56385094997178,34.18390966612692],[-118.56385054563384,34.18397721175467]]]},"properties":{"building_pk":109481,"building_key":"lariac:201700286588","source_tile":"r04-c03","source_tile_ids":["r04-c03"],"source_bld_id":"201700286588","height_m":3.883,"receiver_ids":[226032,226033,226034,226035,226036,226037,226038,226039,226040],"receiver_keys":["r04-c03:expanded-facade-max4m:109481:0:18","r04-c03:expanded-facade-max4m:109481:0:19","r04-c03:expanded-facade-max4m:109481:0:3","r04-c03:expanded-facade-max4m:109481:0:4","r04-c03:expanded-facade-max4m:109481:0:5","r04-c03:expanded-facade-max4m:109481:0:6","r04-c03:expanded-facade-max4m:109481:0:7","r04-c03:expanded-facade-max4m:109481:0:8","r04-c03:expanded-facade-max4m:109481:0:9"],"receiver_count":9,"periods":{"D":{"min":58.707966,"max":60.53875,"receiver_count":9,"unavailable_count":0},"E":{"min":56.48948,"max":58.32026,"receiver_count":9,"unavailable_count":0},"N":{"min":51.718266,"max":53.54905,"receiver_count":9,"unavailable_count":0}}}},{"type":"Feature","id":"lariac:201700286775","geometry":{"type":"Polygon","coordinates":[[[-118.56286905049136,34.1854640339253],[-118.56286974289425,34.18552895635687],[-118.56293301210471,34.185528489714876],[-118.5629323186893,34.18546358531904],[-118.56286905049136,34.1854640339253]]]},"properties":{"building_pk":109490,"building_key":"lariac:201700286775","source_tile":"r04-c03","source_tile_ids":["r04-c03"],"source_bld_id":"201700286775","height_m":2.752,"receiver_ids":[226126,226127,226128,226129,226130,226131,226132],"receiver_keys":["r04-c03:expanded-facade-max4m:109490:0:1","r04-c03:expanded-facade-max4m:109490:0:2","r04-c03:expanded-facade-max4m:109490:0:3","r04-c03:expanded-facade-max4m:109490:0:4","r04-c03:expanded-facade-max4m:109490:0:5","r04-c03:expanded-facade-max4m:109490:0:6","r04-c03:expanded-facade-max4m:109490:0:7"],"receiver_count":7,"periods":{"D":{"min":58.72717,"max":61.87345,"receiver_count":7,"unavailable_count":0},"E":{"min":56.508682,"max":59.654964,"receiver_count":7,"unavailable_count":0},"N":{"min":51.73747,"max":54.88375,"receiver_count":7,"unavailable_count":0}}}},{"type":"Feature","id":"lariac:391384890310","geometry":{"type":"Polygon","coordinates":[[[-118.56308252895253,34.18536458438045],[-118.56308223611912,34.1853357876963],[-118.563036705566,34.1853361366846],[-118.56303699928624,34.18536490631823],[-118.56308252895253,34.18536458438045]]]},"properties":{"building_pk":112163,"building_key":"lariac:391384890310","source_tile":"r04-c03","source_tile_ids":["r04-c03"],"source_bld_id":"391384890310","height_m":3.49,"receiver_ids":[227204,227205],"receiver_keys":["r04-c03:expanded-facade-max4m:112163:0:1","r04-c03:expanded-facade-max4m:112163:0:3"],"receiver_count":2,"periods":{"D":{"min":56.8213,"max":58.87077,"receiver_count":2,"unavailable_count":0},"E":{"min":54.60281,"max":56.65228,"receiver_count":2,"unavailable_count":0},"N":{"min":49.8316,"max":51.88107,"receiver_count":2,"unavailable_count":0}}}},{"type":"Feature","id":"lariac:393150889333","geometry":{"type":"Polygon","coordinates":[[[-118.55722417101484,34.18273350765665],[-118.55725072089618,34.1826789185223],[-118.55718612531248,34.182656508013125],[-118.55715917652704,34.18271098537609],[-118.55722417101484,34.18273350765665]]]},"properties":{"building_pk":112169,"building_key":"lariac:393150889333","source_tile":"r04-c03","source_tile_ids":["r04-c03"],"source_bld_id":"393150889333","height_m":4.947,"receiver_ids":[227212,227213,227214,227215,227216,227217],"receiver_keys":["r04-c03:expanded-facade-max4m:112169:0:2","r04-c03:expanded-facade-max4m:112169:0:3","r04-c03:expanded-facade-max4m:112169:0:4","r04-c03:expanded-facade-max4m:112169:0:5","r04-c03:expanded-facade-max4m:112169:0:6","r04-c03:expanded-facade-max4m:112169:0:7"],"receiver_count":6,"periods":{"D":{"min":47.68048,"max":60.070133,"receiver_count":6,"unavailable_count":0},"E":{"min":45.461994,"max":57.851646,"receiver_count":6,"unavailable_count":0},"N":{"min":40.69078,"max":53.080433,"receiver_count":6,"unavailable_count":0}}}},{"type":"Feature","id":"lariac:392356889212","geometry":{"type":"Polygon","coordinates":[[[-118.55967701001114,34.18240068970348],[-118.55988646122609,34.18239856633277],[-118.55988590855787,34.18236045518844],[-118.55987337787917,34.18236059613587],[-118.5598725842206,34.182306273629194],[-118.5598183945477,34.18230682647908],[-118.55981809120668,34.18228632856041],[-118.55986378425229,34.18228586913388],[-118.55986319060227,34.182246659196295],[-118.5596783380903,34.182248531667945],[-118.55967883326548,34.18228293322249],[-118.5597008196616,34.182282721492],[-118.55970178978441,34.1823485027169],[-118.55967623249798,34.18234875801776],[-118.55967701001114,34.18240068970348]]]},"properties":{"building_pk":112200,"building_key":"lariac:392356889212","source_tile":"r04-c03","source_tile_ids":["r04-c03"],"source_bld_id":"392356889212","height_m":4.572,"receiver_ids":[227305,227306,227307,227308,227309,227310,227311,227312,227313,227314,227315,227316,227317,227318,227319,227320,227321],"receiver_keys":["r04-c03:expanded-facade-max4m:112200:0:1","r04-c03:expanded-facade-max4m:112200:0:12","r04-c03:expanded-facade-max4m:112200:0:13","r04-c03:expanded-facade-max4m:112200:0:14","r04-c03:expanded-facade-max4m:112200:0:15","r04-c03:expanded-facade-max4m:112200:0:16","r04-c03:expanded-facade-max4m:112200:0:18","r04-c03:expanded-facade-max4m:112200:0:19","r04-c03:expanded-facade-max4m:112200:0:2","r04-c03:expanded-facade-max4m:112200:0:20","r04-c03:expanded-facade-max4m:112200:0:21","r04-c03:expanded-facade-max4m:112200:0:22","r04-c03:expanded-facade-max4m:112200:0:3","r04-c03:expanded-facade-max4m:112200:0:4","r04-c03:expanded-facade-max4m:112200:0:5","r04-c03:expanded-facade-max4m:112200:0:6","r04-c03:expanded-facade-max4m:112200:0:8"],"receiver_count":17,"periods":{"D":{"min":49.03638,"max":60.56015,"receiver_count":17,"unavailable_count":0},"E":{"min":46.817894,"max":58.341663,"receiver_count":17,"unavailable_count":0},"N":{"min":42.04668,"max":53.57045,"receiver_count":17,"unavailable_count":0}}}},{"type":"Feature","id":"lariac:392556889374","geometry":{"type":"Polygon","coordinates":[[[-118.55918900187686,34.18280999522976],[-118.55919135566045,34.18278629806498],[-118.55914845125355,34.18278333560402],[-118.5591460963792,34.182807033674514],[-118.55918900187686,34.18280999522976]]]},"properties":{"building_pk":112203,"building_key":"lariac:392556889374","source_tile":"r04-c03","source_tile_ids":["r04-c03"],"source_bld_id":"392556889374","height_m":3.097,"receiver_ids":[227322,227323,227324,227325],"receiver_keys":["r04-c03:expanded-facade-max4m:112203:0:1","r04-c03:expanded-facade-max4m:112203:0:2","r04-c03:expanded-facade-max4m:112203:0:3","r04-c03:expanded-facade-max4m:112203:0:4"],"receiver_count":4,"periods":{"D":{"min":60.261616,"max":60.40278,"receiver_count":4,"unavailable_count":0},"E":{"min":58.04313,"max":58.18429,"receiver_count":4,"unavailable_count":0},"N":{"min":53.271915,"max":53.41308,"receiver_count":4,"unavailable_count":0}}}},{"type":"Feature","id":"lariac:392014889484","geometry":{"type":"Polygon","coordinates":[[[-118.56102731598041,34.183080725689635],[-118.56097828081828,34.18304638429868],[-118.56089685145854,34.183126643320676],[-118.56094585300622,34.18316098490062],[-118.56102731598041,34.183080725689635]]]},"properties":{"building_pk":112226,"building_key":"lariac:392014889484","source_tile":"r04-c03","source_tile_ids":["r04-c03"],"source_bld_id":"392014889484","height_m":3.325,"receiver_ids":[227362,227363,227364,227365,227366,227367,227368,227369],"receiver_keys":["r04-c03:expanded-facade-max4m:112226:0:2","r04-c03:expanded-facade-max4m:112226:0:3","r04-c03:expanded-facade-max4m:112226:0:4","r04-c03:expanded-facade-max4m:112226:0:5","r04-c03:expanded-facade-max4m:112226:0:6","r04-c03:expanded-facade-max4m:112226:0:7","r04-c03:expanded-facade-max4m:112226:0:8","r04-c03:expanded-facade-max4m:112226:0:9"],"receiver_count":8,"periods":{"D":{"min":56.354973,"max":60.74652,"receiver_count":8,"unavailable_count":0},"E":{"min":54.136486,"max":58.528034,"receiver_count":8,"unavailable_count":0},"N":{"min":49.365273,"max":53.75682,"receiver_count":8,"unavailable_count":0}}}},{"type":"Feature","id":"lariac:390395890107","geometry":{"type":"Polygon","coordinates":[[[-118.56621962635408,34.1847343508534],[-118.56622003401947,34.184818820106344],[-118.56615810336876,34.18481902796908],[-118.56615834442432,34.18487412205935],[-118.56629437420183,34.18487367818003],[-118.56629414803928,34.18482575490893],[-118.56641516628676,34.18482538117586],[-118.56641474342491,34.184733740203136],[-118.56621962635408,34.1847343508534]]]},"properties":{"building_pk":112242,"building_key":"lariac:390395890107","source_tile":"r04-c03","source_tile_ids":["r04-c03"],"source_bld_id":"390395890107","height_m":4.74,"receiver_ids":[227388,227389,227390,227391,227392,227393,227394,227395,227396,227397,227398,227399,227400,227401,227402,227403],"receiver_keys":["r04-c03:expanded-facade-max4m:112242:0:1","r04-c03:expanded-facade-max4m:112242:0:10","r04-c03:expanded-facade-max4m:112242:0:11","r04-c03:expanded-facade-max4m:112242:0:12","r04-c03:expanded-facade-max4m:112242:0:13","r04-c03:expanded-facade-max4m:112242:0:14","r04-c03:expanded-facade-max4m:112242:0:15","r04-c03:expanded-facade-max4m:112242:0:16","r04-c03:expanded-facade-max4m:112242:0:19","r04-c03:expanded-facade-max4m:112242:0:2","r04-c03:expanded-facade-max4m:112242:0:20","r04-c03:expanded-facade-max4m:112242:0:4","r04-c03:expanded-facade-max4m:112242:0:5","r04-c03:expanded-facade-max4m:112242:0:7","r04-c03:expanded-facade-max4m:112242:0:8","r04-c03:expanded-facade-max4m:112242:0:9"],"receiver_count":16,"periods":{"D":{"min":50.0117,"max":58.024986,"receiver_count":16,"unavailable_count":0},"E":{"min":47.793213,"max":55.8065,"receiver_count":16,"unavailable_count":0},"N":{"min":43.022,"max":51.035286,"receiver_count":16,"unavailable_count":0}}}},{"type":"Feature","id":"lariac:391907889101","geometry":{"type":"Polygon","coordinates":[[[-118.56140085406487,34.182077323038925],[-118.56140071354794,34.18199749641139],[-118.56118893702951,34.18199776519771],[-118.56118907625326,34.182077590929005],[-118.56140085406487,34.182077323038925]]]},"properties":{"building_pk":112245,"building_key":"lariac:391907889101","source_tile":"r04-c03","source_tile_ids":["r04-c03"],"source_bld_id":"391907889101","height_m":5.471,"receiver_ids":[227404,227405,227406,227407,227408,227409,227410,227411,227412,227413,227414,227415,227416,227417,227418],"receiver_keys":["r04-c03:expanded-facade-max4m:112245:0:1","r04-c03:expanded-facade-max4m:112245:0:10","r04-c03:expanded-facade-max4m:112245:0:11","r04-c03:expanded-facade-max4m:112245:0:12","r04-c03:expanded-facade-max4m:112245:0:13","r04-c03:expanded-facade-max4m:112245:0:14","r04-c03:expanded-facade-max4m:112245:0:15","r04-c03:expanded-facade-max4m:112245:0:2","r04-c03:expanded-facade-max4m:112245:0:3","r04-c03:expanded-facade-max4m:112245:0:4","r04-c03:expanded-facade-max4m:112245:0:5","r04-c03:expanded-facade-max4m:112245:0:6","r04-c03:expanded-facade-max4m:112245:0:7","r04-c03:expanded-facade-max4m:112245:0:8","r04-c03:expanded-facade-max4m:112245:0:9"],"receiver_count":15,"periods":{"D":{"min":49.90295,"max":61.71238,"receiver_count":15,"unavailable_count":0},"E":{"min":47.684464,"max":59.493893,"receiver_count":15,"unavailable_count":0},"N":{"min":42.91325,"max":54.72268,"receiver_count":15,"unavailable_count":0}}}},{"type":"Feature","id":"lariac:390178890289","geometry":{"type":"Polygon","coordinates":[[[-118.56711299149869,34.18538617555944],[-118.56712849871774,34.18533735450513],[-118.56711949205983,34.18533539079775],[-118.56712441166121,34.18531986926966],[-118.56717444958664,34.18533084625582],[-118.56718597491056,34.18529457534228],[-118.56718998182403,34.18529546260531],[-118.56720969741947,34.1852334322014],[-118.56697987795567,34.1851829864243],[-118.56696388428293,34.185233348676846],[-118.56700372250853,34.185242092634766],[-118.56698403855562,34.18530401286753],[-118.56694363762695,34.1852951615521],[-118.56692764480596,34.18534549584783],[-118.56711299149869,34.18538617555944]]]},"properties":{"building_pk":112341,"building_key":"lariac:390178890289","source_tile":"r04-c03","source_tile_ids":["r04-c03"],"source_bld_id":"390178890289","height_m":6.748,"receiver_ids":[227560,227561,227562,227563,227564,227565,227566,227567,227568,227569,227570,227571,227572,227573,227574,227575,227576,227577,227578,227579],"receiver_keys":["r04-c03:expanded-facade-max4m:112341:0:1","r04-c03:expanded-facade-max4m:112341:0:10","r04-c03:expanded-facade-max4m:112341:0:11","r04-c03:expanded-facade-max4m:112341:0:12","r04-c03:expanded-facade-max4m:112341:0:13","r04-c03:expanded-facade-max4m:112341:0:14","r04-c03:expanded-facade-max4m:112341:0:16","r04-c03:expanded-facade-max4m:112341:0:17","r04-c03:expanded-facade-max4m:112341:0:18","r04-c03:expanded-facade-max4m:112341:0:19","r04-c03:expanded-facade-max4m:112341:0:20","r04-c03:expanded-facade-max4m:112341:0:21","r04-c03:expanded-facade-max4m:112341:0:22","r04-c03:expanded-facade-max4m:112341:0:23","r04-c03:expanded-facade-max4m:112341:0:4","r04-c03:expanded-facade-max4m:112341:0:5","r04-c03:expanded-facade-max4m:112341:0:6","r04-c03:expanded-facade-max4m:112341:0:7","r04-c03:expanded-facade-max4m:112341:0:8","r04-c03:expanded-facade-max4m:112341:0:9"],"receiver_count":20,"periods":{"D":{"min":52.105263,"max":63.148678,"receiver_count":20,"unavailable_count":0},"E":{"min":49.886776,"max":60.93019,"receiver_count":20,"unavailable_count":0},"N":{"min":45.115562,"max":56.158978,"receiver_count":20,"unavailable_count":0}}}},{"type":"Feature","id":"lariac:390002890395","geometry":{"type":"Polygon","coordinates":[[[-118.56764065094521,34.18568668533245],[-118.56767971425306,34.18564473341609],[-118.56768472966971,34.185647952734406],[-118.56772625488325,34.18560335132704],[-118.56768892607576,34.18557934529136],[-118.56769453938733,34.18557332817831],[-118.56772708586493,34.185594251738195],[-118.56776529608209,34.185553210752325],[-118.56758050902819,34.18543437897513],[-118.56750687887482,34.18551345279284],[-118.56755217915573,34.185542587333146],[-118.56754082128967,34.185554787144355],[-118.56752976175262,34.1855476663451],[-118.56749033671795,34.18559003191614],[-118.56764065094521,34.18568668533245]]]},"properties":{"building_pk":112404,"building_key":"lariac:390002890395","source_tile":"r04-c03","source_tile_ids":["r04-c03"],"source_bld_id":"390002890395","height_m":6.523,"receiver_ids":[227658,227659,227660,227661,227662,227663,227664,227665,227666,227667,227668,227669,227670,227671,227672,227673,227674,227675,227676],"receiver_keys":["r04-c03:expanded-facade-max4m:112404:0:1","r04-c03:expanded-facade-max4m:112404:0:10","r04-c03:expanded-facade-max4m:112404:0:11","r04-c03:expanded-facade-max4m:112404:0:12","r04-c03:expanded-facade-max4m:112404:0:13","r04-c03:expanded-facade-max4m:112404:0:14","r04-c03:expanded-facade-max4m:112404:0:15","r04-c03:expanded-facade-max4m:112404:0:16","r04-c03:expanded-facade-max4m:112404:0:18","r04-c03:expanded-facade-max4m:112404:0:19","r04-c03:expanded-facade-max4m:112404:0:20","r04-c03:expanded-facade-max4m:112404:0:21","r04-c03:expanded-facade-max4m:112404:0:22","r04-c03:expanded-facade-max4m:112404:0:23","r04-c03:expanded-facade-max4m:112404:0:3","r04-c03:expanded-facade-max4m:112404:0:6","r04-c03:expanded-facade-max4m:112404:0:7","r04-c03:expanded-facade-max4m:112404:0:8","r04-c03:expanded-facade-max4m:112404:0:9"],"receiver_count":19,"periods":{"D":{"min":60.32539,"max":71.11289,"receiver_count":19,"unavailable_count":0},"E":{"min":58.106903,"max":68.8944,"receiver_count":19,"unavailable_count":0},"N":{"min":53.33569,"max":64.12319,"receiver_count":19,"unavailable_count":0}}}},{"type":"Feature","id":"lariac:391554890033","geometry":{"type":"Polygon","coordinates":[[[-118.5625733454603,34.18463784920476],[-118.56258275027616,34.18452225626325],[-118.56249674724558,34.18451743451054],[-118.56249543459585,34.184533544008744],[-118.56241439201033,34.184528974099635],[-118.56239979715308,34.18470870091326],[-118.56247501737926,34.18471291294976],[-118.56248002677596,34.18465163869868],[-118.56246970718475,34.184651054705974],[-118.56247126547696,34.18463211411654],[-118.5625733454603,34.18463784920476]]]},"properties":{"building_pk":112492,"building_key":"lariac:391554890033","source_tile":"r04-c03","source_tile_ids":["r04-c03"],"source_bld_id":"391554890033","height_m":4.13,"receiver_ids":[227713,227714,227715,227716,227717,227718,227719,227720,227721,227722,227723,227724,227725,227726,227727,227728,227729,227730],"receiver_keys":["r04-c03:expanded-facade-max4m:112492:0:1","r04-c03:expanded-facade-max4m:112492:0:10","r04-c03:expanded-facade-max4m:112492:0:11","r04-c03:expanded-facade-max4m:112492:0:12","r04-c03:expanded-facade-max4m:112492:0:13","r04-c03:expanded-facade-max4m:112492:0:14","r04-c03:expanded-facade-max4m:112492:0:15","r04-c03:expanded-facade-max4m:112492:0:16","r04-c03:expanded-facade-max4m:112492:0:17","r04-c03:expanded-facade-max4m:112492:0:19","r04-c03:expanded-facade-max4m:112492:0:2","r04-c03:expanded-facade-max4m:112492:0:20","r04-c03:expanded-facade-max4m:112492:0:3","r04-c03:expanded-facade-max4m:112492:0:5","r04-c03:expanded-facade-max4m:112492:0:6","r04-c03:expanded-facade-max4m:112492:0:7","r04-c03:expanded-facade-max4m:112492:0:8","r04-c03:expanded-facade-max4m:112492:0:9"],"receiver_count":18,"periods":{"D":{"min":61.74104,"max":69.802086,"receiver_count":18,"unavailable_count":0},"E":{"min":59.522552,"max":67.583595,"receiver_count":18,"unavailable_count":0},"N":{"min":54.75134,"max":62.81238,"receiver_count":18,"unavailable_count":0}}}},{"type":"Feature","id":"lariac:390360890219","geometry":{"type":"Polygon","coordinates":[[[-118.56646469287777,34.18509903951469],[-118.56646997841031,34.18507235427099],[-118.56643055711045,34.185066521077424],[-118.56642503083117,34.185093220969904],[-118.56646469287777,34.18509903951469]]]},"properties":{"building_pk":112721,"building_key":"lariac:390360890219","source_tile":"r04-c03","source_tile_ids":["r04-c03"],"source_bld_id":"390360890219","height_m":3.822,"receiver_ids":[227952,227953,227954,227955],"receiver_keys":["r04-c03:expanded-facade-max4m:112721:0:1","r04-c03:expanded-facade-max4m:112721:0:2","r04-c03:expanded-facade-max4m:112721:0:3","r04-c03:expanded-facade-max4m:112721:0:4"],"receiver_count":4,"periods":{"D":{"min":57.909348,"max":59.282707,"receiver_count":4,"unavailable_count":0},"E":{"min":55.69086,"max":57.06422,"receiver_count":4,"unavailable_count":0},"N":{"min":50.919647,"max":52.293007,"receiver_count":4,"unavailable_count":0}}}},{"type":"Feature","id":"lariac:390343890034","geometry":{"type":"Polygon","coordinates":[[[-118.56647404659167,34.18458988331492],[-118.56651997696007,34.18459016314113],[-118.56652024915446,34.18456199579655],[-118.56647428517289,34.184561716127945],[-118.56647404659167,34.18458988331492]]]},"properties":{"building_pk":112962,"building_key":"lariac:390343890034","source_tile":"r04-c03","source_tile_ids":["r04-c03"],"source_bld_id":"390343890034","height_m":3.728,"receiver_ids":[228350,228351,228352,228353],"receiver_keys":["r04-c03:expanded-facade-max4m:112962:0:1","r04-c03:expanded-facade-max4m:112962:0:2","r04-c03:expanded-facade-max4m:112962:0:3","r04-c03:expanded-facade-max4m:112962:0:4"],"receiver_count":4,"periods":{"D":{"min":57.88363,"max":58.73559,"receiver_count":4,"unavailable_count":0},"E":{"min":55.665142,"max":56.517105,"receiver_count":4,"unavailable_count":0},"N":{"min":50.893932,"max":51.74589,"receiver_count":4,"unavailable_count":0}}}},{"type":"Feature","id":"lariac:391516889493","geometry":{"type":"Polygon","coordinates":[[[-118.56273331293052,34.183213877704574],[-118.56273284575903,34.18314935901968],[-118.56267733117994,34.183149617294774],[-118.56267654313966,34.183037616638494],[-118.5625599264473,34.183038159101066],[-118.56256114901471,34.18321470654203],[-118.56273331293052,34.183213877704574]]]},"properties":{"building_pk":112985,"building_key":"lariac:391516889493","source_tile":"r04-c03","source_tile_ids":["r04-c03"],"source_bld_id":"391516889493","height_m":4.188,"receiver_ids":[228360,228361,228362,228363,228364,228365,228366,228367,228368,228369,228370,228371,228372,228373,228374,228375,228376,228377],"receiver_keys":["r04-c03:expanded-facade-max4m:112985:0:1","r04-c03:expanded-facade-max4m:112985:0:10","r04-c03:expanded-facade-max4m:112985:0:11","r04-c03:expanded-facade-max4m:112985:0:12","r04-c03:expanded-facade-max4m:112985:0:13","r04-c03:expanded-facade-max4m:112985:0:14","r04-c03:expanded-facade-max4m:112985:0:15","r04-c03:expanded-facade-max4m:112985:0:16","r04-c03:expanded-facade-max4m:112985:0:17","r04-c03:expanded-facade-max4m:112985:0:18","r04-c03:expanded-facade-max4m:112985:0:2","r04-c03:expanded-facade-max4m:112985:0:3","r04-c03:expanded-facade-max4m:112985:0:4","r04-c03:expanded-facade-max4m:112985:0:5","r04-c03:expanded-facade-max4m:112985:0:6","r04-c03:expanded-facade-max4m:112985:0:7","r04-c03:expanded-facade-max4m:112985:0:8","r04-c03:expanded-facade-max4m:112985:0:9"],"receiver_count":18,"periods":{"D":{"min":61.805286,"max":67.175934,"receiver_count":18,"unavailable_count":0},"E":{"min":59.5868,"max":64.95745,"receiver_count":18,"unavailable_count":0},"N":{"min":54.815586,"max":60.186237,"receiver_count":18,"unavailable_count":0}}}},{"type":"Feature","id":"lariac:393237889363","geometry":{"type":"Polygon","coordinates":[[[-118.55700139788384,34.18271209704845],[-118.55691470555116,34.18268295624908],[-118.55689272168814,34.18272815092672],[-118.55684725427845,34.18271286181408],[-118.55683681718048,34.18273431613898],[-118.55680427377284,34.18272336434147],[-118.5567799408133,34.18277337865118],[-118.55687819830511,34.18280642317825],[-118.55687428477538,34.18281446494329],[-118.55694069568992,34.18283677440106],[-118.55700139788384,34.18271209704845]]]},"properties":{"building_pk":113086,"building_key":"lariac:393237889363","source_tile":"r04-c03","source_tile_ids":["r04-c03"],"source_bld_id":"393237889363","height_m":5.02,"receiver_ids":[228498],"receiver_keys":["r04-c03:expanded-facade-max4m:113086:0:1"],"receiver_count":1,"periods":{"D":{"min":59.888668,"max":59.888668,"receiver_count":1,"unavailable_count":0},"E":{"min":57.67018,"max":57.67018,"receiver_count":1,"unavailable_count":0},"N":{"min":52.898968,"max":52.898968,"receiver_count":1,"unavailable_count":0}}}},{"type":"Feature","id":"lariac:391399889705","geometry":{"type":"Polygon","coordinates":[[[-118.56302432740397,34.18370566479852],[-118.56302456780469,34.18367260583314],[-118.56298369831644,34.18367243906177],[-118.56298345771123,34.18370547008007],[-118.56302432740397,34.18370566479852]]]},"properties":{"building_pk":113481,"building_key":"lariac:391399889705","source_tile":"r04-c03","source_tile_ids":["r04-c03"],"source_bld_id":"391399889705","height_m":2.509,"receiver_ids":[228898,228899,228900,228901],"receiver_keys":["r04-c03:expanded-facade-max4m:113481:0:1","r04-c03:expanded-facade-max4m:113481:0:2","r04-c03:expanded-facade-max4m:113481:0:3","r04-c03:expanded-facade-max4m:113481:0:4"],"receiver_count":4,"periods":{"D":{"min":61.11434,"max":61.29635,"receiver_count":4,"unavailable_count":0},"E":{"min":58.895855,"max":59.07786,"receiver_count":4,"unavailable_count":0},"N":{"min":54.12464,"max":54.30665,"receiver_count":4,"unavailable_count":0}}}},{"type":"Feature","id":"lariac:392319889881","geometry":{"type":"Polygon","coordinates":[[[-118.56001494806347,34.18426734964007],[-118.56004469813158,34.184201949070584],[-118.56002730208665,34.18419647880804],[-118.56005294750389,34.18414019292606],[-118.55993713937796,34.184103797330366],[-118.5599238441634,34.184132986886475],[-118.55989723700041,34.18412461840761],[-118.55987370988669,34.18417633353605],[-118.5599005823027,34.18418478283287],[-118.55988200897546,34.18422556453719],[-118.56001494806347,34.18426734964007]]]},"properties":{"building_pk":113638,"building_key":"lariac:392319889881","source_tile":"r04-c03","source_tile_ids":["r04-c03"],"source_bld_id":"392319889881","height_m":5.31,"receiver_ids":[229114,229115,229116,229117,229118,229119,229120],"receiver_keys":["r04-c03:expanded-facade-max4m:113638:0:10","r04-c03:expanded-facade-max4m:113638:0:4","r04-c03:expanded-facade-max4m:113638:0:5","r04-c03:expanded-facade-max4m:113638:0:6","r04-c03:expanded-facade-max4m:113638:0:7","r04-c03:expanded-facade-max4m:113638:0:8","r04-c03:expanded-facade-max4m:113638:0:9"],"receiver_count":7,"periods":{"D":{"min":51.87808,"max":55.223812,"receiver_count":7,"unavailable_count":0},"E":{"min":49.65959,"max":53.005325,"receiver_count":7,"unavailable_count":0},"N":{"min":44.888382,"max":48.23411,"receiver_count":7,"unavailable_count":0}}}},{"type":"Feature","id":"lariac:201700286533","geometry":{"type":"Polygon","coordinates":[[[-118.55753400641859,34.18347901670395],[-118.557581815693,34.18350084989563],[-118.55759929799798,34.183476546601355],[-118.55764592265452,34.18349805255909],[-118.55767057368624,34.18346111711714],[-118.55770321118436,34.18347619011139],[-118.55773585026535,34.18342731923744],[-118.55770908460586,34.18341496708464],[-118.55772047732228,34.18339790511007],[-118.55764628184527,34.183363678389206],[-118.55763714803149,34.183377377097905],[-118.55757555686992,34.183348972996626],[-118.5575160391954,34.183438142354895],[-118.55755117278194,34.18345434794441],[-118.55753400641859,34.18347901670395]]]},"properties":{"building_pk":114086,"building_key":"lariac:201700286533","source_tile":"r04-c03","source_tile_ids":["r04-c03"],"source_bld_id":"201700286533","height_m":5.98,"receiver_ids":[229674,229675,229676,229677],"receiver_keys":["r04-c03:expanded-facade-max4m:114086:0:10","r04-c03:expanded-facade-max4m:114086:0:12","r04-c03:expanded-facade-max4m:114086:0:13","r04-c03:expanded-facade-max4m:114086:0:9"],"receiver_count":4,"periods":{"D":{"min":57.82881,"max":59.13493,"receiver_count":4,"unavailable_count":0},"E":{"min":55.610325,"max":56.916443,"receiver_count":4,"unavailable_count":0},"N":{"min":50.83911,"max":52.14523,"receiver_count":4,"unavailable_count":0}}}}],"metadata":{"model":"tarzana-combined-road-study-r02-v1","tile_id":"r04-c03","status":"candidate_pending_owner_review","coordinate_crs":"OGC:CRS84","source_projected_crs":"EPSG:26911","bbox_wgs84":[-118.5678598723994,34.179812800010154,-118.55696503138103,34.18608755835723],"receiver_count":8668,"numeric_rows":26004,"numeric_laeq_min":36.203217,"numeric_laeq_max":82.51415,"masked_ids":[],"receiver_height_counts_m":{"1.5":4559,"4.0":4109},"building_count":386,"facade_receiver_count":4109,"attempt_id":"phase1-tarzana-full-mixed-r04-c03-union-hf583-nv-mac8-v1","source_hashes":{"export":"6dfa4240fc22ed54feb6df828fbd87fd5aafdabb9ce3253078a609cb3ba6caad"},"shared_building_source_ids":["2014121103110000","201700286247","201700286251","201700286713","389917890251","389954888609","389957890321","389966888468","390297888324","390470888312","390523888374","390722888293","390845888304","390891888313","390914888298","391905888326"],"quality_flags":{"physical_ceiling_margin_db":6.0,"physical_ceiling_masked_ids":[],"on_road_distance_m":3.0,"on_road_count":46,"method":"science/qa/physical_ceiling.py; science/pipeline/build_tile_assets.py"},"assumptions":{"source_scenario":"Assumed historical-context mixed-road scenario (852 corrected freeway + 583 corrected lower-road sources).","traffic":"Evening flow = 0.6 × day, night = 0.2 × day. Not observed or current traffic.","method":"Direct union export copied as emitted; physically impossible receivers masked, on-road receivers labelled.","calibration":"Uncalibrated modeled exterior LAeq; not a measurement, interior level, or quietness rating."}}}
