{"type":"FeatureCollection","features":[{"type":"Feature","id":"lariac:388647886780","geometry":{"type":"Polygon","coordinates":[[[-118.57193344211126,34.17568669301563],[-118.57196664852306,34.17569335075477],[-118.57196164150986,34.175710466830694],[-118.57200683322971,34.17571954081424],[-118.57201161390697,34.17570311368592],[-118.57201697758303,34.17570418730056],[-118.57203203028499,34.1756523998628],[-118.57207437489917,34.175660883252256],[-118.57205770773847,34.17571831118666],[-118.57212968424952,34.17573275424557],[-118.57215190703157,34.17565628462583],[-118.57216144190278,34.175658218408586],[-118.57219426026484,34.17554534384101],[-118.57213152098433,34.175532752170675],[-118.57212771005806,34.175545850718976],[-118.572071823621,34.17553462850142],[-118.5720639752695,34.175561650677764],[-118.57197498117789,34.1755437702362],[-118.57193344211126,34.17568669301563]]]},"properties":{"building_pk":2069,"building_key":"lariac:388647886780","source_tile":"r03-c02","source_tile_ids":["r03-c02"],"source_bld_id":"388647886780","height_m":4.517,"receiver_ids":[145353,145354,145355,145356,145357,145358,145359],"receiver_keys":["r03-c02:expanded-facade-max4m:2069:0:1","r03-c02:expanded-facade-max4m:2069:0:2","r03-c02:expanded-facade-max4m:2069:0:21","r03-c02:expanded-facade-max4m:2069:0:22","r03-c02:expanded-facade-max4m:2069:0:23","r03-c02:expanded-facade-max4m:2069:0:24","r03-c02:expanded-facade-max4m:2069:0:25"],"receiver_count":7,"periods":{"D":{"min":66.994415,"max":70.47262,"receiver_count":7,"unavailable_count":0},"E":{"min":64.77593,"max":68.25413,"receiver_count":7,"unavailable_count":0},"N":{"min":60.004715,"max":63.482918,"receiver_count":7,"unavailable_count":0}}}},{"type":"Feature","id":"lariac:389081887679","geometry":{"type":"Polygon","coordinates":[[[-118.57055970627438,34.17816020511367],[-118.57070351090819,34.178157300699205],[-118.57070122673824,34.1780793810103],[-118.57093369481271,34.17807468395051],[-118.57093119564281,34.177989620534305],[-118.57078613431126,34.177992558198234],[-118.57078652084836,34.17800547191034],[-118.57068126205918,34.17800761755872],[-118.57068117148602,34.17800404516256],[-118.57055521848514,34.17800659036526],[-118.57055970627438,34.17816020511367]]]},"properties":{"building_pk":2488,"building_key":"lariac:389081887679","source_tile":"r03-c02","source_tile_ids":["r03-c02"],"source_bld_id":"389081887679","height_m":4.389,"receiver_ids":[146124,146125,146126,146127,146128,146129,146130,146131,146132,146133,146134,146135,146136,146137,146138,146139,146140,146141,146142,146143,146144,146145,146146,146147,146148,146149],"receiver_keys":["r03-c02:expanded-facade-max4m:2488:0:1","r03-c02:expanded-facade-max4m:2488:0:10","r03-c02:expanded-facade-max4m:2488:0:11","r03-c02:expanded-facade-max4m:2488:0:12","r03-c02:expanded-facade-max4m:2488:0:13","r03-c02:expanded-facade-max4m:2488:0:14","r03-c02:expanded-facade-max4m:2488:0:15","r03-c02:expanded-facade-max4m:2488:0:16","r03-c02:expanded-facade-max4m:2488:0:17","r03-c02:expanded-facade-max4m:2488:0:18","r03-c02:expanded-facade-max4m:2488:0:19","r03-c02:expanded-facade-max4m:2488:0:2","r03-c02:expanded-facade-max4m:2488:0:20","r03-c02:expanded-facade-max4m:2488:0:21","r03-c02:expanded-facade-max4m:2488:0:22","r03-c02:expanded-facade-max4m:2488:0:23","r03-c02:expanded-facade-max4m:2488:0:24","r03-c02:expanded-facade-max4m:2488:0:25","r03-c02:expanded-facade-max4m:2488:0:26","r03-c02:expanded-facade-max4m:2488:0:27","r03-c02:expanded-facade-max4m:2488:0:3","r03-c02:expanded-facade-max4m:2488:0:4","r03-c02:expanded-facade-max4m:2488:0:5","r03-c02:expanded-facade-max4m:2488:0:7","r03-c02:expanded-facade-max4m:2488:0:8","r03-c02:expanded-facade-max4m:2488:0:9"],"receiver_count":26,"periods":{"D":{"min":55.892982,"max":65.5416,"receiver_count":26,"unavailable_count":0},"E":{"min":53.67449,"max":63.323112,"receiver_count":26,"unavailable_count":0},"N":{"min":48.903282,"max":58.551903,"receiver_count":26,"unavailable_count":0}}}},{"type":"Feature","id":"lariac:386655887885","geometry":{"type":"Polygon","coordinates":[[[-118.57874425311128,34.17865996312429],[-118.57874425747153,34.1785650781334],[-118.57867439487828,34.17856505541181],[-118.57867439085308,34.178531118550154],[-118.57866637125301,34.17853142828638],[-118.57866572118328,34.17848377749947],[-118.57856490672158,34.17848506219144],[-118.57856649007684,34.17859574368026],[-118.57857039090834,34.178595752065796],[-118.57857037617062,34.17865079329793],[-118.57854686720198,34.17865076782177],[-118.57854686049563,34.17871652568783],[-118.57863705684899,34.178716534143454],[-118.57863706241127,34.17866487284947],[-118.5786632159273,34.178664885655046],[-118.57866321528941,34.178659938877416],[-118.57874425311128,34.17865996312429]]]},"properties":{"building_pk":2687,"building_key":"lariac:386655887885","source_tile":"r03-c02","source_tile_ids":["r03-c02"],"source_bld_id":"386655887885","height_m":5.444,"receiver_ids":[146435,146436,146437,146438,146439,146440,146441,146442,146443],"receiver_keys":["r03-c02:expanded-facade-max4m:2687:0:10","r03-c02:expanded-facade-max4m:2687:0:11","r03-c02:expanded-facade-max4m:2687:0:12","r03-c02:expanded-facade-max4m:2687:0:13","r03-c02:expanded-facade-max4m:2687:0:14","r03-c02:expanded-facade-max4m:2687:0:15","r03-c02:expanded-facade-max4m:2687:0:16","r03-c02:expanded-facade-max4m:2687:0:17","r03-c02:expanded-facade-max4m:2687:0:18"],"receiver_count":9,"periods":{"D":{"min":53.649902,"max":58.79807,"receiver_count":9,"unavailable_count":0},"E":{"min":51.431416,"max":56.57958,"receiver_count":9,"unavailable_count":0},"N":{"min":46.660202,"max":51.80837,"receiver_count":9,"unavailable_count":0}}}},{"type":"Feature","id":"lariac:389189886117","geometry":{"type":"Polygon","coordinates":[[[-118.570228252534,34.173806213522624],[-118.57025381110692,34.17380653206079],[-118.57025429288002,34.17378017762515],[-118.57022873430907,34.173779858185526],[-118.570228252534,34.173806213522624]]]},"properties":{"building_pk":2832,"building_key":"lariac:389189886117","source_tile":"r03-c02","source_tile_ids":["r03-c02"],"source_bld_id":"389189886117","height_m":2.237,"receiver_ids":[146614,146615,146616],"receiver_keys":["r03-c02:expanded-facade-max4m:2832:0:1","r03-c02:expanded-facade-max4m:2832:0:2","r03-c02:expanded-facade-max4m:2832:0:3"],"receiver_count":3,"periods":{"D":{"min":75.243645,"max":75.27101,"receiver_count":3,"unavailable_count":0},"E":{"min":73.025154,"max":73.05252,"receiver_count":3,"unavailable_count":0},"N":{"min":68.253944,"max":68.28131,"receiver_count":3,"unavailable_count":0}}}},{"type":"Feature","id":"lariac:388700886115","geometry":{"type":"Polygon","coordinates":[[[-118.57180166082769,34.173861409424696],[-118.57180167418001,34.173863360305305],[-118.57191741410801,34.17386226307503],[-118.57191601114432,34.173758728144314],[-118.57197730312848,34.17375816420484],[-118.57197624776873,34.17368117182607],[-118.57196550356164,34.173681277635474],[-118.57196563538285,34.17369086764992],[-118.57176245260148,34.17369279037808],[-118.57176382114368,34.1737913236996],[-118.571800683118,34.173790984434746],[-118.57180166082769,34.173861409424696]]]},"properties":{"building_pk":2956,"building_key":"lariac:388700886115","source_tile":"r03-c02","source_tile_ids":["r03-c02"],"source_bld_id":"388700886115","height_m":4.148,"receiver_ids":[146832,146833,146834,146835,146836,146837,146838,146839,146840,146841,146842,146843,146844,146845,146846,146847,146848,146849,146850],"receiver_keys":["r03-c02:expanded-facade-max4m:2956:0:1","r03-c02:expanded-facade-max4m:2956:0:10","r03-c02:expanded-facade-max4m:2956:0:11","r03-c02:expanded-facade-max4m:2956:0:12","r03-c02:expanded-facade-max4m:2956:0:13","r03-c02:expanded-facade-max4m:2956:0:14","r03-c02:expanded-facade-max4m:2956:0:15","r03-c02:expanded-facade-max4m:2956:0:16","r03-c02:expanded-facade-max4m:2956:0:17","r03-c02:expanded-facade-max4m:2956:0:18","r03-c02:expanded-facade-max4m:2956:0:19","r03-c02:expanded-facade-max4m:2956:0:2","r03-c02:expanded-facade-max4m:2956:0:20","r03-c02:expanded-facade-max4m:2956:0:3","r03-c02:expanded-facade-max4m:2956:0:4","r03-c02:expanded-facade-max4m:2956:0:5","r03-c02:expanded-facade-max4m:2956:0:7","r03-c02:expanded-facade-max4m:2956:0:8","r03-c02:expanded-facade-max4m:2956:0:9"],"receiver_count":19,"periods":{"D":{"min":71.39872,"max":74.0145,"receiver_count":19,"unavailable_count":0},"E":{"min":69.18024,"max":71.79601,"receiver_count":19,"unavailable_count":0},"N":{"min":64.40902,"max":67.0248,"receiver_count":19,"unavailable_count":0}}}},{"type":"Feature","id":"lariac:388655888027","geometry":{"type":"Polygon","coordinates":[[[-118.57194903478721,34.179007447651635],[-118.571959808979,34.179006709721975],[-118.5719709344256,34.17912017337589],[-118.5720371452949,34.179113100445406],[-118.57207551231369,34.179100608371556],[-118.57212382703521,34.17909705493001],[-118.5721205078427,34.17907110342306],[-118.57216425812126,34.17906726863796],[-118.57216397971037,34.17906526401682],[-118.57222653162509,34.179059774276375],[-118.5722244608542,34.17902288021976],[-118.5721570949099,34.179025533933334],[-118.57215007971708,34.17897151587543],[-118.57203727021786,34.178981640130615],[-118.5720296260988,34.17892273325626],[-118.57193912074129,34.178930855074526],[-118.57194903478721,34.179007447651635]]]},"properties":{"building_pk":3158,"building_key":"lariac:388655888027","source_tile":"r03-c02","source_tile_ids":["r03-c02"],"source_bld_id":"388655888027","height_m":4.685,"receiver_ids":[147223,147224,147225,147226,147227,147228,147229,147230,147231,147232,147233,147234,147235,147236,147237,147238,147239,147240,147241,147242],"receiver_keys":["r03-c02:expanded-facade-max4m:3158:0:1","r03-c02:expanded-facade-max4m:3158:0:10","r03-c02:expanded-facade-max4m:3158:0:11","r03-c02:expanded-facade-max4m:3158:0:13","r03-c02:expanded-facade-max4m:3158:0:14","r03-c02:expanded-facade-max4m:3158:0:15","r03-c02:expanded-facade-max4m:3158:0:16","r03-c02:expanded-facade-max4m:3158:0:17","r03-c02:expanded-facade-max4m:3158:0:18","r03-c02:expanded-facade-max4m:3158:0:19","r03-c02:expanded-facade-max4m:3158:0:20","r03-c02:expanded-facade-max4m:3158:0:21","r03-c02:expanded-facade-max4m:3158:0:22","r03-c02:expanded-facade-max4m:3158:0:23","r03-c02:expanded-facade-max4m:3158:0:4","r03-c02:expanded-facade-max4m:3158:0:5","r03-c02:expanded-facade-max4m:3158:0:6","r03-c02:expanded-facade-max4m:3158:0:7","r03-c02:expanded-facade-max4m:3158:0:8","r03-c02:expanded-facade-max4m:3158:0:9"],"receiver_count":20,"periods":{"D":{"min":56.95199,"max":63.018818,"receiver_count":20,"unavailable_count":0},"E":{"min":54.7335,"max":60.80033,"receiver_count":20,"unavailable_count":0},"N":{"min":49.962288,"max":56.029118,"receiver_count":20,"unavailable_count":0}}}},{"type":"Feature","id":"lariac:388421888191","geometry":{"type":"Polygon","coordinates":[[[-118.57283840323055,34.17940182431584],[-118.5728307728712,34.17940765829373],[-118.57280951391313,34.17938855065675],[-118.57270238865864,34.1794707542016],[-118.57272334869755,34.17948961534797],[-118.57271874318236,34.17949315408515],[-118.5727777967471,34.17954632164113],[-118.57278273032084,34.17954253342312],[-118.57280472079155,34.179562324577965],[-118.57281606846736,34.17955361509732],[-118.57282997403655,34.179566106861735],[-118.57282316589294,34.17957130496158],[-118.57285004720875,34.179595469780445],[-118.57285527667545,34.179591487227256],[-118.57286016788115,34.17959591589065],[-118.5729560759904,34.179522311995555],[-118.57290540742419,34.179476717455884],[-118.57291412407278,34.17946999841933],[-118.57283840323055,34.17940182431584]]]},"properties":{"building_pk":3246,"building_key":"lariac:388421888191","source_tile":"r03-c02","source_tile_ids":["r03-c02"],"source_bld_id":"388421888191","height_m":8.793,"receiver_ids":[147332,147333,147334,147335,147336,147337,147338,147339,147340,147341,147342,147343,147344,147345,147346,147347,147348],"receiver_keys":["r03-c02:expanded-facade-max4m:3246:0:1","r03-c02:expanded-facade-max4m:3246:0:10","r03-c02:expanded-facade-max4m:3246:0:11","r03-c02:expanded-facade-max4m:3246:0:12","r03-c02:expanded-facade-max4m:3246:0:13","r03-c02:expanded-facade-max4m:3246:0:14","r03-c02:expanded-facade-max4m:3246:0:15","r03-c02:expanded-facade-max4m:3246:0:16","r03-c02:expanded-facade-max4m:3246:0:17","r03-c02:expanded-facade-max4m:3246:0:18","r03-c02:expanded-facade-max4m:3246:0:2","r03-c02:expanded-facade-max4m:3246:0:3","r03-c02:expanded-facade-max4m:3246:0:4","r03-c02:expanded-facade-max4m:3246:0:5","r03-c02:expanded-facade-max4m:3246:0:6","r03-c02:expanded-facade-max4m:3246:0:7","r03-c02:expanded-facade-max4m:3246:0:8"],"receiver_count":17,"periods":{"D":{"min":52.48712,"max":69.4213,"receiver_count":17,"unavailable_count":0},"E":{"min":50.268635,"max":67.20281,"receiver_count":17,"unavailable_count":0},"N":{"min":45.49742,"max":62.431602,"receiver_count":17,"unavailable_count":0}}}},{"type":"Feature","id":"lariac:389294886768","geometry":{"type":"Polygon","coordinates":[[[-118.56985125367063,34.17564335065398],[-118.56996558464186,34.17563888204956],[-118.56995934681818,34.1755289121235],[-118.56984501491245,34.17553338072718],[-118.56985125367063,34.17564335065398]]]},"properties":{"building_pk":3717,"building_key":"lariac:389294886768","source_tile":"r03-c02","source_tile_ids":["r03-c02"],"source_bld_id":"389294886768","height_m":5.121,"receiver_ids":[147864,147865,147866,147867,147868,147869,147870,147871,147872],"receiver_keys":["r03-c02:expanded-facade-max4m:3717:0:1","r03-c02:expanded-facade-max4m:3717:0:2","r03-c02:expanded-facade-max4m:3717:0:3","r03-c02:expanded-facade-max4m:3717:0:4","r03-c02:expanded-facade-max4m:3717:0:5","r03-c02:expanded-facade-max4m:3717:0:6","r03-c02:expanded-facade-max4m:3717:0:7","r03-c02:expanded-facade-max4m:3717:0:8","r03-c02:expanded-facade-max4m:3717:0:9"],"receiver_count":9,"periods":{"D":{"min":61.81261,"max":71.48973,"receiver_count":9,"unavailable_count":0},"E":{"min":59.594124,"max":69.27124,"receiver_count":9,"unavailable_count":0},"N":{"min":54.82291,"max":64.50003,"receiver_count":9,"unavailable_count":0}}}},{"type":"Feature","id":"lariac:389452888100","geometry":{"type":"Polygon","coordinates":[[[-118.56934352993758,34.179269114834966],[-118.56935779759702,34.179271630596055],[-118.56934395144273,34.17932618696807],[-118.56942508782485,34.17934042354648],[-118.5694244123289,34.17934317463637],[-118.56944870964458,34.17934743002767],[-118.56946014085649,34.179302392708934],[-118.56948417329815,34.17930662139232],[-118.56949508881293,34.179263592436406],[-118.5694742667683,34.17925992562778],[-118.56947935425809,34.17923986934003],[-118.56946819827465,34.1792379159308],[-118.56948442688717,34.17917403266011],[-118.56937267026204,34.179154416511196],[-118.56934352993758,34.179269114834966]]]},"properties":{"building_pk":3796,"building_key":"lariac:389452888100","source_tile":"r03-c02","source_tile_ids":["r03-c02"],"source_bld_id":"389452888100","height_m":5.407,"receiver_ids":[147924,147925,147926,147927,147928,147929],"receiver_keys":["r03-c02:expanded-facade-max4m:3796:0:2","r03-c02:expanded-facade-max4m:3796:0:3","r03-c02:expanded-facade-max4m:3796:0:4","r03-c02:expanded-facade-max4m:3796:0:5","r03-c02:expanded-facade-max4m:3796:0:6","r03-c02:expanded-facade-max4m:3796:0:7"],"receiver_count":6,"periods":{"D":{"min":54.157158,"max":63.841637,"receiver_count":6,"unavailable_count":0},"E":{"min":51.93867,"max":61.623146,"receiver_count":6,"unavailable_count":0},"N":{"min":47.167458,"max":56.851936,"receiver_count":6,"unavailable_count":0}}}},{"type":"Feature","id":"lariac:388877886472","geometry":{"type":"Polygon","coordinates":[[[-118.57137333075633,34.17480627071749],[-118.57137330427607,34.17479272422458],[-118.57137327173602,34.17479272437831],[-118.57133994581145,34.17479279888078],[-118.57133971614029,34.17468673046996],[-118.57122238199345,34.17468692771744],[-118.57122274689576,34.17485166354168],[-118.57119583568209,34.17485170770569],[-118.57119599129133,34.17491317792734],[-118.57127490905657,34.17491302514585],[-118.57127476298446,34.1748578756123],[-118.57137345152795,34.17485771141382],[-118.57138161781285,34.174857644883865],[-118.5713814312537,34.17480626039411],[-118.57137333075633,34.17480627071749]]]},"properties":{"building_pk":3829,"building_key":"lariac:388877886472","source_tile":"r03-c02","source_tile_ids":["r03-c02"],"source_bld_id":"388877886472","height_m":3.517,"receiver_ids":[147962,147963,147964,147965,147966,147967,147968,147969,147970,147971,147972,147973,147974,147975,147976,147977,147978,147979,147980,147981],"receiver_keys":["r03-c02:expanded-facade-max4m:3829:0:1","r03-c02:expanded-facade-max4m:3829:0:10","r03-c02:expanded-facade-max4m:3829:0:11","r03-c02:expanded-facade-max4m:3829:0:12","r03-c02:expanded-facade-max4m:3829:0:13","r03-c02:expanded-facade-max4m:3829:0:14","r03-c02:expanded-facade-max4m:3829:0:15","r03-c02:expanded-facade-max4m:3829:0:16","r03-c02:expanded-facade-max4m:3829:0:19","r03-c02:expanded-facade-max4m:3829:0:2","r03-c02:expanded-facade-max4m:3829:0:20","r03-c02:expanded-facade-max4m:3829:0:21","r03-c02:expanded-facade-max4m:3829:0:22","r03-c02:expanded-facade-max4m:3829:0:3","r03-c02:expanded-facade-max4m:3829:0:4","r03-c02:expanded-facade-max4m:3829:0:5","r03-c02:expanded-facade-max4m:3829:0:6","r03-c02:expanded-facade-max4m:3829:0:7","r03-c02:expanded-facade-max4m:3829:0:8","r03-c02:expanded-facade-max4m:3829:0:9"],"receiver_count":20,"periods":{"D":{"min":71.9478,"max":73.67689,"receiver_count":20,"unavailable_count":0},"E":{"min":69.72931,"max":71.4584,"receiver_count":20,"unavailable_count":0},"N":{"min":64.9581,"max":66.68719,"receiver_count":20,"unavailable_count":0}}}},{"type":"Feature","id":"lariac:201700286098","geometry":{"type":"Polygon","coordinates":[[[-118.57347941517978,34.1783736276215],[-118.57354666552568,34.178422632264414],[-118.57360159881947,34.17837055903023],[-118.57361231008353,34.17837836429499],[-118.57373255610742,34.178264378622394],[-118.57374984756626,34.178276938062055],[-118.57377474857233,34.17825333377186],[-118.57369935005205,34.17819839246502],[-118.57369823244855,34.17819945257447],[-118.57367551152828,34.17818289708783],[-118.5736556165923,34.17820175712142],[-118.57364931630538,34.178197165683486],[-118.57359309525447,34.17825045852732],[-118.57357824123899,34.17823963470056],[-118.57351048727318,34.1783038611482],[-118.57352764598181,34.17831636445168],[-118.57351851217163,34.17832502293237],[-118.57346704913854,34.17828752196412],[-118.57341414519598,34.17833767153473],[-118.57347249395809,34.17838018943119],[-118.57347941517978,34.1783736276215]]]},"properties":{"building_pk":4472,"building_key":"lariac:201700286098","source_tile":"r03-c02","source_tile_ids":["r03-c02"],"source_bld_id":"201700286098","height_m":5.7,"receiver_ids":[148661,148662,148663,148664,148665,148666,148667,148668,148669,148670,148671,148672,148673,148674,148675,148676,148677,148678,148679,148680,148681,148682,148683],"receiver_keys":["r03-c02:expanded-facade-max4m:4472:0:1","r03-c02:expanded-facade-max4m:4472:0:10","r03-c02:expanded-facade-max4m:4472:0:11","r03-c02:expanded-facade-max4m:4472:0:12","r03-c02:expanded-facade-max4m:4472:0:13","r03-c02:expanded-facade-max4m:4472:0:14","r03-c02:expanded-facade-max4m:4472:0:15","r03-c02:expanded-facade-max4m:4472:0:16","r03-c02:expanded-facade-max4m:4472:0:17","r03-c02:expanded-facade-max4m:4472:0:18","r03-c02:expanded-facade-max4m:4472:0:19","r03-c02:expanded-facade-max4m:4472:0:2","r03-c02:expanded-facade-max4m:4472:0:21","r03-c02:expanded-facade-max4m:4472:0:22","r03-c02:expanded-facade-max4m:4472:0:23","r03-c02:expanded-facade-max4m:4472:0:24","r03-c02:expanded-facade-max4m:4472:0:25","r03-c02:expanded-facade-max4m:4472:0:3","r03-c02:expanded-facade-max4m:4472:0:4","r03-c02:expanded-facade-max4m:4472:0:5","r03-c02:expanded-facade-max4m:4472:0:6","r03-c02:expanded-facade-max4m:4472:0:7","r03-c02:expanded-facade-max4m:4472:0:8"],"receiver_count":23,"periods":{"D":{"min":53.484295,"max":57.358044,"receiver_count":23,"unavailable_count":0},"E":{"min":51.26581,"max":55.139557,"receiver_count":23,"unavailable_count":0},"N":{"min":46.494595,"max":50.368343,"receiver_count":23,"unavailable_count":0}}}},{"type":"Feature","id":"lariac:387398887731","geometry":{"type":"Polygon","coordinates":[[[-118.57628350573894,34.178232431753536],[-118.57627451342223,34.178131983835016],[-118.57622295542201,34.17813497740144],[-118.57622403663021,34.178147831894655],[-118.5760894572667,34.178155672757875],[-118.57609683901963,34.178243295762734],[-118.57628350573894,34.178232431753536]]]},"properties":{"building_pk":7908,"building_key":"lariac:387398887731","source_tile":"r03-c02","source_tile_ids":["r03-c02"],"source_bld_id":"387398887731","height_m":3.883,"receiver_ids":[149371,149372,149373,149374,149375,149376,149377,149378,149379,149380,149381,149382,149383,149384],"receiver_keys":["r03-c02:expanded-facade-max4m:7908:0:1","r03-c02:expanded-facade-max4m:7908:0:10","r03-c02:expanded-facade-max4m:7908:0:11","r03-c02:expanded-facade-max4m:7908:0:12","r03-c02:expanded-facade-max4m:7908:0:13","r03-c02:expanded-facade-max4m:7908:0:14","r03-c02:expanded-facade-max4m:7908:0:15","r03-c02:expanded-facade-max4m:7908:0:2","r03-c02:expanded-facade-max4m:7908:0:3","r03-c02:expanded-facade-max4m:7908:0:4","r03-c02:expanded-facade-max4m:7908:0:6","r03-c02:expanded-facade-max4m:7908:0:7","r03-c02:expanded-facade-max4m:7908:0:8","r03-c02:expanded-facade-max4m:7908:0:9"],"receiver_count":14,"periods":{"D":{"min":57.821003,"max":68.35837,"receiver_count":14,"unavailable_count":0},"E":{"min":55.602516,"max":66.139885,"receiver_count":14,"unavailable_count":0},"N":{"min":50.831303,"max":61.368668,"receiver_count":14,"unavailable_count":0}}}},{"type":"Feature","id":"lariac:387437887892","geometry":{"type":"Polygon","coordinates":[[[-118.57594568167464,34.17874320231059],[-118.57603552239297,34.17874417634906],[-118.57603615118097,34.17870589463539],[-118.57606610891895,34.178706218947724],[-118.57606634431201,34.178692533267906],[-118.57614732295704,34.178693411497306],[-118.57614884781424,34.17859805137516],[-118.57605434565413,34.17859701758357],[-118.57605482936579,34.17856648624559],[-118.57597719106836,34.17856564704112],[-118.57597666048494,34.17859898150677],[-118.57597246097703,34.17859891946563],[-118.5759711212111,34.17868276506609],[-118.57594665272461,34.178682496630586],[-118.57594568167464,34.17874320231059]]]},"properties":{"building_pk":7918,"building_key":"lariac:387437887892","source_tile":"r03-c02","source_tile_ids":["r03-c02"],"source_bld_id":"387437887892","height_m":5.218,"receiver_ids":[149385,149386,149387,149388,149389,149390,149391,149392,149393,149394,149395,149396,149397,149398,149399,149400],"receiver_keys":["r03-c02:expanded-facade-max4m:7918:0:1","r03-c02:expanded-facade-max4m:7918:0:10","r03-c02:expanded-facade-max4m:7918:0:11","r03-c02:expanded-facade-max4m:7918:0:13","r03-c02:expanded-facade-max4m:7918:0:14","r03-c02:expanded-facade-max4m:7918:0:15","r03-c02:expanded-facade-max4m:7918:0:16","r03-c02:expanded-facade-max4m:7918:0:17","r03-c02:expanded-facade-max4m:7918:0:19","r03-c02:expanded-facade-max4m:7918:0:2","r03-c02:expanded-facade-max4m:7918:0:20","r03-c02:expanded-facade-max4m:7918:0:3","r03-c02:expanded-facade-max4m:7918:0:6","r03-c02:expanded-facade-max4m:7918:0:7","r03-c02:expanded-facade-max4m:7918:0:8","r03-c02:expanded-facade-max4m:7918:0:9"],"receiver_count":16,"periods":{"D":{"min":51.655884,"max":55.835796,"receiver_count":16,"unavailable_count":0},"E":{"min":49.437397,"max":53.61731,"receiver_count":16,"unavailable_count":0},"N":{"min":44.666183,"max":48.846096,"receiver_count":16,"unavailable_count":0}}}},{"type":"Feature","id":"lariac:387579887533","geometry":{"type":"Polygon","coordinates":[[[-118.57554791613111,34.17763743910832],[-118.57556249755675,34.177699994667876],[-118.5756392176131,34.17768764799393],[-118.5756246361322,34.17762509244364],[-118.57554791613111,34.17763743910832]]]},"properties":{"building_pk":7963,"building_key":"lariac:387579887533","source_tile":"r03-c02","source_tile_ids":["r03-c02"],"source_bld_id":"387579887533","height_m":3.795,"receiver_ids":[149510,149511,149512,149513,149514,149515,149516,149517],"receiver_keys":["r03-c02:expanded-facade-max4m:7963:0:1","r03-c02:expanded-facade-max4m:7963:0:2","r03-c02:expanded-facade-max4m:7963:0:3","r03-c02:expanded-facade-max4m:7963:0:4","r03-c02:expanded-facade-max4m:7963:0:5","r03-c02:expanded-facade-max4m:7963:0:6","r03-c02:expanded-facade-max4m:7963:0:7","r03-c02:expanded-facade-max4m:7963:0:8"],"receiver_count":8,"periods":{"D":{"min":56.749386,"max":59.50602,"receiver_count":8,"unavailable_count":0},"E":{"min":54.5309,"max":57.287533,"receiver_count":8,"unavailable_count":0},"N":{"min":49.759686,"max":52.51632,"receiver_count":8,"unavailable_count":0}}}},{"type":"Feature","id":"lariac:388315888000","geometry":{"type":"Polygon","coordinates":[[[-118.57311118599074,34.17901260877516],[-118.57310679356263,34.17903249694343],[-118.57319420481997,34.17904582225385],[-118.57322219921625,34.178919037784084],[-118.57323298979071,34.17892069056149],[-118.573246040939,34.178861630675236],[-118.57317186892581,34.17885030359351],[-118.57317122760813,34.17885327451998],[-118.57310801015292,34.178843626450266],[-118.57309608072592,34.17889765218611],[-118.57302859468469,34.178887365271926],[-118.57300454468668,34.17899635163277],[-118.57311118599074,34.17901260877516]]]},"properties":{"building_pk":7976,"building_key":"lariac:388315888000","source_tile":"r03-c02","source_tile_ids":["r03-c02"],"source_bld_id":"388315888000","height_m":5.947,"receiver_ids":[149570,149571,149572,149573,149574,149575,149576,149577,149578,149579,149580,149581,149582,149583,149584,149585,149586,149587,149588],"receiver_keys":["r03-c02:expanded-facade-max4m:7976:0:1","r03-c02:expanded-facade-max4m:7976:0:10","r03-c02:expanded-facade-max4m:7976:0:11","r03-c02:expanded-facade-max4m:7976:0:12","r03-c02:expanded-facade-max4m:7976:0:13","r03-c02:expanded-facade-max4m:7976:0:15","r03-c02:expanded-facade-max4m:7976:0:16","r03-c02:expanded-facade-max4m:7976:0:17","r03-c02:expanded-facade-max4m:7976:0:18","r03-c02:expanded-facade-max4m:7976:0:19","r03-c02:expanded-facade-max4m:7976:0:2","r03-c02:expanded-facade-max4m:7976:0:20","r03-c02:expanded-facade-max4m:7976:0:21","r03-c02:expanded-facade-max4m:7976:0:3","r03-c02:expanded-facade-max4m:7976:0:4","r03-c02:expanded-facade-max4m:7976:0:5","r03-c02:expanded-facade-max4m:7976:0:6","r03-c02:expanded-facade-max4m:7976:0:8","r03-c02:expanded-facade-max4m:7976:0:9"],"receiver_count":19,"periods":{"D":{"min":48.662903,"max":63.220467,"receiver_count":19,"unavailable_count":0},"E":{"min":46.444416,"max":61.00198,"receiver_count":19,"unavailable_count":0},"N":{"min":41.673203,"max":56.230766,"receiver_count":19,"unavailable_count":0}}}},{"type":"Feature","id":"lariac:389130887970","geometry":{"type":"Polygon","coordinates":[[[-118.57069190179077,34.17898425813647],[-118.57069170055861,34.178916056290646],[-118.57051279649694,34.178916460391164],[-118.5705127032356,34.17888834975077],[-118.5705090010801,34.178888367214434],[-118.57050893138987,34.17886847314564],[-118.57053590987498,34.178868400875366],[-118.57053584054782,34.17884856089755],[-118.57053207095046,34.1788485507322],[-118.57053195088557,34.1788115924538],[-118.57057810759164,34.17881148469651],[-118.570577959983,34.178765731974785],[-118.57036424158693,34.17876621805587],[-118.57036445281912,34.17882623202042],[-118.57039004393256,34.17882616632535],[-118.5703902272259,34.178882085603576],[-118.57042937322382,34.1788819830188],[-118.57042949981778,34.17891990411663],[-118.57041637448812,34.17891993807346],[-118.57041640169598,34.17892392277481],[-118.57040863163955,34.17892393147322],[-118.57040869380845,34.17894272749546],[-118.570415372445,34.17894269599673],[-118.5704154075923,34.17895753436303],[-118.57040909214582,34.17895753620094],[-118.57040914859913,34.17898026118403],[-118.5704311352252,34.17898021248035],[-118.57043116693367,34.178984856190034],[-118.57069190179077,34.17898425813647]]]},"properties":{"building_pk":8611,"building_key":"lariac:389130887970","source_tile":"r03-c02","source_tile_ids":["r03-c02"],"source_bld_id":"389130887970","height_m":9.409,"receiver_ids":[150193,150194,150195,150196,150197,150198,150199,150200,150201,150202,150203,150204,150205,150206,150207,150208,150209,150210,150211,150212,150213,150214,150215,150216,150217,150218,150219,150220,150221,150222],"receiver_keys":["r03-c02:expanded-facade-max4m:8611:0:1","r03-c02:expanded-facade-max4m:8611:0:10","r03-c02:expanded-facade-max4m:8611:0:11","r03-c02:expanded-facade-max4m:8611:0:12","r03-c02:expanded-facade-max4m:8611:0:13","r03-c02:expanded-facade-max4m:8611:0:14","r03-c02:expanded-facade-max4m:8611:0:15","r03-c02:expanded-facade-max4m:8611:0:16","r03-c02:expanded-facade-max4m:8611:0:17","r03-c02:expanded-facade-max4m:8611:0:18","r03-c02:expanded-facade-max4m:8611:0:19","r03-c02:expanded-facade-max4m:8611:0:2","r03-c02:expanded-facade-max4m:8611:0:21","r03-c02:expanded-facade-max4m:8611:0:22","r03-c02:expanded-facade-max4m:8611:0:23","r03-c02:expanded-facade-max4m:8611:0:24","r03-c02:expanded-facade-max4m:8611:0:25","r03-c02:expanded-facade-max4m:8611:0:26","r03-c02:expanded-facade-max4m:8611:0:27","r03-c02:expanded-facade-max4m:8611:0:28","r03-c02:expanded-facade-max4m:8611:0:29","r03-c02:expanded-facade-max4m:8611:0:3","r03-c02:expanded-facade-max4m:8611:0:30","r03-c02:expanded-facade-max4m:8611:0:31","r03-c02:expanded-facade-max4m:8611:0:32","r03-c02:expanded-facade-max4m:8611:0:4","r03-c02:expanded-facade-max4m:8611:0:5","r03-c02:expanded-facade-max4m:8611:0:6","r03-c02:expanded-facade-max4m:8611:0:7","r03-c02:expanded-facade-max4m:8611:0:9"],"receiver_count":30,"periods":{"D":{"min":52.618034,"max":66.08255,"receiver_count":30,"unavailable_count":0},"E":{"min":50.399548,"max":63.86406,"receiver_count":30,"unavailable_count":0},"N":{"min":45.628338,"max":59.092846,"receiver_count":30,"unavailable_count":0}}}},{"type":"Feature","id":"lariac:388044888044","geometry":{"type":"Polygon","coordinates":[[[-118.57416624168968,34.1791087273638],[-118.57412770233317,34.17907684234969],[-118.57417609453046,34.17903643795455],[-118.57409209802333,34.17896692996625],[-118.57403118158122,34.1790178084238],[-118.574033974517,34.17902013017023],[-118.57399002078765,34.17905685857881],[-118.57398114252007,34.17904950894362],[-118.57394616339576,34.17907872093257],[-118.57396920779907,34.179097791949395],[-118.57397551973607,34.17909254114518],[-118.57404358789982,34.179148825220096],[-118.57407248499952,34.1791246979384],[-118.57410008404291,34.17914751216483],[-118.57411293852643,34.17913678947064],[-118.57412284773481,34.1791449861627],[-118.57416624168968,34.1791087273638]]]},"properties":{"building_pk":8781,"building_key":"lariac:388044888044","source_tile":"r03-c02","source_tile_ids":["r03-c02"],"source_bld_id":"388044888044","height_m":4.136,"receiver_ids":[150432,150433,150434,150435,150436,150437,150438,150439,150440,150441,150442,150443,150444,150445,150446],"receiver_keys":["r03-c02:expanded-facade-max4m:8781:0:1","r03-c02:expanded-facade-max4m:8781:0:11","r03-c02:expanded-facade-max4m:8781:0:13","r03-c02:expanded-facade-max4m:8781:0:14","r03-c02:expanded-facade-max4m:8781:0:15","r03-c02:expanded-facade-max4m:8781:0:16","r03-c02:expanded-facade-max4m:8781:0:17","r03-c02:expanded-facade-max4m:8781:0:18","r03-c02:expanded-facade-max4m:8781:0:3","r03-c02:expanded-facade-max4m:8781:0:4","r03-c02:expanded-facade-max4m:8781:0:5","r03-c02:expanded-facade-max4m:8781:0:6","r03-c02:expanded-facade-max4m:8781:0:7","r03-c02:expanded-facade-max4m:8781:0:8","r03-c02:expanded-facade-max4m:8781:0:9"],"receiver_count":15,"periods":{"D":{"min":58.62648,"max":68.16925,"receiver_count":15,"unavailable_count":0},"E":{"min":56.407993,"max":65.95076,"receiver_count":15,"unavailable_count":0},"N":{"min":51.63678,"max":61.17955,"receiver_count":15,"unavailable_count":0}}}},{"type":"Feature","id":"lariac:389208886919","geometry":{"type":"Polygon","coordinates":[[[-118.57015123894567,34.175979490609016],[-118.57015200595755,34.17601908375709],[-118.57023161259254,34.17601799441295],[-118.57023084553684,34.17597840036394],[-118.57015123894567,34.175979490609016]]]},"properties":{"building_pk":9002,"building_key":"lariac:389208886919","source_tile":"r03-c02","source_tile_ids":["r03-c02"],"source_bld_id":"389208886919","height_m":3.648,"receiver_ids":[150668,150669,150670,150671,150672,150673],"receiver_keys":["r03-c02:expanded-facade-max4m:9002:0:1","r03-c02:expanded-facade-max4m:9002:0:2","r03-c02:expanded-facade-max4m:9002:0:3","r03-c02:expanded-facade-max4m:9002:0:4","r03-c02:expanded-facade-max4m:9002:0:5","r03-c02:expanded-facade-max4m:9002:0:6"],"receiver_count":6,"periods":{"D":{"min":69.03243,"max":70.25123,"receiver_count":6,"unavailable_count":0},"E":{"min":66.81394,"max":68.032745,"receiver_count":6,"unavailable_count":0},"N":{"min":62.042732,"max":63.26153,"receiver_count":6,"unavailable_count":0}}}},{"type":"Feature","id":"lariac:386834887735","geometry":{"type":"Polygon","coordinates":[[[-118.57815621972767,34.17824883003381],[-118.57815533967093,34.178159911195266],[-118.57797151729548,34.17816117476252],[-118.57797235687543,34.178249131845845],[-118.57799120229936,34.17824898678974],[-118.5779915458732,34.17828437802341],[-118.57805882663627,34.17828394647785],[-118.57805848949656,34.17824948921467],[-118.57815621972767,34.17824883003381]]]},"properties":{"building_pk":9177,"building_key":"lariac:386834887735","source_tile":"r03-c02","source_tile_ids":["r03-c02"],"source_bld_id":"386834887735","height_m":3.365,"receiver_ids":[150792,150793,150794,150795,150796,150797,150798,150799,150800,150801,150802,150803,150804],"receiver_keys":["r03-c02:expanded-facade-max4m:9177:0:10","r03-c02:expanded-facade-max4m:9177:0:11","r03-c02:expanded-facade-max4m:9177:0:12","r03-c02:expanded-facade-max4m:9177:0:13","r03-c02:expanded-facade-max4m:9177:0:15","r03-c02:expanded-facade-max4m:9177:0:16","r03-c02:expanded-facade-max4m:9177:0:3","r03-c02:expanded-facade-max4m:9177:0:4","r03-c02:expanded-facade-max4m:9177:0:5","r03-c02:expanded-facade-max4m:9177:0:6","r03-c02:expanded-facade-max4m:9177:0:7","r03-c02:expanded-facade-max4m:9177:0:8","r03-c02:expanded-facade-max4m:9177:0:9"],"receiver_count":13,"periods":{"D":{"min":61.952553,"max":67.5407,"receiver_count":13,"unavailable_count":0},"E":{"min":59.734066,"max":65.32221,"receiver_count":13,"unavailable_count":0},"N":{"min":54.962852,"max":60.551003,"receiver_count":13,"unavailable_count":0}}}},{"type":"Feature","id":"lariac:388574888041","geometry":{"type":"Polygon","coordinates":[[[-118.57232296856195,34.17909693764333],[-118.57234066417291,34.17904483564303],[-118.57230128813046,34.17903559631938],[-118.57229406096593,34.17905689977393],[-118.57228306548986,34.179054313881444],[-118.57227690789951,34.179072451456214],[-118.5722886648995,34.17907519872865],[-118.57228435420407,34.1790878867388],[-118.57232296856195,34.17909693764333]]]},"properties":{"building_pk":9550,"building_key":"lariac:388574888041","source_tile":"r03-c02","source_tile_ids":["r03-c02"],"source_bld_id":"388574888041","height_m":3.584,"receiver_ids":[151292,151293,151294,151295],"receiver_keys":["r03-c02:expanded-facade-max4m:9550:0:1","r03-c02:expanded-facade-max4m:9550:0:2","r03-c02:expanded-facade-max4m:9550:0:3","r03-c02:expanded-facade-max4m:9550:0:6"],"receiver_count":4,"periods":{"D":{"min":58.51296,"max":59.101135,"receiver_count":4,"unavailable_count":0},"E":{"min":56.29447,"max":56.882645,"receiver_count":4,"unavailable_count":0},"N":{"min":51.523262,"max":52.111435,"receiver_count":4,"unavailable_count":0}}}},{"type":"Feature","id":"lariac:387481887470","geometry":{"type":"Polygon","coordinates":[[[-118.5759579532041,34.17750946726838],[-118.57595203360884,34.177496854890265],[-118.57593939913885,34.17744344079123],[-118.5758936260683,34.17745094054255],[-118.57589773962943,34.17747221726124],[-118.57587207106398,34.17747530737434],[-118.57587115837931,34.17749633305525],[-118.5758780036722,34.17751719017025],[-118.575879972635,34.17752319320138],[-118.57590439497832,34.1775215379705],[-118.57592544990538,34.177520613696],[-118.57595988636008,34.17751357992796],[-118.5759579532041,34.17750946726838]]]},"properties":{"building_pk":9560,"building_key":"lariac:387481887470","source_tile":"r03-c02","source_tile_ids":["r03-c02"],"source_bld_id":"387481887470","height_m":3.438,"receiver_ids":[151296,151297,151298,151299,151300,151301,151302,151303],"receiver_keys":["r03-c02:expanded-facade-max4m:9560:0:1","r03-c02:expanded-facade-max4m:9560:0:2","r03-c02:expanded-facade-max4m:9560:0:3","r03-c02:expanded-facade-max4m:9560:0:4","r03-c02:expanded-facade-max4m:9560:0:5","r03-c02:expanded-facade-max4m:9560:0:6","r03-c02:expanded-facade-max4m:9560:0:7","r03-c02:expanded-facade-max4m:9560:0:8"],"receiver_count":8,"periods":{"D":{"min":54.76946,"max":56.052917,"receiver_count":8,"unavailable_count":0},"E":{"min":52.550972,"max":53.83443,"receiver_count":8,"unavailable_count":0},"N":{"min":47.77976,"max":49.06322,"receiver_count":8,"unavailable_count":0}}}},{"type":"Feature","id":"lariac:389212888092","geometry":{"type":"Polygon","coordinates":[[[-118.57035697008588,34.179284757123305],[-118.5703558487916,34.17924159192033],[-118.57034688970244,34.17924174415833],[-118.57034586010043,34.179202316329196],[-118.5703516120264,34.179202234210024],[-118.57034725426495,34.179033615325835],[-118.57028820951629,34.179034690720734],[-118.57029063369355,34.17912824615573],[-118.57026395515126,34.17912872896281],[-118.57026421574365,34.17913782342334],[-118.57024097431653,34.17913823502459],[-118.57024123509726,34.17914735743216],[-118.57023300386858,34.17914750622998],[-118.57023340668026,34.17916297484591],[-118.57014715375371,34.1791645084165],[-118.5701472869271,34.17916939867125],[-118.57013846018178,34.179169550269975],[-118.5701411630032,34.17927503003328],[-118.57014952766602,34.17927488061277],[-118.57014970520102,34.17928150252663],[-118.5702347672181,34.17927997456971],[-118.57023494700597,34.17928692553688],[-118.57035697008588,34.179284757123305]]]},"properties":{"building_pk":9748,"building_key":"lariac:389212888092","source_tile":"r03-c02","source_tile_ids":["r03-c02"],"source_bld_id":"389212888092","height_m":9.028,"receiver_ids":[151392,151393,151394,151395,151396,151397,151398,151399,151400,151401,151402,151403,151404,151405,151406,151407,151408,151409,151410,151411,151412,151413,151414],"receiver_keys":["r03-c02:expanded-facade-max4m:9748:0:1","r03-c02:expanded-facade-max4m:9748:0:10","r03-c02:expanded-facade-max4m:9748:0:11","r03-c02:expanded-facade-max4m:9748:0:14","r03-c02:expanded-facade-max4m:9748:0:15","r03-c02:expanded-facade-max4m:9748:0:16","r03-c02:expanded-facade-max4m:9748:0:17","r03-c02:expanded-facade-max4m:9748:0:18","r03-c02:expanded-facade-max4m:9748:0:19","r03-c02:expanded-facade-max4m:9748:0:2","r03-c02:expanded-facade-max4m:9748:0:20","r03-c02:expanded-facade-max4m:9748:0:21","r03-c02:expanded-facade-max4m:9748:0:22","r03-c02:expanded-facade-max4m:9748:0:23","r03-c02:expanded-facade-max4m:9748:0:24","r03-c02:expanded-facade-max4m:9748:0:25","r03-c02:expanded-facade-max4m:9748:0:3","r03-c02:expanded-facade-max4m:9748:0:4","r03-c02:expanded-facade-max4m:9748:0:5","r03-c02:expanded-facade-max4m:9748:0:6","r03-c02:expanded-facade-max4m:9748:0:7","r03-c02:expanded-facade-max4m:9748:0:8","r03-c02:expanded-facade-max4m:9748:0:9"],"receiver_count":23,"periods":{"D":{"min":57.506622,"max":63.614872,"receiver_count":23,"unavailable_count":0},"E":{"min":55.288136,"max":61.396385,"receiver_count":23,"unavailable_count":0},"N":{"min":50.516922,"max":56.62517,"receiver_count":23,"unavailable_count":0}}}},{"type":"Feature","id":"lariac:387000887430","geometry":{"type":"Polygon","coordinates":[[[-118.5774117404131,34.17725461828148],[-118.57741123226333,34.17733898192825],[-118.57741946571292,34.177339024659574],[-118.57742048728487,34.17741227937137],[-118.57742064158833,34.17744370651165],[-118.57747686832636,34.17744360844288],[-118.57747708519385,34.17741236885489],[-118.57760518367438,34.177411369471656],[-118.57760570493018,34.177328929658714],[-118.57761436792678,34.17732897122679],[-118.57761481573071,34.177255049566824],[-118.57753536301581,34.17725471498254],[-118.57753500364751,34.17731272484254],[-118.57749734361789,34.17731254766383],[-118.57749770624056,34.17725500478907],[-118.5774117404131,34.17725461828148]]]},"properties":{"building_pk":9829,"building_key":"lariac:387000887430","source_tile":"r03-c02","source_tile_ids":["r03-c02"],"source_bld_id":"387000887430","height_m":4.136,"receiver_ids":[151480,151481,151482,151483,151484,151485,151486,151487,151488,151489,151490,151491,151492,151493,151494,151495],"receiver_keys":["r03-c02:expanded-facade-max4m:9829:0:10","r03-c02:expanded-facade-max4m:9829:0:11","r03-c02:expanded-facade-max4m:9829:0:12","r03-c02:expanded-facade-max4m:9829:0:13","r03-c02:expanded-facade-max4m:9829:0:14","r03-c02:expanded-facade-max4m:9829:0:15","r03-c02:expanded-facade-max4m:9829:0:16","r03-c02:expanded-facade-max4m:9829:0:17","r03-c02:expanded-facade-max4m:9829:0:18","r03-c02:expanded-facade-max4m:9829:0:21","r03-c02:expanded-facade-max4m:9829:0:22","r03-c02:expanded-facade-max4m:9829:0:23","r03-c02:expanded-facade-max4m:9829:0:5","r03-c02:expanded-facade-max4m:9829:0:6","r03-c02:expanded-facade-max4m:9829:0:7","r03-c02:expanded-facade-max4m:9829:0:9"],"receiver_count":16,"periods":{"D":{"min":52.909046,"max":59.2052,"receiver_count":16,"unavailable_count":0},"E":{"min":50.69056,"max":56.98671,"receiver_count":16,"unavailable_count":0},"N":{"min":45.919346,"max":52.2155,"receiver_count":16,"unavailable_count":0}}}},{"type":"Feature","id":"lariac:388888886729","geometry":{"type":"Polygon","coordinates":[[[-118.57126166653913,34.17546547615502],[-118.57122280255076,34.17546565972532],[-118.57122291161797,34.175481611150744],[-118.57126129618631,34.17548142984501],[-118.57126166653913,34.17546547615502]]]},"properties":{"building_pk":10153,"building_key":"lariac:388888886729","source_tile":"r03-c02","source_tile_ids":["r03-c02"],"source_bld_id":"388888886729","height_m":3.432,"receiver_ids":[151962],"receiver_keys":["r03-c02:expanded-facade-max4m:10153:0:4"],"receiver_count":1,"periods":{"D":{"min":71.06358,"max":71.06358,"receiver_count":1,"unavailable_count":0},"E":{"min":68.84509,"max":68.84509,"receiver_count":1,"unavailable_count":0},"N":{"min":64.07388,"max":64.07388,"receiver_count":1,"unavailable_count":0}}}},{"type":"Feature","id":"lariac:388411888004","geometry":{"type":"Polygon","coordinates":[[[-118.57278772529402,34.179000928965614],[-118.57277390615026,34.17904548567256],[-118.57284262647505,34.17906111214531],[-118.5728388641923,34.17907229470212],[-118.57288451591461,34.17908204775656],[-118.5729023910426,34.179027227564546],[-118.57292876081344,34.17894788025759],[-118.57294230463427,34.17895097601405],[-118.57296404267487,34.17888558222044],[-118.57287221248276,34.17886452889403],[-118.57285536743605,34.17891517004778],[-118.57274429808857,34.17888970092494],[-118.57271303615168,34.17898379990266],[-118.57278772529402,34.179000928965614]]]},"properties":{"building_pk":10396,"building_key":"lariac:388411888004","source_tile":"r03-c02","source_tile_ids":["r03-c02"],"source_bld_id":"388411888004","height_m":5.31,"receiver_ids":[152203,152204,152205,152206,152207,152208,152209,152210,152211,152212,152213,152214,152215,152216,152217,152218,152219,152220,152221,152222,152223],"receiver_keys":["r03-c02:expanded-facade-max4m:10396:0:1","r03-c02:expanded-facade-max4m:10396:0:10","r03-c02:expanded-facade-max4m:10396:0:11","r03-c02:expanded-facade-max4m:10396:0:12","r03-c02:expanded-facade-max4m:10396:0:13","r03-c02:expanded-facade-max4m:10396:0:14","r03-c02:expanded-facade-max4m:10396:0:16","r03-c02:expanded-facade-max4m:10396:0:17","r03-c02:expanded-facade-max4m:10396:0:18","r03-c02:expanded-facade-max4m:10396:0:19","r03-c02:expanded-facade-max4m:10396:0:2","r03-c02:expanded-facade-max4m:10396:0:20","r03-c02:expanded-facade-max4m:10396:0:21","r03-c02:expanded-facade-max4m:10396:0:22","r03-c02:expanded-facade-max4m:10396:0:3","r03-c02:expanded-facade-max4m:10396:0:4","r03-c02:expanded-facade-max4m:10396:0:5","r03-c02:expanded-facade-max4m:10396:0:6","r03-c02:expanded-facade-max4m:10396:0:7","r03-c02:expanded-facade-max4m:10396:0:8","r03-c02:expanded-facade-max4m:10396:0:9"],"receiver_count":21,"periods":{"D":{"min":51.928543,"max":60.46781,"receiver_count":21,"unavailable_count":0},"E":{"min":49.710056,"max":58.249325,"receiver_count":21,"unavailable_count":0},"N":{"min":44.938843,"max":53.47811,"receiver_count":21,"unavailable_count":0}}}},{"type":"Feature","id":"lariac:390020888226","geometry":{"type":"Polygon","coordinates":[[[-118.56769252567341,34.179686645003],[-118.56769424997144,34.179638685531565],[-118.56761973664733,34.179635545380734],[-118.56762577627781,34.17956093852475],[-118.56761968885021,34.17956050009423],[-118.5676209929144,34.179548073387906],[-118.56763191000769,34.17954887411107],[-118.5676328104648,34.17954026824362],[-118.56774303249584,34.179548269584316],[-118.56774800170882,34.17950100980471],[-118.56766695603045,34.17949515243884],[-118.56758094666078,34.17949363220593],[-118.56749411835536,34.1794930786046],[-118.5674938207181,34.17952240004881],[-118.56748588516936,34.17952232729503],[-118.5674854911177,34.179561568891614],[-118.56747342147274,34.1795614884883],[-118.56747320044504,34.1795872376515],[-118.56748351589991,34.17958729923939],[-118.56748334822511,34.17960637040823],[-118.56747584241184,34.17960632358539],[-118.56747512635636,34.17968104248994],[-118.56759273982145,34.179681809548704],[-118.56759270221464,34.17968601362968],[-118.56769252567341,34.179686645003]]]},"properties":{"building_pk":10671,"building_key":"lariac:390020888226","source_tile":"r03-c02","source_tile_ids":["r03-c02"],"source_bld_id":"390020888226","height_m":6.227,"receiver_ids":[152551],"receiver_keys":["r03-c02:expanded-facade-max4m:10671:0:10"],"receiver_count":1,"periods":{"D":{"min":63.34775,"max":63.34775,"receiver_count":1,"unavailable_count":0},"E":{"min":61.12926,"max":61.12926,"receiver_count":1,"unavailable_count":0},"N":{"min":56.35805,"max":56.35805,"receiver_count":1,"unavailable_count":0}}}},{"type":"Feature","id":"lariac:387784887508","geometry":{"type":"Polygon","coordinates":[[[-118.57493917634103,34.177678173260006],[-118.57493994656548,34.177674871745374],[-118.57496847902833,34.1776795169981],[-118.57499010265043,34.1775883211467],[-118.57501612007461,34.177592566338944],[-118.57503035230312,34.17753242960258],[-118.57488964403016,34.177509384283624],[-118.57489163573683,34.17750104814286],[-118.57481302292065,34.17748817719728],[-118.57479502992743,34.17756410521917],[-118.57485543764732,34.177573984833984],[-118.57483481075998,34.17766108200552],[-118.57493917634103,34.177678173260006]]]},"properties":{"building_pk":10848,"building_key":"lariac:387784887508","source_tile":"r03-c02","source_tile_ids":["r03-c02"],"source_bld_id":"387784887508","height_m":3.429,"receiver_ids":[152835,152836,152837,152838,152839,152840,152841,152842,152843,152844,152845,152846,152847,152848,152849,152850,152851,152852,152853],"receiver_keys":["r03-c02:expanded-facade-max4m:10848:0:1","r03-c02:expanded-facade-max4m:10848:0:10","r03-c02:expanded-facade-max4m:10848:0:11","r03-c02:expanded-facade-max4m:10848:0:12","r03-c02:expanded-facade-max4m:10848:0:13","r03-c02:expanded-facade-max4m:10848:0:14","r03-c02:expanded-facade-max4m:10848:0:15","r03-c02:expanded-facade-max4m:10848:0:16","r03-c02:expanded-facade-max4m:10848:0:17","r03-c02:expanded-facade-max4m:10848:0:18","r03-c02:expanded-facade-max4m:10848:0:19","r03-c02:expanded-facade-max4m:10848:0:2","r03-c02:expanded-facade-max4m:10848:0:20","r03-c02:expanded-facade-max4m:10848:0:3","r03-c02:expanded-facade-max4m:10848:0:5","r03-c02:expanded-facade-max4m:10848:0:6","r03-c02:expanded-facade-max4m:10848:0:7","r03-c02:expanded-facade-max4m:10848:0:8","r03-c02:expanded-facade-max4m:10848:0:9"],"receiver_count":19,"periods":{"D":{"min":54.09451,"max":56.412533,"receiver_count":19,"unavailable_count":0},"E":{"min":51.876022,"max":54.194046,"receiver_count":19,"unavailable_count":0},"N":{"min":47.10481,"max":49.422832,"receiver_count":19,"unavailable_count":0}}}},{"type":"Feature","id":"lariac:388960887365","geometry":{"type":"Polygon","coordinates":[[[-118.57113303461414,34.177291548619756],[-118.571130989184,34.17730191793497],[-118.57120395948246,34.17731176799265],[-118.5712175048842,34.177242484277926],[-118.57113258714551,34.17723101467736],[-118.57114258576756,34.177179856157494],[-118.57093916227068,34.17715240265069],[-118.57092009064245,34.177250044379726],[-118.57102105871515,34.177263664264366],[-118.57101863035763,34.177276096317875],[-118.57113303461414,34.177291548619756]]]},"properties":{"building_pk":10998,"building_key":"lariac:388960887365","source_tile":"r03-c02","source_tile_ids":["r03-c02"],"source_bld_id":"388960887365","height_m":4.209,"receiver_ids":[153009,153010,153011,153012,153013,153014,153015,153016,153017,153018,153019,153020,153021,153022,153023,153024,153025,153026,153027,153028,153029],"receiver_keys":["r03-c02:expanded-facade-max4m:10998:0:1","r03-c02:expanded-facade-max4m:10998:0:10","r03-c02:expanded-facade-max4m:10998:0:11","r03-c02:expanded-facade-max4m:10998:0:12","r03-c02:expanded-facade-max4m:10998:0:13","r03-c02:expanded-facade-max4m:10998:0:14","r03-c02:expanded-facade-max4m:10998:0:15","r03-c02:expanded-facade-max4m:10998:0:16","r03-c02:expanded-facade-max4m:10998:0:17","r03-c02:expanded-facade-max4m:10998:0:18","r03-c02:expanded-facade-max4m:10998:0:19","r03-c02:expanded-facade-max4m:10998:0:2","r03-c02:expanded-facade-max4m:10998:0:20","r03-c02:expanded-facade-max4m:10998:0:21","r03-c02:expanded-facade-max4m:10998:0:3","r03-c02:expanded-facade-max4m:10998:0:4","r03-c02:expanded-facade-max4m:10998:0:5","r03-c02:expanded-facade-max4m:10998:0:6","r03-c02:expanded-facade-max4m:10998:0:7","r03-c02:expanded-facade-max4m:10998:0:8","r03-c02:expanded-facade-max4m:10998:0:9"],"receiver_count":21,"periods":{"D":{"min":66.98691,"max":70.41789,"receiver_count":21,"unavailable_count":0},"E":{"min":64.76842,"max":68.19941,"receiver_count":21,"unavailable_count":0},"N":{"min":59.997204,"max":63.428196,"receiver_count":21,"unavailable_count":0}}}},{"type":"Feature","id":"lariac:201700286036","geometry":{"type":"Polygon","coordinates":[[[-118.57719078783265,34.177802163722276],[-118.5773382116126,34.177803519188494],[-118.577338233725,34.177801853026835],[-118.57739753280491,34.17780239845789],[-118.5773984147282,34.17773617122083],[-118.57737667836591,34.17773597117135],[-118.57737717759221,34.17769849514681],[-118.57737330264875,34.177698459553],[-118.57737378460362,34.177662251183925],[-118.57719247159771,34.17766058328975],[-118.57719078783265,34.177802163722276]]]},"properties":{"building_pk":11679,"building_key":"lariac:201700286036","source_tile":"r03-c02","source_tile_ids":["r03-c02"],"source_bld_id":"201700286036","height_m":4.362,"receiver_ids":[153813,153814,153815,153816,153817,153818,153819,153820,153821,153822,153823,153824,153825,153826,153827],"receiver_keys":["r03-c02:expanded-facade-max4m:11679:0:1","r03-c02:expanded-facade-max4m:11679:0:10","r03-c02:expanded-facade-max4m:11679:0:12","r03-c02:expanded-facade-max4m:11679:0:13","r03-c02:expanded-facade-max4m:11679:0:14","r03-c02:expanded-facade-max4m:11679:0:15","r03-c02:expanded-facade-max4m:11679:0:16","r03-c02:expanded-facade-max4m:11679:0:17","r03-c02:expanded-facade-max4m:11679:0:18","r03-c02:expanded-facade-max4m:11679:0:2","r03-c02:expanded-facade-max4m:11679:0:3","r03-c02:expanded-facade-max4m:11679:0:4","r03-c02:expanded-facade-max4m:11679:0:5","r03-c02:expanded-facade-max4m:11679:0:6","r03-c02:expanded-facade-max4m:11679:0:7"],"receiver_count":15,"periods":{"D":{"min":58.59926,"max":67.66669,"receiver_count":15,"unavailable_count":0},"E":{"min":56.380768,"max":65.448204,"receiver_count":15,"unavailable_count":0},"N":{"min":51.60956,"max":60.67699,"receiver_count":15,"unavailable_count":0}}}},{"type":"Feature","id":"lariac:201700286118","geometry":{"type":"Polygon","coordinates":[[[-118.57322986550818,34.17859168460177],[-118.57324649186513,34.17862667140255],[-118.57334680842233,34.17859374295365],[-118.5733174838636,34.17853203595781],[-118.57330761638755,34.178535272400445],[-118.57330023324855,34.17851973590778],[-118.57331198934682,34.17851587746218],[-118.57330995206198,34.17851159215768],[-118.57336545527704,34.178493373864754],[-118.57333145627823,34.178421827930194],[-118.5732816601398,34.1784381727909],[-118.57328911922099,34.178453870301276],[-118.57324816881211,34.17846731261431],[-118.57324409092318,34.178458731200365],[-118.57317924841512,34.17848001477753],[-118.5732092332407,34.178543111564494],[-118.57317445630225,34.17855452767016],[-118.57319720880756,34.17860240458868],[-118.57322986550818,34.17859168460177]]]},"properties":{"building_pk":11682,"building_key":"lariac:201700286118","source_tile":"r03-c02","source_tile_ids":["r03-c02"],"source_bld_id":"201700286118","height_m":4.828,"receiver_ids":[153828,153829,153830,153831,153832,153833,153834,153835,153836,153837,153838,153839,153840,153841,153842,153843,153844,153845],"receiver_keys":["r03-c02:expanded-facade-max4m:11682:0:1","r03-c02:expanded-facade-max4m:11682:0:10","r03-c02:expanded-facade-max4m:11682:0:11","r03-c02:expanded-facade-max4m:11682:0:12","r03-c02:expanded-facade-max4m:11682:0:13","r03-c02:expanded-facade-max4m:11682:0:14","r03-c02:expanded-facade-max4m:11682:0:15","r03-c02:expanded-facade-max4m:11682:0:16","r03-c02:expanded-facade-max4m:11682:0:17","r03-c02:expanded-facade-max4m:11682:0:18","r03-c02:expanded-facade-max4m:11682:0:19","r03-c02:expanded-facade-max4m:11682:0:2","r03-c02:expanded-facade-max4m:11682:0:20","r03-c02:expanded-facade-max4m:11682:0:3","r03-c02:expanded-facade-max4m:11682:0:4","r03-c02:expanded-facade-max4m:11682:0:5","r03-c02:expanded-facade-max4m:11682:0:8","r03-c02:expanded-facade-max4m:11682:0:9"],"receiver_count":18,"periods":{"D":{"min":53.97415,"max":58.571724,"receiver_count":18,"unavailable_count":0},"E":{"min":51.755665,"max":56.353237,"receiver_count":18,"unavailable_count":0},"N":{"min":46.98445,"max":51.582024,"receiver_count":18,"unavailable_count":0}}}},{"type":"Feature","id":"lariac:387734887645","geometry":{"type":"Polygon","coordinates":[[[-118.5750146735486,34.1779445545727],[-118.57500120119022,34.17791337466816],[-118.57497470707813,34.17792152438153],[-118.57498840871385,34.177952290291174],[-118.57497270447398,34.177957119702285],[-118.57501035124406,34.17804185097045],[-118.57518656914573,34.177987785787664],[-118.57514905644258,34.17790332800589],[-118.5750146735486,34.1779445545727]]]},"properties":{"building_pk":15539,"building_key":"lariac:387734887645","source_tile":"r03-c02","source_tile_ids":["r03-c02"],"source_bld_id":"387734887645","height_m":4.206,"receiver_ids":[155129,155130,155131,155132,155133,155134,155135,155136,155137,155138,155139,155140,155141,155142,155143],"receiver_keys":["r03-c02:expanded-facade-max4m:15539:0:1","r03-c02:expanded-facade-max4m:15539:0:10","r03-c02:expanded-facade-max4m:15539:0:11","r03-c02:expanded-facade-max4m:15539:0:12","r03-c02:expanded-facade-max4m:15539:0:13","r03-c02:expanded-facade-max4m:15539:0:14","r03-c02:expanded-facade-max4m:15539:0:15","r03-c02:expanded-facade-max4m:15539:0:16","r03-c02:expanded-facade-max4m:15539:0:2","r03-c02:expanded-facade-max4m:15539:0:4","r03-c02:expanded-facade-max4m:15539:0:5","r03-c02:expanded-facade-max4m:15539:0:6","r03-c02:expanded-facade-max4m:15539:0:7","r03-c02:expanded-facade-max4m:15539:0:8","r03-c02:expanded-facade-max4m:15539:0:9"],"receiver_count":15,"periods":{"D":{"min":56.175724,"max":67.95509,"receiver_count":15,"unavailable_count":0},"E":{"min":53.957237,"max":65.7366,"receiver_count":15,"unavailable_count":0},"N":{"min":49.186024,"max":60.965393,"receiver_count":15,"unavailable_count":0}}}},{"type":"Feature","id":"lariac:388258888015","geometry":{"type":"Polygon","coordinates":[[[-118.57323984713628,34.17905277772374],[-118.5732958570411,34.179067240785564],[-118.57330478514164,34.17904329218701],[-118.57337367963329,34.17906104698298],[-118.57337887477757,34.179047172814236],[-118.57344101112497,34.17906317274835],[-118.57347545753694,34.178970872388184],[-118.57336598963606,34.17894264742972],[-118.57338709258283,34.17888607819043],[-118.57330266404644,34.178864303121706],[-118.57327701607525,34.17893306745614],[-118.57328387202892,34.17893484796616],[-118.57323984713628,34.17905277772374]]]},"properties":{"building_pk":15556,"building_key":"lariac:388258888015","source_tile":"r03-c02","source_tile_ids":["r03-c02"],"source_bld_id":"388258888015","height_m":4.407,"receiver_ids":[155191,155192,155193,155194,155195,155196,155197,155198,155199,155200,155201,155202,155203,155204,155205,155206,155207,155208,155209],"receiver_keys":["r03-c02:expanded-facade-max4m:15556:0:1","r03-c02:expanded-facade-max4m:15556:0:10","r03-c02:expanded-facade-max4m:15556:0:11","r03-c02:expanded-facade-max4m:15556:0:13","r03-c02:expanded-facade-max4m:15556:0:14","r03-c02:expanded-facade-max4m:15556:0:15","r03-c02:expanded-facade-max4m:15556:0:16","r03-c02:expanded-facade-max4m:15556:0:17","r03-c02:expanded-facade-max4m:15556:0:18","r03-c02:expanded-facade-max4m:15556:0:19","r03-c02:expanded-facade-max4m:15556:0:2","r03-c02:expanded-facade-max4m:15556:0:20","r03-c02:expanded-facade-max4m:15556:0:21","r03-c02:expanded-facade-max4m:15556:0:3","r03-c02:expanded-facade-max4m:15556:0:4","r03-c02:expanded-facade-max4m:15556:0:6","r03-c02:expanded-facade-max4m:15556:0:7","r03-c02:expanded-facade-max4m:15556:0:8","r03-c02:expanded-facade-max4m:15556:0:9"],"receiver_count":19,"periods":{"D":{"min":57.487297,"max":67.713554,"receiver_count":19,"unavailable_count":0},"E":{"min":55.26881,"max":65.49506,"receiver_count":19,"unavailable_count":0},"N":{"min":50.497597,"max":60.723854,"receiver_count":19,"unavailable_count":0}}}},{"type":"Feature","id":"lariac:388612888168","geometry":{"type":"Polygon","coordinates":[[[-118.57208636802002,34.17949320703258],[-118.5720935952298,34.179491221902566],[-118.57209608401142,34.17949744792174],[-118.57213545520322,34.1794866270523],[-118.57213360539333,34.17948199194324],[-118.57214852223453,34.179477909501],[-118.57215292959053,34.17948899027968],[-118.57218042005474,34.17948144050962],[-118.57218203505948,34.17948552768777],[-118.5722680037031,34.17946192779027],[-118.57226625391827,34.179457485140595],[-118.57229803415285,34.17944876106803],[-118.57225409667855,34.17933820060778],[-118.57222244754205,34.17934689610085],[-118.57221841105017,34.17933674757101],[-118.57211108903225,34.17936621833469],[-118.57211576575565,34.179377984817926],[-118.57204798058758,34.179396606819154],[-118.57208636802002,34.17949320703258]]]},"properties":{"building_pk":15560,"building_key":"lariac:388612888168","source_tile":"r03-c02","source_tile_ids":["r03-c02"],"source_bld_id":"388612888168","height_m":8.711,"receiver_ids":[155215,155216,155217,155218,155219,155220,155221,155222,155223,155224,155225,155226,155227,155228,155229,155230,155231],"receiver_keys":["r03-c02:expanded-facade-max4m:15560:0:1","r03-c02:expanded-facade-max4m:15560:0:10","r03-c02:expanded-facade-max4m:15560:0:11","r03-c02:expanded-facade-max4m:15560:0:12","r03-c02:expanded-facade-max4m:15560:0:13","r03-c02:expanded-facade-max4m:15560:0:15","r03-c02:expanded-facade-max4m:15560:0:16","r03-c02:expanded-facade-max4m:15560:0:17","r03-c02:expanded-facade-max4m:15560:0:18","r03-c02:expanded-facade-max4m:15560:0:2","r03-c02:expanded-facade-max4m:15560:0:3","r03-c02:expanded-facade-max4m:15560:0:4","r03-c02:expanded-facade-max4m:15560:0:5","r03-c02:expanded-facade-max4m:15560:0:6","r03-c02:expanded-facade-max4m:15560:0:7","r03-c02:expanded-facade-max4m:15560:0:8","r03-c02:expanded-facade-max4m:15560:0:9"],"receiver_count":17,"periods":{"D":{"min":45.953342,"max":56.9769,"receiver_count":17,"unavailable_count":0},"E":{"min":43.734856,"max":54.75841,"receiver_count":17,"unavailable_count":0},"N":{"min":38.963642,"max":49.987198,"receiver_count":17,"unavailable_count":0}}}},{"type":"Feature","id":"lariac:389966888052","geometry":{"type":"Polygon","coordinates":[[[-118.56764546412883,34.179061961749625],[-118.56765915192658,34.17906200749422],[-118.56765889358809,34.17911147107379],[-118.56763892268818,34.17911140072575],[-118.56763857864269,34.179177627134465],[-118.56777315086102,34.17917812148843],[-118.56777346729376,34.17911758395776],[-118.56781509495532,34.17911774554066],[-118.56781574291864,34.178999060403925],[-118.56774968061023,34.17899882059749],[-118.56775004629085,34.178926054278875],[-118.567654391133,34.17892570631242],[-118.56765410962247,34.17897670893807],[-118.56764590963677,34.17897666448256],[-118.56764546412883,34.179061961749625]]]},"properties":{"building_pk":16165,"building_key":"lariac:389966888052","source_tile":"r03-c02","source_tile_ids":["r03-c02"],"source_bld_id":"389966888052","height_m":6.791,"receiver_ids":[155862,155863,155864,155865,155866,155867,155868,155869],"receiver_keys":["r03-c02:expanded-facade-max4m:16165:0:10","r03-c02:expanded-facade-max4m:16165:0:11","r03-c02:expanded-facade-max4m:16165:0:12","r03-c02:expanded-facade-max4m:16165:0:13","r03-c02:expanded-facade-max4m:16165:0:14","r03-c02:expanded-facade-max4m:16165:0:16","r03-c02:expanded-facade-max4m:16165:0:8","r03-c02:expanded-facade-max4m:16165:0:9"],"receiver_count":8,"periods":{"D":{"min":53.55989,"max":63.665398,"receiver_count":8,"unavailable_count":0},"E":{"min":51.3414,"max":61.44691,"receiver_count":8,"unavailable_count":0},"N":{"min":46.57019,"max":56.675697,"receiver_count":8,"unavailable_count":0}}}},{"type":"Feature","id":"lariac:388047887751","geometry":{"type":"Polygon","coordinates":[[[-118.57405048368986,34.17832873150229],[-118.57411719788755,34.17828436622261],[-118.57404390203043,34.17820821170269],[-118.57397718786089,34.17825257784339],[-118.57405048368986,34.17832873150229]]]},"properties":{"building_pk":16394,"building_key":"lariac:388047887751","source_tile":"r03-c02","source_tile_ids":["r03-c02"],"source_bld_id":"388047887751","height_m":4.624,"receiver_ids":[156100,156101,156102,156103,156104,156105,156106,156107,156108,156109],"receiver_keys":["r03-c02:expanded-facade-max4m:16394:0:1","r03-c02:expanded-facade-max4m:16394:0:10","r03-c02:expanded-facade-max4m:16394:0:2","r03-c02:expanded-facade-max4m:16394:0:3","r03-c02:expanded-facade-max4m:16394:0:4","r03-c02:expanded-facade-max4m:16394:0:5","r03-c02:expanded-facade-max4m:16394:0:6","r03-c02:expanded-facade-max4m:16394:0:7","r03-c02:expanded-facade-max4m:16394:0:8","r03-c02:expanded-facade-max4m:16394:0:9"],"receiver_count":10,"periods":{"D":{"min":50.70749,"max":58.035526,"receiver_count":10,"unavailable_count":0},"E":{"min":48.489,"max":55.81704,"receiver_count":10,"unavailable_count":0},"N":{"min":43.71779,"max":51.045826,"receiver_count":10,"unavailable_count":0}}}},{"type":"Feature","id":"lariac:388694886024","geometry":{"type":"Polygon","coordinates":[[[-118.57192550663191,34.17350309273471],[-118.57198909292254,34.17349006850068],[-118.57196997224068,34.17342561100352],[-118.57177828755758,34.17346490522498],[-118.57180681558128,34.173561057170495],[-118.5718245123788,34.1735574295215],[-118.57184478263325,34.173625673504645],[-118.57195518576721,34.1736030581478],[-118.57192550663191,34.17350309273471]]]},"properties":{"building_pk":16607,"building_key":"lariac:388694886024","source_tile":"r03-c02","source_tile_ids":["r02-c02","r03-c02"],"source_bld_id":"388694886024","height_m":4.282,"receiver_ids":[156401,156402,156403,156404,156405,156406,156407],"receiver_keys":["r03-c02:expanded-facade-max4m:16607:0:11","r03-c02:expanded-facade-max4m:16607:0:13","r03-c02:expanded-facade-max4m:16607:0:14","r03-c02:expanded-facade-max4m:16607:0:15","r03-c02:expanded-facade-max4m:16607:0:16","r03-c02:expanded-facade-max4m:16607:0:17","r03-c02:expanded-facade-max4m:16607:0:18"],"receiver_count":7,"periods":{"D":{"min":71.46561,"max":73.16617,"receiver_count":7,"unavailable_count":0},"E":{"min":69.247116,"max":70.947685,"receiver_count":7,"unavailable_count":0},"N":{"min":64.47591,"max":66.17647,"receiver_count":7,"unavailable_count":0}}}},{"type":"Feature","id":"lariac:389294886307","geometry":{"type":"Polygon","coordinates":[[[-118.56986069157547,34.17435142809709],[-118.56994154198203,34.17434876709188],[-118.56993787085402,34.174271100053666],[-118.56985702034417,34.17427373491243],[-118.56986069157547,34.17435142809709]]]},"properties":{"building_pk":16826,"building_key":"lariac:389294886307","source_tile":"r03-c02","source_tile_ids":["r03-c02"],"source_bld_id":"389294886307","height_m":4.154,"receiver_ids":[156610,156611,156612,156613,156614,156615,156616],"receiver_keys":["r03-c02:expanded-facade-max4m:16826:0:1","r03-c02:expanded-facade-max4m:16826:0:2","r03-c02:expanded-facade-max4m:16826:0:3","r03-c02:expanded-facade-max4m:16826:0:4","r03-c02:expanded-facade-max4m:16826:0:5","r03-c02:expanded-facade-max4m:16826:0:6","r03-c02:expanded-facade-max4m:16826:0:7"],"receiver_count":7,"periods":{"D":{"min":73.06665,"max":74.60629,"receiver_count":7,"unavailable_count":0},"E":{"min":70.84816,"max":72.38781,"receiver_count":7,"unavailable_count":0},"N":{"min":66.07695,"max":67.61659,"receiver_count":7,"unavailable_count":0}}}},{"type":"Feature","id":"lariac:387355887321","geometry":{"type":"Polygon","coordinates":[[[-118.57638830505809,34.17707129532684],[-118.57642296431759,34.177082121782874],[-118.57644473485989,34.17704123931455],[-118.57641069316941,34.17702873304686],[-118.57641190097095,34.177026446380395],[-118.57632561949104,34.176994734606154],[-118.57632937282433,34.176987681960874],[-118.57624534586776,34.176956811346486],[-118.5762091152705,34.17702482977199],[-118.57627355339484,34.17704851196989],[-118.57622664995247,34.177136641543335],[-118.57633275225982,34.17717565070749],[-118.57638830505809,34.17707129532684]]]},"properties":{"building_pk":17496,"building_key":"lariac:387355887321","source_tile":"r03-c02","source_tile_ids":["r03-c02"],"source_bld_id":"387355887321","height_m":4.401,"receiver_ids":[157341,157342,157343,157344,157345,157346,157347],"receiver_keys":["r03-c02:expanded-facade-max4m:17496:0:1","r03-c02:expanded-facade-max4m:17496:0:14","r03-c02:expanded-facade-max4m:17496:0:15","r03-c02:expanded-facade-max4m:17496:0:16","r03-c02:expanded-facade-max4m:17496:0:18","r03-c02:expanded-facade-max4m:17496:0:19","r03-c02:expanded-facade-max4m:17496:0:20"],"receiver_count":7,"periods":{"D":{"min":46.77666,"max":48.556263,"receiver_count":7,"unavailable_count":0},"E":{"min":44.558174,"max":46.337776,"receiver_count":7,"unavailable_count":0},"N":{"min":39.78696,"max":41.566563,"receiver_count":7,"unavailable_count":0}}}},{"type":"Feature","id":"lariac:389046887241","geometry":{"type":"Polygon","coordinates":[[[-118.5707005689121,34.17688586270944],[-118.57074531094906,34.17688572549719],[-118.5707452680897,34.176875006327286],[-118.5707005689121,34.17688586270944]]]},"properties":{"building_pk":17511,"building_key":"lariac:389046887241","source_tile":"r03-c02","source_tile_ids":["r03-c02"],"source_bld_id":"389046887241","height_m":8.038,"receiver_ids":[157412,157413,157414],"receiver_keys":["r03-c02:expanded-facade-max4m:17511:0:1","r03-c02:expanded-facade-max4m:17511:0:2","r03-c02:expanded-facade-max4m:17511:0:4"],"receiver_count":3,"periods":{"D":{"min":57.670918,"max":57.99339,"receiver_count":3,"unavailable_count":0},"E":{"min":55.45243,"max":55.774902,"receiver_count":3,"unavailable_count":0},"N":{"min":50.681217,"max":51.00369,"receiver_count":3,"unavailable_count":0}}}},{"type":"Feature","id":"lariac:389514888263","geometry":{"type":"Polygon","coordinates":[[[-118.56924871568619,34.179668750890905],[-118.56907273443666,34.179579007123856],[-118.56903335495285,34.17963230964208],[-118.56910352814603,34.17966808724709],[-118.56909217857537,34.179676577310985],[-118.56912565125081,34.179707470821384],[-118.5691099598828,34.179719223274155],[-118.56919666947961,34.17979927452427],[-118.5692155732727,34.17978822096505],[-118.5692515686788,34.17989337906805],[-118.5693318836701,34.179874397639495],[-118.56927085682585,34.179696125772985],[-118.56925903895073,34.1796989293071],[-118.56924871568619,34.179668750890905]]]},"properties":{"building_pk":17531,"building_key":"lariac:389514888263","source_tile":"r03-c02","source_tile_ids":["r03-c02"],"source_bld_id":"389514888263","height_m":3.289,"receiver_ids":[157430,157431,157432,157433,157434,157435,157436,157437,157438,157439,157440,157441,157450,157451,157452,157453],"receiver_keys":["r03-c02:expanded-facade-max4m:17531:0:1","r03-c02:expanded-facade-max4m:17531:0:10","r03-c02:expanded-facade-max4m:17531:0:11","r03-c02:expanded-facade-max4m:17531:0:12","r03-c02:expanded-facade-max4m:17531:0:13","r03-c02:expanded-facade-max4m:17531:0:2","r03-c02:expanded-facade-max4m:17531:0:23","r03-c02:expanded-facade-max4m:17531:0:24","r03-c02:expanded-facade-max4m:17531:0:25","r03-c02:expanded-facade-max4m:17531:0:26","r03-c02:expanded-facade-max4m:17531:0:3","r03-c02:expanded-facade-max4m:17531:0:4","r03-c02:expanded-facade-max4m:17531:0:5","r03-c02:expanded-facade-max4m:17531:0:6","r03-c02:expanded-facade-max4m:17531:0:7","r03-c02:expanded-facade-max4m:17531:0:8"],"receiver_count":16,"periods":{"D":{"min":64.47623,"max":65.85978,"receiver_count":16,"unavailable_count":0},"E":{"min":62.25774,"max":63.641293,"receiver_count":16,"unavailable_count":0},"N":{"min":57.48653,"max":58.870083,"receiver_count":16,"unavailable_count":0}}}},{"type":"Feature","id":"lariac:388868886775","geometry":{"type":"Polygon","coordinates":[[[-118.57119742336056,34.1756496677666],[-118.57137409239327,34.175647514264995],[-118.57137145461014,34.175498781686755],[-118.57128205331804,34.17549857204431],[-118.57128207078532,34.17549620901185],[-118.57125985220361,34.17549614898168],[-118.57125989693898,34.17548809707022],[-118.57121777467297,34.17548799401187],[-118.57121774003613,34.175497364836126],[-118.57120286184434,34.175497325119395],[-118.57120266333366,34.17555538917323],[-118.57119777016405,34.17555538523755],[-118.57119742336056,34.1756496677666]]]},"properties":{"building_pk":17743,"building_key":"lariac:388868886775","source_tile":"r03-c02","source_tile_ids":["r03-c02"],"source_bld_id":"388868886775","height_m":4.06,"receiver_ids":[157697,157698,157699,157700,157701,157702,157703,157704,157705,157706,157707,157708,157709,157710],"receiver_keys":["r03-c02:expanded-facade-max4m:17743:0:1","r03-c02:expanded-facade-max4m:17743:0:11","r03-c02:expanded-facade-max4m:17743:0:13","r03-c02:expanded-facade-max4m:17743:0:14","r03-c02:expanded-facade-max4m:17743:0:15","r03-c02:expanded-facade-max4m:17743:0:16","r03-c02:expanded-facade-max4m:17743:0:17","r03-c02:expanded-facade-max4m:17743:0:2","r03-c02:expanded-facade-max4m:17743:0:3","r03-c02:expanded-facade-max4m:17743:0:4","r03-c02:expanded-facade-max4m:17743:0:5","r03-c02:expanded-facade-max4m:17743:0:6","r03-c02:expanded-facade-max4m:17743:0:7","r03-c02:expanded-facade-max4m:17743:0:8"],"receiver_count":14,"periods":{"D":{"min":70.839264,"max":72.33451,"receiver_count":14,"unavailable_count":0},"E":{"min":68.62078,"max":70.11602,"receiver_count":14,"unavailable_count":0},"N":{"min":63.849564,"max":65.34481,"receiver_count":14,"unavailable_count":0}}}},{"type":"Feature","id":"lariac:386919887734","geometry":{"type":"Polygon","coordinates":[[[-118.57770480355336,34.17816222908792],[-118.57770617434075,34.17832704309678],[-118.57776766965516,34.178326694342815],[-118.57776702362715,34.17824755705606],[-118.57788389744121,34.178246888681684],[-118.57788320479496,34.17816118476],[-118.57770480355336,34.17816222908792]]]},"properties":{"building_pk":17764,"building_key":"lariac:386919887734","source_tile":"r03-c02","source_tile_ids":["r03-c02"],"source_bld_id":"386919887734","height_m":3.569,"receiver_ids":[157730,157731,157732,157733,157734,157735,157736,157737,157738,157739,157740,157741,157742,157743,157744,157745,157746],"receiver_keys":["r03-c02:expanded-facade-max4m:17764:0:1","r03-c02:expanded-facade-max4m:17764:0:10","r03-c02:expanded-facade-max4m:17764:0:11","r03-c02:expanded-facade-max4m:17764:0:12","r03-c02:expanded-facade-max4m:17764:0:13","r03-c02:expanded-facade-max4m:17764:0:14","r03-c02:expanded-facade-max4m:17764:0:15","r03-c02:expanded-facade-max4m:17764:0:16","r03-c02:expanded-facade-max4m:17764:0:17","r03-c02:expanded-facade-max4m:17764:0:18","r03-c02:expanded-facade-max4m:17764:0:2","r03-c02:expanded-facade-max4m:17764:0:3","r03-c02:expanded-facade-max4m:17764:0:4","r03-c02:expanded-facade-max4m:17764:0:5","r03-c02:expanded-facade-max4m:17764:0:6","r03-c02:expanded-facade-max4m:17764:0:7","r03-c02:expanded-facade-max4m:17764:0:8"],"receiver_count":17,"periods":{"D":{"min":61.09613,"max":67.50338,"receiver_count":17,"unavailable_count":0},"E":{"min":58.877644,"max":65.2849,"receiver_count":17,"unavailable_count":0},"N":{"min":54.10643,"max":60.513683,"receiver_count":17,"unavailable_count":0}}}},{"type":"Feature","id":"lariac:388751886238","geometry":{"type":"Polygon","coordinates":[[[-118.57167496202236,34.174135755392],[-118.57170590384523,34.17413525211236],[-118.57170524381822,34.174106484220616],[-118.57167430182093,34.17410696045454],[-118.57167496202236,34.174135755392]]]},"properties":{"building_pk":17974,"building_key":"lariac:388751886238","source_tile":"r03-c02","source_tile_ids":["r03-c02"],"source_bld_id":"388751886238","height_m":2.1,"receiver_ids":[157954,157955,157956,157957],"receiver_keys":["r03-c02:expanded-facade-max4m:17974:0:1","r03-c02:expanded-facade-max4m:17974:0:2","r03-c02:expanded-facade-max4m:17974:0:3","r03-c02:expanded-facade-max4m:17974:0:4"],"receiver_count":4,"periods":{"D":{"min":73.68023,"max":73.78704,"receiver_count":4,"unavailable_count":0},"E":{"min":71.46174,"max":71.56855,"receiver_count":4,"unavailable_count":0},"N":{"min":66.69053,"max":66.79734,"receiver_count":4,"unavailable_count":0}}}},{"type":"Feature","id":"lariac:387749887445","geometry":{"type":"Polygon","coordinates":[[[-118.57505088514425,34.17749410825318],[-118.57512388022228,34.17736329040592],[-118.57502038325295,34.17732341583514],[-118.57499934371835,34.177355253870786],[-118.57500378782443,34.17735729367467],[-118.57498732378825,34.177386307951245],[-118.57498046186949,34.17738364765829],[-118.57496759151252,34.177406351158545],[-118.57491395107594,34.177385364847524],[-118.57487697227833,34.17745061146819],[-118.5749497754315,34.177479118446556],[-118.57496117536817,34.177459004866186],[-118.57505088514425,34.17749410825318]]]},"properties":{"building_pk":18047,"building_key":"lariac:387749887445","source_tile":"r03-c02","source_tile_ids":["r03-c02"],"source_bld_id":"387749887445","height_m":5.267,"receiver_ids":[158064,158065,158066,158067,158068,158069,158070,158071,158072,158073,158074,158075,158076,158077,158078,158079],"receiver_keys":["r03-c02:expanded-facade-max4m:18047:0:1","r03-c02:expanded-facade-max4m:18047:0:11","r03-c02:expanded-facade-max4m:18047:0:12","r03-c02:expanded-facade-max4m:18047:0:13","r03-c02:expanded-facade-max4m:18047:0:14","r03-c02:expanded-facade-max4m:18047:0:15","r03-c02:expanded-facade-max4m:18047:0:17","r03-c02:expanded-facade-max4m:18047:0:18","r03-c02:expanded-facade-max4m:18047:0:2","r03-c02:expanded-facade-max4m:18047:0:3","r03-c02:expanded-facade-max4m:18047:0:4","r03-c02:expanded-facade-max4m:18047:0:5","r03-c02:expanded-facade-max4m:18047:0:6","r03-c02:expanded-facade-max4m:18047:0:7","r03-c02:expanded-facade-max4m:18047:0:8","r03-c02:expanded-facade-max4m:18047:0:9"],"receiver_count":16,"periods":{"D":{"min":52.03859,"max":54.959217,"receiver_count":16,"unavailable_count":0},"E":{"min":49.820103,"max":52.74073,"receiver_count":16,"unavailable_count":0},"N":{"min":45.04889,"max":47.969517,"receiver_count":16,"unavailable_count":0}}}},{"type":"Feature","id":"lariac:387316887724","geometry":{"type":"Polygon","coordinates":[[[-118.57636621388855,34.17822541577501],[-118.57637031372373,34.178225341242474],[-118.57637089834289,34.17824781578815],[-118.57642303250869,34.17824688034592],[-118.576422452802,34.17822511980096],[-118.57644642050934,34.17822467560087],[-118.57644686720022,34.17824146385487],[-118.57648128083152,34.17824083192277],[-118.57648083471223,34.17822412750986],[-118.57652457285306,34.17822334113067],[-118.57652556036008,34.17826112109615],[-118.57657633991226,34.17826021909149],[-118.57657454756368,34.17819227184204],[-118.57655143985043,34.1781926840199],[-118.57654964254202,34.178123857787014],[-118.57636365237357,34.178127244270556],[-118.57636462716594,34.17818032983512],[-118.57635857454375,34.178180526366845],[-118.57635906831082,34.17819360634013],[-118.57636552451919,34.17819357557252],[-118.57636621388855,34.17822541577501]]]},"properties":{"building_pk":18144,"building_key":"lariac:387316887724","source_tile":"r03-c02","source_tile_ids":["r03-c02"],"source_bld_id":"387316887724","height_m":4.551,"receiver_ids":[158150,158151,158152,158153,158154,158155,158156,158157,158158,158159,158160,158161,158162,158163,158164,158165],"receiver_keys":["r03-c02:expanded-facade-max4m:18144:0:1","r03-c02:expanded-facade-max4m:18144:0:10","r03-c02:expanded-facade-max4m:18144:0:12","r03-c02:expanded-facade-max4m:18144:0:13","r03-c02:expanded-facade-max4m:18144:0:14","r03-c02:expanded-facade-max4m:18144:0:15","r03-c02:expanded-facade-max4m:18144:0:16","r03-c02:expanded-facade-max4m:18144:0:17","r03-c02:expanded-facade-max4m:18144:0:18","r03-c02:expanded-facade-max4m:18144:0:2","r03-c02:expanded-facade-max4m:18144:0:20","r03-c02:expanded-facade-max4m:18144:0:5","r03-c02:expanded-facade-max4m:18144:0:6","r03-c02:expanded-facade-max4m:18144:0:7","r03-c02:expanded-facade-max4m:18144:0:8","r03-c02:expanded-facade-max4m:18144:0:9"],"receiver_count":16,"periods":{"D":{"min":57.317806,"max":68.54985,"receiver_count":16,"unavailable_count":0},"E":{"min":55.09932,"max":66.33136,"receiver_count":16,"unavailable_count":0},"N":{"min":50.328106,"max":61.56015,"receiver_count":16,"unavailable_count":0}}}},{"type":"Feature","id":"lariac:388884886383","geometry":{"type":"Polygon","coordinates":[[[-118.57119297761939,34.174583607077544],[-118.57122550798124,34.17458331639588],[-118.5712262021626,34.1746364574023],[-118.57128561091453,34.17463592975791],[-118.57128581653348,34.17465156428466],[-118.5713587798087,34.17465088963242],[-118.57135856012547,34.17463335922262],[-118.57140679482505,34.17463291135534],[-118.57140533046385,34.17452030896934],[-118.57136744315768,34.174520652956346],[-118.57134151468786,34.174485629614985],[-118.57132676844422,34.17448550725034],[-118.57132771504621,34.174411226273854],[-118.57119522942129,34.174410038177086],[-118.57119297761939,34.174583607077544]]]},"properties":{"building_pk":18262,"building_key":"lariac:388884886383","source_tile":"r03-c02","source_tile_ids":["r03-c02"],"source_bld_id":"388884886383","height_m":3.438,"receiver_ids":[158270,158271,158272,158273,158274,158275,158276,158277,158278,158279,158280,158281,158282,158283,158284,158285,158286,158287,158288,158289,158290],"receiver_keys":["r03-c02:expanded-facade-max4m:18262:0:1","r03-c02:expanded-facade-max4m:18262:0:10","r03-c02:expanded-facade-max4m:18262:0:11","r03-c02:expanded-facade-max4m:18262:0:12","r03-c02:expanded-facade-max4m:18262:0:13","r03-c02:expanded-facade-max4m:18262:0:14","r03-c02:expanded-facade-max4m:18262:0:15","r03-c02:expanded-facade-max4m:18262:0:16","r03-c02:expanded-facade-max4m:18262:0:17","r03-c02:expanded-facade-max4m:18262:0:18","r03-c02:expanded-facade-max4m:18262:0:19","r03-c02:expanded-facade-max4m:18262:0:2","r03-c02:expanded-facade-max4m:18262:0:20","r03-c02:expanded-facade-max4m:18262:0:21","r03-c02:expanded-facade-max4m:18262:0:22","r03-c02:expanded-facade-max4m:18262:0:23","r03-c02:expanded-facade-max4m:18262:0:3","r03-c02:expanded-facade-max4m:18262:0:5","r03-c02:expanded-facade-max4m:18262:0:6","r03-c02:expanded-facade-max4m:18262:0:8","r03-c02:expanded-facade-max4m:18262:0:9"],"receiver_count":21,"periods":{"D":{"min":71.69254,"max":74.44911,"receiver_count":21,"unavailable_count":0},"E":{"min":69.47405,"max":72.23062,"receiver_count":21,"unavailable_count":0},"N":{"min":64.70284,"max":67.45941,"receiver_count":21,"unavailable_count":0}}}},{"type":"Feature","id":"lariac:2014121119580000","geometry":{"type":"Polygon","coordinates":[[[-118.57444732260548,34.179669395299946],[-118.57410878447327,34.179526119920645],[-118.57404004148042,34.179638312669645],[-118.57395615118853,34.179602808568134],[-118.5739052718618,34.17964883769675],[-118.57385878690843,34.179614493920035],[-118.57366960223615,34.17979136765964],[-118.57380853717314,34.17989401125288],[-118.5739854623884,34.17972859912498],[-118.57417590932259,34.179809199353144],[-118.57418324276745,34.18082785943204],[-118.57445783176527,34.18082647709702],[-118.57444939660627,34.17966938454755],[-118.57444732260548,34.179669395299946]]]},"properties":{"building_pk":18843,"building_key":"lariac:2014121119580000","source_tile":"r03-c02","source_tile_ids":["r03-c02"],"source_bld_id":"2014121119580000","height_m":9.342,"receiver_ids":[159149,159150,159151,159152,159153,159154,159155,159156,159157,159158,159159,159160,159161,159162,159163,159164,159165,159166,159167,159168,159191],"receiver_keys":["r03-c02:expanded-facade-max4m:18843:0:1","r03-c02:expanded-facade-max4m:18843:0:10","r03-c02:expanded-facade-max4m:18843:0:107","r03-c02:expanded-facade-max4m:18843:0:11","r03-c02:expanded-facade-max4m:18843:0:12","r03-c02:expanded-facade-max4m:18843:0:14","r03-c02:expanded-facade-max4m:18843:0:15","r03-c02:expanded-facade-max4m:18843:0:16","r03-c02:expanded-facade-max4m:18843:0:18","r03-c02:expanded-facade-max4m:18843:0:19","r03-c02:expanded-facade-max4m:18843:0:2","r03-c02:expanded-facade-max4m:18843:0:20","r03-c02:expanded-facade-max4m:18843:0:21","r03-c02:expanded-facade-max4m:18843:0:22","r03-c02:expanded-facade-max4m:18843:0:3","r03-c02:expanded-facade-max4m:18843:0:4","r03-c02:expanded-facade-max4m:18843:0:5","r03-c02:expanded-facade-max4m:18843:0:6","r03-c02:expanded-facade-max4m:18843:0:7","r03-c02:expanded-facade-max4m:18843:0:8","r03-c02:expanded-facade-max4m:18843:0:9"],"receiver_count":21,"periods":{"D":{"min":47.462826,"max":61.69186,"receiver_count":21,"unavailable_count":0},"E":{"min":45.24434,"max":59.473373,"receiver_count":21,"unavailable_count":0},"N":{"min":40.473125,"max":54.70216,"receiver_count":21,"unavailable_count":0}}}},{"type":"Feature","id":"lariac:201700285730","geometry":{"type":"Polygon","coordinates":[[[-118.57191549987456,34.175159692155304],[-118.57199280765205,34.17519922983615],[-118.57201952247674,34.175163040771544],[-118.57204486323505,34.17517600143065],[-118.57209651979262,34.17510622901152],[-118.57210060609967,34.175108319297095],[-118.57214216729514,34.17505218180219],[-118.57206824596551,34.175014376294634],[-118.57203504750544,34.1750592184165],[-118.5719302144963,34.17500560438684],[-118.57187041647283,34.17508637261324],[-118.5719424927326,34.175123234034054],[-118.57191549987456,34.175159692155304]]]},"properties":{"building_pk":19182,"building_key":"lariac:201700285730","source_tile":"r03-c02","source_tile_ids":["r03-c02"],"source_bld_id":"201700285730","height_m":3.243,"receiver_ids":[159562,159563,159564,159565,159566,159567,159568,159569,159570,159571,159572],"receiver_keys":["r03-c02:expanded-facade-max4m:19182:0:1","r03-c02:expanded-facade-max4m:19182:0:14","r03-c02:expanded-facade-max4m:19182:0:15","r03-c02:expanded-facade-max4m:19182:0:16","r03-c02:expanded-facade-max4m:19182:0:17","r03-c02:expanded-facade-max4m:19182:0:18","r03-c02:expanded-facade-max4m:19182:0:19","r03-c02:expanded-facade-max4m:19182:0:2","r03-c02:expanded-facade-max4m:19182:0:20","r03-c02:expanded-facade-max4m:19182:0:21","r03-c02:expanded-facade-max4m:19182:0:3"],"receiver_count":11,"periods":{"D":{"min":71.218025,"max":71.74608,"receiver_count":11,"unavailable_count":0},"E":{"min":68.999535,"max":69.527596,"receiver_count":11,"unavailable_count":0},"N":{"min":64.228325,"max":64.75638,"receiver_count":11,"unavailable_count":0}}}},{"type":"Feature","id":"lariac:201700286134","geometry":{"type":"Polygon","coordinates":[[[-118.57656133524885,34.17874362538753],[-118.57665044620468,34.178743852362345],[-118.57665066138206,34.178685450120746],[-118.57664571915433,34.17868543762311],[-118.57664603145857,34.178600561034926],[-118.57662712279246,34.17860051325184],[-118.57662711381344,34.17860314129971],[-118.57646673671748,34.17860273382256],[-118.57646674306423,34.17860098118786],[-118.57644756753886,34.17860093194395],[-118.57644725280839,34.17868658657587],[-118.57650207617493,34.178686725547216],[-118.57650908358748,34.178691269291136],[-118.57652323879958,34.17869130549339],[-118.57653078788535,34.17868694479382],[-118.57656154338875,34.17868702356627],[-118.57656133524885,34.17874362538753]]]},"properties":{"building_pk":19195,"building_key":"lariac:201700286134","source_tile":"r03-c02","source_tile_ids":["r03-c02"],"source_bld_id":"201700286134","height_m":5.355,"receiver_ids":[159588,159589,159590,159591,159592,159593,159594,159595,159596,159597,159598,159599,159600,159601,159602,159603,159604],"receiver_keys":["r03-c02:expanded-facade-max4m:19195:0:1","r03-c02:expanded-facade-max4m:19195:0:10","r03-c02:expanded-facade-max4m:19195:0:11","r03-c02:expanded-facade-max4m:19195:0:12","r03-c02:expanded-facade-max4m:19195:0:13","r03-c02:expanded-facade-max4m:19195:0:14","r03-c02:expanded-facade-max4m:19195:0:15","r03-c02:expanded-facade-max4m:19195:0:16","r03-c02:expanded-facade-max4m:19195:0:18","r03-c02:expanded-facade-max4m:19195:0:2","r03-c02:expanded-facade-max4m:19195:0:3","r03-c02:expanded-facade-max4m:19195:0:4","r03-c02:expanded-facade-max4m:19195:0:5","r03-c02:expanded-facade-max4m:19195:0:6","r03-c02:expanded-facade-max4m:19195:0:7","r03-c02:expanded-facade-max4m:19195:0:8","r03-c02:expanded-facade-max4m:19195:0:9"],"receiver_count":17,"periods":{"D":{"min":51.901855,"max":56.852047,"receiver_count":17,"unavailable_count":0},"E":{"min":49.68337,"max":54.63356,"receiver_count":17,"unavailable_count":0},"N":{"min":44.912155,"max":49.862347,"receiver_count":17,"unavailable_count":0}}}},{"type":"Feature","id":"lariac:388861886527","geometry":{"type":"Polygon","coordinates":[[[-118.57129852527848,34.17490477984678],[-118.57129887846203,34.17492755842216],[-118.57136086601426,34.17492690857121],[-118.57136051172915,34.17490413000114],[-118.57129852527848,34.17490477984678]]]},"properties":{"building_pk":23055,"building_key":"lariac:388861886527","source_tile":"r03-c02","source_tile_ids":["r03-c02"],"source_bld_id":"388861886527","height_m":2.838,"receiver_ids":[160603,160604,160605,160606],"receiver_keys":["r03-c02:expanded-facade-max4m:23055:0:2","r03-c02:expanded-facade-max4m:23055:0:3","r03-c02:expanded-facade-max4m:23055:0:4","r03-c02:expanded-facade-max4m:23055:0:5"],"receiver_count":4,"periods":{"D":{"min":72.271454,"max":72.47921,"receiver_count":4,"unavailable_count":0},"E":{"min":70.05297,"max":70.26072,"receiver_count":4,"unavailable_count":0},"N":{"min":65.28175,"max":65.48951,"receiver_count":4,"unavailable_count":0}}}},{"type":"Feature","id":"lariac:388807886128","geometry":{"type":"Polygon","coordinates":[[[-118.5715561980801,34.173832825974145],[-118.57155511061737,34.173797064111305],[-118.57142708219897,34.17379973004907],[-118.57142810612687,34.17383303009308],[-118.5715561980801,34.173832825974145]]]},"properties":{"building_pk":23056,"building_key":"lariac:388807886128","source_tile":"r03-c02","source_tile_ids":["r03-c02"],"source_bld_id":"388807886128","height_m":4.41,"receiver_ids":[160607,160608,160609,160610,160611,160612],"receiver_keys":["r03-c02:expanded-facade-max4m:23056:0:1","r03-c02:expanded-facade-max4m:23056:0:2","r03-c02:expanded-facade-max4m:23056:0:3","r03-c02:expanded-facade-max4m:23056:0:4","r03-c02:expanded-facade-max4m:23056:0:5","r03-c02:expanded-facade-max4m:23056:0:6"],"receiver_count":6,"periods":{"D":{"min":70.52423,"max":74.34381,"receiver_count":6,"unavailable_count":0},"E":{"min":68.30575,"max":72.12532,"receiver_count":6,"unavailable_count":0},"N":{"min":63.534534,"max":67.35411,"receiver_count":6,"unavailable_count":0}}}},{"type":"Feature","id":"lariac:388701886176","geometry":{"type":"Polygon","coordinates":[[[-118.57191209012413,34.17396822071588],[-118.57197692139268,34.173967941156015],[-118.57197652439011,34.17390028927796],[-118.57173567844183,34.17390126405328],[-118.57173599908685,34.173957786716706],[-118.57179904500747,34.17395751659404],[-118.57179973317565,34.17407248559693],[-118.5719127009982,34.17407203436401],[-118.57191209012413,34.17396822071588]]]},"properties":{"building_pk":23058,"building_key":"lariac:388701886176","source_tile":"r03-c02","source_tile_ids":["r03-c02"],"source_bld_id":"388701886176","height_m":4.072,"receiver_ids":[160613,160614,160615,160616,160617,160618,160619,160620,160621,160622,160623,160624,160625,160626,160627,160628,160629,160630,160631,160632,160633],"receiver_keys":["r03-c02:expanded-facade-max4m:23058:0:1","r03-c02:expanded-facade-max4m:23058:0:10","r03-c02:expanded-facade-max4m:23058:0:11","r03-c02:expanded-facade-max4m:23058:0:12","r03-c02:expanded-facade-max4m:23058:0:13","r03-c02:expanded-facade-max4m:23058:0:14","r03-c02:expanded-facade-max4m:23058:0:15","r03-c02:expanded-facade-max4m:23058:0:16","r03-c02:expanded-facade-max4m:23058:0:17","r03-c02:expanded-facade-max4m:23058:0:18","r03-c02:expanded-facade-max4m:23058:0:19","r03-c02:expanded-facade-max4m:23058:0:2","r03-c02:expanded-facade-max4m:23058:0:20","r03-c02:expanded-facade-max4m:23058:0:21","r03-c02:expanded-facade-max4m:23058:0:3","r03-c02:expanded-facade-max4m:23058:0:4","r03-c02:expanded-facade-max4m:23058:0:5","r03-c02:expanded-facade-max4m:23058:0:6","r03-c02:expanded-facade-max4m:23058:0:7","r03-c02:expanded-facade-max4m:23058:0:8","r03-c02:expanded-facade-max4m:23058:0:9"],"receiver_count":21,"periods":{"D":{"min":73.31919,"max":74.14567,"receiver_count":21,"unavailable_count":0},"E":{"min":71.1007,"max":71.927185,"receiver_count":21,"unavailable_count":0},"N":{"min":66.32949,"max":67.15597,"receiver_count":21,"unavailable_count":0}}}},{"type":"Feature","id":"lariac:389227886887","geometry":{"type":"Polygon","coordinates":[[[-118.57014400186036,34.1759218177243],[-118.57014231399482,34.1759022612504],[-118.57010731553288,34.17590432218741],[-118.57010896977117,34.175923879721836],[-118.57014400186036,34.1759218177243]]]},"properties":{"building_pk":23709,"building_key":"lariac:389227886887","source_tile":"r03-c02","source_tile_ids":["r03-c02"],"source_bld_id":"389227886887","height_m":3.716,"receiver_ids":[161443,161444,161445,161446],"receiver_keys":["r03-c02:expanded-facade-max4m:23709:0:1","r03-c02:expanded-facade-max4m:23709:0:2","r03-c02:expanded-facade-max4m:23709:0:3","r03-c02:expanded-facade-max4m:23709:0:4"],"receiver_count":4,"periods":{"D":{"min":70.363434,"max":70.54131,"receiver_count":4,"unavailable_count":0},"E":{"min":68.14495,"max":68.32282,"receiver_count":4,"unavailable_count":0},"N":{"min":63.373737,"max":63.55161,"receiver_count":4,"unavailable_count":0}}}},{"type":"Feature","id":"lariac:387912887991","geometry":{"type":"Polygon","coordinates":[[[-118.5745002300106,34.17897125680761],[-118.57455317938701,34.178925225705456],[-118.57455058574423,34.17892317709401],[-118.57455328359863,34.178921135800486],[-118.57450768271114,34.17888077656965],[-118.57450396114808,34.178883965884445],[-118.57449997239941,34.178880796967206],[-118.57444570830859,34.178927934175874],[-118.5745002300106,34.17897125680761]]]},"properties":{"building_pk":23829,"building_key":"lariac:387912887991","source_tile":"r03-c02","source_tile_ids":["r03-c02"],"source_bld_id":"387912887991","height_m":4.499,"receiver_ids":[161562,161563,161564,161565,161566,161567],"receiver_keys":["r03-c02:expanded-facade-max4m:23829:0:1","r03-c02:expanded-facade-max4m:23829:0:2","r03-c02:expanded-facade-max4m:23829:0:5","r03-c02:expanded-facade-max4m:23829:0:6","r03-c02:expanded-facade-max4m:23829:0:7","r03-c02:expanded-facade-max4m:23829:0:8"],"receiver_count":6,"periods":{"D":{"min":54.846176,"max":61.275967,"receiver_count":6,"unavailable_count":0},"E":{"min":52.62769,"max":59.05748,"receiver_count":6,"unavailable_count":0},"N":{"min":47.856476,"max":54.286266,"receiver_count":6,"unavailable_count":0}}}},{"type":"Feature","id":"lariac:387431887453","geometry":{"type":"Polygon","coordinates":[[[-118.57595393635414,34.17738437352654],[-118.57602168215531,34.17745621148428],[-118.576061048834,34.17743063285567],[-118.57607830107341,34.17744896204088],[-118.57608705680876,34.17744325953064],[-118.57610221216204,34.17745937278499],[-118.57619249804762,34.17740068661194],[-118.5761666524025,34.17737322064957],[-118.576178765682,34.177365359163645],[-118.57614572442189,34.17733026073488],[-118.57613749651959,34.177335740757876],[-118.57612530894063,34.17732307620667],[-118.57614535201077,34.177309763168346],[-118.57612140853267,34.17728489810899],[-118.57611841321946,34.17728689126981],[-118.57606842853308,34.17723497406166],[-118.57600145249374,34.17727947960959],[-118.57604106906943,34.17731894269512],[-118.57598276025747,34.17735939507304],[-118.57598572332829,34.17736232180267],[-118.57595393635414,34.17738437352654]]]},"properties":{"building_pk":24082,"building_key":"lariac:387431887453","source_tile":"r03-c02","source_tile_ids":["r03-c02"],"source_bld_id":"387431887453","height_m":7.135,"receiver_ids":[162005,162006,162007,162008,162009,162010,162011,162012,162013,162014,162015,162016,162017,162018,162019,162020],"receiver_keys":["r03-c02:expanded-facade-max4m:24082:0:1","r03-c02:expanded-facade-max4m:24082:0:10","r03-c02:expanded-facade-max4m:24082:0:11","r03-c02:expanded-facade-max4m:24082:0:15","r03-c02:expanded-facade-max4m:24082:0:16","r03-c02:expanded-facade-max4m:24082:0:17","r03-c02:expanded-facade-max4m:24082:0:18","r03-c02:expanded-facade-max4m:24082:0:19","r03-c02:expanded-facade-max4m:24082:0:2","r03-c02:expanded-facade-max4m:24082:0:20","r03-c02:expanded-facade-max4m:24082:0:21","r03-c02:expanded-facade-max4m:24082:0:3","r03-c02:expanded-facade-max4m:24082:0:6","r03-c02:expanded-facade-max4m:24082:0:7","r03-c02:expanded-facade-max4m:24082:0:8","r03-c02:expanded-facade-max4m:24082:0:9"],"receiver_count":16,"periods":{"D":{"min":45.063503,"max":55.944527,"receiver_count":16,"unavailable_count":0},"E":{"min":42.845016,"max":53.72604,"receiver_count":16,"unavailable_count":0},"N":{"min":38.073803,"max":48.954826,"receiver_count":16,"unavailable_count":0}}}},{"type":"Feature","id":"lariac:387054887789","geometry":{"type":"Polygon","coordinates":[[[-118.57737334590071,34.17832970349324],[-118.57729667776712,34.17833061942061],[-118.57729766482092,34.1783872768454],[-118.57737429938032,34.17838636107791],[-118.57737334590071,34.17832970349324]]]},"properties":{"building_pk":24296,"building_key":"lariac:387054887789","source_tile":"r03-c02","source_tile_ids":["r03-c02"],"source_bld_id":"387054887789","height_m":3.027,"receiver_ids":[162208,162209,162210,162211,162212,162213,162214],"receiver_keys":["r03-c02:expanded-facade-max4m:24296:0:1","r03-c02:expanded-facade-max4m:24296:0:2","r03-c02:expanded-facade-max4m:24296:0:3","r03-c02:expanded-facade-max4m:24296:0:4","r03-c02:expanded-facade-max4m:24296:0:5","r03-c02:expanded-facade-max4m:24296:0:6","r03-c02:expanded-facade-max4m:24296:0:7"],"receiver_count":7,"periods":{"D":{"min":59.027786,"max":61.863846,"receiver_count":7,"unavailable_count":0},"E":{"min":56.8093,"max":59.64536,"receiver_count":7,"unavailable_count":0},"N":{"min":52.038086,"max":54.874146,"receiver_count":7,"unavailable_count":0}}}},{"type":"Feature","id":"lariac:389971888103","geometry":{"type":"Polygon","coordinates":[[[-118.56751124967246,34.179391627594704],[-118.5675313927427,34.17939755088819],[-118.56751896112068,34.17942673724148],[-118.5675720679872,34.179442398498296],[-118.56758397991739,34.17941447854448],[-118.56759898847307,34.17941891493309],[-118.56760055059951,34.179415252738366],[-118.567629539129,34.17942377242362],[-118.56762123971939,34.17944326671702],[-118.56770426339526,34.179467718210695],[-118.56773042952945,34.17940634441558],[-118.56768809000658,34.17939387464504],[-118.56775617330538,34.179234149271004],[-118.56769862665098,34.17921721702139],[-118.56769446161013,34.179227019236876],[-118.56765583201143,34.17921565897288],[-118.56764873697121,34.17923231766559],[-118.56758416773789,34.17921333034351],[-118.56756236194835,34.179264433979164],[-118.56761808705234,34.17928085194642],[-118.56760763916006,34.17930535719251],[-118.56761767805718,34.17930830591237],[-118.5676057661534,34.17933622586943],[-118.5676179909134,34.17933982245862],[-118.5676142167053,34.179348715882696],[-118.56753897786224,34.179326563700464],[-118.56751124967246,34.179391627594704]]]},"properties":{"building_pk":24339,"building_key":"lariac:389971888103","source_tile":"r03-c02","source_tile_ids":["r03-c02"],"source_bld_id":"389971888103","height_m":6.943,"receiver_ids":[162370],"receiver_keys":["r03-c02:expanded-facade-max4m:24339:0:15"],"receiver_count":1,"periods":{"D":{"min":60.864742,"max":60.864742,"receiver_count":1,"unavailable_count":0},"E":{"min":58.64625,"max":58.64625,"receiver_count":1,"unavailable_count":0},"N":{"min":53.875042,"max":53.875042,"receiver_count":1,"unavailable_count":0}}}},{"type":"Feature","id":"lariac:388875886187","geometry":{"type":"Polygon","coordinates":[[[-118.5713650144178,34.17391889834776],[-118.57133840131152,34.17391918906134],[-118.57133834678669,34.17391597440883],[-118.57130191574029,34.173916366491085],[-118.57130107885024,34.17386171426822],[-118.57119343879094,34.17386288173945],[-118.57119437878744,34.17392294725448],[-118.57122231300798,34.17392265033251],[-118.57122490396866,34.174088694601565],[-118.57134001526146,34.17408746385976],[-118.5713383569836,34.17398027526745],[-118.5713663900742,34.1739798408103],[-118.5713650144178,34.17391889834776]]]},"properties":{"building_pk":24929,"building_key":"lariac:388875886187","source_tile":"r03-c02","source_tile_ids":["r03-c02"],"source_bld_id":"388875886187","height_m":4.139,"receiver_ids":[163169,163170,163171,163172,163173,163174,163175,163176,163177,163178,163179,163180,163181,163182,163183,163184,163185,163186,163187],"receiver_keys":["r03-c02:expanded-facade-max4m:24929:0:1","r03-c02:expanded-facade-max4m:24929:0:10","r03-c02:expanded-facade-max4m:24929:0:11","r03-c02:expanded-facade-max4m:24929:0:12","r03-c02:expanded-facade-max4m:24929:0:13","r03-c02:expanded-facade-max4m:24929:0:14","r03-c02:expanded-facade-max4m:24929:0:15","r03-c02:expanded-facade-max4m:24929:0:16","r03-c02:expanded-facade-max4m:24929:0:17","r03-c02:expanded-facade-max4m:24929:0:18","r03-c02:expanded-facade-max4m:24929:0:20","r03-c02:expanded-facade-max4m:24929:0:21","r03-c02:expanded-facade-max4m:24929:0:3","r03-c02:expanded-facade-max4m:24929:0:4","r03-c02:expanded-facade-max4m:24929:0:5","r03-c02:expanded-facade-max4m:24929:0:6","r03-c02:expanded-facade-max4m:24929:0:7","r03-c02:expanded-facade-max4m:24929:0:8","r03-c02:expanded-facade-max4m:24929:0:9"],"receiver_count":19,"periods":{"D":{"min":73.9114,"max":75.51728,"receiver_count":19,"unavailable_count":0},"E":{"min":71.69291,"max":73.2988,"receiver_count":19,"unavailable_count":0},"N":{"min":66.9217,"max":68.52758,"receiver_count":19,"unavailable_count":0}}}},{"type":"Feature","id":"lariac:388878886687","geometry":{"type":"Polygon","coordinates":[[[-118.57122625165034,34.17540279581775],[-118.57119910664055,34.17540262201043],[-118.57119954461231,34.17546191997804],[-118.57127733748119,34.175461525486945],[-118.57127697689786,34.17540879400899],[-118.57137344765624,34.175408283277854],[-118.57137266923662,34.175304141356186],[-118.57134099780502,34.17530429098344],[-118.57134049795127,34.17523611759597],[-118.57122501611316,34.175236690149866],[-118.57122625165034,34.17540279581775]]]},"properties":{"building_pk":25446,"building_key":"lariac:388878886687","source_tile":"r03-c02","source_tile_ids":["r03-c02"],"source_bld_id":"388878886687","height_m":4.215,"receiver_ids":[163602,163603,163604,163605,163606,163607,163608,163609,163610,163611,163612,163613,163614,163615,163616,163617,163618,163619],"receiver_keys":["r03-c02:expanded-facade-max4m:25446:0:1","r03-c02:expanded-facade-max4m:25446:0:10","r03-c02:expanded-facade-max4m:25446:0:11","r03-c02:expanded-facade-max4m:25446:0:13","r03-c02:expanded-facade-max4m:25446:0:14","r03-c02:expanded-facade-max4m:25446:0:15","r03-c02:expanded-facade-max4m:25446:0:16","r03-c02:expanded-facade-max4m:25446:0:17","r03-c02:expanded-facade-max4m:25446:0:18","r03-c02:expanded-facade-max4m:25446:0:19","r03-c02:expanded-facade-max4m:25446:0:2","r03-c02:expanded-facade-max4m:25446:0:20","r03-c02:expanded-facade-max4m:25446:0:21","r03-c02:expanded-facade-max4m:25446:0:3","r03-c02:expanded-facade-max4m:25446:0:5","r03-c02:expanded-facade-max4m:25446:0:7","r03-c02:expanded-facade-max4m:25446:0:8","r03-c02:expanded-facade-max4m:25446:0:9"],"receiver_count":18,"periods":{"D":{"min":71.02592,"max":72.73253,"receiver_count":18,"unavailable_count":0},"E":{"min":68.807434,"max":70.514046,"receiver_count":18,"unavailable_count":0},"N":{"min":64.036224,"max":65.74283,"receiver_count":18,"unavailable_count":0}}}},{"type":"Feature","id":"lariac:388083887864","geometry":{"type":"Polygon","coordinates":[[[-118.57396383013739,34.17848843952246],[-118.57395732087573,34.1784938562455],[-118.57392273841934,34.178465194346806],[-118.57388177619397,34.178499325593634],[-118.57391868683885,34.178529927400106],[-118.5738253865041,34.17860766860618],[-118.57389554985575,34.17866583877086],[-118.57394065496841,34.17862825387327],[-118.57393915805154,34.17862699701034],[-118.5739530640306,34.17861538943473],[-118.57396001479394,34.17862118223483],[-118.574003540883,34.17858492286642],[-118.57401019146062,34.17859044211696],[-118.574048425909,34.17855857673568],[-118.57396383013739,34.17848843952246]]]},"properties":{"building_pk":25447,"building_key":"lariac:388083887864","source_tile":"r03-c02","source_tile_ids":["r03-c02"],"source_bld_id":"388083887864","height_m":5.432,"receiver_ids":[163620,163621,163622,163623,163624,163625,163626,163627,163628,163629,163630,163631,163632,163633,163634,163635,163636],"receiver_keys":["r03-c02:expanded-facade-max4m:25447:0:1","r03-c02:expanded-facade-max4m:25447:0:11","r03-c02:expanded-facade-max4m:25447:0:12","r03-c02:expanded-facade-max4m:25447:0:13","r03-c02:expanded-facade-max4m:25447:0:14","r03-c02:expanded-facade-max4m:25447:0:15","r03-c02:expanded-facade-max4m:25447:0:16","r03-c02:expanded-facade-max4m:25447:0:17","r03-c02:expanded-facade-max4m:25447:0:18","r03-c02:expanded-facade-max4m:25447:0:2","r03-c02:expanded-facade-max4m:25447:0:3","r03-c02:expanded-facade-max4m:25447:0:4","r03-c02:expanded-facade-max4m:25447:0:5","r03-c02:expanded-facade-max4m:25447:0:6","r03-c02:expanded-facade-max4m:25447:0:7","r03-c02:expanded-facade-max4m:25447:0:8","r03-c02:expanded-facade-max4m:25447:0:9"],"receiver_count":17,"periods":{"D":{"min":48.230164,"max":68.244255,"receiver_count":17,"unavailable_count":0},"E":{"min":46.011677,"max":66.025764,"receiver_count":17,"unavailable_count":0},"N":{"min":41.240463,"max":61.254555,"receiver_count":17,"unavailable_count":0}}}},{"type":"Feature","id":"lariac:387232887295","geometry":{"type":"Polygon","coordinates":[[[-118.57685440513919,34.17701581876647],[-118.57679894206156,34.17701336243293],[-118.57679915000793,34.17698126552028],[-118.57684607038821,34.17698664754521],[-118.57685533940494,34.17693087610345],[-118.57679203969383,34.17692362125546],[-118.57666486976603,34.176922001773114],[-118.5766644807921,34.1769423379861],[-118.57668322987344,34.176942578551746],[-118.57668216551961,34.176999272806796],[-118.57665164595213,34.17699886928814],[-118.57665114539867,34.17702692777019],[-118.5766363981262,34.177026723113485],[-118.57663567698542,34.17706588427818],[-118.57677680149754,34.177067712213976],[-118.5767763177796,34.17709348970634],[-118.57685293081632,34.17709449826431],[-118.57685440513919,34.17701581876647]]]},"properties":{"building_pk":25654,"building_key":"lariac:387232887295","source_tile":"r03-c02","source_tile_ids":["r03-c02"],"source_bld_id":"387232887295","height_m":4.182,"receiver_ids":[163993,163994,163995],"receiver_keys":["r03-c02:expanded-facade-max4m:25654:0:16","r03-c02:expanded-facade-max4m:25654:0:17","r03-c02:expanded-facade-max4m:25654:0:18"],"receiver_count":3,"periods":{"D":{"min":51.072117,"max":54.40379,"receiver_count":3,"unavailable_count":0},"E":{"min":48.85363,"max":52.185303,"receiver_count":3,"unavailable_count":0},"N":{"min":44.082417,"max":47.41409,"receiver_count":3,"unavailable_count":0}}}},{"type":"Feature","id":"lariac:388822888147","geometry":{"type":"Polygon","coordinates":[[[-118.57151830486556,34.17940677768366],[-118.57156759978963,34.17940646269156],[-118.57156748734639,34.17939478460591],[-118.57161063312354,34.17939452570254],[-118.57161004201956,34.17932747877345],[-118.57137665667184,34.17932893859231],[-118.57137710025407,34.17937936082303],[-118.57138080351586,34.17937934332765],[-118.57138128093419,34.17943471217719],[-118.57140716888162,34.1794345619233],[-118.57140754139638,34.179474432804376],[-118.57151892787083,34.179473741519985],[-118.57151830486556,34.17940677768366]]]},"properties":{"building_pk":25715,"building_key":"lariac:388822888147","source_tile":"r03-c02","source_tile_ids":["r03-c02"],"source_bld_id":"388822888147","height_m":8.931,"receiver_ids":[164015,164016,164017,164018,164019,164020,164021,164022,164023,164024,164025,164026,164027,164028,164029,164030,164031],"receiver_keys":["r03-c02:expanded-facade-max4m:25715:0:1","r03-c02:expanded-facade-max4m:25715:0:10","r03-c02:expanded-facade-max4m:25715:0:11","r03-c02:expanded-facade-max4m:25715:0:12","r03-c02:expanded-facade-max4m:25715:0:13","r03-c02:expanded-facade-max4m:25715:0:15","r03-c02:expanded-facade-max4m:25715:0:16","r03-c02:expanded-facade-max4m:25715:0:17","r03-c02:expanded-facade-max4m:25715:0:18","r03-c02:expanded-facade-max4m:25715:0:19","r03-c02:expanded-facade-max4m:25715:0:3","r03-c02:expanded-facade-max4m:25715:0:4","r03-c02:expanded-facade-max4m:25715:0:5","r03-c02:expanded-facade-max4m:25715:0:6","r03-c02:expanded-facade-max4m:25715:0:7","r03-c02:expanded-facade-max4m:25715:0:8","r03-c02:expanded-facade-max4m:25715:0:9"],"receiver_count":17,"periods":{"D":{"min":47.63745,"max":65.8309,"receiver_count":17,"unavailable_count":0},"E":{"min":45.41896,"max":63.61241,"receiver_count":17,"unavailable_count":0},"N":{"min":40.64775,"max":58.841198,"receiver_count":17,"unavailable_count":0}}}},{"type":"Feature","id":"lariac:389082886106","geometry":{"type":"Polygon","coordinates":[[[-118.57064819722589,34.17380115483163],[-118.57064738716494,34.17373575786476],[-118.57065875958679,34.173735677156166],[-118.57065825884118,34.17369619184182],[-118.5706359439131,34.17369640712517],[-118.57063551531769,34.173662719307124],[-118.57062629161138,34.17366279077664],[-118.57062515384125,34.17357370906064],[-118.5705507702239,34.17357433407978],[-118.57055300167112,34.17375098763239],[-118.57052711604355,34.17375121974141],[-118.57052772878505,34.173802190212655],[-118.57064819722589,34.17380115483163]]]},"properties":{"building_pk":25844,"building_key":"lariac:389082886106","source_tile":"r03-c02","source_tile_ids":["r03-c02"],"source_bld_id":"389082886106","height_m":4.767,"receiver_ids":[164246,164247,164248,164249,164250,164251,164252,164253,164254,164255,164256,164257,164258,164259,164260,164261],"receiver_keys":["r03-c02:expanded-facade-max4m:25844:0:1","r03-c02:expanded-facade-max4m:25844:0:10","r03-c02:expanded-facade-max4m:25844:0:11","r03-c02:expanded-facade-max4m:25844:0:14","r03-c02:expanded-facade-max4m:25844:0:15","r03-c02:expanded-facade-max4m:25844:0:16","r03-c02:expanded-facade-max4m:25844:0:17","r03-c02:expanded-facade-max4m:25844:0:18","r03-c02:expanded-facade-max4m:25844:0:19","r03-c02:expanded-facade-max4m:25844:0:2","r03-c02:expanded-facade-max4m:25844:0:3","r03-c02:expanded-facade-max4m:25844:0:5","r03-c02:expanded-facade-max4m:25844:0:6","r03-c02:expanded-facade-max4m:25844:0:7","r03-c02:expanded-facade-max4m:25844:0:8","r03-c02:expanded-facade-max4m:25844:0:9"],"receiver_count":16,"periods":{"D":{"min":69.04398,"max":74.817444,"receiver_count":16,"unavailable_count":0},"E":{"min":66.8255,"max":72.59895,"receiver_count":16,"unavailable_count":0},"N":{"min":62.054287,"max":67.82774,"receiver_count":16,"unavailable_count":0}}}},{"type":"Feature","id":"lariac:388134887913","geometry":{"type":"Polygon","coordinates":[[[-118.57364868321596,34.1787404894927],[-118.57373052770576,34.17880978891919],[-118.57375327999495,34.17879124167796],[-118.57375128453123,34.17878957517161],[-118.57378820770607,34.17875944796265],[-118.57379150064186,34.17876223524453],[-118.57381770584666,34.17874086960643],[-118.57381025578108,34.17873455717235],[-118.57382528122446,34.17872231231704],[-118.57383901716778,34.17873395371138],[-118.57388649446888,34.17869522974572],[-118.57386753757099,34.17867916220052],[-118.57386165218519,34.17868397102113],[-118.573791148524,34.178624264414935],[-118.57364868321596,34.1787404894927]]]},"properties":{"building_pk":26065,"building_key":"lariac:388134887913","source_tile":"r03-c02","source_tile_ids":["r03-c02"],"source_bld_id":"388134887913","height_m":5.678,"receiver_ids":[164578,164579,164580,164581,164582,164583,164584,164585,164586,164587,164588,164589,164590,164591,164592],"receiver_keys":["r03-c02:expanded-facade-max4m:26065:0:1","r03-c02:expanded-facade-max4m:26065:0:11","r03-c02:expanded-facade-max4m:26065:0:12","r03-c02:expanded-facade-max4m:26065:0:13","r03-c02:expanded-facade-max4m:26065:0:14","r03-c02:expanded-facade-max4m:26065:0:15","r03-c02:expanded-facade-max4m:26065:0:16","r03-c02:expanded-facade-max4m:26065:0:17","r03-c02:expanded-facade-max4m:26065:0:2","r03-c02:expanded-facade-max4m:26065:0:3","r03-c02:expanded-facade-max4m:26065:0:4","r03-c02:expanded-facade-max4m:26065:0:5","r03-c02:expanded-facade-max4m:26065:0:6","r03-c02:expanded-facade-max4m:26065:0:8","r03-c02:expanded-facade-max4m:26065:0:9"],"receiver_count":15,"periods":{"D":{"min":48.32836,"max":68.44751,"receiver_count":15,"unavailable_count":0},"E":{"min":46.109875,"max":66.22903,"receiver_count":15,"unavailable_count":0},"N":{"min":41.33866,"max":61.45781,"receiver_count":15,"unavailable_count":0}}}},{"type":"Feature","id":"lariac:2014121120080000","geometry":{"type":"Polygon","coordinates":[[[-118.57057416317237,34.176173715556196],[-118.57056682965712,34.17614643964674],[-118.57050272042622,34.17615834677234],[-118.5705100550062,34.17618562268054],[-118.57057416317237,34.176173715556196]]]},"properties":{"building_pk":26375,"building_key":"lariac:2014121120080000","source_tile":"r03-c02","source_tile_ids":["r03-c02"],"source_bld_id":"2014121120080000","height_m":3.283,"receiver_ids":[164935,164936,164937,164938],"receiver_keys":["r03-c02:expanded-facade-max4m:26375:0:1","r03-c02:expanded-facade-max4m:26375:0:2","r03-c02:expanded-facade-max4m:26375:0:4","r03-c02:expanded-facade-max4m:26375:0:5"],"receiver_count":4,"periods":{"D":{"min":68.80297,"max":70.11086,"receiver_count":4,"unavailable_count":0},"E":{"min":66.58448,"max":67.89238,"receiver_count":4,"unavailable_count":0},"N":{"min":61.81327,"max":63.121166,"receiver_count":4,"unavailable_count":0}}}},{"type":"Feature","id":"lariac:201700285711","geometry":{"type":"Polygon","coordinates":[[[-118.57172425091315,34.174891233642256],[-118.57185435092553,34.17502045817482],[-118.57193151011457,34.17496669658351],[-118.57193436276498,34.174969530172724],[-118.57204968079998,34.174889327831],[-118.5719962001816,34.174836206606784],[-118.57189168646177,34.17490889481531],[-118.57186472940316,34.174882119276205],[-118.57190515155654,34.174854006372996],[-118.57185028405131,34.17479950777146],[-118.57182137762781,34.1748196118745],[-118.57181077961002,34.17480908505543],[-118.57179268502026,34.174821669630695],[-118.57178111500542,34.17481017644049],[-118.5717132470225,34.174857377644976],[-118.5717378264602,34.174881791590884],[-118.57172425091315,34.174891233642256]]]},"properties":{"building_pk":26856,"building_key":"lariac:201700285711","source_tile":"r03-c02","source_tile_ids":["r03-c02"],"source_bld_id":"201700285711","height_m":2.993,"receiver_ids":[165339,165340,165341,165342,165343,165344,165345,165346,165347,165348,165349,165350,165351,165352,165353,165354,165355,165356,165357,165358,165359,165360,165361],"receiver_keys":["r03-c02:expanded-facade-max4m:26856:0:1","r03-c02:expanded-facade-max4m:26856:0:10","r03-c02:expanded-facade-max4m:26856:0:13","r03-c02:expanded-facade-max4m:26856:0:14","r03-c02:expanded-facade-max4m:26856:0:15","r03-c02:expanded-facade-max4m:26856:0:16","r03-c02:expanded-facade-max4m:26856:0:17","r03-c02:expanded-facade-max4m:26856:0:18","r03-c02:expanded-facade-max4m:26856:0:19","r03-c02:expanded-facade-max4m:26856:0:2","r03-c02:expanded-facade-max4m:26856:0:20","r03-c02:expanded-facade-max4m:26856:0:21","r03-c02:expanded-facade-max4m:26856:0:22","r03-c02:expanded-facade-max4m:26856:0:23","r03-c02:expanded-facade-max4m:26856:0:24","r03-c02:expanded-facade-max4m:26856:0:25","r03-c02:expanded-facade-max4m:26856:0:3","r03-c02:expanded-facade-max4m:26856:0:4","r03-c02:expanded-facade-max4m:26856:0:5","r03-c02:expanded-facade-max4m:26856:0:6","r03-c02:expanded-facade-max4m:26856:0:7","r03-c02:expanded-facade-max4m:26856:0:8","r03-c02:expanded-facade-max4m:26856:0:9"],"receiver_count":23,"periods":{"D":{"min":71.57332,"max":72.12797,"receiver_count":23,"unavailable_count":0},"E":{"min":69.35483,"max":69.909485,"receiver_count":23,"unavailable_count":0},"N":{"min":64.58362,"max":65.13827,"receiver_count":23,"unavailable_count":0}}}},{"type":"Feature","id":"lariac:201700286003","geometry":{"type":"Polygon","coordinates":[[[-118.57547720376824,34.17739174565633],[-118.57549506502191,34.17747236250423],[-118.57568412865741,34.177443426445535],[-118.5756630563747,34.17734832264893],[-118.57555189149953,34.177365336484364],[-118.57554039216667,34.177313529807684],[-118.5754443217827,34.17732823317386],[-118.57545901129157,34.17739453054589],[-118.57547720376824,34.17739174565633]]]},"properties":{"building_pk":26864,"building_key":"lariac:201700286003","source_tile":"r03-c02","source_tile_ids":["r03-c02"],"source_bld_id":"201700286003","height_m":4.353,"receiver_ids":[165388,165389,165390,165391,165392,165393,165394,165395,165396,165397,165398,165399,165400,165401,165402,165403,165404,165405],"receiver_keys":["r03-c02:expanded-facade-max4m:26864:0:1","r03-c02:expanded-facade-max4m:26864:0:10","r03-c02:expanded-facade-max4m:26864:0:11","r03-c02:expanded-facade-max4m:26864:0:12","r03-c02:expanded-facade-max4m:26864:0:13","r03-c02:expanded-facade-max4m:26864:0:14","r03-c02:expanded-facade-max4m:26864:0:15","r03-c02:expanded-facade-max4m:26864:0:16","r03-c02:expanded-facade-max4m:26864:0:17","r03-c02:expanded-facade-max4m:26864:0:18","r03-c02:expanded-facade-max4m:26864:0:2","r03-c02:expanded-facade-max4m:26864:0:3","r03-c02:expanded-facade-max4m:26864:0:4","r03-c02:expanded-facade-max4m:26864:0:5","r03-c02:expanded-facade-max4m:26864:0:6","r03-c02:expanded-facade-max4m:26864:0:7","r03-c02:expanded-facade-max4m:26864:0:8","r03-c02:expanded-facade-max4m:26864:0:9"],"receiver_count":18,"periods":{"D":{"min":50.10235,"max":56.28269,"receiver_count":18,"unavailable_count":0},"E":{"min":47.88386,"max":54.064198,"receiver_count":18,"unavailable_count":0},"N":{"min":43.112648,"max":49.292988,"receiver_count":18,"unavailable_count":0}}}},{"type":"Feature","id":"lariac:201700286125","geometry":{"type":"Polygon","coordinates":[[[-118.5704715373921,34.17868495970254],[-118.57047244477957,34.17873587018652],[-118.57053148952173,34.178735142697164],[-118.57053147890066,34.17873454051507],[-118.57063377243833,34.178733281687755],[-118.57063362509966,34.178725051275336],[-118.57063680316817,34.178725012840424],[-118.57063625282613,34.17869415013599],[-118.57069264879462,34.1786934558008],[-118.5706915106581,34.17862958849768],[-118.57063202778406,34.17863032083732],[-118.5706319294334,34.17862481556493],[-118.57067624981372,34.17862427016893],[-118.57067548987979,34.17858162435649],[-118.57063106106258,34.178582172066996],[-118.57063085006146,34.17857033847888],[-118.57071028740874,34.17856936051987],[-118.57070876230148,34.1784837831302],[-118.57062403606226,34.178484801368604],[-118.57062409456802,34.17848812599124],[-118.57056348049633,34.17848887265021],[-118.57056353524783,34.17849196559341],[-118.57052479660568,34.17849244314672],[-118.57052488100125,34.17849717676234],[-118.5705123477521,34.178497331448575],[-118.57051341567823,34.17855729178705],[-118.57048254621859,34.17855767180237],[-118.57048262355802,34.17856200786987],[-118.57046971825942,34.17856216701123],[-118.57047054326604,34.17860848000334],[-118.57048201031556,34.17860833936616],[-118.57048207002357,34.17861168201403],[-118.57049127989193,34.1786115691523],[-118.57049258310838,34.178684700857715],[-118.5704715373921,34.17868495970254]]]},"properties":{"building_pk":26869,"building_key":"lariac:201700286125","source_tile":"r03-c02","source_tile_ids":["r03-c02"],"source_bld_id":"201700286125","height_m":5.261,"receiver_ids":[165406,165407,165408,165409,165410,165411,165412,165413,165414,165415,165416,165417,165418,165419,165420,165421,165422,165423,165424,165425,165426,165427],"receiver_keys":["r03-c02:expanded-facade-max4m:26869:0:1","r03-c02:expanded-facade-max4m:26869:0:10","r03-c02:expanded-facade-max4m:26869:0:13","r03-c02:expanded-facade-max4m:26869:0:17","r03-c02:expanded-facade-max4m:26869:0:18","r03-c02:expanded-facade-max4m:26869:0:19","r03-c02:expanded-facade-max4m:26869:0:2","r03-c02:expanded-facade-max4m:26869:0:20","r03-c02:expanded-facade-max4m:26869:0:21","r03-c02:expanded-facade-max4m:26869:0:22","r03-c02:expanded-facade-max4m:26869:0:23","r03-c02:expanded-facade-max4m:26869:0:24","r03-c02:expanded-facade-max4m:26869:0:25","r03-c02:expanded-facade-max4m:26869:0:27","r03-c02:expanded-facade-max4m:26869:0:28","r03-c02:expanded-facade-max4m:26869:0:3","r03-c02:expanded-facade-max4m:26869:0:30","r03-c02:expanded-facade-max4m:26869:0:4","r03-c02:expanded-facade-max4m:26869:0:5","r03-c02:expanded-facade-max4m:26869:0:6","r03-c02:expanded-facade-max4m:26869:0:8","r03-c02:expanded-facade-max4m:26869:0:9"],"receiver_count":22,"periods":{"D":{"min":56.53667,"max":64.78766,"receiver_count":22,"unavailable_count":0},"E":{"min":54.318184,"max":62.56917,"receiver_count":22,"unavailable_count":0},"N":{"min":49.54697,"max":57.79796,"receiver_count":22,"unavailable_count":0}}}},{"type":"Feature","id":"lariac:388822886224","geometry":{"type":"Polygon","coordinates":[[[-118.57147548062734,34.17409888738229],[-118.57147495260939,34.17407481771933],[-118.5714325054944,34.17407548529221],[-118.57143303458476,34.17409955495026],[-118.57147548062734,34.17409888738229]]]},"properties":{"building_pk":30495,"building_key":"lariac:388822886224","source_tile":"r03-c02","source_tile_ids":["r03-c02"],"source_bld_id":"388822886224","height_m":4.084,"receiver_ids":[166289,166290,166291,166292],"receiver_keys":["r03-c02:expanded-facade-max4m:30495:0:1","r03-c02:expanded-facade-max4m:30495:0:2","r03-c02:expanded-facade-max4m:30495:0:3","r03-c02:expanded-facade-max4m:30495:0:4"],"receiver_count":4,"periods":{"D":{"min":73.014946,"max":74.1603,"receiver_count":4,"unavailable_count":0},"E":{"min":70.79646,"max":71.94181,"receiver_count":4,"unavailable_count":0},"N":{"min":66.025246,"max":67.1706,"receiver_count":4,"unavailable_count":0}}}},{"type":"Feature","id":"lariac:388697886941","geometry":{"type":"Polygon","coordinates":[[[-118.57194163146795,34.17601368440913],[-118.57180132100305,34.17599041275378],[-118.57181466106928,34.175934814495506],[-118.57173906155542,34.17592228432591],[-118.57170627275944,34.176058928768214],[-118.57182129579273,34.17607800440293],[-118.57181052682407,34.1761228738375],[-118.57191141514949,34.17613959917329],[-118.57194163146795,34.17601368440913]]]},"properties":{"building_pk":30500,"building_key":"lariac:388697886941","source_tile":"r03-c02","source_tile_ids":["r03-c02"],"source_bld_id":"388697886941","height_m":3.908,"receiver_ids":[166297,166298,166299,166300,166301,166302,166303,166304,166305,166306,166307,166308,166309,166310,166311,166312,166313,166314,166315],"receiver_keys":["r03-c02:expanded-facade-max4m:30500:0:1","r03-c02:expanded-facade-max4m:30500:0:10","r03-c02:expanded-facade-max4m:30500:0:11","r03-c02:expanded-facade-max4m:30500:0:12","r03-c02:expanded-facade-max4m:30500:0:13","r03-c02:expanded-facade-max4m:30500:0:15","r03-c02:expanded-facade-max4m:30500:0:16","r03-c02:expanded-facade-max4m:30500:0:17","r03-c02:expanded-facade-max4m:30500:0:18","r03-c02:expanded-facade-max4m:30500:0:19","r03-c02:expanded-facade-max4m:30500:0:2","r03-c02:expanded-facade-max4m:30500:0:20","r03-c02:expanded-facade-max4m:30500:0:21","r03-c02:expanded-facade-max4m:30500:0:3","r03-c02:expanded-facade-max4m:30500:0:5","r03-c02:expanded-facade-max4m:30500:0:6","r03-c02:expanded-facade-max4m:30500:0:7","r03-c02:expanded-facade-max4m:30500:0:8","r03-c02:expanded-facade-max4m:30500:0:9"],"receiver_count":19,"periods":{"D":{"min":69.23684,"max":69.72266,"receiver_count":19,"unavailable_count":0},"E":{"min":67.01835,"max":67.504166,"receiver_count":19,"unavailable_count":0},"N":{"min":62.24714,"max":62.732956,"receiver_count":19,"unavailable_count":0}}}},{"type":"Feature","id":"lariac:388746887828","geometry":{"type":"Polygon","coordinates":[[[-118.57184177613824,34.17850494938355],[-118.57182908429564,34.17848145922736],[-118.57187142872932,34.17846562351259],[-118.57181865428844,34.17836813021087],[-118.57159321038593,34.17845243016304],[-118.57167491977884,34.17861815547899],[-118.57174966720706,34.178592685990516],[-118.5717258616666,34.17854440808625],[-118.57184177613824,34.17850494938355]]]},"properties":{"building_pk":30505,"building_key":"lariac:388746887828","source_tile":"r03-c02","source_tile_ids":["r03-c02"],"source_bld_id":"388746887828","height_m":4.718,"receiver_ids":[166343,166344,166345,166346,166347,166348,166349,166350,166351,166352,166353,166354,166355,166356,166357,166358,166359,166360,166361,166362,166363],"receiver_keys":["r03-c02:expanded-facade-max4m:30505:0:10","r03-c02:expanded-facade-max4m:30505:0:11","r03-c02:expanded-facade-max4m:30505:0:12","r03-c02:expanded-facade-max4m:30505:0:13","r03-c02:expanded-facade-max4m:30505:0:14","r03-c02:expanded-facade-max4m:30505:0:15","r03-c02:expanded-facade-max4m:30505:0:16","r03-c02:expanded-facade-max4m:30505:0:17","r03-c02:expanded-facade-max4m:30505:0:18","r03-c02:expanded-facade-max4m:30505:0:19","r03-c02:expanded-facade-max4m:30505:0:2","r03-c02:expanded-facade-max4m:30505:0:20","r03-c02:expanded-facade-max4m:30505:0:21","r03-c02:expanded-facade-max4m:30505:0:22","r03-c02:expanded-facade-max4m:30505:0:3","r03-c02:expanded-facade-max4m:30505:0:4","r03-c02:expanded-facade-max4m:30505:0:5","r03-c02:expanded-facade-max4m:30505:0:6","r03-c02:expanded-facade-max4m:30505:0:7","r03-c02:expanded-facade-max4m:30505:0:8","r03-c02:expanded-facade-max4m:30505:0:9"],"receiver_count":21,"periods":{"D":{"min":63.928764,"max":68.12107,"receiver_count":21,"unavailable_count":0},"E":{"min":61.710278,"max":65.90258,"receiver_count":21,"unavailable_count":0},"N":{"min":56.939064,"max":61.13137,"receiver_count":21,"unavailable_count":0}}}},{"type":"Feature","id":"lariac:388634887711","geometry":{"type":"Polygon","coordinates":[[[-118.57209857081166,34.17806448045002],[-118.57206030787958,34.17813804181506],[-118.57200739470228,34.17811835350888],[-118.57196573636112,34.1782010978145],[-118.57211084845027,34.17825446811234],[-118.57211013147777,34.1782559004532],[-118.57217293998532,34.178278301531165],[-118.57220576617269,34.17821472432173],[-118.57215147533752,34.178195360841706],[-118.57220032319528,34.17810073885655],[-118.57209857081166,34.17806448045002]]]},"properties":{"building_pk":30521,"building_key":"lariac:388634887711","source_tile":"r03-c02","source_tile_ids":["r03-c02"],"source_bld_id":"388634887711","height_m":3.74,"receiver_ids":[166441,166442,166443,166444,166445,166446,166447,166448,166449,166450,166451,166452,166453,166454,166455,166456,166457,166458,166459],"receiver_keys":["r03-c02:expanded-facade-max4m:30521:0:1","r03-c02:expanded-facade-max4m:30521:0:10","r03-c02:expanded-facade-max4m:30521:0:11","r03-c02:expanded-facade-max4m:30521:0:12","r03-c02:expanded-facade-max4m:30521:0:13","r03-c02:expanded-facade-max4m:30521:0:14","r03-c02:expanded-facade-max4m:30521:0:15","r03-c02:expanded-facade-max4m:30521:0:17","r03-c02:expanded-facade-max4m:30521:0:18","r03-c02:expanded-facade-max4m:30521:0:19","r03-c02:expanded-facade-max4m:30521:0:2","r03-c02:expanded-facade-max4m:30521:0:20","r03-c02:expanded-facade-max4m:30521:0:21","r03-c02:expanded-facade-max4m:30521:0:4","r03-c02:expanded-facade-max4m:30521:0:5","r03-c02:expanded-facade-max4m:30521:0:6","r03-c02:expanded-facade-max4m:30521:0:7","r03-c02:expanded-facade-max4m:30521:0:8","r03-c02:expanded-facade-max4m:30521:0:9"],"receiver_count":19,"periods":{"D":{"min":62.77112,"max":67.25114,"receiver_count":19,"unavailable_count":0},"E":{"min":60.552628,"max":65.03265,"receiver_count":19,"unavailable_count":0},"N":{"min":55.781418,"max":60.26144,"receiver_count":19,"unavailable_count":0}}}},{"type":"Feature","id":"lariac:388637887087","geometry":{"type":"Polygon","coordinates":[[[-118.57198019165921,34.17641095998207],[-118.57210255278605,34.17656030729126],[-118.57219128030953,34.17651012314095],[-118.57211172762221,34.17641303073307],[-118.57216811228457,34.17638113597974],[-118.57211363353093,34.17631467394977],[-118.57210460883616,34.17631977250698],[-118.5720922912609,34.17631700082398],[-118.57208121569984,34.176317081163084],[-118.57206518640544,34.176322734845634],[-118.57207101899905,34.17635854007349],[-118.57198019165921,34.17641095998207]]]},"properties":{"building_pk":31371,"building_key":"lariac:388637887087","source_tile":"r03-c02","source_tile_ids":["r03-c02"],"source_bld_id":"388637887087","height_m":4.304,"receiver_ids":[167581,167582,167583,167584,167585,167586,167587,167588,167589,167590,167591,167592,167593,167594,167595,167596,167597,167598,167599,167600],"receiver_keys":["r03-c02:expanded-facade-max4m:31371:0:1","r03-c02:expanded-facade-max4m:31371:0:10","r03-c02:expanded-facade-max4m:31371:0:11","r03-c02:expanded-facade-max4m:31371:0:12","r03-c02:expanded-facade-max4m:31371:0:13","r03-c02:expanded-facade-max4m:31371:0:14","r03-c02:expanded-facade-max4m:31371:0:15","r03-c02:expanded-facade-max4m:31371:0:16","r03-c02:expanded-facade-max4m:31371:0:17","r03-c02:expanded-facade-max4m:31371:0:18","r03-c02:expanded-facade-max4m:31371:0:19","r03-c02:expanded-facade-max4m:31371:0:2","r03-c02:expanded-facade-max4m:31371:0:20","r03-c02:expanded-facade-max4m:31371:0:3","r03-c02:expanded-facade-max4m:31371:0:4","r03-c02:expanded-facade-max4m:31371:0:5","r03-c02:expanded-facade-max4m:31371:0:6","r03-c02:expanded-facade-max4m:31371:0:7","r03-c02:expanded-facade-max4m:31371:0:8","r03-c02:expanded-facade-max4m:31371:0:9"],"receiver_count":20,"periods":{"D":{"min":68.34025,"max":68.97305,"receiver_count":20,"unavailable_count":0},"E":{"min":66.121765,"max":66.75456,"receiver_count":20,"unavailable_count":0},"N":{"min":61.35055,"max":61.983353,"receiver_count":20,"unavailable_count":0}}}},{"type":"Feature","id":"lariac:388519886074","geometry":{"type":"Polygon","coordinates":[[[-118.57255784236119,34.173596092424674],[-118.57233494900535,34.17359692750593],[-118.5723353122957,34.173664524549295],[-118.57239958166792,34.173664275368786],[-118.57240012016014,34.17376693538163],[-118.57253428012135,34.17376646530092],[-118.57253385467824,34.173685074007885],[-118.57255835267621,34.17368495802735],[-118.57255784236119,34.173596092424674]]]},"properties":{"building_pk":31577,"building_key":"lariac:388519886074","source_tile":"r03-c02","source_tile_ids":["r03-c02"],"source_bld_id":"388519886074","height_m":4.478,"receiver_ids":[167924,167925,167926,167927,167928,167929,167930,167931,167932,167933,167934,167935,167936,167937,167938,167939,167940],"receiver_keys":["r03-c02:expanded-facade-max4m:31577:0:1","r03-c02:expanded-facade-max4m:31577:0:10","r03-c02:expanded-facade-max4m:31577:0:11","r03-c02:expanded-facade-max4m:31577:0:12","r03-c02:expanded-facade-max4m:31577:0:13","r03-c02:expanded-facade-max4m:31577:0:16","r03-c02:expanded-facade-max4m:31577:0:17","r03-c02:expanded-facade-max4m:31577:0:18","r03-c02:expanded-facade-max4m:31577:0:19","r03-c02:expanded-facade-max4m:31577:0:2","r03-c02:expanded-facade-max4m:31577:0:20","r03-c02:expanded-facade-max4m:31577:0:3","r03-c02:expanded-facade-max4m:31577:0:4","r03-c02:expanded-facade-max4m:31577:0:5","r03-c02:expanded-facade-max4m:31577:0:6","r03-c02:expanded-facade-max4m:31577:0:7","r03-c02:expanded-facade-max4m:31577:0:8"],"receiver_count":17,"periods":{"D":{"min":68.68475,"max":74.11837,"receiver_count":17,"unavailable_count":0},"E":{"min":66.46627,"max":71.89989,"receiver_count":17,"unavailable_count":0},"N":{"min":61.695057,"max":67.12867,"receiver_count":17,"unavailable_count":0}}}},{"type":"Feature","id":"lariac:386796887736","geometry":{"type":"Polygon","coordinates":[[[-118.57816673100426,34.178234105327874],[-118.57820038684918,34.178233697407784],[-118.57819947695805,34.178178716493434],[-118.57816582094182,34.17817909646625],[-118.57816673100426,34.178234105327874]]]},"properties":{"building_pk":31754,"building_key":"lariac:386796887736","source_tile":"r03-c02","source_tile_ids":["r03-c02"],"source_bld_id":"386796887736","height_m":2.201,"receiver_ids":[168028,168029,168030],"receiver_keys":["r03-c02:expanded-facade-max4m:31754:0:1","r03-c02:expanded-facade-max4m:31754:0:2","r03-c02:expanded-facade-max4m:31754:0:3"],"receiver_count":3,"periods":{"D":{"min":64.29288,"max":67.04825,"receiver_count":3,"unavailable_count":0},"E":{"min":62.07439,"max":64.82976,"receiver_count":3,"unavailable_count":0},"N":{"min":57.303177,"max":60.058548,"receiver_count":3,"unavailable_count":0}}}},{"type":"Feature","id":"lariac:386674887428","geometry":{"type":"Polygon","coordinates":[[[-118.57865468518229,34.177404649575976],[-118.57865436305701,34.17731523402281],[-118.57866034753908,34.177315232435745],[-118.57866045687678,34.177259449681],[-118.57859413219545,34.17725935409476],[-118.57859405453968,34.177310163772255],[-118.57857038216474,34.177310139985785],[-118.57857041198174,34.177300192189215],[-118.57854339962267,34.17730015642764],[-118.57854347260694,34.177258222488874],[-118.57845449952973,34.17725809903321],[-118.57845438682106,34.17731341480259],[-118.57848209339292,34.17731344726356],[-118.57848189665523,34.17740440423637],[-118.57865468518229,34.177404649575976]]]},"properties":{"building_pk":32338,"building_key":"lariac:386674887428","source_tile":"r03-c02","source_tile_ids":["r03-c02"],"source_bld_id":"386674887428","height_m":4.996,"receiver_ids":[168650,168651,168652,168653,168654,168655,168656,168657,168658,168659],"receiver_keys":["r03-c02:expanded-facade-max4m:32338:0:10","r03-c02:expanded-facade-max4m:32338:0:11","r03-c02:expanded-facade-max4m:32338:0:12","r03-c02:expanded-facade-max4m:32338:0:13","r03-c02:expanded-facade-max4m:32338:0:14","r03-c02:expanded-facade-max4m:32338:0:16","r03-c02:expanded-facade-max4m:32338:0:17","r03-c02:expanded-facade-max4m:32338:0:18","r03-c02:expanded-facade-max4m:32338:0:19","r03-c02:expanded-facade-max4m:32338:0:9"],"receiver_count":10,"periods":{"D":{"min":55.798206,"max":60.162193,"receiver_count":10,"unavailable_count":0},"E":{"min":53.57972,"max":57.943707,"receiver_count":10,"unavailable_count":0},"N":{"min":48.808506,"max":53.172493,"receiver_count":10,"unavailable_count":0}}}},{"type":"Feature","id":"lariac:388888886574","geometry":{"type":"Polygon","coordinates":[[[-118.57119659741363,34.17514207648476],[-118.57121957512904,34.17514196795779],[-118.57121989040009,34.17519299572925],[-118.57130184853555,34.1751926356403],[-118.57130150785207,34.17513789903201],[-118.57130583895157,34.175137878572194],[-118.57130468694545,34.174954983034254],[-118.57119542028282,34.17495547120713],[-118.57119659741363,34.17514207648476]]]},"properties":{"building_pk":32664,"building_key":"lariac:388888886574","source_tile":"r03-c02","source_tile_ids":["r03-c02"],"source_bld_id":"388888886574","height_m":3.859,"receiver_ids":[168998,168999,169000,169001,169002,169003,169004,169005,169006,169007,169008,169009,169010,169011,169012,169013,169014,169015],"receiver_keys":["r03-c02:expanded-facade-max4m:32664:0:10","r03-c02:expanded-facade-max4m:32664:0:11","r03-c02:expanded-facade-max4m:32664:0:12","r03-c02:expanded-facade-max4m:32664:0:13","r03-c02:expanded-facade-max4m:32664:0:14","r03-c02:expanded-facade-max4m:32664:0:15","r03-c02:expanded-facade-max4m:32664:0:16","r03-c02:expanded-facade-max4m:32664:0:17","r03-c02:expanded-facade-max4m:32664:0:18","r03-c02:expanded-facade-max4m:32664:0:19","r03-c02:expanded-facade-max4m:32664:0:2","r03-c02:expanded-facade-max4m:32664:0:3","r03-c02:expanded-facade-max4m:32664:0:4","r03-c02:expanded-facade-max4m:32664:0:5","r03-c02:expanded-facade-max4m:32664:0:6","r03-c02:expanded-facade-max4m:32664:0:7","r03-c02:expanded-facade-max4m:32664:0:8","r03-c02:expanded-facade-max4m:32664:0:9"],"receiver_count":18,"periods":{"D":{"min":71.76623,"max":73.388626,"receiver_count":18,"unavailable_count":0},"E":{"min":69.54774,"max":71.170135,"receiver_count":18,"unavailable_count":0},"N":{"min":64.77653,"max":66.398926,"receiver_count":18,"unavailable_count":0}}}},{"type":"Feature","id":"lariac:387665887468","geometry":{"type":"Polygon","coordinates":[[[-118.57541629628261,34.17737890895653],[-118.57532963518848,34.17738311314255],[-118.5753333378044,34.17743593781023],[-118.5752161025415,34.17744160721823],[-118.57522244748597,34.177532395119094],[-118.57539754931072,34.17752766028472],[-118.57539123805373,34.177441791063686],[-118.57542078584113,34.17744030357466],[-118.57541629628261,34.17737890895653]]]},"properties":{"building_pk":32980,"building_key":"lariac:387665887468","source_tile":"r03-c02","source_tile_ids":["r03-c02"],"source_bld_id":"387665887468","height_m":4.782,"receiver_ids":[169431,169432,169433,169434,169435,169436,169437,169438,169439,169440,169441,169442,169443,169444,169445,169446],"receiver_keys":["r03-c02:expanded-facade-max4m:32980:0:1","r03-c02:expanded-facade-max4m:32980:0:10","r03-c02:expanded-facade-max4m:32980:0:11","r03-c02:expanded-facade-max4m:32980:0:12","r03-c02:expanded-facade-max4m:32980:0:13","r03-c02:expanded-facade-max4m:32980:0:14","r03-c02:expanded-facade-max4m:32980:0:15","r03-c02:expanded-facade-max4m:32980:0:17","r03-c02:expanded-facade-max4m:32980:0:18","r03-c02:expanded-facade-max4m:32980:0:2","r03-c02:expanded-facade-max4m:32980:0:3","r03-c02:expanded-facade-max4m:32980:0:5","r03-c02:expanded-facade-max4m:32980:0:6","r03-c02:expanded-facade-max4m:32980:0:7","r03-c02:expanded-facade-max4m:32980:0:8","r03-c02:expanded-facade-max4m:32980:0:9"],"receiver_count":16,"periods":{"D":{"min":52.597332,"max":58.742836,"receiver_count":16,"unavailable_count":0},"E":{"min":50.378845,"max":56.52435,"receiver_count":16,"unavailable_count":0},"N":{"min":45.60763,"max":51.753136,"receiver_count":16,"unavailable_count":0}}}},{"type":"Feature","id":"lariac:388587887602","geometry":{"type":"Polygon","coordinates":[[[-118.57234703679711,34.17783228749791],[-118.57235473557428,34.177836455871066],[-118.57238298761574,34.1778001864284],[-118.57228515754807,34.177747560093714],[-118.5722101026155,34.177843927088276],[-118.57218093271383,34.17782823756694],[-118.57214530708336,34.177873938650954],[-118.57217470879671,34.17788973797429],[-118.57214439223759,34.177928681200676],[-118.57222526502404,34.17797218310545],[-118.57221130259634,34.17799013852898],[-118.57227535094695,34.178024596362455],[-118.57232238302092,34.17796422180513],[-118.57226736152387,34.177934612167334],[-118.57234703679711,34.17783228749791]]]},"properties":{"building_pk":33011,"building_key":"lariac:388587887602","source_tile":"r03-c02","source_tile_ids":["r03-c02"],"source_bld_id":"388587887602","height_m":3.53,"receiver_ids":[169480,169481,169482,169483,169484,169485,169486,169487,169488,169489,169490,169491,169492,169493,169494,169495,169496,169497,169498,169499,169500],"receiver_keys":["r03-c02:expanded-facade-max4m:33011:0:1","r03-c02:expanded-facade-max4m:33011:0:10","r03-c02:expanded-facade-max4m:33011:0:11","r03-c02:expanded-facade-max4m:33011:0:12","r03-c02:expanded-facade-max4m:33011:0:13","r03-c02:expanded-facade-max4m:33011:0:14","r03-c02:expanded-facade-max4m:33011:0:16","r03-c02:expanded-facade-max4m:33011:0:17","r03-c02:expanded-facade-max4m:33011:0:18","r03-c02:expanded-facade-max4m:33011:0:19","r03-c02:expanded-facade-max4m:33011:0:2","r03-c02:expanded-facade-max4m:33011:0:20","r03-c02:expanded-facade-max4m:33011:0:22","r03-c02:expanded-facade-max4m:33011:0:23","r03-c02:expanded-facade-max4m:33011:0:24","r03-c02:expanded-facade-max4m:33011:0:3","r03-c02:expanded-facade-max4m:33011:0:4","r03-c02:expanded-facade-max4m:33011:0:5","r03-c02:expanded-facade-max4m:33011:0:6","r03-c02:expanded-facade-max4m:33011:0:7","r03-c02:expanded-facade-max4m:33011:0:9"],"receiver_count":21,"periods":{"D":{"min":64.23251,"max":67.49976,"receiver_count":21,"unavailable_count":0},"E":{"min":62.014027,"max":65.28127,"receiver_count":21,"unavailable_count":0},"N":{"min":57.242817,"max":60.510063,"receiver_count":21,"unavailable_count":0}}}},{"type":"Feature","id":"lariac:386819887574","geometry":{"type":"Polygon","coordinates":[[[-118.57810656837219,34.17771567786187],[-118.57810678074175,34.17768460598046],[-118.57802339832892,34.177685004522935],[-118.57802361004654,34.17771560377039],[-118.57801300337229,34.17771559405938],[-118.57801288202064,34.17780325371697],[-118.57819684601904,34.177803445402056],[-118.57819696699666,34.177715759600325],[-118.57810656837219,34.17771567786187]]]},"properties":{"building_pk":33062,"building_key":"lariac:386819887574","source_tile":"r03-c02","source_tile_ids":["r03-c02"],"source_bld_id":"386819887574","height_m":3.271,"receiver_ids":[169537,169538,169539,169540,169541,169542,169543,169544,169545,169546,169547,169548,169549,169550,169551,169552],"receiver_keys":["r03-c02:expanded-facade-max4m:33062:0:1","r03-c02:expanded-facade-max4m:33062:0:10","r03-c02:expanded-facade-max4m:33062:0:11","r03-c02:expanded-facade-max4m:33062:0:12","r03-c02:expanded-facade-max4m:33062:0:13","r03-c02:expanded-facade-max4m:33062:0:14","r03-c02:expanded-facade-max4m:33062:0:15","r03-c02:expanded-facade-max4m:33062:0:16","r03-c02:expanded-facade-max4m:33062:0:2","r03-c02:expanded-facade-max4m:33062:0:3","r03-c02:expanded-facade-max4m:33062:0:4","r03-c02:expanded-facade-max4m:33062:0:5","r03-c02:expanded-facade-max4m:33062:0:6","r03-c02:expanded-facade-max4m:33062:0:7","r03-c02:expanded-facade-max4m:33062:0:8","r03-c02:expanded-facade-max4m:33062:0:9"],"receiver_count":16,"periods":{"D":{"min":62.47893,"max":68.01608,"receiver_count":16,"unavailable_count":0},"E":{"min":60.260445,"max":65.79759,"receiver_count":16,"unavailable_count":0},"N":{"min":55.48923,"max":61.02638,"receiver_count":16,"unavailable_count":0}}}},{"type":"Feature","id":"lariac:387341887512","geometry":{"type":"Polygon","coordinates":[[[-118.57633797097559,34.17762535007452],[-118.57641649599567,34.17762544284516],[-118.57641659893756,34.177563642313864],[-118.57633807416207,34.177563576588796],[-118.57633797097559,34.17762535007452]]]},"properties":{"building_pk":33433,"building_key":"lariac:387341887512","source_tile":"r03-c02","source_tile_ids":["r03-c02"],"source_bld_id":"387341887512","height_m":3.447,"receiver_ids":[169987,169988,169989,169990,169991,169992,169993,169994],"receiver_keys":["r03-c02:expanded-facade-max4m:33433:0:1","r03-c02:expanded-facade-max4m:33433:0:2","r03-c02:expanded-facade-max4m:33433:0:3","r03-c02:expanded-facade-max4m:33433:0:4","r03-c02:expanded-facade-max4m:33433:0:5","r03-c02:expanded-facade-max4m:33433:0:6","r03-c02:expanded-facade-max4m:33433:0:7","r03-c02:expanded-facade-max4m:33433:0:8"],"receiver_count":8,"periods":{"D":{"min":57.40179,"max":58.44964,"receiver_count":8,"unavailable_count":0},"E":{"min":55.183304,"max":56.23115,"receiver_count":8,"unavailable_count":0},"N":{"min":50.412094,"max":51.459938,"receiver_count":8,"unavailable_count":0}}}},{"type":"Feature","id":"lariac:386909887574","geometry":{"type":"Polygon","coordinates":[[[-118.57773198136273,34.1778035789436],[-118.57787421702656,34.17780339435812],[-118.57787401782439,34.177688504148165],[-118.5777969488552,34.17768862534453],[-118.57779693334733,34.17767211090728],[-118.57774257850188,34.177672177643416],[-118.5777426629677,34.17771795772252],[-118.57773181897312,34.17771798247774],[-118.57773198136273,34.1778035789436]]]},"properties":{"building_pk":33710,"building_key":"lariac:386909887574","source_tile":"r03-c02","source_tile_ids":["r03-c02"],"source_bld_id":"386909887574","height_m":2.841,"receiver_ids":[170355,170356,170357,170358,170359,170360,170361,170362,170363,170364,170365,170366],"receiver_keys":["r03-c02:expanded-facade-max4m:33710:0:1","r03-c02:expanded-facade-max4m:33710:0:10","r03-c02:expanded-facade-max4m:33710:0:11","r03-c02:expanded-facade-max4m:33710:0:13","r03-c02:expanded-facade-max4m:33710:0:14","r03-c02:expanded-facade-max4m:33710:0:2","r03-c02:expanded-facade-max4m:33710:0:3","r03-c02:expanded-facade-max4m:33710:0:4","r03-c02:expanded-facade-max4m:33710:0:5","r03-c02:expanded-facade-max4m:33710:0:6","r03-c02:expanded-facade-max4m:33710:0:7","r03-c02:expanded-facade-max4m:33710:0:8"],"receiver_count":12,"periods":{"D":{"min":62.704796,"max":67.80226,"receiver_count":12,"unavailable_count":0},"E":{"min":60.48631,"max":65.58378,"receiver_count":12,"unavailable_count":0},"N":{"min":55.715096,"max":60.812565,"receiver_count":12,"unavailable_count":0}}}},{"type":"Feature","id":"lariac:201700285654","geometry":{"type":"Polygon","coordinates":[[[-118.57047352985302,34.17450317184627],[-118.57047456364042,34.17461167694291],[-118.5705413955819,34.17461123635643],[-118.57054137241397,34.17460879688455],[-118.57064433412911,34.174608119073575],[-118.57064402898905,34.17457614991925],[-118.57065493516824,34.17457607862393],[-118.57065446121055,34.17452638228237],[-118.57066274794155,34.17452632695257],[-118.57066243457211,34.174493471618234],[-118.57060132751208,34.174493874442774],[-118.57060099410164,34.17445887532863],[-118.57061018109114,34.17445881485325],[-118.57060957554467,34.174395247959],[-118.5706095568029,34.17439329800529],[-118.57036225668111,34.17439492526156],[-118.57036289940056,34.17446237583729],[-118.57047970344134,34.17446163558641],[-118.57048009958197,34.17450312823438],[-118.57047352985302,34.17450317184627]]]},"properties":{"building_pk":34170,"building_key":"lariac:201700285654","source_tile":"r03-c02","source_tile_ids":["r03-c02"],"source_bld_id":"201700285654","height_m":4.057,"receiver_ids":[170955,170956,170957,170958,170959,170960,170961,170962,170963,170964,170965,170966,170967,170968,170969,170970,170971,170972,170973,170974,170975,170976,170977,170978,170979,170980],"receiver_keys":["r03-c02:expanded-facade-max4m:34170:0:1","r03-c02:expanded-facade-max4m:34170:0:10","r03-c02:expanded-facade-max4m:34170:0:11","r03-c02:expanded-facade-max4m:34170:0:12","r03-c02:expanded-facade-max4m:34170:0:13","r03-c02:expanded-facade-max4m:34170:0:14","r03-c02:expanded-facade-max4m:34170:0:15","r03-c02:expanded-facade-max4m:34170:0:16","r03-c02:expanded-facade-max4m:34170:0:17","r03-c02:expanded-facade-max4m:34170:0:18","r03-c02:expanded-facade-max4m:34170:0:19","r03-c02:expanded-facade-max4m:34170:0:2","r03-c02:expanded-facade-max4m:34170:0:20","r03-c02:expanded-facade-max4m:34170:0:21","r03-c02:expanded-facade-max4m:34170:0:22","r03-c02:expanded-facade-max4m:34170:0:23","r03-c02:expanded-facade-max4m:34170:0:24","r03-c02:expanded-facade-max4m:34170:0:25","r03-c02:expanded-facade-max4m:34170:0:27","r03-c02:expanded-facade-max4m:34170:0:3","r03-c02:expanded-facade-max4m:34170:0:4","r03-c02:expanded-facade-max4m:34170:0:5","r03-c02:expanded-facade-max4m:34170:0:6","r03-c02:expanded-facade-max4m:34170:0:7","r03-c02:expanded-facade-max4m:34170:0:8","r03-c02:expanded-facade-max4m:34170:0:9"],"receiver_count":26,"periods":{"D":{"min":71.94682,"max":74.360016,"receiver_count":26,"unavailable_count":0},"E":{"min":69.72834,"max":72.141525,"receiver_count":26,"unavailable_count":0},"N":{"min":64.95713,"max":67.370316,"receiver_count":26,"unavailable_count":0}}}},{"type":"Feature","id":"lariac:201700286090","geometry":{"type":"Polygon","coordinates":[[[-118.57853974034698,34.17828956161106],[-118.57858687906817,34.17829000956429],[-118.57858745339539,34.17824826255122],[-118.57870472789621,34.17824937652701],[-118.5787047501564,34.17824773560755],[-118.5787266288149,34.178247943753554],[-118.5787272029408,34.17820617780797],[-118.57871002156647,34.17820601480165],[-118.57870423582125,34.17816111666612],[-118.57852820871648,34.17815944350716],[-118.57852715090812,34.17824854561294],[-118.5785403032734,34.178248671121096],[-118.57853974034698,34.17828956161106]]]},"properties":{"building_pk":34195,"building_key":"lariac:201700286090","source_tile":"r03-c02","source_tile_ids":["r03-c02"],"source_bld_id":"201700286090","height_m":3.603,"receiver_ids":[171033,171043,171044,171045,171046,171047],"receiver_keys":["r03-c02:expanded-facade-max4m:34195:0:1","r03-c02:expanded-facade-max4m:34195:0:13","r03-c02:expanded-facade-max4m:34195:0:14","r03-c02:expanded-facade-max4m:34195:0:15","r03-c02:expanded-facade-max4m:34195:0:16","r03-c02:expanded-facade-max4m:34195:0:17"],"receiver_count":6,"periods":{"D":{"min":61.614403,"max":67.634026,"receiver_count":6,"unavailable_count":0},"E":{"min":59.395912,"max":65.41554,"receiver_count":6,"unavailable_count":0},"N":{"min":54.624702,"max":60.64433,"receiver_count":6,"unavailable_count":0}}}},{"type":"Feature","id":"lariac:201700286109","geometry":{"type":"Polygon","coordinates":[[[-118.57202313032006,34.17854470458133],[-118.57208849973809,34.178544873205745],[-118.57208854267596,34.17853419419906],[-118.57209243266908,34.17853420464783],[-118.57209248218079,34.178521792840066],[-118.57210150531944,34.17852181777379],[-118.57210157845778,34.178503510649776],[-118.5721283452132,34.178503584174045],[-118.57212833694939,34.17850570374606],[-118.57220069560537,34.17850590325623],[-118.57220097111126,34.17843700856826],[-118.57213579261331,34.17843682828325],[-118.57213620852305,34.17833283216832],[-118.57202397928639,34.178332521889985],[-118.57202313032006,34.17854470458133]]]},"properties":{"building_pk":34196,"building_key":"lariac:201700286109","source_tile":"r03-c02","source_tile_ids":["r03-c02"],"source_bld_id":"201700286109","height_m":3.703,"receiver_ids":[171048,171049,171050,171051,171052,171053,171054,171055,171056,171057,171058,171059,171060,171061,171062,171063,171064,171065,171066,171067],"receiver_keys":["r03-c02:expanded-facade-max4m:34196:0:1","r03-c02:expanded-facade-max4m:34196:0:10","r03-c02:expanded-facade-max4m:34196:0:11","r03-c02:expanded-facade-max4m:34196:0:12","r03-c02:expanded-facade-max4m:34196:0:13","r03-c02:expanded-facade-max4m:34196:0:14","r03-c02:expanded-facade-max4m:34196:0:15","r03-c02:expanded-facade-max4m:34196:0:16","r03-c02:expanded-facade-max4m:34196:0:17","r03-c02:expanded-facade-max4m:34196:0:18","r03-c02:expanded-facade-max4m:34196:0:19","r03-c02:expanded-facade-max4m:34196:0:2","r03-c02:expanded-facade-max4m:34196:0:20","r03-c02:expanded-facade-max4m:34196:0:21","r03-c02:expanded-facade-max4m:34196:0:4","r03-c02:expanded-facade-max4m:34196:0:5","r03-c02:expanded-facade-max4m:34196:0:6","r03-c02:expanded-facade-max4m:34196:0:7","r03-c02:expanded-facade-max4m:34196:0:8","r03-c02:expanded-facade-max4m:34196:0:9"],"receiver_count":20,"periods":{"D":{"min":59.58342,"max":65.33645,"receiver_count":20,"unavailable_count":0},"E":{"min":57.36493,"max":63.117966,"receiver_count":20,"unavailable_count":0},"N":{"min":52.59372,"max":58.346752,"receiver_count":20,"unavailable_count":0}}}},{"type":"Feature","id":"lariac:201700286214","geometry":{"type":"Polygon","coordinates":[[[-118.57001970943035,34.1794926125491],[-118.5700199004401,34.17950725184074],[-118.57011411624138,34.17950640476782],[-118.570114074223,34.17950310891673],[-118.57020550993,34.17950228569604],[-118.57020555216735,34.179505613100176],[-118.57025105200051,34.17950520384415],[-118.57024889820747,34.179339855288],[-118.57023884631293,34.1793399432515],[-118.57023860707709,34.17932158170739],[-118.57021037353708,34.17932183653071],[-118.57021033454424,34.17931882555366],[-118.5701838484455,34.17931906401824],[-118.57018390480961,34.17932334879671],[-118.5701664303607,34.179323506005844],[-118.57016750375365,34.17940591750031],[-118.57000141280092,34.179407411707146],[-118.57000252455624,34.17949276656651],[-118.57001970943035,34.1794926125491]]]},"properties":{"building_pk":34200,"building_key":"lariac:201700286214","source_tile":"r03-c02","source_tile_ids":["r03-c02"],"source_bld_id":"201700286214","height_m":5.895,"receiver_ids":[171109,171110,171111,171112,171113,171114,171115,171116,171117,171118,171119,171120,171121,171122,171123,171124,171125,171126,171127,171128,171129],"receiver_keys":["r03-c02:expanded-facade-max4m:34200:0:1","r03-c02:expanded-facade-max4m:34200:0:10","r03-c02:expanded-facade-max4m:34200:0:11","r03-c02:expanded-facade-max4m:34200:0:12","r03-c02:expanded-facade-max4m:34200:0:13","r03-c02:expanded-facade-max4m:34200:0:14","r03-c02:expanded-facade-max4m:34200:0:15","r03-c02:expanded-facade-max4m:34200:0:17","r03-c02:expanded-facade-max4m:34200:0:18","r03-c02:expanded-facade-max4m:34200:0:19","r03-c02:expanded-facade-max4m:34200:0:2","r03-c02:expanded-facade-max4m:34200:0:20","r03-c02:expanded-facade-max4m:34200:0:21","r03-c02:expanded-facade-max4m:34200:0:22","r03-c02:expanded-facade-max4m:34200:0:3","r03-c02:expanded-facade-max4m:34200:0:4","r03-c02:expanded-facade-max4m:34200:0:5","r03-c02:expanded-facade-max4m:34200:0:6","r03-c02:expanded-facade-max4m:34200:0:7","r03-c02:expanded-facade-max4m:34200:0:8","r03-c02:expanded-facade-max4m:34200:0:9"],"receiver_count":21,"periods":{"D":{"min":56.395348,"max":63.685303,"receiver_count":21,"unavailable_count":0},"E":{"min":54.17686,"max":61.466816,"receiver_count":21,"unavailable_count":0},"N":{"min":49.405647,"max":56.695602,"receiver_count":21,"unavailable_count":0}}}},{"type":"Feature","id":"lariac:201700286233","geometry":{"type":"Polygon","coordinates":[[[-118.5679895655911,34.179782583897364],[-118.56806678089433,34.17979524767383],[-118.56808645639778,34.179712453824656],[-118.5680373289025,34.17970439576465],[-118.56803972698309,34.17969429531085],[-118.56786998538742,34.17966645483591],[-118.56785165679271,34.17974363832089],[-118.56799329666315,34.17976687047573],[-118.5679895655911,34.179782583897364]]]},"properties":{"building_pk":34201,"building_key":"lariac:201700286233","source_tile":"r03-c02","source_tile_ids":["r03-c02"],"source_bld_id":"201700286233","height_m":6.126,"receiver_ids":[171132,171133,171134,171135,171136,171137,171138,171139,171140,171141,171142,171143],"receiver_keys":["r03-c02:expanded-facade-max4m:34201:0:10","r03-c02:expanded-facade-max4m:34201:0:11","r03-c02:expanded-facade-max4m:34201:0:12","r03-c02:expanded-facade-max4m:34201:0:13","r03-c02:expanded-facade-max4m:34201:0:14","r03-c02:expanded-facade-max4m:34201:0:15","r03-c02:expanded-facade-max4m:34201:0:3","r03-c02:expanded-facade-max4m:34201:0:4","r03-c02:expanded-facade-max4m:34201:0:5","r03-c02:expanded-facade-max4m:34201:0:7","r03-c02:expanded-facade-max4m:34201:0:8","r03-c02:expanded-facade-max4m:34201:0:9"],"receiver_count":12,"periods":{"D":{"min":62.864933,"max":68.92609,"receiver_count":12,"unavailable_count":0},"E":{"min":60.646446,"max":66.7076,"receiver_count":12,"unavailable_count":0},"N":{"min":55.875233,"max":61.93639,"receiver_count":12,"unavailable_count":0}}}},{"type":"Feature","id":"lariac:388803886252","geometry":{"type":"Polygon","coordinates":[[[-118.57156518404278,34.17418691857014],[-118.57156367365212,34.17412564678016],[-118.57146453316538,34.174127325164804],[-118.57146604347724,34.17418859605448],[-118.57156518404278,34.17418691857014]]]},"properties":{"building_pk":38090,"building_key":"lariac:388803886252","source_tile":"r03-c02","source_tile_ids":["r03-c02"],"source_bld_id":"388803886252","height_m":3.944,"receiver_ids":[172221,172222,172223,172224,172225,172226,172227,172228],"receiver_keys":["r03-c02:expanded-facade-max4m:38090:0:1","r03-c02:expanded-facade-max4m:38090:0:2","r03-c02:expanded-facade-max4m:38090:0:3","r03-c02:expanded-facade-max4m:38090:0:4","r03-c02:expanded-facade-max4m:38090:0:5","r03-c02:expanded-facade-max4m:38090:0:6","r03-c02:expanded-facade-max4m:38090:0:7","r03-c02:expanded-facade-max4m:38090:0:8"],"receiver_count":8,"periods":{"D":{"min":73.41848,"max":73.89748,"receiver_count":8,"unavailable_count":0},"E":{"min":71.2,"max":71.67899,"receiver_count":8,"unavailable_count":0},"N":{"min":66.42879,"max":66.90778,"receiver_count":8,"unavailable_count":0}}}},{"type":"Feature","id":"lariac:387266887510","geometry":{"type":"Polygon","coordinates":[[[-118.57658740330511,34.177626057118374],[-118.5766630819041,34.17762566925221],[-118.57666262302126,34.177564062526315],[-118.57658694429144,34.17756442334677],[-118.57658740330511,34.177626057118374]]]},"properties":{"building_pk":38115,"building_key":"lariac:387266887510","source_tile":"r03-c02","source_tile_ids":["r03-c02"],"source_bld_id":"387266887510","height_m":3.847,"receiver_ids":[172360,172361,172362,172363,172364,172365,172366],"receiver_keys":["r03-c02:expanded-facade-max4m:38115:0:1","r03-c02:expanded-facade-max4m:38115:0:2","r03-c02:expanded-facade-max4m:38115:0:3","r03-c02:expanded-facade-max4m:38115:0:4","r03-c02:expanded-facade-max4m:38115:0:5","r03-c02:expanded-facade-max4m:38115:0:6","r03-c02:expanded-facade-max4m:38115:0:7"],"receiver_count":7,"periods":{"D":{"min":58.04289,"max":60.16594,"receiver_count":7,"unavailable_count":0},"E":{"min":55.8244,"max":57.947453,"receiver_count":7,"unavailable_count":0},"N":{"min":51.05319,"max":53.176243,"receiver_count":7,"unavailable_count":0}}}},{"type":"Feature","id":"lariac:386769887435","geometry":{"type":"Polygon","coordinates":[[[-118.57820572298205,34.1774236133702],[-118.57840055251057,34.17742215976323],[-118.57839948331191,34.17732491605721],[-118.57828714075413,34.177325756200375],[-118.57828654617818,34.177268381978855],[-118.57819817282856,34.177269024485206],[-118.57819896596897,34.17734052137038],[-118.57820481774493,34.1773404663476],[-118.57820572298205,34.1774236133702]]]},"properties":{"building_pk":38124,"building_key":"lariac:386769887435","source_tile":"r03-c02","source_tile_ids":["r03-c02"],"source_bld_id":"386769887435","height_m":4.1,"receiver_ids":[172394,172395,172396,172397,172398,172399,172400,172401,172402,172403,172404,172405,172406,172407,172408,172409,172410,172411],"receiver_keys":["r03-c02:expanded-facade-max4m:38124:0:1","r03-c02:expanded-facade-max4m:38124:0:10","r03-c02:expanded-facade-max4m:38124:0:11","r03-c02:expanded-facade-max4m:38124:0:12","r03-c02:expanded-facade-max4m:38124:0:13","r03-c02:expanded-facade-max4m:38124:0:14","r03-c02:expanded-facade-max4m:38124:0:15","r03-c02:expanded-facade-max4m:38124:0:16","r03-c02:expanded-facade-max4m:38124:0:17","r03-c02:expanded-facade-max4m:38124:0:18","r03-c02:expanded-facade-max4m:38124:0:2","r03-c02:expanded-facade-max4m:38124:0:3","r03-c02:expanded-facade-max4m:38124:0:4","r03-c02:expanded-facade-max4m:38124:0:5","r03-c02:expanded-facade-max4m:38124:0:6","r03-c02:expanded-facade-max4m:38124:0:7","r03-c02:expanded-facade-max4m:38124:0:8","r03-c02:expanded-facade-max4m:38124:0:9"],"receiver_count":18,"periods":{"D":{"min":58.221664,"max":60.820198,"receiver_count":18,"unavailable_count":0},"E":{"min":56.003178,"max":58.60171,"receiver_count":18,"unavailable_count":0},"N":{"min":51.231964,"max":53.830498,"receiver_count":18,"unavailable_count":0}}}},{"type":"Feature","id":"lariac:389034887555","geometry":{"type":"Polygon","coordinates":[[[-118.57067446311804,34.177675453680855],[-118.5706758072425,34.17764958921962],[-118.57057828895675,34.17764719233313],[-118.57057590371566,34.177714389437284],[-118.57066211393538,34.17771651061946],[-118.57066183453301,34.177724041643174],[-118.57067664920798,34.177724411693625],[-118.57067428941141,34.177790399707945],[-118.57071823756988,34.1777914842415],[-118.57071768098044,34.17780671035993],[-118.57084820284588,34.17780991421241],[-118.57084836852528,34.17780526866956],[-118.57088580279643,34.177806191858586],[-118.57088663573113,34.17778299477523],[-118.57096259456463,34.17778486211546],[-118.57096497766032,34.17771755502381],[-118.57092642038096,34.17771658216659],[-118.57092766883432,34.177681650412254],[-118.57067446311804,34.177675453680855]]]},"properties":{"building_pk":38699,"building_key":"lariac:389034887555","source_tile":"r03-c02","source_tile_ids":["r03-c02"],"source_bld_id":"389034887555","height_m":5.462,"receiver_ids":[173004,173005,173006,173007,173008,173009,173010,173011,173012,173013,173014,173015,173016,173017,173018,173019,173020,173021,173022,173023,173024,173025,173026,173027],"receiver_keys":["r03-c02:expanded-facade-max4m:38699:0:1","r03-c02:expanded-facade-max4m:38699:0:10","r03-c02:expanded-facade-max4m:38699:0:12","r03-c02:expanded-facade-max4m:38699:0:13","r03-c02:expanded-facade-max4m:38699:0:14","r03-c02:expanded-facade-max4m:38699:0:15","r03-c02:expanded-facade-max4m:38699:0:17","r03-c02:expanded-facade-max4m:38699:0:18","r03-c02:expanded-facade-max4m:38699:0:19","r03-c02:expanded-facade-max4m:38699:0:2","r03-c02:expanded-facade-max4m:38699:0:20","r03-c02:expanded-facade-max4m:38699:0:21","r03-c02:expanded-facade-max4m:38699:0:22","r03-c02:expanded-facade-max4m:38699:0:23","r03-c02:expanded-facade-max4m:38699:0:24","r03-c02:expanded-facade-max4m:38699:0:25","r03-c02:expanded-facade-max4m:38699:0:26","r03-c02:expanded-facade-max4m:38699:0:27","r03-c02:expanded-facade-max4m:38699:0:3","r03-c02:expanded-facade-max4m:38699:0:4","r03-c02:expanded-facade-max4m:38699:0:5","r03-c02:expanded-facade-max4m:38699:0:6","r03-c02:expanded-facade-max4m:38699:0:7","r03-c02:expanded-facade-max4m:38699:0:9"],"receiver_count":24,"periods":{"D":{"min":62.395206,"max":68.14955,"receiver_count":24,"unavailable_count":0},"E":{"min":60.176716,"max":65.93106,"receiver_count":24,"unavailable_count":0},"N":{"min":55.405506,"max":61.159847,"receiver_count":24,"unavailable_count":0}}}},{"type":"Feature","id":"lariac:389472888182","geometry":{"type":"Polygon","coordinates":[[[-118.56931080351653,34.179386549993644],[-118.56931059876263,34.17939534372707],[-118.56928283797743,34.17942136046491],[-118.56927454475313,34.17944170590305],[-118.56926884543554,34.17946415595941],[-118.56926854470733,34.179483062776164],[-118.5692828028086,34.179527787130944],[-118.56931555711004,34.17955513909479],[-118.56958884249299,34.179552341375796],[-118.56958755304676,34.1794650463247],[-118.56944403359878,34.179466519109766],[-118.56944281749108,34.17938518653212],[-118.56931080351653,34.179386549993644]]]},"properties":{"building_pk":38720,"building_key":"lariac:389472888182","source_tile":"r03-c02","source_tile_ids":["r03-c02"],"source_bld_id":"389472888182","height_m":6.026,"receiver_ids":[173071,173072,173073,173074,173075,173076,173077,173078,173079,173080,173081,173082,173083,173084,173085,173086,173087,173088,173089,173090,173091,173092],"receiver_keys":["r03-c02:expanded-facade-max4m:38720:0:1","r03-c02:expanded-facade-max4m:38720:0:10","r03-c02:expanded-facade-max4m:38720:0:11","r03-c02:expanded-facade-max4m:38720:0:12","r03-c02:expanded-facade-max4m:38720:0:13","r03-c02:expanded-facade-max4m:38720:0:14","r03-c02:expanded-facade-max4m:38720:0:15","r03-c02:expanded-facade-max4m:38720:0:16","r03-c02:expanded-facade-max4m:38720:0:17","r03-c02:expanded-facade-max4m:38720:0:19","r03-c02:expanded-facade-max4m:38720:0:2","r03-c02:expanded-facade-max4m:38720:0:20","r03-c02:expanded-facade-max4m:38720:0:21","r03-c02:expanded-facade-max4m:38720:0:22","r03-c02:expanded-facade-max4m:38720:0:23","r03-c02:expanded-facade-max4m:38720:0:3","r03-c02:expanded-facade-max4m:38720:0:4","r03-c02:expanded-facade-max4m:38720:0:5","r03-c02:expanded-facade-max4m:38720:0:6","r03-c02:expanded-facade-max4m:38720:0:7","r03-c02:expanded-facade-max4m:38720:0:8","r03-c02:expanded-facade-max4m:38720:0:9"],"receiver_count":22,"periods":{"D":{"min":56.542324,"max":64.23603,"receiver_count":22,"unavailable_count":0},"E":{"min":54.323837,"max":62.017544,"receiver_count":22,"unavailable_count":0},"N":{"min":49.552624,"max":57.246334,"receiver_count":22,"unavailable_count":0}}}},{"type":"Feature","id":"lariac:389086886264","geometry":{"type":"Polygon","coordinates":[[[-118.57070734729952,34.174353371428424],[-118.57070716483675,34.17428791740692],[-118.57063472761689,34.17428806628915],[-118.5706334077729,34.1742255305269],[-118.57065625140575,34.17422520276141],[-118.57065360454652,34.17409908547887],[-118.57049317239431,34.174101409275266],[-118.57049411053374,34.174146662415694],[-118.57054025982859,34.174146005654684],[-118.57054176991963,34.17421703217372],[-118.57053257850099,34.174217075535545],[-118.57053310298292,34.17429387659332],[-118.57053439264627,34.174293870509196],[-118.57053479290923,34.17435248167675],[-118.57070734729952,34.174353371428424]]]},"properties":{"building_pk":38725,"building_key":"lariac:389086886264","source_tile":"r03-c02","source_tile_ids":["r03-c02"],"source_bld_id":"389086886264","height_m":4.273,"receiver_ids":[173093,173094,173095,173096,173097,173098,173099,173100,173101,173102,173103,173104,173105,173106,173107,173108,173109,173110,173111,173112,173113],"receiver_keys":["r03-c02:expanded-facade-max4m:38725:0:1","r03-c02:expanded-facade-max4m:38725:0:10","r03-c02:expanded-facade-max4m:38725:0:13","r03-c02:expanded-facade-max4m:38725:0:14","r03-c02:expanded-facade-max4m:38725:0:15","r03-c02:expanded-facade-max4m:38725:0:17","r03-c02:expanded-facade-max4m:38725:0:18","r03-c02:expanded-facade-max4m:38725:0:19","r03-c02:expanded-facade-max4m:38725:0:2","r03-c02:expanded-facade-max4m:38725:0:20","r03-c02:expanded-facade-max4m:38725:0:21","r03-c02:expanded-facade-max4m:38725:0:22","r03-c02:expanded-facade-max4m:38725:0:23","r03-c02:expanded-facade-max4m:38725:0:24","r03-c02:expanded-facade-max4m:38725:0:25","r03-c02:expanded-facade-max4m:38725:0:26","r03-c02:expanded-facade-max4m:38725:0:3","r03-c02:expanded-facade-max4m:38725:0:5","r03-c02:expanded-facade-max4m:38725:0:7","r03-c02:expanded-facade-max4m:38725:0:8","r03-c02:expanded-facade-max4m:38725:0:9"],"receiver_count":21,"periods":{"D":{"min":71.00011,"max":74.73045,"receiver_count":21,"unavailable_count":0},"E":{"min":68.78162,"max":72.51196,"receiver_count":21,"unavailable_count":0},"N":{"min":64.01041,"max":67.74075,"receiver_count":21,"unavailable_count":0}}}},{"type":"Feature","id":"lariac:386742887575","geometry":{"type":"Polygon","coordinates":[[[-118.5784632659691,34.17780305132267],[-118.57846307869558,34.177766449467754],[-118.57849759534245,34.177766312318305],[-118.57849733194242,34.17771871918383],[-118.57846284786265,34.1777188570791],[-118.57846283339907,34.17771676826722],[-118.578364704893,34.17771715553357],[-118.5783645553239,34.177690694083154],[-118.57828520654635,34.17769101852218],[-118.57828582082482,34.17780373492622],[-118.5784632659691,34.17780305132267]]]},"properties":{"building_pk":39110,"building_key":"lariac:386742887575","source_tile":"r03-c02","source_tile_ids":["r03-c02"],"source_bld_id":"386742887575","height_m":3.139,"receiver_ids":[173545,173546,173547,173548,173549,173550,173551,173552,173553,173554,173555,173556,173557,173558,173559,173560],"receiver_keys":["r03-c02:expanded-facade-max4m:39110:0:1","r03-c02:expanded-facade-max4m:39110:0:10","r03-c02:expanded-facade-max4m:39110:0:11","r03-c02:expanded-facade-max4m:39110:0:12","r03-c02:expanded-facade-max4m:39110:0:13","r03-c02:expanded-facade-max4m:39110:0:14","r03-c02:expanded-facade-max4m:39110:0:15","r03-c02:expanded-facade-max4m:39110:0:16","r03-c02:expanded-facade-max4m:39110:0:17","r03-c02:expanded-facade-max4m:39110:0:2","r03-c02:expanded-facade-max4m:39110:0:3","r03-c02:expanded-facade-max4m:39110:0:4","r03-c02:expanded-facade-max4m:39110:0:5","r03-c02:expanded-facade-max4m:39110:0:6","r03-c02:expanded-facade-max4m:39110:0:8","r03-c02:expanded-facade-max4m:39110:0:9"],"receiver_count":16,"periods":{"D":{"min":63.264225,"max":68.10893,"receiver_count":16,"unavailable_count":0},"E":{"min":61.04574,"max":65.89044,"receiver_count":16,"unavailable_count":0},"N":{"min":56.274525,"max":61.11923,"receiver_count":16,"unavailable_count":0}}}},{"type":"Feature","id":"lariac:388792887114","geometry":{"type":"Polygon","coordinates":[[[-118.57157310997341,34.17642305219741],[-118.57147400055736,34.176463447289095],[-118.57150129519508,34.17650970371432],[-118.57144138786775,34.17653411304215],[-118.57150504455005,34.1766420256216],[-118.5716640616701,34.176577247239884],[-118.57157310997341,34.17642305219741]]]},"properties":{"building_pk":39478,"building_key":"lariac:388792887114","source_tile":"r03-c02","source_tile_ids":["r03-c02"],"source_bld_id":"388792887114","height_m":3.908,"receiver_ids":[173987,173988,173989,173990,173991,173992,173993,173994,173995,173996,173997,173998,173999,174000,174001,174002,174003,174004],"receiver_keys":["r03-c02:expanded-facade-max4m:39478:0:1","r03-c02:expanded-facade-max4m:39478:0:10","r03-c02:expanded-facade-max4m:39478:0:11","r03-c02:expanded-facade-max4m:39478:0:12","r03-c02:expanded-facade-max4m:39478:0:13","r03-c02:expanded-facade-max4m:39478:0:14","r03-c02:expanded-facade-max4m:39478:0:15","r03-c02:expanded-facade-max4m:39478:0:16","r03-c02:expanded-facade-max4m:39478:0:17","r03-c02:expanded-facade-max4m:39478:0:18","r03-c02:expanded-facade-max4m:39478:0:2","r03-c02:expanded-facade-max4m:39478:0:3","r03-c02:expanded-facade-max4m:39478:0:4","r03-c02:expanded-facade-max4m:39478:0:5","r03-c02:expanded-facade-max4m:39478:0:6","r03-c02:expanded-facade-max4m:39478:0:7","r03-c02:expanded-facade-max4m:39478:0:8","r03-c02:expanded-facade-max4m:39478:0:9"],"receiver_count":18,"periods":{"D":{"min":68.8604,"max":70.646904,"receiver_count":18,"unavailable_count":0},"E":{"min":66.64191,"max":68.42841,"receiver_count":18,"unavailable_count":0},"N":{"min":61.870697,"max":63.6572,"receiver_count":18,"unavailable_count":0}}}},{"type":"Feature","id":"lariac:387204887471","geometry":{"type":"Polygon","coordinates":[[[-118.57684681975026,34.17749074132998],[-118.57684691520416,34.177490740874696],[-118.57684735922236,34.177475083419374],[-118.57681802750098,34.17747439930491],[-118.57681740714969,34.17749075539732],[-118.57681746355428,34.177490755128304],[-118.57684681975026,34.17749074132998]]]},"properties":{"building_pk":39763,"building_key":"lariac:387204887471","source_tile":"r03-c02","source_tile_ids":["r03-c02"],"source_bld_id":"387204887471","height_m":3.228,"receiver_ids":[174325,174326,174327],"receiver_keys":["r03-c02:expanded-facade-max4m:39763:0:1","r03-c02:expanded-facade-max4m:39763:0:3","r03-c02:expanded-facade-max4m:39763:0:4"],"receiver_count":3,"periods":{"D":{"min":56.932957,"max":58.16146,"receiver_count":3,"unavailable_count":0},"E":{"min":54.714466,"max":55.942974,"receiver_count":3,"unavailable_count":0},"N":{"min":49.943256,"max":51.17176,"receiver_count":3,"unavailable_count":0}}}},{"type":"Feature","id":"lariac:387052887732","geometry":{"type":"Polygon","coordinates":[[[-118.57726774150697,34.178277008296156],[-118.57726741188945,34.17824845882427],[-118.57731690423076,34.178248085549],[-118.57731705812978,34.17826078037844],[-118.57738513212723,34.17826023543253],[-118.57738452035744,34.17820530718408],[-118.57737691671589,34.17820537143182],[-118.57737641055479,34.178160857333104],[-118.5771918614573,34.17816228726595],[-118.57719282110398,34.17824842986813],[-118.57719956566302,34.17824837063351],[-118.57719986599758,34.17827755222867],[-118.57726774150697,34.178277008296156]]]},"properties":{"building_pk":39969,"building_key":"lariac:387052887732","source_tile":"r03-c02","source_tile_ids":["r03-c02"],"source_bld_id":"387052887732","height_m":3.889,"receiver_ids":[174661,174662,174663,174664,174665,174666,174667,174668,174669,174670,174671,174672,174673,174674],"receiver_keys":["r03-c02:expanded-facade-max4m:39969:0:1","r03-c02:expanded-facade-max4m:39969:0:10","r03-c02:expanded-facade-max4m:39969:0:11","r03-c02:expanded-facade-max4m:39969:0:12","r03-c02:expanded-facade-max4m:39969:0:13","r03-c02:expanded-facade-max4m:39969:0:15","r03-c02:expanded-facade-max4m:39969:0:16","r03-c02:expanded-facade-max4m:39969:0:2","r03-c02:expanded-facade-max4m:39969:0:3","r03-c02:expanded-facade-max4m:39969:0:4","r03-c02:expanded-facade-max4m:39969:0:5","r03-c02:expanded-facade-max4m:39969:0:7","r03-c02:expanded-facade-max4m:39969:0:8","r03-c02:expanded-facade-max4m:39969:0:9"],"receiver_count":14,"periods":{"D":{"min":61.90853,"max":67.35593,"receiver_count":14,"unavailable_count":0},"E":{"min":59.690044,"max":65.137436,"receiver_count":14,"unavailable_count":0},"N":{"min":54.91883,"max":60.366226,"receiver_count":14,"unavailable_count":0}}}},{"type":"Feature","id":"lariac:387772887578","geometry":{"type":"Polygon","coordinates":[[[-118.574992915047,34.17781916019586],[-118.57499304287789,34.17775609468416],[-118.57491408800652,34.17775597598576],[-118.57491392648389,34.17781904075573],[-118.574992915047,34.17781916019586]]]},"properties":{"building_pk":40097,"building_key":"lariac:387772887578","source_tile":"r03-c02","source_tile_ids":["r03-c02"],"source_bld_id":"387772887578","height_m":4.087,"receiver_ids":[174795,174796,174797,174798,174799,174800],"receiver_keys":["r03-c02:expanded-facade-max4m:40097:0:1","r03-c02:expanded-facade-max4m:40097:0:2","r03-c02:expanded-facade-max4m:40097:0:3","r03-c02:expanded-facade-max4m:40097:0:4","r03-c02:expanded-facade-max4m:40097:0:7","r03-c02:expanded-facade-max4m:40097:0:8"],"receiver_count":6,"periods":{"D":{"min":56.62454,"max":59.038654,"receiver_count":6,"unavailable_count":0},"E":{"min":54.40605,"max":56.820164,"receiver_count":6,"unavailable_count":0},"N":{"min":49.63484,"max":52.048954,"receiver_count":6,"unavailable_count":0}}}},{"type":"Feature","id":"lariac:388161887852","geometry":{"type":"Polygon","coordinates":[[[-118.57373037765993,34.17854722626926],[-118.57367654612895,34.178503212141],[-118.57362131953656,34.17854985949726],[-118.57367518468851,34.17859387258907],[-118.57373037765993,34.17854722626926]]]},"properties":{"building_pk":40146,"building_key":"lariac:388161887852","source_tile":"r03-c02","source_tile_ids":["r03-c02"],"source_bld_id":"388161887852","height_m":5.255,"receiver_ids":[174824,174825,174826,174827,174828,174829,174830,174831],"receiver_keys":["r03-c02:expanded-facade-max4m:40146:0:1","r03-c02:expanded-facade-max4m:40146:0:2","r03-c02:expanded-facade-max4m:40146:0:3","r03-c02:expanded-facade-max4m:40146:0:4","r03-c02:expanded-facade-max4m:40146:0:5","r03-c02:expanded-facade-max4m:40146:0:6","r03-c02:expanded-facade-max4m:40146:0:7","r03-c02:expanded-facade-max4m:40146:0:8"],"receiver_count":8,"periods":{"D":{"min":51.45685,"max":55.869556,"receiver_count":8,"unavailable_count":0},"E":{"min":49.23836,"max":53.65107,"receiver_count":8,"unavailable_count":0},"N":{"min":44.467148,"max":48.879856,"receiver_count":8,"unavailable_count":0}}}},{"type":"Feature","id":"lariac:388107887798","geometry":{"type":"Polygon","coordinates":[[[-118.57385110887633,34.17844385387376],[-118.57390551379281,34.178402844067655],[-118.57385523898691,34.17835675220876],[-118.5738008340758,34.178397761992194],[-118.57385110887633,34.17844385387376]]]},"properties":{"building_pk":40278,"building_key":"lariac:388107887798","source_tile":"r03-c02","source_tile_ids":["r03-c02"],"source_bld_id":"388107887798","height_m":5.608,"receiver_ids":[175070,175071,175072,175073,175074,175075,175076],"receiver_keys":["r03-c02:expanded-facade-max4m:40278:0:1","r03-c02:expanded-facade-max4m:40278:0:2","r03-c02:expanded-facade-max4m:40278:0:3","r03-c02:expanded-facade-max4m:40278:0:4","r03-c02:expanded-facade-max4m:40278:0:5","r03-c02:expanded-facade-max4m:40278:0:6","r03-c02:expanded-facade-max4m:40278:0:7"],"receiver_count":7,"periods":{"D":{"min":48.67623,"max":57.23796,"receiver_count":7,"unavailable_count":0},"E":{"min":46.457745,"max":55.019474,"receiver_count":7,"unavailable_count":0},"N":{"min":41.68653,"max":50.24826,"receiver_count":7,"unavailable_count":0}}}},{"type":"Feature","id":"lariac:386794887882","geometry":{"type":"Polygon","coordinates":[[[-118.57828373661624,34.178558212321704],[-118.57823634759382,34.17855876616185],[-118.57823659639843,34.178548323271436],[-118.57821340113439,34.17854816730973],[-118.5782131892705,34.17851661693216],[-118.57809210701723,34.178515986777654],[-118.57809115441877,34.17864591216126],[-118.57807736670232,34.178645841028874],[-118.57807689612773,34.17871171109884],[-118.57809858660723,34.17871182739934],[-118.57809862177588,34.178707347451294],[-118.5781643874313,34.17870769301059],[-118.57816479539332,34.178651907928014],[-118.57828303352558,34.17865252456336],[-118.57828373661624,34.178558212321704]]]},"properties":{"building_pk":40400,"building_key":"lariac:386794887882","source_tile":"r03-c02","source_tile_ids":["r03-c02"],"source_bld_id":"386794887882","height_m":5.069,"receiver_ids":[175198,175199,175200,175201,175202,175203,175204,175205,175206,175207,175208,175209,175210,175211,175212,175213],"receiver_keys":["r03-c02:expanded-facade-max4m:40400:0:1","r03-c02:expanded-facade-max4m:40400:0:11","r03-c02:expanded-facade-max4m:40400:0:12","r03-c02:expanded-facade-max4m:40400:0:13","r03-c02:expanded-facade-max4m:40400:0:14","r03-c02:expanded-facade-max4m:40400:0:15","r03-c02:expanded-facade-max4m:40400:0:17","r03-c02:expanded-facade-max4m:40400:0:18","r03-c02:expanded-facade-max4m:40400:0:2","r03-c02:expanded-facade-max4m:40400:0:3","r03-c02:expanded-facade-max4m:40400:0:4","r03-c02:expanded-facade-max4m:40400:0:5","r03-c02:expanded-facade-max4m:40400:0:6","r03-c02:expanded-facade-max4m:40400:0:7","r03-c02:expanded-facade-max4m:40400:0:8","r03-c02:expanded-facade-max4m:40400:0:9"],"receiver_count":16,"periods":{"D":{"min":49.26872,"max":58.093636,"receiver_count":16,"unavailable_count":0},"E":{"min":47.050232,"max":55.87515,"receiver_count":16,"unavailable_count":0},"N":{"min":42.27902,"max":51.103935,"receiver_count":16,"unavailable_count":0}}}},{"type":"Feature","id":"lariac:2014121101790000","geometry":{"type":"Polygon","coordinates":[[[-118.57681404375178,34.17738884901607],[-118.57681395576283,34.17736997828546],[-118.57685455983727,34.17736984773107],[-118.57685423330524,34.177299937140155],[-118.57679335057175,34.17730013375676],[-118.57668421245454,34.17730051717422],[-118.57668470637944,34.177405540360304],[-118.57664509701526,34.17740567422873],[-118.57664532757092,34.177453376605634],[-118.57668490333192,34.17745324289746],[-118.5766849051782,34.177458381697946],[-118.57677559468891,34.17745805921812],[-118.57677562342454,34.177466934796406],[-118.57685364903719,34.17746667265219],[-118.57685324308417,34.17738871614644],[-118.57681404375178,34.17738884901607]]]},"properties":{"building_pk":41325,"building_key":"lariac:2014121101790000","source_tile":"r03-c02","source_tile_ids":["r03-c02"],"source_bld_id":"2014121101790000","height_m":4.746,"receiver_ids":[176067,176068,176069,176070,176071,176072,176073,176074,176075,176076,176077,176078,176079,176080,176081],"receiver_keys":["r03-c02:expanded-facade-max4m:41325:0:10","r03-c02:expanded-facade-max4m:41325:0:12","r03-c02:expanded-facade-max4m:41325:0:13","r03-c02:expanded-facade-max4m:41325:0:14","r03-c02:expanded-facade-max4m:41325:0:15","r03-c02:expanded-facade-max4m:41325:0:16","r03-c02:expanded-facade-max4m:41325:0:17","r03-c02:expanded-facade-max4m:41325:0:19","r03-c02:expanded-facade-max4m:41325:0:2","r03-c02:expanded-facade-max4m:41325:0:20","r03-c02:expanded-facade-max4m:41325:0:3","r03-c02:expanded-facade-max4m:41325:0:4","r03-c02:expanded-facade-max4m:41325:0:5","r03-c02:expanded-facade-max4m:41325:0:8","r03-c02:expanded-facade-max4m:41325:0:9"],"receiver_count":15,"periods":{"D":{"min":52.911488,"max":57.334484,"receiver_count":15,"unavailable_count":0},"E":{"min":50.693,"max":55.115997,"receiver_count":15,"unavailable_count":0},"N":{"min":45.921787,"max":50.344784,"receiver_count":15,"unavailable_count":0}}}},{"type":"Feature","id":"lariac:2014121101820000","geometry":{"type":"Polygon","coordinates":[[[-118.57726537382617,34.177245369340184],[-118.57716622253328,34.17724600754212],[-118.57713212648225,34.17724622975544],[-118.57713274923906,34.177312351540465],[-118.57716684531708,34.17731212932693],[-118.57718840023854,34.17731198949536],[-118.57718951465775,34.17743026965249],[-118.57730258585657,34.17742952171382],[-118.57730227227219,34.17739371833047],[-118.57733777951793,34.177393480317356],[-118.57737328784192,34.17739324138716],[-118.57739476140019,34.177393097399595],[-118.57739424795055,34.177340309852816],[-118.57739394503963,34.17730919535684],[-118.57739330686378,34.17724354064639],[-118.57731325165585,34.17724407878406],[-118.57731326794439,34.1772456510017],[-118.57731333410555,34.17725255652454],[-118.5773065385526,34.17725260248611],[-118.57728401288361,34.17725275328332],[-118.57728393930316,34.17724524466189],[-118.57726537382617,34.177245369340184]]]},"properties":{"building_pk":41326,"building_key":"lariac:2014121101820000","source_tile":"r03-c02","source_tile_ids":["r03-c02"],"source_bld_id":"2014121101820000","height_m":4.971,"receiver_ids":[176082,176083,176084,176085,176086,176087,176088,176089,176090,176091,176092,176093,176094,176095,176096],"receiver_keys":["r03-c02:expanded-facade-max4m:41326:0:1","r03-c02:expanded-facade-max4m:41326:0:10","r03-c02:expanded-facade-max4m:41326:0:11","r03-c02:expanded-facade-max4m:41326:0:12","r03-c02:expanded-facade-max4m:41326:0:13","r03-c02:expanded-facade-max4m:41326:0:14","r03-c02:expanded-facade-max4m:41326:0:15","r03-c02:expanded-facade-max4m:41326:0:2","r03-c02:expanded-facade-max4m:41326:0:21","r03-c02:expanded-facade-max4m:41326:0:3","r03-c02:expanded-facade-max4m:41326:0:4","r03-c02:expanded-facade-max4m:41326:0:5","r03-c02:expanded-facade-max4m:41326:0:6","r03-c02:expanded-facade-max4m:41326:0:8","r03-c02:expanded-facade-max4m:41326:0:9"],"receiver_count":15,"periods":{"D":{"min":48.970966,"max":59.461346,"receiver_count":15,"unavailable_count":0},"E":{"min":46.75248,"max":57.24286,"receiver_count":15,"unavailable_count":0},"N":{"min":41.981266,"max":52.471645,"receiver_count":15,"unavailable_count":0}}}},{"type":"Feature","id":"lariac:386724887791","geometry":{"type":"Polygon","coordinates":[[[-118.57838597334154,34.178386940954056],[-118.57845365105489,34.178386644325826],[-118.57845324883112,34.17832855515981],[-118.5783855711648,34.1783288517878],[-118.57838597334154,34.178386940954056]]]},"properties":{"building_pk":45323,"building_key":"lariac:386724887791","source_tile":"r03-c02","source_tile_ids":["r03-c02"],"source_bld_id":"386724887791","height_m":3.17,"receiver_ids":[177218,177219,177220,177221,177222,177223,177224],"receiver_keys":["r03-c02:expanded-facade-max4m:45323:0:1","r03-c02:expanded-facade-max4m:45323:0:2","r03-c02:expanded-facade-max4m:45323:0:3","r03-c02:expanded-facade-max4m:45323:0:4","r03-c02:expanded-facade-max4m:45323:0:5","r03-c02:expanded-facade-max4m:45323:0:6","r03-c02:expanded-facade-max4m:45323:0:7"],"receiver_count":7,"periods":{"D":{"min":58.564205,"max":61.42542,"receiver_count":7,"unavailable_count":0},"E":{"min":56.345715,"max":59.20693,"receiver_count":7,"unavailable_count":0},"N":{"min":51.574505,"max":54.43572,"receiver_count":7,"unavailable_count":0}}}},{"type":"Feature","id":"lariac:386710887731","geometry":{"type":"Polygon","coordinates":[[[-118.57847990760987,34.17820103475246],[-118.57848001321214,34.178178061964296],[-118.57845200876167,34.17817797593194],[-118.57845190315169,34.17820094872008],[-118.57847990760987,34.17820103475246]]]},"properties":{"building_pk":45335,"building_key":"lariac:386710887731","source_tile":"r03-c02","source_tile_ids":["r03-c02"],"source_bld_id":"386710887731","height_m":1.679,"receiver_ids":[177225,177226,177227],"receiver_keys":["r03-c02:expanded-facade-max4m:45335:0:1","r03-c02:expanded-facade-max4m:45335:0:2","r03-c02:expanded-facade-max4m:45335:0:4"],"receiver_count":3,"periods":{"D":{"min":65.50958,"max":67.19702,"receiver_count":3,"unavailable_count":0},"E":{"min":63.291096,"max":64.97853,"receiver_count":3,"unavailable_count":0},"N":{"min":58.519882,"max":60.20732,"receiver_count":3,"unavailable_count":0}}}},{"type":"Feature","id":"lariac:387364887797","geometry":{"type":"Polygon","coordinates":[[[-118.57634861281802,34.17841551749222],[-118.57634748296101,34.17835237592666],[-118.576268237893,34.178353358476485],[-118.57626936769012,34.178416500042744],[-118.57634861281802,34.17841551749222]]]},"properties":{"building_pk":45475,"building_key":"lariac:387364887797","source_tile":"r03-c02","source_tile_ids":["r03-c02"],"source_bld_id":"387364887797","height_m":4.069,"receiver_ids":[177375,177376,177377,177378,177379,177380,177381,177382],"receiver_keys":["r03-c02:expanded-facade-max4m:45475:0:1","r03-c02:expanded-facade-max4m:45475:0:2","r03-c02:expanded-facade-max4m:45475:0:3","r03-c02:expanded-facade-max4m:45475:0:4","r03-c02:expanded-facade-max4m:45475:0:5","r03-c02:expanded-facade-max4m:45475:0:6","r03-c02:expanded-facade-max4m:45475:0:7","r03-c02:expanded-facade-max4m:45475:0:8"],"receiver_count":8,"periods":{"D":{"min":55.727535,"max":59.186882,"receiver_count":8,"unavailable_count":0},"E":{"min":53.50905,"max":56.968395,"receiver_count":8,"unavailable_count":0},"N":{"min":48.737835,"max":52.19718,"receiver_count":8,"unavailable_count":0}}}},{"type":"Feature","id":"lariac:388357886043","geometry":{"type":"Polygon","coordinates":[[[-118.57291423163275,34.17365166381855],[-118.57310781196215,34.173609005965936],[-118.57304310716665,34.17340613132977],[-118.57296912852198,34.17342244731303],[-118.57297409569328,34.173438004284215],[-118.57285449551568,34.17346434695119],[-118.57291423163275,34.17365166381855]]]},"properties":{"building_pk":45531,"building_key":"lariac:388357886043","source_tile":"r03-c02","source_tile_ids":["r02-c02","r03-c02"],"source_bld_id":"388357886043","height_m":5.313,"receiver_ids":[177460],"receiver_keys":["r03-c02:expanded-facade-max4m:45531:0:18"],"receiver_count":1,"periods":{"D":{"min":72.84723,"max":72.84723,"receiver_count":1,"unavailable_count":0},"E":{"min":70.62874,"max":70.62874,"receiver_count":1,"unavailable_count":0},"N":{"min":65.85753,"max":65.85753,"receiver_count":1,"unavailable_count":0}}}},{"type":"Feature","id":"lariac:388802886050","geometry":{"type":"Polygon","coordinates":[[[-118.571563456203,34.17364437864404],[-118.57156327539082,34.17363253589946],[-118.57156707732337,34.17363255038652],[-118.57156641872774,34.17356577424406],[-118.57147299565544,34.17356640777249],[-118.57147412949115,34.17364526778409],[-118.571563456203,34.17364437864404]]]},"properties":{"building_pk":45533,"building_key":"lariac:388802886050","source_tile":"r03-c02","source_tile_ids":["r03-c02"],"source_bld_id":"388802886050","height_m":3.941,"receiver_ids":[177480,177481,177482,177483,177484,177485,177486],"receiver_keys":["r03-c02:expanded-facade-max4m:45533:0:1","r03-c02:expanded-facade-max4m:45533:0:2","r03-c02:expanded-facade-max4m:45533:0:3","r03-c02:expanded-facade-max4m:45533:0:4","r03-c02:expanded-facade-max4m:45533:0:5","r03-c02:expanded-facade-max4m:45533:0:8","r03-c02:expanded-facade-max4m:45533:0:9"],"receiver_count":7,"periods":{"D":{"min":73.91752,"max":74.550385,"receiver_count":7,"unavailable_count":0},"E":{"min":71.69903,"max":72.3319,"receiver_count":7,"unavailable_count":0},"N":{"min":66.92782,"max":67.56069,"receiver_count":7,"unavailable_count":0}}}},{"type":"Feature","id":"lariac:388803886148","geometry":{"type":"Polygon","coordinates":[[[-118.57148927783204,34.17392349418383],[-118.5714905950017,34.173972067721856],[-118.57154704276866,34.17397180096239],[-118.57154542098846,34.17392230838678],[-118.57155890826279,34.173922021963506],[-118.5715561980801,34.173832825974145],[-118.57142810612687,34.17383303009308],[-118.57142831468312,34.17383973389917],[-118.57148097433713,34.173838633108836],[-118.57148353846087,34.173923614164444],[-118.57148927783204,34.17392349418383]]]},"properties":{"building_pk":46333,"building_key":"lariac:388803886148","source_tile":"r03-c02","source_tile_ids":["r03-c02"],"source_bld_id":"388803886148","height_m":4.383,"receiver_ids":[178420,178421,178422,178423,178424,178425,178426,178427,178428,178429,178430],"receiver_keys":["r03-c02:expanded-facade-max4m:46333:0:1","r03-c02:expanded-facade-max4m:46333:0:10","r03-c02:expanded-facade-max4m:46333:0:11","r03-c02:expanded-facade-max4m:46333:0:13","r03-c02:expanded-facade-max4m:46333:0:14","r03-c02:expanded-facade-max4m:46333:0:2","r03-c02:expanded-facade-max4m:46333:0:3","r03-c02:expanded-facade-max4m:46333:0:4","r03-c02:expanded-facade-max4m:46333:0:5","r03-c02:expanded-facade-max4m:46333:0:6","r03-c02:expanded-facade-max4m:46333:0:7"],"receiver_count":11,"periods":{"D":{"min":70.5186,"max":73.8454,"receiver_count":11,"unavailable_count":0},"E":{"min":68.30011,"max":71.626915,"receiver_count":11,"unavailable_count":0},"N":{"min":63.5289,"max":66.8557,"receiver_count":11,"unavailable_count":0}}}},{"type":"Feature","id":"lariac:387442887586","geometry":{"type":"Polygon","coordinates":[[[-118.5761420266769,34.17784870034652],[-118.57613440541985,34.17775041590749],[-118.57606823966849,34.177753759376095],[-118.57606610418324,34.17772266622952],[-118.5759495530139,34.17772880459659],[-118.5759567058857,34.17785799174723],[-118.5761420266769,34.17784870034652]]]},"properties":{"building_pk":46408,"building_key":"lariac:387442887586","source_tile":"r03-c02","source_tile_ids":["r03-c02"],"source_bld_id":"387442887586","height_m":3.466,"receiver_ids":[178555,178556,178557,178558,178559,178560,178561,178562,178563,178564,178565,178566,178567,178568,178569],"receiver_keys":["r03-c02:expanded-facade-max4m:46408:0:1","r03-c02:expanded-facade-max4m:46408:0:10","r03-c02:expanded-facade-max4m:46408:0:11","r03-c02:expanded-facade-max4m:46408:0:12","r03-c02:expanded-facade-max4m:46408:0:13","r03-c02:expanded-facade-max4m:46408:0:14","r03-c02:expanded-facade-max4m:46408:0:15","r03-c02:expanded-facade-max4m:46408:0:16","r03-c02:expanded-facade-max4m:46408:0:2","r03-c02:expanded-facade-max4m:46408:0:3","r03-c02:expanded-facade-max4m:46408:0:4","r03-c02:expanded-facade-max4m:46408:0:6","r03-c02:expanded-facade-max4m:46408:0:7","r03-c02:expanded-facade-max4m:46408:0:8","r03-c02:expanded-facade-max4m:46408:0:9"],"receiver_count":15,"periods":{"D":{"min":58.701313,"max":68.81008,"receiver_count":15,"unavailable_count":0},"E":{"min":56.482826,"max":66.59159,"receiver_count":15,"unavailable_count":0},"N":{"min":51.711617,"max":61.82038,"receiver_count":15,"unavailable_count":0}}}},{"type":"Feature","id":"lariac:387666887628","geometry":{"type":"Polygon","coordinates":[[[-118.57527226718085,34.177881913602036],[-118.57525942264122,34.17785086777452],[-118.57518679429542,34.17787160255946],[-118.57520058033674,34.177905006867334],[-118.57519427745872,34.17790682280509],[-118.57522874168063,34.177990278129116],[-118.57528084593272,34.1779754117394],[-118.57528343469997,34.17798163721825],[-118.57535362182264,34.17796160006518],[-118.57535136975442,34.177956224946506],[-118.57541383565241,34.177938396312754],[-118.57537802578148,34.17785173253165],[-118.57527226718085,34.177881913602036]]]},"properties":{"building_pk":46737,"building_key":"lariac:387666887628","source_tile":"r03-c02","source_tile_ids":["r03-c02"],"source_bld_id":"387666887628","height_m":5.108,"receiver_ids":[178914,178915,178916,178917,178918,178919,178920,178921,178922,178923,178924,178925,178926,178927,178928,178929,178930],"receiver_keys":["r03-c02:expanded-facade-max4m:46737:0:1","r03-c02:expanded-facade-max4m:46737:0:10","r03-c02:expanded-facade-max4m:46737:0:11","r03-c02:expanded-facade-max4m:46737:0:12","r03-c02:expanded-facade-max4m:46737:0:13","r03-c02:expanded-facade-max4m:46737:0:14","r03-c02:expanded-facade-max4m:46737:0:15","r03-c02:expanded-facade-max4m:46737:0:16","r03-c02:expanded-facade-max4m:46737:0:17","r03-c02:expanded-facade-max4m:46737:0:2","r03-c02:expanded-facade-max4m:46737:0:3","r03-c02:expanded-facade-max4m:46737:0:4","r03-c02:expanded-facade-max4m:46737:0:5","r03-c02:expanded-facade-max4m:46737:0:6","r03-c02:expanded-facade-max4m:46737:0:7","r03-c02:expanded-facade-max4m:46737:0:8","r03-c02:expanded-facade-max4m:46737:0:9"],"receiver_count":17,"periods":{"D":{"min":55.717907,"max":68.62087,"receiver_count":17,"unavailable_count":0},"E":{"min":53.49942,"max":66.40238,"receiver_count":17,"unavailable_count":0},"N":{"min":48.728207,"max":61.631172,"receiver_count":17,"unavailable_count":0}}}},{"type":"Feature","id":"lariac:387955887979","geometry":{"type":"Polygon","coordinates":[[[-118.57425944829473,34.178974077190354],[-118.57432896627466,34.17891414412028],[-118.57436766428148,34.17894512226366],[-118.57438107978602,34.17894390457397],[-118.57443408819414,34.178896828352705],[-118.57434327290352,34.17882622599323],[-118.57437935628278,34.17879420573946],[-118.57434083021644,34.17876424462839],[-118.57430859170715,34.17879286581787],[-118.57430410390002,34.17878936929844],[-118.57427140521699,34.17881843261721],[-118.57428237555104,34.178826982171124],[-118.57418335938442,34.17891494546923],[-118.57425944829473,34.178974077190354]]]},"properties":{"building_pk":46738,"building_key":"lariac:387955887979","source_tile":"r03-c02","source_tile_ids":["r03-c02"],"source_bld_id":"387955887979","height_m":5.051,"receiver_ids":[178931,178932,178933,178934,178935,178936,178937,178938,178939,178940,178941,178942,178943,178944,178945,178946,178947,178948],"receiver_keys":["r03-c02:expanded-facade-max4m:46738:0:1","r03-c02:expanded-facade-max4m:46738:0:10","r03-c02:expanded-facade-max4m:46738:0:11","r03-c02:expanded-facade-max4m:46738:0:12","r03-c02:expanded-facade-max4m:46738:0:14","r03-c02:expanded-facade-max4m:46738:0:15","r03-c02:expanded-facade-max4m:46738:0:16","r03-c02:expanded-facade-max4m:46738:0:17","r03-c02:expanded-facade-max4m:46738:0:18","r03-c02:expanded-facade-max4m:46738:0:19","r03-c02:expanded-facade-max4m:46738:0:2","r03-c02:expanded-facade-max4m:46738:0:20","r03-c02:expanded-facade-max4m:46738:0:4","r03-c02:expanded-facade-max4m:46738:0:5","r03-c02:expanded-facade-max4m:46738:0:6","r03-c02:expanded-facade-max4m:46738:0:7","r03-c02:expanded-facade-max4m:46738:0:8","r03-c02:expanded-facade-max4m:46738:0:9"],"receiver_count":18,"periods":{"D":{"min":56.99576,"max":67.999084,"receiver_count":18,"unavailable_count":0},"E":{"min":54.77727,"max":65.780594,"receiver_count":18,"unavailable_count":0},"N":{"min":50.00606,"max":61.009384,"receiver_count":18,"unavailable_count":0}}}},{"type":"Feature","id":"lariac:388863888298","geometry":{"type":"Polygon","coordinates":[[[-118.57128377528824,34.179826118859566],[-118.57129534779084,34.17982614623693],[-118.57129500926314,34.179887838773006],[-118.57142849140395,34.179888334214404],[-118.57142879393008,34.179831066631564],[-118.57144076363728,34.17983112006618],[-118.57144091069402,34.1798044092906],[-118.57144712767871,34.179804434910736],[-118.57144748999478,34.179731805615965],[-118.57144001779477,34.179731758880244],[-118.57144016786094,34.17970548804452],[-118.57129197302898,34.179704951224785],[-118.57129184231815,34.179734217803464],[-118.57128423796561,34.17973419872867],[-118.57128377528824,34.179826118859566]]]},"properties":{"building_pk":46834,"building_key":"lariac:388863888298","source_tile":"r03-c02","source_tile_ids":["r03-c02"],"source_bld_id":"388863888298","height_m":9.491,"receiver_ids":[179078,179079,179080],"receiver_keys":["r03-c02:expanded-facade-max4m:46834:0:11","r03-c02:expanded-facade-max4m:46834:0:15","r03-c02:expanded-facade-max4m:46834:0:16"],"receiver_count":3,"periods":{"D":{"min":49.116077,"max":67.042534,"receiver_count":3,"unavailable_count":0},"E":{"min":46.89759,"max":64.82404,"receiver_count":3,"unavailable_count":0},"N":{"min":42.12638,"max":60.05283,"receiver_count":3,"unavailable_count":0}}}},{"type":"Feature","id":"lariac:387218887888","geometry":{"type":"Polygon","coordinates":[[[-118.57669489346527,34.178584430202235],[-118.57669492833949,34.17867087923363],[-118.57668910972222,34.17867087993209],[-118.57668914352163,34.178742874489686],[-118.57677186778878,34.178742837924375],[-118.57677182024814,34.17868331811715],[-118.57678825303229,34.17868329474325],[-118.57678822191664,34.17867878806567],[-118.57682472383983,34.17867877896241],[-118.57682471525582,34.17868240592092],[-118.57689021355668,34.17868236848819],[-118.57689016603449,34.17858437793057],[-118.57669489346527,34.178584430202235]]]},"properties":{"building_pk":47190,"building_key":"lariac:387218887888","source_tile":"r03-c02","source_tile_ids":["r03-c02"],"source_bld_id":"387218887888","height_m":6.111,"receiver_ids":[179447,179448,179449,179450,179451,179452,179453,179454,179455,179456,179457,179458,179459,179460,179461,179462,179463],"receiver_keys":["r03-c02:expanded-facade-max4m:47190:0:1","r03-c02:expanded-facade-max4m:47190:0:10","r03-c02:expanded-facade-max4m:47190:0:11","r03-c02:expanded-facade-max4m:47190:0:12","r03-c02:expanded-facade-max4m:47190:0:13","r03-c02:expanded-facade-max4m:47190:0:14","r03-c02:expanded-facade-max4m:47190:0:15","r03-c02:expanded-facade-max4m:47190:0:16","r03-c02:expanded-facade-max4m:47190:0:17","r03-c02:expanded-facade-max4m:47190:0:18","r03-c02:expanded-facade-max4m:47190:0:19","r03-c02:expanded-facade-max4m:47190:0:2","r03-c02:expanded-facade-max4m:47190:0:4","r03-c02:expanded-facade-max4m:47190:0:5","r03-c02:expanded-facade-max4m:47190:0:6","r03-c02:expanded-facade-max4m:47190:0:7","r03-c02:expanded-facade-max4m:47190:0:8"],"receiver_count":17,"periods":{"D":{"min":45.991776,"max":57.97001,"receiver_count":17,"unavailable_count":0},"E":{"min":43.77329,"max":55.751522,"receiver_count":17,"unavailable_count":0},"N":{"min":39.002075,"max":50.98031,"receiver_count":17,"unavailable_count":0}}}},{"type":"Feature","id":"lariac:389135886987","geometry":{"type":"Polygon","coordinates":[[[-118.57038946901875,34.17616104826904],[-118.57039166835504,34.17617321146046],[-118.57037346713476,34.17617549526916],[-118.57037463439191,34.17618186458991],[-118.57032934465362,34.1761875199029],[-118.57033614867585,34.17622527157344],[-118.570493590108,34.176205650642224],[-118.5704834517508,34.17614933837071],[-118.57038946901875,34.17616104826904]]]},"properties":{"building_pk":47634,"building_key":"lariac:389135886987","source_tile":"r03-c02","source_tile_ids":["r03-c02"],"source_bld_id":"389135886987","height_m":3.804,"receiver_ids":[179901,179902,179903,179904,179905,179906,179907,179908],"receiver_keys":["r03-c02:expanded-facade-max4m:47634:0:10","r03-c02:expanded-facade-max4m:47634:0:11","r03-c02:expanded-facade-max4m:47634:0:2","r03-c02:expanded-facade-max4m:47634:0:3","r03-c02:expanded-facade-max4m:47634:0:4","r03-c02:expanded-facade-max4m:47634:0:5","r03-c02:expanded-facade-max4m:47634:0:6","r03-c02:expanded-facade-max4m:47634:0:7"],"receiver_count":8,"periods":{"D":{"min":69.47088,"max":69.95431,"receiver_count":8,"unavailable_count":0},"E":{"min":67.25239,"max":67.73582,"receiver_count":8,"unavailable_count":0},"N":{"min":62.48118,"max":62.964603,"receiver_count":8,"unavailable_count":0}}}},{"type":"Feature","id":"lariac:388805886519","geometry":{"type":"Polygon","coordinates":[[[-118.57148534988298,34.17492307753557],[-118.57156132584011,34.17492291052058],[-118.57156113298353,34.17486586525805],[-118.57148519178149,34.174866031207316],[-118.57148534988298,34.17492307753557]]]},"properties":{"building_pk":48260,"building_key":"lariac:388805886519","source_tile":"r03-c02","source_tile_ids":["r03-c02"],"source_bld_id":"388805886519","height_m":3.356,"receiver_ids":[180610,180611,180612,180613,180614,180615],"receiver_keys":["r03-c02:expanded-facade-max4m:48260:0:2","r03-c02:expanded-facade-max4m:48260:0:3","r03-c02:expanded-facade-max4m:48260:0:4","r03-c02:expanded-facade-max4m:48260:0:5","r03-c02:expanded-facade-max4m:48260:0:6","r03-c02:expanded-facade-max4m:48260:0:7"],"receiver_count":6,"periods":{"D":{"min":71.69212,"max":72.18135,"receiver_count":6,"unavailable_count":0},"E":{"min":69.47363,"max":69.96287,"receiver_count":6,"unavailable_count":0},"N":{"min":64.70242,"max":65.19165,"receiver_count":6,"unavailable_count":0}}}},{"type":"Feature","id":"lariac:201700285998","geometry":{"type":"Polygon","coordinates":[[[-118.575713067449,34.1773551427925],[-118.57573330858797,34.177445796902816],[-118.57593100249048,34.177415321004844],[-118.57591513420125,34.17734424840615],[-118.57590564202096,34.17728104388317],[-118.57584107773512,34.17729100145454],[-118.57584748008702,34.17731967707912],[-118.5758068824995,34.17732593867515],[-118.57579786103538,34.17728553379021],[-118.57570939286045,34.177299178820704],[-118.57572159418085,34.17735382741745],[-118.575713067449,34.1773551427925]]]},"properties":{"building_pk":49462,"building_key":"lariac:201700285998","source_tile":"r03-c02","source_tile_ids":["r03-c02"],"source_bld_id":"201700285998","height_m":4.374,"receiver_ids":[181823,181824,181825,181826,181827,181828,181829,181830,181831,181832,181833,181834,181835,181836,181837,181838,181839,181840,181841,181842],"receiver_keys":["r03-c02:expanded-facade-max4m:49462:0:1","r03-c02:expanded-facade-max4m:49462:0:10","r03-c02:expanded-facade-max4m:49462:0:11","r03-c02:expanded-facade-max4m:49462:0:12","r03-c02:expanded-facade-max4m:49462:0:13","r03-c02:expanded-facade-max4m:49462:0:14","r03-c02:expanded-facade-max4m:49462:0:15","r03-c02:expanded-facade-max4m:49462:0:16","r03-c02:expanded-facade-max4m:49462:0:17","r03-c02:expanded-facade-max4m:49462:0:18","r03-c02:expanded-facade-max4m:49462:0:19","r03-c02:expanded-facade-max4m:49462:0:2","r03-c02:expanded-facade-max4m:49462:0:20","r03-c02:expanded-facade-max4m:49462:0:3","r03-c02:expanded-facade-max4m:49462:0:4","r03-c02:expanded-facade-max4m:49462:0:5","r03-c02:expanded-facade-max4m:49462:0:6","r03-c02:expanded-facade-max4m:49462:0:7","r03-c02:expanded-facade-max4m:49462:0:8","r03-c02:expanded-facade-max4m:49462:0:9"],"receiver_count":20,"periods":{"D":{"min":47.760536,"max":56.83435,"receiver_count":20,"unavailable_count":0},"E":{"min":45.542046,"max":54.61586,"receiver_count":20,"unavailable_count":0},"N":{"min":40.770836,"max":49.84465,"receiver_count":20,"unavailable_count":0}}}},{"type":"Feature","id":"lariac:201700286242","geometry":{"type":"Polygon","coordinates":[[[-118.56853482082751,34.179861923770154],[-118.56865078174098,34.17988569237876],[-118.56868549107934,34.17976872409548],[-118.56860019591068,34.17975121412867],[-118.56860305061963,34.179741592941674],[-118.56846598453929,34.17971349870558],[-118.56845503008553,34.17975041347036],[-118.56834314406271,34.17972748019136],[-118.56831922656379,34.1798080834281],[-118.56831866982911,34.17980996035636],[-118.56853696292028,34.17985470314301],[-118.56853482082751,34.179861923770154]]]},"properties":{"building_pk":49476,"building_key":"lariac:201700286242","source_tile":"r03-c02","source_tile_ids":["r03-c02"],"source_bld_id":"201700286242","height_m":7.288,"receiver_ids":[181919,181920,181921,181922,181923,181924,181925,181926,181927,181928,181929],"receiver_keys":["r03-c02:expanded-facade-max4m:49476:0:10","r03-c02:expanded-facade-max4m:49476:0:11","r03-c02:expanded-facade-max4m:49476:0:12","r03-c02:expanded-facade-max4m:49476:0:13","r03-c02:expanded-facade-max4m:49476:0:14","r03-c02:expanded-facade-max4m:49476:0:15","r03-c02:expanded-facade-max4m:49476:0:16","r03-c02:expanded-facade-max4m:49476:0:17","r03-c02:expanded-facade-max4m:49476:0:18","r03-c02:expanded-facade-max4m:49476:0:7","r03-c02:expanded-facade-max4m:49476:0:8"],"receiver_count":11,"periods":{"D":{"min":62.817062,"max":66.81257,"receiver_count":11,"unavailable_count":0},"E":{"min":60.598576,"max":64.59408,"receiver_count":11,"unavailable_count":0},"N":{"min":55.827362,"max":59.82287,"receiver_count":11,"unavailable_count":0}}}},{"type":"Feature","id":"lariac:386731887884","geometry":{"type":"Polygon","coordinates":[[[-118.57838946594113,34.17855234885033],[-118.57837132087036,34.17853427128421],[-118.5783339580175,34.17853401090155],[-118.57833360861667,34.178564706593185],[-118.5783308640951,34.17856469267074],[-118.57833070080932,34.17857933905949],[-118.57830758792512,34.17857917550954],[-118.57830619868348,34.17871273080382],[-118.57839276323647,34.17871336084299],[-118.57839328217409,34.178664225929985],[-118.57842409842891,34.178664462610314],[-118.57842418092198,34.17865726337427],[-118.57845975928132,34.178657505218],[-118.57845971898833,34.17866124231714],[-118.57848908044767,34.17866145889267],[-118.57848915969518,34.17865379176994],[-118.57850433623969,34.17865391210811],[-118.57850529918437,34.178563638446796],[-118.578496900543,34.17856356863101],[-118.57849699310955,34.178553125585694],[-118.57838946594113,34.17855234885033]]]},"properties":{"building_pk":52860,"building_key":"lariac:386731887884","source_tile":"r03-c02","source_tile_ids":["r03-c02"],"source_bld_id":"386731887884","height_m":5.38,"receiver_ids":[182496,182497,182498,182499,182500,182501,182502,182503,182504,182505,182506,182507,182508,182509,182510],"receiver_keys":["r03-c02:expanded-facade-max4m:52860:0:1","r03-c02:expanded-facade-max4m:52860:0:10","r03-c02:expanded-facade-max4m:52860:0:12","r03-c02:expanded-facade-max4m:52860:0:13","r03-c02:expanded-facade-max4m:52860:0:14","r03-c02:expanded-facade-max4m:52860:0:15","r03-c02:expanded-facade-max4m:52860:0:16","r03-c02:expanded-facade-max4m:52860:0:17","r03-c02:expanded-facade-max4m:52860:0:18","r03-c02:expanded-facade-max4m:52860:0:19","r03-c02:expanded-facade-max4m:52860:0:2","r03-c02:expanded-facade-max4m:52860:0:3","r03-c02:expanded-facade-max4m:52860:0:7","r03-c02:expanded-facade-max4m:52860:0:8","r03-c02:expanded-facade-max4m:52860:0:9"],"receiver_count":15,"periods":{"D":{"min":49.39098,"max":58.376602,"receiver_count":15,"unavailable_count":0},"E":{"min":47.172493,"max":56.15811,"receiver_count":15,"unavailable_count":0},"N":{"min":42.40128,"max":51.3869,"receiver_count":15,"unavailable_count":0}}}},{"type":"Feature","id":"lariac:388697886285","geometry":{"type":"Polygon","coordinates":[[[-118.57199206520544,34.17430624829966],[-118.57199215465788,34.17423724721197],[-118.57192606488375,34.17423720276512],[-118.57192619576367,34.17413083062978],[-118.57175324972704,34.17413065939622],[-118.57175319499333,34.17418067107198],[-118.57177537249224,34.17418111886856],[-118.57177590741948,34.17430603354138],[-118.57199206520544,34.17430624829966]]]},"properties":{"building_pk":53038,"building_key":"lariac:388697886285","source_tile":"r03-c02","source_tile_ids":["r03-c02"],"source_bld_id":"388697886285","height_m":4.078,"receiver_ids":[182597,182598,182599,182600,182601,182602,182603,182604,182605,182606,182607,182608,182609,182610,182611,182612,182613,182614,182615],"receiver_keys":["r03-c02:expanded-facade-max4m:53038:0:1","r03-c02:expanded-facade-max4m:53038:0:10","r03-c02:expanded-facade-max4m:53038:0:11","r03-c02:expanded-facade-max4m:53038:0:12","r03-c02:expanded-facade-max4m:53038:0:14","r03-c02:expanded-facade-max4m:53038:0:15","r03-c02:expanded-facade-max4m:53038:0:16","r03-c02:expanded-facade-max4m:53038:0:17","r03-c02:expanded-facade-max4m:53038:0:18","r03-c02:expanded-facade-max4m:53038:0:19","r03-c02:expanded-facade-max4m:53038:0:2","r03-c02:expanded-facade-max4m:53038:0:20","r03-c02:expanded-facade-max4m:53038:0:21","r03-c02:expanded-facade-max4m:53038:0:3","r03-c02:expanded-facade-max4m:53038:0:5","r03-c02:expanded-facade-max4m:53038:0:6","r03-c02:expanded-facade-max4m:53038:0:7","r03-c02:expanded-facade-max4m:53038:0:8","r03-c02:expanded-facade-max4m:53038:0:9"],"receiver_count":19,"periods":{"D":{"min":72.58069,"max":73.82792,"receiver_count":19,"unavailable_count":0},"E":{"min":70.362206,"max":71.60943,"receiver_count":19,"unavailable_count":0},"N":{"min":65.59099,"max":66.83822,"receiver_count":19,"unavailable_count":0}}}},{"type":"Feature","id":"lariac:388337888111","geometry":{"type":"Polygon","coordinates":[[[-118.57306851766914,34.17925591084938],[-118.57306843232061,34.179262761195126],[-118.57310943333162,34.17926311685616],[-118.57310952575519,34.179255875206195],[-118.57306851766914,34.17925591084938]]]},"properties":{"building_pk":53072,"building_key":"lariac:388337888111","source_tile":"r03-c02","source_tile_ids":["r03-c02"],"source_bld_id":"388337888111","height_m":3.377,"receiver_ids":[182825,182826,182827,182828],"receiver_keys":["r03-c02:expanded-facade-max4m:53072:0:1","r03-c02:expanded-facade-max4m:53072:0:2","r03-c02:expanded-facade-max4m:53072:0:3","r03-c02:expanded-facade-max4m:53072:0:4"],"receiver_count":4,"periods":{"D":{"min":65.367,"max":65.95181,"receiver_count":4,"unavailable_count":0},"E":{"min":63.14851,"max":63.73333,"receiver_count":4,"unavailable_count":0},"N":{"min":58.377296,"max":58.962116,"receiver_count":4,"unavailable_count":0}}}},{"type":"Feature","id":"lariac:388394887844","geometry":{"type":"Polygon","coordinates":[[[-118.57302157875797,34.17858281954415],[-118.57301992594003,34.17849604822995],[-118.57297089740777,34.17849669252008],[-118.57297043345147,34.178472540516275],[-118.5728967755972,34.17847349348504],[-118.57289604295923,34.17843420220202],[-118.57283157556378,34.1784350575038],[-118.57283230252145,34.17847352480154],[-118.5728268802102,34.17847357752989],[-118.57282702640032,34.178480501606955],[-118.57281132282249,34.1784807139198],[-118.57281204185277,34.17851802637569],[-118.57276337777706,34.17851866975699],[-118.57276466740733,34.17858620742308],[-118.57302157875797,34.17858281954415]]]},"properties":{"building_pk":53761,"building_key":"lariac:388394887844","source_tile":"r03-c02","source_tile_ids":["r03-c02"],"source_bld_id":"388394887844","height_m":5.639,"receiver_ids":[183549,183550,183551,183552,183553,183554,183555,183556,183557,183558,183559,183560],"receiver_keys":["r03-c02:expanded-facade-max4m:53761:0:1","r03-c02:expanded-facade-max4m:53761:0:16","r03-c02:expanded-facade-max4m:53761:0:17","r03-c02:expanded-facade-max4m:53761:0:18","r03-c02:expanded-facade-max4m:53761:0:19","r03-c02:expanded-facade-max4m:53761:0:2","r03-c02:expanded-facade-max4m:53761:0:20","r03-c02:expanded-facade-max4m:53761:0:21","r03-c02:expanded-facade-max4m:53761:0:3","r03-c02:expanded-facade-max4m:53761:0:5","r03-c02:expanded-facade-max4m:53761:0:6","r03-c02:expanded-facade-max4m:53761:0:7"],"receiver_count":12,"periods":{"D":{"min":52.973392,"max":59.315617,"receiver_count":12,"unavailable_count":0},"E":{"min":50.7549,"max":57.09713,"receiver_count":12,"unavailable_count":0},"N":{"min":45.983692,"max":52.325916,"receiver_count":12,"unavailable_count":0}}}},{"type":"Feature","id":"lariac:387981887524","geometry":{"type":"Polygon","coordinates":[[[-118.57413144780021,34.17766857284762],[-118.57430495776832,34.17773045602983],[-118.57433066851661,34.177680624528534],[-118.57432158765876,34.177677397746486],[-118.5743445581776,34.17763290919104],[-118.57440965361722,34.17765612225985],[-118.57444580599359,34.17758609881429],[-118.57441902538118,34.17757655333292],[-118.57441654499868,34.17758134691021],[-118.5743017333947,34.1775403985317],[-118.57428029647475,34.177581856013745],[-118.57422328809618,34.17756151737223],[-118.57421992797326,34.17756804608952],[-118.57418903701115,34.17755703612917],[-118.57413144780021,34.17766857284762]]]},"properties":{"building_pk":54292,"building_key":"lariac:387981887524","source_tile":"r03-c02","source_tile_ids":["r03-c02"],"source_bld_id":"387981887524","height_m":3.776,"receiver_ids":[184153,184154,184155,184156,184157,184158,184159,184160,184161,184162,184163,184164,184165,184166,184167,184168,184169],"receiver_keys":["r03-c02:expanded-facade-max4m:54292:0:1","r03-c02:expanded-facade-max4m:54292:0:10","r03-c02:expanded-facade-max4m:54292:0:11","r03-c02:expanded-facade-max4m:54292:0:14","r03-c02:expanded-facade-max4m:54292:0:15","r03-c02:expanded-facade-max4m:54292:0:16","r03-c02:expanded-facade-max4m:54292:0:17","r03-c02:expanded-facade-max4m:54292:0:18","r03-c02:expanded-facade-max4m:54292:0:2","r03-c02:expanded-facade-max4m:54292:0:20","r03-c02:expanded-facade-max4m:54292:0:21","r03-c02:expanded-facade-max4m:54292:0:22","r03-c02:expanded-facade-max4m:54292:0:3","r03-c02:expanded-facade-max4m:54292:0:5","r03-c02:expanded-facade-max4m:54292:0:6","r03-c02:expanded-facade-max4m:54292:0:7","r03-c02:expanded-facade-max4m:54292:0:9"],"receiver_count":17,"periods":{"D":{"min":53.63064,"max":55.82359,"receiver_count":17,"unavailable_count":0},"E":{"min":51.41215,"max":53.605103,"receiver_count":17,"unavailable_count":0},"N":{"min":46.640938,"max":48.83389,"receiver_count":17,"unavailable_count":0}}}},{"type":"Feature","id":"lariac:387366887889","geometry":{"type":"Polygon","coordinates":[[[-118.57619724177822,34.17874508196842],[-118.57626356535408,34.17874484801275],[-118.5762632581194,34.178690716178586],[-118.57630752804577,34.1786905602301],[-118.57630783436382,34.17874455503378],[-118.57640282401587,34.178744212349436],[-118.5764024730101,34.17867903318545],[-118.57637344466568,34.17867914448149],[-118.57637301393942,34.17859753322804],[-118.57619887331009,34.178598198013376],[-118.57619937721395,34.17869044354842],[-118.57619696352167,34.17869042709982],[-118.57619724177822,34.17874508196842]]]},"properties":{"building_pk":54715,"building_key":"lariac:387366887889","source_tile":"r03-c02","source_tile_ids":["r03-c02"],"source_bld_id":"387366887889","height_m":4.514,"receiver_ids":[184586,184587,184588,184589,184590,184591,184592,184593,184594,184595,184596,184597,184598,184599,184600,184601,184602,184603,184604,184605],"receiver_keys":["r03-c02:expanded-facade-max4m:54715:0:1","r03-c02:expanded-facade-max4m:54715:0:10","r03-c02:expanded-facade-max4m:54715:0:12","r03-c02:expanded-facade-max4m:54715:0:13","r03-c02:expanded-facade-max4m:54715:0:14","r03-c02:expanded-facade-max4m:54715:0:15","r03-c02:expanded-facade-max4m:54715:0:16","r03-c02:expanded-facade-max4m:54715:0:17","r03-c02:expanded-facade-max4m:54715:0:18","r03-c02:expanded-facade-max4m:54715:0:19","r03-c02:expanded-facade-max4m:54715:0:2","r03-c02:expanded-facade-max4m:54715:0:20","r03-c02:expanded-facade-max4m:54715:0:21","r03-c02:expanded-facade-max4m:54715:0:3","r03-c02:expanded-facade-max4m:54715:0:4","r03-c02:expanded-facade-max4m:54715:0:5","r03-c02:expanded-facade-max4m:54715:0:6","r03-c02:expanded-facade-max4m:54715:0:7","r03-c02:expanded-facade-max4m:54715:0:8","r03-c02:expanded-facade-max4m:54715:0:9"],"receiver_count":20,"periods":{"D":{"min":53.594994,"max":56.494328,"receiver_count":20,"unavailable_count":0},"E":{"min":51.376507,"max":54.275837,"receiver_count":20,"unavailable_count":0},"N":{"min":46.605293,"max":49.504627,"receiver_count":20,"unavailable_count":0}}}},{"type":"Feature","id":"lariac:389282886545","geometry":{"type":"Polygon","coordinates":[[[-118.5699182511794,34.17493769940608],[-118.56991789011012,34.17501563247057],[-118.56995911855763,34.17501576814091],[-118.56995948014821,34.17493791711426],[-118.5699182511794,34.17493769940608]]]},"properties":{"building_pk":55032,"building_key":"lariac:389282886545","source_tile":"r03-c02","source_tile_ids":["r03-c02"],"source_bld_id":"389282886545","height_m":2.682,"receiver_ids":[184917,184918,184919,184920,184921,184922,184923],"receiver_keys":["r03-c02:expanded-facade-max4m:55032:0:1","r03-c02:expanded-facade-max4m:55032:0:2","r03-c02:expanded-facade-max4m:55032:0:3","r03-c02:expanded-facade-max4m:55032:0:4","r03-c02:expanded-facade-max4m:55032:0:5","r03-c02:expanded-facade-max4m:55032:0:6","r03-c02:expanded-facade-max4m:55032:0:7"],"receiver_count":7,"periods":{"D":{"min":72.7477,"max":72.9579,"receiver_count":7,"unavailable_count":0},"E":{"min":70.52922,"max":70.73942,"receiver_count":7,"unavailable_count":0},"N":{"min":65.758,"max":65.9682,"receiver_count":7,"unavailable_count":0}}}},{"type":"Feature","id":"lariac:388169887698","geometry":{"type":"Polygon","coordinates":[[[-118.57364804856547,34.17815219179656],[-118.57367890832644,34.178120251522415],[-118.57364024553505,34.17809446679756],[-118.57360941939484,34.17812640690239],[-118.57364804856547,34.17815219179656]]]},"properties":{"building_pk":55409,"building_key":"lariac:388169887698","source_tile":"r03-c02","source_tile_ids":["r03-c02"],"source_bld_id":"388169887698","height_m":2.429,"receiver_ids":[185259,185260,185261,185262,185263],"receiver_keys":["r03-c02:expanded-facade-max4m:55409:0:1","r03-c02:expanded-facade-max4m:55409:0:2","r03-c02:expanded-facade-max4m:55409:0:3","r03-c02:expanded-facade-max4m:55409:0:4","r03-c02:expanded-facade-max4m:55409:0:5"],"receiver_count":5,"periods":{"D":{"min":55.115677,"max":57.69578,"receiver_count":5,"unavailable_count":0},"E":{"min":52.89719,"max":55.477295,"receiver_count":5,"unavailable_count":0},"N":{"min":48.125977,"max":50.70608,"receiver_count":5,"unavailable_count":0}}}},{"type":"Feature","id":"lariac:386879887512","geometry":{"type":"Polygon","coordinates":[[[-118.57786720450744,34.17762137787022],[-118.57794324869845,34.177621152438924],[-118.57794301854995,34.177564051446566],[-118.57786694206315,34.1775643049802],[-118.57786720450744,34.17762137787022]]]},"properties":{"building_pk":55443,"building_key":"lariac:386879887512","source_tile":"r03-c02","source_tile_ids":["r03-c02"],"source_bld_id":"386879887512","height_m":2.423,"receiver_ids":[185292,185293,185294,185295,185296,185297,185298],"receiver_keys":["r03-c02:expanded-facade-max4m:55443:0:1","r03-c02:expanded-facade-max4m:55443:0:2","r03-c02:expanded-facade-max4m:55443:0:3","r03-c02:expanded-facade-max4m:55443:0:4","r03-c02:expanded-facade-max4m:55443:0:5","r03-c02:expanded-facade-max4m:55443:0:6","r03-c02:expanded-facade-max4m:55443:0:7"],"receiver_count":7,"periods":{"D":{"min":60.220554,"max":62.574013,"receiver_count":7,"unavailable_count":0},"E":{"min":58.002068,"max":60.355522,"receiver_count":7,"unavailable_count":0},"N":{"min":53.230854,"max":55.584312,"receiver_count":7,"unavailable_count":0}}}},{"type":"Feature","id":"lariac:388806886703","geometry":{"type":"Polygon","coordinates":[[[-118.5714833638354,34.1753794500012],[-118.57147186838165,34.17537949620739],[-118.57147202111997,34.175401824957184],[-118.57148384793139,34.1754013787022],[-118.57148429800715,34.175421664047086],[-118.57146426426281,34.17542195164372],[-118.571465226253,34.17548091987418],[-118.57155202123081,34.17548101007294],[-118.57155039567502,34.175422725645426],[-118.57155710709348,34.175422611886766],[-118.57155570551801,34.17535790469433],[-118.57148291059175,34.175359018620995],[-118.5714833638354,34.1753794500012]]]},"properties":{"building_pk":55759,"building_key":"lariac:388806886703","source_tile":"r03-c02","source_tile_ids":["r03-c02"],"source_bld_id":"388806886703","height_m":3.475,"receiver_ids":[185559,185560,185561,185562,185563,185564,185565,185566,185567,185568],"receiver_keys":["r03-c02:expanded-facade-max4m:55759:0:1","r03-c02:expanded-facade-max4m:55759:0:10","r03-c02:expanded-facade-max4m:55759:0:11","r03-c02:expanded-facade-max4m:55759:0:12","r03-c02:expanded-facade-max4m:55759:0:2","r03-c02:expanded-facade-max4m:55759:0:3","r03-c02:expanded-facade-max4m:55759:0:4","r03-c02:expanded-facade-max4m:55759:0:7","r03-c02:expanded-facade-max4m:55759:0:8","r03-c02:expanded-facade-max4m:55759:0:9"],"receiver_count":10,"periods":{"D":{"min":70.93815,"max":71.16826,"receiver_count":10,"unavailable_count":0},"E":{"min":68.71966,"max":68.94977,"receiver_count":10,"unavailable_count":0},"N":{"min":63.948444,"max":64.17856,"receiver_count":10,"unavailable_count":0}}}},{"type":"Feature","id":"lariac:388024887816","geometry":{"type":"Polygon","coordinates":[[[-118.57408514822906,34.17839822666877],[-118.57409404362231,34.17840807710153],[-118.5740829488192,34.17841502658807],[-118.57405976055337,34.178389361472334],[-118.57398542254631,34.17843576974205],[-118.57407894298719,34.1785392794549],[-118.5742268945567,34.17844696114282],[-118.57419394403938,34.17841048779626],[-118.57421251243724,34.178398913950765],[-118.57417599730336,34.178358472693006],[-118.57415769263805,34.17836990824606],[-118.57414789772427,34.178359073092956],[-118.57408514822906,34.17839822666877]]]},"properties":{"building_pk":55786,"building_key":"lariac:388024887816","source_tile":"r03-c02","source_tile_ids":["r03-c02"],"source_bld_id":"388024887816","height_m":4.715,"receiver_ids":[185615,185616,185617,185618,185619,185620,185621,185622,185623,185624,185625,185626,185627,185628,185629,185630],"receiver_keys":["r03-c02:expanded-facade-max4m:55786:0:10","r03-c02:expanded-facade-max4m:55786:0:11","r03-c02:expanded-facade-max4m:55786:0:12","r03-c02:expanded-facade-max4m:55786:0:13","r03-c02:expanded-facade-max4m:55786:0:14","r03-c02:expanded-facade-max4m:55786:0:16","r03-c02:expanded-facade-max4m:55786:0:17","r03-c02:expanded-facade-max4m:55786:0:18","r03-c02:expanded-facade-max4m:55786:0:2","r03-c02:expanded-facade-max4m:55786:0:3","r03-c02:expanded-facade-max4m:55786:0:4","r03-c02:expanded-facade-max4m:55786:0:5","r03-c02:expanded-facade-max4m:55786:0:6","r03-c02:expanded-facade-max4m:55786:0:7","r03-c02:expanded-facade-max4m:55786:0:8","r03-c02:expanded-facade-max4m:55786:0:9"],"receiver_count":16,"periods":{"D":{"min":51.85795,"max":68.5235,"receiver_count":16,"unavailable_count":0},"E":{"min":49.63946,"max":66.305016,"receiver_count":16,"unavailable_count":0},"N":{"min":44.868248,"max":61.533802,"receiver_count":16,"unavailable_count":0}}}},{"type":"Feature","id":"lariac:388849886308","geometry":{"type":"Polygon","coordinates":[[[-118.5713866778983,34.17433109334417],[-118.57138492808528,34.17430235854788],[-118.57135369336673,34.174303660094765],[-118.57135540987696,34.17433228506028],[-118.5713866778983,34.17433109334417]]]},"properties":{"building_pk":55933,"building_key":"lariac:388849886308","source_tile":"r03-c02","source_tile_ids":["r03-c02"],"source_bld_id":"388849886308","height_m":2.816,"receiver_ids":[185726,185727,185728,185729],"receiver_keys":["r03-c02:expanded-facade-max4m:55933:0:1","r03-c02:expanded-facade-max4m:55933:0:2","r03-c02:expanded-facade-max4m:55933:0:3","r03-c02:expanded-facade-max4m:55933:0:4"],"receiver_count":4,"periods":{"D":{"min":73.5101,"max":73.62371,"receiver_count":4,"unavailable_count":0},"E":{"min":71.29161,"max":71.40522,"receiver_count":4,"unavailable_count":0},"N":{"min":66.5204,"max":66.63401,"receiver_count":4,"unavailable_count":0}}}},{"type":"Feature","id":"lariac:386955887882","geometry":{"type":"Polygon","coordinates":[[[-118.57783231869462,34.17871062600266],[-118.57783201085033,34.17864698647112],[-118.57783452414247,34.1786469744633],[-118.57783423302966,34.17859061573374],[-118.57780331928555,34.17859070843316],[-118.57780300875835,34.17853138280999],[-118.57774908385554,34.17853158542879],[-118.57774923432605,34.17856291071324],[-118.57763318490903,34.17856332709297],[-118.57763371357879,34.17865892535918],[-118.57767963768136,34.17865876100788],[-118.57767962305016,34.17865664515042],[-118.57770888351476,34.178656532432015],[-118.57770888029316,34.17866092928507],[-118.57774207522615,34.17866082571275],[-118.57774232313314,34.17871094595342],[-118.57783231869462,34.17871062600266]]]},"properties":{"building_pk":56135,"building_key":"lariac:386955887882","source_tile":"r03-c02","source_tile_ids":["r03-c02"],"source_bld_id":"386955887882","height_m":5.133,"receiver_ids":[185978,185979,185980,185981,185982,185983,185984,185985,185986,185987,185988,185989],"receiver_keys":["r03-c02:expanded-facade-max4m:56135:0:10","r03-c02:expanded-facade-max4m:56135:0:11","r03-c02:expanded-facade-max4m:56135:0:15","r03-c02:expanded-facade-max4m:56135:0:16","r03-c02:expanded-facade-max4m:56135:0:18","r03-c02:expanded-facade-max4m:56135:0:19","r03-c02:expanded-facade-max4m:56135:0:20","r03-c02:expanded-facade-max4m:56135:0:4","r03-c02:expanded-facade-max4m:56135:0:6","r03-c02:expanded-facade-max4m:56135:0:7","r03-c02:expanded-facade-max4m:56135:0:8","r03-c02:expanded-facade-max4m:56135:0:9"],"receiver_count":12,"periods":{"D":{"min":48.84107,"max":58.075275,"receiver_count":12,"unavailable_count":0},"E":{"min":46.62258,"max":55.85679,"receiver_count":12,"unavailable_count":0},"N":{"min":41.851368,"max":51.085575,"receiver_count":12,"unavailable_count":0}}}},{"type":"Feature","id":"lariac:387703888048","geometry":{"type":"Polygon","coordinates":[[[-118.57518508127035,34.17902499382121],[-118.57518395546472,34.17902958804151],[-118.57514383575503,34.17902282701924],[-118.575106216601,34.179177602918415],[-118.5751969490956,34.17919286283643],[-118.5752123505387,34.179129531751535],[-118.5752982162891,34.17914393483133],[-118.57529892427284,34.17914104651828],[-118.5753184541546,34.179144333511964],[-118.57533208765295,34.17908829350526],[-118.57532185852372,34.179086583249834],[-118.57532745331919,34.179063529362224],[-118.57533963504537,34.17906555939263],[-118.57535587180757,34.17899879032862],[-118.57527275376691,34.178984842122986],[-118.5752599240964,34.17903758044634],[-118.57518508127035,34.17902499382121]]]},"properties":{"building_pk":56148,"building_key":"lariac:387703888048","source_tile":"r03-c02","source_tile_ids":["r03-c02"],"source_bld_id":"387703888048","height_m":6.078,"receiver_ids":[186002,186003,186004,186005,186006,186007,186008,186009,186010,186011,186012,186013,186014],"receiver_keys":["r03-c02:expanded-facade-max4m:56148:0:1","r03-c02:expanded-facade-max4m:56148:0:16","r03-c02:expanded-facade-max4m:56148:0:17","r03-c02:expanded-facade-max4m:56148:0:18","r03-c02:expanded-facade-max4m:56148:0:19","r03-c02:expanded-facade-max4m:56148:0:2","r03-c02:expanded-facade-max4m:56148:0:20","r03-c02:expanded-facade-max4m:56148:0:21","r03-c02:expanded-facade-max4m:56148:0:22","r03-c02:expanded-facade-max4m:56148:0:3","r03-c02:expanded-facade-max4m:56148:0:4","r03-c02:expanded-facade-max4m:56148:0:5","r03-c02:expanded-facade-max4m:56148:0:6"],"receiver_count":13,"periods":{"D":{"min":48.370716,"max":54.336178,"receiver_count":13,"unavailable_count":0},"E":{"min":46.152225,"max":52.11769,"receiver_count":13,"unavailable_count":0},"N":{"min":41.381016,"max":47.346478,"receiver_count":13,"unavailable_count":0}}}},{"type":"Feature","id":"lariac:388526888003","geometry":{"type":"Polygon","coordinates":[[[-118.57267117826846,34.17886317300764],[-118.57259762289712,34.178845576914526],[-118.57256876812347,34.17892894778888],[-118.57255121614135,34.178924744033935],[-118.5725476814776,34.1789349554412],[-118.57251906838296,34.17892808408231],[-118.57251984606059,34.17892585448566],[-118.57244980232508,34.1789090936395],[-118.57243812995391,34.17894275669155],[-118.57242590974543,34.17893984664327],[-118.57241738255736,34.17896439821519],[-118.57243066225791,34.17896757822103],[-118.57241328437797,34.17901775483337],[-118.57243991123488,34.179024141571674],[-118.5724369918024,34.17903248116032],[-118.57250372502394,34.17904846071917],[-118.57250644824683,34.17904061610449],[-118.57260179443969,34.179063439024134],[-118.57267117826846,34.17886317300764]]]},"properties":{"building_pk":56149,"building_key":"lariac:388526888003","source_tile":"r03-c02","source_tile_ids":["r03-c02"],"source_bld_id":"388526888003","height_m":8.169,"receiver_ids":[186015,186016,186017,186018,186019,186020,186021,186022,186023,186024,186025,186026,186027,186028,186029,186030,186031,186032,186033,186034],"receiver_keys":["r03-c02:expanded-facade-max4m:56149:0:1","r03-c02:expanded-facade-max4m:56149:0:11","r03-c02:expanded-facade-max4m:56149:0:12","r03-c02:expanded-facade-max4m:56149:0:13","r03-c02:expanded-facade-max4m:56149:0:14","r03-c02:expanded-facade-max4m:56149:0:15","r03-c02:expanded-facade-max4m:56149:0:16","r03-c02:expanded-facade-max4m:56149:0:17","r03-c02:expanded-facade-max4m:56149:0:18","r03-c02:expanded-facade-max4m:56149:0:19","r03-c02:expanded-facade-max4m:56149:0:2","r03-c02:expanded-facade-max4m:56149:0:20","r03-c02:expanded-facade-max4m:56149:0:21","r03-c02:expanded-facade-max4m:56149:0:22","r03-c02:expanded-facade-max4m:56149:0:3","r03-c02:expanded-facade-max4m:56149:0:4","r03-c02:expanded-facade-max4m:56149:0:5","r03-c02:expanded-facade-max4m:56149:0:6","r03-c02:expanded-facade-max4m:56149:0:7","r03-c02:expanded-facade-max4m:56149:0:8"],"receiver_count":20,"periods":{"D":{"min":49.384846,"max":58.723274,"receiver_count":20,"unavailable_count":0},"E":{"min":47.16636,"max":56.504787,"receiver_count":20,"unavailable_count":0},"N":{"min":42.395145,"max":51.733574,"receiver_count":20,"unavailable_count":0}}}},{"type":"Feature","id":"lariac:388740888187","geometry":{"type":"Polygon","coordinates":[[[-118.57190756534087,34.17945060810053],[-118.571837383311,34.17943302353966],[-118.57184140669605,34.179421929934676],[-118.57173290499811,34.17939477176833],[-118.57172891357425,34.17940578227637],[-118.57169725038713,34.179397853203625],[-118.57165655726176,34.179510187862526],[-118.57168699484555,34.17951782072171],[-118.5716855340498,34.17952183950303],[-118.57177310444365,34.179543793779274],[-118.57177453344644,34.1795398851357],[-118.57180556660703,34.17954767923074],[-118.57180741688663,34.17954255962287],[-118.57186865587198,34.17955787853188],[-118.57190756534087,34.17945060810053]]]},"properties":{"building_pk":56196,"building_key":"lariac:388740888187","source_tile":"r03-c02","source_tile_ids":["r03-c02"],"source_bld_id":"388740888187","height_m":8.906,"receiver_ids":[186084,186085,186086,186087,186088,186089,186090,186091,186092,186093,186094,186095,186096,186097,186098,186099,186100,186101],"receiver_keys":["r03-c02:expanded-facade-max4m:56196:0:1","r03-c02:expanded-facade-max4m:56196:0:10","r03-c02:expanded-facade-max4m:56196:0:11","r03-c02:expanded-facade-max4m:56196:0:12","r03-c02:expanded-facade-max4m:56196:0:13","r03-c02:expanded-facade-max4m:56196:0:14","r03-c02:expanded-facade-max4m:56196:0:15","r03-c02:expanded-facade-max4m:56196:0:16","r03-c02:expanded-facade-max4m:56196:0:17","r03-c02:expanded-facade-max4m:56196:0:18","r03-c02:expanded-facade-max4m:56196:0:2","r03-c02:expanded-facade-max4m:56196:0:3","r03-c02:expanded-facade-max4m:56196:0:4","r03-c02:expanded-facade-max4m:56196:0:5","r03-c02:expanded-facade-max4m:56196:0:6","r03-c02:expanded-facade-max4m:56196:0:7","r03-c02:expanded-facade-max4m:56196:0:8","r03-c02:expanded-facade-max4m:56196:0:9"],"receiver_count":18,"periods":{"D":{"min":48.061913,"max":55.7117,"receiver_count":18,"unavailable_count":0},"E":{"min":45.843426,"max":53.493214,"receiver_count":18,"unavailable_count":0},"N":{"min":41.072212,"max":48.722,"receiver_count":18,"unavailable_count":0}}}},{"type":"Feature","id":"lariac:201700286024","geometry":{"type":"Polygon","coordinates":[[[-118.57734703451342,34.1776438331924],[-118.57742721266237,34.17764360638204],[-118.57742687411324,34.17756072711514],[-118.57734669622442,34.17756098006934],[-118.57734703451342,34.1776438331924]]]},"properties":{"building_pk":56734,"building_key":"lariac:201700286024","source_tile":"r03-c02","source_tile_ids":["r03-c02"],"source_bld_id":"201700286024","height_m":4.121,"receiver_ids":[186896,186897,186898,186899,186900,186901,186902,186903],"receiver_keys":["r03-c02:expanded-facade-max4m:56734:0:2","r03-c02:expanded-facade-max4m:56734:0:3","r03-c02:expanded-facade-max4m:56734:0:4","r03-c02:expanded-facade-max4m:56734:0:5","r03-c02:expanded-facade-max4m:56734:0:6","r03-c02:expanded-facade-max4m:56734:0:7","r03-c02:expanded-facade-max4m:56734:0:8","r03-c02:expanded-facade-max4m:56734:0:9"],"receiver_count":8,"periods":{"D":{"min":57.052734,"max":61.730568,"receiver_count":8,"unavailable_count":0},"E":{"min":54.834248,"max":59.51208,"receiver_count":8,"unavailable_count":0},"N":{"min":50.063034,"max":54.740868,"receiver_count":8,"unavailable_count":0}}}},{"type":"Feature","id":"lariac:201700286087","geometry":{"type":"Polygon","coordinates":[[[-118.57824927779026,34.17824689488696],[-118.57843167047254,34.17824685842889],[-118.57843164516046,34.17816189328807],[-118.57823674407082,34.17816187685818],[-118.57823675253465,34.17819162241234],[-118.57824926075136,34.178191620307736],[-118.57824927779026,34.17824689488696]]]},"properties":{"building_pk":56739,"building_key":"lariac:201700286087","source_tile":"r03-c02","source_tile_ids":["r03-c02"],"source_bld_id":"201700286087","height_m":3.243,"receiver_ids":[186918,186919,186920,186921,186922,186923,186924,186925,186926,186927,186928],"receiver_keys":["r03-c02:expanded-facade-max4m:56739:0:1","r03-c02:expanded-facade-max4m:56739:0:10","r03-c02:expanded-facade-max4m:56739:0:11","r03-c02:expanded-facade-max4m:56739:0:12","r03-c02:expanded-facade-max4m:56739:0:14","r03-c02:expanded-facade-max4m:56739:0:2","r03-c02:expanded-facade-max4m:56739:0:3","r03-c02:expanded-facade-max4m:56739:0:4","r03-c02:expanded-facade-max4m:56739:0:5","r03-c02:expanded-facade-max4m:56739:0:8","r03-c02:expanded-facade-max4m:56739:0:9"],"receiver_count":11,"periods":{"D":{"min":63.361034,"max":67.56595,"receiver_count":11,"unavailable_count":0},"E":{"min":61.142548,"max":65.34746,"receiver_count":11,"unavailable_count":0},"N":{"min":56.371334,"max":60.57625,"receiver_count":11,"unavailable_count":0}}}},{"type":"Feature","id":"lariac:387065887889","geometry":{"type":"Polygon","coordinates":[[[-118.57719640859608,34.17858585762927],[-118.57719361468504,34.17866959929882],[-118.57717582728334,34.17866965714032],[-118.57717616261633,34.178732637510244],[-118.57727439212111,34.17873225163333],[-118.57727411959625,34.17868339457583],[-118.57738223427127,34.178682988474186],[-118.57738165797008,34.17858516542126],[-118.57719640859608,34.17858585762927]]]},"properties":{"building_pk":60371,"building_key":"lariac:387065887889","source_tile":"r03-c02","source_tile_ids":["r03-c02"],"source_bld_id":"387065887889","height_m":4.621,"receiver_ids":[187757,187758,187759,187760,187761,187762,187763,187764,187765,187766,187767,187768,187769,187770,187771,187772],"receiver_keys":["r03-c02:expanded-facade-max4m:60371:0:1","r03-c02:expanded-facade-max4m:60371:0:10","r03-c02:expanded-facade-max4m:60371:0:11","r03-c02:expanded-facade-max4m:60371:0:12","r03-c02:expanded-facade-max4m:60371:0:13","r03-c02:expanded-facade-max4m:60371:0:14","r03-c02:expanded-facade-max4m:60371:0:15","r03-c02:expanded-facade-max4m:60371:0:16","r03-c02:expanded-facade-max4m:60371:0:17","r03-c02:expanded-facade-max4m:60371:0:18","r03-c02:expanded-facade-max4m:60371:0:2","r03-c02:expanded-facade-max4m:60371:0:4","r03-c02:expanded-facade-max4m:60371:0:5","r03-c02:expanded-facade-max4m:60371:0:6","r03-c02:expanded-facade-max4m:60371:0:7","r03-c02:expanded-facade-max4m:60371:0:8"],"receiver_count":16,"periods":{"D":{"min":55.307953,"max":58.993294,"receiver_count":16,"unavailable_count":0},"E":{"min":53.089466,"max":56.774807,"receiver_count":16,"unavailable_count":0},"N":{"min":48.318253,"max":52.003593,"receiver_count":16,"unavailable_count":0}}}},{"type":"Feature","id":"lariac:388530886156","geometry":{"type":"Polygon","coordinates":[[[-118.57254774813954,34.173879230828284],[-118.57252192788812,34.17387935306604],[-118.57252140082062,34.173802441130825],[-118.57236251305872,34.173803221161],[-118.5723633038309,34.17391373784815],[-118.57239659521123,34.17391358028341],[-118.57239664529132,34.17392088977514],[-118.57232834225826,34.17392121303662],[-118.57232880684016,34.173989029577875],[-118.57254849329385,34.17398796177037],[-118.57254774813954,34.173879230828284]]]},"properties":{"building_pk":60547,"building_key":"lariac:388530886156","source_tile":"r03-c02","source_tile_ids":["r03-c02"],"source_bld_id":"388530886156","height_m":4.983,"receiver_ids":[187963,187964,187965,187966],"receiver_keys":["r03-c02:expanded-facade-max4m:60547:0:5","r03-c02:expanded-facade-max4m:60547:0:6","r03-c02:expanded-facade-max4m:60547:0:7","r03-c02:expanded-facade-max4m:60547:0:8"],"receiver_count":4,"periods":{"D":{"min":70.767815,"max":73.20632,"receiver_count":4,"unavailable_count":0},"E":{"min":68.549324,"max":70.98783,"receiver_count":4,"unavailable_count":0},"N":{"min":63.778114,"max":66.21662,"receiver_count":4,"unavailable_count":0}}}},{"type":"Feature","id":"lariac:386635887574","geometry":{"type":"Polygon","coordinates":[[[-118.57857171804757,34.17771792429966],[-118.57857309786283,34.177807361839506],[-118.57874739351246,34.177805510959544],[-118.57874604623919,34.17771610031147],[-118.57857171804757,34.17771792429966]]]},"properties":{"building_pk":60561,"building_key":"lariac:386635887574","source_tile":"r03-c02","source_tile_ids":["r03-c02"],"source_bld_id":"386635887574","height_m":2.646,"receiver_ids":[188005,188006,188007],"receiver_keys":["r03-c02:expanded-facade-max4m:60561:0:1","r03-c02:expanded-facade-max4m:60561:0:2","r03-c02:expanded-facade-max4m:60561:0:3"],"receiver_count":3,"periods":{"D":{"min":65.797,"max":68.11531,"receiver_count":3,"unavailable_count":0},"E":{"min":63.578514,"max":65.89682,"receiver_count":3,"unavailable_count":0},"N":{"min":58.8073,"max":61.12561,"receiver_count":3,"unavailable_count":0}}}},{"type":"Feature","id":"lariac:388533888274","geometry":{"type":"Polygon","coordinates":[[[-118.57225939375603,34.179802683225496],[-118.57254168308432,34.17974822997887],[-118.57251599036636,34.179656268668495],[-118.57250057006617,34.179659226607505],[-118.5724996894957,34.17965609880741],[-118.57237229789706,34.17968066302725],[-118.57237436524902,34.17968807296114],[-118.57232995280269,34.17969663685465],[-118.57233449613393,34.1797129928264],[-118.57232039660481,34.17971572541669],[-118.57231958281058,34.1797128434212],[-118.57223868361051,34.179728449708534],[-118.57225939375603,34.179802683225496]]]},"properties":{"building_pk":60570,"building_key":"lariac:388533888274","source_tile":"r03-c02","source_tile_ids":["r03-c02"],"source_bld_id":"388533888274","height_m":9.552,"receiver_ids":[188078,188079,188080,188081,188082,188083,188084,188085,188086],"receiver_keys":["r03-c02:expanded-facade-max4m:60570:0:10","r03-c02:expanded-facade-max4m:60570:0:11","r03-c02:expanded-facade-max4m:60570:0:12","r03-c02:expanded-facade-max4m:60570:0:13","r03-c02:expanded-facade-max4m:60570:0:14","r03-c02:expanded-facade-max4m:60570:0:16","r03-c02:expanded-facade-max4m:60570:0:17","r03-c02:expanded-facade-max4m:60570:0:8","r03-c02:expanded-facade-max4m:60570:0:9"],"receiver_count":9,"periods":{"D":{"min":46.186153,"max":65.98695,"receiver_count":9,"unavailable_count":0},"E":{"min":43.967667,"max":63.768463,"receiver_count":9,"unavailable_count":0},"N":{"min":39.196453,"max":58.99725,"receiver_count":9,"unavailable_count":0}}}},{"type":"Feature","id":"lariac:389715888061","geometry":{"type":"Polygon","coordinates":[[[-118.56862666489663,34.17907782482777],[-118.56851586989637,34.17905361450309],[-118.56850926701053,34.179074501884784],[-118.56850049223183,34.17907256514131],[-118.56847579692091,34.17915072166668],[-118.56848486930232,34.179152712908966],[-118.568463636269,34.17921983447366],[-118.5684915843833,34.179225940898625],[-118.56847520674451,34.179277761158275],[-118.5685577235621,34.179295783727746],[-118.56862666489663,34.17907782482777]]]},"properties":{"building_pk":61226,"building_key":"lariac:389715888061","source_tile":"r03-c02","source_tile_ids":["r03-c02"],"source_bld_id":"389715888061","height_m":4.971,"receiver_ids":[188856,188857,188858,188859,188860,188861,188862,188863,188864,188865,188866,188867,188868],"receiver_keys":["r03-c02:expanded-facade-max4m:61226:0:10","r03-c02:expanded-facade-max4m:61226:0:11","r03-c02:expanded-facade-max4m:61226:0:12","r03-c02:expanded-facade-max4m:61226:0:13","r03-c02:expanded-facade-max4m:61226:0:14","r03-c02:expanded-facade-max4m:61226:0:15","r03-c02:expanded-facade-max4m:61226:0:16","r03-c02:expanded-facade-max4m:61226:0:17","r03-c02:expanded-facade-max4m:61226:0:18","r03-c02:expanded-facade-max4m:61226:0:6","r03-c02:expanded-facade-max4m:61226:0:7","r03-c02:expanded-facade-max4m:61226:0:8","r03-c02:expanded-facade-max4m:61226:0:9"],"receiver_count":13,"periods":{"D":{"min":57.144394,"max":63.70411,"receiver_count":13,"unavailable_count":0},"E":{"min":54.925907,"max":61.485622,"receiver_count":13,"unavailable_count":0},"N":{"min":50.154694,"max":56.71441,"receiver_count":13,"unavailable_count":0}}}},{"type":"Feature","id":"lariac:387466887526","geometry":{"type":"Polygon","coordinates":[[[-118.57592429839991,34.177698959293856],[-118.57601310967277,34.17769474354094],[-118.57600527790729,34.177580220559015],[-118.57591646674962,34.17758443540468],[-118.57592429839991,34.177698959293856]]]},"properties":{"building_pk":61396,"building_key":"lariac:387466887526","source_tile":"r03-c02","source_tile_ids":["r03-c02"],"source_bld_id":"387466887526","height_m":4.145,"receiver_ids":[189079,189080,189081,189082,189083,189084,189085],"receiver_keys":["r03-c02:expanded-facade-max4m:61396:0:1","r03-c02:expanded-facade-max4m:61396:0:11","r03-c02:expanded-facade-max4m:61396:0:2","r03-c02:expanded-facade-max4m:61396:0:3","r03-c02:expanded-facade-max4m:61396:0:4","r03-c02:expanded-facade-max4m:61396:0:7","r03-c02:expanded-facade-max4m:61396:0:8"],"receiver_count":7,"periods":{"D":{"min":56.16742,"max":60.835114,"receiver_count":7,"unavailable_count":0},"E":{"min":53.94893,"max":58.616627,"receiver_count":7,"unavailable_count":0},"N":{"min":49.17772,"max":53.845413,"receiver_count":7,"unavailable_count":0}}}},{"type":"Feature","id":"lariac:387193887511","geometry":{"type":"Polygon","coordinates":[[[-118.57690166815608,34.1775640494296],[-118.57682770071581,34.17756324825951],[-118.57682669293673,34.17762796600163],[-118.57690066044053,34.177628768073916],[-118.57690166815608,34.1775640494296]]]},"properties":{"building_pk":61455,"building_key":"lariac:387193887511","source_tile":"r03-c02","source_tile_ids":["r03-c02"],"source_bld_id":"387193887511","height_m":4.09,"receiver_ids":[189208,189209,189210,189211,189212,189213,189214],"receiver_keys":["r03-c02:expanded-facade-max4m:61455:0:1","r03-c02:expanded-facade-max4m:61455:0:2","r03-c02:expanded-facade-max4m:61455:0:3","r03-c02:expanded-facade-max4m:61455:0:4","r03-c02:expanded-facade-max4m:61455:0:5","r03-c02:expanded-facade-max4m:61455:0:6","r03-c02:expanded-facade-max4m:61455:0:7"],"receiver_count":7,"periods":{"D":{"min":57.722607,"max":61.53945,"receiver_count":7,"unavailable_count":0},"E":{"min":55.50412,"max":59.320965,"receiver_count":7,"unavailable_count":0},"N":{"min":50.732906,"max":54.54975,"receiver_count":7,"unavailable_count":0}}}},{"type":"Feature","id":"lariac:388599887176","geometry":{"type":"Polygon","coordinates":[[[-118.57231730551618,34.17676467044367],[-118.57234102976834,34.17667079926939],[-118.57221408290323,34.176648619723416],[-118.57222744124459,34.17659571424768],[-118.57214713617692,34.17658169560425],[-118.57211005349741,34.176728499250245],[-118.57231730551618,34.17676467044367]]]},"properties":{"building_pk":61518,"building_key":"lariac:388599887176","source_tile":"r03-c02","source_tile_ids":["r03-c02"],"source_bld_id":"388599887176","height_m":4.346,"receiver_ids":[189237,189238,189239,189240,189241,189242,189243,189244,189245,189246,189247,189248,189249,189250,189251,189252,189253,189254,189255],"receiver_keys":["r03-c02:expanded-facade-max4m:61518:0:1","r03-c02:expanded-facade-max4m:61518:0:10","r03-c02:expanded-facade-max4m:61518:0:11","r03-c02:expanded-facade-max4m:61518:0:12","r03-c02:expanded-facade-max4m:61518:0:13","r03-c02:expanded-facade-max4m:61518:0:14","r03-c02:expanded-facade-max4m:61518:0:15","r03-c02:expanded-facade-max4m:61518:0:16","r03-c02:expanded-facade-max4m:61518:0:17","r03-c02:expanded-facade-max4m:61518:0:18","r03-c02:expanded-facade-max4m:61518:0:19","r03-c02:expanded-facade-max4m:61518:0:2","r03-c02:expanded-facade-max4m:61518:0:3","r03-c02:expanded-facade-max4m:61518:0:4","r03-c02:expanded-facade-max4m:61518:0:5","r03-c02:expanded-facade-max4m:61518:0:6","r03-c02:expanded-facade-max4m:61518:0:7","r03-c02:expanded-facade-max4m:61518:0:8","r03-c02:expanded-facade-max4m:61518:0:9"],"receiver_count":19,"periods":{"D":{"min":63.35053,"max":68.74324,"receiver_count":19,"unavailable_count":0},"E":{"min":61.132042,"max":66.52476,"receiver_count":19,"unavailable_count":0},"N":{"min":56.36083,"max":61.753544,"receiver_count":19,"unavailable_count":0}}}},{"type":"Feature","id":"lariac:387500887521","geometry":{"type":"Polygon","coordinates":[[[-118.57581853251232,34.17766082717401],[-118.57589558247409,34.1776532326155],[-118.57588679306619,34.17759158441792],[-118.57580974206957,34.177599178074445],[-118.57581853251232,34.17766082717401]]]},"properties":{"building_pk":61825,"building_key":"lariac:387500887521","source_tile":"r03-c02","source_tile_ids":["r03-c02"],"source_bld_id":"387500887521","height_m":3.621,"receiver_ids":[189747,189748,189749,189750,189751,189752],"receiver_keys":["r03-c02:expanded-facade-max4m:61825:0:1","r03-c02:expanded-facade-max4m:61825:0:2","r03-c02:expanded-facade-max4m:61825:0:5","r03-c02:expanded-facade-max4m:61825:0:6","r03-c02:expanded-facade-max4m:61825:0:7","r03-c02:expanded-facade-max4m:61825:0:8"],"receiver_count":6,"periods":{"D":{"min":56.017994,"max":59.725914,"receiver_count":6,"unavailable_count":0},"E":{"min":53.799507,"max":57.507427,"receiver_count":6,"unavailable_count":0},"N":{"min":49.028294,"max":52.736214,"receiver_count":6,"unavailable_count":0}}}},{"type":"Feature","id":"lariac:389200886117","geometry":{"type":"Polygon","coordinates":[[[-118.57022439684073,34.17380801766341],[-118.570225158322,34.17378402485887],[-118.5701865038351,34.1737831631228],[-118.57018574252733,34.17380718297259],[-118.57022439684073,34.17380801766341]]]},"properties":{"building_pk":62066,"building_key":"lariac:389200886117","source_tile":"r03-c02","source_tile_ids":["r03-c02"],"source_bld_id":"389200886117","height_m":2.225,"receiver_ids":[190176,190177],"receiver_keys":["r03-c02:expanded-facade-max4m:62066:0:2","r03-c02:expanded-facade-max4m:62066:0:4"],"receiver_count":2,"periods":{"D":{"min":75.24476,"max":75.265884,"receiver_count":2,"unavailable_count":0},"E":{"min":73.02627,"max":73.0474,"receiver_count":2,"unavailable_count":0},"N":{"min":68.25506,"max":68.276184,"receiver_count":2,"unavailable_count":0}}}},{"type":"Feature","id":"lariac:388339888106","geometry":{"type":"Polygon","coordinates":[[[-118.57306851766914,34.17925591084938],[-118.57310952575519,34.179255875206195],[-118.57310977680262,34.17923602018558],[-118.57306877472635,34.179235665431314],[-118.57306851766914,34.17925591084938]]]},"properties":{"building_pk":62321,"building_key":"lariac:388339888106","source_tile":"r03-c02","source_tile_ids":["r03-c02"],"source_bld_id":"388339888106","height_m":3.271,"receiver_ids":[190565,190566,190567,190568],"receiver_keys":["r03-c02:expanded-facade-max4m:62321:0:1","r03-c02:expanded-facade-max4m:62321:0:2","r03-c02:expanded-facade-max4m:62321:0:3","r03-c02:expanded-facade-max4m:62321:0:4"],"receiver_count":4,"periods":{"D":{"min":63.76179,"max":65.94246,"receiver_count":4,"unavailable_count":0},"E":{"min":61.543304,"max":63.723972,"receiver_count":4,"unavailable_count":0},"N":{"min":56.77209,"max":58.95276,"receiver_count":4,"unavailable_count":0}}}},{"type":"Feature","id":"lariac:388886886280","geometry":{"type":"Polygon","coordinates":[[[-118.57134054996924,34.174131867843],[-118.5711920129368,34.17413298149026],[-118.5711945528863,34.17436915269249],[-118.57131013034946,34.174368304739],[-118.57130925741426,34.17428903148729],[-118.57134347449542,34.174288759851585],[-118.5713420506476,34.17415780091287],[-118.5713541825298,34.1741575786148],[-118.57135349028897,34.174133757652285],[-118.5713406307883,34.174134010434116],[-118.57134054996924,34.174131867843]]]},"properties":{"building_pk":62447,"building_key":"lariac:388886886280","source_tile":"r03-c02","source_tile_ids":["r03-c02"],"source_bld_id":"388886886280","height_m":4.2,"receiver_ids":[190691,190692,190693,190694,190695,190696,190697,190698,190699,190700,190701,190702,190703,190704,190705,190706,190707,190708,190709,190710,190711],"receiver_keys":["r03-c02:expanded-facade-max4m:62447:0:1","r03-c02:expanded-facade-max4m:62447:0:10","r03-c02:expanded-facade-max4m:62447:0:11","r03-c02:expanded-facade-max4m:62447:0:12","r03-c02:expanded-facade-max4m:62447:0:13","r03-c02:expanded-facade-max4m:62447:0:14","r03-c02:expanded-facade-max4m:62447:0:15","r03-c02:expanded-facade-max4m:62447:0:16","r03-c02:expanded-facade-max4m:62447:0:17","r03-c02:expanded-facade-max4m:62447:0:18","r03-c02:expanded-facade-max4m:62447:0:19","r03-c02:expanded-facade-max4m:62447:0:2","r03-c02:expanded-facade-max4m:62447:0:20","r03-c02:expanded-facade-max4m:62447:0:21","r03-c02:expanded-facade-max4m:62447:0:3","r03-c02:expanded-facade-max4m:62447:0:4","r03-c02:expanded-facade-max4m:62447:0:5","r03-c02:expanded-facade-max4m:62447:0:6","r03-c02:expanded-facade-max4m:62447:0:7","r03-c02:expanded-facade-max4m:62447:0:8","r03-c02:expanded-facade-max4m:62447:0:9"],"receiver_count":21,"periods":{"D":{"min":73.26124,"max":75.18761,"receiver_count":21,"unavailable_count":0},"E":{"min":71.04275,"max":72.96912,"receiver_count":21,"unavailable_count":0},"N":{"min":66.27154,"max":68.19791,"receiver_count":21,"unavailable_count":0}}}},{"type":"Feature","id":"lariac:387963888059","geometry":{"type":"Polygon","coordinates":[[[-118.57429429923941,34.17915236089506],[-118.57436845640942,34.17914206109031],[-118.57435575526105,34.17907883742998],[-118.57428159814557,34.179089137226924],[-118.57429429923941,34.17915236089506]]]},"properties":{"building_pk":63414,"building_key":"lariac:387963888059","source_tile":"r03-c02","source_tile_ids":["r03-c02"],"source_bld_id":"387963888059","height_m":5.02,"receiver_ids":[191682,191683,191684,191685,191686,191687,191688,191689],"receiver_keys":["r03-c02:expanded-facade-max4m:63414:0:1","r03-c02:expanded-facade-max4m:63414:0:2","r03-c02:expanded-facade-max4m:63414:0:3","r03-c02:expanded-facade-max4m:63414:0:4","r03-c02:expanded-facade-max4m:63414:0:5","r03-c02:expanded-facade-max4m:63414:0:6","r03-c02:expanded-facade-max4m:63414:0:7","r03-c02:expanded-facade-max4m:63414:0:8"],"receiver_count":8,"periods":{"D":{"min":51.837315,"max":59.90412,"receiver_count":8,"unavailable_count":0},"E":{"min":49.618828,"max":57.685635,"receiver_count":8,"unavailable_count":0},"N":{"min":44.84762,"max":52.91442,"receiver_count":8,"unavailable_count":0}}}},{"type":"Feature","id":"lariac:388484888154","geometry":{"type":"Polygon","coordinates":[[[-118.5724714672142,34.17940727066477],[-118.57247984210076,34.179408769961036],[-118.57247742643938,34.17941812501068],[-118.57252251416458,34.17942612736653],[-118.57252457548225,34.179418093855624],[-118.57253897597676,34.17942066360749],[-118.5725358196981,34.179432907109266],[-118.57256733463166,34.179438500760924],[-118.57256585249345,34.1794443056153],[-118.57265102986361,34.17945942785666],[-118.5726520285634,34.1794555762342],[-118.57268682028794,34.17946175927656],[-118.5727166100537,34.17934593102033],[-118.57268456504407,34.179340229929124],[-118.57268730323423,34.179329664375736],[-118.57257617404294,34.17930993912447],[-118.57257401703801,34.1793184130434],[-118.57249781077942,34.179304869261934],[-118.5724714672142,34.17940727066477]]]},"properties":{"building_pk":63462,"building_key":"lariac:388484888154","source_tile":"r03-c02","source_tile_ids":["r03-c02"],"source_bld_id":"388484888154","height_m":9.354,"receiver_ids":[191730,191731,191732,191733,191734,191735,191736,191737,191738,191739,191740,191741,191742,191743,191744,191745,191746,191747],"receiver_keys":["r03-c02:expanded-facade-max4m:63462:0:1","r03-c02:expanded-facade-max4m:63462:0:10","r03-c02:expanded-facade-max4m:63462:0:11","r03-c02:expanded-facade-max4m:63462:0:12","r03-c02:expanded-facade-max4m:63462:0:13","r03-c02:expanded-facade-max4m:63462:0:14","r03-c02:expanded-facade-max4m:63462:0:15","r03-c02:expanded-facade-max4m:63462:0:16","r03-c02:expanded-facade-max4m:63462:0:17","r03-c02:expanded-facade-max4m:63462:0:18","r03-c02:expanded-facade-max4m:63462:0:19","r03-c02:expanded-facade-max4m:63462:0:2","r03-c02:expanded-facade-max4m:63462:0:4","r03-c02:expanded-facade-max4m:63462:0:5","r03-c02:expanded-facade-max4m:63462:0:6","r03-c02:expanded-facade-max4m:63462:0:7","r03-c02:expanded-facade-max4m:63462:0:8","r03-c02:expanded-facade-max4m:63462:0:9"],"receiver_count":18,"periods":{"D":{"min":46.96542,"max":60.829933,"receiver_count":18,"unavailable_count":0},"E":{"min":44.746933,"max":58.611446,"receiver_count":18,"unavailable_count":0},"N":{"min":39.975723,"max":53.840237,"receiver_count":18,"unavailable_count":0}}}},{"type":"Feature","id":"lariac:388705886428","geometry":{"type":"Polygon","coordinates":[[[-118.57190778580608,34.174749830283076],[-118.5719054392783,34.174619535640495],[-118.57197264926548,34.17461886077818],[-118.57197166200199,34.17455181572658],[-118.57170014422961,34.17455452851073],[-118.5717011321687,34.174621545612446],[-118.5717946239559,34.1746206366172],[-118.57179550029545,34.17468100444878],[-118.57175969674866,34.17468136575261],[-118.57176070485681,34.17475132269776],[-118.57190778580608,34.174749830283076]]]},"properties":{"building_pk":63706,"building_key":"lariac:388705886428","source_tile":"r03-c02","source_tile_ids":["r03-c02"],"source_bld_id":"388705886428","height_m":3.38,"receiver_ids":[191976,191977,191978,191979,191980,191981,191982,191983,191984,191985,191986,191987,191988,191989,191990,191991,191992,191993,191994,191995,191996,191997,191998,191999],"receiver_keys":["r03-c02:expanded-facade-max4m:63706:0:1","r03-c02:expanded-facade-max4m:63706:0:10","r03-c02:expanded-facade-max4m:63706:0:11","r03-c02:expanded-facade-max4m:63706:0:12","r03-c02:expanded-facade-max4m:63706:0:13","r03-c02:expanded-facade-max4m:63706:0:14","r03-c02:expanded-facade-max4m:63706:0:15","r03-c02:expanded-facade-max4m:63706:0:16","r03-c02:expanded-facade-max4m:63706:0:17","r03-c02:expanded-facade-max4m:63706:0:18","r03-c02:expanded-facade-max4m:63706:0:19","r03-c02:expanded-facade-max4m:63706:0:2","r03-c02:expanded-facade-max4m:63706:0:21","r03-c02:expanded-facade-max4m:63706:0:22","r03-c02:expanded-facade-max4m:63706:0:23","r03-c02:expanded-facade-max4m:63706:0:24","r03-c02:expanded-facade-max4m:63706:0:25","r03-c02:expanded-facade-max4m:63706:0:26","r03-c02:expanded-facade-max4m:63706:0:3","r03-c02:expanded-facade-max4m:63706:0:5","r03-c02:expanded-facade-max4m:63706:0:6","r03-c02:expanded-facade-max4m:63706:0:7","r03-c02:expanded-facade-max4m:63706:0:8","r03-c02:expanded-facade-max4m:63706:0:9"],"receiver_count":24,"periods":{"D":{"min":71.38185,"max":72.77043,"receiver_count":24,"unavailable_count":0},"E":{"min":69.16336,"max":70.55194,"receiver_count":24,"unavailable_count":0},"N":{"min":64.39215,"max":65.78073,"receiver_count":24,"unavailable_count":0}}}},{"type":"Feature","id":"lariac:201700286100","geometry":{"type":"Polygon","coordinates":[[[-118.57073268317608,34.178444237564364],[-118.5707862283056,34.17844482150582],[-118.57078633899887,34.17843784302362],[-118.57080598095993,34.178438056847824],[-118.5708064712688,34.17840694040601],[-118.57081166869528,34.17840699701504],[-118.57081198447608,34.1783870109723],[-118.5708158452452,34.17838290424316],[-118.57081607084355,34.17836861188402],[-118.57081260742375,34.1783665754119],[-118.57081293988541,34.17834553808881],[-118.57076921904927,34.17834506196005],[-118.57076929853797,34.17834002555349],[-118.57076785462868,34.178340009829114],[-118.57076872972567,34.17828455616231],[-118.5707990951938,34.17828488706664],[-118.57079902731482,34.1782892409487],[-118.57082360412863,34.17828950811068],[-118.57082366367189,34.178285680770294],[-118.57087493814765,34.17828623932714],[-118.57087489837548,34.17828883235886],[-118.57090148647099,34.178289122466964],[-118.57090152950919,34.17828637255094],[-118.57092743524497,34.178286655055835],[-118.57092854622526,34.178216210281796],[-118.57087428959564,34.178215618944016],[-118.5708741874535,34.178222101536065],[-118.57084247790667,34.17822175625918],[-118.5708427898882,34.1782020091438],[-118.57076266770007,34.17820113594497],[-118.57076261843106,34.17820424470533],[-118.57075885624018,34.17820420295814],[-118.57075856866358,34.178222444377525],[-118.57064844985149,34.17822124385731],[-118.570648466578,34.17822019888748],[-118.57050624443221,34.17821864844879],[-118.57050619906887,34.178221536312016],[-118.57048265936649,34.178221279519896],[-118.57048294462336,34.17820316613172],[-118.57041825846132,34.17820246060505],[-118.57041800602123,34.17821839209887],[-118.57041514207697,34.17821836143074],[-118.57039990388849,34.178244626792704],[-118.57043495802871,34.17827488320277],[-118.57044071216511,34.1782884784104],[-118.57048005312792,34.17827534846214],[-118.5704737836795,34.178264128553856],[-118.57052353213152,34.17824661396916],[-118.57056120106513,34.17825899659495],[-118.57060506288629,34.178259474838136],[-118.57060386533954,34.178335390592515],[-118.57056831870266,34.17833500294315],[-118.570567245527,34.178403086387306],[-118.57056373827238,34.178403048840586],[-118.57056311223914,34.17844273600972],[-118.57067966113746,34.17844400633984],[-118.57068020972605,34.17841109284423],[-118.57073319722856,34.178411670424765],[-118.57073268317608,34.178444237564364]]]},"properties":{"building_pk":64235,"building_key":"lariac:201700286100","source_tile":"r03-c02","source_tile_ids":["r03-c02"],"source_bld_id":"201700286100","height_m":5.48,"receiver_ids":[192559,192560,192561,192562,192563,192564,192565,192566,192567,192568,192569,192570,192571,192572,192573,192574,192575,192576,192577,192578,192579,192580,192581,192582,192583,192584,192585,192586,192587,192588,192589,192590,192591,192592,192593,192594,192595,192596,192597,192598,192599,192600,192601,192602,192603],"receiver_keys":["r03-c02:expanded-facade-max4m:64235:0:1","r03-c02:expanded-facade-max4m:64235:0:10","r03-c02:expanded-facade-max4m:64235:0:11","r03-c02:expanded-facade-max4m:64235:0:12","r03-c02:expanded-facade-max4m:64235:0:13","r03-c02:expanded-facade-max4m:64235:0:14","r03-c02:expanded-facade-max4m:64235:0:15","r03-c02:expanded-facade-max4m:64235:0:16","r03-c02:expanded-facade-max4m:64235:0:17","r03-c02:expanded-facade-max4m:64235:0:18","r03-c02:expanded-facade-max4m:64235:0:19","r03-c02:expanded-facade-max4m:64235:0:2","r03-c02:expanded-facade-max4m:64235:0:20","r03-c02:expanded-facade-max4m:64235:0:21","r03-c02:expanded-facade-max4m:64235:0:22","r03-c02:expanded-facade-max4m:64235:0:23","r03-c02:expanded-facade-max4m:64235:0:24","r03-c02:expanded-facade-max4m:64235:0:25","r03-c02:expanded-facade-max4m:64235:0:27","r03-c02:expanded-facade-max4m:64235:0:28","r03-c02:expanded-facade-max4m:64235:0:29","r03-c02:expanded-facade-max4m:64235:0:3","r03-c02:expanded-facade-max4m:64235:0:30","r03-c02:expanded-facade-max4m:64235:0:31","r03-c02:expanded-facade-max4m:64235:0:32","r03-c02:expanded-facade-max4m:64235:0:33","r03-c02:expanded-facade-max4m:64235:0:34","r03-c02:expanded-facade-max4m:64235:0:35","r03-c02:expanded-facade-max4m:64235:0:36","r03-c02:expanded-facade-max4m:64235:0:37","r03-c02:expanded-facade-max4m:64235:0:38","r03-c02:expanded-facade-max4m:64235:0:39","r03-c02:expanded-facade-max4m:64235:0:4","r03-c02:expanded-facade-max4m:64235:0:40","r03-c02:expanded-facade-max4m:64235:0:41","r03-c02:expanded-facade-max4m:64235:0:42","r03-c02:expanded-facade-max4m:64235:0:43","r03-c02:expanded-facade-max4m:64235:0:44","r03-c02:expanded-facade-max4m:64235:0:45","r03-c02:expanded-facade-max4m:64235:0:46","r03-c02:expanded-facade-max4m:64235:0:47","r03-c02:expanded-facade-max4m:64235:0:5","r03-c02:expanded-facade-max4m:64235:0:6","r03-c02:expanded-facade-max4m:64235:0:7","r03-c02:expanded-facade-max4m:64235:0:9"],"receiver_count":45,"periods":{"D":{"min":52.180122,"max":66.07192,"receiver_count":45,"unavailable_count":0},"E":{"min":49.961636,"max":63.85343,"receiver_count":45,"unavailable_count":0},"N":{"min":45.190422,"max":59.08222,"receiver_count":45,"unavailable_count":0}}}},{"type":"Feature","id":"lariac:386960887514","geometry":{"type":"Polygon","coordinates":[[[-118.5775992974363,34.177621695701],[-118.57767577135844,34.17762149543193],[-118.5776755370291,34.177563763378025],[-118.57759906424448,34.17756396364179],[-118.5775992974363,34.177621695701]]]},"properties":{"building_pk":68140,"building_key":"lariac:386960887514","source_tile":"r03-c02","source_tile_ids":["r03-c02"],"source_bld_id":"386960887514","height_m":2.435,"receiver_ids":[194113,194114,194115,194116,194117,194118,194119],"receiver_keys":["r03-c02:expanded-facade-max4m:68140:0:1","r03-c02:expanded-facade-max4m:68140:0:2","r03-c02:expanded-facade-max4m:68140:0:3","r03-c02:expanded-facade-max4m:68140:0:4","r03-c02:expanded-facade-max4m:68140:0:5","r03-c02:expanded-facade-max4m:68140:0:6","r03-c02:expanded-facade-max4m:68140:0:7"],"receiver_count":7,"periods":{"D":{"min":59.614212,"max":61.94823,"receiver_count":7,"unavailable_count":0},"E":{"min":57.395725,"max":59.72974,"receiver_count":7,"unavailable_count":0},"N":{"min":52.62451,"max":54.95853,"receiver_count":7,"unavailable_count":0}}}},{"type":"Feature","id":"lariac:387844887596","geometry":{"type":"Polygon","coordinates":[[[-118.57462299178064,34.177894094986115],[-118.57467053830618,34.17790876350402],[-118.5746634405645,34.177924652708306],[-118.57470462450614,34.177937344604864],[-118.57471143084138,34.17792214376053],[-118.5747337620354,34.17792901740616],[-118.57473692112457,34.17792196763503],[-118.57478285713869,34.17792848117038],[-118.5748203869326,34.177842375609586],[-118.57477761141666,34.17782916932174],[-118.57480815319681,34.177760711368975],[-118.57469768748138,34.17772666747918],[-118.57462299178064,34.177894094986115]]]},"properties":{"building_pk":68142,"building_key":"lariac:387844887596","source_tile":"r03-c02","source_tile_ids":["r03-c02"],"source_bld_id":"387844887596","height_m":3.886,"receiver_ids":[194120,194121,194122,194123,194124,194125,194126,194127,194128,194129,194130,194131,194132,194133,194134,194135,194136,194137],"receiver_keys":["r03-c02:expanded-facade-max4m:68142:0:1","r03-c02:expanded-facade-max4m:68142:0:10","r03-c02:expanded-facade-max4m:68142:0:12","r03-c02:expanded-facade-max4m:68142:0:13","r03-c02:expanded-facade-max4m:68142:0:14","r03-c02:expanded-facade-max4m:68142:0:15","r03-c02:expanded-facade-max4m:68142:0:16","r03-c02:expanded-facade-max4m:68142:0:17","r03-c02:expanded-facade-max4m:68142:0:18","r03-c02:expanded-facade-max4m:68142:0:19","r03-c02:expanded-facade-max4m:68142:0:2","r03-c02:expanded-facade-max4m:68142:0:3","r03-c02:expanded-facade-max4m:68142:0:4","r03-c02:expanded-facade-max4m:68142:0:5","r03-c02:expanded-facade-max4m:68142:0:6","r03-c02:expanded-facade-max4m:68142:0:7","r03-c02:expanded-facade-max4m:68142:0:8","r03-c02:expanded-facade-max4m:68142:0:9"],"receiver_count":18,"periods":{"D":{"min":55.969086,"max":59.797638,"receiver_count":18,"unavailable_count":0},"E":{"min":53.7506,"max":57.57915,"receiver_count":18,"unavailable_count":0},"N":{"min":48.979385,"max":52.807938,"receiver_count":18,"unavailable_count":0}}}},{"type":"Feature","id":"lariac:388728888029","geometry":{"type":"Polygon","coordinates":[[[-118.57184297520733,34.17899896346447],[-118.57188131084551,34.17895289264598],[-118.57180715594124,34.178910292746814],[-118.57175475192798,34.1789733033708],[-118.57176308315441,34.178978099873824],[-118.57169979225304,34.17905424155946],[-118.57172474406359,34.17909135833025],[-118.57179839272084,34.179103402797715],[-118.57185886275579,34.17913669674866],[-118.57187358404958,34.17913305431728],[-118.57187984589794,34.17912522093276],[-118.57189687174078,34.17913464812162],[-118.57193811339047,34.179083176810884],[-118.57192035707435,34.179073369023826],[-118.57193789648578,34.17905149483165],[-118.57184297520733,34.17899896346447]]]},"properties":{"building_pk":68145,"building_key":"lariac:388728888029","source_tile":"r03-c02","source_tile_ids":["r03-c02"],"source_bld_id":"388728888029","height_m":4.855,"receiver_ids":[194158,194159,194160,194161,194162,194163,194164,194165,194166,194167,194168,194169,194170,194171,194172,194173,194174,194175],"receiver_keys":["r03-c02:expanded-facade-max4m:68145:0:1","r03-c02:expanded-facade-max4m:68145:0:10","r03-c02:expanded-facade-max4m:68145:0:11","r03-c02:expanded-facade-max4m:68145:0:12","r03-c02:expanded-facade-max4m:68145:0:13","r03-c02:expanded-facade-max4m:68145:0:14","r03-c02:expanded-facade-max4m:68145:0:15","r03-c02:expanded-facade-max4m:68145:0:16","r03-c02:expanded-facade-max4m:68145:0:18","r03-c02:expanded-facade-max4m:68145:0:19","r03-c02:expanded-facade-max4m:68145:0:2","r03-c02:expanded-facade-max4m:68145:0:20","r03-c02:expanded-facade-max4m:68145:0:3","r03-c02:expanded-facade-max4m:68145:0:4","r03-c02:expanded-facade-max4m:68145:0:5","r03-c02:expanded-facade-max4m:68145:0:7","r03-c02:expanded-facade-max4m:68145:0:8","r03-c02:expanded-facade-max4m:68145:0:9"],"receiver_count":18,"periods":{"D":{"min":56.160725,"max":63.03317,"receiver_count":18,"unavailable_count":0},"E":{"min":53.942238,"max":60.814682,"receiver_count":18,"unavailable_count":0},"N":{"min":49.171024,"max":56.04347,"receiver_count":18,"unavailable_count":0}}}},{"type":"Feature","id":"lariac:386891887783","geometry":{"type":"Polygon","coordinates":[[[-118.57791115400632,34.17836340761875],[-118.57791196967341,34.17829973477083],[-118.57783595330864,34.1782990539933],[-118.57783513668603,34.17836275389134],[-118.57791115400632,34.17836340761875]]]},"properties":{"building_pk":68923,"building_key":"lariac:386891887783","source_tile":"r03-c02","source_tile_ids":["r03-c02"],"source_bld_id":"386891887783","height_m":2.941,"receiver_ids":[195147,195148,195149,195150,195151,195152,195153,195154],"receiver_keys":["r03-c02:expanded-facade-max4m:68923:0:1","r03-c02:expanded-facade-max4m:68923:0:2","r03-c02:expanded-facade-max4m:68923:0:3","r03-c02:expanded-facade-max4m:68923:0:4","r03-c02:expanded-facade-max4m:68923:0:5","r03-c02:expanded-facade-max4m:68923:0:6","r03-c02:expanded-facade-max4m:68923:0:7","r03-c02:expanded-facade-max4m:68923:0:8"],"receiver_count":8,"periods":{"D":{"min":59.254375,"max":63.50371,"receiver_count":8,"unavailable_count":0},"E":{"min":57.03589,"max":61.285225,"receiver_count":8,"unavailable_count":0},"N":{"min":52.264675,"max":56.51401,"receiver_count":8,"unavailable_count":0}}}},{"type":"Feature","id":"lariac:388069887649","geometry":{"type":"Polygon","coordinates":[[[-118.5739133382886,34.17804980956077],[-118.57402339107648,34.17805247513668],[-118.57402430217184,34.178026255676535],[-118.57409444049951,34.17802795574598],[-118.57409593683056,34.17798587802903],[-118.5741057575138,34.17798610638259],[-118.57410697210051,34.177951174749836],[-118.57409787817664,34.177950942946566],[-118.57410006509049,34.17788907663701],[-118.57402159353535,34.17788716909977],[-118.57402084544204,34.177908221029796],[-118.57396529070327,34.17790686371468],[-118.57396612354573,34.177883777496575],[-118.57387594572072,34.17788159455266],[-118.57387362321236,34.17794774834893],[-118.57391687689709,34.1779487791202],[-118.5739133382886,34.17804980956077]]]},"properties":{"building_pk":68928,"building_key":"lariac:388069887649","source_tile":"r03-c02","source_tile_ids":["r03-c02"],"source_bld_id":"388069887649","height_m":5.044,"receiver_ids":[195155,195156,195157,195158,195159,195160,195161,195162,195163,195164,195165,195166,195167,195168,195169,195170,195171,195172,195173],"receiver_keys":["r03-c02:expanded-facade-max4m:68928:0:1","r03-c02:expanded-facade-max4m:68928:0:10","r03-c02:expanded-facade-max4m:68928:0:11","r03-c02:expanded-facade-max4m:68928:0:12","r03-c02:expanded-facade-max4m:68928:0:13","r03-c02:expanded-facade-max4m:68928:0:15","r03-c02:expanded-facade-max4m:68928:0:16","r03-c02:expanded-facade-max4m:68928:0:17","r03-c02:expanded-facade-max4m:68928:0:18","r03-c02:expanded-facade-max4m:68928:0:19","r03-c02:expanded-facade-max4m:68928:0:2","r03-c02:expanded-facade-max4m:68928:0:20","r03-c02:expanded-facade-max4m:68928:0:21","r03-c02:expanded-facade-max4m:68928:0:22","r03-c02:expanded-facade-max4m:68928:0:3","r03-c02:expanded-facade-max4m:68928:0:5","r03-c02:expanded-facade-max4m:68928:0:6","r03-c02:expanded-facade-max4m:68928:0:8","r03-c02:expanded-facade-max4m:68928:0:9"],"receiver_count":19,"periods":{"D":{"min":54.237347,"max":56.8495,"receiver_count":19,"unavailable_count":0},"E":{"min":52.01886,"max":54.631012,"receiver_count":19,"unavailable_count":0},"N":{"min":47.247646,"max":49.8598,"receiver_count":19,"unavailable_count":0}}}},{"type":"Feature","id":"lariac:387519887804","geometry":{"type":"Polygon","coordinates":[[[-118.5758355018376,34.178434257047584],[-118.57583235801759,34.17837159206852],[-118.57575735575551,34.17837420210762],[-118.57576049843465,34.17843686709383],[-118.5758355018376,34.178434257047584]]]},"properties":{"building_pk":69084,"building_key":"lariac:387519887804","source_tile":"r03-c02","source_tile_ids":["r03-c02"],"source_bld_id":"387519887804","height_m":4.209,"receiver_ids":[195391,195392,195393,195394,195395],"receiver_keys":["r03-c02:expanded-facade-max4m:69084:0:3","r03-c02:expanded-facade-max4m:69084:0:4","r03-c02:expanded-facade-max4m:69084:0:5","r03-c02:expanded-facade-max4m:69084:0:6","r03-c02:expanded-facade-max4m:69084:0:7"],"receiver_count":5,"periods":{"D":{"min":54.43433,"max":57.875526,"receiver_count":5,"unavailable_count":0},"E":{"min":52.215843,"max":55.65704,"receiver_count":5,"unavailable_count":0},"N":{"min":47.44463,"max":50.885826,"receiver_count":5,"unavailable_count":0}}}},{"type":"Feature","id":"lariac:387419887798","geometry":{"type":"Polygon","coordinates":[[[-118.57610330904045,34.17837126366365],[-118.57610500798106,34.17840181165126],[-118.57614440875555,34.178400305000366],[-118.57614270980051,34.17836975701331],[-118.57610330904045,34.17837126366365]]]},"properties":{"building_pk":69487,"building_key":"lariac:387419887798","source_tile":"r03-c02","source_tile_ids":["r03-c02"],"source_bld_id":"387419887798","height_m":2.201,"receiver_ids":[195981,195982,195983],"receiver_keys":["r03-c02:expanded-facade-max4m:69487:0:2","r03-c02:expanded-facade-max4m:69487:0:3","r03-c02:expanded-facade-max4m:69487:0:4"],"receiver_count":3,"periods":{"D":{"min":55.68664,"max":57.159336,"receiver_count":3,"unavailable_count":0},"E":{"min":53.46815,"max":54.94085,"receiver_count":3,"unavailable_count":0},"N":{"min":48.69694,"max":50.16964,"receiver_count":3,"unavailable_count":0}}}},{"type":"Feature","id":"lariac:387383887402","geometry":{"type":"Polygon","coordinates":[[[-118.57642342817195,34.177307503235],[-118.57631009597091,34.17718878420053],[-118.57623564633016,34.17723785936412],[-118.57619248523658,34.177192642436594],[-118.5761074047824,34.17724874793309],[-118.57615715978427,34.17730085824872],[-118.57616505982917,34.17729565475763],[-118.57627183056579,34.177407480421984],[-118.57642342817195,34.177307503235]]]},"properties":{"building_pk":69954,"building_key":"lariac:387383887402","source_tile":"r03-c02","source_tile_ids":["r03-c02"],"source_bld_id":"387383887402","height_m":5.197,"receiver_ids":[196658,196659,196660,196661,196662,196663,196664,196665,196666,196667,196668,196669,196670,196671,196672,196673,196674],"receiver_keys":["r03-c02:expanded-facade-max4m:69954:0:1","r03-c02:expanded-facade-max4m:69954:0:10","r03-c02:expanded-facade-max4m:69954:0:14","r03-c02:expanded-facade-max4m:69954:0:15","r03-c02:expanded-facade-max4m:69954:0:16","r03-c02:expanded-facade-max4m:69954:0:17","r03-c02:expanded-facade-max4m:69954:0:18","r03-c02:expanded-facade-max4m:69954:0:19","r03-c02:expanded-facade-max4m:69954:0:2","r03-c02:expanded-facade-max4m:69954:0:20","r03-c02:expanded-facade-max4m:69954:0:21","r03-c02:expanded-facade-max4m:69954:0:3","r03-c02:expanded-facade-max4m:69954:0:4","r03-c02:expanded-facade-max4m:69954:0:5","r03-c02:expanded-facade-max4m:69954:0:6","r03-c02:expanded-facade-max4m:69954:0:8","r03-c02:expanded-facade-max4m:69954:0:9"],"receiver_count":17,"periods":{"D":{"min":44.961094,"max":56.408157,"receiver_count":17,"unavailable_count":0},"E":{"min":42.742607,"max":54.18967,"receiver_count":17,"unavailable_count":0},"N":{"min":37.971394,"max":49.418457,"receiver_count":17,"unavailable_count":0}}}},{"type":"Feature","id":"lariac:387982887756","geometry":{"type":"Polygon","coordinates":[[[-118.57415458529964,34.17829295446375],[-118.5742083414485,34.17835013039833],[-118.57419961704022,34.178355530605124],[-118.57424732909614,34.17840861335269],[-118.57432022027037,34.17836336667144],[-118.57429059994453,34.1783303674193],[-118.57431710228005,34.17831391819094],[-118.57430734097832,34.17830308289104],[-118.57436699605636,34.178266059821844],[-118.57430649100877,34.17819869428413],[-118.57415458529964,34.17829295446375]]]},"properties":{"building_pk":70134,"building_key":"lariac:387982887756","source_tile":"r03-c02","source_tile_ids":["r03-c02"],"source_bld_id":"387982887756","height_m":5.569,"receiver_ids":[196871,196872,196873,196874,196875,196876,196877,196878,196879,196880,196881,196882,196883],"receiver_keys":["r03-c02:expanded-facade-max4m:70134:0:1","r03-c02:expanded-facade-max4m:70134:0:10","r03-c02:expanded-facade-max4m:70134:0:11","r03-c02:expanded-facade-max4m:70134:0:12","r03-c02:expanded-facade-max4m:70134:0:13","r03-c02:expanded-facade-max4m:70134:0:14","r03-c02:expanded-facade-max4m:70134:0:15","r03-c02:expanded-facade-max4m:70134:0:16","r03-c02:expanded-facade-max4m:70134:0:17","r03-c02:expanded-facade-max4m:70134:0:2","r03-c02:expanded-facade-max4m:70134:0:5","r03-c02:expanded-facade-max4m:70134:0:6","r03-c02:expanded-facade-max4m:70134:0:7"],"receiver_count":13,"periods":{"D":{"min":49.123425,"max":67.89789,"receiver_count":13,"unavailable_count":0},"E":{"min":46.904934,"max":65.679405,"receiver_count":13,"unavailable_count":0},"N":{"min":42.133724,"max":60.90819,"receiver_count":13,"unavailable_count":0}}}},{"type":"Feature","id":"lariac:386808887791","geometry":{"type":"Polygon","coordinates":[[[-118.57818365480325,34.17832902027915],[-118.57810728744603,34.178330292294596],[-118.57810867610483,34.178387689767696],[-118.57818504351452,34.178386417751405],[-118.57818365480325,34.17832902027915]]]},"properties":{"building_pk":70260,"building_key":"lariac:386808887791","source_tile":"r03-c02","source_tile_ids":["r03-c02"],"source_bld_id":"386808887791","height_m":2.963,"receiver_ids":[197034,197035,197036,197037,197038,197039,197040],"receiver_keys":["r03-c02:expanded-facade-max4m:70260:0:1","r03-c02:expanded-facade-max4m:70260:0:2","r03-c02:expanded-facade-max4m:70260:0:3","r03-c02:expanded-facade-max4m:70260:0:4","r03-c02:expanded-facade-max4m:70260:0:5","r03-c02:expanded-facade-max4m:70260:0:6","r03-c02:expanded-facade-max4m:70260:0:7"],"receiver_count":7,"periods":{"D":{"min":58.39352,"max":61.862606,"receiver_count":7,"unavailable_count":0},"E":{"min":56.17503,"max":59.64412,"receiver_count":7,"unavailable_count":0},"N":{"min":51.40382,"max":54.872906,"receiver_count":7,"unavailable_count":0}}}},{"type":"Feature","id":"lariac:387601887894","geometry":{"type":"Polygon","coordinates":[[[-118.57535175940325,34.178718578018454],[-118.57539770815869,34.178726713142304],[-118.57539542195693,34.1787355997338],[-118.5754839744001,34.17875128091084],[-118.57549736917302,34.1786990339209],[-118.57552633498128,34.178704172831836],[-118.57552688209661,34.17870202635326],[-118.57560424574375,34.17871572770017],[-118.57562839508175,34.17862166181203],[-118.57553272460811,34.17860472269947],[-118.57554048546376,34.17857456874076],[-118.57548023632027,34.178563890841914],[-118.57547283177364,34.17859286207677],[-118.57546081550365,34.17859074833072],[-118.57544835386996,34.178639253069235],[-118.57537542579672,34.17862632748746],[-118.57535175940325,34.178718578018454]]]},"properties":{"building_pk":70488,"building_key":"lariac:387601887894","source_tile":"r03-c02","source_tile_ids":["r03-c02"],"source_bld_id":"387601887894","height_m":5.032,"receiver_ids":[197303,197304,197305,197306,197307,197308,197309,197310,197311,197312,197313,197314,197315,197316,197317,197318,197319,197320,197321,197322],"receiver_keys":["r03-c02:expanded-facade-max4m:70488:0:1","r03-c02:expanded-facade-max4m:70488:0:10","r03-c02:expanded-facade-max4m:70488:0:11","r03-c02:expanded-facade-max4m:70488:0:12","r03-c02:expanded-facade-max4m:70488:0:14","r03-c02:expanded-facade-max4m:70488:0:15","r03-c02:expanded-facade-max4m:70488:0:16","r03-c02:expanded-facade-max4m:70488:0:17","r03-c02:expanded-facade-max4m:70488:0:19","r03-c02:expanded-facade-max4m:70488:0:2","r03-c02:expanded-facade-max4m:70488:0:20","r03-c02:expanded-facade-max4m:70488:0:21","r03-c02:expanded-facade-max4m:70488:0:22","r03-c02:expanded-facade-max4m:70488:0:3","r03-c02:expanded-facade-max4m:70488:0:4","r03-c02:expanded-facade-max4m:70488:0:5","r03-c02:expanded-facade-max4m:70488:0:6","r03-c02:expanded-facade-max4m:70488:0:7","r03-c02:expanded-facade-max4m:70488:0:8","r03-c02:expanded-facade-max4m:70488:0:9"],"receiver_count":20,"periods":{"D":{"min":49.517437,"max":57.057556,"receiver_count":20,"unavailable_count":0},"E":{"min":47.29895,"max":54.83907,"receiver_count":20,"unavailable_count":0},"N":{"min":42.527737,"max":50.067856,"receiver_count":20,"unavailable_count":0}}}},{"type":"Feature","id":"lariac:387799887579","geometry":{"type":"Polygon","coordinates":[[[-118.57490456885267,34.1778189482032],[-118.57490387677272,34.17775668355551],[-118.57482743899487,34.17775726685935],[-118.5748281310179,34.17781953150744],[-118.57490456885267,34.1778189482032]]]},"properties":{"building_pk":70666,"building_key":"lariac:387799887579","source_tile":"r03-c02","source_tile_ids":["r03-c02"],"source_bld_id":"387799887579","height_m":3.923,"receiver_ids":[197491,197492,197493,197494,197495],"receiver_keys":["r03-c02:expanded-facade-max4m:70666:0:3","r03-c02:expanded-facade-max4m:70666:0:4","r03-c02:expanded-facade-max4m:70666:0:5","r03-c02:expanded-facade-max4m:70666:0:6","r03-c02:expanded-facade-max4m:70666:0:7"],"receiver_count":5,"periods":{"D":{"min":56.2336,"max":59.263237,"receiver_count":5,"unavailable_count":0},"E":{"min":54.015114,"max":57.04475,"receiver_count":5,"unavailable_count":0},"N":{"min":49.2439,"max":52.273537,"receiver_count":5,"unavailable_count":0}}}},{"type":"Feature","id":"lariac:389216886076","geometry":{"type":"Polygon","coordinates":[[[-118.57012460738947,34.1737096183895],[-118.57017394748772,34.17370671990843],[-118.5701700647519,34.1736610127474],[-118.57012069105626,34.173663911385425],[-118.57012460738947,34.1737096183895]]]},"properties":{"building_pk":70881,"building_key":"lariac:389216886076","source_tile":"r03-c02","source_tile_ids":["r03-c02"],"source_bld_id":"389216886076","height_m":2.932,"receiver_ids":[197707,197708,197709,197710,197711],"receiver_keys":["r03-c02:expanded-facade-max4m:70881:0:1","r03-c02:expanded-facade-max4m:70881:0:2","r03-c02:expanded-facade-max4m:70881:0:3","r03-c02:expanded-facade-max4m:70881:0:4","r03-c02:expanded-facade-max4m:70881:0:5"],"receiver_count":5,"periods":{"D":{"min":74.96308,"max":75.549355,"receiver_count":5,"unavailable_count":0},"E":{"min":72.7446,"max":73.330864,"receiver_count":5,"unavailable_count":0},"N":{"min":67.97338,"max":68.559654,"receiver_count":5,"unavailable_count":0}}}},{"type":"Feature","id":"lariac:2014121101810000","geometry":{"type":"Polygon","coordinates":[[[-118.57206763309176,34.17987719526287],[-118.57207769712265,34.179910868157535],[-118.57222311211444,34.1798808475712],[-118.57221602341286,34.179857131702235],[-118.57221345207265,34.179848516079446],[-118.57224607276922,34.17984179398309],[-118.57221094800782,34.17972429408588],[-118.57217802961475,34.179731099621954],[-118.57217691240295,34.17972731300795],[-118.57209446852562,34.179744355455654],[-118.57209562011381,34.17974825189627],[-118.57206339499257,34.17975491708686],[-118.57206684646054,34.17976644234408],[-118.5720495786269,34.17977001390106],[-118.57204775081968,34.17976383974883],[-118.57200558807496,34.17977255696343],[-118.57200782173737,34.17978002111115],[-118.57200230816089,34.179781174119036],[-118.57203313523186,34.17988432196776],[-118.57206763309176,34.17987719526287]]]},"properties":{"building_pk":71373,"building_key":"lariac:2014121101810000","source_tile":"r03-c02","source_tile_ids":["r03-c02"],"source_bld_id":"2014121101810000","height_m":9.022,"receiver_ids":[198053,198054,198055,198056],"receiver_keys":["r03-c02:expanded-facade-max4m:71373:0:11","r03-c02:expanded-facade-max4m:71373:0:12","r03-c02:expanded-facade-max4m:71373:0:13","r03-c02:expanded-facade-max4m:71373:0:14"],"receiver_count":4,"periods":{"D":{"min":46.68939,"max":52.950653,"receiver_count":4,"unavailable_count":0},"E":{"min":44.4709,"max":50.732166,"receiver_count":4,"unavailable_count":0},"N":{"min":39.699688,"max":45.960953,"receiver_count":4,"unavailable_count":0}}}},{"type":"Feature","id":"lariac:201700285991","geometry":{"type":"Polygon","coordinates":[[[-118.5776526381928,34.17740877266077],[-118.57783441222325,34.177408323535474],[-118.5778344433483,34.17732594105649],[-118.57785384239223,34.177326198169716],[-118.57785512375948,34.177259434402856],[-118.57777027660006,34.17725830894706],[-118.5777692256265,34.17731306753314],[-118.57765450434862,34.17731156812332],[-118.5776526381928,34.17740877266077]]]},"properties":{"building_pk":71744,"building_key":"lariac:201700285991","source_tile":"r03-c02","source_tile_ids":["r03-c02"],"source_bld_id":"201700285991","height_m":5.078,"receiver_ids":[198470,198471,198472,198473,198474,198475,198476,198477,198478,198479,198480,198481,198482,198483,198484,198485],"receiver_keys":["r03-c02:expanded-facade-max4m:71744:0:1","r03-c02:expanded-facade-max4m:71744:0:10","r03-c02:expanded-facade-max4m:71744:0:11","r03-c02:expanded-facade-max4m:71744:0:12","r03-c02:expanded-facade-max4m:71744:0:14","r03-c02:expanded-facade-max4m:71744:0:15","r03-c02:expanded-facade-max4m:71744:0:16","r03-c02:expanded-facade-max4m:71744:0:17","r03-c02:expanded-facade-max4m:71744:0:18","r03-c02:expanded-facade-max4m:71744:0:2","r03-c02:expanded-facade-max4m:71744:0:3","r03-c02:expanded-facade-max4m:71744:0:4","r03-c02:expanded-facade-max4m:71744:0:5","r03-c02:expanded-facade-max4m:71744:0:6","r03-c02:expanded-facade-max4m:71744:0:8","r03-c02:expanded-facade-max4m:71744:0:9"],"receiver_count":16,"periods":{"D":{"min":52.007103,"max":58.122906,"receiver_count":16,"unavailable_count":0},"E":{"min":49.788616,"max":55.90442,"receiver_count":16,"unavailable_count":0},"N":{"min":45.017403,"max":51.133205,"receiver_count":16,"unavailable_count":0}}}},{"type":"Feature","id":"lariac:201700285994","geometry":{"type":"Polygon","coordinates":[[[-118.5779476530274,34.1773635760557],[-118.57794811689793,34.1774158887242],[-118.57811728982236,34.17741485298245],[-118.57811662885999,34.17731934009464],[-118.57803878601858,34.17731981674868],[-118.57803875693594,34.17731655419429],[-118.57801067754481,34.17731672626137],[-118.57801022821698,34.17726605073022],[-118.57791811415392,34.1772666144444],[-118.57791869119949,34.17733168344157],[-118.57794862216821,34.17733150074454],[-118.57794084845072,34.17733723115315],[-118.5779410266847,34.177357350093416],[-118.5779476530274,34.1773635760557]]]},"properties":{"building_pk":71745,"building_key":"lariac:201700285994","source_tile":"r03-c02","source_tile_ids":["r03-c02"],"source_bld_id":"201700285994","height_m":4.295,"receiver_ids":[198486,198487,198488,198489,198490,198491,198492,198493,198494,198495,198496,198497,198498,198499,198500,198501,198502,198503],"receiver_keys":["r03-c02:expanded-facade-max4m:71745:0:1","r03-c02:expanded-facade-max4m:71745:0:10","r03-c02:expanded-facade-max4m:71745:0:11","r03-c02:expanded-facade-max4m:71745:0:12","r03-c02:expanded-facade-max4m:71745:0:13","r03-c02:expanded-facade-max4m:71745:0:14","r03-c02:expanded-facade-max4m:71745:0:15","r03-c02:expanded-facade-max4m:71745:0:16","r03-c02:expanded-facade-max4m:71745:0:17","r03-c02:expanded-facade-max4m:71745:0:18","r03-c02:expanded-facade-max4m:71745:0:2","r03-c02:expanded-facade-max4m:71745:0:3","r03-c02:expanded-facade-max4m:71745:0:4","r03-c02:expanded-facade-max4m:71745:0:5","r03-c02:expanded-facade-max4m:71745:0:6","r03-c02:expanded-facade-max4m:71745:0:7","r03-c02:expanded-facade-max4m:71745:0:8","r03-c02:expanded-facade-max4m:71745:0:9"],"receiver_count":18,"periods":{"D":{"min":56.48024,"max":60.22995,"receiver_count":18,"unavailable_count":0},"E":{"min":54.261753,"max":58.011463,"receiver_count":18,"unavailable_count":0},"N":{"min":49.490543,"max":53.24025,"receiver_count":18,"unavailable_count":0}}}},{"type":"Feature","id":"lariac:201700286051","geometry":{"type":"Polygon","coordinates":[[[-118.57543934972138,34.177829074329],[-118.5754594698416,34.17791588667392],[-118.5756033310807,34.17789293931398],[-118.57560634438202,34.17790598926758],[-118.57564665473551,34.17789955961679],[-118.57562359155506,34.17779968619625],[-118.57543934972138,34.177829074329]],[[-118.57553408916462,34.17789349242243],[-118.5755555593924,34.17789001215817],[-118.57555751062753,34.17789832503828],[-118.57553605665592,34.17790180342233],[-118.57553408916462,34.17789349242243]]]},"properties":{"building_pk":71749,"building_key":"lariac:201700286051","source_tile":"r03-c02","source_tile_ids":["r03-c02"],"source_bld_id":"201700286051","height_m":3.81,"receiver_ids":[198504,198505,198506,198507,198508,198509,198510,198511,198512,198513,198514,198515,198516,198517,198518],"receiver_keys":["r03-c02:expanded-facade-max4m:71749:0:1","r03-c02:expanded-facade-max4m:71749:0:10","r03-c02:expanded-facade-max4m:71749:0:11","r03-c02:expanded-facade-max4m:71749:0:12","r03-c02:expanded-facade-max4m:71749:0:13","r03-c02:expanded-facade-max4m:71749:0:14","r03-c02:expanded-facade-max4m:71749:0:15","r03-c02:expanded-facade-max4m:71749:0:2","r03-c02:expanded-facade-max4m:71749:0:3","r03-c02:expanded-facade-max4m:71749:0:4","r03-c02:expanded-facade-max4m:71749:0:5","r03-c02:expanded-facade-max4m:71749:0:6","r03-c02:expanded-facade-max4m:71749:0:7","r03-c02:expanded-facade-max4m:71749:0:8","r03-c02:expanded-facade-max4m:71749:0:9"],"receiver_count":15,"periods":{"D":{"min":58.32057,"max":68.408,"receiver_count":15,"unavailable_count":0},"E":{"min":56.10208,"max":66.18951,"receiver_count":15,"unavailable_count":0},"N":{"min":51.33087,"max":61.418293,"receiver_count":15,"unavailable_count":0}}}},{"type":"Feature","id":"lariac:201700286241","geometry":{"type":"Polygon","coordinates":[[[-118.56971696141123,34.17988024746094],[-118.56986224884578,34.17987991549513],[-118.56986210674694,34.17981296832276],[-118.56993150916857,34.17981280988517],[-118.56993159121001,34.179837396438174],[-118.56994771930819,34.17983736010437],[-118.56994772693785,34.17983959139267],[-118.56999988182497,34.179839472721845],[-118.56999987600422,34.179837824724736],[-118.57000984921623,34.17983780206341],[-118.57000943448004,34.17971310950321],[-118.56982208722715,34.17971353884299],[-118.5698219925764,34.17968503152961],[-118.56973417988453,34.17968523245572],[-118.56973429084948,34.17971899930661],[-118.56971845565805,34.17971903513389],[-118.56971873449224,34.17980318584781],[-118.56971670600329,34.179803189993876],[-118.56971696141123,34.17988024746094]]]},"properties":{"building_pk":72099,"building_key":"lariac:201700286241","source_tile":"r03-c02","source_tile_ids":["r03-c02"],"source_bld_id":"201700286241","height_m":6.843,"receiver_ids":[198647,198648,198649,198650,198651,198652,198653,198654,198655,198656],"receiver_keys":["r03-c02:expanded-facade-max4m:72099:0:12","r03-c02:expanded-facade-max4m:72099:0:13","r03-c02:expanded-facade-max4m:72099:0:14","r03-c02:expanded-facade-max4m:72099:0:15","r03-c02:expanded-facade-max4m:72099:0:16","r03-c02:expanded-facade-max4m:72099:0:17","r03-c02:expanded-facade-max4m:72099:0:19","r03-c02:expanded-facade-max4m:72099:0:20","r03-c02:expanded-facade-max4m:72099:0:21","r03-c02:expanded-facade-max4m:72099:0:22"],"receiver_count":10,"periods":{"D":{"min":61.872845,"max":63.579838,"receiver_count":10,"unavailable_count":0},"E":{"min":59.654358,"max":61.361347,"receiver_count":10,"unavailable_count":0},"N":{"min":54.883144,"max":56.590137,"receiver_count":10,"unavailable_count":0}}}},{"type":"Feature","id":"lariac:387260887794","geometry":{"type":"Polygon","coordinates":[[[-118.57669101625294,34.178401162687564],[-118.5766899193839,34.17833796597244],[-118.5766127891407,34.17833888276813],[-118.57661388595145,34.178402079484],[-118.57669101625294,34.178401162687564]]]},"properties":{"building_pk":75532,"building_key":"lariac:387260887794","source_tile":"r03-c02","source_tile_ids":["r03-c02"],"source_bld_id":"387260887794","height_m":4.404,"receiver_ids":[199407,199408,199409,199410,199411,199412],"receiver_keys":["r03-c02:expanded-facade-max4m:75532:0:1","r03-c02:expanded-facade-max4m:75532:0:2","r03-c02:expanded-facade-max4m:75532:0:3","r03-c02:expanded-facade-max4m:75532:0:4","r03-c02:expanded-facade-max4m:75532:0:7","r03-c02:expanded-facade-max4m:75532:0:8"],"receiver_count":6,"periods":{"D":{"min":57.042877,"max":60.23725,"receiver_count":6,"unavailable_count":0},"E":{"min":54.82439,"max":58.018764,"receiver_count":6,"unavailable_count":0},"N":{"min":50.053177,"max":53.24755,"receiver_count":6,"unavailable_count":0}}}},{"type":"Feature","id":"lariac:388805886359","geometry":{"type":"Polygon","coordinates":[[[-118.57155975951707,34.17440889291365],[-118.57146772329429,34.1744100698217],[-118.57146956856462,34.17451063477899],[-118.57156160489814,34.17450945786956],[-118.57155975951707,34.17440889291365]]]},"properties":{"building_pk":75590,"building_key":"lariac:388805886359","source_tile":"r03-c02","source_tile_ids":["r03-c02"],"source_bld_id":"388805886359","height_m":6.925,"receiver_ids":[199512,199513,199514,199515,199516,199517,199518,199519,199520,199521],"receiver_keys":["r03-c02:expanded-facade-max4m:75590:0:1","r03-c02:expanded-facade-max4m:75590:0:10","r03-c02:expanded-facade-max4m:75590:0:2","r03-c02:expanded-facade-max4m:75590:0:3","r03-c02:expanded-facade-max4m:75590:0:4","r03-c02:expanded-facade-max4m:75590:0:5","r03-c02:expanded-facade-max4m:75590:0:6","r03-c02:expanded-facade-max4m:75590:0:7","r03-c02:expanded-facade-max4m:75590:0:8","r03-c02:expanded-facade-max4m:75590:0:9"],"receiver_count":10,"periods":{"D":{"min":63.904293,"max":73.33359,"receiver_count":10,"unavailable_count":0},"E":{"min":61.685806,"max":71.115105,"receiver_count":10,"unavailable_count":0},"N":{"min":56.914593,"max":66.34389,"receiver_count":10,"unavailable_count":0}}}},{"type":"Feature","id":"lariac:388749887175","geometry":{"type":"Polygon","coordinates":[[[-118.57179674103443,34.17671717632476],[-118.57181805328301,34.176700780130275],[-118.57181046358468,34.17666435121496],[-118.57179726117316,34.17665322996713],[-118.5717741633517,34.17662602415246],[-118.57172671663923,34.17663542709065],[-118.57158367434266,34.17669625521463],[-118.57162168906785,34.17675798555688],[-118.5716776664521,34.17673419875216],[-118.57173657788617,34.17682990508303],[-118.57175388534128,34.176822541481464],[-118.57178150148872,34.176867394422146],[-118.57185010514345,34.17683821700579],[-118.57182275645425,34.17679377482224],[-118.5718395035282,34.17678663383493],[-118.57179674103443,34.17671717632476]]]},"properties":{"building_pk":75595,"building_key":"lariac:388749887175","source_tile":"r03-c02","source_tile_ids":["r03-c02"],"source_bld_id":"388749887175","height_m":4.215,"receiver_ids":[199530,199531,199532,199533,199534,199535,199536,199537,199538,199539,199540,199541,199542,199543,199544,199545,199546,199547,199548,199549],"receiver_keys":["r03-c02:expanded-facade-max4m:75595:0:1","r03-c02:expanded-facade-max4m:75595:0:10","r03-c02:expanded-facade-max4m:75595:0:11","r03-c02:expanded-facade-max4m:75595:0:13","r03-c02:expanded-facade-max4m:75595:0:14","r03-c02:expanded-facade-max4m:75595:0:15","r03-c02:expanded-facade-max4m:75595:0:16","r03-c02:expanded-facade-max4m:75595:0:17","r03-c02:expanded-facade-max4m:75595:0:18","r03-c02:expanded-facade-max4m:75595:0:19","r03-c02:expanded-facade-max4m:75595:0:2","r03-c02:expanded-facade-max4m:75595:0:21","r03-c02:expanded-facade-max4m:75595:0:22","r03-c02:expanded-facade-max4m:75595:0:3","r03-c02:expanded-facade-max4m:75595:0:4","r03-c02:expanded-facade-max4m:75595:0:5","r03-c02:expanded-facade-max4m:75595:0:6","r03-c02:expanded-facade-max4m:75595:0:7","r03-c02:expanded-facade-max4m:75595:0:8","r03-c02:expanded-facade-max4m:75595:0:9"],"receiver_count":20,"periods":{"D":{"min":68.521355,"max":70.026634,"receiver_count":20,"unavailable_count":0},"E":{"min":66.302864,"max":67.80815,"receiver_count":20,"unavailable_count":0},"N":{"min":61.531654,"max":63.036938,"receiver_count":20,"unavailable_count":0}}}},{"type":"Feature","id":"lariac:388688887474","geometry":{"type":"Polygon","coordinates":[[[-118.57187735885555,34.17755444155834],[-118.57184408574912,34.17759614750082],[-118.57188742956662,34.177620041758075],[-118.57192334972326,34.17757584403658],[-118.57193454738766,34.17758200813922],[-118.57192926988853,34.17758862789988],[-118.57196849900984,34.17761026067688],[-118.57194410831713,34.17764079506314],[-118.57198698841052,34.17766444445452],[-118.5720218673945,34.17762075288691],[-118.57199777341056,34.17760748430486],[-118.57203711135139,34.17755819288185],[-118.57200033873644,34.17753792246394],[-118.57200144442886,34.17753527931312],[-118.57200332700164,34.17753013160145],[-118.57200299875049,34.17752559928291],[-118.57200193626203,34.17752013553454],[-118.57199978670334,34.17751528186443],[-118.57199838492484,34.17751333755028],[-118.57205165496755,34.177446586716634],[-118.57202497163044,34.1774318734907],[-118.57202631584836,34.177430164113886],[-118.57196953115663,34.177398830814],[-118.57192229256032,34.17745802518649],[-118.57189016612561,34.17744031569108],[-118.57185784385858,34.17748083521553],[-118.5718707542794,34.177487945961886],[-118.57183593998384,34.17753158308715],[-118.57187735885555,34.17755444155834]]]},"properties":{"building_pk":75626,"building_key":"lariac:388688887474","source_tile":"r03-c02","source_tile_ids":["r03-c02"],"source_bld_id":"388688887474","height_m":3.962,"receiver_ids":[199620,199621,199622,199623,199624,199625,199626,199627,199628,199629,199630,199631,199632,199633,199634,199635,199636,199637,199638,199639,199640,199641,199642],"receiver_keys":["r03-c02:expanded-facade-max4m:75626:0:1","r03-c02:expanded-facade-max4m:75626:0:10","r03-c02:expanded-facade-max4m:75626:0:12","r03-c02:expanded-facade-max4m:75626:0:13","r03-c02:expanded-facade-max4m:75626:0:14","r03-c02:expanded-facade-max4m:75626:0:15","r03-c02:expanded-facade-max4m:75626:0:16","r03-c02:expanded-facade-max4m:75626:0:17","r03-c02:expanded-facade-max4m:75626:0:18","r03-c02:expanded-facade-max4m:75626:0:19","r03-c02:expanded-facade-max4m:75626:0:2","r03-c02:expanded-facade-max4m:75626:0:20","r03-c02:expanded-facade-max4m:75626:0:22","r03-c02:expanded-facade-max4m:75626:0:23","r03-c02:expanded-facade-max4m:75626:0:25","r03-c02:expanded-facade-max4m:75626:0:26","r03-c02:expanded-facade-max4m:75626:0:3","r03-c02:expanded-facade-max4m:75626:0:4","r03-c02:expanded-facade-max4m:75626:0:5","r03-c02:expanded-facade-max4m:75626:0:6","r03-c02:expanded-facade-max4m:75626:0:7","r03-c02:expanded-facade-max4m:75626:0:8","r03-c02:expanded-facade-max4m:75626:0:9"],"receiver_count":23,"periods":{"D":{"min":67.49591,"max":69.302605,"receiver_count":23,"unavailable_count":0},"E":{"min":65.27743,"max":67.08412,"receiver_count":23,"unavailable_count":0},"N":{"min":60.506214,"max":62.312904,"receiver_count":23,"unavailable_count":0}}}},{"type":"Feature","id":"lariac:389147887383","geometry":{"type":"Polygon","coordinates":[[[-118.5705115922393,34.177263540691065],[-118.57052923946567,34.17726222052326],[-118.57052210428672,34.17720507007408],[-118.57047402557237,34.17720919875616],[-118.5704724155101,34.17719612673349],[-118.57031635203496,34.1772095574323],[-118.57031793989461,34.177224306435654],[-118.57031324756457,34.17722465852855],[-118.57032482474779,34.177331882398995],[-118.57040765827193,34.17732390795362],[-118.57041158647742,34.17735208254696],[-118.57052247355587,34.177341419826554],[-118.5705115922393,34.177263540691065]]]},"properties":{"building_pk":76437,"building_key":"lariac:389147887383","source_tile":"r03-c02","source_tile_ids":["r03-c02"],"source_bld_id":"389147887383","height_m":5.508,"receiver_ids":[200582,200583,200584,200585,200586,200587,200588,200589,200590,200591,200592,200593,200594,200595],"receiver_keys":["r03-c02:expanded-facade-max4m:76437:0:1","r03-c02:expanded-facade-max4m:76437:0:13","r03-c02:expanded-facade-max4m:76437:0:14","r03-c02:expanded-facade-max4m:76437:0:15","r03-c02:expanded-facade-max4m:76437:0:16","r03-c02:expanded-facade-max4m:76437:0:17","r03-c02:expanded-facade-max4m:76437:0:18","r03-c02:expanded-facade-max4m:76437:0:19","r03-c02:expanded-facade-max4m:76437:0:2","r03-c02:expanded-facade-max4m:76437:0:3","r03-c02:expanded-facade-max4m:76437:0:5","r03-c02:expanded-facade-max4m:76437:0:6","r03-c02:expanded-facade-max4m:76437:0:7","r03-c02:expanded-facade-max4m:76437:0:8"],"receiver_count":14,"periods":{"D":{"min":58.009354,"max":67.97072,"receiver_count":14,"unavailable_count":0},"E":{"min":55.790863,"max":65.75223,"receiver_count":14,"unavailable_count":0},"N":{"min":51.019653,"max":60.981014,"receiver_count":14,"unavailable_count":0}}}},{"type":"Feature","id":"lariac:387513887892","geometry":{"type":"Polygon","coordinates":[[[-118.57590629967781,34.17874745671717],[-118.57590630254325,34.17868068283767],[-118.57588408349034,34.17868067864948],[-118.57588412702498,34.17860060407641],[-118.57569870761432,34.178600552827845],[-118.5756986559739,34.17869868088621],[-118.5758077326003,34.17869871156741],[-118.57580770501895,34.178747432116474],[-118.57590629967781,34.17874745671717]]]},"properties":{"building_pk":76546,"building_key":"lariac:387513887892","source_tile":"r03-c02","source_tile_ids":["r03-c02"],"source_bld_id":"387513887892","height_m":5.002,"receiver_ids":[200702,200703,200704,200705,200706,200707,200708,200709,200710,200711,200712,200713,200714,200715,200716,200717],"receiver_keys":["r03-c02:expanded-facade-max4m:76546:0:1","r03-c02:expanded-facade-max4m:76546:0:10","r03-c02:expanded-facade-max4m:76546:0:11","r03-c02:expanded-facade-max4m:76546:0:12","r03-c02:expanded-facade-max4m:76546:0:13","r03-c02:expanded-facade-max4m:76546:0:14","r03-c02:expanded-facade-max4m:76546:0:16","r03-c02:expanded-facade-max4m:76546:0:17","r03-c02:expanded-facade-max4m:76546:0:18","r03-c02:expanded-facade-max4m:76546:0:2","r03-c02:expanded-facade-max4m:76546:0:4","r03-c02:expanded-facade-max4m:76546:0:5","r03-c02:expanded-facade-max4m:76546:0:6","r03-c02:expanded-facade-max4m:76546:0:7","r03-c02:expanded-facade-max4m:76546:0:8","r03-c02:expanded-facade-max4m:76546:0:9"],"receiver_count":16,"periods":{"D":{"min":52.278915,"max":56.544525,"receiver_count":16,"unavailable_count":0},"E":{"min":50.06043,"max":54.326035,"receiver_count":16,"unavailable_count":0},"N":{"min":45.289215,"max":49.554825,"receiver_count":16,"unavailable_count":0}}}},{"type":"Feature","id":"lariac:389418888283","geometry":{"type":"Polygon","coordinates":[[[-118.56968938188461,34.1797403746231],[-118.56964173843578,34.17974062697761],[-118.5696417140739,34.179737054268934],[-118.56960432026787,34.179737258333255],[-118.5696040490286,34.17970225080959],[-118.56958424398385,34.179702344082195],[-118.56958404675939,34.179678190813576],[-118.5695708217054,34.17967825309566],[-118.5695706719272,34.179661217302495],[-118.56946249090451,34.17966178171017],[-118.56946292256838,34.17972017275622],[-118.56945958267647,34.179720188481866],[-118.56945985483628,34.17976011392989],[-118.56947757720708,34.17976003048418],[-118.5694780656824,34.17982691291638],[-118.56969003064209,34.17982580469012],[-118.56968938188461,34.1797403746231]]]},"properties":{"building_pk":77161,"building_key":"lariac:389418888283","source_tile":"r03-c02","source_tile_ids":["r03-c02"],"source_bld_id":"389418888283","height_m":5.877,"receiver_ids":[201414,201415,201416,201417,201418,201419,201420,201421],"receiver_keys":["r03-c02:expanded-facade-max4m:77161:0:1","r03-c02:expanded-facade-max4m:77161:0:10","r03-c02:expanded-facade-max4m:77161:0:2","r03-c02:expanded-facade-max4m:77161:0:3","r03-c02:expanded-facade-max4m:77161:0:6","r03-c02:expanded-facade-max4m:77161:0:7","r03-c02:expanded-facade-max4m:77161:0:8","r03-c02:expanded-facade-max4m:77161:0:9"],"receiver_count":8,"periods":{"D":{"min":58.068428,"max":63.169342,"receiver_count":8,"unavailable_count":0},"E":{"min":55.84994,"max":60.950855,"receiver_count":8,"unavailable_count":0},"N":{"min":51.078728,"max":56.179646,"receiver_count":8,"unavailable_count":0}}}},{"type":"Feature","id":"lariac:389216886109","geometry":{"type":"Polygon","coordinates":[[[-118.5701730410244,34.17379179938864],[-118.57017278935751,34.173754923773664],[-118.57013229050251,34.17375511470511],[-118.57013254215148,34.17379199032013],[-118.5701730410244,34.17379179938864]]]},"properties":{"building_pk":77255,"building_key":"lariac:389216886109","source_tile":"r03-c02","source_tile_ids":["r03-c02"],"source_bld_id":"389216886109","height_m":2.173,"receiver_ids":[201534,201535,201536,201537],"receiver_keys":["r03-c02:expanded-facade-max4m:77255:0:1","r03-c02:expanded-facade-max4m:77255:0:2","r03-c02:expanded-facade-max4m:77255:0:3","r03-c02:expanded-facade-max4m:77255:0:4"],"receiver_count":4,"periods":{"D":{"min":74.78942,"max":75.34676,"receiver_count":4,"unavailable_count":0},"E":{"min":72.57094,"max":73.12827,"receiver_count":4,"unavailable_count":0},"N":{"min":67.79972,"max":68.35706,"receiver_count":4,"unavailable_count":0}}}},{"type":"Feature","id":"lariac:387701887796","geometry":{"type":"Polygon","coordinates":[[[-118.57510435982822,34.178365053371444],[-118.5750975689201,34.1783536540674],[-118.57505909344,34.17836950046678],[-118.57511264652982,34.178459322829156],[-118.57528247301467,34.17838937742919],[-118.57523571070875,34.17831095443872],[-118.57510435982822,34.178365053371444]]]},"properties":{"building_pk":77306,"building_key":"lariac:387701887796","source_tile":"r03-c02","source_tile_ids":["r03-c02"],"source_bld_id":"387701887796","height_m":4.289,"receiver_ids":[201626,201627,201628,201629,201630,201631,201632,201633,201634,201635,201636,201637,201638],"receiver_keys":["r03-c02:expanded-facade-max4m:77306:0:1","r03-c02:expanded-facade-max4m:77306:0:10","r03-c02:expanded-facade-max4m:77306:0:11","r03-c02:expanded-facade-max4m:77306:0:12","r03-c02:expanded-facade-max4m:77306:0:13","r03-c02:expanded-facade-max4m:77306:0:14","r03-c02:expanded-facade-max4m:77306:0:15","r03-c02:expanded-facade-max4m:77306:0:2","r03-c02:expanded-facade-max4m:77306:0:5","r03-c02:expanded-facade-max4m:77306:0:6","r03-c02:expanded-facade-max4m:77306:0:7","r03-c02:expanded-facade-max4m:77306:0:8","r03-c02:expanded-facade-max4m:77306:0:9"],"receiver_count":13,"periods":{"D":{"min":55.304527,"max":68.37704,"receiver_count":13,"unavailable_count":0},"E":{"min":53.08604,"max":66.15855,"receiver_count":13,"unavailable_count":0},"N":{"min":48.314827,"max":61.387337,"receiver_count":13,"unavailable_count":0}}}},{"type":"Feature","id":"lariac:388883886071","geometry":{"type":"Polygon","coordinates":[[[-118.57144320438643,34.1736481888704],[-118.57144226175933,34.17358284842827],[-118.57130410808878,34.17358424311986],[-118.57130417144013,34.173588748743306],[-118.5711903488408,34.173589891327055],[-118.57119359988563,34.17381394059901],[-118.5713123491121,34.173812747693674],[-118.57131184806856,34.173778181212406],[-118.57136113944375,34.173777674276494],[-118.5713593469812,34.173655784821506],[-118.57131151001377,34.173656257839994],[-118.57131143124973,34.17364949842636],[-118.57144320438643,34.1736481888704]]]},"properties":{"building_pk":77377,"building_key":"lariac:388883886071","source_tile":"r03-c02","source_tile_ids":["r03-c02"],"source_bld_id":"388883886071","height_m":4.31,"receiver_ids":[201768,201769,201770,201771,201772,201773,201774,201775,201776,201777,201778,201779,201780,201781,201782,201783,201784,201785,201786,201787,201788,201789,201790],"receiver_keys":["r03-c02:expanded-facade-max4m:77377:0:10","r03-c02:expanded-facade-max4m:77377:0:11","r03-c02:expanded-facade-max4m:77377:0:12","r03-c02:expanded-facade-max4m:77377:0:13","r03-c02:expanded-facade-max4m:77377:0:14","r03-c02:expanded-facade-max4m:77377:0:15","r03-c02:expanded-facade-max4m:77377:0:16","r03-c02:expanded-facade-max4m:77377:0:17","r03-c02:expanded-facade-max4m:77377:0:18","r03-c02:expanded-facade-max4m:77377:0:19","r03-c02:expanded-facade-max4m:77377:0:20","r03-c02:expanded-facade-max4m:77377:0:21","r03-c02:expanded-facade-max4m:77377:0:22","r03-c02:expanded-facade-max4m:77377:0:23","r03-c02:expanded-facade-max4m:77377:0:26","r03-c02:expanded-facade-max4m:77377:0:27","r03-c02:expanded-facade-max4m:77377:0:3","r03-c02:expanded-facade-max4m:77377:0:4","r03-c02:expanded-facade-max4m:77377:0:5","r03-c02:expanded-facade-max4m:77377:0:6","r03-c02:expanded-facade-max4m:77377:0:7","r03-c02:expanded-facade-max4m:77377:0:8","r03-c02:expanded-facade-max4m:77377:0:9"],"receiver_count":23,"periods":{"D":{"min":69.65107,"max":76.30511,"receiver_count":23,"unavailable_count":0},"E":{"min":67.43258,"max":74.086624,"receiver_count":23,"unavailable_count":0},"N":{"min":62.66137,"max":69.31541,"receiver_count":23,"unavailable_count":0}}}},{"type":"Feature","id":"lariac:389178887959","geometry":{"type":"Polygon","coordinates":[[[-118.57033684826395,34.17883644688348],[-118.57029598646665,34.1788322977281],[-118.57028840550844,34.17888415879922],[-118.57032923351969,34.17888828107021],[-118.57033684826395,34.17883644688348]]]},"properties":{"building_pk":77569,"building_key":"lariac:389178887959","source_tile":"r03-c02","source_tile_ids":["r03-c02"],"source_bld_id":"389178887959","height_m":4.41,"receiver_ids":[202048,202049,202050,202051,202052],"receiver_keys":["r03-c02:expanded-facade-max4m:77569:0:1","r03-c02:expanded-facade-max4m:77569:0:2","r03-c02:expanded-facade-max4m:77569:0:3","r03-c02:expanded-facade-max4m:77569:0:4","r03-c02:expanded-facade-max4m:77569:0:5"],"receiver_count":5,"periods":{"D":{"min":53.330368,"max":54.554523,"receiver_count":5,"unavailable_count":0},"E":{"min":51.111877,"max":52.336037,"receiver_count":5,"unavailable_count":0},"N":{"min":46.340668,"max":47.564823,"receiver_count":5,"unavailable_count":0}}}},{"type":"Feature","id":"lariac:389120888145","geometry":{"type":"Polygon","coordinates":[[[-118.57043168694373,34.17933219024622],[-118.57041014614458,34.17941692800125],[-118.57058762637214,34.17940166429476],[-118.57057741206984,34.17931968719697],[-118.57043168694373,34.17933219024622]]]},"properties":{"building_pk":77775,"building_key":"lariac:389120888145","source_tile":"r03-c02","source_tile_ids":["r03-c02"],"source_bld_id":"389120888145","height_m":6.13,"receiver_ids":[202223,202224,202225,202226,202227,202228,202229,202230,202231,202232,202233,202234,202235],"receiver_keys":["r03-c02:expanded-facade-max4m:77775:0:1","r03-c02:expanded-facade-max4m:77775:0:10","r03-c02:expanded-facade-max4m:77775:0:11","r03-c02:expanded-facade-max4m:77775:0:12","r03-c02:expanded-facade-max4m:77775:0:13","r03-c02:expanded-facade-max4m:77775:0:2","r03-c02:expanded-facade-max4m:77775:0:3","r03-c02:expanded-facade-max4m:77775:0:4","r03-c02:expanded-facade-max4m:77775:0:5","r03-c02:expanded-facade-max4m:77775:0:6","r03-c02:expanded-facade-max4m:77775:0:7","r03-c02:expanded-facade-max4m:77775:0:8","r03-c02:expanded-facade-max4m:77775:0:9"],"receiver_count":13,"periods":{"D":{"min":59.82009,"max":65.94921,"receiver_count":13,"unavailable_count":0},"E":{"min":57.601604,"max":63.730724,"receiver_count":13,"unavailable_count":0},"N":{"min":52.83039,"max":58.95951,"receiver_count":13,"unavailable_count":0}}}},{"type":"Feature","id":"lariac:387553887746","geometry":{"type":"Polygon","coordinates":[[[-118.57577488688023,34.17827464392662],[-118.57574822890618,34.17818205680296],[-118.57556844575959,34.17821775545656],[-118.57559507120313,34.17831037162331],[-118.57577488688023,34.17827464392662]]]},"properties":{"building_pk":77974,"building_key":"lariac:387553887746","source_tile":"r03-c02","source_tile_ids":["r03-c02"],"source_bld_id":"387553887746","height_m":4.499,"receiver_ids":[202366,202367,202368,202369,202370,202371,202372,202373,202374,202375,202376,202377,202378,202379],"receiver_keys":["r03-c02:expanded-facade-max4m:77974:0:1","r03-c02:expanded-facade-max4m:77974:0:10","r03-c02:expanded-facade-max4m:77974:0:11","r03-c02:expanded-facade-max4m:77974:0:12","r03-c02:expanded-facade-max4m:77974:0:13","r03-c02:expanded-facade-max4m:77974:0:14","r03-c02:expanded-facade-max4m:77974:0:2","r03-c02:expanded-facade-max4m:77974:0:3","r03-c02:expanded-facade-max4m:77974:0:4","r03-c02:expanded-facade-max4m:77974:0:5","r03-c02:expanded-facade-max4m:77974:0:6","r03-c02:expanded-facade-max4m:77974:0:7","r03-c02:expanded-facade-max4m:77974:0:8","r03-c02:expanded-facade-max4m:77974:0:9"],"receiver_count":14,"periods":{"D":{"min":55.93734,"max":68.37551,"receiver_count":14,"unavailable_count":0},"E":{"min":53.718853,"max":66.15702,"receiver_count":14,"unavailable_count":0},"N":{"min":48.94764,"max":61.38581,"receiver_count":14,"unavailable_count":0}}}},{"type":"Feature","id":"lariac:387491887802","geometry":{"type":"Polygon","coordinates":[[[-118.57592533749519,34.178429982392785],[-118.5759208756448,34.17836779069264],[-118.57584574862877,34.17837150036454],[-118.5758502104234,34.17843369206747],[-118.57592533749519,34.178429982392785]]]},"properties":{"building_pk":78387,"building_key":"lariac:387491887802","source_tile":"r03-c02","source_tile_ids":["r03-c02"],"source_bld_id":"387491887802","height_m":4.404,"receiver_ids":[202982,202983,202984,202985,202986],"receiver_keys":["r03-c02:expanded-facade-max4m:78387:0:1","r03-c02:expanded-facade-max4m:78387:0:2","r03-c02:expanded-facade-max4m:78387:0:4","r03-c02:expanded-facade-max4m:78387:0:6","r03-c02:expanded-facade-max4m:78387:0:7"],"receiver_count":5,"periods":{"D":{"min":54.8725,"max":58.149242,"receiver_count":5,"unavailable_count":0},"E":{"min":52.65401,"max":55.930756,"receiver_count":5,"unavailable_count":0},"N":{"min":47.8828,"max":51.159542,"receiver_count":5,"unavailable_count":0}}}},{"type":"Feature","id":"lariac:389026887211","geometry":{"type":"Polygon","coordinates":[[[-118.5707005689121,34.17688586270944],[-118.5707452680897,34.176875006327286],[-118.5707451644478,34.176849674298445],[-118.57078516947148,34.176849540493805],[-118.5707850938708,34.17683371242189],[-118.57085419295471,34.176833496274305],[-118.57085392542272,34.176765293841015],[-118.57077908031576,34.17676658199809],[-118.57077858364812,34.17674707400294],[-118.57077534894118,34.17674293945659],[-118.57076294757763,34.176737750089345],[-118.57072784016353,34.17673851980442],[-118.57072106578738,34.17674388260964],[-118.570690122432,34.17674430359932],[-118.57069037740943,34.17675749290358],[-118.57064095396618,34.17675813811741],[-118.57064085382669,34.17675316476521],[-118.57059533094561,34.17675379155606],[-118.57059690062354,34.176833528525115],[-118.57055689842704,34.17683407516191],[-118.57055815679541,34.17689777691453],[-118.57065552070499,34.1768964403414],[-118.5706551714667,34.176850235996135],[-118.5706788442333,34.17685017928881],[-118.57067898864908,34.17688592938121],[-118.5707005689121,34.17688586270944]]]},"properties":{"building_pk":78482,"building_key":"lariac:389026887211","source_tile":"r03-c02","source_tile_ids":["r03-c02"],"source_bld_id":"389026887211","height_m":8.492,"receiver_ids":[203144,203145,203146,203147,203148,203149,203150,203151,203152,203153,203154,203155,203156,203157,203158,203159,203160,203161,203162,203163,203164],"receiver_keys":["r03-c02:expanded-facade-max4m:78482:0:1","r03-c02:expanded-facade-max4m:78482:0:10","r03-c02:expanded-facade-max4m:78482:0:11","r03-c02:expanded-facade-max4m:78482:0:12","r03-c02:expanded-facade-max4m:78482:0:13","r03-c02:expanded-facade-max4m:78482:0:14","r03-c02:expanded-facade-max4m:78482:0:15","r03-c02:expanded-facade-max4m:78482:0:16","r03-c02:expanded-facade-max4m:78482:0:18","r03-c02:expanded-facade-max4m:78482:0:19","r03-c02:expanded-facade-max4m:78482:0:2","r03-c02:expanded-facade-max4m:78482:0:20","r03-c02:expanded-facade-max4m:78482:0:21","r03-c02:expanded-facade-max4m:78482:0:22","r03-c02:expanded-facade-max4m:78482:0:25","r03-c02:expanded-facade-max4m:78482:0:3","r03-c02:expanded-facade-max4m:78482:0:4","r03-c02:expanded-facade-max4m:78482:0:5","r03-c02:expanded-facade-max4m:78482:0:6","r03-c02:expanded-facade-max4m:78482:0:7","r03-c02:expanded-facade-max4m:78482:0:8"],"receiver_count":21,"periods":{"D":{"min":52.698486,"max":70.09799,"receiver_count":21,"unavailable_count":0},"E":{"min":50.48,"max":67.8795,"receiver_count":21,"unavailable_count":0},"N":{"min":45.708786,"max":63.10829,"receiver_count":21,"unavailable_count":0}}}},{"type":"Feature","id":"lariac:389186887116","geometry":{"type":"Polygon","coordinates":[[[-118.57029020499601,34.17655177544938],[-118.57028073360613,34.17652530296354],[-118.57025422967875,34.176531857757084],[-118.5702637012517,34.176558358192004],[-118.57029020499601,34.17655177544938]]]},"properties":{"building_pk":78535,"building_key":"lariac:389186887116","source_tile":"r03-c02","source_tile_ids":["r03-c02"],"source_bld_id":"389186887116","height_m":2.402,"receiver_ids":[203187,203188,203189],"receiver_keys":["r03-c02:expanded-facade-max4m:78535:0:1","r03-c02:expanded-facade-max4m:78535:0:2","r03-c02:expanded-facade-max4m:78535:0:4"],"receiver_count":3,"periods":{"D":{"min":68.68818,"max":69.12929,"receiver_count":3,"unavailable_count":0},"E":{"min":66.469696,"max":66.9108,"receiver_count":3,"unavailable_count":0},"N":{"min":61.698483,"max":62.139587,"receiver_count":3,"unavailable_count":0}}}},{"type":"Feature","id":"lariac:388806886598","geometry":{"type":"Polygon","coordinates":[[[-118.57147147567579,34.175205534999975],[-118.57155806188808,34.1752055937239],[-118.5715573136288,34.1750275700308],[-118.57147115501165,34.17502767517107],[-118.57147147567579,34.175205534999975]]]},"properties":{"building_pk":83056,"building_key":"lariac:388806886598","source_tile":"r03-c02","source_tile_ids":["r03-c02"],"source_bld_id":"388806886598","height_m":3.734,"receiver_ids":[205173,205174,205175,205176,205177,205178,205179,205180,205181,205182,205183,205184,205185,205186],"receiver_keys":["r03-c02:expanded-facade-max4m:83056:0:1","r03-c02:expanded-facade-max4m:83056:0:10","r03-c02:expanded-facade-max4m:83056:0:11","r03-c02:expanded-facade-max4m:83056:0:12","r03-c02:expanded-facade-max4m:83056:0:13","r03-c02:expanded-facade-max4m:83056:0:14","r03-c02:expanded-facade-max4m:83056:0:2","r03-c02:expanded-facade-max4m:83056:0:3","r03-c02:expanded-facade-max4m:83056:0:4","r03-c02:expanded-facade-max4m:83056:0:5","r03-c02:expanded-facade-max4m:83056:0:6","r03-c02:expanded-facade-max4m:83056:0:7","r03-c02:expanded-facade-max4m:83056:0:8","r03-c02:expanded-facade-max4m:83056:0:9"],"receiver_count":14,"periods":{"D":{"min":71.4107,"max":71.95637,"receiver_count":14,"unavailable_count":0},"E":{"min":69.19221,"max":69.73788,"receiver_count":14,"unavailable_count":0},"N":{"min":64.421,"max":64.96667,"receiver_count":14,"unavailable_count":0}}}},{"type":"Feature","id":"lariac:388820888066","geometry":{"type":"Polygon","coordinates":[[[-118.57148011197239,34.17912919928206],[-118.57147447005045,34.17912855248664],[-118.57146363755722,34.17915851153254],[-118.57154574893275,34.17916729674907],[-118.57156138622419,34.17913850953655],[-118.57151677412232,34.179133397634686],[-118.57148011197239,34.17912919928206]]]},"properties":{"building_pk":83079,"building_key":"lariac:388820888066","source_tile":"r03-c02","source_tile_ids":["r03-c02"],"source_bld_id":"388820888066","height_m":4.609,"receiver_ids":[205283,205284,205285,205286,205287,205288],"receiver_keys":["r03-c02:expanded-facade-max4m:83079:0:1","r03-c02:expanded-facade-max4m:83079:0:2","r03-c02:expanded-facade-max4m:83079:0:3","r03-c02:expanded-facade-max4m:83079:0:4","r03-c02:expanded-facade-max4m:83079:0:5","r03-c02:expanded-facade-max4m:83079:0:6"],"receiver_count":6,"periods":{"D":{"min":59.81586,"max":66.594,"receiver_count":6,"unavailable_count":0},"E":{"min":57.597374,"max":64.37551,"receiver_count":6,"unavailable_count":0},"N":{"min":52.82616,"max":59.604298,"receiver_count":6,"unavailable_count":0}}}},{"type":"Feature","id":"lariac:389090887024","geometry":{"type":"Polygon","coordinates":[[[-118.57070700526094,34.1763505299741],[-118.57069759842514,34.17632383723884],[-118.5707271404854,34.176316636027344],[-118.57071746297842,34.176289065564404],[-118.57072343744073,34.17628760842156],[-118.57070684877473,34.17624044934276],[-118.57069621983611,34.176243027432214],[-118.5706841158027,34.17620862568929],[-118.57069302832907,34.17620646860806],[-118.57067569760933,34.17615722504817],[-118.57059235366825,34.17617748564365],[-118.57061315692789,34.176236632532685],[-118.57052096652856,34.17625905074364],[-118.57053701614973,34.176304645504906],[-118.57053232822395,34.17630579365018],[-118.57054439854777,34.17634003148592],[-118.57054898686243,34.17633890995492],[-118.5705543821727,34.17635430092408],[-118.57055636287942,34.17635382457938],[-118.57056718528378,34.17638449457518],[-118.57070700526094,34.1763505299741]]]},"properties":{"building_pk":83638,"building_key":"lariac:389090887024","source_tile":"r03-c02","source_tile_ids":["r03-c02"],"source_bld_id":"389090887024","height_m":7.596,"receiver_ids":[205754,205755,205756,205757,205758,205759,205760,205761,205762,205763,205764,205765,205766,205767,205768,205769,205770,205771,205772],"receiver_keys":["r03-c02:expanded-facade-max4m:83638:0:1","r03-c02:expanded-facade-max4m:83638:0:10","r03-c02:expanded-facade-max4m:83638:0:12","r03-c02:expanded-facade-max4m:83638:0:13","r03-c02:expanded-facade-max4m:83638:0:14","r03-c02:expanded-facade-max4m:83638:0:15","r03-c02:expanded-facade-max4m:83638:0:16","r03-c02:expanded-facade-max4m:83638:0:17","r03-c02:expanded-facade-max4m:83638:0:18","r03-c02:expanded-facade-max4m:83638:0:19","r03-c02:expanded-facade-max4m:83638:0:2","r03-c02:expanded-facade-max4m:83638:0:20","r03-c02:expanded-facade-max4m:83638:0:3","r03-c02:expanded-facade-max4m:83638:0:4","r03-c02:expanded-facade-max4m:83638:0:5","r03-c02:expanded-facade-max4m:83638:0:6","r03-c02:expanded-facade-max4m:83638:0:7","r03-c02:expanded-facade-max4m:83638:0:8","r03-c02:expanded-facade-max4m:83638:0:9"],"receiver_count":19,"periods":{"D":{"min":62.18402,"max":71.49931,"receiver_count":19,"unavailable_count":0},"E":{"min":59.965534,"max":69.28082,"receiver_count":19,"unavailable_count":0},"N":{"min":55.19432,"max":64.50961,"receiver_count":19,"unavailable_count":0}}}},{"type":"Feature","id":"lariac:389160888279","geometry":{"type":"Polygon","coordinates":[[[-118.5703942849152,34.17967973110359],[-118.57027428349825,34.17974088803762],[-118.57027452153785,34.1797369850277],[-118.57021790000341,34.17973461407292],[-118.57021439078262,34.179792144692236],[-118.57022100557059,34.179792443471115],[-118.57021951805379,34.179816714671155],[-118.57028050592403,34.179819257066455],[-118.57028199398935,34.17979506880513],[-118.5702904933293,34.17979541278685],[-118.57029218729899,34.17976754074242],[-118.57031343849314,34.17975650389007],[-118.5703492085815,34.17980414956185],[-118.57044847774142,34.179752652129444],[-118.5704603202761,34.17975823002826],[-118.57049901432569,34.17970157742796],[-118.5705070145605,34.17970142970192],[-118.57050659724588,34.17968384522841],[-118.5704965132423,34.17968400278359],[-118.57049572973405,34.179651553557214],[-118.57050025919813,34.179651477197424],[-118.57049882541642,34.17959163398177],[-118.57041786115863,34.1795929778137],[-118.57041878739822,34.179631719152596],[-118.5703931333917,34.17963214216104],[-118.5703942849152,34.17967973110359]]]},"properties":{"building_pk":83676,"building_key":"lariac:389160888279","source_tile":"r03-c02","source_tile_ids":["r03-c02"],"source_bld_id":"389160888279","height_m":6.084,"receiver_ids":[205842,205843,205844,205845,205846,205847,205856,205857,205858,205859,205860,205861,205862,205863,205864,205865],"receiver_keys":["r03-c02:expanded-facade-max4m:83676:0:1","r03-c02:expanded-facade-max4m:83676:0:17","r03-c02:expanded-facade-max4m:83676:0:18","r03-c02:expanded-facade-max4m:83676:0:19","r03-c02:expanded-facade-max4m:83676:0:2","r03-c02:expanded-facade-max4m:83676:0:20","r03-c02:expanded-facade-max4m:83676:0:21","r03-c02:expanded-facade-max4m:83676:0:22","r03-c02:expanded-facade-max4m:83676:0:23","r03-c02:expanded-facade-max4m:83676:0:24","r03-c02:expanded-facade-max4m:83676:0:25","r03-c02:expanded-facade-max4m:83676:0:26","r03-c02:expanded-facade-max4m:83676:0:3","r03-c02:expanded-facade-max4m:83676:0:4","r03-c02:expanded-facade-max4m:83676:0:5","r03-c02:expanded-facade-max4m:83676:0:6"],"receiver_count":16,"periods":{"D":{"min":55.24209,"max":65.87844,"receiver_count":16,"unavailable_count":0},"E":{"min":53.023598,"max":63.659954,"receiver_count":16,"unavailable_count":0},"N":{"min":48.252388,"max":58.88874,"receiver_count":16,"unavailable_count":0}}}},{"type":"Feature","id":"lariac:388968887293","geometry":{"type":"Polygon","coordinates":[[[-118.57093883368503,34.17707543568292],[-118.5710731563769,34.17705435625528],[-118.57106214637956,34.177005962810505],[-118.57103879557289,34.17700964589034],[-118.57102683142405,34.176957024192966],[-118.57105338429099,34.176880177323774],[-118.57097665339218,34.17686188122529],[-118.57094322674077,34.176958600832535],[-118.57091158908895,34.17696394398677],[-118.57093883368503,34.17707543568292]]]},"properties":{"building_pk":84254,"building_key":"lariac:388968887293","source_tile":"r03-c02","source_tile_ids":["r03-c02"],"source_bld_id":"388968887293","height_m":7.632,"receiver_ids":[206551,206552,206553,206554,206555,206556,206557,206558,206559,206560,206561,206562,206563,206564,206565,206566,206567],"receiver_keys":["r03-c02:expanded-facade-max4m:84254:0:1","r03-c02:expanded-facade-max4m:84254:0:10","r03-c02:expanded-facade-max4m:84254:0:11","r03-c02:expanded-facade-max4m:84254:0:12","r03-c02:expanded-facade-max4m:84254:0:13","r03-c02:expanded-facade-max4m:84254:0:14","r03-c02:expanded-facade-max4m:84254:0:15","r03-c02:expanded-facade-max4m:84254:0:16","r03-c02:expanded-facade-max4m:84254:0:17","r03-c02:expanded-facade-max4m:84254:0:18","r03-c02:expanded-facade-max4m:84254:0:2","r03-c02:expanded-facade-max4m:84254:0:3","r03-c02:expanded-facade-max4m:84254:0:4","r03-c02:expanded-facade-max4m:84254:0:5","r03-c02:expanded-facade-max4m:84254:0:7","r03-c02:expanded-facade-max4m:84254:0:8","r03-c02:expanded-facade-max4m:84254:0:9"],"receiver_count":17,"periods":{"D":{"min":61.86443,"max":70.96433,"receiver_count":17,"unavailable_count":0},"E":{"min":59.645943,"max":68.74585,"receiver_count":17,"unavailable_count":0},"N":{"min":54.87473,"max":63.974632,"receiver_count":17,"unavailable_count":0}}}},{"type":"Feature","id":"lariac:389091886918","geometry":{"type":"Polygon","coordinates":[[[-118.57047200093861,34.175895897721176],[-118.57027349765731,34.17589622896352],[-118.5702736739249,34.17596575078611],[-118.57047829517299,34.175965417731895],[-118.57047846342337,34.17604343034518],[-118.57050964108072,34.176043365315],[-118.57050965316309,34.17605482389699],[-118.57065436507948,34.176054581113036],[-118.5706540233126,34.175907678645856],[-118.57047201733114,34.175907988265855],[-118.57047200093861,34.175895897721176]]]},"properties":{"building_pk":84454,"building_key":"lariac:389091886918","source_tile":"r03-c02","source_tile_ids":["r03-c02"],"source_bld_id":"389091886918","height_m":4.755,"receiver_ids":[206843,206844,206845,206846,206847,206848,206849,206850,206851,206852,206853,206854,206855,206856,206857,206858,206859,206860,206861,206862,206863,206864,206865,206866],"receiver_keys":["r03-c02:expanded-facade-max4m:84454:0:1","r03-c02:expanded-facade-max4m:84454:0:10","r03-c02:expanded-facade-max4m:84454:0:11","r03-c02:expanded-facade-max4m:84454:0:13","r03-c02:expanded-facade-max4m:84454:0:14","r03-c02:expanded-facade-max4m:84454:0:16","r03-c02:expanded-facade-max4m:84454:0:17","r03-c02:expanded-facade-max4m:84454:0:18","r03-c02:expanded-facade-max4m:84454:0:19","r03-c02:expanded-facade-max4m:84454:0:2","r03-c02:expanded-facade-max4m:84454:0:20","r03-c02:expanded-facade-max4m:84454:0:21","r03-c02:expanded-facade-max4m:84454:0:22","r03-c02:expanded-facade-max4m:84454:0:23","r03-c02:expanded-facade-max4m:84454:0:24","r03-c02:expanded-facade-max4m:84454:0:25","r03-c02:expanded-facade-max4m:84454:0:26","r03-c02:expanded-facade-max4m:84454:0:3","r03-c02:expanded-facade-max4m:84454:0:4","r03-c02:expanded-facade-max4m:84454:0:5","r03-c02:expanded-facade-max4m:84454:0:6","r03-c02:expanded-facade-max4m:84454:0:7","r03-c02:expanded-facade-max4m:84454:0:8","r03-c02:expanded-facade-max4m:84454:0:9"],"receiver_count":24,"periods":{"D":{"min":60.89986,"max":71.90927,"receiver_count":24,"unavailable_count":0},"E":{"min":58.681374,"max":69.69078,"receiver_count":24,"unavailable_count":0},"N":{"min":53.91016,"max":64.91957,"receiver_count":24,"unavailable_count":0}}}},{"type":"Feature","id":"lariac:388789887922","geometry":{"type":"Polygon","coordinates":[[[-118.57152037673106,34.17881074551897],[-118.57163060305979,34.178833883844284],[-118.57166055465848,34.17873676846435],[-118.57172101679261,34.17874961727682],[-118.57174236475906,34.1786803516113],[-118.5716690890417,34.17866473252499],[-118.57166782713986,34.178668805360225],[-118.57157054452908,34.17864807883791],[-118.57152037673106,34.17881074551897]]]},"properties":{"building_pk":84491,"building_key":"lariac:388789887922","source_tile":"r03-c02","source_tile_ids":["r03-c02"],"source_bld_id":"388789887922","height_m":4.874,"receiver_ids":[206893,206894,206895,206896,206897,206898,206899,206900,206901,206902,206903,206904,206905,206906,206907,206908,206909],"receiver_keys":["r03-c02:expanded-facade-max4m:84491:0:1","r03-c02:expanded-facade-max4m:84491:0:10","r03-c02:expanded-facade-max4m:84491:0:11","r03-c02:expanded-facade-max4m:84491:0:12","r03-c02:expanded-facade-max4m:84491:0:13","r03-c02:expanded-facade-max4m:84491:0:14","r03-c02:expanded-facade-max4m:84491:0:15","r03-c02:expanded-facade-max4m:84491:0:16","r03-c02:expanded-facade-max4m:84491:0:17","r03-c02:expanded-facade-max4m:84491:0:18","r03-c02:expanded-facade-max4m:84491:0:2","r03-c02:expanded-facade-max4m:84491:0:3","r03-c02:expanded-facade-max4m:84491:0:4","r03-c02:expanded-facade-max4m:84491:0:5","r03-c02:expanded-facade-max4m:84491:0:7","r03-c02:expanded-facade-max4m:84491:0:8","r03-c02:expanded-facade-max4m:84491:0:9"],"receiver_count":17,"periods":{"D":{"min":54.903,"max":67.72223,"receiver_count":17,"unavailable_count":0},"E":{"min":52.684513,"max":65.503746,"receiver_count":17,"unavailable_count":0},"N":{"min":47.9133,"max":60.732533,"receiver_count":17,"unavailable_count":0}}}},{"type":"Feature","id":"lariac:389186887313","geometry":{"type":"Polygon","coordinates":[[[-118.57034963989936,34.17715054037349],[-118.57034416337453,34.17714740628447],[-118.57035518154304,34.17713413677001],[-118.57035245726455,34.177112771277244],[-118.57034239977517,34.17710707496327],[-118.57033890944426,34.1770751884447],[-118.57037876273189,34.17707219759235],[-118.57038878117399,34.17706264264795],[-118.5703829109454,34.1769970775137],[-118.57036986966341,34.17698999427303],[-118.57033328857075,34.17699291469743],[-118.57033023205608,34.17696657694638],[-118.57022591055461,34.176974900581115],[-118.57022654318925,34.17698033842331],[-118.57019293591863,34.17698302480685],[-118.57019666169325,34.1770154051676],[-118.57019012248442,34.177016452940556],[-118.57018014650312,34.177027463663634],[-118.57018216571093,34.17704232062349],[-118.57019658785657,34.17704813340774],[-118.57019912315538,34.17707090079593],[-118.5701855755223,34.17707195456459],[-118.5701890986695,34.17710373094416],[-118.57016371952267,34.17710569154928],[-118.57016255911572,34.17709555734161],[-118.57004746216306,34.17710442656905],[-118.5700551396725,34.17717322515618],[-118.57034963989936,34.17715054037349]]]},"properties":{"building_pk":84848,"building_key":"lariac:389186887313","source_tile":"r03-c02","source_tile_ids":["r03-c02"],"source_bld_id":"389186887313","height_m":12.14,"receiver_ids":[207320,207321,207322,207323,207324,207325,207326,207327,207328,207329,207330,207331,207332,207333,207334],"receiver_keys":["r03-c02:expanded-facade-max4m:84848:0:1","r03-c02:expanded-facade-max4m:84848:0:10","r03-c02:expanded-facade-max4m:84848:0:11","r03-c02:expanded-facade-max4m:84848:0:12","r03-c02:expanded-facade-max4m:84848:0:13","r03-c02:expanded-facade-max4m:84848:0:14","r03-c02:expanded-facade-max4m:84848:0:2","r03-c02:expanded-facade-max4m:84848:0:27","r03-c02:expanded-facade-max4m:84848:0:28","r03-c02:expanded-facade-max4m:84848:0:4","r03-c02:expanded-facade-max4m:84848:0:5","r03-c02:expanded-facade-max4m:84848:0:6","r03-c02:expanded-facade-max4m:84848:0:7","r03-c02:expanded-facade-max4m:84848:0:8","r03-c02:expanded-facade-max4m:84848:0:9"],"receiver_count":15,"periods":{"D":{"min":55.221436,"max":68.37234,"receiver_count":15,"unavailable_count":0},"E":{"min":53.00295,"max":66.153854,"receiver_count":15,"unavailable_count":0},"N":{"min":48.231735,"max":61.38264,"receiver_count":15,"unavailable_count":0}}}},{"type":"Feature","id":"lariac:389217887117","geometry":{"type":"Polygon","coordinates":[[[-118.5702512081756,34.17655418524638],[-118.57023808525467,34.17649651307253],[-118.5700804476159,34.176521328394735],[-118.57009360296642,34.17657899953086],[-118.5702512081756,34.17655418524638]]]},"properties":{"building_pk":85336,"building_key":"lariac:389217887117","source_tile":"r03-c02","source_tile_ids":["r03-c02"],"source_bld_id":"389217887117","height_m":4.782,"receiver_ids":[207795,207796,207797,207798,207799,207800,207801,207802,207803,207804],"receiver_keys":["r03-c02:expanded-facade-max4m:85336:0:10","r03-c02:expanded-facade-max4m:85336:0:11","r03-c02:expanded-facade-max4m:85336:0:2","r03-c02:expanded-facade-max4m:85336:0:3","r03-c02:expanded-facade-max4m:85336:0:4","r03-c02:expanded-facade-max4m:85336:0:5","r03-c02:expanded-facade-max4m:85336:0:6","r03-c02:expanded-facade-max4m:85336:0:7","r03-c02:expanded-facade-max4m:85336:0:8","r03-c02:expanded-facade-max4m:85336:0:9"],"receiver_count":10,"periods":{"D":{"min":67.34554,"max":69.4607,"receiver_count":10,"unavailable_count":0},"E":{"min":65.12705,"max":67.24221,"receiver_count":10,"unavailable_count":0},"N":{"min":60.355843,"max":62.471,"receiver_count":10,"unavailable_count":0}}}},{"type":"Feature","id":"lariac:387494887768","geometry":{"type":"Polygon","coordinates":[[[-118.5758431987689,34.17835172809027],[-118.57592197299466,34.178344757291576],[-118.57591204780896,34.17826706609289],[-118.57601008632109,34.1782584104702],[-118.57601064503156,34.17826266761151],[-118.57603033856473,34.178260924889365],[-118.5760193641235,34.17817502201124],[-118.57593616147733,34.1781823709747],[-118.57593567343547,34.17817860844493],[-118.5758741134723,34.178184040390576],[-118.57587303007782,34.17817558184047],[-118.57581979794504,34.17818025917926],[-118.5758276955973,34.17824204956438],[-118.5758349655198,34.17824141091543],[-118.57583800715042,34.17826533066211],[-118.57583222450809,34.178265825195105],[-118.5758431987689,34.17835172809027]]]},"properties":{"building_pk":85788,"building_key":"lariac:387494887768","source_tile":"r03-c02","source_tile_ids":["r03-c02"],"source_bld_id":"387494887768","height_m":7.141,"receiver_ids":[208327,208328,208329,208330,208331,208332,208333,208334,208335,208336,208337,208338,208339,208340,208341,208342,208343],"receiver_keys":["r03-c02:expanded-facade-max4m:85788:0:10","r03-c02:expanded-facade-max4m:85788:0:11","r03-c02:expanded-facade-max4m:85788:0:12","r03-c02:expanded-facade-max4m:85788:0:13","r03-c02:expanded-facade-max4m:85788:0:14","r03-c02:expanded-facade-max4m:85788:0:15","r03-c02:expanded-facade-max4m:85788:0:16","r03-c02:expanded-facade-max4m:85788:0:17","r03-c02:expanded-facade-max4m:85788:0:19","r03-c02:expanded-facade-max4m:85788:0:20","r03-c02:expanded-facade-max4m:85788:0:3","r03-c02:expanded-facade-max4m:85788:0:4","r03-c02:expanded-facade-max4m:85788:0:5","r03-c02:expanded-facade-max4m:85788:0:6","r03-c02:expanded-facade-max4m:85788:0:7","r03-c02:expanded-facade-max4m:85788:0:8","r03-c02:expanded-facade-max4m:85788:0:9"],"receiver_count":17,"periods":{"D":{"min":51.128307,"max":68.10037,"receiver_count":17,"unavailable_count":0},"E":{"min":48.90982,"max":65.88188,"receiver_count":17,"unavailable_count":0},"N":{"min":44.138607,"max":61.11067,"receiver_count":17,"unavailable_count":0}}}},{"type":"Feature","id":"lariac:387217887559","geometry":{"type":"Polygon","coordinates":[[[-118.57678180993166,34.17768300123923],[-118.57678179154072,34.17765645622148],[-118.5767078956884,34.1776564516025],[-118.57670790405552,34.1777151746296],[-118.57668128875846,34.17771516450602],[-118.57668130181412,34.177764983847446],[-118.57667637597372,34.17776498028861],[-118.57667636689708,34.17783076520463],[-118.57677215070795,34.17783074840418],[-118.57677212948627,34.17777991125657],[-118.57689909191897,34.17777988269544],[-118.57689908324548,34.17768296389098],[-118.57678180993166,34.17768300123923]]]},"properties":{"building_pk":85904,"building_key":"lariac:387217887559","source_tile":"r03-c02","source_tile_ids":["r03-c02"],"source_bld_id":"387217887559","height_m":3.819,"receiver_ids":[208493,208494,208495,208496,208497,208498,208499,208500,208501,208502,208503,208504,208505,208506,208507,208508,208509],"receiver_keys":["r03-c02:expanded-facade-max4m:85904:0:1","r03-c02:expanded-facade-max4m:85904:0:10","r03-c02:expanded-facade-max4m:85904:0:11","r03-c02:expanded-facade-max4m:85904:0:13","r03-c02:expanded-facade-max4m:85904:0:14","r03-c02:expanded-facade-max4m:85904:0:15","r03-c02:expanded-facade-max4m:85904:0:16","r03-c02:expanded-facade-max4m:85904:0:17","r03-c02:expanded-facade-max4m:85904:0:18","r03-c02:expanded-facade-max4m:85904:0:19","r03-c02:expanded-facade-max4m:85904:0:2","r03-c02:expanded-facade-max4m:85904:0:20","r03-c02:expanded-facade-max4m:85904:0:3","r03-c02:expanded-facade-max4m:85904:0:4","r03-c02:expanded-facade-max4m:85904:0:5","r03-c02:expanded-facade-max4m:85904:0:6","r03-c02:expanded-facade-max4m:85904:0:9"],"receiver_count":17,"periods":{"D":{"min":59.966015,"max":68.498405,"receiver_count":17,"unavailable_count":0},"E":{"min":57.747528,"max":66.279915,"receiver_count":17,"unavailable_count":0},"N":{"min":52.976315,"max":61.508705,"receiver_count":17,"unavailable_count":0}}}},{"type":"Feature","id":"lariac:387523887590","geometry":{"type":"Polygon","coordinates":[[[-118.57590458621878,34.17785139721301],[-118.57590225664505,34.177834783807924],[-118.57589898488618,34.17783507345714],[-118.5758880256425,34.17775606822019],[-118.57576346020501,34.17776801085352],[-118.57575918020288,34.17773706134011],[-118.5756807075294,34.17774457964119],[-118.57570015430487,34.1778846034624],[-118.57578520278588,34.17787644980773],[-118.57578335837016,34.177863021053795],[-118.57590458621878,34.17785139721301]]]},"properties":{"building_pk":86008,"building_key":"lariac:387523887590","source_tile":"r03-c02","source_tile_ids":["r03-c02"],"source_bld_id":"387523887590","height_m":4.52,"receiver_ids":[208622,208623,208624,208625,208626,208627,208628,208629,208630,208631,208632,208633,208634,208635,208636,208637,208638],"receiver_keys":["r03-c02:expanded-facade-max4m:86008:0:10","r03-c02:expanded-facade-max4m:86008:0:11","r03-c02:expanded-facade-max4m:86008:0:12","r03-c02:expanded-facade-max4m:86008:0:13","r03-c02:expanded-facade-max4m:86008:0:14","r03-c02:expanded-facade-max4m:86008:0:15","r03-c02:expanded-facade-max4m:86008:0:16","r03-c02:expanded-facade-max4m:86008:0:17","r03-c02:expanded-facade-max4m:86008:0:18","r03-c02:expanded-facade-max4m:86008:0:2","r03-c02:expanded-facade-max4m:86008:0:3","r03-c02:expanded-facade-max4m:86008:0:4","r03-c02:expanded-facade-max4m:86008:0:5","r03-c02:expanded-facade-max4m:86008:0:6","r03-c02:expanded-facade-max4m:86008:0:7","r03-c02:expanded-facade-max4m:86008:0:8","r03-c02:expanded-facade-max4m:86008:0:9"],"receiver_count":17,"periods":{"D":{"min":56.851814,"max":68.553764,"receiver_count":17,"unavailable_count":0},"E":{"min":54.633327,"max":66.33527,"receiver_count":17,"unavailable_count":0},"N":{"min":49.862114,"max":61.564064,"receiver_count":17,"unavailable_count":0}}}},{"type":"Feature","id":"lariac:201700285542","geometry":{"type":"Polygon","coordinates":[[[-118.57047490740136,34.173665867023274],[-118.57047604059564,34.17371697207443],[-118.57053850458642,34.17371601476955],[-118.57053743534851,34.1736649094171],[-118.57047490740136,34.173665867023274]]]},"properties":{"building_pk":86757,"building_key":"lariac:201700285542","source_tile":"r03-c02","source_tile_ids":["r03-c02"],"source_bld_id":"201700285542","height_m":3.929,"receiver_ids":[209484,209485,209486,209487,209488],"receiver_keys":["r03-c02:expanded-facade-max4m:86757:0:1","r03-c02:expanded-facade-max4m:86757:0:2","r03-c02:expanded-facade-max4m:86757:0:3","r03-c02:expanded-facade-max4m:86757:0:5","r03-c02:expanded-facade-max4m:86757:0:6"],"receiver_count":5,"periods":{"D":{"min":73.798935,"max":75.44883,"receiver_count":5,"unavailable_count":0},"E":{"min":71.58045,"max":73.23034,"receiver_count":5,"unavailable_count":0},"N":{"min":66.809235,"max":68.45913,"receiver_count":5,"unavailable_count":0}}}},{"type":"Feature","id":"lariac:201700285859","geometry":{"type":"Polygon","coordinates":[[[-118.57124102896175,34.1761477999292],[-118.57134910805529,34.17614806471375],[-118.57134942080417,34.17605992998059],[-118.57137320911214,34.176059987988204],[-118.57137353918031,34.17596661790013],[-118.5713460551777,34.17596654760104],[-118.57134625378696,34.175910732901116],[-118.57126182008759,34.17591052681979],[-118.57126163855959,34.175961867971424],[-118.57124168916656,34.17596181975728],[-118.57124102896175,34.1761477999292]]]},"properties":{"building_pk":86772,"building_key":"lariac:201700285859","source_tile":"r03-c02","source_tile_ids":["r03-c02"],"source_bld_id":"201700285859","height_m":4.618,"receiver_ids":[209513,209514,209515,209516,209517,209518,209519,209520,209521,209522,209523,209524,209525,209526,209527,209528,209529,209530,209531,209532],"receiver_keys":["r03-c02:expanded-facade-max4m:86772:0:1","r03-c02:expanded-facade-max4m:86772:0:10","r03-c02:expanded-facade-max4m:86772:0:11","r03-c02:expanded-facade-max4m:86772:0:12","r03-c02:expanded-facade-max4m:86772:0:13","r03-c02:expanded-facade-max4m:86772:0:14","r03-c02:expanded-facade-max4m:86772:0:15","r03-c02:expanded-facade-max4m:86772:0:16","r03-c02:expanded-facade-max4m:86772:0:17","r03-c02:expanded-facade-max4m:86772:0:18","r03-c02:expanded-facade-max4m:86772:0:19","r03-c02:expanded-facade-max4m:86772:0:2","r03-c02:expanded-facade-max4m:86772:0:20","r03-c02:expanded-facade-max4m:86772:0:3","r03-c02:expanded-facade-max4m:86772:0:4","r03-c02:expanded-facade-max4m:86772:0:5","r03-c02:expanded-facade-max4m:86772:0:6","r03-c02:expanded-facade-max4m:86772:0:7","r03-c02:expanded-facade-max4m:86772:0:8","r03-c02:expanded-facade-max4m:86772:0:9"],"receiver_count":20,"periods":{"D":{"min":69.695816,"max":71.79064,"receiver_count":20,"unavailable_count":0},"E":{"min":67.477325,"max":69.57215,"receiver_count":20,"unavailable_count":0},"N":{"min":62.706116,"max":64.80094,"receiver_count":20,"unavailable_count":0}}}},{"type":"Feature","id":"lariac:201700286076","geometry":{"type":"Polygon","coordinates":[[[-118.57467444001853,34.17808047133001],[-118.57470797079945,34.178172267826014],[-118.57481998347023,34.17814412657399],[-118.57479127269836,34.17806518667855],[-118.57480775296851,34.17806104689123],[-118.57481082449154,34.178069490591966],[-118.57487899792623,34.1780523635573],[-118.57487663733404,34.17804587373409],[-118.57490027213764,34.178039935601895],[-118.57487129376385,34.17796026133627],[-118.57465218294881,34.1780153079041],[-118.57464964878297,34.17800834018061],[-118.57458148833508,34.178025464319596],[-118.57460760170468,34.17809726284171],[-118.57467444001853,34.17808047133001]]]},"properties":{"building_pk":86779,"building_key":"lariac:201700286076","source_tile":"r03-c02","source_tile_ids":["r03-c02"],"source_bld_id":"201700286076","height_m":4.685,"receiver_ids":[209537,209538,209539,209540,209541,209542,209543,209544,209545,209546,209547,209548,209549,209550,209551,209552,209553,209554,209555,209556,209557,209558],"receiver_keys":["r03-c02:expanded-facade-max4m:86779:0:1","r03-c02:expanded-facade-max4m:86779:0:10","r03-c02:expanded-facade-max4m:86779:0:11","r03-c02:expanded-facade-max4m:86779:0:12","r03-c02:expanded-facade-max4m:86779:0:13","r03-c02:expanded-facade-max4m:86779:0:14","r03-c02:expanded-facade-max4m:86779:0:15","r03-c02:expanded-facade-max4m:86779:0:16","r03-c02:expanded-facade-max4m:86779:0:17","r03-c02:expanded-facade-max4m:86779:0:18","r03-c02:expanded-facade-max4m:86779:0:2","r03-c02:expanded-facade-max4m:86779:0:20","r03-c02:expanded-facade-max4m:86779:0:21","r03-c02:expanded-facade-max4m:86779:0:22","r03-c02:expanded-facade-max4m:86779:0:23","r03-c02:expanded-facade-max4m:86779:0:24","r03-c02:expanded-facade-max4m:86779:0:3","r03-c02:expanded-facade-max4m:86779:0:4","r03-c02:expanded-facade-max4m:86779:0:5","r03-c02:expanded-facade-max4m:86779:0:6","r03-c02:expanded-facade-max4m:86779:0:7","r03-c02:expanded-facade-max4m:86779:0:9"],"receiver_count":22,"periods":{"D":{"min":57.976242,"max":68.57737,"receiver_count":22,"unavailable_count":0},"E":{"min":55.75775,"max":66.35888,"receiver_count":22,"unavailable_count":0},"N":{"min":50.98654,"max":61.587666,"receiver_count":22,"unavailable_count":0}}}},{"type":"Feature","id":"lariac:388859886727","geometry":{"type":"Polygon","coordinates":[[[-118.57137018317306,34.175477189375385],[-118.57137006382172,34.175454821701386],[-118.5713125703231,34.17545506626719],[-118.57131272327788,34.17547743288086],[-118.57137018317306,34.175477189375385]]]},"properties":{"building_pk":90666,"building_key":"lariac:388859886727","source_tile":"r03-c02","source_tile_ids":["r03-c02"],"source_bld_id":"388859886727","height_m":3.042,"receiver_ids":[210954,210955],"receiver_keys":["r03-c02:expanded-facade-max4m:90666:0:2","r03-c02:expanded-facade-max4m:90666:0:3"],"receiver_count":2,"periods":{"D":{"min":71.017746,"max":71.091354,"receiver_count":2,"unavailable_count":0},"E":{"min":68.79926,"max":68.87286,"receiver_count":2,"unavailable_count":0},"N":{"min":64.028046,"max":64.101654,"receiver_count":2,"unavailable_count":0}}}},{"type":"Feature","id":"lariac:388864888234","geometry":{"type":"Polygon","coordinates":[[[-118.57124209959831,34.179630526229],[-118.57127783947595,34.17963022038346],[-118.57127815126348,34.17965646108922],[-118.57128790498624,34.179656387971114],[-118.57128822001401,34.179683260644794],[-118.57143567652938,34.17968196000198],[-118.57143532748894,34.17965519657612],[-118.57144356041756,34.17965513063083],[-118.57144263862763,34.17958333141578],[-118.57143582887902,34.179583391538394],[-118.57143548059128,34.17955673809752],[-118.57143161244261,34.17955675637359],[-118.5714309729541,34.17950672002825],[-118.57141979716816,34.17950679987674],[-118.57141967310862,34.17949833675619],[-118.57128970762857,34.179499473623146],[-118.571290121666,34.17953098968857],[-118.5712501830317,34.17953134331769],[-118.57125056207124,34.179562502536584],[-118.57124123810378,34.179562601569906],[-118.57124209959831,34.179630526229]]]},"properties":{"building_pk":90681,"building_key":"lariac:388864888234","source_tile":"r03-c02","source_tile_ids":["r03-c02"],"source_bld_id":"388864888234","height_m":9.976,"receiver_ids":[210960,210961,210962,210963,210964,210965,210966,210967,210968,210969,210970,210971,210972,210973,210974,210975],"receiver_keys":["r03-c02:expanded-facade-max4m:90681:0:1","r03-c02:expanded-facade-max4m:90681:0:10","r03-c02:expanded-facade-max4m:90681:0:11","r03-c02:expanded-facade-max4m:90681:0:12","r03-c02:expanded-facade-max4m:90681:0:14","r03-c02:expanded-facade-max4m:90681:0:15","r03-c02:expanded-facade-max4m:90681:0:16","r03-c02:expanded-facade-max4m:90681:0:17","r03-c02:expanded-facade-max4m:90681:0:18","r03-c02:expanded-facade-max4m:90681:0:19","r03-c02:expanded-facade-max4m:90681:0:2","r03-c02:expanded-facade-max4m:90681:0:20","r03-c02:expanded-facade-max4m:90681:0:3","r03-c02:expanded-facade-max4m:90681:0:7","r03-c02:expanded-facade-max4m:90681:0:8","r03-c02:expanded-facade-max4m:90681:0:9"],"receiver_count":16,"periods":{"D":{"min":47.59832,"max":68.27485,"receiver_count":16,"unavailable_count":0},"E":{"min":45.379833,"max":66.05636,"receiver_count":16,"unavailable_count":0},"N":{"min":40.60862,"max":61.28515,"receiver_count":16,"unavailable_count":0}}}},{"type":"Feature","id":"lariac:389088886174","geometry":{"type":"Polygon","coordinates":[[[-118.57065103058137,34.17382864850601],[-118.57040258423312,34.17383023257775],[-118.5704030291177,34.17387601094117],[-118.57044237032648,34.17387577038553],[-118.57044241910296,34.17388291399909],[-118.57049115000423,34.173882602090885],[-118.57049140342968,34.17391002499685],[-118.57050075949775,34.1739099538149],[-118.57049672760505,34.1739199475301],[-118.57048973118914,34.17393152121358],[-118.57048573659455,34.173946818542476],[-118.57048701513634,34.173964563935],[-118.57049013082683,34.17397543178884],[-118.5704965766436,34.17398504611188],[-118.57049997436307,34.17398876698831],[-118.57052516363599,34.17398820910659],[-118.57052536862054,34.17399392393571],[-118.57055693690648,34.173993197115905],[-118.57055742126273,34.17407857295857],[-118.57063937849864,34.17407824126567],[-118.57063916310578,34.174041942468286],[-118.57069781296495,34.17404169276123],[-118.57069745545628,34.17398459328329],[-118.57063688885545,34.173984824086645],[-118.57063702133351,34.174009142641815],[-118.57062515280994,34.174009170694724],[-118.57062446102914,34.173888512960076],[-118.57065137264183,34.17388841392562],[-118.57065103058137,34.17382864850601]]]},"properties":{"building_pk":91341,"building_key":"lariac:389088886174","source_tile":"r03-c02","source_tile_ids":["r03-c02"],"source_bld_id":"389088886174","height_m":5.026,"receiver_ids":[211696,211697,211698,211699,211700,211701,211702,211703,211704,211705,211706,211707,211708,211709,211710,211711,211712,211713,211714,211715,211716,211717,211718],"receiver_keys":["r03-c02:expanded-facade-max4m:91341:0:1","r03-c02:expanded-facade-max4m:91341:0:11","r03-c02:expanded-facade-max4m:91341:0:12","r03-c02:expanded-facade-max4m:91341:0:13","r03-c02:expanded-facade-max4m:91341:0:16","r03-c02:expanded-facade-max4m:91341:0:17","r03-c02:expanded-facade-max4m:91341:0:2","r03-c02:expanded-facade-max4m:91341:0:20","r03-c02:expanded-facade-max4m:91341:0:21","r03-c02:expanded-facade-max4m:91341:0:22","r03-c02:expanded-facade-max4m:91341:0:23","r03-c02:expanded-facade-max4m:91341:0:24","r03-c02:expanded-facade-max4m:91341:0:27","r03-c02:expanded-facade-max4m:91341:0:28","r03-c02:expanded-facade-max4m:91341:0:3","r03-c02:expanded-facade-max4m:91341:0:30","r03-c02:expanded-facade-max4m:91341:0:31","r03-c02:expanded-facade-max4m:91341:0:4","r03-c02:expanded-facade-max4m:91341:0:5","r03-c02:expanded-facade-max4m:91341:0:6","r03-c02:expanded-facade-max4m:91341:0:7","r03-c02:expanded-facade-max4m:91341:0:8","r03-c02:expanded-facade-max4m:91341:0:9"],"receiver_count":23,"periods":{"D":{"min":66.28679,"max":75.37511,"receiver_count":23,"unavailable_count":0},"E":{"min":64.068306,"max":73.15662,"receiver_count":23,"unavailable_count":0},"N":{"min":59.297092,"max":68.38541,"receiver_count":23,"unavailable_count":0}}}},{"type":"Feature","id":"lariac:387665887832","geometry":{"type":"Polygon","coordinates":[[[-118.57530231570792,34.17852931648739],[-118.575368260136,34.17849311496598],[-118.57532610290605,34.17844011622134],[-118.57526015958621,34.17847631771456],[-118.57530231570792,34.17852931648739]]]},"properties":{"building_pk":91390,"building_key":"lariac:387665887832","source_tile":"r03-c02","source_tile_ids":["r03-c02"],"source_bld_id":"387665887832","height_m":4.039,"receiver_ids":[211762,211763,211764,211765,211766,211767,211768,211769],"receiver_keys":["r03-c02:expanded-facade-max4m:91390:0:1","r03-c02:expanded-facade-max4m:91390:0:2","r03-c02:expanded-facade-max4m:91390:0:3","r03-c02:expanded-facade-max4m:91390:0:4","r03-c02:expanded-facade-max4m:91390:0:5","r03-c02:expanded-facade-max4m:91390:0:6","r03-c02:expanded-facade-max4m:91390:0:7","r03-c02:expanded-facade-max4m:91390:0:8"],"receiver_count":8,"periods":{"D":{"min":54.929565,"max":59.05012,"receiver_count":8,"unavailable_count":0},"E":{"min":52.71108,"max":56.831635,"receiver_count":8,"unavailable_count":0},"N":{"min":47.939865,"max":52.06042,"receiver_count":8,"unavailable_count":0}}}},{"type":"Feature","id":"lariac:386989887574","geometry":{"type":"Polygon","coordinates":[[[-118.57763276152953,34.17780396992724],[-118.57763258556554,34.17771639553568],[-118.57753544765508,34.177716501525076],[-118.57753537944623,34.177682784949475],[-118.57745239213423,34.177682906240186],[-118.577452636091,34.17780419810915],[-118.57763276152953,34.17780396992724]]]},"properties":{"building_pk":92357,"building_key":"lariac:386989887574","source_tile":"r03-c02","source_tile_ids":["r03-c02"],"source_bld_id":"386989887574","height_m":2.902,"receiver_ids":[212694,212695,212696,212697,212698,212699,212700,212701,212702,212703,212704,212705,212706,212707,212708,212709],"receiver_keys":["r03-c02:expanded-facade-max4m:92357:0:1","r03-c02:expanded-facade-max4m:92357:0:10","r03-c02:expanded-facade-max4m:92357:0:11","r03-c02:expanded-facade-max4m:92357:0:12","r03-c02:expanded-facade-max4m:92357:0:13","r03-c02:expanded-facade-max4m:92357:0:14","r03-c02:expanded-facade-max4m:92357:0:15","r03-c02:expanded-facade-max4m:92357:0:16","r03-c02:expanded-facade-max4m:92357:0:2","r03-c02:expanded-facade-max4m:92357:0:3","r03-c02:expanded-facade-max4m:92357:0:4","r03-c02:expanded-facade-max4m:92357:0:5","r03-c02:expanded-facade-max4m:92357:0:6","r03-c02:expanded-facade-max4m:92357:0:7","r03-c02:expanded-facade-max4m:92357:0:8","r03-c02:expanded-facade-max4m:92357:0:9"],"receiver_count":16,"periods":{"D":{"min":61.492416,"max":67.752106,"receiver_count":16,"unavailable_count":0},"E":{"min":59.27393,"max":65.53362,"receiver_count":16,"unavailable_count":0},"N":{"min":54.502716,"max":60.76241,"receiver_count":16,"unavailable_count":0}}}},{"type":"Feature","id":"lariac:387440887803","geometry":{"type":"Polygon","coordinates":[[[-118.576024861043,34.178372846292504],[-118.57602640145284,34.17842933340064],[-118.57608173712948,34.178429069835495],[-118.57608099628446,34.17837197398242],[-118.576024861043,34.178372846292504]]]},"properties":{"building_pk":92840,"building_key":"lariac:387440887803","source_tile":"r03-c02","source_tile_ids":["r03-c02"],"source_bld_id":"387440887803","height_m":3.091,"receiver_ids":[213214,213215,213216,213217,213218],"receiver_keys":["r03-c02:expanded-facade-max4m:92840:0:1","r03-c02:expanded-facade-max4m:92840:0:2","r03-c02:expanded-facade-max4m:92840:0:3","r03-c02:expanded-facade-max4m:92840:0:4","r03-c02:expanded-facade-max4m:92840:0:6"],"receiver_count":5,"periods":{"D":{"min":55.44353,"max":59.00473,"receiver_count":5,"unavailable_count":0},"E":{"min":53.225044,"max":56.78624,"receiver_count":5,"unavailable_count":0},"N":{"min":48.45383,"max":52.01503,"receiver_count":5,"unavailable_count":0}}}},{"type":"Feature","id":"lariac:388210887675","geometry":{"type":"Polygon","coordinates":[[[-118.57347459244309,34.178078929912466],[-118.57351247286682,34.17809188580381],[-118.57352117970267,34.178074285117056],[-118.57353940699976,34.178080491466424],[-118.57354834166604,34.178062422696776],[-118.5735282582466,34.1780555661212],[-118.5735358898448,34.17804014145343],[-118.57350069400879,34.17802810774194],[-118.57347459244309,34.178078929912466]]]},"properties":{"building_pk":92924,"building_key":"lariac:388210887675","source_tile":"r03-c02","source_tile_ids":["r03-c02"],"source_bld_id":"388210887675","height_m":0.975,"receiver_ids":[213329,213330,213331,213332,213333],"receiver_keys":["r03-c02:expanded-facade-max4m:92924:0:1","r03-c02:expanded-facade-max4m:92924:0:3","r03-c02:expanded-facade-max4m:92924:0:4","r03-c02:expanded-facade-max4m:92924:0:5","r03-c02:expanded-facade-max4m:92924:0:6"],"receiver_count":5,"periods":{"D":{"min":57.1478,"max":57.4934,"receiver_count":5,"unavailable_count":0},"E":{"min":54.92931,"max":55.274914,"receiver_count":5,"unavailable_count":0},"N":{"min":50.1581,"max":50.5037,"receiver_count":5,"unavailable_count":0}}}},{"type":"Feature","id":"lariac:389288886941","geometry":{"type":"Polygon","coordinates":[[[-118.5698990226003,34.17608353306025],[-118.56994993927552,34.1760836780766],[-118.56995011909896,34.17603737477291],[-118.56989923589266,34.17603720255269],[-118.5698990226003,34.17608353306025]]]},"properties":{"building_pk":92975,"building_key":"lariac:389288886941","source_tile":"r03-c02","source_tile_ids":["r03-c02"],"source_bld_id":"389288886941","height_m":3.819,"receiver_ids":[213383,213384,213385,213386,213387],"receiver_keys":["r03-c02:expanded-facade-max4m:92975:0:1","r03-c02:expanded-facade-max4m:92975:0:2","r03-c02:expanded-facade-max4m:92975:0:3","r03-c02:expanded-facade-max4m:92975:0:4","r03-c02:expanded-facade-max4m:92975:0:5"],"receiver_count":5,"periods":{"D":{"min":69.80454,"max":70.401886,"receiver_count":5,"unavailable_count":0},"E":{"min":67.58605,"max":68.1834,"receiver_count":5,"unavailable_count":0},"N":{"min":62.814842,"max":63.41219,"receiver_count":5,"unavailable_count":0}}}},{"type":"Feature","id":"lariac:389811888260","geometry":{"type":"Polygon","coordinates":[[[-118.56824460684844,34.17970831565868],[-118.56824398907742,34.17968064743822],[-118.56820963912052,34.17968116583419],[-118.56821025688636,34.1797088349563],[-118.56824460684844,34.17970831565868]]]},"properties":{"building_pk":93134,"building_key":"lariac:389811888260","source_tile":"r03-c02","source_tile_ids":["r03-c02"],"source_bld_id":"389811888260","height_m":3.904,"receiver_ids":[213556,213557,213558,213559],"receiver_keys":["r03-c02:expanded-facade-max4m:93134:0:1","r03-c02:expanded-facade-max4m:93134:0:2","r03-c02:expanded-facade-max4m:93134:0:3","r03-c02:expanded-facade-max4m:93134:0:4"],"receiver_count":4,"periods":{"D":{"min":64.42418,"max":66.3792,"receiver_count":4,"unavailable_count":0},"E":{"min":62.205692,"max":64.16071,"receiver_count":4,"unavailable_count":0},"N":{"min":57.43448,"max":59.3895,"receiver_count":4,"unavailable_count":0}}}},{"type":"Feature","id":"lariac:388520886005","geometry":{"type":"Polygon","coordinates":[[[-118.57255048488373,34.17353016957156],[-118.57253046026752,34.17344007829763],[-118.5725002411282,34.17344470023307],[-118.57248059029779,34.17335611817162],[-118.57237424468433,34.173372449067465],[-118.57239996677826,34.17348831742668],[-118.57233586302283,34.17349815556054],[-118.57234978118986,34.17356093460436],[-118.57255048488373,34.17353016957156]]]},"properties":{"building_pk":93547,"building_key":"lariac:388520886005","source_tile":"r03-c02","source_tile_ids":["r02-c02","r03-c02"],"source_bld_id":"388520886005","height_m":4.755,"receiver_ids":[213955,213956,213957,213958,213959,213960],"receiver_keys":["r03-c02:expanded-facade-max4m:93547:0:15","r03-c02:expanded-facade-max4m:93547:0:16","r03-c02:expanded-facade-max4m:93547:0:17","r03-c02:expanded-facade-max4m:93547:0:18","r03-c02:expanded-facade-max4m:93547:0:19","r03-c02:expanded-facade-max4m:93547:0:20"],"receiver_count":6,"periods":{"D":{"min":67.45628,"max":74.26849,"receiver_count":6,"unavailable_count":0},"E":{"min":65.23779,"max":72.05,"receiver_count":6,"unavailable_count":0},"N":{"min":60.466583,"max":67.27879,"receiver_count":6,"unavailable_count":0}}}},{"type":"Feature","id":"lariac:387595887807","geometry":{"type":"Polygon","coordinates":[[[-118.57559065061471,34.17843660361389],[-118.57557244959955,34.17837662116372],[-118.57549624959978,34.17839259223498],[-118.57551445056376,34.178452574696635],[-118.57559065061471,34.17843660361389]]]},"properties":{"building_pk":93612,"building_key":"lariac:387595887807","source_tile":"r03-c02","source_tile_ids":["r03-c02"],"source_bld_id":"387595887807","height_m":4.548,"receiver_ids":[213987,213988,213989,213990,213991,213992,213993,213994],"receiver_keys":["r03-c02:expanded-facade-max4m:93612:0:1","r03-c02:expanded-facade-max4m:93612:0:2","r03-c02:expanded-facade-max4m:93612:0:3","r03-c02:expanded-facade-max4m:93612:0:4","r03-c02:expanded-facade-max4m:93612:0:5","r03-c02:expanded-facade-max4m:93612:0:6","r03-c02:expanded-facade-max4m:93612:0:7","r03-c02:expanded-facade-max4m:93612:0:8"],"receiver_count":8,"periods":{"D":{"min":54.114677,"max":58.918434,"receiver_count":8,"unavailable_count":0},"E":{"min":51.89619,"max":56.699944,"receiver_count":8,"unavailable_count":0},"N":{"min":47.124977,"max":51.928734,"receiver_count":8,"unavailable_count":0}}}},{"type":"Feature","id":"lariac:201700286220","geometry":{"type":"Polygon","coordinates":[[[-118.56848853044599,34.179589496096426],[-118.56856425671687,34.17960621088508],[-118.56858563981764,34.17953930046014],[-118.56850994619407,34.17952259274408],[-118.56850618513505,34.17953436206335],[-118.56848472119255,34.17952962436134],[-118.56848704515386,34.179522349689066],[-118.56847481775587,34.17951965023718],[-118.56849565811855,34.179454433678046],[-118.56848391309238,34.179451841046685],[-118.56850190794091,34.17939552799744],[-118.568591322624,34.17941526441372],[-118.56859363484328,34.1794080195455],[-118.56860127763552,34.179409706467034],[-118.56861414758104,34.17936943164],[-118.56860774328453,34.179368018375655],[-118.5686107130125,34.179358723007006],[-118.56850767608766,34.17933597997594],[-118.56850620924467,34.17934056671995],[-118.56844077137399,34.17932612231491],[-118.56844205656586,34.17932209989111],[-118.5684032016933,34.179313523993606],[-118.56838504214083,34.179370348978004],[-118.56839107271679,34.17937168016676],[-118.56838193187396,34.179400285875985],[-118.56839229933766,34.17940257395817],[-118.56837526139729,34.179455890265686],[-118.56838544744194,34.179458138631546],[-118.56837770224169,34.17948237520487],[-118.56839392973957,34.17948595741273],[-118.56837039568235,34.17955960433917],[-118.56846944577293,34.179581468288625],[-118.56847180374285,34.17957408977912],[-118.56849202703152,34.17957855383616],[-118.56848853044599,34.179589496096426]]]},"properties":{"building_pk":94322,"building_key":"lariac:201700286220","source_tile":"r03-c02","source_tile_ids":["r03-c02"],"source_bld_id":"201700286220","height_m":4.538,"receiver_ids":[214813,214814,214815,214816,214817,214818,214819,214820,214821,214822,214823,214824,214825,214826,214827,214828,214829,214830,214831,214832,214833,214834,214835,214836,214837,214838,214839,214840,214841,214842],"receiver_keys":["r03-c02:expanded-facade-max4m:94322:0:1","r03-c02:expanded-facade-max4m:94322:0:10","r03-c02:expanded-facade-max4m:94322:0:11","r03-c02:expanded-facade-max4m:94322:0:12","r03-c02:expanded-facade-max4m:94322:0:13","r03-c02:expanded-facade-max4m:94322:0:14","r03-c02:expanded-facade-max4m:94322:0:15","r03-c02:expanded-facade-max4m:94322:0:16","r03-c02:expanded-facade-max4m:94322:0:17","r03-c02:expanded-facade-max4m:94322:0:18","r03-c02:expanded-facade-max4m:94322:0:19","r03-c02:expanded-facade-max4m:94322:0:2","r03-c02:expanded-facade-max4m:94322:0:21","r03-c02:expanded-facade-max4m:94322:0:22","r03-c02:expanded-facade-max4m:94322:0:23","r03-c02:expanded-facade-max4m:94322:0:24","r03-c02:expanded-facade-max4m:94322:0:25","r03-c02:expanded-facade-max4m:94322:0:26","r03-c02:expanded-facade-max4m:94322:0:28","r03-c02:expanded-facade-max4m:94322:0:29","r03-c02:expanded-facade-max4m:94322:0:3","r03-c02:expanded-facade-max4m:94322:0:30","r03-c02:expanded-facade-max4m:94322:0:31","r03-c02:expanded-facade-max4m:94322:0:32","r03-c02:expanded-facade-max4m:94322:0:4","r03-c02:expanded-facade-max4m:94322:0:5","r03-c02:expanded-facade-max4m:94322:0:6","r03-c02:expanded-facade-max4m:94322:0:7","r03-c02:expanded-facade-max4m:94322:0:8","r03-c02:expanded-facade-max4m:94322:0:9"],"receiver_count":30,"periods":{"D":{"min":59.725094,"max":64.18669,"receiver_count":30,"unavailable_count":0},"E":{"min":57.506607,"max":61.968204,"receiver_count":30,"unavailable_count":0},"N":{"min":52.735394,"max":57.19699,"receiver_count":30,"unavailable_count":0}}}},{"type":"Feature","id":"lariac:387633887776","geometry":{"type":"Polygon","coordinates":[[[-118.57534333056157,34.17839722167889],[-118.575519393207,34.178344475713025],[-118.57550155316152,34.17830334194831],[-118.5755324039548,34.17829412739806],[-118.57551476563327,34.1782534596759],[-118.57549180109149,34.17826032873984],[-118.57548293138073,34.178239898651384],[-118.5754343957955,34.17825444613046],[-118.57543940154117,34.17826604593874],[-118.57530402204148,34.178306589687736],[-118.57534333056157,34.17839722167889]]]},"properties":{"building_pk":98014,"building_key":"lariac:387633887776","source_tile":"r03-c02","source_tile_ids":["r03-c02"],"source_bld_id":"387633887776","height_m":4.386,"receiver_ids":[215695,215696,215697,215698,215699,215700,215701,215702,215703,215704,215705,215706,215707,215708,215709],"receiver_keys":["r03-c02:expanded-facade-max4m:98014:0:1","r03-c02:expanded-facade-max4m:98014:0:10","r03-c02:expanded-facade-max4m:98014:0:12","r03-c02:expanded-facade-max4m:98014:0:13","r03-c02:expanded-facade-max4m:98014:0:14","r03-c02:expanded-facade-max4m:98014:0:15","r03-c02:expanded-facade-max4m:98014:0:16","r03-c02:expanded-facade-max4m:98014:0:17","r03-c02:expanded-facade-max4m:98014:0:2","r03-c02:expanded-facade-max4m:98014:0:3","r03-c02:expanded-facade-max4m:98014:0:4","r03-c02:expanded-facade-max4m:98014:0:5","r03-c02:expanded-facade-max4m:98014:0:6","r03-c02:expanded-facade-max4m:98014:0:7","r03-c02:expanded-facade-max4m:98014:0:8"],"receiver_count":15,"periods":{"D":{"min":56.35109,"max":68.25636,"receiver_count":15,"unavailable_count":0},"E":{"min":54.132603,"max":66.03787,"receiver_count":15,"unavailable_count":0},"N":{"min":49.36139,"max":61.266663,"receiver_count":15,"unavailable_count":0}}}},{"type":"Feature","id":"lariac:386712887512","geometry":{"type":"Polygon","coordinates":[[[-118.5784187212333,34.17756306918902],[-118.57841763692457,34.17762141248756],[-118.57851448810688,34.177622680214554],[-118.57851560488912,34.17756433675942],[-118.5784187212333,34.17756306918902]]]},"properties":{"building_pk":98062,"building_key":"lariac:386712887512","source_tile":"r03-c02","source_tile_ids":["r03-c02"],"source_bld_id":"386712887512","height_m":2.149,"receiver_ids":[215813,215814,215815,215816,215817,215818,215819,215820],"receiver_keys":["r03-c02:expanded-facade-max4m:98062:0:1","r03-c02:expanded-facade-max4m:98062:0:2","r03-c02:expanded-facade-max4m:98062:0:3","r03-c02:expanded-facade-max4m:98062:0:4","r03-c02:expanded-facade-max4m:98062:0:5","r03-c02:expanded-facade-max4m:98062:0:6","r03-c02:expanded-facade-max4m:98062:0:7","r03-c02:expanded-facade-max4m:98062:0:8"],"receiver_count":8,"periods":{"D":{"min":61.20477,"max":63.093082,"receiver_count":8,"unavailable_count":0},"E":{"min":58.986282,"max":60.874596,"receiver_count":8,"unavailable_count":0},"N":{"min":54.21507,"max":56.103386,"receiver_count":8,"unavailable_count":0}}}},{"type":"Feature","id":"lariac:389044887097","geometry":{"type":"Polygon","coordinates":[[[-118.57071322433477,34.17652032198583],[-118.57074081161774,34.1765851805845],[-118.57082658801244,34.176562874521565],[-118.57079944919184,34.17649587085272],[-118.57084275841954,34.17645672870287],[-118.57077426206293,34.176400004915344],[-118.57075121597624,34.17641921201165],[-118.57072178902688,34.176394839672255],[-118.57069621269532,34.1764161737234],[-118.57050929615876,34.176467314946926],[-118.57048440733769,34.1764490768926],[-118.57042159602176,34.17650828823681],[-118.57049679359987,34.17656341372723],[-118.57052440623961,34.176535117396384],[-118.57067796222991,34.17649366921577],[-118.57071322433477,34.17652032198583]]]},"properties":{"building_pk":98619,"building_key":"lariac:389044887097","source_tile":"r03-c02","source_tile_ids":["r03-c02"],"source_bld_id":"389044887097","height_m":3.85,"receiver_ids":[216523,216524,216525,216526,216527,216528,216529,216530,216531,216532,216533,216534,216535,216536,216537,216538,216539,216540,216541,216542,216543,216544,216545,216546,216547,216548,216549],"receiver_keys":["r03-c02:expanded-facade-max4m:98619:0:1","r03-c02:expanded-facade-max4m:98619:0:10","r03-c02:expanded-facade-max4m:98619:0:12","r03-c02:expanded-facade-max4m:98619:0:13","r03-c02:expanded-facade-max4m:98619:0:14","r03-c02:expanded-facade-max4m:98619:0:15","r03-c02:expanded-facade-max4m:98619:0:16","r03-c02:expanded-facade-max4m:98619:0:17","r03-c02:expanded-facade-max4m:98619:0:18","r03-c02:expanded-facade-max4m:98619:0:19","r03-c02:expanded-facade-max4m:98619:0:2","r03-c02:expanded-facade-max4m:98619:0:20","r03-c02:expanded-facade-max4m:98619:0:21","r03-c02:expanded-facade-max4m:98619:0:22","r03-c02:expanded-facade-max4m:98619:0:23","r03-c02:expanded-facade-max4m:98619:0:24","r03-c02:expanded-facade-max4m:98619:0:25","r03-c02:expanded-facade-max4m:98619:0:26","r03-c02:expanded-facade-max4m:98619:0:27","r03-c02:expanded-facade-max4m:98619:0:28","r03-c02:expanded-facade-max4m:98619:0:3","r03-c02:expanded-facade-max4m:98619:0:4","r03-c02:expanded-facade-max4m:98619:0:5","r03-c02:expanded-facade-max4m:98619:0:6","r03-c02:expanded-facade-max4m:98619:0:7","r03-c02:expanded-facade-max4m:98619:0:8","r03-c02:expanded-facade-max4m:98619:0:9"],"receiver_count":27,"periods":{"D":{"min":63.081497,"max":71.17743,"receiver_count":27,"unavailable_count":0},"E":{"min":60.86301,"max":68.95894,"receiver_count":27,"unavailable_count":0},"N":{"min":56.091797,"max":64.18773,"receiver_count":27,"unavailable_count":0}}}},{"type":"Feature","id":"lariac:389292886433","geometry":{"type":"Polygon","coordinates":[[[-118.56988983886458,34.174683980730045],[-118.56992319012456,34.17468269753562],[-118.56992104797787,34.174645033863385],[-118.56988769781755,34.17464631705207],[-118.56988983886458,34.174683980730045]]]},"properties":{"building_pk":98693,"building_key":"lariac:389292886433","source_tile":"r03-c02","source_tile_ids":["r03-c02"],"source_bld_id":"389292886433","height_m":2.466,"receiver_ids":[216703,216704,216705,216706],"receiver_keys":["r03-c02:expanded-facade-max4m:98693:0:1","r03-c02:expanded-facade-max4m:98693:0:2","r03-c02:expanded-facade-max4m:98693:0:3","r03-c02:expanded-facade-max4m:98693:0:4"],"receiver_count":4,"periods":{"D":{"min":73.37706,"max":73.49548,"receiver_count":4,"unavailable_count":0},"E":{"min":71.15857,"max":71.277,"receiver_count":4,"unavailable_count":0},"N":{"min":66.38736,"max":66.50578,"receiver_count":4,"unavailable_count":0}}}},{"type":"Feature","id":"lariac:387858888026","geometry":{"type":"Polygon","coordinates":[[[-118.5747819970328,34.17896637316867],[-118.57482027659205,34.178931622382954],[-118.57474742018111,34.17887615846458],[-118.5746961610965,34.178922677470524],[-118.57470127962321,34.17892655503679],[-118.57466332877961,34.17896100220502],[-118.57467901619692,34.17897293534845],[-118.57460981656106,34.179035752053544],[-118.57464415086261,34.17906185905606],[-118.57465367957526,34.17905321303853],[-118.57470210697126,34.17909002472626],[-118.57472586339554,34.17906845054975],[-118.57477216356864,34.17910367838585],[-118.57481054134034,34.179068845096204],[-118.57482214170334,34.17907766567701],[-118.57484458413373,34.17905730669459],[-118.5748335823116,34.17904892322523],[-118.57485954027081,34.17902538761428],[-118.5747819970328,34.17896637316867]]]},"properties":{"building_pk":98784,"building_key":"lariac:387858888026","source_tile":"r03-c02","source_tile_ids":["r03-c02"],"source_bld_id":"387858888026","height_m":5.572,"receiver_ids":[216855,216856,216857,216858,216859,216860,216861,216862,216863,216864,216865,216866,216867,216868,216869,216870],"receiver_keys":["r03-c02:expanded-facade-max4m:98784:0:1","r03-c02:expanded-facade-max4m:98784:0:10","r03-c02:expanded-facade-max4m:98784:0:11","r03-c02:expanded-facade-max4m:98784:0:12","r03-c02:expanded-facade-max4m:98784:0:13","r03-c02:expanded-facade-max4m:98784:0:15","r03-c02:expanded-facade-max4m:98784:0:16","r03-c02:expanded-facade-max4m:98784:0:17","r03-c02:expanded-facade-max4m:98784:0:2","r03-c02:expanded-facade-max4m:98784:0:20","r03-c02:expanded-facade-max4m:98784:0:21","r03-c02:expanded-facade-max4m:98784:0:3","r03-c02:expanded-facade-max4m:98784:0:4","r03-c02:expanded-facade-max4m:98784:0:5","r03-c02:expanded-facade-max4m:98784:0:7","r03-c02:expanded-facade-max4m:98784:0:9"],"receiver_count":16,"periods":{"D":{"min":49.300648,"max":56.547203,"receiver_count":16,"unavailable_count":0},"E":{"min":47.08216,"max":54.328716,"receiver_count":16,"unavailable_count":0},"N":{"min":42.310947,"max":49.557503,"receiver_count":16,"unavailable_count":0}}}},{"type":"Feature","id":"lariac:388710887306","geometry":{"type":"Polygon","coordinates":[[[-118.57181908870609,34.17716124306805],[-118.57193248619372,34.177140867458114],[-118.57191360567884,34.17706819212523],[-118.57193602029707,34.17705341167555],[-118.5719122342648,34.17696927295312],[-118.57188155986901,34.17697524378939],[-118.57186627888875,34.17692115481462],[-118.57178815668672,34.176936390669674],[-118.57180299735494,34.17698891485028],[-118.5717720924713,34.17699496969065],[-118.57181908870609,34.17716124306805]]]},"properties":{"building_pk":98946,"building_key":"lariac:388710887306","source_tile":"r03-c02","source_tile_ids":["r03-c02"],"source_bld_id":"388710887306","height_m":4.081,"receiver_ids":[217053,217054,217055,217056,217057,217058,217059,217060,217061,217062,217063,217064,217065,217066,217067,217068,217069],"receiver_keys":["r03-c02:expanded-facade-max4m:98946:0:1","r03-c02:expanded-facade-max4m:98946:0:10","r03-c02:expanded-facade-max4m:98946:0:11","r03-c02:expanded-facade-max4m:98946:0:12","r03-c02:expanded-facade-max4m:98946:0:13","r03-c02:expanded-facade-max4m:98946:0:15","r03-c02:expanded-facade-max4m:98946:0:16","r03-c02:expanded-facade-max4m:98946:0:17","r03-c02:expanded-facade-max4m:98946:0:18","r03-c02:expanded-facade-max4m:98946:0:19","r03-c02:expanded-facade-max4m:98946:0:2","r03-c02:expanded-facade-max4m:98946:0:3","r03-c02:expanded-facade-max4m:98946:0:4","r03-c02:expanded-facade-max4m:98946:0:5","r03-c02:expanded-facade-max4m:98946:0:6","r03-c02:expanded-facade-max4m:98946:0:7","r03-c02:expanded-facade-max4m:98946:0:8"],"receiver_count":17,"periods":{"D":{"min":68.04996,"max":69.77599,"receiver_count":17,"unavailable_count":0},"E":{"min":65.831474,"max":67.5575,"receiver_count":17,"unavailable_count":0},"N":{"min":61.060257,"max":62.786293,"receiver_count":17,"unavailable_count":0}}}},{"type":"Feature","id":"lariac:389247887908","geometry":{"type":"Polygon","coordinates":[[[-118.57022178045503,34.178602812198555],[-118.57011268187625,34.17857538042924],[-118.57008911971137,34.178640039425105],[-118.57010473459987,34.178641449763695],[-118.57009818881127,34.17865601713334],[-118.57008188727997,34.17864125544206],[-118.56999449265497,34.178707974199476],[-118.569993813544,34.17870542242105],[-118.5699645910657,34.17871094597083],[-118.56998215625532,34.17877530113078],[-118.5699971814935,34.17877248240929],[-118.57000613264455,34.178805196063045],[-118.5700531222539,34.17879631795558],[-118.57007536988021,34.17880066492188],[-118.57011008876287,34.178771923187085],[-118.57014222871679,34.17877713046411],[-118.57016555676779,34.17876034010197],[-118.57016093311975,34.17874184145691],[-118.57019566600862,34.17871515966194],[-118.57018067274991,34.178703112679166],[-118.57022178045503,34.178602812198555]]]},"properties":{"building_pk":98994,"building_key":"lariac:389247887908","source_tile":"r03-c02","source_tile_ids":["r03-c02"],"source_bld_id":"389247887908","height_m":11.29,"receiver_ids":[217094,217095,217096,217097,217098,217099,217100,217101,217102,217103,217104,217105,217106,217107],"receiver_keys":["r03-c02:expanded-facade-max4m:98994:0:1","r03-c02:expanded-facade-max4m:98994:0:14","r03-c02:expanded-facade-max4m:98994:0:15","r03-c02:expanded-facade-max4m:98994:0:16","r03-c02:expanded-facade-max4m:98994:0:17","r03-c02:expanded-facade-max4m:98994:0:18","r03-c02:expanded-facade-max4m:98994:0:19","r03-c02:expanded-facade-max4m:98994:0:2","r03-c02:expanded-facade-max4m:98994:0:20","r03-c02:expanded-facade-max4m:98994:0:21","r03-c02:expanded-facade-max4m:98994:0:22","r03-c02:expanded-facade-max4m:98994:0:3","r03-c02:expanded-facade-max4m:98994:0:4","r03-c02:expanded-facade-max4m:98994:0:5"],"receiver_count":14,"periods":{"D":{"min":51.17963,"max":60.885727,"receiver_count":14,"unavailable_count":0},"E":{"min":48.96114,"max":58.667236,"receiver_count":14,"unavailable_count":0},"N":{"min":44.18993,"max":53.896027,"receiver_count":14,"unavailable_count":0}}}},{"type":"Feature","id":"lariac:387892887972","geometry":{"type":"Polygon","coordinates":[[[-118.57456939658971,34.17882666294323],[-118.57456142316829,34.1788330621268],[-118.57454624704873,34.17882007353435],[-118.57450997567479,34.17884793680386],[-118.57452799800721,34.17886326401218],[-118.57451621511068,34.178872531074084],[-118.5745694763586,34.17891522767875],[-118.57462269165414,34.178869387311714],[-118.57456939658971,34.17882666294323]]]},"properties":{"building_pk":99032,"building_key":"lariac:387892887972","source_tile":"r03-c02","source_tile_ids":["r03-c02"],"source_bld_id":"387892887972","height_m":4.542,"receiver_ids":[217172,217173,217174,217175,217176],"receiver_keys":["r03-c02:expanded-facade-max4m:99032:0:1","r03-c02:expanded-facade-max4m:99032:0:2","r03-c02:expanded-facade-max4m:99032:0:3","r03-c02:expanded-facade-max4m:99032:0:6","r03-c02:expanded-facade-max4m:99032:0:7"],"receiver_count":5,"periods":{"D":{"min":52.774845,"max":60.9325,"receiver_count":5,"unavailable_count":0},"E":{"min":50.55636,"max":58.714012,"receiver_count":5,"unavailable_count":0},"N":{"min":45.785145,"max":53.9428,"receiver_count":5,"unavailable_count":0}}}},{"type":"Feature","id":"lariac:387979887701","geometry":{"type":"Polygon","coordinates":[[[-118.57429812684624,34.17809791237998],[-118.57423616878273,34.178107769265125],[-118.57424240502269,34.17813491674028],[-118.57422222596828,34.17813814542012],[-118.57422859959144,34.17816586923277],[-118.57431073802567,34.17815281070061],[-118.57429812684624,34.17809791237998]]]},"properties":{"building_pk":99358,"building_key":"lariac:387979887701","source_tile":"r03-c02","source_tile_ids":["r03-c02"],"source_bld_id":"387979887701","height_m":4.538,"receiver_ids":[217543,217544,217545,217546,217547,217548,217549],"receiver_keys":["r03-c02:expanded-facade-max4m:99358:0:1","r03-c02:expanded-facade-max4m:99358:0:2","r03-c02:expanded-facade-max4m:99358:0:3","r03-c02:expanded-facade-max4m:99358:0:4","r03-c02:expanded-facade-max4m:99358:0:5","r03-c02:expanded-facade-max4m:99358:0:6","r03-c02:expanded-facade-max4m:99358:0:7"],"receiver_count":7,"periods":{"D":{"min":50.98078,"max":61.203663,"receiver_count":7,"unavailable_count":0},"E":{"min":48.76229,"max":58.985176,"receiver_count":7,"unavailable_count":0},"N":{"min":43.99108,"max":54.213963,"receiver_count":7,"unavailable_count":0}}}},{"type":"Feature","id":"lariac:386796887513","geometry":{"type":"Polygon","coordinates":[[[-118.57821873208586,34.177564327514666],[-118.57814278869468,34.17756469057404],[-118.57814318137797,34.17762143287616],[-118.57821915844654,34.17762106965574],[-118.57821873208586,34.177564327514666]]]},"properties":{"building_pk":99756,"building_key":"lariac:386796887513","source_tile":"r03-c02","source_tile_ids":["r03-c02"],"source_bld_id":"386796887513","height_m":2.448,"receiver_ids":[218041,218042,218043,218044,218045,218046,218047],"receiver_keys":["r03-c02:expanded-facade-max4m:99756:0:1","r03-c02:expanded-facade-max4m:99756:0:2","r03-c02:expanded-facade-max4m:99756:0:3","r03-c02:expanded-facade-max4m:99756:0:4","r03-c02:expanded-facade-max4m:99756:0:5","r03-c02:expanded-facade-max4m:99756:0:6","r03-c02:expanded-facade-max4m:99756:0:7"],"receiver_count":7,"periods":{"D":{"min":60.80611,"max":62.66731,"receiver_count":7,"unavailable_count":0},"E":{"min":58.587624,"max":60.44882,"receiver_count":7,"unavailable_count":0},"N":{"min":53.81641,"max":55.67761,"receiver_count":7,"unavailable_count":0}}}},{"type":"Feature","id":"lariac:388008887586","geometry":{"type":"Polygon","coordinates":[[[-118.57421603772325,34.17789687979053],[-118.57423997990895,34.17784933761556],[-118.5742323239697,34.17784668105015],[-118.57424895928413,34.17781365418776],[-118.57430503564385,34.177833145283465],[-118.5743388921188,34.17776585273524],[-118.57425795914669,34.17773771395686],[-118.57424892393368,34.17775564622227],[-118.57413130188405,34.17771473807187],[-118.57411509150253,34.177746937986726],[-118.57410206608021,34.17774238390589],[-118.57405509655335,34.17783565084574],[-118.5740867467106,34.17784663019064],[-118.57408446380573,34.177851119904375],[-118.57421603772325,34.17789687979053]]]},"properties":{"building_pk":99786,"building_key":"lariac:388008887586","source_tile":"r03-c02","source_tile_ids":["r03-c02"],"source_bld_id":"388008887586","height_m":4.2,"receiver_ids":[218059,218060,218061,218062,218063,218064,218065,218066,218067,218068,218069,218070,218071,218072,218073],"receiver_keys":["r03-c02:expanded-facade-max4m:99786:0:1","r03-c02:expanded-facade-max4m:99786:0:10","r03-c02:expanded-facade-max4m:99786:0:11","r03-c02:expanded-facade-max4m:99786:0:12","r03-c02:expanded-facade-max4m:99786:0:14","r03-c02:expanded-facade-max4m:99786:0:15","r03-c02:expanded-facade-max4m:99786:0:16","r03-c02:expanded-facade-max4m:99786:0:17","r03-c02:expanded-facade-max4m:99786:0:18","r03-c02:expanded-facade-max4m:99786:0:19","r03-c02:expanded-facade-max4m:99786:0:20","r03-c02:expanded-facade-max4m:99786:0:4","r03-c02:expanded-facade-max4m:99786:0:5","r03-c02:expanded-facade-max4m:99786:0:6","r03-c02:expanded-facade-max4m:99786:0:7"],"receiver_count":15,"periods":{"D":{"min":54.117947,"max":58.328274,"receiver_count":15,"unavailable_count":0},"E":{"min":51.89946,"max":56.109787,"receiver_count":15,"unavailable_count":0},"N":{"min":47.128246,"max":51.338573,"receiver_count":15,"unavailable_count":0}}}},{"type":"Feature","id":"lariac:388808886750","geometry":{"type":"Polygon","coordinates":[[[-118.57147622541623,34.175556267731324],[-118.57154945926159,34.17555649864368],[-118.57154967802009,34.17550142942563],[-118.57147647676338,34.1755011983596],[-118.57147622541623,34.175556267731324]]]},"properties":{"building_pk":100030,"building_key":"lariac:388808886750","source_tile":"r03-c02","source_tile_ids":["r03-c02"],"source_bld_id":"388808886750","height_m":2.841,"receiver_ids":[218387,218388,218389,218390,218391,218392],"receiver_keys":["r03-c02:expanded-facade-max4m:100030:0:1","r03-c02:expanded-facade-max4m:100030:0:2","r03-c02:expanded-facade-max4m:100030:0:3","r03-c02:expanded-facade-max4m:100030:0:4","r03-c02:expanded-facade-max4m:100030:0:6","r03-c02:expanded-facade-max4m:100030:0:7"],"receiver_count":6,"periods":{"D":{"min":70.8674,"max":70.937584,"receiver_count":6,"unavailable_count":0},"E":{"min":68.64892,"max":68.71909,"receiver_count":6,"unavailable_count":0},"N":{"min":63.8777,"max":63.94788,"receiver_count":6,"unavailable_count":0}}}},{"type":"Feature","id":"lariac:388580887953","geometry":{"type":"Polygon","coordinates":[[[-118.57240139537716,34.17883647608767],[-118.57237126638198,34.178786936321245],[-118.57239589344611,34.178776625095864],[-118.57237793484948,34.1787469500786],[-118.57236883578842,34.17875073004574],[-118.57233479133987,34.178694449013996],[-118.572258534539,34.17872632878084],[-118.57228833161547,34.17877556722623],[-118.57222341474946,34.17880269445699],[-118.5722263916647,34.17880765419746],[-118.57218900515348,34.17882327455091],[-118.5722382312567,34.178904654035684],[-118.57240139537716,34.17883647608767]]]},"properties":{"building_pk":100281,"building_key":"lariac:388580887953","source_tile":"r03-c02","source_tile_ids":["r03-c02"],"source_bld_id":"388580887953","height_m":5.52,"receiver_ids":[218674,218675,218676,218677,218678,218679,218680,218681],"receiver_keys":["r03-c02:expanded-facade-max4m:100281:0:10","r03-c02:expanded-facade-max4m:100281:0:11","r03-c02:expanded-facade-max4m:100281:0:12","r03-c02:expanded-facade-max4m:100281:0:13","r03-c02:expanded-facade-max4m:100281:0:14","r03-c02:expanded-facade-max4m:100281:0:7","r03-c02:expanded-facade-max4m:100281:0:8","r03-c02:expanded-facade-max4m:100281:0:9"],"receiver_count":8,"periods":{"D":{"min":59.447773,"max":62.25811,"receiver_count":8,"unavailable_count":0},"E":{"min":57.229286,"max":60.039623,"receiver_count":8,"unavailable_count":0},"N":{"min":52.458073,"max":55.26841,"receiver_count":8,"unavailable_count":0}}}},{"type":"Feature","id":"lariac:387298887575","geometry":{"type":"Polygon","coordinates":[[[-118.57642902367148,34.17782620058827],[-118.57648269047077,34.17782701672949],[-118.57648258454655,34.17781638260393],[-118.57654870793709,34.17781601240772],[-118.57654863809452,34.177810764844395],[-118.57662901128187,34.17781032667246],[-118.57662899041753,34.17780730388994],[-118.57664816695946,34.177807212458255],[-118.57664752167045,34.17772818515603],[-118.57662818154888,34.17772830531556],[-118.5766281705474,34.17772671143559],[-118.57658618175137,34.1777269386693],[-118.57658619484268,34.17772883545859],[-118.57644779772123,34.177729577223246],[-118.57644778198306,34.177727296388234],[-118.57642824316727,34.17772738951488],[-118.57642902367148,34.17782620058827]]]},"properties":{"building_pk":100454,"building_key":"lariac:387298887575","source_tile":"r03-c02","source_tile_ids":["r03-c02"],"source_bld_id":"387298887575","height_m":4.029,"receiver_ids":[218791,218792,218793,218794,218795,218796,218797,218798,218799,218800,218801,218802,218803,218804],"receiver_keys":["r03-c02:expanded-facade-max4m:100454:0:1","r03-c02:expanded-facade-max4m:100454:0:10","r03-c02:expanded-facade-max4m:100454:0:11","r03-c02:expanded-facade-max4m:100454:0:12","r03-c02:expanded-facade-max4m:100454:0:13","r03-c02:expanded-facade-max4m:100454:0:14","r03-c02:expanded-facade-max4m:100454:0:15","r03-c02:expanded-facade-max4m:100454:0:16","r03-c02:expanded-facade-max4m:100454:0:3","r03-c02:expanded-facade-max4m:100454:0:4","r03-c02:expanded-facade-max4m:100454:0:5","r03-c02:expanded-facade-max4m:100454:0:6","r03-c02:expanded-facade-max4m:100454:0:8","r03-c02:expanded-facade-max4m:100454:0:9"],"receiver_count":14,"periods":{"D":{"min":60.071686,"max":68.31197,"receiver_count":14,"unavailable_count":0},"E":{"min":57.8532,"max":66.09348,"receiver_count":14,"unavailable_count":0},"N":{"min":53.081985,"max":61.322273,"receiver_count":14,"unavailable_count":0}}}},{"type":"Feature","id":"lariac:387765888034","geometry":{"type":"Polygon","coordinates":[[[-118.57496381729702,34.17891415059829],[-118.57492616002288,34.178972008686614],[-118.57494983988849,34.17898266778268],[-118.57490321732051,34.17905428008719],[-118.57488215668944,34.17904481750433],[-118.5748683827386,34.179065987251654],[-118.57489169900424,34.17907645605828],[-118.5748898336065,34.17907934987049],[-118.57495646508883,34.179109315137566],[-118.57497295482197,34.17908398355721],[-118.57505301816416,34.17911998477107],[-118.57510742731515,34.17903643678568],[-118.5750390059817,34.179005683145704],[-118.57504492779684,34.178996560199614],[-118.57501584090028,34.17898345298882],[-118.57503897197479,34.17894795014217],[-118.57496381729702,34.17891415059829]]]},"properties":{"building_pk":100635,"building_key":"lariac:387765888034","source_tile":"r03-c02","source_tile_ids":["r03-c02"],"source_bld_id":"387765888034","height_m":5.712,"receiver_ids":[218927,218928,218929,218930,218931,218932,218933,218934,218935,218936,218937,218938,218939,218940,218941,218942,218943,218944],"receiver_keys":["r03-c02:expanded-facade-max4m:100635:0:1","r03-c02:expanded-facade-max4m:100635:0:10","r03-c02:expanded-facade-max4m:100635:0:11","r03-c02:expanded-facade-max4m:100635:0:12","r03-c02:expanded-facade-max4m:100635:0:13","r03-c02:expanded-facade-max4m:100635:0:14","r03-c02:expanded-facade-max4m:100635:0:15","r03-c02:expanded-facade-max4m:100635:0:16","r03-c02:expanded-facade-max4m:100635:0:17","r03-c02:expanded-facade-max4m:100635:0:18","r03-c02:expanded-facade-max4m:100635:0:19","r03-c02:expanded-facade-max4m:100635:0:2","r03-c02:expanded-facade-max4m:100635:0:20","r03-c02:expanded-facade-max4m:100635:0:4","r03-c02:expanded-facade-max4m:100635:0:6","r03-c02:expanded-facade-max4m:100635:0:7","r03-c02:expanded-facade-max4m:100635:0:8","r03-c02:expanded-facade-max4m:100635:0:9"],"receiver_count":18,"periods":{"D":{"min":48.86886,"max":57.680843,"receiver_count":18,"unavailable_count":0},"E":{"min":46.650368,"max":55.462357,"receiver_count":18,"unavailable_count":0},"N":{"min":41.879158,"max":50.691143,"receiver_count":18,"unavailable_count":0}}}},{"type":"Feature","id":"lariac:387382887576","geometry":{"type":"Polygon","coordinates":[[[-118.576192996782,34.177813338723254],[-118.57618558940096,34.17781307199554],[-118.57618553617843,34.17783901241673],[-118.57623618977833,34.17783907310278],[-118.57623621286534,34.17782810929839],[-118.57638215460875,34.177828320816296],[-118.57638234839119,34.17773173011381],[-118.5761931598501,34.17773145057186],[-118.576192996782,34.177813338723254]]]},"properties":{"building_pk":100699,"building_key":"lariac:387382887576","source_tile":"r03-c02","source_tile_ids":["r03-c02"],"source_bld_id":"387382887576","height_m":3.697,"receiver_ids":[218958,218959,218960,218961,218962,218963,218964,218965,218966,218967,218968,218969,218970,218971,218972],"receiver_keys":["r03-c02:expanded-facade-max4m:100699:0:1","r03-c02:expanded-facade-max4m:100699:0:10","r03-c02:expanded-facade-max4m:100699:0:11","r03-c02:expanded-facade-max4m:100699:0:12","r03-c02:expanded-facade-max4m:100699:0:13","r03-c02:expanded-facade-max4m:100699:0:14","r03-c02:expanded-facade-max4m:100699:0:15","r03-c02:expanded-facade-max4m:100699:0:16","r03-c02:expanded-facade-max4m:100699:0:2","r03-c02:expanded-facade-max4m:100699:0:4","r03-c02:expanded-facade-max4m:100699:0:5","r03-c02:expanded-facade-max4m:100699:0:6","r03-c02:expanded-facade-max4m:100699:0:7","r03-c02:expanded-facade-max4m:100699:0:8","r03-c02:expanded-facade-max4m:100699:0:9"],"receiver_count":15,"periods":{"D":{"min":60.233665,"max":68.58536,"receiver_count":15,"unavailable_count":0},"E":{"min":58.01518,"max":66.366875,"receiver_count":15,"unavailable_count":0},"N":{"min":53.243965,"max":61.59566,"receiver_count":15,"unavailable_count":0}}}},{"type":"Feature","id":"lariac:386839887508","geometry":{"type":"Polygon","coordinates":[[[-118.57806817184625,34.177589338488765],[-118.5780676134499,34.177570875701626],[-118.57801062138458,34.177571999153436],[-118.5780111452574,34.17759049095526],[-118.57806817184625,34.177589338488765]]]},"properties":{"building_pk":100836,"building_key":"lariac:386839887508","source_tile":"r03-c02","source_tile_ids":["r03-c02"],"source_bld_id":"386839887508","height_m":1.899,"receiver_ids":[219206,219207,219208,219209],"receiver_keys":["r03-c02:expanded-facade-max4m:100836:0:1","r03-c02:expanded-facade-max4m:100836:0:2","r03-c02:expanded-facade-max4m:100836:0:3","r03-c02:expanded-facade-max4m:100836:0:4"],"receiver_count":4,"periods":{"D":{"min":60.661526,"max":62.001858,"receiver_count":4,"unavailable_count":0},"E":{"min":58.44304,"max":59.78337,"receiver_count":4,"unavailable_count":0},"N":{"min":53.671825,"max":55.01216,"receiver_count":4,"unavailable_count":0}}}},{"type":"Feature","id":"lariac:389232886788","geometry":{"type":"Polygon","coordinates":[[[-118.5700782611922,34.175677618670484],[-118.57013833425815,34.175677527514246],[-118.57013811695091,34.175597207178036],[-118.57007804304263,34.175597325384786],[-118.5700782611922,34.175677618670484]]]},"properties":{"building_pk":100935,"building_key":"lariac:389232886788","source_tile":"r03-c02","source_tile_ids":["r03-c02"],"source_bld_id":"389232886788","height_m":3.728,"receiver_ids":[219346,219347,219348,219349,219350,219351,219352,219353],"receiver_keys":["r03-c02:expanded-facade-max4m:100935:0:1","r03-c02:expanded-facade-max4m:100935:0:2","r03-c02:expanded-facade-max4m:100935:0:3","r03-c02:expanded-facade-max4m:100935:0:4","r03-c02:expanded-facade-max4m:100935:0:5","r03-c02:expanded-facade-max4m:100935:0:6","r03-c02:expanded-facade-max4m:100935:0:7","r03-c02:expanded-facade-max4m:100935:0:8"],"receiver_count":8,"periods":{"D":{"min":69.921875,"max":71.26578,"receiver_count":8,"unavailable_count":0},"E":{"min":67.70339,"max":69.047295,"receiver_count":8,"unavailable_count":0},"N":{"min":62.93218,"max":64.27608,"receiver_count":8,"unavailable_count":0}}}},{"type":"Feature","id":"lariac:387222887724","geometry":{"type":"Polygon","coordinates":[[[-118.57687674383308,34.178225509641116],[-118.57687659468927,34.17812740958024],[-118.57662617607352,34.17812766977708],[-118.57662632473036,34.17822574189132],[-118.57687674383308,34.178225509641116]]]},"properties":{"building_pk":101020,"building_key":"lariac:387222887724","source_tile":"r03-c02","source_tile_ids":["r03-c02"],"source_bld_id":"387222887724","height_m":4.097,"receiver_ids":[219445,219446,219447,219448,219449,219450,219451,219452,219453,219454,219455,219456,219457,219458,219459,219460,219461],"receiver_keys":["r03-c02:expanded-facade-max4m:101020:0:1","r03-c02:expanded-facade-max4m:101020:0:10","r03-c02:expanded-facade-max4m:101020:0:11","r03-c02:expanded-facade-max4m:101020:0:12","r03-c02:expanded-facade-max4m:101020:0:13","r03-c02:expanded-facade-max4m:101020:0:14","r03-c02:expanded-facade-max4m:101020:0:15","r03-c02:expanded-facade-max4m:101020:0:16","r03-c02:expanded-facade-max4m:101020:0:17","r03-c02:expanded-facade-max4m:101020:0:2","r03-c02:expanded-facade-max4m:101020:0:3","r03-c02:expanded-facade-max4m:101020:0:4","r03-c02:expanded-facade-max4m:101020:0:5","r03-c02:expanded-facade-max4m:101020:0:6","r03-c02:expanded-facade-max4m:101020:0:7","r03-c02:expanded-facade-max4m:101020:0:8","r03-c02:expanded-facade-max4m:101020:0:9"],"receiver_count":17,"periods":{"D":{"min":60.00352,"max":68.39411,"receiver_count":17,"unavailable_count":0},"E":{"min":57.785034,"max":66.17562,"receiver_count":17,"unavailable_count":0},"N":{"min":53.01382,"max":61.40441,"receiver_count":17,"unavailable_count":0}}}},{"type":"Feature","id":"lariac:389092886500","geometry":{"type":"Polygon","coordinates":[[[-118.57050672452417,34.17487559772209],[-118.57066916837482,34.17487235836924],[-118.57066643656191,34.17477732045282],[-118.57062445444842,34.174778150528866],[-118.5706209850213,34.17465753384688],[-118.57054148266626,34.174659089961885],[-118.57054373518645,34.17473717568347],[-118.57056879182473,34.17473669955853],[-118.57056927281843,34.174753762637344],[-118.57048418272684,34.17475542801851],[-118.5704858760017,34.174814527133684],[-118.57050495019617,34.17481416218439],[-118.57050672452417,34.17487559772209]]]},"properties":{"building_pk":101075,"building_key":"lariac:389092886500","source_tile":"r03-c02","source_tile_ids":["r03-c02"],"source_bld_id":"389092886500","height_m":4.444,"receiver_ids":[219552,219553,219554,219555,219556,219557,219558,219559,219560,219561,219562,219563,219564,219565,219566,219567,219568,219569],"receiver_keys":["r03-c02:expanded-facade-max4m:101075:0:1","r03-c02:expanded-facade-max4m:101075:0:10","r03-c02:expanded-facade-max4m:101075:0:11","r03-c02:expanded-facade-max4m:101075:0:12","r03-c02:expanded-facade-max4m:101075:0:13","r03-c02:expanded-facade-max4m:101075:0:14","r03-c02:expanded-facade-max4m:101075:0:15","r03-c02:expanded-facade-max4m:101075:0:18","r03-c02:expanded-facade-max4m:101075:0:19","r03-c02:expanded-facade-max4m:101075:0:2","r03-c02:expanded-facade-max4m:101075:0:20","r03-c02:expanded-facade-max4m:101075:0:22","r03-c02:expanded-facade-max4m:101075:0:3","r03-c02:expanded-facade-max4m:101075:0:4","r03-c02:expanded-facade-max4m:101075:0:5","r03-c02:expanded-facade-max4m:101075:0:6","r03-c02:expanded-facade-max4m:101075:0:7","r03-c02:expanded-facade-max4m:101075:0:9"],"receiver_count":18,"periods":{"D":{"min":68.08514,"max":73.90363,"receiver_count":18,"unavailable_count":0},"E":{"min":65.866646,"max":71.68515,"receiver_count":18,"unavailable_count":0},"N":{"min":61.095436,"max":66.91393,"receiver_count":18,"unavailable_count":0}}}},{"type":"Feature","id":"lariac:387234887362","geometry":{"type":"Polygon","coordinates":[[[-118.57677292220339,34.17710930638626],[-118.57677247377607,34.1771257409944],[-118.57667234629851,34.17712385551405],[-118.57667216514132,34.17713108316643],[-118.57664733221472,34.177130596635415],[-118.57664582103759,34.17718479303495],[-118.57667095227264,34.177185278143945],[-118.57666843642906,34.17728155806821],[-118.5767153975741,34.17728182277802],[-118.57671610630749,34.177274809882235],[-118.5767784705589,34.177275996422125],[-118.57677945126493,34.1772408179478],[-118.57678573390181,34.177240952968035],[-118.57678662979997,34.1772079458196],[-118.57685250051104,34.17720922558674],[-118.57685519377092,34.17711086494609],[-118.57677292220339,34.17710930638626]]]},"properties":{"building_pk":101128,"building_key":"lariac:387234887362","source_tile":"r03-c02","source_tile_ids":["r03-c02"],"source_bld_id":"387234887362","height_m":4.752,"receiver_ids":[219655,219656,219657,219658,219659,219660,219661,219662,219663,219664,219665,219666,219667],"receiver_keys":["r03-c02:expanded-facade-max4m:101128:0:12","r03-c02:expanded-facade-max4m:101128:0:15","r03-c02:expanded-facade-max4m:101128:0:16","r03-c02:expanded-facade-max4m:101128:0:17","r03-c02:expanded-facade-max4m:101128:0:18","r03-c02:expanded-facade-max4m:101128:0:2","r03-c02:expanded-facade-max4m:101128:0:3","r03-c02:expanded-facade-max4m:101128:0:4","r03-c02:expanded-facade-max4m:101128:0:5","r03-c02:expanded-facade-max4m:101128:0:6","r03-c02:expanded-facade-max4m:101128:0:7","r03-c02:expanded-facade-max4m:101128:0:8","r03-c02:expanded-facade-max4m:101128:0:9"],"receiver_count":13,"periods":{"D":{"min":50.177998,"max":55.755802,"receiver_count":13,"unavailable_count":0},"E":{"min":47.959507,"max":53.537315,"receiver_count":13,"unavailable_count":0},"N":{"min":43.188297,"max":48.7661,"receiver_count":13,"unavailable_count":0}}}},{"type":"Feature","id":"lariac:389855888098","geometry":{"type":"Polygon","coordinates":[[[-118.5681386614476,34.179298632916705],[-118.56813804828117,34.179213257676345],[-118.56800275618264,34.17921394813293],[-118.56800342637506,34.179302785038615],[-118.5680524916628,34.179302527551734],[-118.5680524681169,34.17929906482771],[-118.5681386614476,34.179298632916705]]]},"properties":{"building_pk":101218,"building_key":"lariac:389855888098","source_tile":"r03-c02","source_tile_ids":["r03-c02"],"source_bld_id":"389855888098","height_m":5.508,"receiver_ids":[219769,219770,219771,219772,219773,219774,219775,219776,219777,219778,219779],"receiver_keys":["r03-c02:expanded-facade-max4m:101218:0:1","r03-c02:expanded-facade-max4m:101218:0:10","r03-c02:expanded-facade-max4m:101218:0:11","r03-c02:expanded-facade-max4m:101218:0:2","r03-c02:expanded-facade-max4m:101218:0:3","r03-c02:expanded-facade-max4m:101218:0:4","r03-c02:expanded-facade-max4m:101218:0:5","r03-c02:expanded-facade-max4m:101218:0:6","r03-c02:expanded-facade-max4m:101218:0:7","r03-c02:expanded-facade-max4m:101218:0:8","r03-c02:expanded-facade-max4m:101218:0:9"],"receiver_count":11,"periods":{"D":{"min":53.9285,"max":64.796646,"receiver_count":11,"unavailable_count":0},"E":{"min":51.71001,"max":62.578156,"receiver_count":11,"unavailable_count":0},"N":{"min":46.9388,"max":57.806946,"receiver_count":11,"unavailable_count":0}}}},{"type":"Feature","id":"lariac:389237886230","geometry":{"type":"Polygon","coordinates":[[[-118.57011824248687,34.17411892283155],[-118.57011848786865,34.174091936626255],[-118.57005156817938,34.174091538056096],[-118.57005132258519,34.174118496314215],[-118.57011824248687,34.17411892283155]]]},"properties":{"building_pk":101219,"building_key":"lariac:389237886230","source_tile":"r03-c02","source_tile_ids":["r03-c02"],"source_bld_id":"389237886230","height_m":2.35,"receiver_ids":[219780,219781,219782,219783,219784],"receiver_keys":["r03-c02:expanded-facade-max4m:101219:0:1","r03-c02:expanded-facade-max4m:101219:0:2","r03-c02:expanded-facade-max4m:101219:0:3","r03-c02:expanded-facade-max4m:101219:0:4","r03-c02:expanded-facade-max4m:101219:0:5"],"receiver_count":5,"periods":{"D":{"min":74.78081,"max":74.895485,"receiver_count":5,"unavailable_count":0},"E":{"min":72.56232,"max":72.676994,"receiver_count":5,"unavailable_count":0},"N":{"min":67.79111,"max":67.905785,"receiver_count":5,"unavailable_count":0}}}},{"type":"Feature","id":"lariac:201700285636","geometry":{"type":"Polygon","coordinates":[[[-118.57180586126503,34.17452108174487],[-118.57185343655767,34.17452144910912],[-118.57185354956955,34.17451133684365],[-118.57197504021185,34.17451227330238],[-118.57197565723699,34.174456955175806],[-118.57191821178189,34.17445651192661],[-118.57191876169617,34.1744072299631],[-118.57198053854309,34.17440770591759],[-118.57198130481322,34.17433901536657],[-118.57192689892308,34.17433859561081],[-118.5719269277215,34.17433598910741],[-118.57190906506412,34.174335851800784],[-118.5719090144727,34.17434034534137],[-118.57180482592535,34.17433954248172],[-118.571802930927,34.174509271834424],[-118.5718059931889,34.174509294319044],[-118.57180586126503,34.17452108174487]]]},"properties":{"building_pk":101764,"building_key":"lariac:201700285636","source_tile":"r03-c02","source_tile_ids":["r03-c02"],"source_bld_id":"201700285636","height_m":3.523,"receiver_ids":[220465,220466,220467,220468,220469,220470,220471,220472,220473,220474,220475,220476,220477,220478,220479,220480,220481,220482,220483,220484],"receiver_keys":["r03-c02:expanded-facade-max4m:101764:0:1","r03-c02:expanded-facade-max4m:101764:0:10","r03-c02:expanded-facade-max4m:101764:0:11","r03-c02:expanded-facade-max4m:101764:0:12","r03-c02:expanded-facade-max4m:101764:0:13","r03-c02:expanded-facade-max4m:101764:0:14","r03-c02:expanded-facade-max4m:101764:0:15","r03-c02:expanded-facade-max4m:101764:0:16","r03-c02:expanded-facade-max4m:101764:0:17","r03-c02:expanded-facade-max4m:101764:0:18","r03-c02:expanded-facade-max4m:101764:0:19","r03-c02:expanded-facade-max4m:101764:0:20","r03-c02:expanded-facade-max4m:101764:0:21","r03-c02:expanded-facade-max4m:101764:0:22","r03-c02:expanded-facade-max4m:101764:0:3","r03-c02:expanded-facade-max4m:101764:0:4","r03-c02:expanded-facade-max4m:101764:0:5","r03-c02:expanded-facade-max4m:101764:0:6","r03-c02:expanded-facade-max4m:101764:0:7","r03-c02:expanded-facade-max4m:101764:0:9"],"receiver_count":20,"periods":{"D":{"min":72.49883,"max":73.237236,"receiver_count":20,"unavailable_count":0},"E":{"min":70.28035,"max":71.018745,"receiver_count":20,"unavailable_count":0},"N":{"min":65.50913,"max":66.247536,"receiver_count":20,"unavailable_count":0}}}},{"type":"Feature","id":"lariac:386861887883","geometry":{"type":"Polygon","coordinates":[[[-118.57805130446052,34.178659018173526],[-118.57805008318988,34.178563726136524],[-118.57796270193239,34.178564500757496],[-118.5779622237515,34.1785287802013],[-118.57793012205454,34.17852916169553],[-118.57793035871131,34.17851711411289],[-118.57787753518576,34.178517366520325],[-118.57787869125438,34.178598400025095],[-118.57785948255811,34.178598573845335],[-118.57786012095114,34.1786478961556],[-118.57785241855403,34.17864796000336],[-118.57785331643457,34.178715664489374],[-118.57794486297915,34.178714842095935],[-118.57794420914304,34.17866329484514],[-118.57797171575658,34.17866305340928],[-118.57797166021244,34.1786597287747],[-118.57805130446052,34.178659018173526]]]},"properties":{"building_pk":105479,"building_key":"lariac:386861887883","source_tile":"r03-c02","source_tile_ids":["r03-c02"],"source_bld_id":"386861887883","height_m":4.892,"receiver_ids":[221202,221203,221204,221205,221206,221207,221208,221209,221210,221211,221212,221213,221214],"receiver_keys":["r03-c02:expanded-facade-max4m:105479:0:10","r03-c02:expanded-facade-max4m:105479:0:16","r03-c02:expanded-facade-max4m:105479:0:17","r03-c02:expanded-facade-max4m:105479:0:18","r03-c02:expanded-facade-max4m:105479:0:2","r03-c02:expanded-facade-max4m:105479:0:20","r03-c02:expanded-facade-max4m:105479:0:21","r03-c02:expanded-facade-max4m:105479:0:3","r03-c02:expanded-facade-max4m:105479:0:4","r03-c02:expanded-facade-max4m:105479:0:5","r03-c02:expanded-facade-max4m:105479:0:6","r03-c02:expanded-facade-max4m:105479:0:8","r03-c02:expanded-facade-max4m:105479:0:9"],"receiver_count":13,"periods":{"D":{"min":49.80799,"max":57.704754,"receiver_count":13,"unavailable_count":0},"E":{"min":47.589504,"max":55.486267,"receiver_count":13,"unavailable_count":0},"N":{"min":42.81829,"max":50.715054,"receiver_count":13,"unavailable_count":0}}}},{"type":"Feature","id":"lariac:387623888048","geometry":{"type":"Polygon","coordinates":[[[-118.57538844260887,34.17917689344877],[-118.57551945903096,34.17917470318415],[-118.57551811017005,34.17911810246608],[-118.57559173412652,34.17911687309332],[-118.57558938189581,34.1790202945122],[-118.57547704530604,34.17902217599536],[-118.57547560721238,34.178962222854175],[-118.57538647861142,34.178963718851435],[-118.57538819311553,34.17903499138438],[-118.57539490373422,34.1790348774179],[-118.57539637899282,34.17909535237786],[-118.57538646103232,34.17909550955112],[-118.57538844260887,34.17917689344877]]]},"properties":{"building_pk":105618,"building_key":"lariac:387623888048","source_tile":"r03-c02","source_tile_ids":["r03-c02"],"source_bld_id":"387623888048","height_m":5.023,"receiver_ids":[221411,221412,221413,221414,221415,221416,221417,221418,221419],"receiver_keys":["r03-c02:expanded-facade-max4m:105618:0:10","r03-c02:expanded-facade-max4m:105618:0:11","r03-c02:expanded-facade-max4m:105618:0:12","r03-c02:expanded-facade-max4m:105618:0:13","r03-c02:expanded-facade-max4m:105618:0:14","r03-c02:expanded-facade-max4m:105618:0:15","r03-c02:expanded-facade-max4m:105618:0:16","r03-c02:expanded-facade-max4m:105618:0:18","r03-c02:expanded-facade-max4m:105618:0:19"],"receiver_count":9,"periods":{"D":{"min":47.666595,"max":54.407867,"receiver_count":9,"unavailable_count":0},"E":{"min":45.44811,"max":52.189377,"receiver_count":9,"unavailable_count":0},"N":{"min":40.6769,"max":47.418167,"receiver_count":9,"unavailable_count":0}}}},{"type":"Feature","id":"lariac:388734886731","geometry":{"type":"Polygon","coordinates":[[[-118.57181478871682,34.175533179102494],[-118.57181067685258,34.17551198428334],[-118.57191261244927,34.17549831267186],[-118.57191076179382,34.17548878577966],[-118.57194970634023,34.1754835727881],[-118.57194148147157,34.175441184065484],[-118.57190389166132,34.1754462256654],[-118.57188772987462,34.175379418254536],[-118.57169236649482,34.17540361621183],[-118.57171776749331,34.17554520642117],[-118.57181478871682,34.175533179102494]]]},"properties":{"building_pk":105664,"building_key":"lariac:388734886731","source_tile":"r03-c02","source_tile_ids":["r03-c02"],"source_bld_id":"388734886731","height_m":5.2,"receiver_ids":[221460,221461,221462,221463,221464,221465,221466,221467,221468,221469,221470,221471,221472,221473,221474,221475,221476,221477],"receiver_keys":["r03-c02:expanded-facade-max4m:105664:0:10","r03-c02:expanded-facade-max4m:105664:0:11","r03-c02:expanded-facade-max4m:105664:0:12","r03-c02:expanded-facade-max4m:105664:0:13","r03-c02:expanded-facade-max4m:105664:0:14","r03-c02:expanded-facade-max4m:105664:0:15","r03-c02:expanded-facade-max4m:105664:0:16","r03-c02:expanded-facade-max4m:105664:0:17","r03-c02:expanded-facade-max4m:105664:0:18","r03-c02:expanded-facade-max4m:105664:0:19","r03-c02:expanded-facade-max4m:105664:0:2","r03-c02:expanded-facade-max4m:105664:0:3","r03-c02:expanded-facade-max4m:105664:0:4","r03-c02:expanded-facade-max4m:105664:0:5","r03-c02:expanded-facade-max4m:105664:0:6","r03-c02:expanded-facade-max4m:105664:0:7","r03-c02:expanded-facade-max4m:105664:0:8","r03-c02:expanded-facade-max4m:105664:0:9"],"receiver_count":18,"periods":{"D":{"min":64.525566,"max":71.01885,"receiver_count":18,"unavailable_count":0},"E":{"min":62.30708,"max":68.80036,"receiver_count":18,"unavailable_count":0},"N":{"min":57.535866,"max":64.02915,"receiver_count":18,"unavailable_count":0}}}},{"type":"Feature","id":"lariac:388668887001","geometry":{"type":"Polygon","coordinates":[[[-118.57199673034027,34.176233503638535],[-118.57200384973855,34.17620599086767],[-118.57196475498007,34.17619897692758],[-118.57195782879634,34.1762257188627],[-118.57199673034027,34.176233503638535]]]},"properties":{"building_pk":105672,"building_key":"lariac:388668887001","source_tile":"r03-c02","source_tile_ids":["r03-c02"],"source_bld_id":"388668887001","height_m":2.609,"receiver_ids":[221507,221508,221509,221510],"receiver_keys":["r03-c02:expanded-facade-max4m:105672:0:1","r03-c02:expanded-facade-max4m:105672:0:2","r03-c02:expanded-facade-max4m:105672:0:3","r03-c02:expanded-facade-max4m:105672:0:4"],"receiver_count":4,"periods":{"D":{"min":67.10526,"max":69.134125,"receiver_count":4,"unavailable_count":0},"E":{"min":64.88677,"max":66.915634,"receiver_count":4,"unavailable_count":0},"N":{"min":60.115562,"max":62.144424,"receiver_count":4,"unavailable_count":0}}}},{"type":"Feature","id":"lariac:389094886577","geometry":{"type":"Polygon","coordinates":[[[-118.57050492788755,34.17514017543924],[-118.5705049058574,34.175127260007436],[-118.57054246322535,34.17512716577337],[-118.57057339194405,34.17513421869702],[-118.57057379110711,34.17517821131566],[-118.57065607893561,34.17517768602762],[-118.57065537948027,34.17510434682652],[-118.57058694408487,34.17510480766091],[-118.57058599907602,34.17500503541297],[-118.57059744149794,34.17499580279582],[-118.57055573773196,34.174960056749114],[-118.5705454786251,34.17496832183111],[-118.5704836880881,34.17491538609738],[-118.57043735932042,34.1749527293563],[-118.57049951565847,34.17500602039996],[-118.57049967581398,34.175082686142225],[-118.57038567845518,34.175082838886794],[-118.57038577372954,34.175140325463396],[-118.57050492788755,34.17514017543924]]]},"properties":{"building_pk":106337,"building_key":"lariac:389094886577","source_tile":"r03-c02","source_tile_ids":["r03-c02"],"source_bld_id":"389094886577","height_m":4.554,"receiver_ids":[222147,222148,222149,222150,222151,222152,222153,222154,222155,222156,222157,222158,222159,222160,222161,222162,222163,222164,222165,222166,222167,222168,222169,222170,222171,222172,222173,222174],"receiver_keys":["r03-c02:expanded-facade-max4m:106337:0:10","r03-c02:expanded-facade-max4m:106337:0:11","r03-c02:expanded-facade-max4m:106337:0:12","r03-c02:expanded-facade-max4m:106337:0:13","r03-c02:expanded-facade-max4m:106337:0:14","r03-c02:expanded-facade-max4m:106337:0:15","r03-c02:expanded-facade-max4m:106337:0:16","r03-c02:expanded-facade-max4m:106337:0:17","r03-c02:expanded-facade-max4m:106337:0:18","r03-c02:expanded-facade-max4m:106337:0:19","r03-c02:expanded-facade-max4m:106337:0:2","r03-c02:expanded-facade-max4m:106337:0:20","r03-c02:expanded-facade-max4m:106337:0:21","r03-c02:expanded-facade-max4m:106337:0:22","r03-c02:expanded-facade-max4m:106337:0:23","r03-c02:expanded-facade-max4m:106337:0:24","r03-c02:expanded-facade-max4m:106337:0:25","r03-c02:expanded-facade-max4m:106337:0:26","r03-c02:expanded-facade-max4m:106337:0:27","r03-c02:expanded-facade-max4m:106337:0:28","r03-c02:expanded-facade-max4m:106337:0:29","r03-c02:expanded-facade-max4m:106337:0:3","r03-c02:expanded-facade-max4m:106337:0:4","r03-c02:expanded-facade-max4m:106337:0:5","r03-c02:expanded-facade-max4m:106337:0:6","r03-c02:expanded-facade-max4m:106337:0:7","r03-c02:expanded-facade-max4m:106337:0:8","r03-c02:expanded-facade-max4m:106337:0:9"],"receiver_count":28,"periods":{"D":{"min":64.89882,"max":72.997986,"receiver_count":28,"unavailable_count":0},"E":{"min":62.680336,"max":70.779495,"receiver_count":28,"unavailable_count":0},"N":{"min":57.909122,"max":66.008286,"receiver_count":28,"unavailable_count":0}}}},{"type":"Feature","id":"lariac:387659887549","geometry":{"type":"Polygon","coordinates":[[[-118.57528265873776,34.177691268456606],[-118.57530020637456,34.1777476271391],[-118.57537435572826,34.17773166594468],[-118.57535680804473,34.177675307272914],[-118.57528265873776,34.177691268456606]]]},"properties":{"building_pk":106683,"building_key":"lariac:387659887549","source_tile":"r03-c02","source_tile_ids":["r03-c02"],"source_bld_id":"387659887549","height_m":4.072,"receiver_ids":[222518,222519,222520,222521,222522,222523,222524],"receiver_keys":["r03-c02:expanded-facade-max4m:106683:0:1","r03-c02:expanded-facade-max4m:106683:0:2","r03-c02:expanded-facade-max4m:106683:0:3","r03-c02:expanded-facade-max4m:106683:0:4","r03-c02:expanded-facade-max4m:106683:0:5","r03-c02:expanded-facade-max4m:106683:0:6","r03-c02:expanded-facade-max4m:106683:0:7"],"receiver_count":7,"periods":{"D":{"min":56.876152,"max":59.94684,"receiver_count":7,"unavailable_count":0},"E":{"min":54.65766,"max":57.72835,"receiver_count":7,"unavailable_count":0},"N":{"min":49.88645,"max":52.957138,"receiver_count":7,"unavailable_count":0}}}},{"type":"Feature","id":"lariac:389090886751","geometry":{"type":"Polygon","coordinates":[[[-118.57051585334588,34.17556352285967],[-118.5705412129905,34.175583077645555],[-118.57056309645179,34.17558250740576],[-118.57052774727173,34.1756107032091],[-118.57050262217912,34.175611041710816],[-118.57050242848827,34.17560205692398],[-118.57042530164497,34.17560310770564],[-118.57042544593833,34.17560978386842],[-118.5702368446778,34.175612350159966],[-118.57023866813806,34.17570516555125],[-118.57040928673888,34.17570284995881],[-118.57040893060622,34.17568468820843],[-118.57050334747007,34.175683417940455],[-118.57050821708383,34.17568966070787],[-118.57053129271458,34.17568941391406],[-118.57053479228394,34.17568373660274],[-118.57055204973665,34.17568368313664],[-118.5705754266365,34.17570324817104],[-118.57060932278604,34.17567527918644],[-118.57059755152339,34.175665442069594],[-118.57065393473214,34.17561887357904],[-118.57065269549514,34.17548096194952],[-118.5705138177922,34.17548337518114],[-118.57051585334588,34.17556352285967]]]},"properties":{"building_pk":106831,"building_key":"lariac:389090886751","source_tile":"r03-c02","source_tile_ids":["r03-c02"],"source_bld_id":"389090886751","height_m":5.182,"receiver_ids":[222658,222659,222660,222661,222662,222663,222664,222665,222666,222667,222668,222669,222670,222671,222672,222673,222674,222675,222676,222677,222678,222679,222680,222681,222682,222683,222684,222685,222686,222687,222688,222689],"receiver_keys":["r03-c02:expanded-facade-max4m:106831:0:1","r03-c02:expanded-facade-max4m:106831:0:10","r03-c02:expanded-facade-max4m:106831:0:11","r03-c02:expanded-facade-max4m:106831:0:12","r03-c02:expanded-facade-max4m:106831:0:13","r03-c02:expanded-facade-max4m:106831:0:14","r03-c02:expanded-facade-max4m:106831:0:15","r03-c02:expanded-facade-max4m:106831:0:16","r03-c02:expanded-facade-max4m:106831:0:17","r03-c02:expanded-facade-max4m:106831:0:18","r03-c02:expanded-facade-max4m:106831:0:19","r03-c02:expanded-facade-max4m:106831:0:20","r03-c02:expanded-facade-max4m:106831:0:21","r03-c02:expanded-facade-max4m:106831:0:22","r03-c02:expanded-facade-max4m:106831:0:24","r03-c02:expanded-facade-max4m:106831:0:25","r03-c02:expanded-facade-max4m:106831:0:26","r03-c02:expanded-facade-max4m:106831:0:27","r03-c02:expanded-facade-max4m:106831:0:28","r03-c02:expanded-facade-max4m:106831:0:29","r03-c02:expanded-facade-max4m:106831:0:3","r03-c02:expanded-facade-max4m:106831:0:30","r03-c02:expanded-facade-max4m:106831:0:31","r03-c02:expanded-facade-max4m:106831:0:32","r03-c02:expanded-facade-max4m:106831:0:33","r03-c02:expanded-facade-max4m:106831:0:34","r03-c02:expanded-facade-max4m:106831:0:4","r03-c02:expanded-facade-max4m:106831:0:5","r03-c02:expanded-facade-max4m:106831:0:6","r03-c02:expanded-facade-max4m:106831:0:7","r03-c02:expanded-facade-max4m:106831:0:8","r03-c02:expanded-facade-max4m:106831:0:9"],"receiver_count":32,"periods":{"D":{"min":61.453365,"max":72.677376,"receiver_count":32,"unavailable_count":0},"E":{"min":59.23488,"max":70.458885,"receiver_count":32,"unavailable_count":0},"N":{"min":54.463665,"max":65.687675,"receiver_count":32,"unavailable_count":0}}}},{"type":"Feature","id":"lariac:388823887048","geometry":{"type":"Polygon","coordinates":[[[-118.57141279529107,34.17633202884391],[-118.5713497614704,34.17634400526408],[-118.5713683744452,34.17641159903351],[-118.57144332919655,34.176397367409145],[-118.57143854766441,34.17637991354799],[-118.57156633337547,34.17635562249717],[-118.57153754643848,34.17625089801511],[-118.57150485735032,34.17625709825502],[-118.57150183958805,34.17624614792268],[-118.57156480842303,34.17623419967786],[-118.57154717717302,34.17617011912814],[-118.57137715968207,34.17620241346577],[-118.57141279529107,34.17633202884391]]]},"properties":{"building_pk":106983,"building_key":"lariac:388823887048","source_tile":"r03-c02","source_tile_ids":["r03-c02"],"source_bld_id":"388823887048","height_m":4.136,"receiver_ids":[222848,222849,222850,222851,222852,222853,222854,222855,222856,222857,222858,222859,222860,222861,222862,222863,222864,222865,222866,222867,222868],"receiver_keys":["r03-c02:expanded-facade-max4m:106983:0:1","r03-c02:expanded-facade-max4m:106983:0:10","r03-c02:expanded-facade-max4m:106983:0:11","r03-c02:expanded-facade-max4m:106983:0:12","r03-c02:expanded-facade-max4m:106983:0:15","r03-c02:expanded-facade-max4m:106983:0:16","r03-c02:expanded-facade-max4m:106983:0:17","r03-c02:expanded-facade-max4m:106983:0:18","r03-c02:expanded-facade-max4m:106983:0:19","r03-c02:expanded-facade-max4m:106983:0:2","r03-c02:expanded-facade-max4m:106983:0:20","r03-c02:expanded-facade-max4m:106983:0:21","r03-c02:expanded-facade-max4m:106983:0:22","r03-c02:expanded-facade-max4m:106983:0:23","r03-c02:expanded-facade-max4m:106983:0:24","r03-c02:expanded-facade-max4m:106983:0:3","r03-c02:expanded-facade-max4m:106983:0:4","r03-c02:expanded-facade-max4m:106983:0:5","r03-c02:expanded-facade-max4m:106983:0:7","r03-c02:expanded-facade-max4m:106983:0:8","r03-c02:expanded-facade-max4m:106983:0:9"],"receiver_count":21,"periods":{"D":{"min":69.339096,"max":71.077385,"receiver_count":21,"unavailable_count":0},"E":{"min":67.12061,"max":68.858894,"receiver_count":21,"unavailable_count":0},"N":{"min":62.349396,"max":64.087685,"receiver_count":21,"unavailable_count":0}}}},{"type":"Feature","id":"lariac:387286887794","geometry":{"type":"Polygon","coordinates":[[[-118.57660573633827,34.17840445424265],[-118.57660471296067,34.17834246614914],[-118.57652811186638,34.17834335332169],[-118.57652916772858,34.17840534126068],[-118.57660573633827,34.17840445424265]]]},"properties":{"building_pk":107072,"building_key":"lariac:387286887794","source_tile":"r03-c02","source_tile_ids":["r03-c02"],"source_bld_id":"387286887794","height_m":4.724,"receiver_ids":[222926,222927,222928,222929,222930],"receiver_keys":["r03-c02:expanded-facade-max4m:107072:0:3","r03-c02:expanded-facade-max4m:107072:0:4","r03-c02:expanded-facade-max4m:107072:0:5","r03-c02:expanded-facade-max4m:107072:0:6","r03-c02:expanded-facade-max4m:107072:0:7"],"receiver_count":5,"periods":{"D":{"min":55.751686,"max":58.976685,"receiver_count":5,"unavailable_count":0},"E":{"min":53.5332,"max":56.758198,"receiver_count":5,"unavailable_count":0},"N":{"min":48.761986,"max":51.986984,"receiver_count":5,"unavailable_count":0}}}},{"type":"Feature","id":"lariac:389121886665","geometry":{"type":"Polygon","coordinates":[[[-118.57037164516984,34.1753808341871],[-118.57046273206954,34.17538089951616],[-118.57046279597768,34.17533704264944],[-118.57065468855464,34.17533715338784],[-118.57065477808872,34.17525831554601],[-118.57043187352654,34.17525815815662],[-118.57043187273517,34.17526296700219],[-118.57037176540109,34.175262920530805],[-118.57037164516984,34.1753808341871]]]},"properties":{"building_pk":107597,"building_key":"lariac:389121886665","source_tile":"r03-c02","source_tile_ids":["r03-c02"],"source_bld_id":"389121886665","height_m":3.499,"receiver_ids":[223483,223484,223485,223486,223487,223488,223489,223490,223491,223492,223493,223494,223495,223496,223497,223498,223499,223500,223501],"receiver_keys":["r03-c02:expanded-facade-max4m:107597:0:1","r03-c02:expanded-facade-max4m:107597:0:10","r03-c02:expanded-facade-max4m:107597:0:11","r03-c02:expanded-facade-max4m:107597:0:12","r03-c02:expanded-facade-max4m:107597:0:13","r03-c02:expanded-facade-max4m:107597:0:14","r03-c02:expanded-facade-max4m:107597:0:15","r03-c02:expanded-facade-max4m:107597:0:16","r03-c02:expanded-facade-max4m:107597:0:17","r03-c02:expanded-facade-max4m:107597:0:18","r03-c02:expanded-facade-max4m:107597:0:19","r03-c02:expanded-facade-max4m:107597:0:2","r03-c02:expanded-facade-max4m:107597:0:20","r03-c02:expanded-facade-max4m:107597:0:3","r03-c02:expanded-facade-max4m:107597:0:5","r03-c02:expanded-facade-max4m:107597:0:6","r03-c02:expanded-facade-max4m:107597:0:7","r03-c02:expanded-facade-max4m:107597:0:8","r03-c02:expanded-facade-max4m:107597:0:9"],"receiver_count":19,"periods":{"D":{"min":71.220566,"max":72.9813,"receiver_count":19,"unavailable_count":0},"E":{"min":69.002075,"max":70.76282,"receiver_count":19,"unavailable_count":0},"N":{"min":64.230865,"max":65.9916,"receiver_count":19,"unavailable_count":0}}}},{"type":"Feature","id":"lariac:388540887505","geometry":{"type":"Polygon","coordinates":[[[-118.57248431135518,34.17753030979691],[-118.57250067097637,34.17750998815755],[-118.57244442387801,34.17748004992981],[-118.57242847506028,34.17750143524375],[-118.57238641278383,34.17747968079251],[-118.57228235715209,34.17761872359446],[-118.57229263401386,34.17762268684153],[-118.5722889750669,34.17762916192421],[-118.57233139640243,34.1777066446325],[-118.57238233620832,34.17770511164577],[-118.57235818963146,34.177737376829256],[-118.57244555405471,34.17778255088351],[-118.5724979424166,34.177712534120694],[-118.57244943230882,34.17768745466096],[-118.57254395343274,34.17756115331357],[-118.57248431135518,34.17753030979691]]]},"properties":{"building_pk":107673,"building_key":"lariac:388540887505","source_tile":"r03-c02","source_tile_ids":["r03-c02"],"source_bld_id":"388540887505","height_m":3.523,"receiver_ids":[223607,223608,223609,223610,223611,223612,223613,223614,223615,223616,223617,223618,223619,223620,223621,223622,223623,223624,223625,223626,223627,223628,223629,223630],"receiver_keys":["r03-c02:expanded-facade-max4m:107673:0:1","r03-c02:expanded-facade-max4m:107673:0:10","r03-c02:expanded-facade-max4m:107673:0:11","r03-c02:expanded-facade-max4m:107673:0:12","r03-c02:expanded-facade-max4m:107673:0:15","r03-c02:expanded-facade-max4m:107673:0:16","r03-c02:expanded-facade-max4m:107673:0:17","r03-c02:expanded-facade-max4m:107673:0:18","r03-c02:expanded-facade-max4m:107673:0:19","r03-c02:expanded-facade-max4m:107673:0:2","r03-c02:expanded-facade-max4m:107673:0:20","r03-c02:expanded-facade-max4m:107673:0:21","r03-c02:expanded-facade-max4m:107673:0:22","r03-c02:expanded-facade-max4m:107673:0:23","r03-c02:expanded-facade-max4m:107673:0:24","r03-c02:expanded-facade-max4m:107673:0:25","r03-c02:expanded-facade-max4m:107673:0:26","r03-c02:expanded-facade-max4m:107673:0:3","r03-c02:expanded-facade-max4m:107673:0:4","r03-c02:expanded-facade-max4m:107673:0:5","r03-c02:expanded-facade-max4m:107673:0:6","r03-c02:expanded-facade-max4m:107673:0:7","r03-c02:expanded-facade-max4m:107673:0:8","r03-c02:expanded-facade-max4m:107673:0:9"],"receiver_count":24,"periods":{"D":{"min":63.18337,"max":67.432175,"receiver_count":24,"unavailable_count":0},"E":{"min":60.96488,"max":65.213684,"receiver_count":24,"unavailable_count":0},"N":{"min":56.19367,"max":60.442474,"receiver_count":24,"unavailable_count":0}}}},{"type":"Feature","id":"lariac:388789888002","geometry":{"type":"Polygon","coordinates":[[[-118.57155509357207,34.17899930823411],[-118.57153077128517,34.17902533538686],[-118.57159702614312,34.17906813687352],[-118.57168240013532,34.17897686029853],[-118.57170421893053,34.17899096371243],[-118.57174974493903,34.178942275118054],[-118.57167884090893,34.178896472809946],[-118.57164936571559,34.17892799311701],[-118.5716242925947,34.17891181709575],[-118.57161690753371,34.1789197387178],[-118.5715549368934,34.178879691952595],[-118.57148525298888,34.1789541877646],[-118.57155509357207,34.17899930823411]]]},"properties":{"building_pk":107691,"building_key":"lariac:388789888002","source_tile":"r03-c02","source_tile_ids":["r03-c02"],"source_bld_id":"388789888002","height_m":6.111,"receiver_ids":[223654,223655,223656,223657,223658,223659,223660,223661,223662,223663,223664,223665,223666,223667,223668,223669,223670,223671],"receiver_keys":["r03-c02:expanded-facade-max4m:107691:0:1","r03-c02:expanded-facade-max4m:107691:0:10","r03-c02:expanded-facade-max4m:107691:0:11","r03-c02:expanded-facade-max4m:107691:0:12","r03-c02:expanded-facade-max4m:107691:0:13","r03-c02:expanded-facade-max4m:107691:0:14","r03-c02:expanded-facade-max4m:107691:0:15","r03-c02:expanded-facade-max4m:107691:0:16","r03-c02:expanded-facade-max4m:107691:0:17","r03-c02:expanded-facade-max4m:107691:0:18","r03-c02:expanded-facade-max4m:107691:0:19","r03-c02:expanded-facade-max4m:107691:0:2","r03-c02:expanded-facade-max4m:107691:0:20","r03-c02:expanded-facade-max4m:107691:0:3","r03-c02:expanded-facade-max4m:107691:0:4","r03-c02:expanded-facade-max4m:107691:0:5","r03-c02:expanded-facade-max4m:107691:0:6","r03-c02:expanded-facade-max4m:107691:0:8"],"receiver_count":18,"periods":{"D":{"min":56.69922,"max":67.47352,"receiver_count":18,"unavailable_count":0},"E":{"min":54.480732,"max":65.25503,"receiver_count":18,"unavailable_count":0},"N":{"min":49.70952,"max":60.483818,"receiver_count":18,"unavailable_count":0}}}},{"type":"Feature","id":"lariac:389296886516","geometry":{"type":"Polygon","coordinates":[[[-118.56987930668355,34.174909029875366],[-118.56991365204195,34.17490812605782],[-118.56991232505214,34.174873563465326],[-118.56987794735855,34.17487449538279],[-118.56987930668355,34.174909029875366]]]},"properties":{"building_pk":108007,"building_key":"lariac:389296886516","source_tile":"r03-c02","source_tile_ids":["r03-c02"],"source_bld_id":"389296886516","height_m":2.332,"receiver_ids":[224098,224099,224100,224101],"receiver_keys":["r03-c02:expanded-facade-max4m:108007:0:1","r03-c02:expanded-facade-max4m:108007:0:2","r03-c02:expanded-facade-max4m:108007:0:3","r03-c02:expanded-facade-max4m:108007:0:4"],"receiver_count":4,"periods":{"D":{"min":72.92475,"max":73.10031,"receiver_count":4,"unavailable_count":0},"E":{"min":70.70626,"max":70.88182,"receiver_count":4,"unavailable_count":0},"N":{"min":65.93505,"max":66.11061,"receiver_count":4,"unavailable_count":0}}}},{"type":"Feature","id":"lariac:387006887878","geometry":{"type":"Polygon","coordinates":[[[-118.57749786652515,34.17864605361975],[-118.57749783967695,34.178656606338485],[-118.57753106918209,34.17865663969395],[-118.57753099448702,34.178707971349084],[-118.57761223143213,34.17870807834601],[-118.57761236388413,34.17865067360394],[-118.57760515555093,34.178650653035696],[-118.57760532569371,34.17855084752528],[-118.57741613548048,34.17855059694187],[-118.5774159681555,34.178645977652046],[-118.57749786652515,34.17864605361975]]]},"properties":{"building_pk":108169,"building_key":"lariac:387006887878","source_tile":"r03-c02","source_tile_ids":["r03-c02"],"source_bld_id":"387006887878","height_m":4.993,"receiver_ids":[224264,224265,224266,224267,224268,224269,224270,224271,224272,224273,224274,224275,224276,224277,224278],"receiver_keys":["r03-c02:expanded-facade-max4m:108169:0:1","r03-c02:expanded-facade-max4m:108169:0:10","r03-c02:expanded-facade-max4m:108169:0:11","r03-c02:expanded-facade-max4m:108169:0:12","r03-c02:expanded-facade-max4m:108169:0:13","r03-c02:expanded-facade-max4m:108169:0:14","r03-c02:expanded-facade-max4m:108169:0:15","r03-c02:expanded-facade-max4m:108169:0:16","r03-c02:expanded-facade-max4m:108169:0:17","r03-c02:expanded-facade-max4m:108169:0:18","r03-c02:expanded-facade-max4m:108169:0:2","r03-c02:expanded-facade-max4m:108169:0:3","r03-c02:expanded-facade-max4m:108169:0:4","r03-c02:expanded-facade-max4m:108169:0:5","r03-c02:expanded-facade-max4m:108169:0:6"],"receiver_count":15,"periods":{"D":{"min":53.0053,"max":59.358166,"receiver_count":15,"unavailable_count":0},"E":{"min":50.786808,"max":57.13968,"receiver_count":15,"unavailable_count":0},"N":{"min":46.0156,"max":52.368465,"receiver_count":15,"unavailable_count":0}}}},{"type":"Feature","id":"lariac:388844886728","geometry":{"type":"Polygon","coordinates":[[[-118.57137657541656,34.17547878015358],[-118.57140348866905,34.175478845929185],[-118.5714035911767,34.175455295281196],[-118.57137667883148,34.17545520245501],[-118.57137657541656,34.17547878015358]]]},"properties":{"building_pk":108648,"building_key":"lariac:388844886728","source_tile":"r03-c02","source_tile_ids":["r03-c02"],"source_bld_id":"388844886728","height_m":2.847,"receiver_ids":[225151,225152,225153],"receiver_keys":["r03-c02:expanded-facade-max4m:108648:0:1","r03-c02:expanded-facade-max4m:108648:0:2","r03-c02:expanded-facade-max4m:108648:0:3"],"receiver_count":3,"periods":{"D":{"min":71.00806,"max":71.12952,"receiver_count":3,"unavailable_count":0},"E":{"min":68.78957,"max":68.911026,"receiver_count":3,"unavailable_count":0},"N":{"min":64.01836,"max":64.13982,"receiver_count":3,"unavailable_count":0}}}},{"type":"Feature","id":"lariac:201700286206","geometry":{"type":"Polygon","coordinates":[[[-118.5680869419568,34.17938745356339],[-118.56809902080415,34.17940867058616],[-118.56810906921201,34.1794047187948],[-118.56811094548877,34.17940801504559],[-118.5681224977021,34.17940347288956],[-118.56812039526723,34.17939978011995],[-118.56814419531821,34.17939042027072],[-118.56815433364622,34.179391077653015],[-118.56816711268726,34.179386051910654],[-118.56816393195096,34.17933354644347],[-118.56814127186192,34.179336345807535],[-118.5681405925766,34.1793095163127],[-118.5680609994718,34.17934081678016],[-118.56807458238823,34.17936467457879],[-118.5680614950127,34.17936982166509],[-118.56807435442335,34.17939240717565],[-118.5680869419568,34.17938745356339]]]},"properties":{"building_pk":109473,"building_key":"lariac:201700286206","source_tile":"r03-c02","source_tile_ids":["r03-c02"],"source_bld_id":"201700286206","height_m":3.417,"receiver_ids":[226002,226003,226004,226005,226006,226007,226008,226009],"receiver_keys":["r03-c02:expanded-facade-max4m:109473:0:1","r03-c02:expanded-facade-max4m:109473:0:10","r03-c02:expanded-facade-max4m:109473:0:2","r03-c02:expanded-facade-max4m:109473:0:3","r03-c02:expanded-facade-max4m:109473:0:4","r03-c02:expanded-facade-max4m:109473:0:5","r03-c02:expanded-facade-max4m:109473:0:6","r03-c02:expanded-facade-max4m:109473:0:8"],"receiver_count":8,"periods":{"D":{"min":56.46679,"max":63.948635,"receiver_count":8,"unavailable_count":0},"E":{"min":54.248302,"max":61.73015,"receiver_count":8,"unavailable_count":0},"N":{"min":49.47709,"max":56.95894,"receiver_count":8,"unavailable_count":0}}}},{"type":"Feature","id":"lariac:389176886215","geometry":{"type":"Polygon","coordinates":[[[-118.5703156058574,34.174083950820396],[-118.57031511324446,34.174044680034626],[-118.57024816484122,34.17404499573255],[-118.57024845533303,34.17408405831304],[-118.5703156058574,34.174083950820396]]]},"properties":{"building_pk":112168,"building_key":"lariac:389176886215","source_tile":"r03-c02","source_tile_ids":["r03-c02"],"source_bld_id":"389176886215","height_m":2.664,"receiver_ids":[227206,227207,227208,227209,227210,227211],"receiver_keys":["r03-c02:expanded-facade-max4m:112168:0:1","r03-c02:expanded-facade-max4m:112168:0:2","r03-c02:expanded-facade-max4m:112168:0:3","r03-c02:expanded-facade-max4m:112168:0:4","r03-c02:expanded-facade-max4m:112168:0:5","r03-c02:expanded-facade-max4m:112168:0:6"],"receiver_count":6,"periods":{"D":{"min":74.75338,"max":74.92174,"receiver_count":6,"unavailable_count":0},"E":{"min":72.5349,"max":72.70325,"receiver_count":6,"unavailable_count":0},"N":{"min":67.76368,"max":67.93204,"receiver_count":6,"unavailable_count":0}}}},{"type":"Feature","id":"lariac:389256887744","geometry":{"type":"Polygon","coordinates":[[[-118.57024293423765,34.1783402861866],[-118.57025950708862,34.17824955497385],[-118.57003183603511,34.17821589442601],[-118.57003406739668,34.17821335597643],[-118.56991800006143,34.17814333633289],[-118.5698419212649,34.17823047394451],[-118.56995463476218,34.17829844853456],[-118.57024293423765,34.1783402861866]]]},"properties":{"building_pk":112221,"building_key":"lariac:389256887744","source_tile":"r03-c02","source_tile_ids":["r03-c02"],"source_bld_id":"389256887744","height_m":5.139,"receiver_ids":[227356,227357,227358,227359,227360,227361],"receiver_keys":["r03-c02:expanded-facade-max4m:112221:0:1","r03-c02:expanded-facade-max4m:112221:0:2","r03-c02:expanded-facade-max4m:112221:0:24","r03-c02:expanded-facade-max4m:112221:0:25","r03-c02:expanded-facade-max4m:112221:0:3","r03-c02:expanded-facade-max4m:112221:0:4"],"receiver_count":6,"periods":{"D":{"min":54.21982,"max":57.17847,"receiver_count":6,"unavailable_count":0},"E":{"min":52.001328,"max":54.959984,"receiver_count":6,"unavailable_count":0},"N":{"min":47.230118,"max":50.18877,"receiver_count":6,"unavailable_count":0}}}},{"type":"Feature","id":"lariac:386998887734","geometry":{"type":"Polygon","coordinates":[[[-118.57743305109827,34.178247393132466],[-118.57744121625106,34.178247272107505],[-118.57744182426971,34.17827779824087],[-118.57749848953918,34.178277033631936],[-118.57749793240727,34.17824900724151],[-118.57761632053555,34.17824739789373],[-118.57761459209061,34.17816010498626],[-118.57743137375644,34.178162600866585],[-118.57743305109827,34.178247393132466]]]},"properties":{"building_pk":112338,"building_key":"lariac:386998887734","source_tile":"r03-c02","source_tile_ids":["r03-c02"],"source_bld_id":"386998887734","height_m":3.682,"receiver_ids":[227545,227546,227547,227548,227549,227550,227551,227552,227553,227554,227555,227556,227557,227558,227559],"receiver_keys":["r03-c02:expanded-facade-max4m:112338:0:1","r03-c02:expanded-facade-max4m:112338:0:10","r03-c02:expanded-facade-max4m:112338:0:11","r03-c02:expanded-facade-max4m:112338:0:12","r03-c02:expanded-facade-max4m:112338:0:13","r03-c02:expanded-facade-max4m:112338:0:14","r03-c02:expanded-facade-max4m:112338:0:15","r03-c02:expanded-facade-max4m:112338:0:2","r03-c02:expanded-facade-max4m:112338:0:3","r03-c02:expanded-facade-max4m:112338:0:4","r03-c02:expanded-facade-max4m:112338:0:5","r03-c02:expanded-facade-max4m:112338:0:6","r03-c02:expanded-facade-max4m:112338:0:7","r03-c02:expanded-facade-max4m:112338:0:8","r03-c02:expanded-facade-max4m:112338:0:9"],"receiver_count":15,"periods":{"D":{"min":62.38896,"max":67.462105,"receiver_count":15,"unavailable_count":0},"E":{"min":60.170475,"max":65.24362,"receiver_count":15,"unavailable_count":0},"N":{"min":55.39926,"max":60.47241,"receiver_count":15,"unavailable_count":0}}}},{"type":"Feature","id":"lariac:387944887458","geometry":{"type":"Polygon","coordinates":[[[-118.57428784400663,34.177435092765364],[-118.57425992080378,34.1774256428291],[-118.5742376762734,34.17747001522831],[-118.57426457037752,34.177479667494644],[-118.5742630821854,34.177482518035],[-118.57439559613323,34.17753033509408],[-118.57438515290228,34.17755030704186],[-118.574459365221,34.17757710370178],[-118.57449777465473,34.17750357963754],[-118.57444172699532,34.17748334652396],[-118.57448496599926,34.17740056589656],[-118.57437561977744,34.17736107557166],[-118.57432999819821,34.17744837339769],[-118.57428869946071,34.17743345600461],[-118.57428784400663,34.177435092765364]]]},"properties":{"building_pk":112431,"building_key":"lariac:387944887458","source_tile":"r03-c02","source_tile_ids":["r03-c02"],"source_bld_id":"387944887458","height_m":4.115,"receiver_ids":[227684,227685,227686,227687,227688,227689,227690],"receiver_keys":["r03-c02:expanded-facade-max4m:112431:0:10","r03-c02:expanded-facade-max4m:112431:0:11","r03-c02:expanded-facade-max4m:112431:0:12","r03-c02:expanded-facade-max4m:112431:0:14","r03-c02:expanded-facade-max4m:112431:0:15","r03-c02:expanded-facade-max4m:112431:0:5","r03-c02:expanded-facade-max4m:112431:0:6"],"receiver_count":7,"periods":{"D":{"min":54.251446,"max":55.35533,"receiver_count":7,"unavailable_count":0},"E":{"min":52.03296,"max":53.136845,"receiver_count":7,"unavailable_count":0},"N":{"min":47.261745,"max":48.365635,"receiver_count":7,"unavailable_count":0}}}},{"type":"Feature","id":"lariac:389249887230","geometry":{"type":"Polygon","coordinates":[[[-118.57004895733418,34.1767275700463],[-118.56994165090117,34.17688487161225],[-118.57009253828981,34.176955964013736],[-118.57020040077175,34.17679783477749],[-118.57015184072469,34.176774953506225],[-118.57017838975199,34.17673605559073],[-118.5701321847143,34.176714290140445],[-118.57010507943,34.17675401558159],[-118.57004895733418,34.1767275700463]]]},"properties":{"building_pk":112503,"building_key":"lariac:389249887230","source_tile":"r03-c02","source_tile_ids":["r03-c02"],"source_bld_id":"389249887230","height_m":5.977,"receiver_ids":[227740,227741,227742,227743,227744,227745,227746,227747,227748,227749],"receiver_keys":["r03-c02:expanded-facade-max4m:112503:0:10","r03-c02:expanded-facade-max4m:112503:0:11","r03-c02:expanded-facade-max4m:112503:0:12","r03-c02:expanded-facade-max4m:112503:0:13","r03-c02:expanded-facade-max4m:112503:0:14","r03-c02:expanded-facade-max4m:112503:0:15","r03-c02:expanded-facade-max4m:112503:0:17","r03-c02:expanded-facade-max4m:112503:0:18","r03-c02:expanded-facade-max4m:112503:0:19","r03-c02:expanded-facade-max4m:112503:0:21"],"receiver_count":10,"periods":{"D":{"min":65.8225,"max":68.93169,"receiver_count":10,"unavailable_count":0},"E":{"min":63.60402,"max":66.713196,"receiver_count":10,"unavailable_count":0},"N":{"min":58.832806,"max":61.941986,"receiver_count":10,"unavailable_count":0}}}},{"type":"Feature","id":"lariac:388864885996","geometry":{"type":"Polygon","coordinates":[[[-118.5711946761981,34.17355007334379],[-118.57141688066972,34.17354987560158],[-118.5714167841351,34.173482634312165],[-118.5713944343285,34.173482657871425],[-118.57139428558638,34.173373841172456],[-118.57125724149066,34.173373114643155],[-118.57125969568234,34.173480601490766],[-118.57119311725022,34.173481657938005],[-118.5711946761981,34.17355007334379]]]},"properties":{"building_pk":112626,"building_key":"lariac:388864885996","source_tile":"r03-c02","source_tile_ids":["r02-c02","r03-c02"],"source_bld_id":"388864885996","height_m":4.657,"receiver_ids":[227830,227831,227832,227833,227834,227835,227849],"receiver_keys":["r03-c02:expanded-facade-max4m:112626:0:1","r03-c02:expanded-facade-max4m:112626:0:2","r03-c02:expanded-facade-max4m:112626:0:21","r03-c02:expanded-facade-max4m:112626:0:3","r03-c02:expanded-facade-max4m:112626:0:4","r03-c02:expanded-facade-max4m:112626:0:5","r03-c02:expanded-facade-max4m:112626:0:6"],"receiver_count":7,"periods":{"D":{"min":69.87822,"max":76.02811,"receiver_count":7,"unavailable_count":0},"E":{"min":67.65973,"max":73.809616,"receiver_count":7,"unavailable_count":0},"N":{"min":62.88852,"max":69.03841,"receiver_count":7,"unavailable_count":0}}}},{"type":"Feature","id":"lariac:386708887463","geometry":{"type":"Polygon","coordinates":[[[-118.57849349247131,34.1774174013481],[-118.57845005090908,34.1774177191208],[-118.57845081278946,34.177489683155585],[-118.57849425528654,34.17748933833197],[-118.57849349247131,34.1774174013481]]]},"properties":{"building_pk":112627,"building_key":"lariac:386708887463","source_tile":"r03-c02","source_tile_ids":["r03-c02"],"source_bld_id":"386708887463","height_m":3.877,"receiver_ids":[227850,227851,227852,227853,227854],"receiver_keys":["r03-c02:expanded-facade-max4m:112627:0:2","r03-c02:expanded-facade-max4m:112627:0:3","r03-c02:expanded-facade-max4m:112627:0:4","r03-c02:expanded-facade-max4m:112627:0:5","r03-c02:expanded-facade-max4m:112627:0:6"],"receiver_count":5,"periods":{"D":{"min":60.57021,"max":61.10376,"receiver_count":5,"unavailable_count":0},"E":{"min":58.351723,"max":58.885273,"receiver_count":5,"unavailable_count":0},"N":{"min":53.58051,"max":54.11406,"receiver_count":5,"unavailable_count":0}}}},{"type":"Feature","id":"lariac:386972887790","geometry":{"type":"Polygon","coordinates":[[[-118.57756342609541,34.17838705198242],[-118.5776399247073,34.17838561470098],[-118.57763837269081,34.17832854796994],[-118.57756187413113,34.178329985250386],[-118.57756342609541,34.17838705198242]]]},"properties":{"building_pk":112717,"building_key":"lariac:386972887790","source_tile":"r03-c02","source_tile_ids":["r03-c02"],"source_bld_id":"386972887790","height_m":3.31,"receiver_ids":[227945,227946,227947,227948,227949,227950,227951],"receiver_keys":["r03-c02:expanded-facade-max4m:112717:0:1","r03-c02:expanded-facade-max4m:112717:0:2","r03-c02:expanded-facade-max4m:112717:0:3","r03-c02:expanded-facade-max4m:112717:0:4","r03-c02:expanded-facade-max4m:112717:0:5","r03-c02:expanded-facade-max4m:112717:0:6","r03-c02:expanded-facade-max4m:112717:0:7"],"receiver_count":7,"periods":{"D":{"min":58.927994,"max":62.097446,"receiver_count":7,"unavailable_count":0},"E":{"min":56.709503,"max":59.87896,"receiver_count":7,"unavailable_count":0},"N":{"min":51.938293,"max":55.107746,"receiver_count":7,"unavailable_count":0}}}},{"type":"Feature","id":"lariac:388412886011","geometry":{"type":"Polygon","coordinates":[[[-118.57284416697262,34.17350102475667],[-118.57283396703178,34.173469610043995],[-118.57277302959518,34.17348325325914],[-118.57278319589672,34.17351466903775],[-118.57284416697262,34.17350102475667]]]},"properties":{"building_pk":112820,"building_key":"lariac:388412886011","source_tile":"r03-c02","source_tile_ids":["r02-c02","r03-c02"],"source_bld_id":"388412886011","height_m":3.962,"receiver_ids":[228154,228155],"receiver_keys":["r03-c02:expanded-facade-max4m:112820:0:4","r03-c02:expanded-facade-max4m:112820:0:5"],"receiver_count":2,"periods":{"D":{"min":73.07243,"max":73.5992,"receiver_count":2,"unavailable_count":0},"E":{"min":70.85394,"max":71.38071,"receiver_count":2,"unavailable_count":0},"N":{"min":66.08273,"max":66.6095,"receiver_count":2,"unavailable_count":0}}}},{"type":"Feature","id":"lariac:388498887437","geometry":{"type":"Polygon","coordinates":[[[-118.5724391513365,34.17743672858938],[-118.57255722941184,34.177496239607464],[-118.57254517528385,34.17751278413301],[-118.57263113834792,34.17755609668476],[-118.57270604941392,34.17745340937294],[-118.57273653928068,34.17746876345249],[-118.57278586807986,34.17740109605437],[-118.57255136988493,34.17728291936295],[-118.5724391513365,34.17743672858938]],[[-118.57268037014263,34.177440395456976],[-118.57265563711074,34.17747395539206],[-118.57261937251867,34.177455495764],[-118.57264407194,34.17742193689705],[-118.57268037014263,34.177440395456976]]]},"properties":{"building_pk":113153,"building_key":"lariac:388498887437","source_tile":"r03-c02","source_tile_ids":["r03-c02"],"source_bld_id":"388498887437","height_m":4.599,"receiver_ids":[228563,228564,228565,228566,228567,228568,228569,228570,228571,228572],"receiver_keys":["r03-c02:expanded-facade-max4m:113153:0:1","r03-c02:expanded-facade-max4m:113153:0:2","r03-c02:expanded-facade-max4m:113153:0:20","r03-c02:expanded-facade-max4m:113153:0:21","r03-c02:expanded-facade-max4m:113153:0:22","r03-c02:expanded-facade-max4m:113153:0:23","r03-c02:expanded-facade-max4m:113153:0:24","r03-c02:expanded-facade-max4m:113153:0:3","r03-c02:expanded-facade-max4m:113153:0:4","r03-c02:expanded-facade-max4m:113153:0:5"],"receiver_count":10,"periods":{"D":{"min":62.71901,"max":67.47743,"receiver_count":10,"unavailable_count":0},"E":{"min":60.50052,"max":65.25895,"receiver_count":10,"unavailable_count":0},"N":{"min":55.72931,"max":60.487736,"receiver_count":10,"unavailable_count":0}}}},{"type":"Feature","id":"lariac:388817886542","geometry":{"type":"Polygon","coordinates":[[[-118.57149941035689,34.17496977243902],[-118.57149923171056,34.17494365732196],[-118.57145775516753,34.1749440372299],[-118.57145846158542,34.17497008404031],[-118.57149941035689,34.17496977243902]]]},"properties":{"building_pk":113245,"building_key":"lariac:388817886542","source_tile":"r03-c02","source_tile_ids":["r03-c02"],"source_bld_id":"388817886542","height_m":2.131,"receiver_ids":[228673,228674,228675],"receiver_keys":["r03-c02:expanded-facade-max4m:113245:0:1","r03-c02:expanded-facade-max4m:113245:0:3","r03-c02:expanded-facade-max4m:113245:0:4"],"receiver_count":3,"periods":{"D":{"min":71.99288,"max":72.20628,"receiver_count":3,"unavailable_count":0},"E":{"min":69.7744,"max":69.98779,"receiver_count":3,"unavailable_count":0},"N":{"min":65.00318,"max":65.21658,"receiver_count":3,"unavailable_count":0}}}},{"type":"Feature","id":"lariac:388617886973","geometry":{"type":"Polygon","coordinates":[[[-118.57227799712666,34.17605067394293],[-118.57220044939214,34.17602897464757],[-118.57217882756582,34.17608233212386],[-118.57204380756262,34.17604455419791],[-118.57199507047291,34.17616486873647],[-118.57209590520525,34.176193079858606],[-118.57208403846728,34.17622240195423],[-118.57213571493288,34.17623685899506],[-118.57214270470479,34.17621956854903],[-118.57216059365548,34.1762245947785],[-118.57216680279782,34.17620925986962],[-118.57220897198276,34.17622106894217],[-118.57227799712666,34.17605067394293]]]},"properties":{"building_pk":113345,"building_key":"lariac:388617886973","source_tile":"r03-c02","source_tile_ids":["r03-c02"],"source_bld_id":"388617886973","height_m":6.346,"receiver_ids":[228769,228770,228771,228772,228773,228774,228775,228776],"receiver_keys":["r03-c02:expanded-facade-max4m:113345:0:10","r03-c02:expanded-facade-max4m:113345:0:11","r03-c02:expanded-facade-max4m:113345:0:12","r03-c02:expanded-facade-max4m:113345:0:13","r03-c02:expanded-facade-max4m:113345:0:14","r03-c02:expanded-facade-max4m:113345:0:15","r03-c02:expanded-facade-max4m:113345:0:8","r03-c02:expanded-facade-max4m:113345:0:9"],"receiver_count":8,"periods":{"D":{"min":64.75555,"max":69.330765,"receiver_count":8,"unavailable_count":0},"E":{"min":62.53706,"max":67.112274,"receiver_count":8,"unavailable_count":0},"N":{"min":57.765846,"max":62.341064,"receiver_count":8,"unavailable_count":0}}}},{"type":"Feature","id":"lariac:2014121103580000","geometry":{"type":"Polygon","coordinates":[[[-118.57508697247481,34.17845945753429],[-118.57505106412682,34.17839424279157],[-118.57496169648545,34.17842821959164],[-118.57498771185406,34.1784754694185],[-118.57485214294988,34.17852703314899],[-118.57490008962591,34.17861413434223],[-118.57509621024197,34.17854092683669],[-118.57508643394256,34.178522731453654],[-118.5750577206381,34.178470583757864],[-118.57508697247481,34.17845945753429]]]},"properties":{"building_pk":113818,"building_key":"lariac:2014121103580000","source_tile":"r03-c02","source_tile_ids":["r03-c02"],"source_bld_id":"2014121103580000","height_m":5.355,"receiver_ids":[229212,229213,229214,229215,229216,229217,229218,229219,229220,229221,229222,229223,229224,229225,229226,229227,229228,229229],"receiver_keys":["r03-c02:expanded-facade-max4m:113818:0:10","r03-c02:expanded-facade-max4m:113818:0:11","r03-c02:expanded-facade-max4m:113818:0:12","r03-c02:expanded-facade-max4m:113818:0:13","r03-c02:expanded-facade-max4m:113818:0:14","r03-c02:expanded-facade-max4m:113818:0:15","r03-c02:expanded-facade-max4m:113818:0:16","r03-c02:expanded-facade-max4m:113818:0:17","r03-c02:expanded-facade-max4m:113818:0:18","r03-c02:expanded-facade-max4m:113818:0:19","r03-c02:expanded-facade-max4m:113818:0:20","r03-c02:expanded-facade-max4m:113818:0:3","r03-c02:expanded-facade-max4m:113818:0:4","r03-c02:expanded-facade-max4m:113818:0:5","r03-c02:expanded-facade-max4m:113818:0:6","r03-c02:expanded-facade-max4m:113818:0:7","r03-c02:expanded-facade-max4m:113818:0:8","r03-c02:expanded-facade-max4m:113818:0:9"],"receiver_count":18,"periods":{"D":{"min":52.986816,"max":67.73791,"receiver_count":18,"unavailable_count":0},"E":{"min":50.76833,"max":65.51942,"receiver_count":18,"unavailable_count":0},"N":{"min":45.997116,"max":60.748207,"receiver_count":18,"unavailable_count":0}}}},{"type":"Feature","id":"lariac:201700286022","geometry":{"type":"Polygon","coordinates":[[[-118.57608073252996,34.17762711206903],[-118.57608122772075,34.17763600075155],[-118.57615914785315,34.1776330042696],[-118.57615571701571,34.17757137744306],[-118.57607702241822,34.1775743713012],[-118.57607676738249,34.17756979176353],[-118.57601012886266,34.17757235401001],[-118.57601332183476,34.1776297041399],[-118.57608073252996,34.17762711206903]]]},"properties":{"building_pk":114074,"building_key":"lariac:201700286022","source_tile":"r03-c02","source_tile_ids":["r03-c02"],"source_bld_id":"201700286022","height_m":3.539,"receiver_ids":[229584,229585,229586,229587,229588,229589,229590,229591,229592],"receiver_keys":["r03-c02:expanded-facade-max4m:114074:0:1","r03-c02:expanded-facade-max4m:114074:0:11","r03-c02:expanded-facade-max4m:114074:0:2","r03-c02:expanded-facade-max4m:114074:0:3","r03-c02:expanded-facade-max4m:114074:0:4","r03-c02:expanded-facade-max4m:114074:0:5","r03-c02:expanded-facade-max4m:114074:0:6","r03-c02:expanded-facade-max4m:114074:0:7","r03-c02:expanded-facade-max4m:114074:0:8"],"receiver_count":9,"periods":{"D":{"min":56.682262,"max":59.76073,"receiver_count":9,"unavailable_count":0},"E":{"min":54.463776,"max":57.542244,"receiver_count":9,"unavailable_count":0},"N":{"min":49.692562,"max":52.771034,"receiver_count":9,"unavailable_count":0}}}},{"type":"Feature","id":"lariac:201700286146","geometry":{"type":"Polygon","coordinates":[[[-118.57450696975566,34.178743822590505],[-118.57463856180239,34.17885521714832],[-118.57475089770826,34.17876355334311],[-118.57472382260121,34.1787405889218],[-118.57472704898662,34.178737955502136],[-118.57467366321809,34.17869276408111],[-118.5746703537621,34.1786954637069],[-118.574621824571,34.17865438367394],[-118.5745807789516,34.178687875457506],[-118.5745704441645,34.17868782718897],[-118.57455128643547,34.17870345904023],[-118.57455304579481,34.178709751582964],[-118.5745459026325,34.17871557974922],[-118.57454091081429,34.178711353577974],[-118.57452356529716,34.17872550729694],[-118.57452643708685,34.17872793774441],[-118.57450696975566,34.178743822590505]]]},"properties":{"building_pk":114080,"building_key":"lariac:201700286146","source_tile":"r03-c02","source_tile_ids":["r03-c02"],"source_bld_id":"201700286146","height_m":5.38,"receiver_ids":[229643,229644,229645,229646,229647,229648,229649,229650,229651,229652,229653,229654,229655,229656,229657],"receiver_keys":["r03-c02:expanded-facade-max4m:114080:0:1","r03-c02:expanded-facade-max4m:114080:0:10","r03-c02:expanded-facade-max4m:114080:0:11","r03-c02:expanded-facade-max4m:114080:0:12","r03-c02:expanded-facade-max4m:114080:0:13","r03-c02:expanded-facade-max4m:114080:0:14","r03-c02:expanded-facade-max4m:114080:0:15","r03-c02:expanded-facade-max4m:114080:0:16","r03-c02:expanded-facade-max4m:114080:0:17","r03-c02:expanded-facade-max4m:114080:0:2","r03-c02:expanded-facade-max4m:114080:0:5","r03-c02:expanded-facade-max4m:114080:0:6","r03-c02:expanded-facade-max4m:114080:0:7","r03-c02:expanded-facade-max4m:114080:0:8","r03-c02:expanded-facade-max4m:114080:0:9"],"receiver_count":15,"periods":{"D":{"min":52.13989,"max":66.34833,"receiver_count":15,"unavailable_count":0},"E":{"min":49.9214,"max":64.12984,"receiver_count":15,"unavailable_count":0},"N":{"min":45.15019,"max":59.358627,"receiver_count":15,"unavailable_count":0}}}}],"metadata":{"model":"tarzana-combined-road-study-r02-v1","tile_id":"r03-c02","status":"candidate_pending_owner_review","coordinate_crs":"OGC:CRS84","source_projected_crs":"EPSG:26911","bbox_wgs84":[-118.57858219508023,34.173460789575245,-118.56771580786634,34.179777494589764],"receiver_count":8344,"numeric_rows":25032,"numeric_laeq_min":36.16457,"numeric_laeq_max":80.33058,"masked_ids":[],"receiver_height_counts_m":{"1.5":4933,"4.0":3411},"building_count":268,"facade_receiver_count":3411,"attempt_id":"phase1-tarzana-full-mixed-r03-c02-union-hf583-nv-mac8-v1","source_hashes":{"export":"55c08292fa308b5a3a035aac4897bca5b8c9e3ceabb28d439f00143a97c56d2e"},"shared_building_source_ids":["388357886043","388412886011","388520886005","388694886024","388864885996"],"quality_flags":{"physical_ceiling_margin_db":6.0,"physical_ceiling_masked_ids":[],"on_road_distance_m":3.0,"on_road_count":81,"method":"science/qa/physical_ceiling.py; science/pipeline/build_tile_assets.py"},"assumptions":{"source_scenario":"Assumed historical-context mixed-road scenario (852 corrected freeway + 583 corrected lower-road sources).","traffic":"Evening flow = 0.6 × day, night = 0.2 × day. Not observed or current traffic.","method":"Direct union export copied as emitted; physically impossible receivers masked, on-road receivers labelled.","calibration":"Uncalibrated modeled exterior LAeq; not a measurement, interior level, or quietness rating."}}}
