{"type":"FeatureCollection","features":[{"type":"Feature","id":"lariac:387292885106","geometry":{"type":"Polygon","coordinates":[[[-118.57641868311848,34.17104150047218],[-118.57649847423696,34.17103436033733],[-118.57650664527738,34.17109744128224],[-118.57659773696855,34.17108928526076],[-118.57658754130325,34.17101071640943],[-118.57658235334586,34.17101118019733],[-118.57657338003143,34.170942030272656],[-118.57640771813911,34.17095688951012],[-118.57641868311848,34.17104150047218]]]},"properties":{"building_pk":2068,"building_key":"lariac:387292885106","source_tile":"r02-c02","source_tile_ids":["r02-c02"],"source_bld_id":"387292885106","height_m":4.456,"receiver_ids":[145336,145337,145338,145339,145340,145341,145342,145343,145344,145345,145346,145347,145348,145349,145350,145351,145352],"receiver_keys":["r02-c02:expanded-facade-max4m:2068:0:1","r02-c02:expanded-facade-max4m:2068:0:10","r02-c02:expanded-facade-max4m:2068:0:11","r02-c02:expanded-facade-max4m:2068:0:12","r02-c02:expanded-facade-max4m:2068:0:13","r02-c02:expanded-facade-max4m:2068:0:14","r02-c02:expanded-facade-max4m:2068:0:15","r02-c02:expanded-facade-max4m:2068:0:16","r02-c02:expanded-facade-max4m:2068:0:17","r02-c02:expanded-facade-max4m:2068:0:2","r02-c02:expanded-facade-max4m:2068:0:3","r02-c02:expanded-facade-max4m:2068:0:4","r02-c02:expanded-facade-max4m:2068:0:5","r02-c02:expanded-facade-max4m:2068:0:6","r02-c02:expanded-facade-max4m:2068:0:7","r02-c02:expanded-facade-max4m:2068:0:8","r02-c02:expanded-facade-max4m:2068:0:9"],"receiver_count":17,"periods":{"D":{"min":73.0274,"max":81.25973,"receiver_count":17,"unavailable_count":0},"E":{"min":70.80891,"max":79.041245,"receiver_count":17,"unavailable_count":0},"N":{"min":66.0377,"max":74.27003,"receiver_count":17,"unavailable_count":0}}}},{"type":"Feature","id":"lariac:389067885337","geometry":{"type":"Polygon","coordinates":[[[-118.57076511273776,34.171745320304694],[-118.57074220421663,34.17170223088948],[-118.57076621261577,34.17169340685106],[-118.57074283623697,34.1716494676841],[-118.57076618468555,34.17164089378364],[-118.57074284105113,34.171596982410136],[-118.57076618948506,34.17158840850971],[-118.57074281332655,34.171544497289744],[-118.57076622772321,34.171535896031536],[-118.57074285138847,34.171491956864635],[-118.57076586973973,34.17148349541198],[-118.57074245942079,34.1714395014113],[-118.57076580781072,34.17143092751094],[-118.57074239732172,34.171386906464726],[-118.57076577913557,34.171378305360214],[-118.57074220154453,34.17133395513726],[-118.57076492341066,34.17132560417078],[-118.57074034045347,34.171279362743256],[-118.57076388672436,34.171270705868544],[-118.5707359559534,34.17121818745603],[-118.57048486316074,34.17131046613574],[-118.57055047153717,34.17143381254315],[-118.57049582693332,34.171453909740414],[-118.57057992243287,34.17161204068347],[-118.5701368319553,34.17177488313566],[-118.57022638479268,34.17194329325518],[-118.57076511273776,34.171745320304694]]]},"properties":{"building_pk":2142,"building_key":"lariac:389067885337","source_tile":"r02-c02","source_tile_ids":["r02-c02"],"source_bld_id":"389067885337","height_m":5.261,"receiver_ids":[145592,145593,145594,145595,145596,145597,145598,145599,145600,145601,145602,145603,145604,145605,145606,145607,145608,145609,145610,145611,145612,145613,145614,145615,145616,145617,145618,145619,145620,145621,145622,145623,145624,145625,145626,145627,145628,145629,145630,145631,145632,145633,145634,145635,145636,145637,145638,145639,145640,145641,145642,145643,145644,145645,145646,145647,145648,145649,145650,145651,145652],"receiver_keys":["r02-c02:expanded-facade-max4m:2142:0:1","r02-c02:expanded-facade-max4m:2142:0:10","r02-c02:expanded-facade-max4m:2142:0:11","r02-c02:expanded-facade-max4m:2142:0:12","r02-c02:expanded-facade-max4m:2142:0:13","r02-c02:expanded-facade-max4m:2142:0:14","r02-c02:expanded-facade-max4m:2142:0:15","r02-c02:expanded-facade-max4m:2142:0:16","r02-c02:expanded-facade-max4m:2142:0:17","r02-c02:expanded-facade-max4m:2142:0:18","r02-c02:expanded-facade-max4m:2142:0:19","r02-c02:expanded-facade-max4m:2142:0:20","r02-c02:expanded-facade-max4m:2142:0:21","r02-c02:expanded-facade-max4m:2142:0:22","r02-c02:expanded-facade-max4m:2142:0:23","r02-c02:expanded-facade-max4m:2142:0:24","r02-c02:expanded-facade-max4m:2142:0:25","r02-c02:expanded-facade-max4m:2142:0:26","r02-c02:expanded-facade-max4m:2142:0:27","r02-c02:expanded-facade-max4m:2142:0:28","r02-c02:expanded-facade-max4m:2142:0:29","r02-c02:expanded-facade-max4m:2142:0:3","r02-c02:expanded-facade-max4m:2142:0:31","r02-c02:expanded-facade-max4m:2142:0:32","r02-c02:expanded-facade-max4m:2142:0:33","r02-c02:expanded-facade-max4m:2142:0:34","r02-c02:expanded-facade-max4m:2142:0:35","r02-c02:expanded-facade-max4m:2142:0:37","r02-c02:expanded-facade-max4m:2142:0:38","r02-c02:expanded-facade-max4m:2142:0:39","r02-c02:expanded-facade-max4m:2142:0:40","r02-c02:expanded-facade-max4m:2142:0:41","r02-c02:expanded-facade-max4m:2142:0:42","r02-c02:expanded-facade-max4m:2142:0:43","r02-c02:expanded-facade-max4m:2142:0:44","r02-c02:expanded-facade-max4m:2142:0:45","r02-c02:expanded-facade-max4m:2142:0:46","r02-c02:expanded-facade-max4m:2142:0:47","r02-c02:expanded-facade-max4m:2142:0:48","r02-c02:expanded-facade-max4m:2142:0:49","r02-c02:expanded-facade-max4m:2142:0:5","r02-c02:expanded-facade-max4m:2142:0:50","r02-c02:expanded-facade-max4m:2142:0:52","r02-c02:expanded-facade-max4m:2142:0:53","r02-c02:expanded-facade-max4m:2142:0:54","r02-c02:expanded-facade-max4m:2142:0:55","r02-c02:expanded-facade-max4m:2142:0:56","r02-c02:expanded-facade-max4m:2142:0:57","r02-c02:expanded-facade-max4m:2142:0:58","r02-c02:expanded-facade-max4m:2142:0:59","r02-c02:expanded-facade-max4m:2142:0:6","r02-c02:expanded-facade-max4m:2142:0:60","r02-c02:expanded-facade-max4m:2142:0:61","r02-c02:expanded-facade-max4m:2142:0:62","r02-c02:expanded-facade-max4m:2142:0:63","r02-c02:expanded-facade-max4m:2142:0:64","r02-c02:expanded-facade-max4m:2142:0:65","r02-c02:expanded-facade-max4m:2142:0:66","r02-c02:expanded-facade-max4m:2142:0:7","r02-c02:expanded-facade-max4m:2142:0:8","r02-c02:expanded-facade-max4m:2142:0:9"],"receiver_count":61,"periods":{"D":{"min":76.72498,"max":83.16636,"receiver_count":61,"unavailable_count":0},"E":{"min":74.50649,"max":80.947876,"receiver_count":61,"unavailable_count":0},"N":{"min":69.73528,"max":76.17666,"receiver_count":61,"unavailable_count":0}}}},{"type":"Feature","id":"lariac:387051885320","geometry":{"type":"Polygon","coordinates":[[[-118.57728400575994,34.17158195227168],[-118.57728400296077,34.17158201809783],[-118.5773078454356,34.17158272018004],[-118.57730887976486,34.17156020996357],[-118.57728454953858,34.17155955709031],[-118.57728400575994,34.17158195227168]]]},"properties":{"building_pk":2552,"building_key":"lariac:387051885320","source_tile":"r02-c02","source_tile_ids":["r02-c02"],"source_bld_id":"387051885320","height_m":2.95,"receiver_ids":[146256,146257,146258],"receiver_keys":["r02-c02:expanded-facade-max4m:2552:0:1","r02-c02:expanded-facade-max4m:2552:0:3","r02-c02:expanded-facade-max4m:2552:0:4"],"receiver_count":3,"periods":{"D":{"min":58.53593,"max":62.199886,"receiver_count":3,"unavailable_count":0},"E":{"min":56.317444,"max":59.981396,"receiver_count":3,"unavailable_count":0},"N":{"min":51.54623,"max":55.210186,"receiver_count":3,"unavailable_count":0}}}},{"type":"Feature","id":"lariac:387453885451","geometry":{"type":"Polygon","coordinates":[[[-118.57599206616287,34.171942156633854],[-118.57597782451661,34.171914470389964],[-118.57594077795775,34.17193102430156],[-118.57595847640076,34.17195666110167],[-118.57599206616287,34.171942156633854]]]},"properties":{"building_pk":2838,"building_key":"lariac:387453885451","source_tile":"r02-c02","source_tile_ids":["r02-c02"],"source_bld_id":"387453885451","height_m":1.539,"receiver_ids":[146617,146618,146619],"receiver_keys":["r02-c02:expanded-facade-max4m:2838:0:1","r02-c02:expanded-facade-max4m:2838:0:2","r02-c02:expanded-facade-max4m:2838:0:3"],"receiver_count":3,"periods":{"D":{"min":75.16982,"max":75.48488,"receiver_count":3,"unavailable_count":0},"E":{"min":72.95133,"max":73.26639,"receiver_count":3,"unavailable_count":0},"N":{"min":68.18012,"max":68.49518,"receiver_count":3,"unavailable_count":0}}}},{"type":"Feature","id":"lariac:388836885166","geometry":{"type":"Polygon","coordinates":[[[-118.57160050433798,34.17114646754488],[-118.57156798609628,34.17107746371395],[-118.57116511251375,34.17122294904151],[-118.57119981663323,34.17128933899281],[-118.57137546300883,34.17122591225346],[-118.57141217757308,34.17129616748672],[-118.57148855702273,34.17126857449384],[-118.57145264579079,34.17119985442504],[-118.57160050433798,34.17114646754488]]]},"properties":{"building_pk":3350,"building_key":"lariac:388836885166","source_tile":"r02-c02","source_tile_ids":["r02-c02"],"source_bld_id":"388836885166","height_m":5.864,"receiver_ids":[147412,147413,147414,147415,147416,147417,147418,147419,147420,147421,147422,147423,147424,147425,147426,147427,147428,147429,147430,147431,147432,147433,147434,147435,147436,147437,147438],"receiver_keys":["r02-c02:expanded-facade-max4m:3350:0:10","r02-c02:expanded-facade-max4m:3350:0:11","r02-c02:expanded-facade-max4m:3350:0:12","r02-c02:expanded-facade-max4m:3350:0:13","r02-c02:expanded-facade-max4m:3350:0:14","r02-c02:expanded-facade-max4m:3350:0:15","r02-c02:expanded-facade-max4m:3350:0:16","r02-c02:expanded-facade-max4m:3350:0:17","r02-c02:expanded-facade-max4m:3350:0:18","r02-c02:expanded-facade-max4m:3350:0:19","r02-c02:expanded-facade-max4m:3350:0:20","r02-c02:expanded-facade-max4m:3350:0:21","r02-c02:expanded-facade-max4m:3350:0:22","r02-c02:expanded-facade-max4m:3350:0:23","r02-c02:expanded-facade-max4m:3350:0:24","r02-c02:expanded-facade-max4m:3350:0:25","r02-c02:expanded-facade-max4m:3350:0:26","r02-c02:expanded-facade-max4m:3350:0:27","r02-c02:expanded-facade-max4m:3350:0:28","r02-c02:expanded-facade-max4m:3350:0:29","r02-c02:expanded-facade-max4m:3350:0:3","r02-c02:expanded-facade-max4m:3350:0:4","r02-c02:expanded-facade-max4m:3350:0:5","r02-c02:expanded-facade-max4m:3350:0:6","r02-c02:expanded-facade-max4m:3350:0:7","r02-c02:expanded-facade-max4m:3350:0:8","r02-c02:expanded-facade-max4m:3350:0:9"],"receiver_count":27,"periods":{"D":{"min":69.96907,"max":80.37809,"receiver_count":27,"unavailable_count":0},"E":{"min":67.75059,"max":78.1596,"receiver_count":27,"unavailable_count":0},"N":{"min":62.979374,"max":73.38839,"receiver_count":27,"unavailable_count":0}}}},{"type":"Feature","id":"lariac:388568885836","geometry":{"type":"Polygon","coordinates":[[[-118.57226069570734,34.173147932799],[-118.5723115564977,34.173115953218485],[-118.57231831821855,34.173123367982626],[-118.57241016386392,34.17306561214864],[-118.57234377300634,34.17299266680854],[-118.57237488113206,34.17297311922942],[-118.57231958309097,34.172912321985905],[-118.5721549867566,34.17301581837017],[-118.57220318920872,34.17306876254429],[-118.572243153473,34.17304362228248],[-118.57226707055347,34.173069889222866],[-118.57221782326496,34.17310084330574],[-118.57226069570734,34.173147932799]]]},"properties":{"building_pk":3838,"building_key":"lariac:388568885836","source_tile":"r02-c02","source_tile_ids":["r02-c02"],"source_bld_id":"388568885836","height_m":3.505,"receiver_ids":[147982,147983,147984,147985,147986,147987,147988,147989,147990,147991,147992,147993,147994,147995,147996,147997,147998,147999,148000,148001,148002],"receiver_keys":["r02-c02:expanded-facade-max4m:3838:0:1","r02-c02:expanded-facade-max4m:3838:0:10","r02-c02:expanded-facade-max4m:3838:0:11","r02-c02:expanded-facade-max4m:3838:0:12","r02-c02:expanded-facade-max4m:3838:0:13","r02-c02:expanded-facade-max4m:3838:0:14","r02-c02:expanded-facade-max4m:3838:0:15","r02-c02:expanded-facade-max4m:3838:0:16","r02-c02:expanded-facade-max4m:3838:0:17","r02-c02:expanded-facade-max4m:3838:0:18","r02-c02:expanded-facade-max4m:3838:0:19","r02-c02:expanded-facade-max4m:3838:0:20","r02-c02:expanded-facade-max4m:3838:0:21","r02-c02:expanded-facade-max4m:3838:0:22","r02-c02:expanded-facade-max4m:3838:0:3","r02-c02:expanded-facade-max4m:3838:0:4","r02-c02:expanded-facade-max4m:3838:0:5","r02-c02:expanded-facade-max4m:3838:0:6","r02-c02:expanded-facade-max4m:3838:0:7","r02-c02:expanded-facade-max4m:3838:0:8","r02-c02:expanded-facade-max4m:3838:0:9"],"receiver_count":21,"periods":{"D":{"min":75.10629,"max":76.45349,"receiver_count":21,"unavailable_count":0},"E":{"min":72.88781,"max":74.235,"receiver_count":21,"unavailable_count":0},"N":{"min":68.11659,"max":69.46379,"receiver_count":21,"unavailable_count":0}}}},{"type":"Feature","id":"lariac:388691885725","geometry":{"type":"Polygon","coordinates":[[[-118.57199974471192,34.172776219721946],[-118.57195794914227,34.17273190180406],[-118.57200774907264,34.17269946036774],[-118.57193741357878,34.172624884539424],[-118.57176866250671,34.17273480282071],[-118.57188075896434,34.1728537239159],[-118.57199974471192,34.172776219721946]]]},"properties":{"building_pk":3877,"building_key":"lariac:388691885725","source_tile":"r02-c02","source_tile_ids":["r02-c02"],"source_bld_id":"388691885725","height_m":4.407,"receiver_ids":[148075,148076,148077,148078,148079,148080,148081,148082,148083,148084,148085,148086,148087,148088,148089],"receiver_keys":["r02-c02:expanded-facade-max4m:3877:0:1","r02-c02:expanded-facade-max4m:3877:0:10","r02-c02:expanded-facade-max4m:3877:0:11","r02-c02:expanded-facade-max4m:3877:0:12","r02-c02:expanded-facade-max4m:3877:0:16","r02-c02:expanded-facade-max4m:3877:0:17","r02-c02:expanded-facade-max4m:3877:0:18","r02-c02:expanded-facade-max4m:3877:0:19","r02-c02:expanded-facade-max4m:3877:0:3","r02-c02:expanded-facade-max4m:3877:0:4","r02-c02:expanded-facade-max4m:3877:0:5","r02-c02:expanded-facade-max4m:3877:0:6","r02-c02:expanded-facade-max4m:3877:0:7","r02-c02:expanded-facade-max4m:3877:0:8","r02-c02:expanded-facade-max4m:3877:0:9"],"receiver_count":15,"periods":{"D":{"min":73.61672,"max":78.76146,"receiver_count":15,"unavailable_count":0},"E":{"min":71.39824,"max":76.54297,"receiver_count":15,"unavailable_count":0},"N":{"min":66.62702,"max":71.77176,"receiver_count":15,"unavailable_count":0}}}},{"type":"Feature","id":"lariac:387129885137","geometry":{"type":"Polygon","coordinates":[[[-118.57710356771395,34.17107112694237],[-118.57716434766135,34.171097216998476],[-118.57720587224648,34.17103043697565],[-118.57713156339031,34.17099853072532],[-118.5771099507304,34.17103325771869],[-118.57702503174022,34.17099678612357],[-118.57695358810722,34.17111166022515],[-118.57705206995513,34.17115397498104],[-118.57710356771395,34.17107112694237]]]},"properties":{"building_pk":3909,"building_key":"lariac:387129885137","source_tile":"r02-c02","source_tile_ids":["r02-c02"],"source_bld_id":"387129885137","height_m":3.975,"receiver_ids":[148118,148119,148120,148121,148122,148123,148124,148125,148126,148127,148128,148129,148130,148131,148132,148133,148134,148135],"receiver_keys":["r02-c02:expanded-facade-max4m:3909:0:1","r02-c02:expanded-facade-max4m:3909:0:10","r02-c02:expanded-facade-max4m:3909:0:11","r02-c02:expanded-facade-max4m:3909:0:12","r02-c02:expanded-facade-max4m:3909:0:13","r02-c02:expanded-facade-max4m:3909:0:14","r02-c02:expanded-facade-max4m:3909:0:15","r02-c02:expanded-facade-max4m:3909:0:16","r02-c02:expanded-facade-max4m:3909:0:17","r02-c02:expanded-facade-max4m:3909:0:18","r02-c02:expanded-facade-max4m:3909:0:2","r02-c02:expanded-facade-max4m:3909:0:3","r02-c02:expanded-facade-max4m:3909:0:4","r02-c02:expanded-facade-max4m:3909:0:5","r02-c02:expanded-facade-max4m:3909:0:6","r02-c02:expanded-facade-max4m:3909:0:7","r02-c02:expanded-facade-max4m:3909:0:8","r02-c02:expanded-facade-max4m:3909:0:9"],"receiver_count":18,"periods":{"D":{"min":67.69355,"max":78.05104,"receiver_count":18,"unavailable_count":0},"E":{"min":65.47506,"max":75.83255,"receiver_count":18,"unavailable_count":0},"N":{"min":60.70385,"max":71.06134,"receiver_count":18,"unavailable_count":0}}}},{"type":"Feature","id":"lariac:201700285031","geometry":{"type":"Polygon","coordinates":[[[-118.57617354593235,34.16877011531816],[-118.57623829947633,34.16880695856101],[-118.57635029055064,34.16876657385149],[-118.57635560812503,34.16877768710058],[-118.57646564730119,34.16874130813723],[-118.5764601514234,34.168729820700015],[-118.5765008191794,34.168715163340316],[-118.57650644787793,34.16872593611861],[-118.5765976958357,34.16869302019952],[-118.57659015798099,34.168678602565016],[-118.57671982532537,34.16863184675382],[-118.57672716206139,34.16864588037961],[-118.5769538157658,34.16856417582131],[-118.57690845191676,34.168477228132545],[-118.57687788851791,34.1684891904915],[-118.57685784210223,34.168453782360665],[-118.57681873438345,34.16845872275629],[-118.57681979940406,34.16846468139893],[-118.57673101380455,34.168475903577395],[-118.57672977640765,34.1684690126566],[-118.57668039552065,34.16847526596818],[-118.57668159772524,34.1684817729989],[-118.57665338964975,34.168485342401596],[-118.57665218706778,34.16847878037812],[-118.57661050226308,34.168484035012895],[-118.57661146566825,34.16848941625124],[-118.57658315799813,34.16849301406034],[-118.57658216167762,34.16848757798444],[-118.57654292179377,34.168492545967204],[-118.57654391811181,34.168497982043455],[-118.57654177125664,34.16849824020382],[-118.57647535584563,34.1685080365787],[-118.57644349452474,34.168513932205244],[-118.57643606381059,34.16848626854618],[-118.57639512286045,34.16849385546488],[-118.57640299499948,34.168523247989434],[-118.57635776112103,34.16853162527718],[-118.57624819876516,34.16856932624132],[-118.5762440412243,34.16856096528714],[-118.57613319223736,34.1685991122318],[-118.5761304102709,34.16861281004248],[-118.5761143281615,34.168610550756036],[-118.5761018907237,34.16867188894699],[-118.57611611955544,34.168673882093],[-118.57611397739471,34.168684416938795],[-118.57608821919284,34.16869330537543],[-118.57613223230273,34.16878124879906],[-118.57617354593235,34.16877011531816]]]},"properties":{"building_pk":4446,"building_key":"lariac:201700285031","source_tile":"r02-c02","source_tile_ids":["r02-c02"],"source_bld_id":"201700285031","height_m":12.634,"receiver_ids":[148570,148571,148572,148573,148574,148575,148576,148577,148578,148579,148580,148581,148582,148583,148584,148585,148586,148587,148588,148589,148590,148591,148592,148593,148594,148595,148596,148597,148598,148599,148600,148601,148602,148603,148604,148605,148606,148607,148608,148609,148610,148611,148612,148613,148614,148615,148616,148617],"receiver_keys":["r02-c02:expanded-facade-max4m:4446:0:1","r02-c02:expanded-facade-max4m:4446:0:10","r02-c02:expanded-facade-max4m:4446:0:11","r02-c02:expanded-facade-max4m:4446:0:12","r02-c02:expanded-facade-max4m:4446:0:13","r02-c02:expanded-facade-max4m:4446:0:14","r02-c02:expanded-facade-max4m:4446:0:15","r02-c02:expanded-facade-max4m:4446:0:17","r02-c02:expanded-facade-max4m:4446:0:18","r02-c02:expanded-facade-max4m:4446:0:19","r02-c02:expanded-facade-max4m:4446:0:2","r02-c02:expanded-facade-max4m:4446:0:20","r02-c02:expanded-facade-max4m:4446:0:21","r02-c02:expanded-facade-max4m:4446:0:22","r02-c02:expanded-facade-max4m:4446:0:23","r02-c02:expanded-facade-max4m:4446:0:24","r02-c02:expanded-facade-max4m:4446:0:25","r02-c02:expanded-facade-max4m:4446:0:26","r02-c02:expanded-facade-max4m:4446:0:27","r02-c02:expanded-facade-max4m:4446:0:28","r02-c02:expanded-facade-max4m:4446:0:29","r02-c02:expanded-facade-max4m:4446:0:3","r02-c02:expanded-facade-max4m:4446:0:30","r02-c02:expanded-facade-max4m:4446:0:31","r02-c02:expanded-facade-max4m:4446:0:32","r02-c02:expanded-facade-max4m:4446:0:33","r02-c02:expanded-facade-max4m:4446:0:35","r02-c02:expanded-facade-max4m:4446:0:36","r02-c02:expanded-facade-max4m:4446:0:37","r02-c02:expanded-facade-max4m:4446:0:38","r02-c02:expanded-facade-max4m:4446:0:39","r02-c02:expanded-facade-max4m:4446:0:4","r02-c02:expanded-facade-max4m:4446:0:41","r02-c02:expanded-facade-max4m:4446:0:42","r02-c02:expanded-facade-max4m:4446:0:43","r02-c02:expanded-facade-max4m:4446:0:45","r02-c02:expanded-facade-max4m:4446:0:46","r02-c02:expanded-facade-max4m:4446:0:47","r02-c02:expanded-facade-max4m:4446:0:48","r02-c02:expanded-facade-max4m:4446:0:49","r02-c02:expanded-facade-max4m:4446:0:51","r02-c02:expanded-facade-max4m:4446:0:52","r02-c02:expanded-facade-max4m:4446:0:53","r02-c02:expanded-facade-max4m:4446:0:54","r02-c02:expanded-facade-max4m:4446:0:6","r02-c02:expanded-facade-max4m:4446:0:7","r02-c02:expanded-facade-max4m:4446:0:8","r02-c02:expanded-facade-max4m:4446:0:9"],"receiver_count":48,"periods":{"D":{"min":53.355675,"max":71.259575,"receiver_count":48,"unavailable_count":0},"E":{"min":51.137188,"max":69.041084,"receiver_count":48,"unavailable_count":0},"N":{"min":46.365974,"max":64.269875,"receiver_count":48,"unavailable_count":0}}}},{"type":"Feature","id":"lariac:387339885285","geometry":{"type":"Polygon","coordinates":[[[-118.5764588572421,34.171502354782746],[-118.57642987342861,34.17141769177564],[-118.57645264866265,34.17141228032465],[-118.57643527149459,34.17136152681393],[-118.57637176751098,34.171376558040976],[-118.57638698385773,34.1714210020264],[-118.57630922041663,34.171439426082],[-118.57629238489203,34.17139029094851],[-118.57620986843524,34.17140980952764],[-118.57623088794345,34.171471125349925],[-118.57623712534242,34.17146963963349],[-118.57626411736142,34.17154845844307],[-118.5764588572421,34.171502354782746]]]},"properties":{"building_pk":7950,"building_key":"lariac:387339885285","source_tile":"r02-c02","source_tile_ids":["r02-c02"],"source_bld_id":"387339885285","height_m":3.258,"receiver_ids":[149446,149447,149448,149449,149450,149451,149452,149453,149454,149455,149456,149457,149458,149459,149460,149461,149462],"receiver_keys":["r02-c02:expanded-facade-max4m:7950:0:1","r02-c02:expanded-facade-max4m:7950:0:11","r02-c02:expanded-facade-max4m:7950:0:12","r02-c02:expanded-facade-max4m:7950:0:13","r02-c02:expanded-facade-max4m:7950:0:16","r02-c02:expanded-facade-max4m:7950:0:17","r02-c02:expanded-facade-max4m:7950:0:18","r02-c02:expanded-facade-max4m:7950:0:19","r02-c02:expanded-facade-max4m:7950:0:2","r02-c02:expanded-facade-max4m:7950:0:20","r02-c02:expanded-facade-max4m:7950:0:21","r02-c02:expanded-facade-max4m:7950:0:22","r02-c02:expanded-facade-max4m:7950:0:4","r02-c02:expanded-facade-max4m:7950:0:5","r02-c02:expanded-facade-max4m:7950:0:6","r02-c02:expanded-facade-max4m:7950:0:7","r02-c02:expanded-facade-max4m:7950:0:9"],"receiver_count":17,"periods":{"D":{"min":71.30761,"max":73.33677,"receiver_count":17,"unavailable_count":0},"E":{"min":69.08913,"max":71.11828,"receiver_count":17,"unavailable_count":0},"N":{"min":64.31791,"max":66.34707,"receiver_count":17,"unavailable_count":0}}}},{"type":"Feature","id":"lariac:388550885633","geometry":{"type":"Polygon","coordinates":[[[-118.57245338367765,34.17247350618428],[-118.57242251406421,34.172417018136606],[-118.57241710678842,34.17241904966903],[-118.57240200650486,34.17239142206751],[-118.57232134819608,34.17242183878805],[-118.57230591068601,34.17239311378706],[-118.57224131416233,34.172417985669526],[-118.57222438661685,34.17244694586529],[-118.57223298831502,34.172462183650595],[-118.57221182001139,34.17247044550078],[-118.57223919553223,34.17251898137722],[-118.57228990849735,34.17249920401643],[-118.5723009190837,34.172518689297014],[-118.57225920768046,34.17253496213411],[-118.57229438212836,34.17259728358453],[-118.57237744057389,34.17256490457926],[-118.57234882717512,34.172514285711976],[-118.57245338367765,34.17247350618428]]]},"properties":{"building_pk":7952,"building_key":"lariac:388550885633","source_tile":"r02-c02","source_tile_ids":["r02-c02"],"source_bld_id":"388550885633","height_m":4.727,"receiver_ids":[149463,149464,149465,149466,149467,149468,149469,149470,149471,149472,149473,149474,149475,149476,149477,149478,149479],"receiver_keys":["r02-c02:expanded-facade-max4m:7952:0:1","r02-c02:expanded-facade-max4m:7952:0:10","r02-c02:expanded-facade-max4m:7952:0:11","r02-c02:expanded-facade-max4m:7952:0:15","r02-c02:expanded-facade-max4m:7952:0:16","r02-c02:expanded-facade-max4m:7952:0:17","r02-c02:expanded-facade-max4m:7952:0:18","r02-c02:expanded-facade-max4m:7952:0:19","r02-c02:expanded-facade-max4m:7952:0:2","r02-c02:expanded-facade-max4m:7952:0:21","r02-c02:expanded-facade-max4m:7952:0:22","r02-c02:expanded-facade-max4m:7952:0:3","r02-c02:expanded-facade-max4m:7952:0:4","r02-c02:expanded-facade-max4m:7952:0:5","r02-c02:expanded-facade-max4m:7952:0:6","r02-c02:expanded-facade-max4m:7952:0:7","r02-c02:expanded-facade-max4m:7952:0:8"],"receiver_count":17,"periods":{"D":{"min":73.48622,"max":80.62897,"receiver_count":17,"unavailable_count":0},"E":{"min":71.26773,"max":78.410484,"receiver_count":17,"unavailable_count":0},"N":{"min":66.49652,"max":73.63927,"receiver_count":17,"unavailable_count":0}}}},{"type":"Feature","id":"lariac:388017885384","geometry":{"type":"Polygon","coordinates":[[[-118.5741430320804,34.17180541998437],[-118.57417114856568,34.17185573787077],[-118.57425315313223,34.171824104546005],[-118.57421804102232,34.17176123432329],[-118.57417524201584,34.171777760012226],[-118.57412044754611,34.1716796723855],[-118.57403890526588,34.17171116639145],[-118.57405373267655,34.17173769520034],[-118.57399438097389,34.171760592183354],[-118.5740413758291,34.171844675322355],[-118.5741430320804,34.17180541998437]]]},"properties":{"building_pk":7958,"building_key":"lariac:388017885384","source_tile":"r02-c02","source_tile_ids":["r02-c02"],"source_bld_id":"388017885384","height_m":3.746,"receiver_ids":[149486,149487,149488,149489,149490,149491,149492,149493,149494,149495,149496,149497,149498,149499,149500,149501,149502,149503,149504,149505],"receiver_keys":["r02-c02:expanded-facade-max4m:7958:0:1","r02-c02:expanded-facade-max4m:7958:0:10","r02-c02:expanded-facade-max4m:7958:0:11","r02-c02:expanded-facade-max4m:7958:0:12","r02-c02:expanded-facade-max4m:7958:0:13","r02-c02:expanded-facade-max4m:7958:0:14","r02-c02:expanded-facade-max4m:7958:0:15","r02-c02:expanded-facade-max4m:7958:0:16","r02-c02:expanded-facade-max4m:7958:0:17","r02-c02:expanded-facade-max4m:7958:0:18","r02-c02:expanded-facade-max4m:7958:0:19","r02-c02:expanded-facade-max4m:7958:0:2","r02-c02:expanded-facade-max4m:7958:0:20","r02-c02:expanded-facade-max4m:7958:0:3","r02-c02:expanded-facade-max4m:7958:0:4","r02-c02:expanded-facade-max4m:7958:0:5","r02-c02:expanded-facade-max4m:7958:0:6","r02-c02:expanded-facade-max4m:7958:0:7","r02-c02:expanded-facade-max4m:7958:0:8","r02-c02:expanded-facade-max4m:7958:0:9"],"receiver_count":20,"periods":{"D":{"min":77.86932,"max":82.361786,"receiver_count":20,"unavailable_count":0},"E":{"min":75.65083,"max":80.143295,"receiver_count":20,"unavailable_count":0},"N":{"min":70.87962,"max":75.372086,"receiver_count":20,"unavailable_count":0}}}},{"type":"Feature","id":"lariac:389812885054","geometry":{"type":"Polygon","coordinates":[[[-118.56819603045216,34.17099072185043],[-118.5681956810585,34.17091032010582],[-118.56820979755042,34.17091028082539],[-118.56820968691157,34.170879340322],[-118.56821500931586,34.17087934236047],[-118.56821489682333,34.17084334510003],[-118.56820325977826,34.170843372731305],[-118.56820290831898,34.1707382668614],[-118.56801314612062,34.17073869041551],[-118.56801335620867,34.17080373319267],[-118.56808830346363,34.17080357317371],[-118.5680884551447,34.17085028691483],[-118.5680132119311,34.170850475370074],[-118.56801344349478,34.17091373118428],[-118.56809004253834,34.170913536360025],[-118.56809030441033,34.17099097153121],[-118.56819603045216,34.17099072185043]]]},"properties":{"building_pk":8105,"building_key":"lariac:389812885054","source_tile":"r02-c02","source_tile_ids":["r02-c02"],"source_bld_id":"389812885054","height_m":5.236,"receiver_ids":[149713,149714,149715],"receiver_keys":["r02-c02:expanded-facade-max4m:8105:0:1","r02-c02:expanded-facade-max4m:8105:0:26","r02-c02:expanded-facade-max4m:8105:0:27"],"receiver_count":3,"periods":{"D":{"min":68.647064,"max":69.478935,"receiver_count":3,"unavailable_count":0},"E":{"min":66.42857,"max":67.26045,"receiver_count":3,"unavailable_count":0},"N":{"min":61.657364,"max":62.48924,"receiver_count":3,"unavailable_count":0}}}},{"type":"Feature","id":"lariac:389413884997","geometry":{"type":"Polygon","coordinates":[[[-118.56936806275895,34.171006890671975],[-118.56957863214063,34.1709305236188],[-118.56958438946018,34.170941021139],[-118.56965218708083,34.17091544861849],[-118.56965231248866,34.17066706425571],[-118.5693682257775,34.170666973171464],[-118.56936806275895,34.171006890671975]],[[-118.5694673743273,34.1707932671589],[-118.56954348246069,34.17079378865038],[-118.5695432143233,34.17082239503555],[-118.56951891358673,34.170822207462706],[-118.56951882608257,34.170833556523675],[-118.5694946251276,34.17083336847596],[-118.56949439710448,34.17085815572732],[-118.56946672409101,34.170857956076745],[-118.5694673743273,34.1707932671589]]]},"properties":{"building_pk":8106,"building_key":"lariac:389413884997","source_tile":"r02-c02","source_tile_ids":["r02-c02"],"source_bld_id":"389413884997","height_m":7.705,"receiver_ids":[149716,149717,149718,149719,149720,149721,149722,149723,149724,149725,149726,149727,149728,149729,149730,149731,149732,149733,149734,149735,149736,149737,149738,149739,149740,149741,149742,149743,149744,149745],"receiver_keys":["r02-c02:expanded-facade-max4m:8106:0:1","r02-c02:expanded-facade-max4m:8106:0:10","r02-c02:expanded-facade-max4m:8106:0:11","r02-c02:expanded-facade-max4m:8106:0:12","r02-c02:expanded-facade-max4m:8106:0:13","r02-c02:expanded-facade-max4m:8106:0:14","r02-c02:expanded-facade-max4m:8106:0:15","r02-c02:expanded-facade-max4m:8106:0:16","r02-c02:expanded-facade-max4m:8106:0:17","r02-c02:expanded-facade-max4m:8106:0:18","r02-c02:expanded-facade-max4m:8106:0:19","r02-c02:expanded-facade-max4m:8106:0:2","r02-c02:expanded-facade-max4m:8106:0:20","r02-c02:expanded-facade-max4m:8106:0:21","r02-c02:expanded-facade-max4m:8106:0:22","r02-c02:expanded-facade-max4m:8106:0:23","r02-c02:expanded-facade-max4m:8106:0:24","r02-c02:expanded-facade-max4m:8106:0:25","r02-c02:expanded-facade-max4m:8106:0:26","r02-c02:expanded-facade-max4m:8106:0:27","r02-c02:expanded-facade-max4m:8106:0:28","r02-c02:expanded-facade-max4m:8106:0:29","r02-c02:expanded-facade-max4m:8106:0:3","r02-c02:expanded-facade-max4m:8106:0:30","r02-c02:expanded-facade-max4m:8106:0:31","r02-c02:expanded-facade-max4m:8106:0:4","r02-c02:expanded-facade-max4m:8106:0:5","r02-c02:expanded-facade-max4m:8106:0:7","r02-c02:expanded-facade-max4m:8106:0:8","r02-c02:expanded-facade-max4m:8106:0:9"],"receiver_count":30,"periods":{"D":{"min":61.383392,"max":74.11055,"receiver_count":30,"unavailable_count":0},"E":{"min":59.1649,"max":71.89207,"receiver_count":30,"unavailable_count":0},"N":{"min":54.393692,"max":67.12085,"receiver_count":30,"unavailable_count":0}}}},{"type":"Feature","id":"lariac:389263885139","geometry":{"type":"Polygon","coordinates":[[[-118.56988209982995,34.17093546966115],[-118.56988211873825,34.17094412530605],[-118.56987982869997,34.17094423526759],[-118.56988044463934,34.1711145207023],[-118.56990823749025,34.171159466079644],[-118.5699666039297,34.171165984148956],[-118.57016207221074,34.1710954409118],[-118.57012542544462,34.17102589359933],[-118.57007664677961,34.17093455271913],[-118.56988209982995,34.17093546966115]]]},"properties":{"building_pk":8134,"building_key":"lariac:389263885139","source_tile":"r02-c02","source_tile_ids":["r02-c02"],"source_bld_id":"389263885139","height_m":5.624,"receiver_ids":[149854,149855,149856,149857,149858,149859,149860,149861,149862,149863,149864,149865,149866,149867,149868,149869,149870],"receiver_keys":["r02-c02:expanded-facade-max4m:8134:0:1","r02-c02:expanded-facade-max4m:8134:0:10","r02-c02:expanded-facade-max4m:8134:0:11","r02-c02:expanded-facade-max4m:8134:0:12","r02-c02:expanded-facade-max4m:8134:0:13","r02-c02:expanded-facade-max4m:8134:0:14","r02-c02:expanded-facade-max4m:8134:0:15","r02-c02:expanded-facade-max4m:8134:0:16","r02-c02:expanded-facade-max4m:8134:0:17","r02-c02:expanded-facade-max4m:8134:0:2","r02-c02:expanded-facade-max4m:8134:0:3","r02-c02:expanded-facade-max4m:8134:0:4","r02-c02:expanded-facade-max4m:8134:0:5","r02-c02:expanded-facade-max4m:8134:0:6","r02-c02:expanded-facade-max4m:8134:0:7","r02-c02:expanded-facade-max4m:8134:0:8","r02-c02:expanded-facade-max4m:8134:0:9"],"receiver_count":17,"periods":{"D":{"min":71.11967,"max":76.94809,"receiver_count":17,"unavailable_count":0},"E":{"min":68.901184,"max":74.72961,"receiver_count":17,"unavailable_count":0},"N":{"min":64.12997,"max":69.95839,"receiver_count":17,"unavailable_count":0}}}},{"type":"Feature","id":"lariac:387166885399","geometry":{"type":"Polygon","coordinates":[[[-118.57704955020142,34.1717896621755],[-118.57700867957584,34.1717071449032],[-118.57690808234857,34.17174153466888],[-118.57689490534706,34.1717149153904],[-118.57686119753193,34.17172642483782],[-118.57685462485927,34.171713128643894],[-118.57678179878253,34.171738015168884],[-118.57683678574493,34.171849070319155],[-118.57681979976894,34.1718548671368],[-118.57685054490962,34.17191696137946],[-118.57692541505234,34.17189135013671],[-118.5769003359202,34.17184068842773],[-118.57704955020142,34.1717896621755]]]},"properties":{"building_pk":8909,"building_key":"lariac:387166885399","source_tile":"r02-c02","source_tile_ids":["r02-c02"],"source_bld_id":"387166885399","height_m":3.24,"receiver_ids":[150600,150601,150602,150603,150604,150605,150606,150607,150608,150609,150610,150611,150612,150613,150614,150615,150616,150617,150618],"receiver_keys":["r02-c02:expanded-facade-max4m:8909:0:1","r02-c02:expanded-facade-max4m:8909:0:10","r02-c02:expanded-facade-max4m:8909:0:11","r02-c02:expanded-facade-max4m:8909:0:12","r02-c02:expanded-facade-max4m:8909:0:16","r02-c02:expanded-facade-max4m:8909:0:17","r02-c02:expanded-facade-max4m:8909:0:18","r02-c02:expanded-facade-max4m:8909:0:19","r02-c02:expanded-facade-max4m:8909:0:2","r02-c02:expanded-facade-max4m:8909:0:20","r02-c02:expanded-facade-max4m:8909:0:21","r02-c02:expanded-facade-max4m:8909:0:22","r02-c02:expanded-facade-max4m:8909:0:3","r02-c02:expanded-facade-max4m:8909:0:4","r02-c02:expanded-facade-max4m:8909:0:5","r02-c02:expanded-facade-max4m:8909:0:6","r02-c02:expanded-facade-max4m:8909:0:7","r02-c02:expanded-facade-max4m:8909:0:8","r02-c02:expanded-facade-max4m:8909:0:9"],"receiver_count":19,"periods":{"D":{"min":57.344814,"max":70.30491,"receiver_count":19,"unavailable_count":0},"E":{"min":55.126328,"max":68.08642,"receiver_count":19,"unavailable_count":0},"N":{"min":50.355114,"max":63.31521,"receiver_count":19,"unavailable_count":0}}}},{"type":"Feature","id":"lariac:389051883878","geometry":{"type":"Polygon","coordinates":[[[-118.57057132327084,34.16758872180404],[-118.57057153441501,34.16768253468406],[-118.57053900396637,34.16768257817955],[-118.57053911670346,34.16773291902159],[-118.57063270583436,34.16773278034854],[-118.57063270443125,34.167722887701245],[-118.57072926872365,34.16772276105903],[-118.57072918546451,34.16768151576553],[-118.57073467360533,34.16768151690992],[-118.57073467723588,34.16767728504031],[-118.57074145494367,34.16767728099962],[-118.57074138264241,34.16765224813923],[-118.57073543246804,34.16765224827418],[-118.5707352412281,34.16756137613965],[-118.57075048096337,34.16756135920659],[-118.57075028466785,34.16748419779316],[-118.57072439948595,34.16748421087597],[-118.57072440317074,34.16748951374664],[-118.57065111159321,34.167489639652345],[-118.57065125226707,34.16755374785713],[-118.5706563770731,34.16755375162114],[-118.57065644910982,34.16758859509599],[-118.57057132327084,34.16758872180404]]]},"properties":{"building_pk":9352,"building_key":"lariac:389051883878","source_tile":"r02-c02","source_tile_ids":["r02-c02"],"source_bld_id":"389051883878","height_m":5.56,"receiver_ids":[151047,151048,151049,151050,151051,151052,151053,151054,151055,151056,151057,151058,151059,151060,151061,151062,151063,151064,151065,151066,151067,151068],"receiver_keys":["r02-c02:expanded-facade-max4m:9352:0:1","r02-c02:expanded-facade-max4m:9352:0:10","r02-c02:expanded-facade-max4m:9352:0:11","r02-c02:expanded-facade-max4m:9352:0:12","r02-c02:expanded-facade-max4m:9352:0:13","r02-c02:expanded-facade-max4m:9352:0:14","r02-c02:expanded-facade-max4m:9352:0:15","r02-c02:expanded-facade-max4m:9352:0:16","r02-c02:expanded-facade-max4m:9352:0:17","r02-c02:expanded-facade-max4m:9352:0:18","r02-c02:expanded-facade-max4m:9352:0:19","r02-c02:expanded-facade-max4m:9352:0:2","r02-c02:expanded-facade-max4m:9352:0:21","r02-c02:expanded-facade-max4m:9352:0:22","r02-c02:expanded-facade-max4m:9352:0:23","r02-c02:expanded-facade-max4m:9352:0:24","r02-c02:expanded-facade-max4m:9352:0:25","r02-c02:expanded-facade-max4m:9352:0:4","r02-c02:expanded-facade-max4m:9352:0:5","r02-c02:expanded-facade-max4m:9352:0:6","r02-c02:expanded-facade-max4m:9352:0:7","r02-c02:expanded-facade-max4m:9352:0:9"],"receiver_count":22,"periods":{"D":{"min":53.9694,"max":70.28545,"receiver_count":22,"unavailable_count":0},"E":{"min":51.75091,"max":68.06697,"receiver_count":22,"unavailable_count":0},"N":{"min":46.9797,"max":63.295753,"receiver_count":22,"unavailable_count":0}}}},{"type":"Feature","id":"lariac:387937885349","geometry":{"type":"Polygon","coordinates":[[[-118.57443376195182,34.1717564449871],[-118.57440234491597,34.171702213002135],[-118.57447744966191,34.17167215123427],[-118.57443251627002,34.17159451624026],[-118.57442005301715,34.171599494271234],[-118.5744022865536,34.171568774659384],[-118.57435055719245,34.17158949264054],[-118.57436752095549,34.171618787123066],[-118.5742820297637,34.17165299206298],[-118.57431933511162,34.17171744668477],[-118.5743132355124,34.1717198935964],[-118.57434083826217,34.17176757596189],[-118.57432550737265,34.17177369453364],[-118.57433775332112,34.1717948497363],[-118.57443376195182,34.1717564449871]]]},"properties":{"building_pk":9412,"building_key":"lariac:387937885349","source_tile":"r02-c02","source_tile_ids":["r02-c02"],"source_bld_id":"387937885349","height_m":3.173,"receiver_ids":[151115,151116,151117,151118,151119,151120,151121,151122,151123,151124,151125,151126,151127,151128],"receiver_keys":["r02-c02:expanded-facade-max4m:9412:0:1","r02-c02:expanded-facade-max4m:9412:0:11","r02-c02:expanded-facade-max4m:9412:0:12","r02-c02:expanded-facade-max4m:9412:0:13","r02-c02:expanded-facade-max4m:9412:0:14","r02-c02:expanded-facade-max4m:9412:0:17","r02-c02:expanded-facade-max4m:9412:0:18","r02-c02:expanded-facade-max4m:9412:0:19","r02-c02:expanded-facade-max4m:9412:0:3","r02-c02:expanded-facade-max4m:9412:0:4","r02-c02:expanded-facade-max4m:9412:0:5","r02-c02:expanded-facade-max4m:9412:0:6","r02-c02:expanded-facade-max4m:9412:0:8","r02-c02:expanded-facade-max4m:9412:0:9"],"receiver_count":14,"periods":{"D":{"min":79.0938,"max":82.49863,"receiver_count":14,"unavailable_count":0},"E":{"min":76.87531,"max":80.280136,"receiver_count":14,"unavailable_count":0},"N":{"min":72.1041,"max":75.50893,"receiver_count":14,"unavailable_count":0}}}},{"type":"Feature","id":"lariac:387382885114","geometry":{"type":"Polygon","coordinates":[[[-118.57624617572625,34.17105620008666],[-118.57626626538205,34.17111213450099],[-118.57635659711362,34.1710897207362],[-118.57633269861527,34.1710231698594],[-118.57628616302063,34.17103471323435],[-118.57625788152926,34.17095589967386],[-118.57610863797309,34.1709929385182],[-118.57614072809483,34.17108236769582],[-118.57624617572625,34.17105620008666]]]},"properties":{"building_pk":9774,"building_key":"lariac:387382885114","source_tile":"r02-c02","source_tile_ids":["r02-c02"],"source_bld_id":"387382885114","height_m":4.276,"receiver_ids":[151415,151416,151417,151418,151419,151420,151421,151422,151423,151424,151425,151426,151427,151428,151429,151430,151431,151432],"receiver_keys":["r02-c02:expanded-facade-max4m:9774:0:1","r02-c02:expanded-facade-max4m:9774:0:10","r02-c02:expanded-facade-max4m:9774:0:11","r02-c02:expanded-facade-max4m:9774:0:12","r02-c02:expanded-facade-max4m:9774:0:13","r02-c02:expanded-facade-max4m:9774:0:14","r02-c02:expanded-facade-max4m:9774:0:15","r02-c02:expanded-facade-max4m:9774:0:16","r02-c02:expanded-facade-max4m:9774:0:17","r02-c02:expanded-facade-max4m:9774:0:18","r02-c02:expanded-facade-max4m:9774:0:2","r02-c02:expanded-facade-max4m:9774:0:3","r02-c02:expanded-facade-max4m:9774:0:4","r02-c02:expanded-facade-max4m:9774:0:5","r02-c02:expanded-facade-max4m:9774:0:6","r02-c02:expanded-facade-max4m:9774:0:7","r02-c02:expanded-facade-max4m:9774:0:8","r02-c02:expanded-facade-max4m:9774:0:9"],"receiver_count":18,"periods":{"D":{"min":75.83555,"max":81.82823,"receiver_count":18,"unavailable_count":0},"E":{"min":73.617065,"max":79.60975,"receiver_count":18,"unavailable_count":0},"N":{"min":68.84585,"max":74.83853,"receiver_count":18,"unavailable_count":0}}}},{"type":"Feature","id":"lariac:386818883881","geometry":{"type":"Polygon","coordinates":[[[-118.57823422145094,34.16761593708631],[-118.57820669042405,34.16754050118865],[-118.57818315911699,34.16754635654449],[-118.57817894626899,34.16753472601538],[-118.57814231367422,34.167543831867285],[-118.57814069575797,34.167539332776755],[-118.57790337673836,34.1675983111984],[-118.57790566896055,34.167604647123795],[-118.57787312915868,34.167612744339245],[-118.57787687068624,34.16762319610662],[-118.5778509961155,34.16762961253804],[-118.57787792889263,34.167704529379435],[-118.57823422145094,34.16761593708631]]]},"properties":{"building_pk":9997,"building_key":"lariac:386818883881","source_tile":"r02-c02","source_tile_ids":["r02-c02"],"source_bld_id":"386818883881","height_m":19.748,"receiver_ids":[151700,151701,151702,151703,151704,151705,151706,151707,151708,151709,151710,151711,151712,151713,151714,151715,151716,151717,151718,151719],"receiver_keys":["r02-c02:expanded-facade-max4m:9997:0:10","r02-c02:expanded-facade-max4m:9997:0:11","r02-c02:expanded-facade-max4m:9997:0:13","r02-c02:expanded-facade-max4m:9997:0:14","r02-c02:expanded-facade-max4m:9997:0:15","r02-c02:expanded-facade-max4m:9997:0:16","r02-c02:expanded-facade-max4m:9997:0:17","r02-c02:expanded-facade-max4m:9997:0:18","r02-c02:expanded-facade-max4m:9997:0:19","r02-c02:expanded-facade-max4m:9997:0:20","r02-c02:expanded-facade-max4m:9997:0:21","r02-c02:expanded-facade-max4m:9997:0:22","r02-c02:expanded-facade-max4m:9997:0:23","r02-c02:expanded-facade-max4m:9997:0:3","r02-c02:expanded-facade-max4m:9997:0:4","r02-c02:expanded-facade-max4m:9997:0:5","r02-c02:expanded-facade-max4m:9997:0:6","r02-c02:expanded-facade-max4m:9997:0:7","r02-c02:expanded-facade-max4m:9997:0:8","r02-c02:expanded-facade-max4m:9997:0:9"],"receiver_count":20,"periods":{"D":{"min":51.918854,"max":65.05985,"receiver_count":20,"unavailable_count":0},"E":{"min":49.700367,"max":62.841362,"receiver_count":20,"unavailable_count":0},"N":{"min":44.929153,"max":58.07015,"receiver_count":20,"unavailable_count":0}}}},{"type":"Feature","id":"lariac:387198884476","geometry":{"type":"Polygon","coordinates":[[[-118.57687112815852,34.1695018015571],[-118.57689648731804,34.16954474109657],[-118.57706391411938,34.16947285361357],[-118.57681886273369,34.16900596740336],[-118.57656857451913,34.16909597583123],[-118.57671176521721,34.169370331997854],[-118.57669488052564,34.169376431236394],[-118.57670020704056,34.16938662755653],[-118.57671851023156,34.169380027505525],[-118.57679744288087,34.16953125401836],[-118.57687112815852,34.1695018015571]]]},"properties":{"building_pk":9999,"building_key":"lariac:387198884476","source_tile":"r02-c02","source_tile_ids":["r02-c02"],"source_bld_id":"387198884476","height_m":0.421,"receiver_ids":[151720,151721,151722,151723,151724,151725,151726,151727,151728,151729,151730,151731,151732,151733,151734,151735,151736,151737,151738,151739,151740,151741,151742,151743,151744,151745,151746,151747,151748,151749,151750,151751,151752,151753,151754,151755,151756,151757,151758,151759,151760,151761],"receiver_keys":["r02-c02:expanded-facade-max4m:9999:0:1","r02-c02:expanded-facade-max4m:9999:0:10","r02-c02:expanded-facade-max4m:9999:0:11","r02-c02:expanded-facade-max4m:9999:0:12","r02-c02:expanded-facade-max4m:9999:0:13","r02-c02:expanded-facade-max4m:9999:0:14","r02-c02:expanded-facade-max4m:9999:0:15","r02-c02:expanded-facade-max4m:9999:0:16","r02-c02:expanded-facade-max4m:9999:0:17","r02-c02:expanded-facade-max4m:9999:0:18","r02-c02:expanded-facade-max4m:9999:0:19","r02-c02:expanded-facade-max4m:9999:0:2","r02-c02:expanded-facade-max4m:9999:0:20","r02-c02:expanded-facade-max4m:9999:0:21","r02-c02:expanded-facade-max4m:9999:0:22","r02-c02:expanded-facade-max4m:9999:0:23","r02-c02:expanded-facade-max4m:9999:0:24","r02-c02:expanded-facade-max4m:9999:0:25","r02-c02:expanded-facade-max4m:9999:0:26","r02-c02:expanded-facade-max4m:9999:0:27","r02-c02:expanded-facade-max4m:9999:0:28","r02-c02:expanded-facade-max4m:9999:0:29","r02-c02:expanded-facade-max4m:9999:0:3","r02-c02:expanded-facade-max4m:9999:0:30","r02-c02:expanded-facade-max4m:9999:0:31","r02-c02:expanded-facade-max4m:9999:0:32","r02-c02:expanded-facade-max4m:9999:0:33","r02-c02:expanded-facade-max4m:9999:0:34","r02-c02:expanded-facade-max4m:9999:0:35","r02-c02:expanded-facade-max4m:9999:0:36","r02-c02:expanded-facade-max4m:9999:0:38","r02-c02:expanded-facade-max4m:9999:0:39","r02-c02:expanded-facade-max4m:9999:0:4","r02-c02:expanded-facade-max4m:9999:0:40","r02-c02:expanded-facade-max4m:9999:0:41","r02-c02:expanded-facade-max4m:9999:0:42","r02-c02:expanded-facade-max4m:9999:0:43","r02-c02:expanded-facade-max4m:9999:0:5","r02-c02:expanded-facade-max4m:9999:0:6","r02-c02:expanded-facade-max4m:9999:0:7","r02-c02:expanded-facade-max4m:9999:0:8","r02-c02:expanded-facade-max4m:9999:0:9"],"receiver_count":42,"periods":{"D":{"min":68.25764,"max":84.4613,"receiver_count":42,"unavailable_count":0},"E":{"min":66.03915,"max":82.24281,"receiver_count":42,"unavailable_count":0},"N":{"min":61.267933,"max":77.4716,"receiver_count":42,"unavailable_count":0}}}},{"type":"Feature","id":"lariac:388260885740","geometry":{"type":"Polygon","coordinates":[[[-118.57330044419973,34.17276843967373],[-118.57332995837406,34.17275739015689],[-118.57331147507897,34.17272334888465],[-118.57328196109984,34.17273442544243],[-118.57330044419973,34.17276843967373]]]},"properties":{"building_pk":10684,"building_key":"lariac:388260885740","source_tile":"r02-c02","source_tile_ids":["r02-c02"],"source_bld_id":"388260885740","height_m":3.051,"receiver_ids":[152606,152607,152608,152609],"receiver_keys":["r02-c02:expanded-facade-max4m:10684:0:1","r02-c02:expanded-facade-max4m:10684:0:2","r02-c02:expanded-facade-max4m:10684:0:3","r02-c02:expanded-facade-max4m:10684:0:4"],"receiver_count":4,"periods":{"D":{"min":74.56748,"max":75.20917,"receiver_count":4,"unavailable_count":0},"E":{"min":72.349,"max":72.990685,"receiver_count":4,"unavailable_count":0},"N":{"min":67.57778,"max":68.21947,"receiver_count":4,"unavailable_count":0}}}},{"type":"Feature","id":"lariac:387576885390","geometry":{"type":"Polygon","coordinates":[[[-118.57570487592432,34.17176589897444],[-118.57565645503225,34.17168146625039],[-118.57554521301343,34.17172555028201],[-118.57551743853122,34.171677127033725],[-118.57544022164053,34.17170772149429],[-118.57547538983133,34.17176899716728],[-118.57547835791877,34.1717678020189],[-118.57551941637048,34.17183938135927],[-118.57570487592432,34.17176589897444]]]},"properties":{"building_pk":11018,"building_key":"lariac:387576885390","source_tile":"r02-c02","source_tile_ids":["r02-c02"],"source_bld_id":"387576885390","height_m":3.441,"receiver_ids":[153030,153031,153032,153033,153034,153035,153036,153037,153038,153039,153040,153041,153042,153043,153044,153045,153046,153047],"receiver_keys":["r02-c02:expanded-facade-max4m:11018:0:1","r02-c02:expanded-facade-max4m:11018:0:10","r02-c02:expanded-facade-max4m:11018:0:11","r02-c02:expanded-facade-max4m:11018:0:12","r02-c02:expanded-facade-max4m:11018:0:13","r02-c02:expanded-facade-max4m:11018:0:14","r02-c02:expanded-facade-max4m:11018:0:15","r02-c02:expanded-facade-max4m:11018:0:16","r02-c02:expanded-facade-max4m:11018:0:17","r02-c02:expanded-facade-max4m:11018:0:18","r02-c02:expanded-facade-max4m:11018:0:2","r02-c02:expanded-facade-max4m:11018:0:3","r02-c02:expanded-facade-max4m:11018:0:4","r02-c02:expanded-facade-max4m:11018:0:5","r02-c02:expanded-facade-max4m:11018:0:6","r02-c02:expanded-facade-max4m:11018:0:7","r02-c02:expanded-facade-max4m:11018:0:8","r02-c02:expanded-facade-max4m:11018:0:9"],"receiver_count":18,"periods":{"D":{"min":73.29152,"max":75.06847,"receiver_count":18,"unavailable_count":0},"E":{"min":71.07303,"max":72.849976,"receiver_count":18,"unavailable_count":0},"N":{"min":66.30182,"max":68.078766,"receiver_count":18,"unavailable_count":0}}}},{"type":"Feature","id":"lariac:389824885546","geometry":{"type":"Polygon","coordinates":[[[-118.56818537219307,34.172267379443376],[-118.5681849800884,34.172088192008644],[-118.56807850648207,34.17211716660463],[-118.56807893396717,34.17214366551104],[-118.5680330875824,34.172144841909635],[-118.56803332446287,34.17213118419379],[-118.56800915918704,34.172136298567],[-118.56800938813178,34.17214572314432],[-118.56796681091849,34.17214641806419],[-118.56795369232884,34.17214983973309],[-118.56795381994563,34.172293065779684],[-118.56808839940507,34.17229099119511],[-118.56808791818496,34.172268873148106],[-118.56818537219307,34.172267379443376]]]},"properties":{"building_pk":11132,"building_key":"lariac:389824885546","source_tile":"r02-c02","source_tile_ids":["r02-c02"],"source_bld_id":"389824885546","height_m":3.868,"receiver_ids":[153143,153144,153145,153146,153147,153148,153149,153150,153151],"receiver_keys":["r02-c02:expanded-facade-max4m:11132:0:12","r02-c02:expanded-facade-max4m:11132:0:17","r02-c02:expanded-facade-max4m:11132:0:18","r02-c02:expanded-facade-max4m:11132:0:19","r02-c02:expanded-facade-max4m:11132:0:21","r02-c02:expanded-facade-max4m:11132:0:22","r02-c02:expanded-facade-max4m:11132:0:6","r02-c02:expanded-facade-max4m:11132:0:7","r02-c02:expanded-facade-max4m:11132:0:8"],"receiver_count":9,"periods":{"D":{"min":77.02906,"max":81.02182,"receiver_count":9,"unavailable_count":0},"E":{"min":74.81057,"max":78.80334,"receiver_count":9,"unavailable_count":0},"N":{"min":70.03936,"max":74.03212,"receiver_count":9,"unavailable_count":0}}}},{"type":"Feature","id":"lariac:389949885603","geometry":{"type":"Polygon","coordinates":[[[-118.5677881041248,34.172189674018504],[-118.567635359446,34.172221700816976],[-118.56763771931753,34.17236963687309],[-118.56751301425585,34.17239401932647],[-118.56753062929323,34.17245628660948],[-118.56767702631551,34.172427680452685],[-118.56767685099567,34.17258817070265],[-118.56778859823665,34.17257807259413],[-118.5677881041248,34.172189674018504]]]},"properties":{"building_pk":11145,"building_key":"lariac:389949885603","source_tile":"r02-c02","source_tile_ids":["r02-c02","r02-c03"],"source_bld_id":"389949885603","height_m":5.88,"receiver_ids":[153163,153164,153165,153166,153178,153179,153180,153181,153182,153183,153184,153185,153186,153187,153188,153189,153190,153191,153192,153193,153194,153195,153196],"receiver_keys":["r02-c02:expanded-facade-max4m:11145:0:1","r02-c02:expanded-facade-max4m:11145:0:16","r02-c02:expanded-facade-max4m:11145:0:17","r02-c02:expanded-facade-max4m:11145:0:18","r02-c02:expanded-facade-max4m:11145:0:19","r02-c02:expanded-facade-max4m:11145:0:2","r02-c02:expanded-facade-max4m:11145:0:20","r02-c02:expanded-facade-max4m:11145:0:21","r02-c02:expanded-facade-max4m:11145:0:22","r02-c02:expanded-facade-max4m:11145:0:23","r02-c02:expanded-facade-max4m:11145:0:24","r02-c02:expanded-facade-max4m:11145:0:25","r02-c02:expanded-facade-max4m:11145:0:26","r02-c02:expanded-facade-max4m:11145:0:27","r02-c02:expanded-facade-max4m:11145:0:28","r02-c02:expanded-facade-max4m:11145:0:29","r02-c02:expanded-facade-max4m:11145:0:3","r02-c02:expanded-facade-max4m:11145:0:30","r02-c02:expanded-facade-max4m:11145:0:31","r02-c02:expanded-facade-max4m:11145:0:32","r02-c02:expanded-facade-max4m:11145:0:33","r02-c02:expanded-facade-max4m:11145:0:34","r02-c02:expanded-facade-max4m:11145:0:4"],"receiver_count":23,"periods":{"D":{"min":73.88585,"max":86.11711,"receiver_count":23,"unavailable_count":0},"E":{"min":71.66736,"max":83.89863,"receiver_count":23,"unavailable_count":0},"N":{"min":66.89615,"max":79.12741,"receiver_count":23,"unavailable_count":0}}}},{"type":"Feature","id":"lariac:387775884785","geometry":{"type":"Polygon","coordinates":[[[-118.57482272648495,34.17021157404116],[-118.57492996343727,34.170170326135626],[-118.57495216687998,34.17021157716168],[-118.57500947808684,34.17019025538904],[-118.57498791201411,34.17015021031521],[-118.57500192647564,34.170144977825515],[-118.57493602159832,34.170022542172894],[-118.57486380548214,34.17004940263713],[-118.5748435119393,34.170011742387054],[-118.57489818557863,34.16999142310103],[-118.57483646719355,34.169876798315656],[-118.5746767574539,34.169936283139585],[-118.57473640738357,34.17004871986889],[-118.57477747506113,34.170033407572],[-118.57479853909793,34.170072548114355],[-118.57475739032684,34.17008805734063],[-118.57482272648495,34.17021157404116]]]},"properties":{"building_pk":11163,"building_key":"lariac:387775884785","source_tile":"r02-c02","source_tile_ids":["r02-c02"],"source_bld_id":"387775884785","height_m":9.656,"receiver_ids":[153204,153205,153206,153207,153208,153209,153210,153211,153212,153213,153214,153215,153216,153217,153218,153219,153220,153221,153222,153223,153224,153225,153226,153227,153228,153229,153230,153231,153232],"receiver_keys":["r02-c02:expanded-facade-max4m:11163:0:1","r02-c02:expanded-facade-max4m:11163:0:10","r02-c02:expanded-facade-max4m:11163:0:11","r02-c02:expanded-facade-max4m:11163:0:12","r02-c02:expanded-facade-max4m:11163:0:15","r02-c02:expanded-facade-max4m:11163:0:16","r02-c02:expanded-facade-max4m:11163:0:17","r02-c02:expanded-facade-max4m:11163:0:18","r02-c02:expanded-facade-max4m:11163:0:19","r02-c02:expanded-facade-max4m:11163:0:2","r02-c02:expanded-facade-max4m:11163:0:20","r02-c02:expanded-facade-max4m:11163:0:21","r02-c02:expanded-facade-max4m:11163:0:22","r02-c02:expanded-facade-max4m:11163:0:23","r02-c02:expanded-facade-max4m:11163:0:24","r02-c02:expanded-facade-max4m:11163:0:25","r02-c02:expanded-facade-max4m:11163:0:26","r02-c02:expanded-facade-max4m:11163:0:27","r02-c02:expanded-facade-max4m:11163:0:28","r02-c02:expanded-facade-max4m:11163:0:29","r02-c02:expanded-facade-max4m:11163:0:30","r02-c02:expanded-facade-max4m:11163:0:31","r02-c02:expanded-facade-max4m:11163:0:32","r02-c02:expanded-facade-max4m:11163:0:33","r02-c02:expanded-facade-max4m:11163:0:4","r02-c02:expanded-facade-max4m:11163:0:5","r02-c02:expanded-facade-max4m:11163:0:6","r02-c02:expanded-facade-max4m:11163:0:8","r02-c02:expanded-facade-max4m:11163:0:9"],"receiver_count":29,"periods":{"D":{"min":57.993782,"max":83.64882,"receiver_count":29,"unavailable_count":0},"E":{"min":55.775295,"max":81.430336,"receiver_count":29,"unavailable_count":0},"N":{"min":51.004086,"max":76.65912,"receiver_count":29,"unavailable_count":0}}}},{"type":"Feature","id":"lariac:387638885223","geometry":{"type":"Polygon","coordinates":[[[-118.57540626043424,34.17120732257695],[-118.57527793567749,34.17125772543677],[-118.57526626232107,34.17123799565271],[-118.575221294018,34.1712563459423],[-118.57530445238363,34.17139713867707],[-118.5753427601736,34.171381512960615],[-118.57534670773718,34.17138819897246],[-118.57537871932821,34.17137513113216],[-118.57537487287668,34.17136863757096],[-118.57540296131047,34.171357154374],[-118.5754066412058,34.17136340260494],[-118.5754806206658,34.17133320762872],[-118.57540626043424,34.17120732257695]]]},"properties":{"building_pk":16319,"building_key":"lariac:387638885223","source_tile":"r02-c02","source_tile_ids":["r02-c02"],"source_bld_id":"387638885223","height_m":4.593,"receiver_ids":[156029,156030,156031,156032,156033,156034,156035,156036,156037,156038,156039,156040,156041,156042,156043],"receiver_keys":["r02-c02:expanded-facade-max4m:16319:0:1","r02-c02:expanded-facade-max4m:16319:0:10","r02-c02:expanded-facade-max4m:16319:0:11","r02-c02:expanded-facade-max4m:16319:0:12","r02-c02:expanded-facade-max4m:16319:0:13","r02-c02:expanded-facade-max4m:16319:0:14","r02-c02:expanded-facade-max4m:16319:0:15","r02-c02:expanded-facade-max4m:16319:0:16","r02-c02:expanded-facade-max4m:16319:0:2","r02-c02:expanded-facade-max4m:16319:0:3","r02-c02:expanded-facade-max4m:16319:0:5","r02-c02:expanded-facade-max4m:16319:0:6","r02-c02:expanded-facade-max4m:16319:0:7","r02-c02:expanded-facade-max4m:16319:0:8","r02-c02:expanded-facade-max4m:16319:0:9"],"receiver_count":15,"periods":{"D":{"min":71.77341,"max":82.574715,"receiver_count":15,"unavailable_count":0},"E":{"min":69.55492,"max":80.35623,"receiver_count":15,"unavailable_count":0},"N":{"min":64.78371,"max":75.585014,"receiver_count":15,"unavailable_count":0}}}},{"type":"Feature","id":"lariac:388694886024","geometry":{"type":"Polygon","coordinates":[[[-118.57192550663191,34.17350309273471],[-118.57198909292254,34.17349006850068],[-118.57196997224068,34.17342561100352],[-118.57177828755758,34.17346490522498],[-118.57180681558128,34.173561057170495],[-118.5718245123788,34.1735574295215],[-118.57184478263325,34.173625673504645],[-118.57195518576721,34.1736030581478],[-118.57192550663191,34.17350309273471]]]},"properties":{"building_pk":16607,"building_key":"lariac:388694886024","source_tile":"r02-c02","source_tile_ids":["r02-c02"],"source_bld_id":"388694886024","height_m":4.282,"receiver_ids":[156391,156392,156393,156394,156395,156396,156397,156398,156399,156400,156408],"receiver_keys":["r02-c02:expanded-facade-max4m:16607:0:1","r02-c02:expanded-facade-max4m:16607:0:10","r02-c02:expanded-facade-max4m:16607:0:19","r02-c02:expanded-facade-max4m:16607:0:2","r02-c02:expanded-facade-max4m:16607:0:3","r02-c02:expanded-facade-max4m:16607:0:4","r02-c02:expanded-facade-max4m:16607:0:5","r02-c02:expanded-facade-max4m:16607:0:6","r02-c02:expanded-facade-max4m:16607:0:7","r02-c02:expanded-facade-max4m:16607:0:8","r02-c02:expanded-facade-max4m:16607:0:9"],"receiver_count":11,"periods":{"D":{"min":57.117264,"max":72.057495,"receiver_count":11,"unavailable_count":0},"E":{"min":54.898777,"max":69.83901,"receiver_count":11,"unavailable_count":0},"N":{"min":50.127563,"max":65.067795,"receiver_count":11,"unavailable_count":0}}}},{"type":"Feature","id":"lariac:389096885986","geometry":{"type":"Polygon","coordinates":[[[-118.57064694028642,34.17350033885592],[-118.5706455940392,34.1734485469336],[-118.57062447143576,34.173448948618116],[-118.57062200404762,34.17335402034726],[-118.57069218427444,34.1733527542866],[-118.57069038908294,34.17328351597909],[-118.57051029400772,34.17328675570327],[-118.57051262451697,34.173376271744665],[-118.57049516965806,34.17337657406353],[-118.57049646680267,34.173426113257435],[-118.57041951035718,34.17342752025289],[-118.57041852233718,34.17338941119225],[-118.57035815938953,34.17339049285757],[-118.57035869500393,34.17341079763487],[-118.57034988585319,34.17341820390235],[-118.57034999202459,34.1734337559562],[-118.57035874755444,34.173442645369335],[-118.5703631443546,34.17344256963874],[-118.5703650308002,34.17350106380665],[-118.57049573530422,34.17349816729177],[-118.57049590534392,34.17350368935499],[-118.57064694028642,34.17350033885592]]]},"properties":{"building_pk":16635,"building_key":"lariac:389096885986","source_tile":"r02-c02","source_tile_ids":["r02-c02"],"source_bld_id":"389096885986","height_m":5.075,"receiver_ids":[156449,156450,156451,156452,156453,156454,156455,156456,156457,156458,156459,156460,156461,156462,156463,156464,156465,156466,156467,156468,156469,156470,156471,156472,156473,156474,156475,156476],"receiver_keys":["r02-c02:expanded-facade-max4m:16635:0:1","r02-c02:expanded-facade-max4m:16635:0:10","r02-c02:expanded-facade-max4m:16635:0:11","r02-c02:expanded-facade-max4m:16635:0:12","r02-c02:expanded-facade-max4m:16635:0:13","r02-c02:expanded-facade-max4m:16635:0:14","r02-c02:expanded-facade-max4m:16635:0:15","r02-c02:expanded-facade-max4m:16635:0:16","r02-c02:expanded-facade-max4m:16635:0:18","r02-c02:expanded-facade-max4m:16635:0:2","r02-c02:expanded-facade-max4m:16635:0:20","r02-c02:expanded-facade-max4m:16635:0:21","r02-c02:expanded-facade-max4m:16635:0:22","r02-c02:expanded-facade-max4m:16635:0:23","r02-c02:expanded-facade-max4m:16635:0:24","r02-c02:expanded-facade-max4m:16635:0:25","r02-c02:expanded-facade-max4m:16635:0:26","r02-c02:expanded-facade-max4m:16635:0:27","r02-c02:expanded-facade-max4m:16635:0:28","r02-c02:expanded-facade-max4m:16635:0:29","r02-c02:expanded-facade-max4m:16635:0:3","r02-c02:expanded-facade-max4m:16635:0:30","r02-c02:expanded-facade-max4m:16635:0:31","r02-c02:expanded-facade-max4m:16635:0:4","r02-c02:expanded-facade-max4m:16635:0:6","r02-c02:expanded-facade-max4m:16635:0:7","r02-c02:expanded-facade-max4m:16635:0:8","r02-c02:expanded-facade-max4m:16635:0:9"],"receiver_count":28,"periods":{"D":{"min":68.89576,"max":76.03727,"receiver_count":28,"unavailable_count":0},"E":{"min":66.67728,"max":73.81879,"receiver_count":28,"unavailable_count":0},"N":{"min":61.90606,"max":69.04757,"receiver_count":28,"unavailable_count":0}}}},{"type":"Feature","id":"lariac:389269883940","geometry":{"type":"Polygon","coordinates":[[[-118.56983331202848,34.16778221945174],[-118.56987320520693,34.167858395930075],[-118.56985681484902,34.1678643269005],[-118.5698910801103,34.16792970323993],[-118.56993157714267,34.16791503086693],[-118.56997086697686,34.16799002823193],[-118.57006290780694,34.167956701509304],[-118.5700887325498,34.16800598804058],[-118.57014902455144,34.16800493387233],[-118.5701907206058,34.16798668383786],[-118.57014383352337,34.16791273840393],[-118.57012306255595,34.16792091507704],[-118.57010131369108,34.16788273981296],[-118.57005937484388,34.1678992599947],[-118.57005546036454,34.16789240867463],[-118.57009753006794,34.167875832883006],[-118.57004650455562,34.167786353467434],[-118.57000449148875,34.16780152797352],[-118.56998040803565,34.167755476074994],[-118.56992592793648,34.16777518819098],[-118.56992100492702,34.167765813687545],[-118.56991018775163,34.167769739507904],[-118.56990345553545,34.16775685570155],[-118.56983331202848,34.16778221945174]]]},"properties":{"building_pk":16637,"building_key":"lariac:389269883940","source_tile":"r02-c02","source_tile_ids":["r02-c02"],"source_bld_id":"389269883940","height_m":8.376,"receiver_ids":[156477,156478,156479,156480,156481,156482,156483,156484,156485,156486,156487,156488,156489,156490,156491,156492],"receiver_keys":["r02-c02:expanded-facade-max4m:16637:0:10","r02-c02:expanded-facade-max4m:16637:0:12","r02-c02:expanded-facade-max4m:16637:0:13","r02-c02:expanded-facade-max4m:16637:0:14","r02-c02:expanded-facade-max4m:16637:0:15","r02-c02:expanded-facade-max4m:16637:0:16","r02-c02:expanded-facade-max4m:16637:0:17","r02-c02:expanded-facade-max4m:16637:0:18","r02-c02:expanded-facade-max4m:16637:0:22","r02-c02:expanded-facade-max4m:16637:0:23","r02-c02:expanded-facade-max4m:16637:0:24","r02-c02:expanded-facade-max4m:16637:0:26","r02-c02:expanded-facade-max4m:16637:0:27","r02-c02:expanded-facade-max4m:16637:0:7","r02-c02:expanded-facade-max4m:16637:0:8","r02-c02:expanded-facade-max4m:16637:0:9"],"receiver_count":16,"periods":{"D":{"min":50.318573,"max":67.1899,"receiver_count":16,"unavailable_count":0},"E":{"min":48.100086,"max":64.97142,"receiver_count":16,"unavailable_count":0},"N":{"min":43.328873,"max":60.200203,"receiver_count":16,"unavailable_count":0}}}},{"type":"Feature","id":"lariac:387786885274","geometry":{"type":"Polygon","coordinates":[[[-118.57497558395777,34.17147663321003],[-118.57492685638589,34.171390690666634],[-118.57478877179528,34.1714447933667],[-118.57482581902613,34.17151015511335],[-118.57478625305635,34.17152564961053],[-118.57482587713342,34.17159553298123],[-118.57490217368611,34.171565630266244],[-118.57487422998926,34.171516355716435],[-118.57497558395777,34.17147663321003]]]},"properties":{"building_pk":16943,"building_key":"lariac:387786885274","source_tile":"r02-c02","source_tile_ids":["r02-c02"],"source_bld_id":"387786885274","height_m":2.734,"receiver_ids":[156832,156833,156834,156835,156836,156837,156838,156839,156840,156841,156842,156843,156844,156845,156846,156847],"receiver_keys":["r02-c02:expanded-facade-max4m:16943:0:1","r02-c02:expanded-facade-max4m:16943:0:10","r02-c02:expanded-facade-max4m:16943:0:11","r02-c02:expanded-facade-max4m:16943:0:12","r02-c02:expanded-facade-max4m:16943:0:13","r02-c02:expanded-facade-max4m:16943:0:14","r02-c02:expanded-facade-max4m:16943:0:15","r02-c02:expanded-facade-max4m:16943:0:17","r02-c02:expanded-facade-max4m:16943:0:18","r02-c02:expanded-facade-max4m:16943:0:2","r02-c02:expanded-facade-max4m:16943:0:3","r02-c02:expanded-facade-max4m:16943:0:4","r02-c02:expanded-facade-max4m:16943:0:5","r02-c02:expanded-facade-max4m:16943:0:6","r02-c02:expanded-facade-max4m:16943:0:7","r02-c02:expanded-facade-max4m:16943:0:8"],"receiver_count":16,"periods":{"D":{"min":78.44299,"max":82.39116,"receiver_count":16,"unavailable_count":0},"E":{"min":76.2245,"max":80.17267,"receiver_count":16,"unavailable_count":0},"N":{"min":71.45329,"max":75.40146,"receiver_count":16,"unavailable_count":0}}}},{"type":"Feature","id":"lariac:388233885691","geometry":{"type":"Polygon","coordinates":[[[-118.57354848272152,34.17260189402877],[-118.57349909545796,34.17251611812272],[-118.5733837298853,34.17256200567172],[-118.57335552417764,34.17251303493459],[-118.57327401955176,34.17254543429433],[-118.57335157979107,34.17268018119127],[-118.57354848272152,34.17260189402877]]]},"properties":{"building_pk":17590,"building_key":"lariac:388233885691","source_tile":"r02-c02","source_tile_ids":["r02-c02"],"source_bld_id":"388233885691","height_m":4.301,"receiver_ids":[157542,157543,157544,157545,157546,157547,157548,157549,157550,157551,157552,157553,157554,157555,157556,157557,157558,157559,157560],"receiver_keys":["r02-c02:expanded-facade-max4m:17590:0:1","r02-c02:expanded-facade-max4m:17590:0:10","r02-c02:expanded-facade-max4m:17590:0:11","r02-c02:expanded-facade-max4m:17590:0:12","r02-c02:expanded-facade-max4m:17590:0:13","r02-c02:expanded-facade-max4m:17590:0:14","r02-c02:expanded-facade-max4m:17590:0:15","r02-c02:expanded-facade-max4m:17590:0:16","r02-c02:expanded-facade-max4m:17590:0:17","r02-c02:expanded-facade-max4m:17590:0:18","r02-c02:expanded-facade-max4m:17590:0:19","r02-c02:expanded-facade-max4m:17590:0:2","r02-c02:expanded-facade-max4m:17590:0:3","r02-c02:expanded-facade-max4m:17590:0:4","r02-c02:expanded-facade-max4m:17590:0:5","r02-c02:expanded-facade-max4m:17590:0:6","r02-c02:expanded-facade-max4m:17590:0:7","r02-c02:expanded-facade-max4m:17590:0:8","r02-c02:expanded-facade-max4m:17590:0:9"],"receiver_count":19,"periods":{"D":{"min":74.788216,"max":76.98605,"receiver_count":19,"unavailable_count":0},"E":{"min":72.569725,"max":74.76756,"receiver_count":19,"unavailable_count":0},"N":{"min":67.798515,"max":69.99635,"receiver_count":19,"unavailable_count":0}}}},{"type":"Feature","id":"lariac:389432885191","geometry":{"type":"Polygon","coordinates":[[[-118.56932085495548,34.17120611726872],[-118.56936021007733,34.17128083956133],[-118.56937004074031,34.17127771630425],[-118.56941557065096,34.171365929076586],[-118.56950955265778,34.17133069860451],[-118.5694632820038,34.17124537339792],[-118.56953329039924,34.17121915855177],[-118.56949153886077,34.17114216669118],[-118.56932085495548,34.17120611726872]]]},"properties":{"building_pk":17708,"building_key":"lariac:389432885191","source_tile":"r02-c02","source_tile_ids":["r02-c02"],"source_bld_id":"389432885191","height_m":4.41,"receiver_ids":[157612,157613,157614,157615,157616,157617,157618,157619,157620,157621,157622,157623,157624,157625,157626,157627,157628],"receiver_keys":["r02-c02:expanded-facade-max4m:17708:0:1","r02-c02:expanded-facade-max4m:17708:0:10","r02-c02:expanded-facade-max4m:17708:0:12","r02-c02:expanded-facade-max4m:17708:0:13","r02-c02:expanded-facade-max4m:17708:0:14","r02-c02:expanded-facade-max4m:17708:0:15","r02-c02:expanded-facade-max4m:17708:0:16","r02-c02:expanded-facade-max4m:17708:0:17","r02-c02:expanded-facade-max4m:17708:0:18","r02-c02:expanded-facade-max4m:17708:0:19","r02-c02:expanded-facade-max4m:17708:0:2","r02-c02:expanded-facade-max4m:17708:0:4","r02-c02:expanded-facade-max4m:17708:0:5","r02-c02:expanded-facade-max4m:17708:0:6","r02-c02:expanded-facade-max4m:17708:0:7","r02-c02:expanded-facade-max4m:17708:0:8","r02-c02:expanded-facade-max4m:17708:0:9"],"receiver_count":17,"periods":{"D":{"min":73.5936,"max":76.52296,"receiver_count":17,"unavailable_count":0},"E":{"min":71.375114,"max":74.304474,"receiver_count":17,"unavailable_count":0},"N":{"min":66.6039,"max":69.53326,"receiver_count":17,"unavailable_count":0}}}},{"type":"Feature","id":"lariac:387015884066","geometry":{"type":"Polygon","coordinates":[[[-118.5773804319743,34.16816022982768],[-118.57743906763514,34.16813466871661],[-118.57741190387354,34.16808844095753],[-118.57735243209858,34.168112604144284],[-118.5773804319743,34.16816022982768]]]},"properties":{"building_pk":17819,"building_key":"lariac:387015884066","source_tile":"r02-c02","source_tile_ids":["r02-c02"],"source_bld_id":"387015884066","height_m":2.847,"receiver_ids":[157787,157788,157789,157790,157791,157792],"receiver_keys":["r02-c02:expanded-facade-max4m:17819:0:1","r02-c02:expanded-facade-max4m:17819:0:2","r02-c02:expanded-facade-max4m:17819:0:3","r02-c02:expanded-facade-max4m:17819:0:4","r02-c02:expanded-facade-max4m:17819:0:5","r02-c02:expanded-facade-max4m:17819:0:6"],"receiver_count":6,"periods":{"D":{"min":56.3099,"max":63.80512,"receiver_count":6,"unavailable_count":0},"E":{"min":54.091408,"max":61.58663,"receiver_count":6,"unavailable_count":0},"N":{"min":49.320198,"max":56.81542,"receiver_count":6,"unavailable_count":0}}}},{"type":"Feature","id":"lariac:386996885001","geometry":{"type":"Polygon","coordinates":[[[-118.57752735431859,34.17072948896549],[-118.57756264897967,34.17077531995873],[-118.5776324771428,34.17073788965174],[-118.5775820078526,34.17067286783383],[-118.57757663943626,34.17067577932077],[-118.57755739316526,34.17065111209806],[-118.57757234659277,34.17064301692663],[-118.57752288014116,34.17057963922169],[-118.57747258471936,34.17060675357083],[-118.57747505236388,34.17060990170408],[-118.57742479053758,34.170637016774315],[-118.57742168793001,34.170633019711424],[-118.5773619068274,34.17066526312056],[-118.57738392052612,34.17069346113631],[-118.57737239239245,34.17069967192863],[-118.57743466799113,34.17077944895016],[-118.57752735431859,34.17072948896549]]]},"properties":{"building_pk":17882,"building_key":"lariac:386996885001","source_tile":"r02-c02","source_tile_ids":["r02-c02"],"source_bld_id":"386996885001","height_m":3.975,"receiver_ids":[157894,157895,157896,157897,157898,157899,157900,157901,157902,157903,157904,157905,157906,157907,157908,157909,157910,157911,157912],"receiver_keys":["r02-c02:expanded-facade-max4m:17882:0:1","r02-c02:expanded-facade-max4m:17882:0:10","r02-c02:expanded-facade-max4m:17882:0:11","r02-c02:expanded-facade-max4m:17882:0:12","r02-c02:expanded-facade-max4m:17882:0:14","r02-c02:expanded-facade-max4m:17882:0:15","r02-c02:expanded-facade-max4m:17882:0:17","r02-c02:expanded-facade-max4m:17882:0:18","r02-c02:expanded-facade-max4m:17882:0:19","r02-c02:expanded-facade-max4m:17882:0:2","r02-c02:expanded-facade-max4m:17882:0:20","r02-c02:expanded-facade-max4m:17882:0:21","r02-c02:expanded-facade-max4m:17882:0:3","r02-c02:expanded-facade-max4m:17882:0:4","r02-c02:expanded-facade-max4m:17882:0:5","r02-c02:expanded-facade-max4m:17882:0:6","r02-c02:expanded-facade-max4m:17882:0:7","r02-c02:expanded-facade-max4m:17882:0:8","r02-c02:expanded-facade-max4m:17882:0:9"],"receiver_count":19,"periods":{"D":{"min":70.975174,"max":80.922226,"receiver_count":19,"unavailable_count":0},"E":{"min":68.75669,"max":78.70374,"receiver_count":19,"unavailable_count":0},"N":{"min":63.985474,"max":73.932526,"receiver_count":19,"unavailable_count":0}}}},{"type":"Feature","id":"lariac:386643885291","geometry":{"type":"Polygon","coordinates":[[[-118.57866009454084,34.17141742569405],[-118.5786779941638,34.17141468769658],[-118.57866495836701,34.17135356218025],[-118.57861360131844,34.1713586447053],[-118.5786040602187,34.171345425916265],[-118.57845266911961,34.17142081164459],[-118.57849566477947,34.17148045507551],[-118.57855691249594,34.17144993505725],[-118.57860978889359,34.1715232716321],[-118.5787030290585,34.171476990008514],[-118.57866009454084,34.17141742569405]]]},"properties":{"building_pk":18089,"building_key":"lariac:386643885291","source_tile":"r02-c02","source_tile_ids":["r02-c02"],"source_bld_id":"386643885291","height_m":3.322,"receiver_ids":[158087],"receiver_keys":["r02-c02:expanded-facade-max4m:18089:0:9"],"receiver_count":1,"periods":{"D":{"min":61.263256,"max":61.263256,"receiver_count":1,"unavailable_count":0},"E":{"min":59.044765,"max":59.044765,"receiver_count":1,"unavailable_count":0},"N":{"min":54.273556,"max":54.273556,"receiver_count":1,"unavailable_count":0}}}},{"type":"Feature","id":"lariac:201700285361","geometry":{"type":"Polygon","coordinates":[[[-118.57607957052622,34.17161463933234],[-118.5760889352316,34.17164149863919],[-118.57618630853257,34.17161804263098],[-118.57617719056329,34.17159189167222],[-118.5762355319941,34.17157783898245],[-118.57618622860383,34.171436437513414],[-118.57610661444564,34.17145561493275],[-118.57612512251754,34.171508696301665],[-118.57599067424695,34.17154108195488],[-118.57599270135165,34.17154688456299],[-118.57595373774961,34.17155626950575],[-118.57598673770741,34.171631188526845],[-118.57601851977886,34.17162353268563],[-118.57602038983106,34.17162889518564],[-118.57607957052622,34.17161463933234]]]},"properties":{"building_pk":19168,"building_key":"lariac:201700285361","source_tile":"r02-c02","source_tile_ids":["r02-c02"],"source_bld_id":"201700285361","height_m":3.392,"receiver_ids":[159501,159502,159503,159504,159505,159506,159507,159508,159509,159510,159511,159512,159513,159514,159515,159516,159517,159518,159519,159520],"receiver_keys":["r02-c02:expanded-facade-max4m:19168:0:1","r02-c02:expanded-facade-max4m:19168:0:10","r02-c02:expanded-facade-max4m:19168:0:11","r02-c02:expanded-facade-max4m:19168:0:12","r02-c02:expanded-facade-max4m:19168:0:13","r02-c02:expanded-facade-max4m:19168:0:14","r02-c02:expanded-facade-max4m:19168:0:15","r02-c02:expanded-facade-max4m:19168:0:16","r02-c02:expanded-facade-max4m:19168:0:17","r02-c02:expanded-facade-max4m:19168:0:18","r02-c02:expanded-facade-max4m:19168:0:19","r02-c02:expanded-facade-max4m:19168:0:2","r02-c02:expanded-facade-max4m:19168:0:20","r02-c02:expanded-facade-max4m:19168:0:22","r02-c02:expanded-facade-max4m:19168:0:3","r02-c02:expanded-facade-max4m:19168:0:4","r02-c02:expanded-facade-max4m:19168:0:5","r02-c02:expanded-facade-max4m:19168:0:6","r02-c02:expanded-facade-max4m:19168:0:7","r02-c02:expanded-facade-max4m:19168:0:8"],"receiver_count":20,"periods":{"D":{"min":72.2795,"max":73.49075,"receiver_count":20,"unavailable_count":0},"E":{"min":70.06101,"max":71.27226,"receiver_count":20,"unavailable_count":0},"N":{"min":65.2898,"max":66.50105,"receiver_count":20,"unavailable_count":0}}}},{"type":"Feature","id":"lariac:387904884461","geometry":{"type":"Polygon","coordinates":[[[-118.57447059833461,34.169242779795354],[-118.57448241334254,34.16922071244039],[-118.57444960101716,34.16920855771195],[-118.57443775237982,34.169230625223435],[-118.57447059833461,34.169242779795354]]]},"properties":{"building_pk":23224,"building_key":"lariac:387904884461","source_tile":"r02-c02","source_tile_ids":["r02-c02"],"source_bld_id":"387904884461","height_m":3.213,"receiver_ids":[160912,160913,160914,160915],"receiver_keys":["r02-c02:expanded-facade-max4m:23224:0:1","r02-c02:expanded-facade-max4m:23224:0:2","r02-c02:expanded-facade-max4m:23224:0:3","r02-c02:expanded-facade-max4m:23224:0:4"],"receiver_count":4,"periods":{"D":{"min":63.07645,"max":63.982567,"receiver_count":4,"unavailable_count":0},"E":{"min":60.857964,"max":61.76408,"receiver_count":4,"unavailable_count":0},"N":{"min":56.08675,"max":56.992867,"receiver_count":4,"unavailable_count":0}}}},{"type":"Feature","id":"lariac:387565884583","geometry":{"type":"Polygon","coordinates":[[[-118.57571696047314,34.1695662177503],[-118.57566865079225,34.16947381484926],[-118.57561595270988,34.16949286201745],[-118.57559387590916,34.16945064856139],[-118.57542664644245,34.16951104737694],[-118.57549699883693,34.169645635164166],[-118.57571696047314,34.1695662177503]]]},"properties":{"building_pk":24007,"building_key":"lariac:387565884583","source_tile":"r02-c02","source_tile_ids":["r02-c02"],"source_bld_id":"387565884583","height_m":10.186,"receiver_ids":[161767,161768,161769,161770,161771,161772,161773,161774,161775,161776,161777,161778,161779,161780,161781,161782,161783,161784,161785],"receiver_keys":["r02-c02:expanded-facade-max4m:24007:0:1","r02-c02:expanded-facade-max4m:24007:0:10","r02-c02:expanded-facade-max4m:24007:0:11","r02-c02:expanded-facade-max4m:24007:0:12","r02-c02:expanded-facade-max4m:24007:0:13","r02-c02:expanded-facade-max4m:24007:0:14","r02-c02:expanded-facade-max4m:24007:0:15","r02-c02:expanded-facade-max4m:24007:0:16","r02-c02:expanded-facade-max4m:24007:0:17","r02-c02:expanded-facade-max4m:24007:0:18","r02-c02:expanded-facade-max4m:24007:0:19","r02-c02:expanded-facade-max4m:24007:0:2","r02-c02:expanded-facade-max4m:24007:0:20","r02-c02:expanded-facade-max4m:24007:0:3","r02-c02:expanded-facade-max4m:24007:0:4","r02-c02:expanded-facade-max4m:24007:0:6","r02-c02:expanded-facade-max4m:24007:0:7","r02-c02:expanded-facade-max4m:24007:0:8","r02-c02:expanded-facade-max4m:24007:0:9"],"receiver_count":19,"periods":{"D":{"min":57.70166,"max":74.920456,"receiver_count":19,"unavailable_count":0},"E":{"min":55.483173,"max":72.701965,"receiver_count":19,"unavailable_count":0},"N":{"min":50.71196,"max":67.930756,"receiver_count":19,"unavailable_count":0}}}},{"type":"Feature","id":"lariac:387085885539","geometry":{"type":"Polygon","coordinates":[[[-118.57719180966097,34.17230638832237],[-118.57729079588366,34.1722731338468],[-118.57720688581745,34.172100608038484],[-118.57718471995902,34.17210805060906],[-118.57715842760106,34.172054041895365],[-118.57708091371902,34.172080077002356],[-118.57708903065085,34.17209677365695],[-118.57706472105602,34.17210494045921],[-118.57707756546692,34.17213128723718],[-118.57710203954635,34.17212306375156],[-118.57712779626814,34.17217600309623],[-118.57708956708454,34.17218888109253],[-118.57711790647333,34.17224716690106],[-118.5771566627567,34.172234121397494],[-118.57719180966097,34.17230638832237]]]},"properties":{"building_pk":24068,"building_key":"lariac:387085885539","source_tile":"r02-c02","source_tile_ids":["r02-c02"],"source_bld_id":"387085885539","height_m":3.749,"receiver_ids":[161986,161987,161988,161989,161990,161991,161992,161993,161994,161995,161996],"receiver_keys":["r02-c02:expanded-facade-max4m:24068:0:10","r02-c02:expanded-facade-max4m:24068:0:11","r02-c02:expanded-facade-max4m:24068:0:12","r02-c02:expanded-facade-max4m:24068:0:14","r02-c02:expanded-facade-max4m:24068:0:16","r02-c02:expanded-facade-max4m:24068:0:17","r02-c02:expanded-facade-max4m:24068:0:18","r02-c02:expanded-facade-max4m:24068:0:5","r02-c02:expanded-facade-max4m:24068:0:6","r02-c02:expanded-facade-max4m:24068:0:7","r02-c02:expanded-facade-max4m:24068:0:8"],"receiver_count":11,"periods":{"D":{"min":52.32222,"max":54.162106,"receiver_count":11,"unavailable_count":0},"E":{"min":50.10373,"max":51.943615,"receiver_count":11,"unavailable_count":0},"N":{"min":45.33252,"max":47.172405,"receiver_count":11,"unavailable_count":0}}}},{"type":"Feature","id":"lariac:389268884376","geometry":{"type":"Polygon","coordinates":[[[-118.5700811124131,34.169050094253336],[-118.57008104403124,34.16897235524841],[-118.56982618988413,34.16897248536971],[-118.56982622312515,34.16905019568985],[-118.5700811124131,34.169050094253336]]]},"properties":{"building_pk":24316,"building_key":"lariac:389268884376","source_tile":"r02-c02","source_tile_ids":["r02-c02"],"source_bld_id":"389268884376","height_m":5.121,"receiver_ids":[162259,162260,162261,162262,162263,162264,162265,162266,162267,162268,162269,162270],"receiver_keys":["r02-c02:expanded-facade-max4m:24316:0:1","r02-c02:expanded-facade-max4m:24316:0:13","r02-c02:expanded-facade-max4m:24316:0:14","r02-c02:expanded-facade-max4m:24316:0:15","r02-c02:expanded-facade-max4m:24316:0:16","r02-c02:expanded-facade-max4m:24316:0:17","r02-c02:expanded-facade-max4m:24316:0:2","r02-c02:expanded-facade-max4m:24316:0:3","r02-c02:expanded-facade-max4m:24316:0:4","r02-c02:expanded-facade-max4m:24316:0:5","r02-c02:expanded-facade-max4m:24316:0:6","r02-c02:expanded-facade-max4m:24316:0:7"],"receiver_count":12,"periods":{"D":{"min":58.961754,"max":69.109436,"receiver_count":12,"unavailable_count":0},"E":{"min":56.743267,"max":66.89095,"receiver_count":12,"unavailable_count":0},"N":{"min":51.972054,"max":62.11974,"receiver_count":12,"unavailable_count":0}}}},{"type":"Feature","id":"lariac:387336884593","geometry":{"type":"Polygon","coordinates":[[[-118.57634262912012,34.169194301681664],[-118.57613691919701,34.169269036430826],[-118.57610603313321,34.16925832896916],[-118.57604874647623,34.16927835923418],[-118.57605863463691,34.16929796041088],[-118.57602796339751,34.169308658198695],[-118.57610770050597,34.1694664761277],[-118.57608771442868,34.169473468161236],[-118.57610986900904,34.16951732918278],[-118.57614140924997,34.16952709952629],[-118.57617223531638,34.16958193791051],[-118.57616224788728,34.169610234517535],[-118.57619051460443,34.1696630791528],[-118.57621033358345,34.169655757933],[-118.57626335694265,34.169751023104645],[-118.57645371667981,34.16967921921656],[-118.57648898013827,34.1696919116614],[-118.57655331040539,34.16966745077046],[-118.57654323360222,34.1696491424473],[-118.57657676704125,34.16963636994979],[-118.57645737894855,34.16941944129392],[-118.57647165262816,34.169389558245285],[-118.57645675047733,34.16935712135981],[-118.57644317028426,34.16934383150252],[-118.57642361485583,34.16935082244059],[-118.57634262912012,34.169194301681664]],[[-118.57627112355031,34.16934319548973],[-118.57634796204773,34.169488138582956],[-118.57630400433071,34.1695042315021],[-118.57628842873824,34.16947479273911],[-118.57625640892074,34.16948654190241],[-118.57625329314274,34.169480620975015],[-118.57626208494743,34.1694659605221],[-118.57623859073436,34.169419577076866],[-118.5762226611773,34.169425148801686],[-118.57619470902094,34.16936993882371],[-118.57627112355031,34.16934319548973]]]},"properties":{"building_pk":24330,"building_key":"lariac:387336884593","source_tile":"r02-c02","source_tile_ids":["r02-c02"],"source_bld_id":"387336884593","height_m":17.45,"receiver_ids":[162300,162301,162302,162303,162304,162305,162306,162307,162308,162309,162310,162311,162312,162313,162314,162315,162316,162317,162318,162319,162320,162321,162322,162323,162324,162325,162326,162327,162328,162329,162330,162331,162332,162333,162334,162335,162336,162337,162338,162339,162340,162341],"receiver_keys":["r02-c02:expanded-facade-max4m:24330:0:1","r02-c02:expanded-facade-max4m:24330:0:10","r02-c02:expanded-facade-max4m:24330:0:11","r02-c02:expanded-facade-max4m:24330:0:12","r02-c02:expanded-facade-max4m:24330:0:13","r02-c02:expanded-facade-max4m:24330:0:17","r02-c02:expanded-facade-max4m:24330:0:18","r02-c02:expanded-facade-max4m:24330:0:2","r02-c02:expanded-facade-max4m:24330:0:21","r02-c02:expanded-facade-max4m:24330:0:22","r02-c02:expanded-facade-max4m:24330:0:23","r02-c02:expanded-facade-max4m:24330:0:24","r02-c02:expanded-facade-max4m:24330:0:25","r02-c02:expanded-facade-max4m:24330:0:26","r02-c02:expanded-facade-max4m:24330:0:27","r02-c02:expanded-facade-max4m:24330:0:28","r02-c02:expanded-facade-max4m:24330:0:29","r02-c02:expanded-facade-max4m:24330:0:3","r02-c02:expanded-facade-max4m:24330:0:30","r02-c02:expanded-facade-max4m:24330:0:31","r02-c02:expanded-facade-max4m:24330:0:32","r02-c02:expanded-facade-max4m:24330:0:33","r02-c02:expanded-facade-max4m:24330:0:34","r02-c02:expanded-facade-max4m:24330:0:35","r02-c02:expanded-facade-max4m:24330:0:36","r02-c02:expanded-facade-max4m:24330:0:37","r02-c02:expanded-facade-max4m:24330:0:38","r02-c02:expanded-facade-max4m:24330:0:39","r02-c02:expanded-facade-max4m:24330:0:4","r02-c02:expanded-facade-max4m:24330:0:40","r02-c02:expanded-facade-max4m:24330:0:41","r02-c02:expanded-facade-max4m:24330:0:42","r02-c02:expanded-facade-max4m:24330:0:43","r02-c02:expanded-facade-max4m:24330:0:44","r02-c02:expanded-facade-max4m:24330:0:45","r02-c02:expanded-facade-max4m:24330:0:46","r02-c02:expanded-facade-max4m:24330:0:47","r02-c02:expanded-facade-max4m:24330:0:5","r02-c02:expanded-facade-max4m:24330:0:6","r02-c02:expanded-facade-max4m:24330:0:7","r02-c02:expanded-facade-max4m:24330:0:8","r02-c02:expanded-facade-max4m:24330:0:9"],"receiver_count":42,"periods":{"D":{"min":65.48797,"max":84.35418,"receiver_count":42,"unavailable_count":0},"E":{"min":63.269478,"max":82.1357,"receiver_count":42,"unavailable_count":0},"N":{"min":58.49827,"max":77.36448,"receiver_count":42,"unavailable_count":0}}}},{"type":"Feature","id":"lariac:386993884416","geometry":{"type":"Polygon","coordinates":[[[-118.57781938023959,34.16915660201754],[-118.5778080785089,34.16911035354622],[-118.57792599585329,34.16908567733824],[-118.57782961933385,34.16890287894262],[-118.57774430671998,34.16891916998494],[-118.57774790071886,34.16893212244692],[-118.57756363762769,34.16896726947675],[-118.57755682302614,34.16894265287004],[-118.57737771150688,34.16897681306311],[-118.57738984262409,34.16909869637215],[-118.57744596852126,34.16922401996803],[-118.57748225358743,34.16921708601013],[-118.57748513543345,34.1692275968895],[-118.57781938023959,34.16915660201754]]]},"properties":{"building_pk":24368,"building_key":"lariac:386993884416","source_tile":"r02-c02","source_tile_ids":["r02-c02"],"source_bld_id":"386993884416","height_m":8.888,"receiver_ids":[162408,162409,162410,162411,162412,162413,162414,162415,162416,162417,162418,162419,162420,162421,162422,162423,162424,162425,162426,162427,162428,162429,162430,162431,162432,162433,162434,162435,162436,162437,162438,162439,162440,162441,162442],"receiver_keys":["r02-c02:expanded-facade-max4m:24368:0:1","r02-c02:expanded-facade-max4m:24368:0:10","r02-c02:expanded-facade-max4m:24368:0:11","r02-c02:expanded-facade-max4m:24368:0:12","r02-c02:expanded-facade-max4m:24368:0:13","r02-c02:expanded-facade-max4m:24368:0:14","r02-c02:expanded-facade-max4m:24368:0:15","r02-c02:expanded-facade-max4m:24368:0:16","r02-c02:expanded-facade-max4m:24368:0:18","r02-c02:expanded-facade-max4m:24368:0:19","r02-c02:expanded-facade-max4m:24368:0:20","r02-c02:expanded-facade-max4m:24368:0:21","r02-c02:expanded-facade-max4m:24368:0:22","r02-c02:expanded-facade-max4m:24368:0:23","r02-c02:expanded-facade-max4m:24368:0:24","r02-c02:expanded-facade-max4m:24368:0:25","r02-c02:expanded-facade-max4m:24368:0:26","r02-c02:expanded-facade-max4m:24368:0:27","r02-c02:expanded-facade-max4m:24368:0:28","r02-c02:expanded-facade-max4m:24368:0:29","r02-c02:expanded-facade-max4m:24368:0:3","r02-c02:expanded-facade-max4m:24368:0:31","r02-c02:expanded-facade-max4m:24368:0:32","r02-c02:expanded-facade-max4m:24368:0:33","r02-c02:expanded-facade-max4m:24368:0:34","r02-c02:expanded-facade-max4m:24368:0:35","r02-c02:expanded-facade-max4m:24368:0:36","r02-c02:expanded-facade-max4m:24368:0:37","r02-c02:expanded-facade-max4m:24368:0:38","r02-c02:expanded-facade-max4m:24368:0:4","r02-c02:expanded-facade-max4m:24368:0:5","r02-c02:expanded-facade-max4m:24368:0:6","r02-c02:expanded-facade-max4m:24368:0:7","r02-c02:expanded-facade-max4m:24368:0:8","r02-c02:expanded-facade-max4m:24368:0:9"],"receiver_count":35,"periods":{"D":{"min":65.6214,"max":83.85445,"receiver_count":35,"unavailable_count":0},"E":{"min":63.402912,"max":81.635956,"receiver_count":35,"unavailable_count":0},"N":{"min":58.6317,"max":76.864746,"receiver_count":35,"unavailable_count":0}}}},{"type":"Feature","id":"lariac:386834884930","geometry":{"type":"Polygon","coordinates":[[[-118.57802533019348,34.170598974028245],[-118.57800904051591,34.170538240843435],[-118.57803294590909,34.17053381268684],[-118.57804838542008,34.170591280026855],[-118.57813020399135,34.17057610536687],[-118.57812894822091,34.170571439561655],[-118.57816860303338,34.17056407818591],[-118.57815312943494,34.170506555128085],[-118.57812816789368,34.17051118128819],[-118.5781253511926,34.17050069805994],[-118.57815103847292,34.17049593139578],[-118.57813193386413,34.170424824078],[-118.57790916305035,34.1704661455742],[-118.57794866245912,34.170613189999564],[-118.57802533019348,34.170598974028245]]]},"properties":{"building_pk":24442,"building_key":"lariac:386834884930","source_tile":"r02-c02","source_tile_ids":["r02-c02"],"source_bld_id":"386834884930","height_m":4.02,"receiver_ids":[162483,162484,162485,162486,162487,162488,162489,162490,162491,162492,162493,162494,162495,162496,162497,162498,162499],"receiver_keys":["r02-c02:expanded-facade-max4m:24442:0:11","r02-c02:expanded-facade-max4m:24442:0:12","r02-c02:expanded-facade-max4m:24442:0:13","r02-c02:expanded-facade-max4m:24442:0:14","r02-c02:expanded-facade-max4m:24442:0:15","r02-c02:expanded-facade-max4m:24442:0:16","r02-c02:expanded-facade-max4m:24442:0:17","r02-c02:expanded-facade-max4m:24442:0:18","r02-c02:expanded-facade-max4m:24442:0:19","r02-c02:expanded-facade-max4m:24442:0:20","r02-c02:expanded-facade-max4m:24442:0:23","r02-c02:expanded-facade-max4m:24442:0:24","r02-c02:expanded-facade-max4m:24442:0:5","r02-c02:expanded-facade-max4m:24442:0:6","r02-c02:expanded-facade-max4m:24442:0:7","r02-c02:expanded-facade-max4m:24442:0:8","r02-c02:expanded-facade-max4m:24442:0:9"],"receiver_count":17,"periods":{"D":{"min":66.85097,"max":80.62318,"receiver_count":17,"unavailable_count":0},"E":{"min":64.63248,"max":78.404686,"receiver_count":17,"unavailable_count":0},"N":{"min":59.861263,"max":73.63348,"receiver_count":17,"unavailable_count":0}}}},{"type":"Feature","id":"lariac:389685885306","geometry":{"type":"Polygon","coordinates":[[[-118.56873160586785,34.1713883198673],[-118.56865503942771,34.17141822896404],[-118.56866839185287,34.171441852468725],[-118.5686284945211,34.17145742854476],[-118.56859713930056,34.171401985807684],[-118.56850072054596,34.17143384803299],[-118.56849137161704,34.171433971317505],[-118.56848138171758,34.171434103925286],[-118.5684820469973,34.17146875167946],[-118.56845765092571,34.171469086335186],[-118.56845794289356,34.17148282450826],[-118.56848171097079,34.17148249280465],[-118.56848212388942,34.1715042821075],[-118.56849153818219,34.171504518232865],[-118.56849217281722,34.17150453418195],[-118.56849215391279,34.17160329672114],[-118.56849177322701,34.17160330121533],[-118.56848107953135,34.17160345876847],[-118.56848219379046,34.17166025356947],[-118.56855363100873,34.17169822348179],[-118.56863680045402,34.17166741251042],[-118.56863515926187,34.17166437030067],[-118.56883717884311,34.171589501647084],[-118.5688328440271,34.17158114307749],[-118.56883267366949,34.17158081481491],[-118.56883320808807,34.17158060855196],[-118.56873160586785,34.1713883198673]]]},"properties":{"building_pk":24483,"building_key":"lariac:389685885306","source_tile":"r02-c02","source_tile_ids":["r02-c02"],"source_bld_id":"389685885306","height_m":7.087,"receiver_ids":[162579,162580,162581,162582,162583,162584,162585,162586,162587,162588,162589,162590,162591,162592,162593,162594,162595,162596,162597,162598,162599,162600,162601,162602,162603],"receiver_keys":["r02-c02:expanded-facade-max4m:24483:0:1","r02-c02:expanded-facade-max4m:24483:0:11","r02-c02:expanded-facade-max4m:24483:0:12","r02-c02:expanded-facade-max4m:24483:0:13","r02-c02:expanded-facade-max4m:24483:0:14","r02-c02:expanded-facade-max4m:24483:0:16","r02-c02:expanded-facade-max4m:24483:0:17","r02-c02:expanded-facade-max4m:24483:0:18","r02-c02:expanded-facade-max4m:24483:0:19","r02-c02:expanded-facade-max4m:24483:0:2","r02-c02:expanded-facade-max4m:24483:0:20","r02-c02:expanded-facade-max4m:24483:0:21","r02-c02:expanded-facade-max4m:24483:0:22","r02-c02:expanded-facade-max4m:24483:0:23","r02-c02:expanded-facade-max4m:24483:0:24","r02-c02:expanded-facade-max4m:24483:0:25","r02-c02:expanded-facade-max4m:24483:0:26","r02-c02:expanded-facade-max4m:24483:0:31","r02-c02:expanded-facade-max4m:24483:0:32","r02-c02:expanded-facade-max4m:24483:0:4","r02-c02:expanded-facade-max4m:24483:0:5","r02-c02:expanded-facade-max4m:24483:0:6","r02-c02:expanded-facade-max4m:24483:0:7","r02-c02:expanded-facade-max4m:24483:0:8","r02-c02:expanded-facade-max4m:24483:0:9"],"receiver_count":25,"periods":{"D":{"min":55.20415,"max":76.78758,"receiver_count":25,"unavailable_count":0},"E":{"min":52.985664,"max":74.56909,"receiver_count":25,"unavailable_count":0},"N":{"min":48.21445,"max":69.79788,"receiver_count":25,"unavailable_count":0}}}},{"type":"Feature","id":"lariac:386749884911","geometry":{"type":"Polygon","coordinates":[[[-118.57839572173289,34.170463132442215],[-118.57837275374429,34.170378442022816],[-118.57825448446562,34.170400468896354],[-118.57824895405,34.170379968051996],[-118.57819843654785,34.17038936028415],[-118.57820437418265,34.17041134222602],[-118.57819922441051,34.17041230175099],[-118.57821710730332,34.17047879808548],[-118.57819911235507,34.17048215402997],[-118.57821713043684,34.17054906172446],[-118.57820699337422,34.17055095205041],[-118.57820926742467,34.17055934899062],[-118.57829257065603,34.17054383715621],[-118.57827679257278,34.17048527248171],[-118.57839572173289,34.170463132442215]]]},"properties":{"building_pk":25301,"building_key":"lariac:386749884911","source_tile":"r02-c02","source_tile_ids":["r02-c02"],"source_bld_id":"386749884911","height_m":4.157,"receiver_ids":[163419,163420,163421,163422,163423,163424,163425,163426,163427,163428,163429,163430,163431,163432,163433,163434,163435,163436],"receiver_keys":["r02-c02:expanded-facade-max4m:25301:0:1","r02-c02:expanded-facade-max4m:25301:0:11","r02-c02:expanded-facade-max4m:25301:0:12","r02-c02:expanded-facade-max4m:25301:0:13","r02-c02:expanded-facade-max4m:25301:0:14","r02-c02:expanded-facade-max4m:25301:0:15","r02-c02:expanded-facade-max4m:25301:0:16","r02-c02:expanded-facade-max4m:25301:0:17","r02-c02:expanded-facade-max4m:25301:0:18","r02-c02:expanded-facade-max4m:25301:0:19","r02-c02:expanded-facade-max4m:25301:0:2","r02-c02:expanded-facade-max4m:25301:0:3","r02-c02:expanded-facade-max4m:25301:0:4","r02-c02:expanded-facade-max4m:25301:0:5","r02-c02:expanded-facade-max4m:25301:0:6","r02-c02:expanded-facade-max4m:25301:0:7","r02-c02:expanded-facade-max4m:25301:0:8","r02-c02:expanded-facade-max4m:25301:0:9"],"receiver_count":18,"periods":{"D":{"min":67.41412,"max":80.30277,"receiver_count":18,"unavailable_count":0},"E":{"min":65.19564,"max":78.08429,"receiver_count":18,"unavailable_count":0},"N":{"min":60.424427,"max":73.31307,"receiver_count":18,"unavailable_count":0}}}},{"type":"Feature","id":"lariac:387732885556","geometry":{"type":"Polygon","coordinates":[[[-118.57498655768596,34.17220637205629],[-118.57499334543023,34.172265612782454],[-118.57493509133248,34.17227023158588],[-118.5749412109509,34.17232364970533],[-118.57500273681151,34.172318767418076],[-118.57500171653005,34.17230984156113],[-118.57514056343146,34.172298849600594],[-118.5751207278511,34.17212612761005],[-118.5749140786891,34.172142498664805],[-118.57492199210485,34.17221148876367],[-118.57498655768596,34.17220637205629]]]},"properties":{"building_pk":25388,"building_key":"lariac:387732885556","source_tile":"r02-c02","source_tile_ids":["r02-c02"],"source_bld_id":"387732885556","height_m":2.975,"receiver_ids":[163500,163501,163502,163503,163504,163505,163506,163507,163508,163509,163510,163511,163512,163513,163514,163515,163516,163517,163518,163519,163520,163521],"receiver_keys":["r02-c02:expanded-facade-max4m:25388:0:1","r02-c02:expanded-facade-max4m:25388:0:10","r02-c02:expanded-facade-max4m:25388:0:11","r02-c02:expanded-facade-max4m:25388:0:12","r02-c02:expanded-facade-max4m:25388:0:13","r02-c02:expanded-facade-max4m:25388:0:14","r02-c02:expanded-facade-max4m:25388:0:15","r02-c02:expanded-facade-max4m:25388:0:16","r02-c02:expanded-facade-max4m:25388:0:17","r02-c02:expanded-facade-max4m:25388:0:18","r02-c02:expanded-facade-max4m:25388:0:19","r02-c02:expanded-facade-max4m:25388:0:20","r02-c02:expanded-facade-max4m:25388:0:21","r02-c02:expanded-facade-max4m:25388:0:22","r02-c02:expanded-facade-max4m:25388:0:23","r02-c02:expanded-facade-max4m:25388:0:3","r02-c02:expanded-facade-max4m:25388:0:4","r02-c02:expanded-facade-max4m:25388:0:5","r02-c02:expanded-facade-max4m:25388:0:6","r02-c02:expanded-facade-max4m:25388:0:7","r02-c02:expanded-facade-max4m:25388:0:8","r02-c02:expanded-facade-max4m:25388:0:9"],"receiver_count":22,"periods":{"D":{"min":73.42471,"max":74.52709,"receiver_count":22,"unavailable_count":0},"E":{"min":71.20623,"max":72.3086,"receiver_count":22,"unavailable_count":0},"N":{"min":66.43501,"max":67.53739,"receiver_count":22,"unavailable_count":0}}}},{"type":"Feature","id":"lariac:387886885612","geometry":{"type":"Polygon","coordinates":[[[-118.57446157534436,34.172479152056255],[-118.57453429205626,34.172491008130095],[-118.57453332809263,34.17249499663839],[-118.57462007767379,34.17250912099508],[-118.57461795718098,34.17251811677268],[-118.57463328118317,34.17252059984091],[-118.57465172031131,34.172442333820655],[-118.57459072047529,34.17243240104013],[-118.57461474835571,34.1723303942241],[-118.57450099071285,34.17231186429876],[-118.57446157534436,34.172479152056255]]]},"properties":{"building_pk":25861,"building_key":"lariac:387886885612","source_tile":"r02-c02","source_tile_ids":["r02-c02"],"source_bld_id":"387886885612","height_m":3.606,"receiver_ids":[164328,164329,164330,164331,164332,164333,164334,164335,164336,164337,164338,164339,164340,164341,164342,164343,164344],"receiver_keys":["r02-c02:expanded-facade-max4m:25861:0:1","r02-c02:expanded-facade-max4m:25861:0:10","r02-c02:expanded-facade-max4m:25861:0:12","r02-c02:expanded-facade-max4m:25861:0:13","r02-c02:expanded-facade-max4m:25861:0:14","r02-c02:expanded-facade-max4m:25861:0:15","r02-c02:expanded-facade-max4m:25861:0:16","r02-c02:expanded-facade-max4m:25861:0:17","r02-c02:expanded-facade-max4m:25861:0:18","r02-c02:expanded-facade-max4m:25861:0:19","r02-c02:expanded-facade-max4m:25861:0:2","r02-c02:expanded-facade-max4m:25861:0:3","r02-c02:expanded-facade-max4m:25861:0:4","r02-c02:expanded-facade-max4m:25861:0:5","r02-c02:expanded-facade-max4m:25861:0:6","r02-c02:expanded-facade-max4m:25861:0:7","r02-c02:expanded-facade-max4m:25861:0:8"],"receiver_count":17,"periods":{"D":{"min":74.69255,"max":76.08143,"receiver_count":17,"unavailable_count":0},"E":{"min":72.47407,"max":73.86294,"receiver_count":17,"unavailable_count":0},"N":{"min":67.70285,"max":69.09173,"receiver_count":17,"unavailable_count":0}}}},{"type":"Feature","id":"lariac:387412884145","geometry":{"type":"Polygon","coordinates":[[[-118.57595556086737,34.1683397579712],[-118.5760296668315,34.168404942836084],[-118.57601204178869,34.16841879428864],[-118.57604307430358,34.168446070576806],[-118.57605981166208,34.16843293827378],[-118.57607191775777,34.168443570227204],[-118.57606833408859,34.16844639020326],[-118.5760908858829,34.16846626011413],[-118.57616825462156,34.168405464534466],[-118.57615358618463,34.16839256388907],[-118.57624401033236,34.16832153933139],[-118.57614083380534,34.16823079996174],[-118.57615579554896,34.16821907800779],[-118.57609313121422,34.16816395044657],[-118.57600898873267,34.168230027040856],[-118.57604970054219,34.16826583091798],[-118.57595556086737,34.1683397579712]]]},"properties":{"building_pk":26148,"building_key":"lariac:387412884145","source_tile":"r02-c02","source_tile_ids":["r02-c02"],"source_bld_id":"387412884145","height_m":5.136,"receiver_ids":[164683,164684,164685,164686,164687,164688,164689,164690,164691,164692,164693,164694,164695,164696,164697,164698,164699,164700,164701,164702,164703,164704],"receiver_keys":["r02-c02:expanded-facade-max4m:26148:0:1","r02-c02:expanded-facade-max4m:26148:0:10","r02-c02:expanded-facade-max4m:26148:0:11","r02-c02:expanded-facade-max4m:26148:0:12","r02-c02:expanded-facade-max4m:26148:0:13","r02-c02:expanded-facade-max4m:26148:0:14","r02-c02:expanded-facade-max4m:26148:0:15","r02-c02:expanded-facade-max4m:26148:0:17","r02-c02:expanded-facade-max4m:26148:0:18","r02-c02:expanded-facade-max4m:26148:0:19","r02-c02:expanded-facade-max4m:26148:0:2","r02-c02:expanded-facade-max4m:26148:0:20","r02-c02:expanded-facade-max4m:26148:0:21","r02-c02:expanded-facade-max4m:26148:0:22","r02-c02:expanded-facade-max4m:26148:0:23","r02-c02:expanded-facade-max4m:26148:0:24","r02-c02:expanded-facade-max4m:26148:0:25","r02-c02:expanded-facade-max4m:26148:0:4","r02-c02:expanded-facade-max4m:26148:0:6","r02-c02:expanded-facade-max4m:26148:0:7","r02-c02:expanded-facade-max4m:26148:0:8","r02-c02:expanded-facade-max4m:26148:0:9"],"receiver_count":22,"periods":{"D":{"min":53.882965,"max":61.20803,"receiver_count":22,"unavailable_count":0},"E":{"min":51.66448,"max":58.989544,"receiver_count":22,"unavailable_count":0},"N":{"min":46.893265,"max":54.21833,"receiver_count":22,"unavailable_count":0}}}},{"type":"Feature","id":"lariac:201700284956","geometry":{"type":"Polygon","coordinates":[[[-118.57127394760602,34.168020642589866],[-118.57139301613047,34.168020080942696],[-118.57139267215271,34.16796978356406],[-118.5713524049511,34.167969973822764],[-118.57135217764434,34.167936734027606],[-118.571391634649,34.16793654759712],[-118.57139124731735,34.16787975208634],[-118.57133291974611,34.16788002677228],[-118.57133274445896,34.16785439306733],[-118.57129511717686,34.16785457083466],[-118.57129453725909,34.16776975891709],[-118.57117723478264,34.16777031212738],[-118.57117765510068,34.167831795516676],[-118.57119033165091,34.16783173564088],[-118.57119084976398,34.16790768115454],[-118.571177361937,34.16790774486226],[-118.57117812162997,34.168019029802316],[-118.57125639256137,34.16801866008031],[-118.57125622592066,34.16799428759604],[-118.57127376683827,34.16799420473251],[-118.57127394760602,34.168020642589866]]]},"properties":{"building_pk":26828,"building_key":"lariac:201700284956","source_tile":"r02-c02","source_tile_ids":["r02-c02"],"source_bld_id":"201700284956","height_m":4.721,"receiver_ids":[165189,165190,165191,165192,165193,165194,165195,165196,165197,165198,165199,165200,165201,165202,165203,165204,165205,165206,165207,165208,165209,165210,165211,165212],"receiver_keys":["r02-c02:expanded-facade-max4m:26828:0:1","r02-c02:expanded-facade-max4m:26828:0:10","r02-c02:expanded-facade-max4m:26828:0:11","r02-c02:expanded-facade-max4m:26828:0:13","r02-c02:expanded-facade-max4m:26828:0:14","r02-c02:expanded-facade-max4m:26828:0:15","r02-c02:expanded-facade-max4m:26828:0:16","r02-c02:expanded-facade-max4m:26828:0:17","r02-c02:expanded-facade-max4m:26828:0:18","r02-c02:expanded-facade-max4m:26828:0:2","r02-c02:expanded-facade-max4m:26828:0:20","r02-c02:expanded-facade-max4m:26828:0:21","r02-c02:expanded-facade-max4m:26828:0:22","r02-c02:expanded-facade-max4m:26828:0:23","r02-c02:expanded-facade-max4m:26828:0:24","r02-c02:expanded-facade-max4m:26828:0:25","r02-c02:expanded-facade-max4m:26828:0:26","r02-c02:expanded-facade-max4m:26828:0:3","r02-c02:expanded-facade-max4m:26828:0:4","r02-c02:expanded-facade-max4m:26828:0:5","r02-c02:expanded-facade-max4m:26828:0:6","r02-c02:expanded-facade-max4m:26828:0:7","r02-c02:expanded-facade-max4m:26828:0:8","r02-c02:expanded-facade-max4m:26828:0:9"],"receiver_count":24,"periods":{"D":{"min":58.52377,"max":70.69773,"receiver_count":24,"unavailable_count":0},"E":{"min":56.305283,"max":68.47925,"receiver_count":24,"unavailable_count":0},"N":{"min":51.53407,"max":63.708035,"receiver_count":24,"unavailable_count":0}}}},{"type":"Feature","id":"lariac:201700285377","geometry":{"type":"Polygon","coordinates":[[[-118.57519007121152,34.171926737508066],[-118.57519860310859,34.17194153365946],[-118.5752764140885,34.17191053534077],[-118.57526797659503,34.17189590372852],[-118.5753552523627,34.1718611342485],[-118.57530600288435,34.17177572715087],[-118.5751956058836,34.1718197076696],[-118.57516750410954,34.17177082701184],[-118.57509019621305,34.17180162542999],[-118.57512555209453,34.171862939077656],[-118.57512910764272,34.17186152297006],[-118.57517107764329,34.17193430436017],[-118.57519007121152,34.171926737508066]]]},"properties":{"building_pk":26841,"building_key":"lariac:201700285377","source_tile":"r02-c02","source_tile_ids":["r02-c02"],"source_bld_id":"201700285377","height_m":3.463,"receiver_ids":[165256,165257,165258,165259,165260,165261,165262,165263,165264,165265,165266,165267,165268,165269,165270,165271,165272,165273],"receiver_keys":["r02-c02:expanded-facade-max4m:26841:0:1","r02-c02:expanded-facade-max4m:26841:0:10","r02-c02:expanded-facade-max4m:26841:0:12","r02-c02:expanded-facade-max4m:26841:0:13","r02-c02:expanded-facade-max4m:26841:0:14","r02-c02:expanded-facade-max4m:26841:0:15","r02-c02:expanded-facade-max4m:26841:0:16","r02-c02:expanded-facade-max4m:26841:0:17","r02-c02:expanded-facade-max4m:26841:0:18","r02-c02:expanded-facade-max4m:26841:0:19","r02-c02:expanded-facade-max4m:26841:0:2","r02-c02:expanded-facade-max4m:26841:0:3","r02-c02:expanded-facade-max4m:26841:0:4","r02-c02:expanded-facade-max4m:26841:0:5","r02-c02:expanded-facade-max4m:26841:0:6","r02-c02:expanded-facade-max4m:26841:0:7","r02-c02:expanded-facade-max4m:26841:0:8","r02-c02:expanded-facade-max4m:26841:0:9"],"receiver_count":18,"periods":{"D":{"min":74.18758,"max":75.75669,"receiver_count":18,"unavailable_count":0},"E":{"min":71.96909,"max":73.53821,"receiver_count":18,"unavailable_count":0},"N":{"min":67.197876,"max":68.76699,"receiver_count":18,"unavailable_count":0}}}},{"type":"Feature","id":"lariac:387522885590","geometry":{"type":"Polygon","coordinates":[[[-118.57567357957346,34.172396117273784],[-118.57575480897775,34.17240562323381],[-118.57575391976016,34.172410848316574],[-118.57578541920044,34.17241454614287],[-118.57579278964451,34.172371121475315],[-118.57579659451518,34.17237157036003],[-118.57580599736951,34.17231599039563],[-118.57587038653706,34.172323514624075],[-118.5758822982956,34.172253002130574],[-118.57580295365437,34.1722437343063],[-118.57580130154848,34.172253469846936],[-118.5756997237598,34.17224158784896],[-118.57567357957346,34.172396117273784]]]},"properties":{"building_pk":30489,"building_key":"lariac:387522885590","source_tile":"r02-c02","source_tile_ids":["r02-c02"],"source_bld_id":"387522885590","height_m":4.932,"receiver_ids":[166276,166277,166278,166279,166280,166281,166282,166283,166284,166285,166286,166287,166288],"receiver_keys":["r02-c02:expanded-facade-max4m:30489:0:10","r02-c02:expanded-facade-max4m:30489:0:11","r02-c02:expanded-facade-max4m:30489:0:12","r02-c02:expanded-facade-max4m:30489:0:13","r02-c02:expanded-facade-max4m:30489:0:14","r02-c02:expanded-facade-max4m:30489:0:15","r02-c02:expanded-facade-max4m:30489:0:16","r02-c02:expanded-facade-max4m:30489:0:17","r02-c02:expanded-facade-max4m:30489:0:18","r02-c02:expanded-facade-max4m:30489:0:5","r02-c02:expanded-facade-max4m:30489:0:7","r02-c02:expanded-facade-max4m:30489:0:8","r02-c02:expanded-facade-max4m:30489:0:9"],"receiver_count":13,"periods":{"D":{"min":59.4793,"max":74.41238,"receiver_count":13,"unavailable_count":0},"E":{"min":57.260815,"max":72.193886,"receiver_count":13,"unavailable_count":0},"N":{"min":52.4896,"max":67.422676,"receiver_count":13,"unavailable_count":0}}}},{"type":"Feature","id":"lariac:387438884605","geometry":{"type":"Polygon","coordinates":[[[-118.5760899423182,34.169815765303774],[-118.57611573396277,34.16986452782999],[-118.5760628729584,34.169883877986265],[-118.57610839383375,34.169969863296245],[-118.57629883515101,34.169900203141026],[-118.575993952776,34.16932426366948],[-118.5758036455439,34.16939386771636],[-118.57584950142305,34.169480538503215],[-118.57580310262266,34.169497493922634],[-118.5758314070589,34.16955097134569],[-118.57584143196176,34.16954729579136],[-118.57586229959504,34.16958668410869],[-118.57585178016289,34.169590527002384],[-118.57599028636515,34.16985221076286],[-118.5760899423182,34.169815765303774]]]},"properties":{"building_pk":30530,"building_key":"lariac:387438884605","source_tile":"r02-c02","source_tile_ids":["r02-c02"],"source_bld_id":"387438884605","height_m":0.32,"receiver_ids":[166541,166542,166543,166544,166545,166546,166547,166548,166549,166550,166551,166552,166553,166554,166555,166556,166557,166558,166559,166560,166561,166562,166563,166564,166565,166566,166567,166568,166569,166570,166571,166572,166573,166574,166575,166576,166577,166578,166579,166580,166581,166582,166583,166584,166585],"receiver_keys":["r02-c02:expanded-facade-max4m:30530:0:1","r02-c02:expanded-facade-max4m:30530:0:10","r02-c02:expanded-facade-max4m:30530:0:11","r02-c02:expanded-facade-max4m:30530:0:12","r02-c02:expanded-facade-max4m:30530:0:13","r02-c02:expanded-facade-max4m:30530:0:14","r02-c02:expanded-facade-max4m:30530:0:15","r02-c02:expanded-facade-max4m:30530:0:16","r02-c02:expanded-facade-max4m:30530:0:17","r02-c02:expanded-facade-max4m:30530:0:21","r02-c02:expanded-facade-max4m:30530:0:22","r02-c02:expanded-facade-max4m:30530:0:25","r02-c02:expanded-facade-max4m:30530:0:26","r02-c02:expanded-facade-max4m:30530:0:27","r02-c02:expanded-facade-max4m:30530:0:28","r02-c02:expanded-facade-max4m:30530:0:29","r02-c02:expanded-facade-max4m:30530:0:3","r02-c02:expanded-facade-max4m:30530:0:30","r02-c02:expanded-facade-max4m:30530:0:31","r02-c02:expanded-facade-max4m:30530:0:32","r02-c02:expanded-facade-max4m:30530:0:33","r02-c02:expanded-facade-max4m:30530:0:34","r02-c02:expanded-facade-max4m:30530:0:35","r02-c02:expanded-facade-max4m:30530:0:36","r02-c02:expanded-facade-max4m:30530:0:37","r02-c02:expanded-facade-max4m:30530:0:38","r02-c02:expanded-facade-max4m:30530:0:39","r02-c02:expanded-facade-max4m:30530:0:4","r02-c02:expanded-facade-max4m:30530:0:40","r02-c02:expanded-facade-max4m:30530:0:41","r02-c02:expanded-facade-max4m:30530:0:42","r02-c02:expanded-facade-max4m:30530:0:43","r02-c02:expanded-facade-max4m:30530:0:44","r02-c02:expanded-facade-max4m:30530:0:45","r02-c02:expanded-facade-max4m:30530:0:46","r02-c02:expanded-facade-max4m:30530:0:47","r02-c02:expanded-facade-max4m:30530:0:48","r02-c02:expanded-facade-max4m:30530:0:49","r02-c02:expanded-facade-max4m:30530:0:5","r02-c02:expanded-facade-max4m:30530:0:50","r02-c02:expanded-facade-max4m:30530:0:51","r02-c02:expanded-facade-max4m:30530:0:6","r02-c02:expanded-facade-max4m:30530:0:7","r02-c02:expanded-facade-max4m:30530:0:8","r02-c02:expanded-facade-max4m:30530:0:9"],"receiver_count":45,"periods":{"D":{"min":73.65166,"max":86.58494,"receiver_count":45,"unavailable_count":0},"E":{"min":71.43317,"max":84.36645,"receiver_count":45,"unavailable_count":0},"N":{"min":66.66196,"max":79.59524,"receiver_count":45,"unavailable_count":0}}}},{"type":"Feature","id":"lariac:386865885281","geometry":{"type":"Polygon","coordinates":[[[-118.57792342039568,34.17156183653312],[-118.57800239111184,34.17153639795516],[-118.57797198821643,34.17147119834545],[-118.57796377396703,34.1714738475775],[-118.57791887343758,34.171377583270036],[-118.57785629681115,34.171397749655334],[-118.57786018981916,34.171406084773494],[-118.57775374080103,34.17144036527126],[-118.57780048637142,34.171540577707106],[-118.57789872214063,34.17150891934515],[-118.57792342039568,34.17156183653312]]]},"properties":{"building_pk":31344,"building_key":"lariac:386865885281","source_tile":"r02-c02","source_tile_ids":["r02-c02"],"source_bld_id":"386865885281","height_m":3.002,"receiver_ids":[167459,167460,167461,167462,167463,167464,167465,167466,167467,167468,167469,167470,167471,167472,167473,167474,167475,167476],"receiver_keys":["r02-c02:expanded-facade-max4m:31344:0:1","r02-c02:expanded-facade-max4m:31344:0:10","r02-c02:expanded-facade-max4m:31344:0:11","r02-c02:expanded-facade-max4m:31344:0:12","r02-c02:expanded-facade-max4m:31344:0:13","r02-c02:expanded-facade-max4m:31344:0:14","r02-c02:expanded-facade-max4m:31344:0:15","r02-c02:expanded-facade-max4m:31344:0:16","r02-c02:expanded-facade-max4m:31344:0:17","r02-c02:expanded-facade-max4m:31344:0:19","r02-c02:expanded-facade-max4m:31344:0:2","r02-c02:expanded-facade-max4m:31344:0:3","r02-c02:expanded-facade-max4m:31344:0:4","r02-c02:expanded-facade-max4m:31344:0:5","r02-c02:expanded-facade-max4m:31344:0:6","r02-c02:expanded-facade-max4m:31344:0:7","r02-c02:expanded-facade-max4m:31344:0:8","r02-c02:expanded-facade-max4m:31344:0:9"],"receiver_count":18,"periods":{"D":{"min":60.186646,"max":62.96982,"receiver_count":18,"unavailable_count":0},"E":{"min":57.96816,"max":60.75133,"receiver_count":18,"unavailable_count":0},"N":{"min":53.196945,"max":55.980118,"receiver_count":18,"unavailable_count":0}}}},{"type":"Feature","id":"lariac:386969885220","geometry":{"type":"Polygon","coordinates":[[[-118.57754562101589,34.17135853710391],[-118.57757721082665,34.17139935786898],[-118.57763152520538,34.17137002541246],[-118.57759880340757,34.171328166078524],[-118.57762446171249,34.17131430397384],[-118.57757923176281,34.17125645596773],[-118.57758071397501,34.17125559692813],[-118.57753533884889,34.17120074543481],[-118.57747234363956,34.171236769100354],[-118.57747957810959,34.17124552822866],[-118.5774433871148,34.17126620038349],[-118.57747532588907,34.17130479359274],[-118.5774106180953,34.17134178735252],[-118.57746339370149,34.171405562212094],[-118.57754562101589,34.17135853710391]]]},"properties":{"building_pk":31382,"building_key":"lariac:386969885220","source_tile":"r02-c02","source_tile_ids":["r02-c02"],"source_bld_id":"386969885220","height_m":2.475,"receiver_ids":[167631,167632,167633,167634,167635,167636,167637,167638,167639,167640,167641,167642,167643,167644,167645,167646,167647,167648],"receiver_keys":["r02-c02:expanded-facade-max4m:31382:0:1","r02-c02:expanded-facade-max4m:31382:0:10","r02-c02:expanded-facade-max4m:31382:0:11","r02-c02:expanded-facade-max4m:31382:0:12","r02-c02:expanded-facade-max4m:31382:0:13","r02-c02:expanded-facade-max4m:31382:0:15","r02-c02:expanded-facade-max4m:31382:0:16","r02-c02:expanded-facade-max4m:31382:0:17","r02-c02:expanded-facade-max4m:31382:0:18","r02-c02:expanded-facade-max4m:31382:0:19","r02-c02:expanded-facade-max4m:31382:0:2","r02-c02:expanded-facade-max4m:31382:0:20","r02-c02:expanded-facade-max4m:31382:0:3","r02-c02:expanded-facade-max4m:31382:0:4","r02-c02:expanded-facade-max4m:31382:0:6","r02-c02:expanded-facade-max4m:31382:0:7","r02-c02:expanded-facade-max4m:31382:0:8","r02-c02:expanded-facade-max4m:31382:0:9"],"receiver_count":18,"periods":{"D":{"min":66.41196,"max":69.013374,"receiver_count":18,"unavailable_count":0},"E":{"min":64.193474,"max":66.79488,"receiver_count":18,"unavailable_count":0},"N":{"min":59.42226,"max":62.02367,"receiver_count":18,"unavailable_count":0}}}},{"type":"Feature","id":"lariac:386774884030","geometry":{"type":"Polygon","coordinates":[[[-118.57838293953172,34.16802463839953],[-118.57835581127635,34.16795007961452],[-118.57832891526927,34.16795685804511],[-118.57832463545341,34.16794511695103],[-118.57829024671085,34.16795374511548],[-118.57828819129841,34.16794809414078],[-118.57805236116813,34.16800734070141],[-118.57805512400142,34.16801491129487],[-118.57802370615764,34.16802278320995],[-118.57802704220884,34.16803199999068],[-118.57799823165396,34.168039227453015],[-118.57802559628506,34.16811444511836],[-118.57838293953172,34.16802463839953]]]},"properties":{"building_pk":32618,"building_key":"lariac:386774884030","source_tile":"r02-c02","source_tile_ids":["r02-c02"],"source_bld_id":"386774884030","height_m":15.84,"receiver_ids":[168910,168911,168912,168913,168914,168915,168916,168917,168918,168919,168920,168921,168922,168923,168924,168925,168926,168927,168928,168929,168930,168931],"receiver_keys":["r02-c02:expanded-facade-max4m:32618:0:10","r02-c02:expanded-facade-max4m:32618:0:11","r02-c02:expanded-facade-max4m:32618:0:12","r02-c02:expanded-facade-max4m:32618:0:13","r02-c02:expanded-facade-max4m:32618:0:14","r02-c02:expanded-facade-max4m:32618:0:15","r02-c02:expanded-facade-max4m:32618:0:16","r02-c02:expanded-facade-max4m:32618:0:17","r02-c02:expanded-facade-max4m:32618:0:18","r02-c02:expanded-facade-max4m:32618:0:19","r02-c02:expanded-facade-max4m:32618:0:2","r02-c02:expanded-facade-max4m:32618:0:20","r02-c02:expanded-facade-max4m:32618:0:21","r02-c02:expanded-facade-max4m:32618:0:22","r02-c02:expanded-facade-max4m:32618:0:23","r02-c02:expanded-facade-max4m:32618:0:3","r02-c02:expanded-facade-max4m:32618:0:4","r02-c02:expanded-facade-max4m:32618:0:5","r02-c02:expanded-facade-max4m:32618:0:6","r02-c02:expanded-facade-max4m:32618:0:7","r02-c02:expanded-facade-max4m:32618:0:8","r02-c02:expanded-facade-max4m:32618:0:9"],"receiver_count":22,"periods":{"D":{"min":53.665707,"max":68.395195,"receiver_count":22,"unavailable_count":0},"E":{"min":51.447216,"max":66.17671,"receiver_count":22,"unavailable_count":0},"N":{"min":46.676006,"max":61.4055,"receiver_count":22,"unavailable_count":0}}}},{"type":"Feature","id":"lariac:2014121118520000","geometry":{"type":"Polygon","coordinates":[[[-118.57204483071742,34.1703141823165],[-118.57207389178988,34.17036869831496],[-118.57234397281083,34.17026923219028],[-118.57231491159055,34.17021471535525],[-118.57204483071742,34.1703141823165]]]},"properties":{"building_pk":33862,"building_key":"lariac:2014121118520000","source_tile":"r02-c02","source_tile_ids":["r02-c02"],"source_bld_id":"2014121118520000","height_m":4.633,"receiver_ids":[170520,170521,170522,170523,170524,170525,170526,170527,170528,170529,170530,170531,170532,170533,170534,170535,170536],"receiver_keys":["r02-c02:expanded-facade-max4m:33862:0:1","r02-c02:expanded-facade-max4m:33862:0:10","r02-c02:expanded-facade-max4m:33862:0:11","r02-c02:expanded-facade-max4m:33862:0:12","r02-c02:expanded-facade-max4m:33862:0:13","r02-c02:expanded-facade-max4m:33862:0:14","r02-c02:expanded-facade-max4m:33862:0:15","r02-c02:expanded-facade-max4m:33862:0:16","r02-c02:expanded-facade-max4m:33862:0:17","r02-c02:expanded-facade-max4m:33862:0:2","r02-c02:expanded-facade-max4m:33862:0:3","r02-c02:expanded-facade-max4m:33862:0:4","r02-c02:expanded-facade-max4m:33862:0:5","r02-c02:expanded-facade-max4m:33862:0:6","r02-c02:expanded-facade-max4m:33862:0:7","r02-c02:expanded-facade-max4m:33862:0:8","r02-c02:expanded-facade-max4m:33862:0:9"],"receiver_count":17,"periods":{"D":{"min":66.66316,"max":73.73104,"receiver_count":17,"unavailable_count":0},"E":{"min":64.44467,"max":71.51255,"receiver_count":17,"unavailable_count":0},"N":{"min":59.673462,"max":66.74134,"receiver_count":17,"unavailable_count":0}}}},{"type":"Feature","id":"lariac:201700285406","geometry":{"type":"Polygon","coordinates":[[[-118.57276637621301,34.172336997069955],[-118.57280124151596,34.17239943163005],[-118.57288210146542,34.172368236501335],[-118.5728529860599,34.17231609922365],[-118.57295446744509,34.17227696201764],[-118.57290769367775,34.17219320196881],[-118.57276733981243,34.17224734916097],[-118.57280835803083,34.17232080121072],[-118.57276637621301,34.172336997069955]]]},"properties":{"building_pk":34164,"building_key":"lariac:201700285406","source_tile":"r02-c02","source_tile_ids":["r02-c02"],"source_bld_id":"201700285406","height_m":4.203,"receiver_ids":[170789,170790,170791,170792,170793,170794,170795,170796,170797,170798,170799,170800,170801,170802,170803,170804,170805],"receiver_keys":["r02-c02:expanded-facade-max4m:34164:0:1","r02-c02:expanded-facade-max4m:34164:0:10","r02-c02:expanded-facade-max4m:34164:0:11","r02-c02:expanded-facade-max4m:34164:0:12","r02-c02:expanded-facade-max4m:34164:0:13","r02-c02:expanded-facade-max4m:34164:0:14","r02-c02:expanded-facade-max4m:34164:0:15","r02-c02:expanded-facade-max4m:34164:0:16","r02-c02:expanded-facade-max4m:34164:0:17","r02-c02:expanded-facade-max4m:34164:0:18","r02-c02:expanded-facade-max4m:34164:0:2","r02-c02:expanded-facade-max4m:34164:0:3","r02-c02:expanded-facade-max4m:34164:0:4","r02-c02:expanded-facade-max4m:34164:0:5","r02-c02:expanded-facade-max4m:34164:0:7","r02-c02:expanded-facade-max4m:34164:0:8","r02-c02:expanded-facade-max4m:34164:0:9"],"receiver_count":17,"periods":{"D":{"min":75.3295,"max":81.28787,"receiver_count":17,"unavailable_count":0},"E":{"min":73.111015,"max":79.06938,"receiver_count":17,"unavailable_count":0},"N":{"min":68.3398,"max":74.29817,"receiver_count":17,"unavailable_count":0}}}},{"type":"Feature","id":"lariac:388773885143","geometry":{"type":"Polygon","coordinates":[[[-118.57160050433798,34.17114646754488],[-118.57162815983254,34.171136482034996],[-118.5715926509658,34.17106855707158],[-118.57156798609628,34.17107746371395],[-118.57160050433798,34.17114646754488]]]},"properties":{"building_pk":38091,"building_key":"lariac:388773885143","source_tile":"r02-c02","source_tile_ids":["r02-c02"],"source_bld_id":"388773885143","height_m":5.285,"receiver_ids":[172229,172230,172231,172232],"receiver_keys":["r02-c02:expanded-facade-max4m:38091:0:1","r02-c02:expanded-facade-max4m:38091:0:2","r02-c02:expanded-facade-max4m:38091:0:3","r02-c02:expanded-facade-max4m:38091:0:4"],"receiver_count":4,"periods":{"D":{"min":69.83452,"max":79.45143,"receiver_count":4,"unavailable_count":0},"E":{"min":67.616035,"max":77.23295,"receiver_count":4,"unavailable_count":0},"N":{"min":62.844822,"max":72.46174,"receiver_count":4,"unavailable_count":0}}}},{"type":"Feature","id":"lariac:388327885530","geometry":{"type":"Polygon","coordinates":[[[-118.57313668037753,34.172197923812135],[-118.57324613393432,34.17215769827751],[-118.57318745458842,34.17204737304057],[-118.57306527191166,34.17209224770759],[-118.57308205159046,34.17212385209855],[-118.57301398651576,34.17214885082098],[-118.5730396411796,34.1721970926539],[-118.57298954824095,34.17221549343815],[-118.57303630426578,34.17230345293746],[-118.57316722599276,34.172255348117275],[-118.57313668037753,34.172197923812135]]]},"properties":{"building_pk":38092,"building_key":"lariac:388327885530","source_tile":"r02-c02","source_tile_ids":["r02-c02"],"source_bld_id":"388327885530","height_m":4.493,"receiver_ids":[172233,172234,172235,172236,172237,172238,172239,172240,172241,172242,172243,172244,172245,172246,172247,172248,172249,172250,172251],"receiver_keys":["r02-c02:expanded-facade-max4m:38092:0:1","r02-c02:expanded-facade-max4m:38092:0:10","r02-c02:expanded-facade-max4m:38092:0:12","r02-c02:expanded-facade-max4m:38092:0:13","r02-c02:expanded-facade-max4m:38092:0:15","r02-c02:expanded-facade-max4m:38092:0:16","r02-c02:expanded-facade-max4m:38092:0:17","r02-c02:expanded-facade-max4m:38092:0:18","r02-c02:expanded-facade-max4m:38092:0:19","r02-c02:expanded-facade-max4m:38092:0:2","r02-c02:expanded-facade-max4m:38092:0:20","r02-c02:expanded-facade-max4m:38092:0:21","r02-c02:expanded-facade-max4m:38092:0:22","r02-c02:expanded-facade-max4m:38092:0:23","r02-c02:expanded-facade-max4m:38092:0:3","r02-c02:expanded-facade-max4m:38092:0:4","r02-c02:expanded-facade-max4m:38092:0:7","r02-c02:expanded-facade-max4m:38092:0:8","r02-c02:expanded-facade-max4m:38092:0:9"],"receiver_count":19,"periods":{"D":{"min":72.32105,"max":82.14127,"receiver_count":19,"unavailable_count":0},"E":{"min":70.10256,"max":79.92278,"receiver_count":19,"unavailable_count":0},"N":{"min":65.33135,"max":75.15157,"receiver_count":19,"unavailable_count":0}}}},{"type":"Feature","id":"lariac:387069885057","geometry":{"type":"Polygon","coordinates":[[[-118.57735503724778,34.170819481823706],[-118.57728551862995,34.17075339594729],[-118.57715815705072,34.17084718579092],[-118.57721744049455,34.17090081706063],[-118.57721388853732,34.17090352693055],[-118.57727583434072,34.17095959135719],[-118.57734496245924,34.17090683107442],[-118.57729722217996,34.170863614410436],[-118.57735503724778,34.170819481823706]]]},"properties":{"building_pk":38093,"building_key":"lariac:387069885057","source_tile":"r02-c02","source_tile_ids":["r02-c02"],"source_bld_id":"387069885057","height_m":4.301,"receiver_ids":[172252,172253,172254,172255,172256,172257,172258,172259,172260,172261,172262,172263,172264,172265,172266,172267,172268],"receiver_keys":["r02-c02:expanded-facade-max4m:38093:0:1","r02-c02:expanded-facade-max4m:38093:0:10","r02-c02:expanded-facade-max4m:38093:0:11","r02-c02:expanded-facade-max4m:38093:0:12","r02-c02:expanded-facade-max4m:38093:0:13","r02-c02:expanded-facade-max4m:38093:0:14","r02-c02:expanded-facade-max4m:38093:0:15","r02-c02:expanded-facade-max4m:38093:0:16","r02-c02:expanded-facade-max4m:38093:0:17","r02-c02:expanded-facade-max4m:38093:0:2","r02-c02:expanded-facade-max4m:38093:0:3","r02-c02:expanded-facade-max4m:38093:0:4","r02-c02:expanded-facade-max4m:38093:0:5","r02-c02:expanded-facade-max4m:38093:0:6","r02-c02:expanded-facade-max4m:38093:0:7","r02-c02:expanded-facade-max4m:38093:0:8","r02-c02:expanded-facade-max4m:38093:0:9"],"receiver_count":17,"periods":{"D":{"min":67.00324,"max":80.1723,"receiver_count":17,"unavailable_count":0},"E":{"min":64.78475,"max":77.95381,"receiver_count":17,"unavailable_count":0},"N":{"min":60.013542,"max":73.1826,"receiver_count":17,"unavailable_count":0}}}},{"type":"Feature","id":"lariac:386961885323","geometry":{"type":"Polygon","coordinates":[[[-118.57753115951506,34.17154310113303],[-118.57756783925862,34.17161711954311],[-118.57756226526448,34.17161901506772],[-118.57759281023327,34.17168064217762],[-118.57767137392861,34.17165372181698],[-118.5776452220883,34.171600922411315],[-118.57774123354251,34.171568037882146],[-118.57770019539088,34.17148521962362],[-118.57753115951506,34.17154310113303]]]},"properties":{"building_pk":38098,"building_key":"lariac:386961885323","source_tile":"r02-c02","source_tile_ids":["r02-c02"],"source_bld_id":"386961885323","height_m":3.466,"receiver_ids":[172271,172272,172273,172274,172275,172276,172277,172278,172279,172280,172281,172282,172283,172284,172285,172286,172287],"receiver_keys":["r02-c02:expanded-facade-max4m:38098:0:1","r02-c02:expanded-facade-max4m:38098:0:10","r02-c02:expanded-facade-max4m:38098:0:11","r02-c02:expanded-facade-max4m:38098:0:12","r02-c02:expanded-facade-max4m:38098:0:13","r02-c02:expanded-facade-max4m:38098:0:14","r02-c02:expanded-facade-max4m:38098:0:15","r02-c02:expanded-facade-max4m:38098:0:16","r02-c02:expanded-facade-max4m:38098:0:17","r02-c02:expanded-facade-max4m:38098:0:2","r02-c02:expanded-facade-max4m:38098:0:3","r02-c02:expanded-facade-max4m:38098:0:4","r02-c02:expanded-facade-max4m:38098:0:5","r02-c02:expanded-facade-max4m:38098:0:6","r02-c02:expanded-facade-max4m:38098:0:7","r02-c02:expanded-facade-max4m:38098:0:8","r02-c02:expanded-facade-max4m:38098:0:9"],"receiver_count":17,"periods":{"D":{"min":59.67142,"max":65.13374,"receiver_count":17,"unavailable_count":0},"E":{"min":57.452934,"max":62.915257,"receiver_count":17,"unavailable_count":0},"N":{"min":52.68172,"max":58.144043,"receiver_count":17,"unavailable_count":0}}}},{"type":"Feature","id":"lariac:389600885268","geometry":{"type":"Polygon","coordinates":[[[-118.56873160586785,34.1713883198673],[-118.56883320808807,34.17158060855196],[-118.56884249358919,34.171577061471496],[-118.5688427245956,34.171577535499125],[-118.56884640582562,34.17158500641618],[-118.56886718100863,34.17157729694735],[-118.56886360341824,34.1715699138948],[-118.56886342850721,34.171569554099584],[-118.56888103011264,34.171563140652104],[-118.56888119735157,34.171563488763354],[-118.5688851615955,34.17157174359359],[-118.568943168137,34.17155022940721],[-118.56893932192631,34.17154226522259],[-118.56893920858289,34.17154202684634],[-118.56895523796973,34.17153601295677],[-118.56895540541761,34.17153639171939],[-118.56895936772754,34.1715453173059],[-118.56898136335278,34.17153716212148],[-118.56897758041556,34.17152829609535],[-118.56897746908788,34.171528035171065],[-118.56898395673464,34.17152568857802],[-118.5689153773533,34.17139625996216],[-118.5687668300631,34.171449166265134],[-118.56873229496333,34.17138805067084],[-118.56873160586785,34.1713883198673]]]},"properties":{"building_pk":38251,"building_key":"lariac:389600885268","source_tile":"r02-c02","source_tile_ids":["r02-c02"],"source_bld_id":"389600885268","height_m":9.263,"receiver_ids":[172592,172593,172594,172595,172596,172597,172598,172599,172600,172601,172602,172603],"receiver_keys":["r02-c02:expanded-facade-max4m:38251:0:1","r02-c02:expanded-facade-max4m:38251:0:11","r02-c02:expanded-facade-max4m:38251:0:16","r02-c02:expanded-facade-max4m:38251:0:17","r02-c02:expanded-facade-max4m:38251:0:18","r02-c02:expanded-facade-max4m:38251:0:19","r02-c02:expanded-facade-max4m:38251:0:2","r02-c02:expanded-facade-max4m:38251:0:20","r02-c02:expanded-facade-max4m:38251:0:21","r02-c02:expanded-facade-max4m:38251:0:7","r02-c02:expanded-facade-max4m:38251:0:8","r02-c02:expanded-facade-max4m:38251:0:9"],"receiver_count":12,"periods":{"D":{"min":55.20325,"max":77.17407,"receiver_count":12,"unavailable_count":0},"E":{"min":52.984764,"max":74.95558,"receiver_count":12,"unavailable_count":0},"N":{"min":48.21355,"max":70.18437,"receiver_count":12,"unavailable_count":0}}}},{"type":"Feature","id":"lariac:387328884019","geometry":{"type":"Polygon","coordinates":[[[-118.57639062450056,34.16810545871124],[-118.57647060882245,34.16799719492436],[-118.57649067995658,34.16800745890004],[-118.57653745203784,34.16794414306895],[-118.57643035941737,34.16788944837024],[-118.57639799925882,34.16793321216992],[-118.5763042100325,34.1678853507709],[-118.57628652346085,34.16790928634205],[-118.57627467989377,34.167903214978786],[-118.57620363809771,34.167999373349],[-118.57620022039268,34.16799763162039],[-118.57618217365963,34.16802203679419],[-118.57627280975204,34.16806829143428],[-118.57628515800927,34.16805160809282],[-118.57639062450056,34.16810545871124]]]},"properties":{"building_pk":39185,"building_key":"lariac:387328884019","source_tile":"r02-c02","source_tile_ids":["r02-c02"],"source_bld_id":"387328884019","height_m":5.368,"receiver_ids":[173651,173652,173653,173654,173655,173656,173657,173658,173659,173660],"receiver_keys":["r02-c02:expanded-facade-max4m:39185:0:1","r02-c02:expanded-facade-max4m:39185:0:2","r02-c02:expanded-facade-max4m:39185:0:20","r02-c02:expanded-facade-max4m:39185:0:21","r02-c02:expanded-facade-max4m:39185:0:22","r02-c02:expanded-facade-max4m:39185:0:23","r02-c02:expanded-facade-max4m:39185:0:24","r02-c02:expanded-facade-max4m:39185:0:3","r02-c02:expanded-facade-max4m:39185:0:5","r02-c02:expanded-facade-max4m:39185:0:6"],"receiver_count":10,"periods":{"D":{"min":56.980667,"max":60.96232,"receiver_count":10,"unavailable_count":0},"E":{"min":54.76218,"max":58.74383,"receiver_count":10,"unavailable_count":0},"N":{"min":49.990967,"max":53.97262,"receiver_count":10,"unavailable_count":0}}}},{"type":"Feature","id":"lariac:388024885588","geometry":{"type":"Polygon","coordinates":[[[-118.57426668230738,34.172306052391505],[-118.57421868017454,34.172219886141164],[-118.57407735602948,34.17227430632203],[-118.57405312083971,34.17223083886289],[-118.57397170918826,34.17226216721813],[-118.5740035758692,34.172319337119966],[-118.57402464620313,34.17231121335661],[-118.57408211987476,34.17241431713014],[-118.57418245877865,34.17237567205089],[-118.57416566521933,34.172347008716976],[-118.57426668230738,34.172306052391505]]]},"properties":{"building_pk":39206,"building_key":"lariac:388024885588","source_tile":"r02-c02","source_tile_ids":["r02-c02"],"source_bld_id":"388024885588","height_m":3.898,"receiver_ids":[173682,173683,173684,173685,173686,173687,173688,173689,173690,173691,173692,173693,173694,173695,173696,173697,173698,173699,173700],"receiver_keys":["r02-c02:expanded-facade-max4m:39206:0:1","r02-c02:expanded-facade-max4m:39206:0:10","r02-c02:expanded-facade-max4m:39206:0:11","r02-c02:expanded-facade-max4m:39206:0:12","r02-c02:expanded-facade-max4m:39206:0:14","r02-c02:expanded-facade-max4m:39206:0:15","r02-c02:expanded-facade-max4m:39206:0:16","r02-c02:expanded-facade-max4m:39206:0:17","r02-c02:expanded-facade-max4m:39206:0:18","r02-c02:expanded-facade-max4m:39206:0:19","r02-c02:expanded-facade-max4m:39206:0:2","r02-c02:expanded-facade-max4m:39206:0:21","r02-c02:expanded-facade-max4m:39206:0:22","r02-c02:expanded-facade-max4m:39206:0:3","r02-c02:expanded-facade-max4m:39206:0:4","r02-c02:expanded-facade-max4m:39206:0:5","r02-c02:expanded-facade-max4m:39206:0:6","r02-c02:expanded-facade-max4m:39206:0:8","r02-c02:expanded-facade-max4m:39206:0:9"],"receiver_count":19,"periods":{"D":{"min":75.8189,"max":76.58412,"receiver_count":19,"unavailable_count":0},"E":{"min":73.60041,"max":74.36563,"receiver_count":19,"unavailable_count":0},"N":{"min":68.8292,"max":69.59442,"receiver_count":19,"unavailable_count":0}}}},{"type":"Feature","id":"lariac:386729885240","geometry":{"type":"Polygon","coordinates":[[[-118.57839781406193,34.17146256674781],[-118.57844777841106,34.17132086536268],[-118.57825656568069,34.17127426837762],[-118.57822692941109,34.171358249306344],[-118.57834594916642,34.1713872472532],[-118.57832558724847,34.17144496871293],[-118.57839781406193,34.17146256674781]]]},"properties":{"building_pk":39392,"building_key":"lariac:386729885240","source_tile":"r02-c02","source_tile_ids":["r02-c02"],"source_bld_id":"386729885240","height_m":3.386,"receiver_ids":[173833,173834,173835,173837,173838,173839,173840,173841,173842,173843,173844,173845,173846,173847,173848,173849],"receiver_keys":["r02-c02:expanded-facade-max4m:39392:0:1","r02-c02:expanded-facade-max4m:39392:0:10","r02-c02:expanded-facade-max4m:39392:0:11","r02-c02:expanded-facade-max4m:39392:0:12","r02-c02:expanded-facade-max4m:39392:0:13","r02-c02:expanded-facade-max4m:39392:0:14","r02-c02:expanded-facade-max4m:39392:0:16","r02-c02:expanded-facade-max4m:39392:0:17","r02-c02:expanded-facade-max4m:39392:0:18","r02-c02:expanded-facade-max4m:39392:0:2","r02-c02:expanded-facade-max4m:39392:0:3","r02-c02:expanded-facade-max4m:39392:0:5","r02-c02:expanded-facade-max4m:39392:0:6","r02-c02:expanded-facade-max4m:39392:0:7","r02-c02:expanded-facade-max4m:39392:0:8","r02-c02:expanded-facade-max4m:39392:0:9"],"receiver_count":16,"periods":{"D":{"min":61.29979,"max":63.035034,"receiver_count":16,"unavailable_count":0},"E":{"min":59.081303,"max":60.816544,"receiver_count":16,"unavailable_count":0},"N":{"min":54.31009,"max":56.045334,"receiver_count":16,"unavailable_count":0}}}},{"type":"Feature","id":"lariac:387581884710","geometry":{"type":"Polygon","coordinates":[[[-118.57572781059706,34.169615243518656],[-118.57536970410712,34.169744451623096],[-118.57533900936434,34.169809420571944],[-118.57536152333702,34.169852593041924],[-118.57550824183852,34.16979973959901],[-118.57554723887411,34.16987451749987],[-118.57551152352275,34.16988738213519],[-118.57549145634938,34.16984892485081],[-118.57541979519702,34.16987473901814],[-118.57543745073691,34.1699085639298],[-118.57540071305964,34.169921819258235],[-118.57539257189916,34.16990624954036],[-118.57536048430084,34.1699178058569],[-118.57537113873721,34.169938282450424],[-118.57529960941422,34.169964040924484],[-118.57525866924856,34.16988553528251],[-118.57519045677334,34.1698649754484],[-118.57511870040825,34.16989131188431],[-118.57523328378925,34.17010711072643],[-118.57560245689812,34.169971667561796],[-118.57559642818993,34.16996029260997],[-118.57585932097096,34.16986440310806],[-118.57572781059706,34.169615243518656]],[[-118.5755608926342,34.16985535418019],[-118.57553348880009,34.16980286230458],[-118.57566094812785,34.169756915113666],[-118.57568831948893,34.169809407115316],[-118.5755608926342,34.16985535418019]]]},"properties":{"building_pk":39924,"building_key":"lariac:387581884710","source_tile":"r02-c02","source_tile_ids":["r02-c02"],"source_bld_id":"387581884710","height_m":10.848,"receiver_ids":[174561,174562,174563,174564,174565,174566,174567,174568,174569,174570,174571,174572,174573,174574,174575,174576,174577,174578,174579,174580,174581,174582,174583,174584,174585,174586,174587,174588,174589,174590,174591,174592,174593,174594,174595,174596,174597,174598,174599,174600,174601,174602,174603,174604,174605,174606,174607,174608,174609,174610,174611,174612,174613,174614,174615,174616,174617,174618,174619,174620,174621,174622,174623],"receiver_keys":["r02-c02:expanded-facade-max4m:39924:0:1","r02-c02:expanded-facade-max4m:39924:0:10","r02-c02:expanded-facade-max4m:39924:0:11","r02-c02:expanded-facade-max4m:39924:0:12","r02-c02:expanded-facade-max4m:39924:0:13","r02-c02:expanded-facade-max4m:39924:0:14","r02-c02:expanded-facade-max4m:39924:0:15","r02-c02:expanded-facade-max4m:39924:0:16","r02-c02:expanded-facade-max4m:39924:0:17","r02-c02:expanded-facade-max4m:39924:0:18","r02-c02:expanded-facade-max4m:39924:0:19","r02-c02:expanded-facade-max4m:39924:0:2","r02-c02:expanded-facade-max4m:39924:0:20","r02-c02:expanded-facade-max4m:39924:0:21","r02-c02:expanded-facade-max4m:39924:0:22","r02-c02:expanded-facade-max4m:39924:0:23","r02-c02:expanded-facade-max4m:39924:0:24","r02-c02:expanded-facade-max4m:39924:0:25","r02-c02:expanded-facade-max4m:39924:0:26","r02-c02:expanded-facade-max4m:39924:0:27","r02-c02:expanded-facade-max4m:39924:0:29","r02-c02:expanded-facade-max4m:39924:0:3","r02-c02:expanded-facade-max4m:39924:0:30","r02-c02:expanded-facade-max4m:39924:0:31","r02-c02:expanded-facade-max4m:39924:0:32","r02-c02:expanded-facade-max4m:39924:0:33","r02-c02:expanded-facade-max4m:39924:0:34","r02-c02:expanded-facade-max4m:39924:0:35","r02-c02:expanded-facade-max4m:39924:0:36","r02-c02:expanded-facade-max4m:39924:0:37","r02-c02:expanded-facade-max4m:39924:0:38","r02-c02:expanded-facade-max4m:39924:0:39","r02-c02:expanded-facade-max4m:39924:0:4","r02-c02:expanded-facade-max4m:39924:0:40","r02-c02:expanded-facade-max4m:39924:0:41","r02-c02:expanded-facade-max4m:39924:0:42","r02-c02:expanded-facade-max4m:39924:0:43","r02-c02:expanded-facade-max4m:39924:0:44","r02-c02:expanded-facade-max4m:39924:0:45","r02-c02:expanded-facade-max4m:39924:0:46","r02-c02:expanded-facade-max4m:39924:0:47","r02-c02:expanded-facade-max4m:39924:0:48","r02-c02:expanded-facade-max4m:39924:0:49","r02-c02:expanded-facade-max4m:39924:0:5","r02-c02:expanded-facade-max4m:39924:0:50","r02-c02:expanded-facade-max4m:39924:0:51","r02-c02:expanded-facade-max4m:39924:0:52","r02-c02:expanded-facade-max4m:39924:0:53","r02-c02:expanded-facade-max4m:39924:0:54","r02-c02:expanded-facade-max4m:39924:0:55","r02-c02:expanded-facade-max4m:39924:0:56","r02-c02:expanded-facade-max4m:39924:0:57","r02-c02:expanded-facade-max4m:39924:0:58","r02-c02:expanded-facade-max4m:39924:0:59","r02-c02:expanded-facade-max4m:39924:0:6","r02-c02:expanded-facade-max4m:39924:0:60","r02-c02:expanded-facade-max4m:39924:0:61","r02-c02:expanded-facade-max4m:39924:0:62","r02-c02:expanded-facade-max4m:39924:0:63","r02-c02:expanded-facade-max4m:39924:0:64","r02-c02:expanded-facade-max4m:39924:0:7","r02-c02:expanded-facade-max4m:39924:0:8","r02-c02:expanded-facade-max4m:39924:0:9"],"receiver_count":63,"periods":{"D":{"min":57.337593,"max":83.62375,"receiver_count":63,"unavailable_count":0},"E":{"min":55.119106,"max":81.405266,"receiver_count":63,"unavailable_count":0},"N":{"min":50.347893,"max":76.63405,"receiver_count":63,"unavailable_count":0}}}},{"type":"Feature","id":"lariac:388357886043","geometry":{"type":"Polygon","coordinates":[[[-118.57291423163275,34.17365166381855],[-118.57310781196215,34.173609005965936],[-118.57304310716665,34.17340613132977],[-118.57296912852198,34.17342244731303],[-118.57297409569328,34.173438004284215],[-118.57285449551568,34.17346434695119],[-118.57291423163275,34.17365166381855]]]},"properties":{"building_pk":45531,"building_key":"lariac:388357886043","source_tile":"r02-c02","source_tile_ids":["r02-c02"],"source_bld_id":"388357886043","height_m":5.313,"receiver_ids":[177454,177455,177456,177457,177458,177459],"receiver_keys":["r02-c02:expanded-facade-max4m:45531:0:10","r02-c02:expanded-facade-max4m:45531:0:11","r02-c02:expanded-facade-max4m:45531:0:12","r02-c02:expanded-facade-max4m:45531:0:14","r02-c02:expanded-facade-max4m:45531:0:15","r02-c02:expanded-facade-max4m:45531:0:16"],"receiver_count":6,"periods":{"D":{"min":69.225395,"max":72.9279,"receiver_count":6,"unavailable_count":0},"E":{"min":67.006905,"max":70.70941,"receiver_count":6,"unavailable_count":0},"N":{"min":62.235695,"max":65.9382,"receiver_count":6,"unavailable_count":0}}}},{"type":"Feature","id":"lariac:389071883766","geometry":{"type":"Polygon","coordinates":[[[-118.57051742455553,34.16746592421913],[-118.57067610908524,34.167466054469685],[-118.57067626578349,34.16735830827789],[-118.57065976888143,34.16735830408805],[-118.57065982154121,34.16729820684653],[-118.57075526304473,34.167298278410286],[-118.57075538801155,34.16721987946253],[-118.57063654171903,34.16721978131063],[-118.57063651646152,34.16724514459668],[-118.57051770157953,34.167245045278],[-118.57051742455553,34.16746592421913]]]},"properties":{"building_pk":45689,"building_key":"lariac:389071883766","source_tile":"r02-c02","source_tile_ids":["r02-c02"],"source_bld_id":"389071883766","height_m":5.16,"receiver_ids":[177699,177700,177701,177702,177703,177704,177705,177707,177708,177720,177721,177722,177723],"receiver_keys":["r02-c02:expanded-facade-max4m:45689:0:1","r02-c02:expanded-facade-max4m:45689:0:10","r02-c02:expanded-facade-max4m:45689:0:11","r02-c02:expanded-facade-max4m:45689:0:2","r02-c02:expanded-facade-max4m:45689:0:23","r02-c02:expanded-facade-max4m:45689:0:24","r02-c02:expanded-facade-max4m:45689:0:25","r02-c02:expanded-facade-max4m:45689:0:26","r02-c02:expanded-facade-max4m:45689:0:3","r02-c02:expanded-facade-max4m:45689:0:5","r02-c02:expanded-facade-max4m:45689:0:6","r02-c02:expanded-facade-max4m:45689:0:7","r02-c02:expanded-facade-max4m:45689:0:8"],"receiver_count":13,"periods":{"D":{"min":62.106358,"max":68.26371,"receiver_count":13,"unavailable_count":0},"E":{"min":59.88787,"max":66.04522,"receiver_count":13,"unavailable_count":0},"N":{"min":55.116657,"max":61.27401,"receiver_count":13,"unavailable_count":0}}}},{"type":"Feature","id":"lariac:389821885164","geometry":{"type":"Polygon","coordinates":[[[-118.56820556806807,34.17123142200007],[-118.56820552153225,34.171200178276294],[-118.568215967718,34.171200157142],[-118.56821592959051,34.17117015029835],[-118.56820452333427,34.17117014889724],[-118.56820447847244,34.17114887985908],[-118.56821515676079,34.17114885763432],[-118.56821505291678,34.17108510627128],[-118.56819630812895,34.1710851393502],[-118.56819629333985,34.171087749392335],[-118.5681267011292,34.17108780227911],[-118.56812671715203,34.17110467371636],[-118.56811560809086,34.17110467091069],[-118.56811558081138,34.17110065916375],[-118.56809157976353,34.171100689872816],[-118.56809069643118,34.17110684886979],[-118.56808179637909,34.17110598462555],[-118.56805927243948,34.17110455149279],[-118.56804789979093,34.171114277589204],[-118.56804816006176,34.17114282649248],[-118.56806039071918,34.17115224968836],[-118.56806022523324,34.17118629731124],[-118.56803757828973,34.1711862387066],[-118.56803735366744,34.171230893283614],[-118.56820556806807,34.17123142200007]]]},"properties":{"building_pk":45708,"building_key":"lariac:389821885164","source_tile":"r02-c02","source_tile_ids":["r02-c02"],"source_bld_id":"389821885164","height_m":8.522,"receiver_ids":[177796,177797,177798,177799,177800,177801,177802,177803,177804,177805,177806,177807,177808,177809,177810],"receiver_keys":["r02-c02:expanded-facade-max4m:45708:0:1","r02-c02:expanded-facade-max4m:45708:0:10","r02-c02:expanded-facade-max4m:45708:0:11","r02-c02:expanded-facade-max4m:45708:0:12","r02-c02:expanded-facade-max4m:45708:0:13","r02-c02:expanded-facade-max4m:45708:0:15","r02-c02:expanded-facade-max4m:45708:0:16","r02-c02:expanded-facade-max4m:45708:0:17","r02-c02:expanded-facade-max4m:45708:0:18","r02-c02:expanded-facade-max4m:45708:0:2","r02-c02:expanded-facade-max4m:45708:0:3","r02-c02:expanded-facade-max4m:45708:0:4","r02-c02:expanded-facade-max4m:45708:0:5","r02-c02:expanded-facade-max4m:45708:0:7","r02-c02:expanded-facade-max4m:45708:0:9"],"receiver_count":15,"periods":{"D":{"min":62.00326,"max":73.23112,"receiver_count":15,"unavailable_count":0},"E":{"min":59.78477,"max":71.01263,"receiver_count":15,"unavailable_count":0},"N":{"min":55.01356,"max":66.24142,"receiver_count":15,"unavailable_count":0}}}},{"type":"Feature","id":"lariac:389785885521","geometry":{"type":"Polygon","coordinates":[[[-118.56836635423535,34.17204836863483],[-118.56836535829862,34.17204865640067],[-118.5683654081803,34.172039088069255],[-118.5681849800884,34.172088192008644],[-118.56818537219307,34.172267379443376],[-118.5681862647933,34.17226736713574],[-118.56836671179354,34.17221460824391],[-118.56836635423535,34.17204836863483]]]},"properties":{"building_pk":46266,"building_key":"lariac:389785885521","source_tile":"r02-c02","source_tile_ids":["r02-c02"],"source_bld_id":"389785885521","height_m":3.52,"receiver_ids":[178366,178367,178368,178369,178370,178371,178372,178373,178374],"receiver_keys":["r02-c02:expanded-facade-max4m:46266:0:1","r02-c02:expanded-facade-max4m:46266:0:11","r02-c02:expanded-facade-max4m:46266:0:12","r02-c02:expanded-facade-max4m:46266:0:13","r02-c02:expanded-facade-max4m:46266:0:14","r02-c02:expanded-facade-max4m:46266:0:2","r02-c02:expanded-facade-max4m:46266:0:3","r02-c02:expanded-facade-max4m:46266:0:4","r02-c02:expanded-facade-max4m:46266:0:5"],"receiver_count":9,"periods":{"D":{"min":75.77554,"max":81.16971,"receiver_count":9,"unavailable_count":0},"E":{"min":73.55706,"max":78.95122,"receiver_count":9,"unavailable_count":0},"N":{"min":68.78584,"max":74.18001,"receiver_count":9,"unavailable_count":0}}}},{"type":"Feature","id":"lariac:387868885313","geometry":{"type":"Polygon","coordinates":[[[-118.57465220036299,34.17160364016824],[-118.57468044978985,34.1716540122998],[-118.57476215678398,34.171622380943695],[-118.57472734576872,34.171560278454784],[-118.5746851736377,34.17157660841515],[-118.57464450619446,34.171504037041004],[-118.57450315180492,34.171558732841106],[-118.57455041322042,34.17164303449469],[-118.57465220036299,34.17160364016824]]]},"properties":{"building_pk":46356,"building_key":"lariac:387868885313","source_tile":"r02-c02","source_tile_ids":["r02-c02"],"source_bld_id":"387868885313","height_m":3.655,"receiver_ids":[178445,178446,178447,178448,178449,178450,178451,178452,178453,178454,178455,178456,178457,178458,178459,178460,178461],"receiver_keys":["r02-c02:expanded-facade-max4m:46356:0:1","r02-c02:expanded-facade-max4m:46356:0:10","r02-c02:expanded-facade-max4m:46356:0:11","r02-c02:expanded-facade-max4m:46356:0:12","r02-c02:expanded-facade-max4m:46356:0:13","r02-c02:expanded-facade-max4m:46356:0:14","r02-c02:expanded-facade-max4m:46356:0:15","r02-c02:expanded-facade-max4m:46356:0:16","r02-c02:expanded-facade-max4m:46356:0:17","r02-c02:expanded-facade-max4m:46356:0:18","r02-c02:expanded-facade-max4m:46356:0:2","r02-c02:expanded-facade-max4m:46356:0:3","r02-c02:expanded-facade-max4m:46356:0:4","r02-c02:expanded-facade-max4m:46356:0:5","r02-c02:expanded-facade-max4m:46356:0:6","r02-c02:expanded-facade-max4m:46356:0:8","r02-c02:expanded-facade-max4m:46356:0:9"],"receiver_count":17,"periods":{"D":{"min":78.0618,"max":82.296135,"receiver_count":17,"unavailable_count":0},"E":{"min":75.843315,"max":80.077644,"receiver_count":17,"unavailable_count":0},"N":{"min":71.0721,"max":75.306435,"receiver_count":17,"unavailable_count":0}}}},{"type":"Feature","id":"lariac:388850885709","geometry":{"type":"Polygon","coordinates":[[[-118.57134978049753,34.172686687274776],[-118.57137727860295,34.17267581364475],[-118.57136024777158,34.17264610615557],[-118.5713327822191,34.17265698052956],[-118.57134978049753,34.172686687274776]]]},"properties":{"building_pk":46636,"building_key":"lariac:388850885709","source_tile":"r02-c02","source_tile_ids":["r02-c02"],"source_bld_id":"388850885709","height_m":4.877,"receiver_ids":[178819,178820,178821,178822],"receiver_keys":["r02-c02:expanded-facade-max4m:46636:0:1","r02-c02:expanded-facade-max4m:46636:0:2","r02-c02:expanded-facade-max4m:46636:0:3","r02-c02:expanded-facade-max4m:46636:0:4"],"receiver_count":4,"periods":{"D":{"min":77.42085,"max":80.946686,"receiver_count":4,"unavailable_count":0},"E":{"min":75.20236,"max":78.728195,"receiver_count":4,"unavailable_count":0},"N":{"min":70.43115,"max":73.956985,"receiver_count":4,"unavailable_count":0}}}},{"type":"Feature","id":"lariac:388588885015","geometry":{"type":"Polygon","coordinates":[[[-118.57232710658948,34.17093139687155],[-118.57222482016752,34.170733866432656],[-118.57217360840716,34.17075287711275],[-118.57218181224412,34.17076817177721],[-118.57210781346124,34.17079564396007],[-118.57208544414671,34.17075406323656],[-118.57206252302302,34.170747686851705],[-118.57187050971712,34.17081539680042],[-118.57185869101227,34.17083721598882],[-118.57187495306015,34.1708704719173],[-118.57186776321916,34.17087289591326],[-118.57186203937131,34.17088190868083],[-118.57188018992169,34.170911060860185],[-118.57182734795965,34.17092867719921],[-118.57180132521805,34.170874831949206],[-118.57178561140522,34.17086858551456],[-118.57174203269223,34.17088228407839],[-118.57173262643072,34.170899063029886],[-118.57174820463182,34.17092907935038],[-118.57167696940031,34.17095466929946],[-118.57166881586073,34.17093720344255],[-118.57161838270459,34.17095321256818],[-118.57171282320661,34.17115463020499],[-118.5719235556287,34.17107872619147],[-118.57193228216501,34.171097810299855],[-118.57195909201089,34.17110721824519],[-118.57211587671208,34.17105096938363],[-118.57212300006142,34.17102917238337],[-118.57211228007513,34.171008530833824],[-118.57232710658948,34.17093139687155]],[[-118.57188745729273,34.171016464001944],[-118.57184833232859,34.17094176847997],[-118.57190779214278,34.17092024599399],[-118.5719152961003,34.17093455408972],[-118.57194167891977,34.17092500456346],[-118.57193414222873,34.17091066867623],[-118.57204409207834,34.170870852982326],[-118.57208325099882,34.17094557622887],[-118.57188745729273,34.171016464001944]]]},"properties":{"building_pk":46714,"building_key":"lariac:388588885015","source_tile":"r02-c02","source_tile_ids":["r02-c02"],"source_bld_id":"388588885015","height_m":14.201,"receiver_ids":[178866,178867,178868,178869,178870,178871,178872,178873,178874,178875,178876,178877,178878,178879,178880,178881,178882,178883,178884,178885,178886,178887,178888,178889,178890,178891,178892,178893,178894,178895,178896,178897,178898,178899,178900,178901,178902,178903,178904,178905,178906,178907],"receiver_keys":["r02-c02:expanded-facade-max4m:46714:0:11","r02-c02:expanded-facade-max4m:46714:0:12","r02-c02:expanded-facade-max4m:46714:0:13","r02-c02:expanded-facade-max4m:46714:0:14","r02-c02:expanded-facade-max4m:46714:0:15","r02-c02:expanded-facade-max4m:46714:0:16","r02-c02:expanded-facade-max4m:46714:0:17","r02-c02:expanded-facade-max4m:46714:0:18","r02-c02:expanded-facade-max4m:46714:0:19","r02-c02:expanded-facade-max4m:46714:0:22","r02-c02:expanded-facade-max4m:46714:0:23","r02-c02:expanded-facade-max4m:46714:0:24","r02-c02:expanded-facade-max4m:46714:0:25","r02-c02:expanded-facade-max4m:46714:0:26","r02-c02:expanded-facade-max4m:46714:0:27","r02-c02:expanded-facade-max4m:46714:0:28","r02-c02:expanded-facade-max4m:46714:0:29","r02-c02:expanded-facade-max4m:46714:0:30","r02-c02:expanded-facade-max4m:46714:0:31","r02-c02:expanded-facade-max4m:46714:0:32","r02-c02:expanded-facade-max4m:46714:0:33","r02-c02:expanded-facade-max4m:46714:0:34","r02-c02:expanded-facade-max4m:46714:0:35","r02-c02:expanded-facade-max4m:46714:0:36","r02-c02:expanded-facade-max4m:46714:0:37","r02-c02:expanded-facade-max4m:46714:0:38","r02-c02:expanded-facade-max4m:46714:0:39","r02-c02:expanded-facade-max4m:46714:0:40","r02-c02:expanded-facade-max4m:46714:0:41","r02-c02:expanded-facade-max4m:46714:0:42","r02-c02:expanded-facade-max4m:46714:0:43","r02-c02:expanded-facade-max4m:46714:0:44","r02-c02:expanded-facade-max4m:46714:0:45","r02-c02:expanded-facade-max4m:46714:0:46","r02-c02:expanded-facade-max4m:46714:0:48","r02-c02:expanded-facade-max4m:46714:0:49","r02-c02:expanded-facade-max4m:46714:0:50","r02-c02:expanded-facade-max4m:46714:0:51","r02-c02:expanded-facade-max4m:46714:0:52","r02-c02:expanded-facade-max4m:46714:0:7","r02-c02:expanded-facade-max4m:46714:0:8","r02-c02:expanded-facade-max4m:46714:0:9"],"receiver_count":42,"periods":{"D":{"min":64.853424,"max":80.355225,"receiver_count":42,"unavailable_count":0},"E":{"min":62.634937,"max":78.136734,"receiver_count":42,"unavailable_count":0},"N":{"min":57.863728,"max":73.365524,"receiver_count":42,"unavailable_count":0}}}},{"type":"Feature","id":"lariac:387540885520","geometry":{"type":"Polygon","coordinates":[[[-118.57573700492408,34.17213927068774],[-118.57564935545795,34.1721001452531],[-118.5756332971119,34.1721248870698],[-118.57572156108564,34.172163465057345],[-118.57573700492408,34.17213927068774]]]},"properties":{"building_pk":46984,"building_key":"lariac:387540885520","source_tile":"r02-c02","source_tile_ids":["r02-c02"],"source_bld_id":"387540885520","height_m":3.088,"receiver_ids":[179227,179228,179229,179230,179231,179232,179233],"receiver_keys":["r02-c02:expanded-facade-max4m:46984:0:1","r02-c02:expanded-facade-max4m:46984:0:2","r02-c02:expanded-facade-max4m:46984:0:3","r02-c02:expanded-facade-max4m:46984:0:4","r02-c02:expanded-facade-max4m:46984:0:5","r02-c02:expanded-facade-max4m:46984:0:6","r02-c02:expanded-facade-max4m:46984:0:7"],"receiver_count":7,"periods":{"D":{"min":74.54745,"max":75.64067,"receiver_count":7,"unavailable_count":0},"E":{"min":72.32896,"max":73.42218,"receiver_count":7,"unavailable_count":0},"N":{"min":67.55775,"max":68.65097,"receiver_count":7,"unavailable_count":0}}}},{"type":"Feature","id":"lariac:387737884678","geometry":{"type":"Polygon","coordinates":[[[-118.57503733361571,34.16986636359304],[-118.57520750244618,34.1698053473038],[-118.5752130665912,34.169816367472436],[-118.575252873481,34.169802438571445],[-118.57524714277118,34.16979117217351],[-118.57526834958438,34.16978376156478],[-118.5752388888657,34.16972550861651],[-118.57518229412577,34.16974528815394],[-118.57516034077051,34.169701920054166],[-118.57510684731271,34.16972064081671],[-118.57508218036848,34.1696768186074],[-118.57502678135879,34.16965900065139],[-118.57494334843969,34.16968872371547],[-118.57503733361571,34.16986636359304]]]},"properties":{"building_pk":47057,"building_key":"lariac:387737884678","source_tile":"r02-c02","source_tile_ids":["r02-c02"],"source_bld_id":"387737884678","height_m":10.394,"receiver_ids":[179336,179337,179338,179339,179340,179341,179342,179343,179344,179345,179346,179347,179348,179349,179350,179351,179352,179353,179354,179355,179356],"receiver_keys":["r02-c02:expanded-facade-max4m:47057:0:1","r02-c02:expanded-facade-max4m:47057:0:10","r02-c02:expanded-facade-max4m:47057:0:11","r02-c02:expanded-facade-max4m:47057:0:12","r02-c02:expanded-facade-max4m:47057:0:14","r02-c02:expanded-facade-max4m:47057:0:15","r02-c02:expanded-facade-max4m:47057:0:16","r02-c02:expanded-facade-max4m:47057:0:17","r02-c02:expanded-facade-max4m:47057:0:18","r02-c02:expanded-facade-max4m:47057:0:19","r02-c02:expanded-facade-max4m:47057:0:2","r02-c02:expanded-facade-max4m:47057:0:20","r02-c02:expanded-facade-max4m:47057:0:21","r02-c02:expanded-facade-max4m:47057:0:22","r02-c02:expanded-facade-max4m:47057:0:23","r02-c02:expanded-facade-max4m:47057:0:3","r02-c02:expanded-facade-max4m:47057:0:4","r02-c02:expanded-facade-max4m:47057:0:6","r02-c02:expanded-facade-max4m:47057:0:7","r02-c02:expanded-facade-max4m:47057:0:8","r02-c02:expanded-facade-max4m:47057:0:9"],"receiver_count":21,"periods":{"D":{"min":57.043484,"max":74.71004,"receiver_count":21,"unavailable_count":0},"E":{"min":54.824997,"max":72.491554,"receiver_count":21,"unavailable_count":0},"N":{"min":50.053783,"max":67.72034,"receiver_count":21,"unavailable_count":0}}}},{"type":"Feature","id":"lariac:388526885912","geometry":{"type":"Polygon","coordinates":[[[-118.57243329351994,34.1733388376524],[-118.57253265468741,34.1733068213295],[-118.57248686051615,34.17320489845658],[-118.57252672848495,34.17319325018088],[-118.57249392227999,34.17312091584207],[-118.57236319722608,34.17316410016421],[-118.57235481154407,34.17314652546156],[-118.57228290036261,34.173170278004],[-118.5723142618019,34.173235832404266],[-118.57237449584198,34.17321595405614],[-118.57243329351994,34.1733388376524]]]},"properties":{"building_pk":47220,"building_key":"lariac:388526885912","source_tile":"r02-c02","source_tile_ids":["r02-c02"],"source_bld_id":"388526885912","height_m":4.258,"receiver_ids":[179486,179487,179488,179489,179490,179491,179492,179493,179494,179495,179496,179497,179498,179499,179500,179501,179502,179503,179504,179505],"receiver_keys":["r02-c02:expanded-facade-max4m:47220:0:1","r02-c02:expanded-facade-max4m:47220:0:10","r02-c02:expanded-facade-max4m:47220:0:11","r02-c02:expanded-facade-max4m:47220:0:12","r02-c02:expanded-facade-max4m:47220:0:14","r02-c02:expanded-facade-max4m:47220:0:15","r02-c02:expanded-facade-max4m:47220:0:16","r02-c02:expanded-facade-max4m:47220:0:17","r02-c02:expanded-facade-max4m:47220:0:18","r02-c02:expanded-facade-max4m:47220:0:19","r02-c02:expanded-facade-max4m:47220:0:2","r02-c02:expanded-facade-max4m:47220:0:20","r02-c02:expanded-facade-max4m:47220:0:21","r02-c02:expanded-facade-max4m:47220:0:22","r02-c02:expanded-facade-max4m:47220:0:3","r02-c02:expanded-facade-max4m:47220:0:4","r02-c02:expanded-facade-max4m:47220:0:5","r02-c02:expanded-facade-max4m:47220:0:7","r02-c02:expanded-facade-max4m:47220:0:8","r02-c02:expanded-facade-max4m:47220:0:9"],"receiver_count":20,"periods":{"D":{"min":71.496864,"max":75.59951,"receiver_count":20,"unavailable_count":0},"E":{"min":69.27838,"max":73.38103,"receiver_count":20,"unavailable_count":0},"N":{"min":64.507164,"max":68.60981,"receiver_count":20,"unavailable_count":0}}}},{"type":"Feature","id":"lariac:389201884400","geometry":{"type":"Polygon","coordinates":[[[-118.57013258771838,34.16917628245324],[-118.57021919746789,34.16917546208727],[-118.5702165605797,34.16897789912059],[-118.57012991614339,34.168978692602835],[-118.57013258771838,34.16917628245324]]]},"properties":{"building_pk":47328,"building_key":"lariac:389201884400","source_tile":"r02-c02","source_tile_ids":["r02-c02"],"source_bld_id":"389201884400","height_m":5.243,"receiver_ids":[179573,179574,179575,179576,179577,179578,179579,179580,179581,179582,179583,179584,179585,179586,179587],"receiver_keys":["r02-c02:expanded-facade-max4m:47328:0:1","r02-c02:expanded-facade-max4m:47328:0:10","r02-c02:expanded-facade-max4m:47328:0:11","r02-c02:expanded-facade-max4m:47328:0:12","r02-c02:expanded-facade-max4m:47328:0:13","r02-c02:expanded-facade-max4m:47328:0:14","r02-c02:expanded-facade-max4m:47328:0:15","r02-c02:expanded-facade-max4m:47328:0:2","r02-c02:expanded-facade-max4m:47328:0:3","r02-c02:expanded-facade-max4m:47328:0:4","r02-c02:expanded-facade-max4m:47328:0:5","r02-c02:expanded-facade-max4m:47328:0:6","r02-c02:expanded-facade-max4m:47328:0:7","r02-c02:expanded-facade-max4m:47328:0:8","r02-c02:expanded-facade-max4m:47328:0:9"],"receiver_count":15,"periods":{"D":{"min":61.91475,"max":70.34345,"receiver_count":15,"unavailable_count":0},"E":{"min":59.69626,"max":68.12496,"receiver_count":15,"unavailable_count":0},"N":{"min":54.92505,"max":63.35375,"receiver_count":15,"unavailable_count":0}}}},{"type":"Feature","id":"lariac:388248885805","geometry":{"type":"Polygon","coordinates":[[[-118.57333393259627,34.17302339748463],[-118.57343797380501,34.172989379335434],[-118.57336175461192,34.1728283560063],[-118.5731984019885,34.172881780605906],[-118.57322886288888,34.17294610211997],[-118.57328814088761,34.17292669574839],[-118.57333393259627,34.17302339748463]]]},"properties":{"building_pk":47688,"building_key":"lariac:388248885805","source_tile":"r02-c02","source_tile_ids":["r02-c02"],"source_bld_id":"388248885805","height_m":4.392,"receiver_ids":[179992,179993,179994,179995,179996,179997,179998,179999,180000,180001,180002,180003,180004,180005,180006,180007,180008,180009],"receiver_keys":["r02-c02:expanded-facade-max4m:47688:0:1","r02-c02:expanded-facade-max4m:47688:0:10","r02-c02:expanded-facade-max4m:47688:0:11","r02-c02:expanded-facade-max4m:47688:0:12","r02-c02:expanded-facade-max4m:47688:0:13","r02-c02:expanded-facade-max4m:47688:0:14","r02-c02:expanded-facade-max4m:47688:0:15","r02-c02:expanded-facade-max4m:47688:0:16","r02-c02:expanded-facade-max4m:47688:0:17","r02-c02:expanded-facade-max4m:47688:0:18","r02-c02:expanded-facade-max4m:47688:0:2","r02-c02:expanded-facade-max4m:47688:0:3","r02-c02:expanded-facade-max4m:47688:0:4","r02-c02:expanded-facade-max4m:47688:0:5","r02-c02:expanded-facade-max4m:47688:0:6","r02-c02:expanded-facade-max4m:47688:0:7","r02-c02:expanded-facade-max4m:47688:0:8","r02-c02:expanded-facade-max4m:47688:0:9"],"receiver_count":18,"periods":{"D":{"min":73.013405,"max":74.31016,"receiver_count":18,"unavailable_count":0},"E":{"min":70.79492,"max":72.09167,"receiver_count":18,"unavailable_count":0},"N":{"min":66.023705,"max":67.32046,"receiver_count":18,"unavailable_count":0}}}},{"type":"Feature","id":"lariac:389602885490","geometry":{"type":"Polygon","coordinates":[[[-118.56854838677317,34.17232336320899],[-118.56855259484453,34.17232329654515],[-118.5685519389791,34.17220747453648],[-118.56858966061169,34.17220732513618],[-118.56891230380809,34.17209893048919],[-118.5689116088905,34.171942084759806],[-118.5689107513132,34.17192541742378],[-118.56890564000132,34.171913735808516],[-118.56889665151309,34.17190451742216],[-118.56888391805664,34.1718940806338],[-118.56886863599206,34.17188799677192],[-118.56885298112903,34.171885624519405],[-118.56884296456184,34.17188567163541],[-118.56882958224199,34.171886669484195],[-118.56883023250589,34.171889936329265],[-118.5685513687375,34.17198278065015],[-118.56854767494056,34.17199226964761],[-118.56854838677317,34.17232336320899]]]},"properties":{"building_pk":47717,"building_key":"lariac:389602885490","source_tile":"r02-c02","source_tile_ids":["r02-c02"],"source_bld_id":"389602885490","height_m":8.443,"receiver_ids":[180038,180039,180040,180041,180042,180043,180044,180045,180046,180047,180048,180049,180050,180051,180052,180053,180054,180055,180056,180057,180058,180059,180060,180061,180062,180063,180064,180065],"receiver_keys":["r02-c02:expanded-facade-max4m:47717:0:1","r02-c02:expanded-facade-max4m:47717:0:10","r02-c02:expanded-facade-max4m:47717:0:11","r02-c02:expanded-facade-max4m:47717:0:12","r02-c02:expanded-facade-max4m:47717:0:13","r02-c02:expanded-facade-max4m:47717:0:14","r02-c02:expanded-facade-max4m:47717:0:15","r02-c02:expanded-facade-max4m:47717:0:16","r02-c02:expanded-facade-max4m:47717:0:17","r02-c02:expanded-facade-max4m:47717:0:18","r02-c02:expanded-facade-max4m:47717:0:19","r02-c02:expanded-facade-max4m:47717:0:2","r02-c02:expanded-facade-max4m:47717:0:21","r02-c02:expanded-facade-max4m:47717:0:22","r02-c02:expanded-facade-max4m:47717:0:23","r02-c02:expanded-facade-max4m:47717:0:24","r02-c02:expanded-facade-max4m:47717:0:25","r02-c02:expanded-facade-max4m:47717:0:26","r02-c02:expanded-facade-max4m:47717:0:27","r02-c02:expanded-facade-max4m:47717:0:3","r02-c02:expanded-facade-max4m:47717:0:34","r02-c02:expanded-facade-max4m:47717:0:35","r02-c02:expanded-facade-max4m:47717:0:36","r02-c02:expanded-facade-max4m:47717:0:5","r02-c02:expanded-facade-max4m:47717:0:6","r02-c02:expanded-facade-max4m:47717:0:7","r02-c02:expanded-facade-max4m:47717:0:8","r02-c02:expanded-facade-max4m:47717:0:9"],"receiver_count":28,"periods":{"D":{"min":71.73969,"max":83.01271,"receiver_count":28,"unavailable_count":0},"E":{"min":69.52121,"max":80.79422,"receiver_count":28,"unavailable_count":0},"N":{"min":64.74999,"max":76.02301,"receiver_count":28,"unavailable_count":0}}}},{"type":"Feature","id":"lariac:388633885683","geometry":{"type":"Polygon","coordinates":[[[-118.5721745272547,34.17266358056682],[-118.57212970493244,34.172616501170914],[-118.57219019821515,34.17257672728871],[-118.5721255617122,34.1725088293968],[-118.57211825559854,34.17251361780864],[-118.57209394593369,34.17248812261672],[-118.57205639328416,34.172512811468394],[-118.57205206363183,34.17250827103184],[-118.57196593140263,34.17256492763621],[-118.572046984348,34.17265008737932],[-118.5720434631368,34.17265241199101],[-118.57208435575104,34.17269538814385],[-118.57207155363444,34.17270383036946],[-118.57208763800377,34.17272073578765],[-118.5721745272547,34.17266358056682]]]},"properties":{"building_pk":47920,"building_key":"lariac:388633885683","source_tile":"r02-c02","source_tile_ids":["r02-c02"],"source_bld_id":"388633885683","height_m":3.752,"receiver_ids":[180372,180373,180374,180375,180376,180377,180378,180379,180380,180381,180382,180383,180384,180385,180386,180387,180388],"receiver_keys":["r02-c02:expanded-facade-max4m:47920:0:1","r02-c02:expanded-facade-max4m:47920:0:10","r02-c02:expanded-facade-max4m:47920:0:11","r02-c02:expanded-facade-max4m:47920:0:12","r02-c02:expanded-facade-max4m:47920:0:13","r02-c02:expanded-facade-max4m:47920:0:14","r02-c02:expanded-facade-max4m:47920:0:15","r02-c02:expanded-facade-max4m:47920:0:17","r02-c02:expanded-facade-max4m:47920:0:18","r02-c02:expanded-facade-max4m:47920:0:19","r02-c02:expanded-facade-max4m:47920:0:3","r02-c02:expanded-facade-max4m:47920:0:4","r02-c02:expanded-facade-max4m:47920:0:5","r02-c02:expanded-facade-max4m:47920:0:6","r02-c02:expanded-facade-max4m:47920:0:7","r02-c02:expanded-facade-max4m:47920:0:8","r02-c02:expanded-facade-max4m:47920:0:9"],"receiver_count":17,"periods":{"D":{"min":77.00422,"max":79.23716,"receiver_count":17,"unavailable_count":0},"E":{"min":74.785736,"max":77.01868,"receiver_count":17,"unavailable_count":0},"N":{"min":70.01452,"max":72.24746,"receiver_count":17,"unavailable_count":0}}}},{"type":"Feature","id":"lariac:389185885891","geometry":{"type":"Polygon","coordinates":[[[-118.5702774400472,34.17318450533968],[-118.57027385212923,34.17315784013004],[-118.57021913737121,34.173162906968074],[-118.57022269164781,34.17318957233792],[-118.5702774400472,34.17318450533968]]]},"properties":{"building_pk":47934,"building_key":"lariac:389185885891","source_tile":"r02-c02","source_tile_ids":["r02-c02"],"source_bld_id":"389185885891","height_m":3.441,"receiver_ids":[180389,180390,180391,180392],"receiver_keys":["r02-c02:expanded-facade-max4m:47934:0:2","r02-c02:expanded-facade-max4m:47934:0:3","r02-c02:expanded-facade-max4m:47934:0:4","r02-c02:expanded-facade-max4m:47934:0:5"],"receiver_count":4,"periods":{"D":{"min":76.9319,"max":78.799416,"receiver_count":4,"unavailable_count":0},"E":{"min":74.71342,"max":76.580925,"receiver_count":4,"unavailable_count":0},"N":{"min":69.94221,"max":71.809715,"receiver_count":4,"unavailable_count":0}}}},{"type":"Feature","id":"lariac:387137883980","geometry":{"type":"Polygon","coordinates":[[[-118.57691577683028,34.167728193793884],[-118.57681117395333,34.167804288264755],[-118.57687702975439,34.16786684609319],[-118.57687324727958,34.16786961204747],[-118.57696286342657,34.16795472764277],[-118.57706621559119,34.16787954596387],[-118.576988912311,34.16780610530977],[-118.57699394573434,34.16780245437632],[-118.57691577683028,34.167728193793884]]]},"properties":{"building_pk":48002,"building_key":"lariac:387137883980","source_tile":"r02-c02","source_tile_ids":["r02-c02"],"source_bld_id":"387137883980","height_m":6.675,"receiver_ids":[180465,180466,180467,180468,180469,180470,180471,180472,180473,180474,180475,180476],"receiver_keys":["r02-c02:expanded-facade-max4m:48002:0:10","r02-c02:expanded-facade-max4m:48002:0:11","r02-c02:expanded-facade-max4m:48002:0:12","r02-c02:expanded-facade-max4m:48002:0:13","r02-c02:expanded-facade-max4m:48002:0:14","r02-c02:expanded-facade-max4m:48002:0:15","r02-c02:expanded-facade-max4m:48002:0:16","r02-c02:expanded-facade-max4m:48002:0:5","r02-c02:expanded-facade-max4m:48002:0:6","r02-c02:expanded-facade-max4m:48002:0:7","r02-c02:expanded-facade-max4m:48002:0:8","r02-c02:expanded-facade-max4m:48002:0:9"],"receiver_count":12,"periods":{"D":{"min":56.15135,"max":59.02626,"receiver_count":12,"unavailable_count":0},"E":{"min":53.93286,"max":56.807774,"receiver_count":12,"unavailable_count":0},"N":{"min":49.161648,"max":52.03656,"receiver_count":12,"unavailable_count":0}}}},{"type":"Feature","id":"lariac:388410885868","geometry":{"type":"Polygon","coordinates":[[[-118.5728016237551,34.173188623573054],[-118.57288471640766,34.17315627200691],[-118.57295334996243,34.17314160237607],[-118.5729289688163,34.17308629268617],[-118.5728771589295,34.17310036061512],[-118.5728493146103,34.1730510842275],[-118.57290813767389,34.173028108275666],[-118.57287319809447,34.17296628083612],[-118.5726695252838,34.173045835870404],[-118.57271236210798,34.17312155754782],[-118.5727537423826,34.17310536906579],[-118.5728016237551,34.173188623573054]]]},"properties":{"building_pk":48493,"building_key":"lariac:388410885868","source_tile":"r02-c02","source_tile_ids":["r02-c02"],"source_bld_id":"388410885868","height_m":4.459,"receiver_ids":[180914,180915,180916,180917,180918,180919,180920,180921,180922,180923,180924,180925,180926,180927,180928,180929,180930,180931,180932,180933,180934],"receiver_keys":["r02-c02:expanded-facade-max4m:48493:0:1","r02-c02:expanded-facade-max4m:48493:0:10","r02-c02:expanded-facade-max4m:48493:0:11","r02-c02:expanded-facade-max4m:48493:0:12","r02-c02:expanded-facade-max4m:48493:0:13","r02-c02:expanded-facade-max4m:48493:0:14","r02-c02:expanded-facade-max4m:48493:0:15","r02-c02:expanded-facade-max4m:48493:0:16","r02-c02:expanded-facade-max4m:48493:0:17","r02-c02:expanded-facade-max4m:48493:0:18","r02-c02:expanded-facade-max4m:48493:0:19","r02-c02:expanded-facade-max4m:48493:0:2","r02-c02:expanded-facade-max4m:48493:0:20","r02-c02:expanded-facade-max4m:48493:0:22","r02-c02:expanded-facade-max4m:48493:0:23","r02-c02:expanded-facade-max4m:48493:0:3","r02-c02:expanded-facade-max4m:48493:0:4","r02-c02:expanded-facade-max4m:48493:0:5","r02-c02:expanded-facade-max4m:48493:0:6","r02-c02:expanded-facade-max4m:48493:0:7","r02-c02:expanded-facade-max4m:48493:0:8"],"receiver_count":21,"periods":{"D":{"min":71.00182,"max":76.47364,"receiver_count":21,"unavailable_count":0},"E":{"min":68.78333,"max":74.25516,"receiver_count":21,"unavailable_count":0},"N":{"min":64.01212,"max":69.48394,"receiver_count":21,"unavailable_count":0}}}},{"type":"Feature","id":"lariac:201700285290","geometry":{"type":"Polygon","coordinates":[[[-118.5782880056508,34.17092529656775],[-118.57830927528192,34.17100060643119],[-118.57851080737247,34.170961284461264],[-118.57849774904362,34.17091504805972],[-118.57847118921393,34.170920230075566],[-118.57845889701512,34.17087670546026],[-118.57848488924135,34.1708716343477],[-118.57847004966654,34.170819092039416],[-118.57840494999118,34.17083179426323],[-118.57842070353311,34.170887575066885],[-118.57837366599902,34.17089675328764],[-118.57835822606846,34.170842086189865],[-118.578342594494,34.17084512703169],[-118.57834183729179,34.170842446752005],[-118.57826222607657,34.170857979731345],[-118.57828159099218,34.170926547934606],[-118.5782880056508,34.17092529656775]]]},"properties":{"building_pk":49446,"building_key":"lariac:201700285290","source_tile":"r02-c02","source_tile_ids":["r02-c02"],"source_bld_id":"201700285290","height_m":6.815,"receiver_ids":[181618,181619,181620,181621,181622,181623,181630,181631,181632,181633,181634,181635,181636,181637,181638],"receiver_keys":["r02-c02:expanded-facade-max4m:49446:0:1","r02-c02:expanded-facade-max4m:49446:0:14","r02-c02:expanded-facade-max4m:49446:0:15","r02-c02:expanded-facade-max4m:49446:0:17","r02-c02:expanded-facade-max4m:49446:0:18","r02-c02:expanded-facade-max4m:49446:0:19","r02-c02:expanded-facade-max4m:49446:0:2","r02-c02:expanded-facade-max4m:49446:0:20","r02-c02:expanded-facade-max4m:49446:0:21","r02-c02:expanded-facade-max4m:49446:0:22","r02-c02:expanded-facade-max4m:49446:0:23","r02-c02:expanded-facade-max4m:49446:0:3","r02-c02:expanded-facade-max4m:49446:0:4","r02-c02:expanded-facade-max4m:49446:0:5","r02-c02:expanded-facade-max4m:49446:0:6"],"receiver_count":15,"periods":{"D":{"min":56.503323,"max":68.417564,"receiver_count":15,"unavailable_count":0},"E":{"min":54.284836,"max":66.19908,"receiver_count":15,"unavailable_count":0},"N":{"min":49.513622,"max":61.427864,"receiver_count":15,"unavailable_count":0}}}},{"type":"Feature","id":"lariac:201700285392","geometry":{"type":"Polygon","coordinates":[[[-118.57636509059849,34.17199827122359],[-118.5764000322053,34.17206715044391],[-118.57643923819515,34.172053409738574],[-118.57644186849568,34.17205859461023],[-118.5764787697124,34.172045662745596],[-118.57647642090772,34.17204103188481],[-118.5764878690176,34.172037020429755],[-118.57646408194199,34.17199013084883],[-118.57649220336218,34.171980275432894],[-118.57651780593201,34.1720307436026],[-118.5765948696035,34.17200373643312],[-118.57656442478759,34.17194364392821],[-118.57656068521725,34.17194495367152],[-118.57655949541459,34.17194260721201],[-118.57656376302194,34.17194111193755],[-118.57655563897639,34.17192509594899],[-118.57655252483654,34.171926187240956],[-118.5765244832914,34.171870908339635],[-118.57650774074412,34.17187677607651],[-118.57648932314846,34.17184046938828],[-118.57640295829718,34.17187073663588],[-118.5764208667303,34.1719060387378],[-118.57633801195922,34.17193507572791],[-118.57636931925867,34.17199678966479],[-118.57636509059849,34.17199827122359]]]},"properties":{"building_pk":49448,"building_key":"lariac:201700285392","source_tile":"r02-c02","source_tile_ids":["r02-c02"],"source_bld_id":"201700285392","height_m":3.228,"receiver_ids":[181639,181640,181641,181642,181643,181644,181645,181646,181647,181648,181649,181650,181651,181652,181653,181654,181655,181656,181657,181658,181659],"receiver_keys":["r02-c02:expanded-facade-max4m:49448:0:1","r02-c02:expanded-facade-max4m:49448:0:10","r02-c02:expanded-facade-max4m:49448:0:11","r02-c02:expanded-facade-max4m:49448:0:12","r02-c02:expanded-facade-max4m:49448:0:13","r02-c02:expanded-facade-max4m:49448:0:14","r02-c02:expanded-facade-max4m:49448:0:15","r02-c02:expanded-facade-max4m:49448:0:17","r02-c02:expanded-facade-max4m:49448:0:18","r02-c02:expanded-facade-max4m:49448:0:19","r02-c02:expanded-facade-max4m:49448:0:2","r02-c02:expanded-facade-max4m:49448:0:20","r02-c02:expanded-facade-max4m:49448:0:21","r02-c02:expanded-facade-max4m:49448:0:22","r02-c02:expanded-facade-max4m:49448:0:23","r02-c02:expanded-facade-max4m:49448:0:24","r02-c02:expanded-facade-max4m:49448:0:3","r02-c02:expanded-facade-max4m:49448:0:4","r02-c02:expanded-facade-max4m:49448:0:5","r02-c02:expanded-facade-max4m:49448:0:7","r02-c02:expanded-facade-max4m:49448:0:9"],"receiver_count":21,"periods":{"D":{"min":62.36346,"max":73.06183,"receiver_count":21,"unavailable_count":0},"E":{"min":60.144974,"max":70.84334,"receiver_count":21,"unavailable_count":0},"N":{"min":55.37376,"max":66.07213,"receiver_count":21,"unavailable_count":0}}}},{"type":"Feature","id":"lariac:387752885657","geometry":{"type":"Polygon","coordinates":[[[-118.57495700453599,34.17253354272245],[-118.57501087435985,34.17253078571107],[-118.57500730377086,34.17248274130664],[-118.57495343397778,34.17248549831648],[-118.57495700453599,34.17253354272245]]]},"properties":{"building_pk":53036,"building_key":"lariac:387752885657","source_tile":"r02-c02","source_tile_ids":["r02-c02"],"source_bld_id":"387752885657","height_m":3.206,"receiver_ids":[182593,182594,182595,182596],"receiver_keys":["r02-c02:expanded-facade-max4m:53036:0:1","r02-c02:expanded-facade-max4m:53036:0:4","r02-c02:expanded-facade-max4m:53036:0:5","r02-c02:expanded-facade-max4m:53036:0:6"],"receiver_count":4,"periods":{"D":{"min":70.79058,"max":73.52012,"receiver_count":4,"unavailable_count":0},"E":{"min":68.5721,"max":71.301636,"receiver_count":4,"unavailable_count":0},"N":{"min":63.800884,"max":66.53042,"receiver_count":4,"unavailable_count":0}}}},{"type":"Feature","id":"lariac:387911885707","geometry":{"type":"Polygon","coordinates":[[[-118.57439110320018,34.17274565001102],[-118.57450402700624,34.1727534123403],[-118.5745142927227,34.17264998697816],[-118.57457988004876,34.172653962227734],[-118.57458589007318,34.17258564792662],[-118.57436855496036,34.172572418792356],[-118.57436039821262,34.17266503451395],[-118.57439800325385,34.17266730180111],[-118.57439110320018,34.17274565001102]]]},"properties":{"building_pk":53040,"building_key":"lariac:387911885707","source_tile":"r02-c02","source_tile_ids":["r02-c02"],"source_bld_id":"387911885707","height_m":3.953,"receiver_ids":[182616,182617,182618,182619,182620,182621,182622,182623,182624,182625,182626,182627,182628,182629,182630,182631,182632,182633,182634],"receiver_keys":["r02-c02:expanded-facade-max4m:53040:0:1","r02-c02:expanded-facade-max4m:53040:0:10","r02-c02:expanded-facade-max4m:53040:0:11","r02-c02:expanded-facade-max4m:53040:0:12","r02-c02:expanded-facade-max4m:53040:0:13","r02-c02:expanded-facade-max4m:53040:0:14","r02-c02:expanded-facade-max4m:53040:0:15","r02-c02:expanded-facade-max4m:53040:0:16","r02-c02:expanded-facade-max4m:53040:0:17","r02-c02:expanded-facade-max4m:53040:0:18","r02-c02:expanded-facade-max4m:53040:0:19","r02-c02:expanded-facade-max4m:53040:0:2","r02-c02:expanded-facade-max4m:53040:0:20","r02-c02:expanded-facade-max4m:53040:0:3","r02-c02:expanded-facade-max4m:53040:0:4","r02-c02:expanded-facade-max4m:53040:0:5","r02-c02:expanded-facade-max4m:53040:0:7","r02-c02:expanded-facade-max4m:53040:0:8","r02-c02:expanded-facade-max4m:53040:0:9"],"receiver_count":19,"periods":{"D":{"min":73.23378,"max":76.13309,"receiver_count":19,"unavailable_count":0},"E":{"min":71.01529,"max":73.914604,"receiver_count":19,"unavailable_count":0},"N":{"min":66.24408,"max":69.14339,"receiver_count":19,"unavailable_count":0}}}},{"type":"Feature","id":"lariac:386705884855","geometry":{"type":"Polygon","coordinates":[[[-118.57841895542354,34.17027583342832],[-118.57841355766077,34.17028891182137],[-118.57841848608939,34.17029875295929],[-118.57843700029916,34.170303666178],[-118.57844739257138,34.17027660436353],[-118.57843159394277,34.17027242012938],[-118.57841895542354,34.17027583342832]]]},"properties":{"building_pk":53071,"building_key":"lariac:386705884855","source_tile":"r02-c02","source_tile_ids":["r02-c02"],"source_bld_id":"386705884855","height_m":3.222,"receiver_ids":[182821,182822],"receiver_keys":["r02-c02:expanded-facade-max4m:53071:0:1","r02-c02:expanded-facade-max4m:53071:0:2"],"receiver_count":2,"periods":{"D":{"min":79.05764,"max":80.518234,"receiver_count":2,"unavailable_count":0},"E":{"min":76.83915,"max":78.29974,"receiver_count":2,"unavailable_count":0},"N":{"min":72.06794,"max":73.528534,"receiver_count":2,"unavailable_count":0}}}},{"type":"Feature","id":"lariac:388661884319","geometry":{"type":"Polygon","coordinates":[[[-118.57190159753547,34.16864370972462],[-118.57185427790886,34.16865643703072],[-118.57176610500623,34.16868012824393],[-118.57197975879258,34.16922927858171],[-118.57220537198572,34.169168636248344],[-118.57199171795608,34.16861948630445],[-118.57190159753547,34.16864370972462]]]},"properties":{"building_pk":53199,"building_key":"lariac:388661884319","source_tile":"r02-c02","source_tile_ids":["r02-c02"],"source_bld_id":"388661884319","height_m":10.714,"receiver_ids":[182974,182975,182976,182977,182978,182979,182980,182981,182982,182983,182984,182985,182986,182987,182988,182989,182990,182991,182992,182993,182994,182995,182996,182997,182998],"receiver_keys":["r02-c02:expanded-facade-max4m:53199:0:10","r02-c02:expanded-facade-max4m:53199:0:11","r02-c02:expanded-facade-max4m:53199:0:12","r02-c02:expanded-facade-max4m:53199:0:13","r02-c02:expanded-facade-max4m:53199:0:14","r02-c02:expanded-facade-max4m:53199:0:15","r02-c02:expanded-facade-max4m:53199:0:16","r02-c02:expanded-facade-max4m:53199:0:17","r02-c02:expanded-facade-max4m:53199:0:18","r02-c02:expanded-facade-max4m:53199:0:19","r02-c02:expanded-facade-max4m:53199:0:2","r02-c02:expanded-facade-max4m:53199:0:20","r02-c02:expanded-facade-max4m:53199:0:21","r02-c02:expanded-facade-max4m:53199:0:3","r02-c02:expanded-facade-max4m:53199:0:39","r02-c02:expanded-facade-max4m:53199:0:4","r02-c02:expanded-facade-max4m:53199:0:40","r02-c02:expanded-facade-max4m:53199:0:41","r02-c02:expanded-facade-max4m:53199:0:42","r02-c02:expanded-facade-max4m:53199:0:43","r02-c02:expanded-facade-max4m:53199:0:5","r02-c02:expanded-facade-max4m:53199:0:6","r02-c02:expanded-facade-max4m:53199:0:7","r02-c02:expanded-facade-max4m:53199:0:8","r02-c02:expanded-facade-max4m:53199:0:9"],"receiver_count":25,"periods":{"D":{"min":50.809326,"max":67.26721,"receiver_count":25,"unavailable_count":0},"E":{"min":48.59084,"max":65.04872,"receiver_count":25,"unavailable_count":0},"N":{"min":43.819626,"max":60.277508,"receiver_count":25,"unavailable_count":0}}}},{"type":"Feature","id":"lariac:389276883873","geometry":{"type":"Polygon","coordinates":[[[-118.56984640997109,34.167662019645604],[-118.56986217805724,34.16766186239849],[-118.56986322479138,34.16773772788805],[-118.57000421205477,34.16773640348132],[-118.57000213640003,34.167582392412214],[-118.56998379029424,34.16758256182907],[-118.56998330588031,34.167545577326415],[-118.5700344451338,34.16754508834885],[-118.57003417408737,34.16752475527859],[-118.57006088404836,34.16752449233371],[-118.570060420928,34.16749047471549],[-118.56993404400019,34.1674916753373],[-118.56993417051119,34.16750052250382],[-118.56986574373433,34.16750117494787],[-118.56986688054181,34.16758547576943],[-118.56984539369003,34.16758568701225],[-118.56984640997109,34.167662019645604]]]},"properties":{"building_pk":53835,"building_key":"lariac:389276883873","source_tile":"r02-c02","source_tile_ids":["r02-c02"],"source_bld_id":"389276883873","height_m":6.142,"receiver_ids":[183673,183674,183675,183676,183677,183678,183679,183680,183681],"receiver_keys":["r02-c02:expanded-facade-max4m:53835:0:10","r02-c02:expanded-facade-max4m:53835:0:13","r02-c02:expanded-facade-max4m:53835:0:15","r02-c02:expanded-facade-max4m:53835:0:19","r02-c02:expanded-facade-max4m:53835:0:20","r02-c02:expanded-facade-max4m:53835:0:5","r02-c02:expanded-facade-max4m:53835:0:7","r02-c02:expanded-facade-max4m:53835:0:8","r02-c02:expanded-facade-max4m:53835:0:9"],"receiver_count":9,"periods":{"D":{"min":50.04853,"max":62.41016,"receiver_count":9,"unavailable_count":0},"E":{"min":47.830044,"max":60.191673,"receiver_count":9,"unavailable_count":0},"N":{"min":43.05883,"max":55.42046,"receiver_count":9,"unavailable_count":0}}}},{"type":"Feature","id":"lariac:387027885348","geometry":{"type":"Polygon","coordinates":[[[-118.57753034034752,34.17163972186792],[-118.57749023539463,34.1715581900954],[-118.57738907670834,34.171592582944044],[-118.57737385305911,34.17156160369804],[-118.5773033681343,34.171585572406265],[-118.57736191411169,34.1717045799922],[-118.57735798928005,34.17170591769116],[-118.57738092551844,34.17175252266574],[-118.57746173398952,34.171725042683356],[-118.57743557908114,34.17167194032829],[-118.57753034034752,34.17163972186792]]]},"properties":{"building_pk":54586,"building_key":"lariac:387027885348","source_tile":"r02-c02","source_tile_ids":["r02-c02"],"source_bld_id":"387027885348","height_m":3.542,"receiver_ids":[184456,184457,184458,184459,184460,184461,184462,184463,184464,184465,184466,184467,184468,184469,184470,184471],"receiver_keys":["r02-c02:expanded-facade-max4m:54586:0:1","r02-c02:expanded-facade-max4m:54586:0:10","r02-c02:expanded-facade-max4m:54586:0:11","r02-c02:expanded-facade-max4m:54586:0:13","r02-c02:expanded-facade-max4m:54586:0:14","r02-c02:expanded-facade-max4m:54586:0:15","r02-c02:expanded-facade-max4m:54586:0:16","r02-c02:expanded-facade-max4m:54586:0:18","r02-c02:expanded-facade-max4m:54586:0:19","r02-c02:expanded-facade-max4m:54586:0:2","r02-c02:expanded-facade-max4m:54586:0:3","r02-c02:expanded-facade-max4m:54586:0:4","r02-c02:expanded-facade-max4m:54586:0:5","r02-c02:expanded-facade-max4m:54586:0:6","r02-c02:expanded-facade-max4m:54586:0:7","r02-c02:expanded-facade-max4m:54586:0:9"],"receiver_count":16,"periods":{"D":{"min":59.022507,"max":66.257576,"receiver_count":16,"unavailable_count":0},"E":{"min":56.80402,"max":64.039085,"receiver_count":16,"unavailable_count":0},"N":{"min":52.032806,"max":59.267876,"receiver_count":16,"unavailable_count":0}}}},{"type":"Feature","id":"lariac:388277885495","geometry":{"type":"Polygon","coordinates":[[[-118.57322031527845,34.17206169880793],[-118.57323736676972,34.17209417999429],[-118.57326909125254,34.172082653915304],[-118.57325204101532,34.1720501988723],[-118.57322031527845,34.17206169880793]]]},"properties":{"building_pk":54669,"building_key":"lariac:388277885495","source_tile":"r02-c02","source_tile_ids":["r02-c02"],"source_bld_id":"388277885495","height_m":2.755,"receiver_ids":[184497,184498],"receiver_keys":["r02-c02:expanded-facade-max4m:54669:0:2","r02-c02:expanded-facade-max4m:54669:0:4"],"receiver_count":2,"periods":{"D":{"min":81.28099,"max":81.7751,"receiver_count":2,"unavailable_count":0},"E":{"min":79.0625,"max":79.55661,"receiver_count":2,"unavailable_count":0},"N":{"min":74.29129,"max":74.7854,"receiver_count":2,"unavailable_count":0}}}},{"type":"Feature","id":"lariac:387909885538","geometry":{"type":"Polygon","coordinates":[[[-118.57443984142668,34.17225604259543],[-118.57453347997117,34.17221913297063],[-118.5745356561713,34.17222296952574],[-118.57460525831108,34.172195516749376],[-118.57456851513206,34.17213117043251],[-118.57450863890548,34.17215478508479],[-118.57445523056936,34.172061196944725],[-118.57435186540287,34.172101972552014],[-118.57443984142668,34.17225604259543]]]},"properties":{"building_pk":56006,"building_key":"lariac:387909885538","source_tile":"r02-c02","source_tile_ids":["r02-c02"],"source_bld_id":"387909885538","height_m":3.731,"receiver_ids":[185804,185805,185806,185807,185808,185809,185810,185811,185812,185813,185814,185815,185816,185817,185818,185819,185820,185821,185822],"receiver_keys":["r02-c02:expanded-facade-max4m:56006:0:1","r02-c02:expanded-facade-max4m:56006:0:10","r02-c02:expanded-facade-max4m:56006:0:11","r02-c02:expanded-facade-max4m:56006:0:12","r02-c02:expanded-facade-max4m:56006:0:13","r02-c02:expanded-facade-max4m:56006:0:14","r02-c02:expanded-facade-max4m:56006:0:15","r02-c02:expanded-facade-max4m:56006:0:16","r02-c02:expanded-facade-max4m:56006:0:17","r02-c02:expanded-facade-max4m:56006:0:18","r02-c02:expanded-facade-max4m:56006:0:19","r02-c02:expanded-facade-max4m:56006:0:2","r02-c02:expanded-facade-max4m:56006:0:3","r02-c02:expanded-facade-max4m:56006:0:4","r02-c02:expanded-facade-max4m:56006:0:5","r02-c02:expanded-facade-max4m:56006:0:6","r02-c02:expanded-facade-max4m:56006:0:7","r02-c02:expanded-facade-max4m:56006:0:8","r02-c02:expanded-facade-max4m:56006:0:9"],"receiver_count":19,"periods":{"D":{"min":75.52544,"max":76.71311,"receiver_count":19,"unavailable_count":0},"E":{"min":73.306946,"max":74.49463,"receiver_count":19,"unavailable_count":0},"N":{"min":68.535736,"max":69.72341,"receiver_count":19,"unavailable_count":0}}}},{"type":"Feature","id":"lariac:388470884653","geometry":{"type":"Polygon","coordinates":[[[-118.57255580946624,34.16985931467427],[-118.5726897350146,34.169811004104474],[-118.57268765799172,34.16980705705882],[-118.57271005032888,34.16979898225598],[-118.5726964832313,34.169772968411166],[-118.5726744871108,34.16978093134668],[-118.57260889507893,34.16965533304663],[-118.57247460733046,34.16970378227717],[-118.57255580946624,34.16985931467427]]]},"properties":{"building_pk":56052,"building_key":"lariac:388470884653","source_tile":"r02-c02","source_tile_ids":["r02-c02"],"source_bld_id":"388470884653","height_m":4.255,"receiver_ids":[185913,185914,185915,185916,185917,185918,185919,185920,185921,185922,185923,185924,185925,185926,185927,185928],"receiver_keys":["r02-c02:expanded-facade-max4m:56052:0:1","r02-c02:expanded-facade-max4m:56052:0:10","r02-c02:expanded-facade-max4m:56052:0:11","r02-c02:expanded-facade-max4m:56052:0:12","r02-c02:expanded-facade-max4m:56052:0:13","r02-c02:expanded-facade-max4m:56052:0:14","r02-c02:expanded-facade-max4m:56052:0:15","r02-c02:expanded-facade-max4m:56052:0:16","r02-c02:expanded-facade-max4m:56052:0:17","r02-c02:expanded-facade-max4m:56052:0:18","r02-c02:expanded-facade-max4m:56052:0:2","r02-c02:expanded-facade-max4m:56052:0:3","r02-c02:expanded-facade-max4m:56052:0:4","r02-c02:expanded-facade-max4m:56052:0:7","r02-c02:expanded-facade-max4m:56052:0:8","r02-c02:expanded-facade-max4m:56052:0:9"],"receiver_count":16,"periods":{"D":{"min":68.71393,"max":71.36107,"receiver_count":16,"unavailable_count":0},"E":{"min":66.49544,"max":69.142586,"receiver_count":16,"unavailable_count":0},"N":{"min":61.724228,"max":64.37137,"receiver_count":16,"unavailable_count":0}}}},{"type":"Feature","id":"lariac:2014121118460000","geometry":{"type":"Polygon","coordinates":[[[-118.57132122382338,34.16994559668808],[-118.57121255067453,34.16994579270742],[-118.57121397236098,34.17049212593605],[-118.57132264622653,34.170491930816894],[-118.57132122382338,34.16994559668808]]]},"properties":{"building_pk":56379,"building_key":"lariac:2014121118460000","source_tile":"r02-c02","source_tile_ids":["r02-c02"],"source_bld_id":"2014121118460000","height_m":4.773,"receiver_ids":[186362,186363,186364,186365,186366,186367,186368,186369,186370,186371,186372,186373,186374,186375,186376,186377,186378,186379,186380,186381,186382,186383,186384,186385,186386,186387,186388,186389,186390,186391,186392,186393,186394,186395,186396,186397],"receiver_keys":["r02-c02:expanded-facade-max4m:56379:0:1","r02-c02:expanded-facade-max4m:56379:0:10","r02-c02:expanded-facade-max4m:56379:0:11","r02-c02:expanded-facade-max4m:56379:0:12","r02-c02:expanded-facade-max4m:56379:0:13","r02-c02:expanded-facade-max4m:56379:0:14","r02-c02:expanded-facade-max4m:56379:0:15","r02-c02:expanded-facade-max4m:56379:0:16","r02-c02:expanded-facade-max4m:56379:0:17","r02-c02:expanded-facade-max4m:56379:0:18","r02-c02:expanded-facade-max4m:56379:0:19","r02-c02:expanded-facade-max4m:56379:0:2","r02-c02:expanded-facade-max4m:56379:0:20","r02-c02:expanded-facade-max4m:56379:0:21","r02-c02:expanded-facade-max4m:56379:0:22","r02-c02:expanded-facade-max4m:56379:0:23","r02-c02:expanded-facade-max4m:56379:0:24","r02-c02:expanded-facade-max4m:56379:0:25","r02-c02:expanded-facade-max4m:56379:0:26","r02-c02:expanded-facade-max4m:56379:0:27","r02-c02:expanded-facade-max4m:56379:0:28","r02-c02:expanded-facade-max4m:56379:0:29","r02-c02:expanded-facade-max4m:56379:0:3","r02-c02:expanded-facade-max4m:56379:0:30","r02-c02:expanded-facade-max4m:56379:0:31","r02-c02:expanded-facade-max4m:56379:0:32","r02-c02:expanded-facade-max4m:56379:0:33","r02-c02:expanded-facade-max4m:56379:0:34","r02-c02:expanded-facade-max4m:56379:0:35","r02-c02:expanded-facade-max4m:56379:0:36","r02-c02:expanded-facade-max4m:56379:0:4","r02-c02:expanded-facade-max4m:56379:0:5","r02-c02:expanded-facade-max4m:56379:0:6","r02-c02:expanded-facade-max4m:56379:0:7","r02-c02:expanded-facade-max4m:56379:0:8","r02-c02:expanded-facade-max4m:56379:0:9"],"receiver_count":36,"periods":{"D":{"min":69.92274,"max":74.28283,"receiver_count":36,"unavailable_count":0},"E":{"min":67.704254,"max":72.06434,"receiver_count":36,"unavailable_count":0},"N":{"min":62.93304,"max":67.29313,"receiver_count":36,"unavailable_count":0}}}},{"type":"Feature","id":"lariac:2014121118490000","geometry":{"type":"Polygon","coordinates":[[[-118.57185695405357,34.16994466836271],[-118.57174956211637,34.169944901178724],[-118.57175058574022,34.17027215542106],[-118.57185797810419,34.17027192350567],[-118.57185695405357,34.16994466836271]]]},"properties":{"building_pk":56380,"building_key":"lariac:2014121118490000","source_tile":"r02-c02","source_tile_ids":["r02-c02"],"source_bld_id":"2014121118490000","height_m":5.243,"receiver_ids":[186398,186399,186400,186401,186402,186403,186404,186405,186406,186407,186408,186409,186410,186411,186412,186413,186414,186415,186416,186417,186418,186419,186420,186421],"receiver_keys":["r02-c02:expanded-facade-max4m:56380:0:1","r02-c02:expanded-facade-max4m:56380:0:10","r02-c02:expanded-facade-max4m:56380:0:11","r02-c02:expanded-facade-max4m:56380:0:12","r02-c02:expanded-facade-max4m:56380:0:13","r02-c02:expanded-facade-max4m:56380:0:14","r02-c02:expanded-facade-max4m:56380:0:15","r02-c02:expanded-facade-max4m:56380:0:16","r02-c02:expanded-facade-max4m:56380:0:17","r02-c02:expanded-facade-max4m:56380:0:18","r02-c02:expanded-facade-max4m:56380:0:19","r02-c02:expanded-facade-max4m:56380:0:2","r02-c02:expanded-facade-max4m:56380:0:20","r02-c02:expanded-facade-max4m:56380:0:21","r02-c02:expanded-facade-max4m:56380:0:22","r02-c02:expanded-facade-max4m:56380:0:23","r02-c02:expanded-facade-max4m:56380:0:24","r02-c02:expanded-facade-max4m:56380:0:3","r02-c02:expanded-facade-max4m:56380:0:4","r02-c02:expanded-facade-max4m:56380:0:5","r02-c02:expanded-facade-max4m:56380:0:6","r02-c02:expanded-facade-max4m:56380:0:7","r02-c02:expanded-facade-max4m:56380:0:8","r02-c02:expanded-facade-max4m:56380:0:9"],"receiver_count":24,"periods":{"D":{"min":63.40151,"max":71.6873,"receiver_count":24,"unavailable_count":0},"E":{"min":61.18302,"max":69.46881,"receiver_count":24,"unavailable_count":0},"N":{"min":56.411808,"max":64.6976,"receiver_count":24,"unavailable_count":0}}}},{"type":"Feature","id":"lariac:201700285359","geometry":{"type":"Polygon","coordinates":[[[-118.57690548617282,34.171571019737804],[-118.5769072346845,34.17163417096399],[-118.57698922545592,34.17163260238369],[-118.57698761847084,34.17157456134414],[-118.57701177070474,34.171574099013206],[-118.5770065928072,34.17138709000682],[-118.57690087974431,34.17138913869685],[-118.5769032497787,34.17147475527287],[-118.57686320070584,34.17147552060243],[-118.57686526849945,34.171550201071895],[-118.57690358020506,34.171549468371516],[-118.57690417715946,34.17157104491487],[-118.57690548617282,34.171571019737804]]]},"properties":{"building_pk":56714,"building_key":"lariac:201700285359","source_tile":"r02-c02","source_tile_ids":["r02-c02"],"source_bld_id":"201700285359","height_m":4.703,"receiver_ids":[186809,186810,186811,186812,186813,186814,186815,186816,186817,186818,186819,186820,186821,186822,186823,186824,186825,186826],"receiver_keys":["r02-c02:expanded-facade-max4m:56714:0:1","r02-c02:expanded-facade-max4m:56714:0:10","r02-c02:expanded-facade-max4m:56714:0:11","r02-c02:expanded-facade-max4m:56714:0:12","r02-c02:expanded-facade-max4m:56714:0:13","r02-c02:expanded-facade-max4m:56714:0:14","r02-c02:expanded-facade-max4m:56714:0:15","r02-c02:expanded-facade-max4m:56714:0:16","r02-c02:expanded-facade-max4m:56714:0:18","r02-c02:expanded-facade-max4m:56714:0:19","r02-c02:expanded-facade-max4m:56714:0:2","r02-c02:expanded-facade-max4m:56714:0:20","r02-c02:expanded-facade-max4m:56714:0:3","r02-c02:expanded-facade-max4m:56714:0:4","r02-c02:expanded-facade-max4m:56714:0:5","r02-c02:expanded-facade-max4m:56714:0:7","r02-c02:expanded-facade-max4m:56714:0:8","r02-c02:expanded-facade-max4m:56714:0:9"],"receiver_count":18,"periods":{"D":{"min":57.21438,"max":70.82868,"receiver_count":18,"unavailable_count":0},"E":{"min":54.99589,"max":68.61019,"receiver_count":18,"unavailable_count":0},"N":{"min":50.224678,"max":63.83898,"receiver_count":18,"unavailable_count":0}}}},{"type":"Feature","id":"lariac:387958885381","geometry":{"type":"Polygon","coordinates":[[[-118.57433068301323,34.171761963388285],[-118.57431166225011,34.171726605860165],[-118.57426680048938,34.171743166620864],[-118.57428697647937,34.171778219357],[-118.57433068301323,34.171761963388285]]]},"properties":{"building_pk":60540,"building_key":"lariac:387958885381","source_tile":"r02-c02","source_tile_ids":["r02-c02"],"source_bld_id":"387958885381","height_m":2.243,"receiver_ids":[187934,187935,187936],"receiver_keys":["r02-c02:expanded-facade-max4m:60540:0:2","r02-c02:expanded-facade-max4m:60540:0:3","r02-c02:expanded-facade-max4m:60540:0:4"],"receiver_count":3,"periods":{"D":{"min":80.31178,"max":80.943596,"receiver_count":3,"unavailable_count":0},"E":{"min":78.09329,"max":78.725105,"receiver_count":3,"unavailable_count":0},"N":{"min":73.32208,"max":73.953896,"receiver_count":3,"unavailable_count":0}}}},{"type":"Feature","id":"lariac:388443885797","geometry":{"type":"Polygon","coordinates":[[[-118.57264119671511,34.17291053898893],[-118.57261328692474,34.17292131388307],[-118.57264098117507,34.17297182705315],[-118.57267001150674,34.17296058525539],[-118.5726747493948,34.17296881466309],[-118.57283634129341,34.17290451746241],[-118.57280027120291,34.172841843397066],[-118.57274243979641,34.172864842548314],[-118.57271018578608,34.17280882812909],[-118.57277197295821,34.17278424337232],[-118.57273781105924,34.17272491309791],[-118.57266768156892,34.172752806344384],[-118.57267832195728,34.17277127730289],[-118.57258287018321,34.17280923805904],[-118.57264119671511,34.17291053898893]]]},"properties":{"building_pk":60545,"building_key":"lariac:388443885797","source_tile":"r02-c02","source_tile_ids":["r02-c02"],"source_bld_id":"388443885797","height_m":4.289,"receiver_ids":[187941,187942,187943,187944,187945,187946,187947,187948,187949,187950,187951,187952,187953,187954,187955,187956,187957,187958,187959,187960,187961,187962],"receiver_keys":["r02-c02:expanded-facade-max4m:60545:0:1","r02-c02:expanded-facade-max4m:60545:0:10","r02-c02:expanded-facade-max4m:60545:0:11","r02-c02:expanded-facade-max4m:60545:0:12","r02-c02:expanded-facade-max4m:60545:0:14","r02-c02:expanded-facade-max4m:60545:0:15","r02-c02:expanded-facade-max4m:60545:0:16","r02-c02:expanded-facade-max4m:60545:0:17","r02-c02:expanded-facade-max4m:60545:0:18","r02-c02:expanded-facade-max4m:60545:0:2","r02-c02:expanded-facade-max4m:60545:0:20","r02-c02:expanded-facade-max4m:60545:0:21","r02-c02:expanded-facade-max4m:60545:0:22","r02-c02:expanded-facade-max4m:60545:0:23","r02-c02:expanded-facade-max4m:60545:0:24","r02-c02:expanded-facade-max4m:60545:0:3","r02-c02:expanded-facade-max4m:60545:0:4","r02-c02:expanded-facade-max4m:60545:0:5","r02-c02:expanded-facade-max4m:60545:0:6","r02-c02:expanded-facade-max4m:60545:0:7","r02-c02:expanded-facade-max4m:60545:0:8","r02-c02:expanded-facade-max4m:60545:0:9"],"receiver_count":22,"periods":{"D":{"min":76.083015,"max":77.260376,"receiver_count":22,"unavailable_count":0},"E":{"min":73.864525,"max":75.04189,"receiver_count":22,"unavailable_count":0},"N":{"min":69.093315,"max":70.270676,"receiver_count":22,"unavailable_count":0}}}},{"type":"Feature","id":"lariac:388388885951","geometry":{"type":"Polygon","coordinates":[[[-118.57284232547043,34.17342054712748],[-118.5729623267259,34.1733948084105],[-118.57292696369933,34.173280909738864],[-118.57299015019422,34.17326736577788],[-118.57297084574503,34.17320516136639],[-118.57279941103783,34.17324194422561],[-118.57280191357742,34.17325003816566],[-118.57277101282865,34.17325664228927],[-118.57280066199573,34.17335210171785],[-118.57281981001309,34.17334799914721],[-118.57284232547043,34.17342054712748]]]},"properties":{"building_pk":60557,"building_key":"lariac:388388885951","source_tile":"r02-c02","source_tile_ids":["r02-c02"],"source_bld_id":"388388885951","height_m":4.639,"receiver_ids":[187985,187986,187987,187988,187989,187990,187991,187992,187993,187994,187995,187996,187997,187998,187999,188000,188001,188002,188003,188004],"receiver_keys":["r02-c02:expanded-facade-max4m:60557:0:1","r02-c02:expanded-facade-max4m:60557:0:10","r02-c02:expanded-facade-max4m:60557:0:11","r02-c02:expanded-facade-max4m:60557:0:12","r02-c02:expanded-facade-max4m:60557:0:13","r02-c02:expanded-facade-max4m:60557:0:14","r02-c02:expanded-facade-max4m:60557:0:15","r02-c02:expanded-facade-max4m:60557:0:16","r02-c02:expanded-facade-max4m:60557:0:17","r02-c02:expanded-facade-max4m:60557:0:18","r02-c02:expanded-facade-max4m:60557:0:19","r02-c02:expanded-facade-max4m:60557:0:2","r02-c02:expanded-facade-max4m:60557:0:20","r02-c02:expanded-facade-max4m:60557:0:3","r02-c02:expanded-facade-max4m:60557:0:4","r02-c02:expanded-facade-max4m:60557:0:5","r02-c02:expanded-facade-max4m:60557:0:6","r02-c02:expanded-facade-max4m:60557:0:7","r02-c02:expanded-facade-max4m:60557:0:8","r02-c02:expanded-facade-max4m:60557:0:9"],"receiver_count":20,"periods":{"D":{"min":64.59554,"max":75.363,"receiver_count":20,"unavailable_count":0},"E":{"min":62.377052,"max":73.14451,"receiver_count":20,"unavailable_count":0},"N":{"min":57.605843,"max":68.3733,"receiver_count":20,"unavailable_count":0}}}},{"type":"Feature","id":"lariac:388834883782","geometry":{"type":"Polygon","coordinates":[[[-118.57149331800066,34.167455243342594],[-118.57149344133786,34.16737670736347],[-118.5714855409371,34.16737668970583],[-118.57148577949789,34.167218270877896],[-118.57116771796136,34.16721796057439],[-118.5711675986413,34.16730204734563],[-118.57129560354784,34.16730215670265],[-118.57129539301675,34.16745505162947],[-118.57149331800066,34.167455243342594]]]},"properties":{"building_pk":60677,"building_key":"lariac:388834883782","source_tile":"r02-c02","source_tile_ids":["r02-c02"],"source_bld_id":"388834883782","height_m":6.136,"receiver_ids":[188155,188156,188157,188158,188159,188172,188173,188174,188175,188176,188177,188178,188179,188180,188181,188182,188183],"receiver_keys":["r02-c02:expanded-facade-max4m:60677:0:1","r02-c02:expanded-facade-max4m:60677:0:18","r02-c02:expanded-facade-max4m:60677:0:19","r02-c02:expanded-facade-max4m:60677:0:2","r02-c02:expanded-facade-max4m:60677:0:20","r02-c02:expanded-facade-max4m:60677:0:21","r02-c02:expanded-facade-max4m:60677:0:22","r02-c02:expanded-facade-max4m:60677:0:23","r02-c02:expanded-facade-max4m:60677:0:24","r02-c02:expanded-facade-max4m:60677:0:25","r02-c02:expanded-facade-max4m:60677:0:26","r02-c02:expanded-facade-max4m:60677:0:27","r02-c02:expanded-facade-max4m:60677:0:28","r02-c02:expanded-facade-max4m:60677:0:29","r02-c02:expanded-facade-max4m:60677:0:3","r02-c02:expanded-facade-max4m:60677:0:4","r02-c02:expanded-facade-max4m:60677:0:5"],"receiver_count":17,"periods":{"D":{"min":60.945446,"max":69.21166,"receiver_count":17,"unavailable_count":0},"E":{"min":58.72696,"max":66.99317,"receiver_count":17,"unavailable_count":0},"N":{"min":53.955746,"max":62.221962,"receiver_count":17,"unavailable_count":0}}}},{"type":"Feature","id":"lariac:389300885345","geometry":{"type":"Polygon","coordinates":[[[-118.56982217902654,34.17181632082256],[-118.56993816671012,34.17177436357893],[-118.56988627981318,34.171675325452085],[-118.56990059499832,34.17167036711028],[-118.56988360111583,34.17163642829195],[-118.569867868449,34.17164188825951],[-118.56983522399142,34.17157677923741],[-118.56972179670204,34.17161608640039],[-118.56982217902654,34.17181632082256]]]},"properties":{"building_pk":60721,"building_key":"lariac:389300885345","source_tile":"r02-c02","source_tile_ids":["r02-c02"],"source_bld_id":"389300885345","height_m":5.95,"receiver_ids":[188344,188345,188346,188347,188348,188349,188350,188351,188352,188353,188354,188355,188356,188357,188358,188359,188360,188361,188362],"receiver_keys":["r02-c02:expanded-facade-max4m:60721:0:1","r02-c02:expanded-facade-max4m:60721:0:10","r02-c02:expanded-facade-max4m:60721:0:11","r02-c02:expanded-facade-max4m:60721:0:12","r02-c02:expanded-facade-max4m:60721:0:13","r02-c02:expanded-facade-max4m:60721:0:14","r02-c02:expanded-facade-max4m:60721:0:15","r02-c02:expanded-facade-max4m:60721:0:16","r02-c02:expanded-facade-max4m:60721:0:17","r02-c02:expanded-facade-max4m:60721:0:18","r02-c02:expanded-facade-max4m:60721:0:19","r02-c02:expanded-facade-max4m:60721:0:2","r02-c02:expanded-facade-max4m:60721:0:3","r02-c02:expanded-facade-max4m:60721:0:4","r02-c02:expanded-facade-max4m:60721:0:5","r02-c02:expanded-facade-max4m:60721:0:6","r02-c02:expanded-facade-max4m:60721:0:7","r02-c02:expanded-facade-max4m:60721:0:8","r02-c02:expanded-facade-max4m:60721:0:9"],"receiver_count":19,"periods":{"D":{"min":72.44079,"max":79.749954,"receiver_count":19,"unavailable_count":0},"E":{"min":70.2223,"max":77.53147,"receiver_count":19,"unavailable_count":0},"N":{"min":65.45109,"max":72.760254,"receiver_count":19,"unavailable_count":0}}}},{"type":"Feature","id":"lariac:389124885941","geometry":{"type":"Polygon","coordinates":[[[-118.57043306640254,34.173326113626786],[-118.57047128403084,34.17332593335452],[-118.57047108386361,34.17329169451715],[-118.57043286606631,34.17329184774385],[-118.57043306640254,34.173326113626786]]]},"properties":{"building_pk":61249,"building_key":"lariac:389124885941","source_tile":"r02-c02","source_tile_ids":["r02-c02"],"source_bld_id":"389124885941","height_m":3.968,"receiver_ids":[188905,188906,188907,188908],"receiver_keys":["r02-c02:expanded-facade-max4m:61249:0:1","r02-c02:expanded-facade-max4m:61249:0:2","r02-c02:expanded-facade-max4m:61249:0:3","r02-c02:expanded-facade-max4m:61249:0:4"],"receiver_count":4,"periods":{"D":{"min":72.54709,"max":74.60955,"receiver_count":4,"unavailable_count":0},"E":{"min":70.3286,"max":72.39107,"receiver_count":4,"unavailable_count":0},"N":{"min":65.55739,"max":67.61985,"receiver_count":4,"unavailable_count":0}}}},{"type":"Feature","id":"lariac:388868883877","geometry":{"type":"Polygon","coordinates":[[[-118.57117607291737,34.16751642719432],[-118.57117832459492,34.16757989344642],[-118.57118596014422,34.16757971944462],[-118.57118882484654,34.16766019225215],[-118.57117038082473,34.1676606372827],[-118.57117284070159,34.16773028444625],[-118.57125388801855,34.16772833562712],[-118.5712537634404,34.16772470929975],[-118.57126820793256,34.167724338144836],[-118.57126648938988,34.16767603877301],[-118.57134912300477,34.16767402650027],[-118.57134617315452,34.16759064120597],[-118.57134339593377,34.16759070932169],[-118.57134294766882,34.167578290852965],[-118.5714352325945,34.167576041793595],[-118.57143543592998,34.1675815087037],[-118.57146868774427,34.16758069253996],[-118.5714662274279,34.16751101653408],[-118.57140712839474,34.16751247772985],[-118.57140732951534,34.167517779667754],[-118.5712141982131,34.16752248490126],[-118.57121395201901,34.16751550630216],[-118.57117607291737,34.16751642719432]]]},"properties":{"building_pk":61436,"building_key":"lariac:388868883877","source_tile":"r02-c02","source_tile_ids":["r02-c02"],"source_bld_id":"388868883877","height_m":5.496,"receiver_ids":[189160,189161,189162,189163,189164,189165,189166,189167,189168,189169,189170,189171,189172,189173,189174,189175,189176,189177,189178,189179,189180,189181,189182,189183,189184],"receiver_keys":["r02-c02:expanded-facade-max4m:61436:0:1","r02-c02:expanded-facade-max4m:61436:0:10","r02-c02:expanded-facade-max4m:61436:0:11","r02-c02:expanded-facade-max4m:61436:0:12","r02-c02:expanded-facade-max4m:61436:0:13","r02-c02:expanded-facade-max4m:61436:0:14","r02-c02:expanded-facade-max4m:61436:0:16","r02-c02:expanded-facade-max4m:61436:0:17","r02-c02:expanded-facade-max4m:61436:0:18","r02-c02:expanded-facade-max4m:61436:0:19","r02-c02:expanded-facade-max4m:61436:0:2","r02-c02:expanded-facade-max4m:61436:0:20","r02-c02:expanded-facade-max4m:61436:0:21","r02-c02:expanded-facade-max4m:61436:0:22","r02-c02:expanded-facade-max4m:61436:0:23","r02-c02:expanded-facade-max4m:61436:0:24","r02-c02:expanded-facade-max4m:61436:0:25","r02-c02:expanded-facade-max4m:61436:0:26","r02-c02:expanded-facade-max4m:61436:0:27","r02-c02:expanded-facade-max4m:61436:0:3","r02-c02:expanded-facade-max4m:61436:0:4","r02-c02:expanded-facade-max4m:61436:0:5","r02-c02:expanded-facade-max4m:61436:0:6","r02-c02:expanded-facade-max4m:61436:0:7","r02-c02:expanded-facade-max4m:61436:0:8"],"receiver_count":25,"periods":{"D":{"min":59.292503,"max":70.77749,"receiver_count":25,"unavailable_count":0},"E":{"min":57.074017,"max":68.559006,"receiver_count":25,"unavailable_count":0},"N":{"min":52.302807,"max":63.787792,"receiver_count":25,"unavailable_count":0}}}},{"type":"Feature","id":"lariac:387856885605","geometry":{"type":"Polygon","coordinates":[[[-118.5746084130439,34.17238499846968],[-118.57465763172894,34.172393283303],[-118.57466849889656,34.17234863221707],[-118.574619280243,34.17234034828974],[-118.5746084130439,34.17238499846968]]]},"properties":{"building_pk":61643,"building_key":"lariac:387856885605","source_tile":"r02-c02","source_tile_ids":["r02-c02"],"source_bld_id":"387856885605","height_m":2.259,"receiver_ids":[189416,189417,189418,189419],"receiver_keys":["r02-c02:expanded-facade-max4m:61643:0:1","r02-c02:expanded-facade-max4m:61643:0:2","r02-c02:expanded-facade-max4m:61643:0:3","r02-c02:expanded-facade-max4m:61643:0:4"],"receiver_count":4,"periods":{"D":{"min":75.0588,"max":75.37785,"receiver_count":4,"unavailable_count":0},"E":{"min":72.84032,"max":73.15936,"receiver_count":4,"unavailable_count":0},"N":{"min":68.0691,"max":68.38815,"receiver_count":4,"unavailable_count":0}}}},{"type":"Feature","id":"lariac:388742885976","geometry":{"type":"Polygon","coordinates":[[[-118.57165701361482,34.173369548726114],[-118.57162737279938,34.17337420106679],[-118.57163807458477,34.173465870982774],[-118.57170037432098,34.17345520511327],[-118.5716984865539,34.17344642667654],[-118.57177612113166,34.17343347948901],[-118.57176886274598,34.173406584651616],[-118.57187775983573,34.173386312388125],[-118.57186961871469,34.17335612297708],[-118.57195735016514,34.17333979761917],[-118.57192739531334,34.173228538953246],[-118.57190025420665,34.17323358613633],[-118.57189387576126,34.173209902055255],[-118.57181231921678,34.173225071239926],[-118.57181408389621,34.173231712693266],[-118.57178664487974,34.17323681625365],[-118.57179146129367,34.17325462784804],[-118.57170105509798,34.17327143273065],[-118.57170241244867,34.173276565121526],[-118.57168454877217,34.17327989152415],[-118.57168743281,34.17329065045394],[-118.57164691821912,34.17329817874265],[-118.57165824818222,34.173340250786325],[-118.57166805528952,34.17333841756556],[-118.57167351680853,34.173358727001386],[-118.57165502585352,34.17336216635333],[-118.57165701361482,34.173369548726114]]]},"properties":{"building_pk":61862,"building_key":"lariac:388742885976","source_tile":"r02-c02","source_tile_ids":["r02-c02"],"source_bld_id":"388742885976","height_m":8.315,"receiver_ids":[189790,189791,189792,189793,189794,189795,189796,189797,189798,189799,189800,189801,189802,189803,189804,189805,189806,189807,189808,189809,189810,189811,189812,189813,189814],"receiver_keys":["r02-c02:expanded-facade-max4m:61862:0:1","r02-c02:expanded-facade-max4m:61862:0:10","r02-c02:expanded-facade-max4m:61862:0:11","r02-c02:expanded-facade-max4m:61862:0:12","r02-c02:expanded-facade-max4m:61862:0:13","r02-c02:expanded-facade-max4m:61862:0:14","r02-c02:expanded-facade-max4m:61862:0:15","r02-c02:expanded-facade-max4m:61862:0:16","r02-c02:expanded-facade-max4m:61862:0:17","r02-c02:expanded-facade-max4m:61862:0:18","r02-c02:expanded-facade-max4m:61862:0:19","r02-c02:expanded-facade-max4m:61862:0:2","r02-c02:expanded-facade-max4m:61862:0:20","r02-c02:expanded-facade-max4m:61862:0:21","r02-c02:expanded-facade-max4m:61862:0:22","r02-c02:expanded-facade-max4m:61862:0:23","r02-c02:expanded-facade-max4m:61862:0:25","r02-c02:expanded-facade-max4m:61862:0:26","r02-c02:expanded-facade-max4m:61862:0:27","r02-c02:expanded-facade-max4m:61862:0:3","r02-c02:expanded-facade-max4m:61862:0:4","r02-c02:expanded-facade-max4m:61862:0:5","r02-c02:expanded-facade-max4m:61862:0:6","r02-c02:expanded-facade-max4m:61862:0:7","r02-c02:expanded-facade-max4m:61862:0:9"],"receiver_count":25,"periods":{"D":{"min":55.45208,"max":76.11527,"receiver_count":25,"unavailable_count":0},"E":{"min":53.233593,"max":73.89679,"receiver_count":25,"unavailable_count":0},"N":{"min":48.46238,"max":69.12557,"receiver_count":25,"unavailable_count":0}}}},{"type":"Feature","id":"lariac:388176884833","geometry":{"type":"Polygon","coordinates":[[[-118.57444262295749,34.17007374435347],[-118.57438846676578,34.16996251920901],[-118.57437768294659,34.16996641732247],[-118.57435878889494,34.16993034427716],[-118.57351940305055,34.170234538070986],[-118.57373865064113,34.17064752642594],[-118.57378201664415,34.170631822211604],[-118.57378700863487,34.17064136121653],[-118.57391964611513,34.17059335831753],[-118.57382598245931,34.170414610756985],[-118.57389493978364,34.170389634382296],[-118.57385577988735,34.1703149676169],[-118.57378497551653,34.17034058381495],[-118.57377231347115,34.17031643559923],[-118.57444262295749,34.17007374435347]]]},"properties":{"building_pk":61865,"building_key":"lariac:388176884833","source_tile":"r02-c02","source_tile_ids":["r02-c02"],"source_bld_id":"388176884833","height_m":15.176,"receiver_ids":[189815,189816,189817,189818,189819,189820,189821,189822,189823,189824,189825,189826,189827,189828,189829,189830,189831,189832,189833,189834,189835,189836,189837,189838,189839,189840,189841,189842,189843,189844,189845,189846,189847,189848,189849,189850,189851,189852,189853,189854,189855,189856,189857,189858,189859,189860,189861,189862,189863,189864,189865,189866,189867,189868,189869,189870,189871,189872,189873,189874,189875,189876,189877,189878,189879],"receiver_keys":["r02-c02:expanded-facade-max4m:61865:0:1","r02-c02:expanded-facade-max4m:61865:0:10","r02-c02:expanded-facade-max4m:61865:0:11","r02-c02:expanded-facade-max4m:61865:0:12","r02-c02:expanded-facade-max4m:61865:0:13","r02-c02:expanded-facade-max4m:61865:0:14","r02-c02:expanded-facade-max4m:61865:0:15","r02-c02:expanded-facade-max4m:61865:0:16","r02-c02:expanded-facade-max4m:61865:0:17","r02-c02:expanded-facade-max4m:61865:0:18","r02-c02:expanded-facade-max4m:61865:0:19","r02-c02:expanded-facade-max4m:61865:0:2","r02-c02:expanded-facade-max4m:61865:0:20","r02-c02:expanded-facade-max4m:61865:0:21","r02-c02:expanded-facade-max4m:61865:0:22","r02-c02:expanded-facade-max4m:61865:0:23","r02-c02:expanded-facade-max4m:61865:0:24","r02-c02:expanded-facade-max4m:61865:0:25","r02-c02:expanded-facade-max4m:61865:0:26","r02-c02:expanded-facade-max4m:61865:0:27","r02-c02:expanded-facade-max4m:61865:0:28","r02-c02:expanded-facade-max4m:61865:0:29","r02-c02:expanded-facade-max4m:61865:0:3","r02-c02:expanded-facade-max4m:61865:0:30","r02-c02:expanded-facade-max4m:61865:0:31","r02-c02:expanded-facade-max4m:61865:0:32","r02-c02:expanded-facade-max4m:61865:0:33","r02-c02:expanded-facade-max4m:61865:0:34","r02-c02:expanded-facade-max4m:61865:0:35","r02-c02:expanded-facade-max4m:61865:0:36","r02-c02:expanded-facade-max4m:61865:0:37","r02-c02:expanded-facade-max4m:61865:0:38","r02-c02:expanded-facade-max4m:61865:0:39","r02-c02:expanded-facade-max4m:61865:0:41","r02-c02:expanded-facade-max4m:61865:0:42","r02-c02:expanded-facade-max4m:61865:0:43","r02-c02:expanded-facade-max4m:61865:0:44","r02-c02:expanded-facade-max4m:61865:0:45","r02-c02:expanded-facade-max4m:61865:0:46","r02-c02:expanded-facade-max4m:61865:0:47","r02-c02:expanded-facade-max4m:61865:0:48","r02-c02:expanded-facade-max4m:61865:0:5","r02-c02:expanded-facade-max4m:61865:0:50","r02-c02:expanded-facade-max4m:61865:0:51","r02-c02:expanded-facade-max4m:61865:0:52","r02-c02:expanded-facade-max4m:61865:0:53","r02-c02:expanded-facade-max4m:61865:0:58","r02-c02:expanded-facade-max4m:61865:0:59","r02-c02:expanded-facade-max4m:61865:0:6","r02-c02:expanded-facade-max4m:61865:0:60","r02-c02:expanded-facade-max4m:61865:0:61","r02-c02:expanded-facade-max4m:61865:0:62","r02-c02:expanded-facade-max4m:61865:0:63","r02-c02:expanded-facade-max4m:61865:0:64","r02-c02:expanded-facade-max4m:61865:0:65","r02-c02:expanded-facade-max4m:61865:0:66","r02-c02:expanded-facade-max4m:61865:0:67","r02-c02:expanded-facade-max4m:61865:0:68","r02-c02:expanded-facade-max4m:61865:0:69","r02-c02:expanded-facade-max4m:61865:0:7","r02-c02:expanded-facade-max4m:61865:0:70","r02-c02:expanded-facade-max4m:61865:0:71","r02-c02:expanded-facade-max4m:61865:0:72","r02-c02:expanded-facade-max4m:61865:0:8","r02-c02:expanded-facade-max4m:61865:0:9"],"receiver_count":65,"periods":{"D":{"min":69.35864,"max":83.41867,"receiver_count":65,"unavailable_count":0},"E":{"min":67.14015,"max":81.20019,"receiver_count":65,"unavailable_count":0},"N":{"min":62.368942,"max":76.42897,"receiver_count":65,"unavailable_count":0}}}},{"type":"Feature","id":"lariac:386500884221","geometry":{"type":"Polygon","coordinates":[[[-118.57842393903483,34.16874796228035],[-118.57840889453631,34.16875239862143],[-118.57842582696934,34.16880681154728],[-118.57846680683738,34.16879560675427],[-118.57846400108971,34.168787643301314],[-118.5785517362903,34.168764118780615],[-118.57855352038824,34.16876864501879],[-118.57870574057104,34.16872785198338],[-118.57870399046891,34.168723380579],[-118.5787189718027,34.16871937994986],[-118.578721798788,34.168726648203815],[-118.57880370090307,34.16870471289132],[-118.5787999307288,34.1686950032607],[-118.57887292280512,34.16867544554966],[-118.5788704985352,34.16866916436681],[-118.5788807941281,34.168666395119985],[-118.57888301591515,34.168672099381205],[-118.57895778976112,34.16865203904244],[-118.57895570256943,34.16864666320229],[-118.57896530554454,34.1686441172413],[-118.5789673245365,34.16864935547132],[-118.5790421319641,34.16862929491944],[-118.57903977536714,34.16862323339305],[-118.57906465604435,34.16861657444401],[-118.5790616938516,34.16860889393754],[-118.57920163892469,34.16857140191287],[-118.57918746701397,34.16853475795563],[-118.57919380239198,34.168533050737516],[-118.57915737843548,34.16843883427419],[-118.57915031752877,34.16844070904637],[-118.57913671719497,34.16840546424934],[-118.57910998862356,34.1684126261098],[-118.57910749704651,34.16840618117278],[-118.57904674816943,34.16842240959572],[-118.5790337207372,34.16838875507494],[-118.5790124292173,34.168378992311126],[-118.57894287403693,34.16839831277506],[-118.57892973084505,34.16841947997556],[-118.57893397105127,34.16843034133008],[-118.57891783500673,34.16843470542761],[-118.57891537877754,34.16842850734093],[-118.57884136650064,34.168448564008905],[-118.57884372123165,34.16845451555948],[-118.57883408631167,34.16845714460599],[-118.57883189872416,34.168451522220906],[-118.57875762125158,34.168471662147475],[-118.5787597755414,34.16847717560628],[-118.57874139640008,34.16848215445107],[-118.57871467408812,34.16841396953073],[-118.5786323790269,34.16843629162419],[-118.57864994664223,34.16848108108779],[-118.57865476429701,34.168479794068176],[-118.57865711939651,34.16848580061479],[-118.57845256803328,34.16854121546057],[-118.57843328340721,34.16852993110332],[-118.57835078459864,34.16855167698982],[-118.5783418487555,34.16856927912675],[-118.57836463703431,34.16862808523382],[-118.57833368515351,34.16863639495416],[-118.57834220095967,34.16865839250634],[-118.57833484232215,34.16866035069528],[-118.57836086176728,34.16872746802423],[-118.57836921090598,34.16872523012508],[-118.57837954391809,34.16875183489629],[-118.57842112187343,34.168740699381814],[-118.57842393903483,34.16874796228035]]]},"properties":{"building_pk":61986,"building_key":"lariac:386500884221","source_tile":"r02-c02","source_tile_ids":["r02-c02"],"source_bld_id":"386500884221","height_m":16.913,"receiver_ids":[189966,189967,190012,190013,190014,190015,190016,190017,190018,190019,190020],"receiver_keys":["r02-c02:expanded-facade-max4m:61986:0:1","r02-c02:expanded-facade-max4m:61986:0:2","r02-c02:expanded-facade-max4m:61986:0:53","r02-c02:expanded-facade-max4m:61986:0:54","r02-c02:expanded-facade-max4m:61986:0:55","r02-c02:expanded-facade-max4m:61986:0:56","r02-c02:expanded-facade-max4m:61986:0:57","r02-c02:expanded-facade-max4m:61986:0:58","r02-c02:expanded-facade-max4m:61986:0:59","r02-c02:expanded-facade-max4m:61986:0:60","r02-c02:expanded-facade-max4m:61986:0:61"],"receiver_count":11,"periods":{"D":{"min":67.30159,"max":79.153244,"receiver_count":11,"unavailable_count":0},"E":{"min":65.0831,"max":76.93475,"receiver_count":11,"unavailable_count":0},"N":{"min":60.31189,"max":72.16354,"receiver_count":11,"unavailable_count":0}}}},{"type":"Feature","id":"lariac:387981885333","geometry":{"type":"Polygon","coordinates":[[[-118.57424411065227,34.17162437406472],[-118.57422946279296,34.17159998739954],[-118.57419784738876,34.17161313509387],[-118.5742124625164,34.17163749487194],[-118.57424411065227,34.17162437406472]]]},"properties":{"building_pk":62036,"building_key":"lariac:387981885333","source_tile":"r02-c02","source_tile_ids":["r02-c02"],"source_bld_id":"387981885333","height_m":1.969,"receiver_ids":[190131,190132,190133],"receiver_keys":["r02-c02:expanded-facade-max4m:62036:0:1","r02-c02:expanded-facade-max4m:62036:0:2","r02-c02:expanded-facade-max4m:62036:0:3"],"receiver_count":3,"periods":{"D":{"min":82.41879,"max":82.76622,"receiver_count":3,"unavailable_count":0},"E":{"min":80.2003,"max":80.54774,"receiver_count":3,"unavailable_count":0},"N":{"min":75.42909,"max":75.77653,"receiver_count":3,"unavailable_count":0}}}},{"type":"Feature","id":"lariac:387744885720","geometry":{"type":"Polygon","coordinates":[[[-118.57494483085735,34.17276313403972],[-118.57502088107098,34.17276931226963],[-118.57501938313028,34.172782234930516],[-118.57505451379969,34.17278508986643],[-118.57505598113933,34.17277260730476],[-118.575060910612,34.17277302381868],[-118.57508159020695,34.172597828249074],[-118.57498139234816,34.172589648943166],[-118.5749818309012,34.17258607403392],[-118.57490227539303,34.17257961042619],[-118.57489365346505,34.172652773049826],[-118.57495723278424,34.17265796661273],[-118.57494483085735,34.17276313403972]]]},"properties":{"building_pk":62088,"building_key":"lariac:387744885720","source_tile":"r02-c02","source_tile_ids":["r02-c02"],"source_bld_id":"387744885720","height_m":4.426,"receiver_ids":[190193,190194,190195,190196,190197,190198,190199,190200,190201,190202,190203],"receiver_keys":["r02-c02:expanded-facade-max4m:62088:0:10","r02-c02:expanded-facade-max4m:62088:0:11","r02-c02:expanded-facade-max4m:62088:0:12","r02-c02:expanded-facade-max4m:62088:0:13","r02-c02:expanded-facade-max4m:62088:0:14","r02-c02:expanded-facade-max4m:62088:0:15","r02-c02:expanded-facade-max4m:62088:0:16","r02-c02:expanded-facade-max4m:62088:0:17","r02-c02:expanded-facade-max4m:62088:0:18","r02-c02:expanded-facade-max4m:62088:0:8","r02-c02:expanded-facade-max4m:62088:0:9"],"receiver_count":11,"periods":{"D":{"min":72.98989,"max":73.63526,"receiver_count":11,"unavailable_count":0},"E":{"min":70.7714,"max":71.41677,"receiver_count":11,"unavailable_count":0},"N":{"min":66.00019,"max":66.64556,"receiver_count":11,"unavailable_count":0}}}},{"type":"Feature","id":"lariac:389675885105","geometry":{"type":"Polygon","coordinates":[[[-118.56853646442481,34.17132769256521],[-118.56868094137211,34.17127469299251],[-118.56865689505196,34.171229355577715],[-118.56898796261052,34.17110812637125],[-118.56900393058952,34.17110807918864],[-118.56900198807136,34.170652923497855],[-118.56861823359417,34.17065404153434],[-118.56861820049254,34.17064917785477],[-118.56852923708199,34.170649431143275],[-118.56852952326642,34.17071587456444],[-118.56853385413739,34.170715854203884],[-118.56853646442481,34.17132769256521]],[[-118.56868112161973,34.17109242318738],[-118.568679267972,34.17083459544594],[-118.56881071128907,34.17083392227177],[-118.56881019537767,34.17076308309569],[-118.56885627964445,34.170762866326854],[-118.56885700476049,34.170864425566265],[-118.56881597820046,34.170864646493634],[-118.56881708565858,34.17102237108968],[-118.56885612853263,34.17102216039492],[-118.56885618073196,34.17102982688808],[-118.56868112161973,34.17109242318738]]]},"properties":{"building_pk":62946,"building_key":"lariac:389675885105","source_tile":"r02-c02","source_tile_ids":["r02-c02"],"source_bld_id":"389675885105","height_m":6.239,"receiver_ids":[191312,191313,191314,191315,191316,191317,191318,191319,191320,191321,191322,191323,191324,191325,191326,191327,191328,191329,191330,191331,191332,191333,191334,191335,191336,191337,191338,191339,191340,191341,191342,191343,191344,191345,191346,191347,191348,191349,191350],"receiver_keys":["r02-c02:expanded-facade-max4m:62946:0:1","r02-c02:expanded-facade-max4m:62946:0:10","r02-c02:expanded-facade-max4m:62946:0:11","r02-c02:expanded-facade-max4m:62946:0:12","r02-c02:expanded-facade-max4m:62946:0:13","r02-c02:expanded-facade-max4m:62946:0:14","r02-c02:expanded-facade-max4m:62946:0:15","r02-c02:expanded-facade-max4m:62946:0:16","r02-c02:expanded-facade-max4m:62946:0:17","r02-c02:expanded-facade-max4m:62946:0:18","r02-c02:expanded-facade-max4m:62946:0:19","r02-c02:expanded-facade-max4m:62946:0:2","r02-c02:expanded-facade-max4m:62946:0:20","r02-c02:expanded-facade-max4m:62946:0:21","r02-c02:expanded-facade-max4m:62946:0:22","r02-c02:expanded-facade-max4m:62946:0:23","r02-c02:expanded-facade-max4m:62946:0:24","r02-c02:expanded-facade-max4m:62946:0:25","r02-c02:expanded-facade-max4m:62946:0:26","r02-c02:expanded-facade-max4m:62946:0:3","r02-c02:expanded-facade-max4m:62946:0:4","r02-c02:expanded-facade-max4m:62946:0:45","r02-c02:expanded-facade-max4m:62946:0:46","r02-c02:expanded-facade-max4m:62946:0:47","r02-c02:expanded-facade-max4m:62946:0:48","r02-c02:expanded-facade-max4m:62946:0:49","r02-c02:expanded-facade-max4m:62946:0:5","r02-c02:expanded-facade-max4m:62946:0:50","r02-c02:expanded-facade-max4m:62946:0:51","r02-c02:expanded-facade-max4m:62946:0:52","r02-c02:expanded-facade-max4m:62946:0:53","r02-c02:expanded-facade-max4m:62946:0:54","r02-c02:expanded-facade-max4m:62946:0:55","r02-c02:expanded-facade-max4m:62946:0:56","r02-c02:expanded-facade-max4m:62946:0:57","r02-c02:expanded-facade-max4m:62946:0:6","r02-c02:expanded-facade-max4m:62946:0:7","r02-c02:expanded-facade-max4m:62946:0:8","r02-c02:expanded-facade-max4m:62946:0:9"],"receiver_count":39,"periods":{"D":{"min":64.69785,"max":72.86596,"receiver_count":39,"unavailable_count":0},"E":{"min":62.479366,"max":70.64747,"receiver_count":39,"unavailable_count":0},"N":{"min":57.708153,"max":65.87626,"receiver_count":39,"unavailable_count":0}}}},{"type":"Feature","id":"lariac:387461885514","geometry":{"type":"Polygon","coordinates":[[[-118.57597631319257,34.17217967888023],[-118.57594435450991,34.17213814543178],[-118.5759468585142,34.172136814545645],[-118.57594122098983,34.17212950461794],[-118.57595821726659,34.17212046501643],[-118.57596348803375,34.17212728264321],[-118.57601582988872,34.1720994442551],[-118.57606932693335,34.17218157174855],[-118.57609440915131,34.1721753244627],[-118.57605383603014,34.17207826893606],[-118.57605040607893,34.172079494246546],[-118.5760113079175,34.172004579945614],[-118.57597184779836,34.17195393154864],[-118.57590231739107,34.171991854419375],[-118.57591972744875,34.172013891826246],[-118.57587710738103,34.17203715000712],[-118.57587173831037,34.1720303887406],[-118.57579242624237,34.17207366101616],[-118.57583554927284,34.17212824891299],[-118.57581074826798,34.172141777489685],[-118.57584439978937,34.17218437394831],[-118.57586004479708,34.17217583664497],[-118.57589719877326,34.172222841195854],[-118.57597631319257,34.17217967888023]]]},"properties":{"building_pk":63433,"building_key":"lariac:387461885514","source_tile":"r02-c02","source_tile_ids":["r02-c02"],"source_bld_id":"387461885514","height_m":4.782,"receiver_ids":[191690,191691,191692,191693,191694,191695,191696,191697,191698,191699,191700,191701,191702,191703,191704,191705,191706,191707,191708,191709,191710,191711,191712,191713,191714],"receiver_keys":["r02-c02:expanded-facade-max4m:63433:0:1","r02-c02:expanded-facade-max4m:63433:0:11","r02-c02:expanded-facade-max4m:63433:0:12","r02-c02:expanded-facade-max4m:63433:0:13","r02-c02:expanded-facade-max4m:63433:0:14","r02-c02:expanded-facade-max4m:63433:0:16","r02-c02:expanded-facade-max4m:63433:0:17","r02-c02:expanded-facade-max4m:63433:0:18","r02-c02:expanded-facade-max4m:63433:0:19","r02-c02:expanded-facade-max4m:63433:0:20","r02-c02:expanded-facade-max4m:63433:0:21","r02-c02:expanded-facade-max4m:63433:0:22","r02-c02:expanded-facade-max4m:63433:0:24","r02-c02:expanded-facade-max4m:63433:0:25","r02-c02:expanded-facade-max4m:63433:0:26","r02-c02:expanded-facade-max4m:63433:0:27","r02-c02:expanded-facade-max4m:63433:0:28","r02-c02:expanded-facade-max4m:63433:0:29","r02-c02:expanded-facade-max4m:63433:0:3","r02-c02:expanded-facade-max4m:63433:0:4","r02-c02:expanded-facade-max4m:63433:0:5","r02-c02:expanded-facade-max4m:63433:0:6","r02-c02:expanded-facade-max4m:63433:0:7","r02-c02:expanded-facade-max4m:63433:0:8","r02-c02:expanded-facade-max4m:63433:0:9"],"receiver_count":25,"periods":{"D":{"min":57.649837,"max":75.48836,"receiver_count":25,"unavailable_count":0},"E":{"min":55.43135,"max":73.269875,"receiver_count":25,"unavailable_count":0},"N":{"min":50.660137,"max":68.498665,"receiver_count":25,"unavailable_count":0}}}},{"type":"Feature","id":"lariac:2014121073610000","geometry":{"type":"Polygon","coordinates":[[[-118.57010946316909,34.167228286988454],[-118.57011040584588,34.16729268531434],[-118.5701701342439,34.16729208185815],[-118.57017029456867,34.167303019547994],[-118.57022864127885,34.16730242978994],[-118.57022858636309,34.16729867421232],[-118.57024327525606,34.167298525610185],[-118.57024295229692,34.16727647353868],[-118.57025218816572,34.167276380400665],[-118.57025189953524,34.167256656858044],[-118.57024327100369,34.16725674352592],[-118.570243063217,34.16724250820823],[-118.57025540300624,34.16724238330368],[-118.57025524384737,34.16723145913156],[-118.57022684323988,34.1672317454183],[-118.57022677575024,34.167227100976554],[-118.57010946316909,34.167228286988454]]]},"properties":{"building_pk":63731,"building_key":"lariac:2014121073610000","source_tile":"r02-c02","source_tile_ids":["r02-c02"],"source_bld_id":"2014121073610000","height_m":4.075,"receiver_ids":[192018],"receiver_keys":["r02-c02:expanded-facade-max4m:63731:0:5"],"receiver_count":1,"periods":{"D":{"min":64.363045,"max":64.363045,"receiver_count":1,"unavailable_count":0},"E":{"min":62.144558,"max":62.144558,"receiver_count":1,"unavailable_count":0},"N":{"min":57.373344,"max":57.373344,"receiver_count":1,"unavailable_count":0}}}},{"type":"Feature","id":"lariac:2014121109300000","geometry":{"type":"Polygon","coordinates":[[[-118.57054706534836,34.167810199825965],[-118.57062992804848,34.167809788108585],[-118.57063088505255,34.167935777218794],[-118.57071389406099,34.16793533049533],[-118.57071397345649,34.16794695374107],[-118.57062098087982,34.167947447574356],[-118.57062147585808,34.16801023514723],[-118.57075116311853,34.16800956812918],[-118.57075072066287,34.167949720246966],[-118.57074609276098,34.167949742089505],[-118.57074600941964,34.1679375418735],[-118.57075047228,34.167937493763624],[-118.57074980824603,34.16785489463448],[-118.5707551313575,34.16785486951053],[-118.57075441006447,34.16776388898737],[-118.57060452637008,34.1677646783569],[-118.57060452761992,34.167764861364674],[-118.57054672850018,34.167765160224604],[-118.57054706534836,34.167810199825965]]]},"properties":{"building_pk":63840,"building_key":"lariac:2014121109300000","source_tile":"r02-c02","source_tile_ids":["r02-c02"],"source_bld_id":"2014121109300000","height_m":5.017,"receiver_ids":[192112,192113,192114,192115,192116,192117,192118,192119,192120,192121,192122,192123,192124,192125,192126,192127,192128,192129,192130,192131,192132,192133,192134],"receiver_keys":["r02-c02:expanded-facade-max4m:63840:0:1","r02-c02:expanded-facade-max4m:63840:0:11","r02-c02:expanded-facade-max4m:63840:0:12","r02-c02:expanded-facade-max4m:63840:0:13","r02-c02:expanded-facade-max4m:63840:0:14","r02-c02:expanded-facade-max4m:63840:0:15","r02-c02:expanded-facade-max4m:63840:0:16","r02-c02:expanded-facade-max4m:63840:0:17","r02-c02:expanded-facade-max4m:63840:0:18","r02-c02:expanded-facade-max4m:63840:0:19","r02-c02:expanded-facade-max4m:63840:0:2","r02-c02:expanded-facade-max4m:63840:0:20","r02-c02:expanded-facade-max4m:63840:0:21","r02-c02:expanded-facade-max4m:63840:0:22","r02-c02:expanded-facade-max4m:63840:0:23","r02-c02:expanded-facade-max4m:63840:0:24","r02-c02:expanded-facade-max4m:63840:0:25","r02-c02:expanded-facade-max4m:63840:0:26","r02-c02:expanded-facade-max4m:63840:0:27","r02-c02:expanded-facade-max4m:63840:0:28","r02-c02:expanded-facade-max4m:63840:0:3","r02-c02:expanded-facade-max4m:63840:0:4","r02-c02:expanded-facade-max4m:63840:0:5"],"receiver_count":23,"periods":{"D":{"min":64.50768,"max":70.774025,"receiver_count":23,"unavailable_count":0},"E":{"min":62.289196,"max":68.555534,"receiver_count":23,"unavailable_count":0},"N":{"min":57.517986,"max":63.784325,"receiver_count":23,"unavailable_count":0}}}},{"type":"Feature","id":"lariac:2014121118450000","geometry":{"type":"Polygon","coordinates":[[[-118.57112863737161,34.1699451468542],[-118.57105672579188,34.1699451609974],[-118.57105687768453,34.17049105665892],[-118.57112878973423,34.17049104251573],[-118.57112863737161,34.1699451468542]]]},"properties":{"building_pk":63869,"building_key":"lariac:2014121118450000","source_tile":"r02-c02","source_tile_ids":["r02-c02"],"source_bld_id":"2014121118450000","height_m":4.679,"receiver_ids":[192170,192171,192172,192173,192174,192175,192176,192177,192178,192179,192180,192181,192182,192183,192184,192185,192186,192187,192188,192189,192190,192191,192192,192193,192194,192195,192196,192197,192198,192199,192200,192201,192202,192203],"receiver_keys":["r02-c02:expanded-facade-max4m:63869:0:1","r02-c02:expanded-facade-max4m:63869:0:10","r02-c02:expanded-facade-max4m:63869:0:11","r02-c02:expanded-facade-max4m:63869:0:12","r02-c02:expanded-facade-max4m:63869:0:13","r02-c02:expanded-facade-max4m:63869:0:14","r02-c02:expanded-facade-max4m:63869:0:15","r02-c02:expanded-facade-max4m:63869:0:16","r02-c02:expanded-facade-max4m:63869:0:17","r02-c02:expanded-facade-max4m:63869:0:18","r02-c02:expanded-facade-max4m:63869:0:19","r02-c02:expanded-facade-max4m:63869:0:2","r02-c02:expanded-facade-max4m:63869:0:20","r02-c02:expanded-facade-max4m:63869:0:21","r02-c02:expanded-facade-max4m:63869:0:22","r02-c02:expanded-facade-max4m:63869:0:23","r02-c02:expanded-facade-max4m:63869:0:24","r02-c02:expanded-facade-max4m:63869:0:25","r02-c02:expanded-facade-max4m:63869:0:26","r02-c02:expanded-facade-max4m:63869:0:27","r02-c02:expanded-facade-max4m:63869:0:28","r02-c02:expanded-facade-max4m:63869:0:29","r02-c02:expanded-facade-max4m:63869:0:3","r02-c02:expanded-facade-max4m:63869:0:30","r02-c02:expanded-facade-max4m:63869:0:31","r02-c02:expanded-facade-max4m:63869:0:32","r02-c02:expanded-facade-max4m:63869:0:33","r02-c02:expanded-facade-max4m:63869:0:34","r02-c02:expanded-facade-max4m:63869:0:4","r02-c02:expanded-facade-max4m:63869:0:5","r02-c02:expanded-facade-max4m:63869:0:6","r02-c02:expanded-facade-max4m:63869:0:7","r02-c02:expanded-facade-max4m:63869:0:8","r02-c02:expanded-facade-max4m:63869:0:9"],"receiver_count":34,"periods":{"D":{"min":71.38589,"max":75.57382,"receiver_count":34,"unavailable_count":0},"E":{"min":69.167404,"max":73.35533,"receiver_count":34,"unavailable_count":0},"N":{"min":64.39619,"max":68.58412,"receiver_count":34,"unavailable_count":0}}}},{"type":"Feature","id":"lariac:387378885489","geometry":{"type":"Polygon","coordinates":[[[-118.57622171808731,34.17214058903009],[-118.57622409544504,34.17214008275411],[-118.57621188092648,34.17209949928699],[-118.57624139478726,34.17209336879141],[-118.57623899248775,34.17208538353063],[-118.57631690421871,34.17206918383028],[-118.57631132165555,34.172050662039275],[-118.57632782833555,34.17204723142958],[-118.57631608682831,34.17200823965089],[-118.5763013629975,34.17201130475103],[-118.57628755873792,34.171965590058605],[-118.57621826339945,34.171980016817116],[-118.57622157957347,34.17199107559981],[-118.57620107827388,34.17199532219409],[-118.57619146911749,34.17196338295036],[-118.57611250164197,34.171979833721515],[-118.57612989217084,34.17203756788086],[-118.57607743476169,34.172048479453096],[-118.57609597656464,34.17211005412576],[-118.57612047233741,34.17210496360615],[-118.57613654421937,34.172158334256245],[-118.57622171808731,34.17214058903009]]]},"properties":{"building_pk":68134,"building_key":"lariac:387378885489","source_tile":"r02-c02","source_tile_ids":["r02-c02"],"source_bld_id":"387378885489","height_m":4.938,"receiver_ids":[194035,194036,194037,194038,194039,194040,194041,194042,194043,194044,194045,194046,194047,194048,194049,194050],"receiver_keys":["r02-c02:expanded-facade-max4m:68134:0:1","r02-c02:expanded-facade-max4m:68134:0:12","r02-c02:expanded-facade-max4m:68134:0:13","r02-c02:expanded-facade-max4m:68134:0:14","r02-c02:expanded-facade-max4m:68134:0:15","r02-c02:expanded-facade-max4m:68134:0:16","r02-c02:expanded-facade-max4m:68134:0:17","r02-c02:expanded-facade-max4m:68134:0:2","r02-c02:expanded-facade-max4m:68134:0:20","r02-c02:expanded-facade-max4m:68134:0:21","r02-c02:expanded-facade-max4m:68134:0:22","r02-c02:expanded-facade-max4m:68134:0:3","r02-c02:expanded-facade-max4m:68134:0:4","r02-c02:expanded-facade-max4m:68134:0:6","r02-c02:expanded-facade-max4m:68134:0:8","r02-c02:expanded-facade-max4m:68134:0:9"],"receiver_count":16,"periods":{"D":{"min":56.564636,"max":74.02608,"receiver_count":16,"unavailable_count":0},"E":{"min":54.34615,"max":71.807594,"receiver_count":16,"unavailable_count":0},"N":{"min":49.574936,"max":67.03638,"receiver_count":16,"unavailable_count":0}}}},{"type":"Feature","id":"lariac:387045884106","geometry":{"type":"Polygon","coordinates":[[[-118.57721734878946,34.16838001718815],[-118.57729935350754,34.16831076299163],[-118.57729649339542,34.16830841279343],[-118.57737882688157,34.16823888290312],[-118.57728121239175,34.168158999597736],[-118.5771168752733,34.16829778444618],[-118.57721734878946,34.16838001718815]]]},"properties":{"building_pk":68282,"building_key":"lariac:387045884106","source_tile":"r02-c02","source_tile_ids":["r02-c02"],"source_bld_id":"387045884106","height_m":6.559,"receiver_ids":[194402,194403,194404,194405,194406,194407,194408,194409,194410,194411,194412,194413,194414,194415,194416,194417,194418,194419],"receiver_keys":["r02-c02:expanded-facade-max4m:68282:0:1","r02-c02:expanded-facade-max4m:68282:0:10","r02-c02:expanded-facade-max4m:68282:0:11","r02-c02:expanded-facade-max4m:68282:0:12","r02-c02:expanded-facade-max4m:68282:0:13","r02-c02:expanded-facade-max4m:68282:0:14","r02-c02:expanded-facade-max4m:68282:0:15","r02-c02:expanded-facade-max4m:68282:0:16","r02-c02:expanded-facade-max4m:68282:0:17","r02-c02:expanded-facade-max4m:68282:0:18","r02-c02:expanded-facade-max4m:68282:0:2","r02-c02:expanded-facade-max4m:68282:0:3","r02-c02:expanded-facade-max4m:68282:0:4","r02-c02:expanded-facade-max4m:68282:0:5","r02-c02:expanded-facade-max4m:68282:0:6","r02-c02:expanded-facade-max4m:68282:0:7","r02-c02:expanded-facade-max4m:68282:0:8","r02-c02:expanded-facade-max4m:68282:0:9"],"receiver_count":18,"periods":{"D":{"min":53.606976,"max":66.56525,"receiver_count":18,"unavailable_count":0},"E":{"min":51.38849,"max":64.34676,"receiver_count":18,"unavailable_count":0},"N":{"min":46.617275,"max":59.57555,"receiver_count":18,"unavailable_count":0}}}},{"type":"Feature","id":"lariac:386943885175","geometry":{"type":"Polygon","coordinates":[[[-118.57779863152228,34.171133730822646],[-118.57774689923201,34.17107261699469],[-118.57765908271934,34.171123982834494],[-118.57761961631682,34.171077373926494],[-118.57755139175838,34.17111726950552],[-118.57759855713455,34.17117299235034],[-118.5776163711046,34.17116257465337],[-118.5776313366828,34.171180227555034],[-118.57761052702246,34.17119239052982],[-118.57763479297384,34.17122109973852],[-118.57765685459061,34.17120818970898],[-118.57766162178189,34.17121385478773],[-118.57779863152228,34.171133730822646]]]},"properties":{"building_pk":69397,"building_key":"lariac:386943885175","source_tile":"r02-c02","source_tile_ids":["r02-c02"],"source_bld_id":"386943885175","height_m":2.786,"receiver_ids":[195819,195820,195821,195822,195823,195824,195825,195826,195827,195828,195829,195830,195831,195832,195833],"receiver_keys":["r02-c02:expanded-facade-max4m:69397:0:1","r02-c02:expanded-facade-max4m:69397:0:10","r02-c02:expanded-facade-max4m:69397:0:13","r02-c02:expanded-facade-max4m:69397:0:14","r02-c02:expanded-facade-max4m:69397:0:15","r02-c02:expanded-facade-max4m:69397:0:16","r02-c02:expanded-facade-max4m:69397:0:17","r02-c02:expanded-facade-max4m:69397:0:18","r02-c02:expanded-facade-max4m:69397:0:2","r02-c02:expanded-facade-max4m:69397:0:3","r02-c02:expanded-facade-max4m:69397:0:4","r02-c02:expanded-facade-max4m:69397:0:6","r02-c02:expanded-facade-max4m:69397:0:7","r02-c02:expanded-facade-max4m:69397:0:8","r02-c02:expanded-facade-max4m:69397:0:9"],"receiver_count":15,"periods":{"D":{"min":68.51089,"max":70.40654,"receiver_count":15,"unavailable_count":0},"E":{"min":66.2924,"max":68.18805,"receiver_count":15,"unavailable_count":0},"N":{"min":61.521187,"max":63.416836,"receiver_count":15,"unavailable_count":0}}}},{"type":"Feature","id":"lariac:387130885513","geometry":{"type":"Polygon","coordinates":[[[-118.57703083365841,34.172119364605095],[-118.57705408820274,34.172111558954455],[-118.57704130959128,34.17208515776741],[-118.57701805486008,34.17209293546862],[-118.57703083365841,34.172119364605095]]]},"properties":{"building_pk":69696,"building_key":"lariac:387130885513","source_tile":"r02-c02","source_tile_ids":["r02-c02"],"source_bld_id":"387130885513","height_m":2.216,"receiver_ids":[196146,196147,196148,196149],"receiver_keys":["r02-c02:expanded-facade-max4m:69696:0:1","r02-c02:expanded-facade-max4m:69696:0:2","r02-c02:expanded-facade-max4m:69696:0:3","r02-c02:expanded-facade-max4m:69696:0:4"],"receiver_count":4,"periods":{"D":{"min":53.086407,"max":53.369568,"receiver_count":4,"unavailable_count":0},"E":{"min":50.86792,"max":51.15108,"receiver_count":4,"unavailable_count":0},"N":{"min":46.09671,"max":46.379868,"receiver_count":4,"unavailable_count":0}}}},{"type":"Feature","id":"lariac:386707884879","geometry":{"type":"Polygon","coordinates":[[[-118.57841336802113,34.17034643493638],[-118.57841982921512,34.17036914551714],[-118.57843974023821,34.170365096101676],[-118.5784330700152,34.17034243069746],[-118.57841336133873,34.17034640972505],[-118.57841336802113,34.17034643493638]]]},"properties":{"building_pk":70602,"building_key":"lariac:386707884879","source_tile":"r02-c02","source_tile_ids":["r02-c02"],"source_bld_id":"386707884879","height_m":2.728,"receiver_ids":[197382,197384],"receiver_keys":["r02-c02:expanded-facade-max4m:70602:0:1","r02-c02:expanded-facade-max4m:70602:0:4"],"receiver_count":2,"periods":{"D":{"min":78.63775,"max":79.04206,"receiver_count":2,"unavailable_count":0},"E":{"min":76.41926,"max":76.82358,"receiver_count":2,"unavailable_count":0},"N":{"min":71.64805,"max":72.05236,"receiver_count":2,"unavailable_count":0}}}},{"type":"Feature","id":"lariac:388683883904","geometry":{"type":"Polygon","coordinates":[[[-118.57205220183454,34.16757441577744],[-118.57198168397969,34.16753531666292],[-118.57197207929015,34.167547288632825],[-118.57194516660843,34.16753235651411],[-118.5719281211331,34.167553624344094],[-118.57195503362108,34.1675685276181],[-118.57192349975368,34.16760783447181],[-118.57189705187783,34.16759314897052],[-118.57190442706826,34.1675839354602],[-118.57184801282922,34.167552656283284],[-118.57178386291896,34.167632594003436],[-118.57183198112808,34.167659296529386],[-118.5718289991738,34.16766304753466],[-118.57184061400375,34.16766950537303],[-118.57178806804278,34.16773498874333],[-118.57181346525887,34.16775542388225],[-118.57182757260475,34.16776379293158],[-118.57184312365415,34.16777058916841],[-118.57186583305732,34.167779907432084],[-118.5718634403705,34.167782913679964],[-118.57187963368797,34.16779179485333],[-118.57205220183454,34.16757441577744]]]},"properties":{"building_pk":70864,"building_key":"lariac:388683883904","source_tile":"r02-c02","source_tile_ids":["r02-c02"],"source_bld_id":"388683883904","height_m":4.109,"receiver_ids":[197665,197666,197667,197668,197669,197670,197671,197672,197673,197674,197675,197676,197677,197678,197679,197680,197681,197682,197683,197684,197685],"receiver_keys":["r02-c02:expanded-facade-max4m:70864:0:10","r02-c02:expanded-facade-max4m:70864:0:11","r02-c02:expanded-facade-max4m:70864:0:12","r02-c02:expanded-facade-max4m:70864:0:13","r02-c02:expanded-facade-max4m:70864:0:15","r02-c02:expanded-facade-max4m:70864:0:16","r02-c02:expanded-facade-max4m:70864:0:17","r02-c02:expanded-facade-max4m:70864:0:18","r02-c02:expanded-facade-max4m:70864:0:19","r02-c02:expanded-facade-max4m:70864:0:2","r02-c02:expanded-facade-max4m:70864:0:20","r02-c02:expanded-facade-max4m:70864:0:21","r02-c02:expanded-facade-max4m:70864:0:22","r02-c02:expanded-facade-max4m:70864:0:23","r02-c02:expanded-facade-max4m:70864:0:24","r02-c02:expanded-facade-max4m:70864:0:25","r02-c02:expanded-facade-max4m:70864:0:4","r02-c02:expanded-facade-max4m:70864:0:6","r02-c02:expanded-facade-max4m:70864:0:7","r02-c02:expanded-facade-max4m:70864:0:8","r02-c02:expanded-facade-max4m:70864:0:9"],"receiver_count":21,"periods":{"D":{"min":65.89175,"max":67.1175,"receiver_count":21,"unavailable_count":0},"E":{"min":63.67326,"max":64.89901,"receiver_count":21,"unavailable_count":0},"N":{"min":58.90205,"max":60.1278,"receiver_count":21,"unavailable_count":0}}}},{"type":"Feature","id":"lariac:388495884488","geometry":{"type":"Polygon","coordinates":[[[-118.57250107201195,34.16942939883787],[-118.57253921065319,34.169414945014516],[-118.57261792458688,34.169385967193236],[-118.57251986540317,34.16920193656801],[-118.57243584159131,34.169232863358566],[-118.57244109916233,34.169242731126154],[-118.57240812292578,34.16925489490028],[-118.57250107201195,34.16942939883787]]]},"properties":{"building_pk":71045,"building_key":"lariac:388495884488","source_tile":"r02-c02","source_tile_ids":["r02-c02"],"source_bld_id":"388495884488","height_m":4.188,"receiver_ids":[197820,197821,197822,197823],"receiver_keys":["r02-c02:expanded-facade-max4m:71045:0:18","r02-c02:expanded-facade-max4m:71045:0:2","r02-c02:expanded-facade-max4m:71045:0:3","r02-c02:expanded-facade-max4m:71045:0:4"],"receiver_count":4,"periods":{"D":{"min":66.635506,"max":69.73862,"receiver_count":4,"unavailable_count":0},"E":{"min":64.417015,"max":67.52013,"receiver_count":4,"unavailable_count":0},"N":{"min":59.645805,"max":62.748917,"receiver_count":4,"unavailable_count":0}}}},{"type":"Feature","id":"lariac:388162885454","geometry":{"type":"Polygon","coordinates":[[[-118.57357406259096,34.17209489241345],[-118.57366081599565,34.17206147805438],[-118.57363005309769,34.172006253772366],[-118.57364218771914,34.172001579399755],[-118.57364526695372,34.17200708856135],[-118.57367850440109,34.17199429032987],[-118.5736751242057,34.17198823355574],[-118.5737431806496,34.17196202552847],[-118.57365762366854,34.17180854754675],[-118.57359065454749,34.17183433836294],[-118.57363366715913,34.17191146078316],[-118.57350833577193,34.17195975957789],[-118.5735435152896,34.172022876708304],[-118.57353563449294,34.17202593696496],[-118.57357406259096,34.17209489241345]]]},"properties":{"building_pk":71215,"building_key":"lariac:388162885454","source_tile":"r02-c02","source_tile_ids":["r02-c02"],"source_bld_id":"388162885454","height_m":3.798,"receiver_ids":[197975,197976,197977,197978,197979,197980,197981,197982,197983,197984,197985,197986,197987,197988,197989,197990,197991,197992,197993,197994,197995],"receiver_keys":["r02-c02:expanded-facade-max4m:71215:0:1","r02-c02:expanded-facade-max4m:71215:0:10","r02-c02:expanded-facade-max4m:71215:0:11","r02-c02:expanded-facade-max4m:71215:0:12","r02-c02:expanded-facade-max4m:71215:0:13","r02-c02:expanded-facade-max4m:71215:0:14","r02-c02:expanded-facade-max4m:71215:0:15","r02-c02:expanded-facade-max4m:71215:0:16","r02-c02:expanded-facade-max4m:71215:0:18","r02-c02:expanded-facade-max4m:71215:0:19","r02-c02:expanded-facade-max4m:71215:0:2","r02-c02:expanded-facade-max4m:71215:0:20","r02-c02:expanded-facade-max4m:71215:0:21","r02-c02:expanded-facade-max4m:71215:0:22","r02-c02:expanded-facade-max4m:71215:0:23","r02-c02:expanded-facade-max4m:71215:0:24","r02-c02:expanded-facade-max4m:71215:0:3","r02-c02:expanded-facade-max4m:71215:0:4","r02-c02:expanded-facade-max4m:71215:0:7","r02-c02:expanded-facade-max4m:71215:0:8","r02-c02:expanded-facade-max4m:71215:0:9"],"receiver_count":21,"periods":{"D":{"min":77.56129,"max":83.021706,"receiver_count":21,"unavailable_count":0},"E":{"min":75.3428,"max":80.80322,"receiver_count":21,"unavailable_count":0},"N":{"min":70.57159,"max":76.032005,"receiver_count":21,"unavailable_count":0}}}},{"type":"Feature","id":"lariac:201700285240","geometry":{"type":"Polygon","coordinates":[[[-118.5784385771002,34.1703686420343],[-118.57847837283023,34.17051276927519],[-118.57856180333444,34.17049685455684],[-118.57854629439771,34.17044068764154],[-118.57856542075696,34.17043703954088],[-118.57858079509641,34.17049272026314],[-118.5786639677481,34.170476853588106],[-118.5786464483475,34.17041340370405],[-118.5786433947557,34.17041398538734],[-118.57862125827694,34.170333811384445],[-118.57860626549106,34.17033667069837],[-118.57859979936045,34.17031325424078],[-118.57855417326088,34.17032195787812],[-118.57856063384398,34.170345358136785],[-118.5784385771002,34.1703686420343]]]},"properties":{"building_pk":71720,"building_key":"lariac:201700285240","source_tile":"r02-c02","source_tile_ids":["r02-c02"],"source_bld_id":"201700285240","height_m":4.578,"receiver_ids":[198372,198373],"receiver_keys":["r02-c02:expanded-facade-max4m:71720:0:1","r02-c02:expanded-facade-max4m:71720:0:2"],"receiver_count":2,"periods":{"D":{"min":73.67833,"max":76.435844,"receiver_count":2,"unavailable_count":0},"E":{"min":71.45985,"max":74.217354,"receiver_count":2,"unavailable_count":0},"N":{"min":66.68863,"max":69.446144,"receiver_count":2,"unavailable_count":0}}}},{"type":"Feature","id":"lariac:388632885622","geometry":{"type":"Polygon","coordinates":[[[-118.57206282373144,34.17246694559177],[-118.57206369104911,34.172468151362665],[-118.57212530420311,34.17243732996815],[-118.57208495112249,34.172381573677676],[-118.5720233390731,34.172412394145],[-118.57206282373144,34.17246694559177]]]},"properties":{"building_pk":75588,"building_key":"lariac:388632885622","source_tile":"r02-c02","source_tile_ids":["r02-c02"],"source_bld_id":"388632885622","height_m":2.53,"receiver_ids":[199505,199506,199507,199508,199509,199510,199511],"receiver_keys":["r02-c02:expanded-facade-max4m:75588:0:1","r02-c02:expanded-facade-max4m:75588:0:2","r02-c02:expanded-facade-max4m:75588:0:3","r02-c02:expanded-facade-max4m:75588:0:4","r02-c02:expanded-facade-max4m:75588:0:5","r02-c02:expanded-facade-max4m:75588:0:6","r02-c02:expanded-facade-max4m:75588:0:7"],"receiver_count":7,"periods":{"D":{"min":79.216125,"max":80.08899,"receiver_count":7,"unavailable_count":0},"E":{"min":76.997635,"max":77.87051,"receiver_count":7,"unavailable_count":0},"N":{"min":72.226425,"max":73.09929,"receiver_count":7,"unavailable_count":0}}}},{"type":"Feature","id":"lariac:389864885172","geometry":{"type":"Polygon","coordinates":[[[-118.56801307470056,34.17122419254457],[-118.56801274550823,34.171190450164445],[-118.56797284409049,34.17119074665938],[-118.56797320581143,34.171224489788294],[-118.56801307470056,34.17122419254457]]]},"properties":{"building_pk":75719,"building_key":"lariac:389864885172","source_tile":"r02-c02","source_tile_ids":["r02-c02"],"source_bld_id":"389864885172","height_m":2.554,"receiver_ids":[199675,199676,199677],"receiver_keys":["r02-c02:expanded-facade-max4m:75719:0:2","r02-c02:expanded-facade-max4m:75719:0:3","r02-c02:expanded-facade-max4m:75719:0:4"],"receiver_count":3,"periods":{"D":{"min":71.53053,"max":73.54391,"receiver_count":3,"unavailable_count":0},"E":{"min":69.31204,"max":71.32542,"receiver_count":3,"unavailable_count":0},"N":{"min":64.54083,"max":66.55421,"receiver_count":3,"unavailable_count":0}}}},{"type":"Feature","id":"lariac:389866885602","geometry":{"type":"Polygon","coordinates":[[[-118.56802384583638,34.17236111907663],[-118.56795746189027,34.172361458809455],[-118.56795787359455,34.17241707408663],[-118.56802425650632,34.17241673526018],[-118.56802384583638,34.17236111907663]]]},"properties":{"building_pk":75735,"building_key":"lariac:389866885602","source_tile":"r02-c02","source_tile_ids":["r02-c02"],"source_bld_id":"389866885602","height_m":3.249,"receiver_ids":[199720,199721,199722,199723,199724],"receiver_keys":["r02-c02:expanded-facade-max4m:75735:0:1","r02-c02:expanded-facade-max4m:75735:0:2","r02-c02:expanded-facade-max4m:75735:0:5","r02-c02:expanded-facade-max4m:75735:0:6","r02-c02:expanded-facade-max4m:75735:0:7"],"receiver_count":5,"periods":{"D":{"min":80.140564,"max":82.522194,"receiver_count":5,"unavailable_count":0},"E":{"min":77.92207,"max":80.30371,"receiver_count":5,"unavailable_count":0},"N":{"min":73.15086,"max":75.53249,"receiver_count":5,"unavailable_count":0}}}},{"type":"Feature","id":"lariac:387500885353","geometry":{"type":"Polygon","coordinates":[[[-118.57595553567282,34.17166429673077],[-118.57590591660403,34.17157868788625],[-118.57579256651252,34.171623909117315],[-118.57576419261864,34.17157477385374],[-118.57568743815649,34.17160539421934],[-118.57572099790094,34.17166351756175],[-118.57572390000519,34.17166234976776],[-118.57579322804357,34.1717823778083],[-118.57584436355403,34.171761772926644],[-118.57583594028463,34.1717484304958],[-118.57587941779427,34.1717056029082],[-118.57587358594645,34.17169417203753],[-118.57595553567282,34.17166429673077]]]},"properties":{"building_pk":76425,"building_key":"lariac:387500885353","source_tile":"r02-c02","source_tile_ids":["r02-c02"],"source_bld_id":"387500885353","height_m":2.905,"receiver_ids":[200507,200508,200509,200510,200511,200512,200513,200514,200515,200516,200517,200518,200519,200520,200521,200522,200523,200524,200525,200526],"receiver_keys":["r02-c02:expanded-facade-max4m:76425:0:1","r02-c02:expanded-facade-max4m:76425:0:10","r02-c02:expanded-facade-max4m:76425:0:11","r02-c02:expanded-facade-max4m:76425:0:12","r02-c02:expanded-facade-max4m:76425:0:13","r02-c02:expanded-facade-max4m:76425:0:14","r02-c02:expanded-facade-max4m:76425:0:15","r02-c02:expanded-facade-max4m:76425:0:16","r02-c02:expanded-facade-max4m:76425:0:17","r02-c02:expanded-facade-max4m:76425:0:18","r02-c02:expanded-facade-max4m:76425:0:19","r02-c02:expanded-facade-max4m:76425:0:2","r02-c02:expanded-facade-max4m:76425:0:20","r02-c02:expanded-facade-max4m:76425:0:21","r02-c02:expanded-facade-max4m:76425:0:3","r02-c02:expanded-facade-max4m:76425:0:4","r02-c02:expanded-facade-max4m:76425:0:5","r02-c02:expanded-facade-max4m:76425:0:7","r02-c02:expanded-facade-max4m:76425:0:8","r02-c02:expanded-facade-max4m:76425:0:9"],"receiver_count":20,"periods":{"D":{"min":72.726616,"max":74.56244,"receiver_count":20,"unavailable_count":0},"E":{"min":70.508125,"max":72.34395,"receiver_count":20,"unavailable_count":0},"N":{"min":65.736916,"max":67.57274,"receiver_count":20,"unavailable_count":0}}}},{"type":"Feature","id":"lariac:389212884755","geometry":{"type":"Polygon","coordinates":[[[-118.56988209982995,34.17093546966115],[-118.57007664677961,34.17093455271913],[-118.57012542544462,34.17102589359933],[-118.57008705462417,34.17095307909032],[-118.57010268826211,34.17094759251412],[-118.57010109477406,34.170350697860584],[-118.57036600815962,34.170351097626686],[-118.57036609626364,34.17031570345325],[-118.57062347220548,34.170316083210274],[-118.57062009146895,34.1701793627215],[-118.57063483639114,34.17017940313432],[-118.57063522670164,34.1698976576364],[-118.57061770434643,34.16989765827727],[-118.57061791427527,34.16973956955442],[-118.57062442750119,34.1697395658675],[-118.5706244732946,34.169712444470896],[-118.5705284670184,34.16971234750747],[-118.57052848289237,34.16971943718304],[-118.57031679922376,34.169719226712644],[-118.57031678117036,34.1697215077068],[-118.56985437077053,34.16972102171643],[-118.56985662455038,34.16991581063708],[-118.56976657006152,34.16991595999243],[-118.56976672418553,34.16998691086053],[-118.56985829846877,34.16998678139008],[-118.5698589964252,34.17030713041171],[-118.5698664012451,34.170307122564445],[-118.56986648115992,34.1703430099914],[-118.569880828768,34.17034299737429],[-118.56988209982995,34.17093546966115]]]},"properties":{"building_pk":76699,"building_key":"lariac:389212884755","source_tile":"r02-c02","source_tile_ids":["r02-c02"],"source_bld_id":"389212884755","height_m":6.133,"receiver_ids":[200873,200874,200875,200876,200877,200878,200879,200880,200881,200882,200883,200884,200885,200886,200887,200888,200889,200890,200891,200892,200893,200894,200895,200896,200897,200898,200899,200900,200901,200902,200903,200904,200905,200906,200907,200908,200909,200910,200911,200912,200913,200914,200915,200916,200917,200918,200919,200920,200921,200922,200923,200924,200925,200926,200927,200928,200929,200930,200931,200932,200933,200934,200935,200936,200937,200938,200939,200940,200941,200942,200943,200944,200945,200946,200947,200948,200949,200950,200951,200952,200953],"receiver_keys":["r02-c02:expanded-facade-max4m:76699:0:100","r02-c02:expanded-facade-max4m:76699:0:101","r02-c02:expanded-facade-max4m:76699:0:102","r02-c02:expanded-facade-max4m:76699:0:103","r02-c02:expanded-facade-max4m:76699:0:104","r02-c02:expanded-facade-max4m:76699:0:105","r02-c02:expanded-facade-max4m:76699:0:106","r02-c02:expanded-facade-max4m:76699:0:107","r02-c02:expanded-facade-max4m:76699:0:108","r02-c02:expanded-facade-max4m:76699:0:109","r02-c02:expanded-facade-max4m:76699:0:11","r02-c02:expanded-facade-max4m:76699:0:110","r02-c02:expanded-facade-max4m:76699:0:111","r02-c02:expanded-facade-max4m:76699:0:112","r02-c02:expanded-facade-max4m:76699:0:113","r02-c02:expanded-facade-max4m:76699:0:114","r02-c02:expanded-facade-max4m:76699:0:12","r02-c02:expanded-facade-max4m:76699:0:13","r02-c02:expanded-facade-max4m:76699:0:14","r02-c02:expanded-facade-max4m:76699:0:15","r02-c02:expanded-facade-max4m:76699:0:16","r02-c02:expanded-facade-max4m:76699:0:17","r02-c02:expanded-facade-max4m:76699:0:18","r02-c02:expanded-facade-max4m:76699:0:19","r02-c02:expanded-facade-max4m:76699:0:20","r02-c02:expanded-facade-max4m:76699:0:21","r02-c02:expanded-facade-max4m:76699:0:22","r02-c02:expanded-facade-max4m:76699:0:23","r02-c02:expanded-facade-max4m:76699:0:24","r02-c02:expanded-facade-max4m:76699:0:25","r02-c02:expanded-facade-max4m:76699:0:26","r02-c02:expanded-facade-max4m:76699:0:28","r02-c02:expanded-facade-max4m:76699:0:29","r02-c02:expanded-facade-max4m:76699:0:30","r02-c02:expanded-facade-max4m:76699:0:31","r02-c02:expanded-facade-max4m:76699:0:32","r02-c02:expanded-facade-max4m:76699:0:33","r02-c02:expanded-facade-max4m:76699:0:35","r02-c02:expanded-facade-max4m:76699:0:36","r02-c02:expanded-facade-max4m:76699:0:37","r02-c02:expanded-facade-max4m:76699:0:38","r02-c02:expanded-facade-max4m:76699:0:39","r02-c02:expanded-facade-max4m:76699:0:40","r02-c02:expanded-facade-max4m:76699:0:41","r02-c02:expanded-facade-max4m:76699:0:42","r02-c02:expanded-facade-max4m:76699:0:43","r02-c02:expanded-facade-max4m:76699:0:45","r02-c02:expanded-facade-max4m:76699:0:46","r02-c02:expanded-facade-max4m:76699:0:47","r02-c02:expanded-facade-max4m:76699:0:48","r02-c02:expanded-facade-max4m:76699:0:49","r02-c02:expanded-facade-max4m:76699:0:50","r02-c02:expanded-facade-max4m:76699:0:51","r02-c02:expanded-facade-max4m:76699:0:52","r02-c02:expanded-facade-max4m:76699:0:53","r02-c02:expanded-facade-max4m:76699:0:54","r02-c02:expanded-facade-max4m:76699:0:55","r02-c02:expanded-facade-max4m:76699:0:56","r02-c02:expanded-facade-max4m:76699:0:58","r02-c02:expanded-facade-max4m:76699:0:59","r02-c02:expanded-facade-max4m:76699:0:6","r02-c02:expanded-facade-max4m:76699:0:60","r02-c02:expanded-facade-max4m:76699:0:61","r02-c02:expanded-facade-max4m:76699:0:62","r02-c02:expanded-facade-max4m:76699:0:63","r02-c02:expanded-facade-max4m:76699:0:64","r02-c02:expanded-facade-max4m:76699:0:65","r02-c02:expanded-facade-max4m:76699:0:66","r02-c02:expanded-facade-max4m:76699:0:67","r02-c02:expanded-facade-max4m:76699:0:68","r02-c02:expanded-facade-max4m:76699:0:69","r02-c02:expanded-facade-max4m:76699:0:7","r02-c02:expanded-facade-max4m:76699:0:70","r02-c02:expanded-facade-max4m:76699:0:71","r02-c02:expanded-facade-max4m:76699:0:72","r02-c02:expanded-facade-max4m:76699:0:73","r02-c02:expanded-facade-max4m:76699:0:74","r02-c02:expanded-facade-max4m:76699:0:75","r02-c02:expanded-facade-max4m:76699:0:8","r02-c02:expanded-facade-max4m:76699:0:9","r02-c02:expanded-facade-max4m:76699:0:99"],"receiver_count":81,"periods":{"D":{"min":68.22844,"max":74.37363,"receiver_count":81,"unavailable_count":0},"E":{"min":66.00995,"max":72.155136,"receiver_count":81,"unavailable_count":0},"N":{"min":61.238735,"max":67.38393,"receiver_count":81,"unavailable_count":0}}}},{"type":"Feature","id":"lariac:386809885250","geometry":{"type":"Polygon","coordinates":[[[-118.57811031338632,34.17147597799857],[-118.57809309147237,34.17141912322072],[-118.57819447435043,34.171397919220944],[-118.57816043784048,34.1712855546483],[-118.57810319308794,34.171297506933385],[-118.57811134744568,34.17132445301146],[-118.57798583325375,34.17135069110956],[-118.57802890383282,34.17149301958979],[-118.57811031338632,34.17147597799857]]]},"properties":{"building_pk":77636,"building_key":"lariac:386809885250","source_tile":"r02-c02","source_tile_ids":["r02-c02"],"source_bld_id":"386809885250","height_m":3.002,"receiver_ids":[202109,202110,202111,202112,202113,202114,202115,202116,202117,202118,202119,202120,202121,202122,202123,202124,202125],"receiver_keys":["r02-c02:expanded-facade-max4m:77636:0:1","r02-c02:expanded-facade-max4m:77636:0:11","r02-c02:expanded-facade-max4m:77636:0:12","r02-c02:expanded-facade-max4m:77636:0:13","r02-c02:expanded-facade-max4m:77636:0:14","r02-c02:expanded-facade-max4m:77636:0:15","r02-c02:expanded-facade-max4m:77636:0:16","r02-c02:expanded-facade-max4m:77636:0:17","r02-c02:expanded-facade-max4m:77636:0:18","r02-c02:expanded-facade-max4m:77636:0:19","r02-c02:expanded-facade-max4m:77636:0:3","r02-c02:expanded-facade-max4m:77636:0:4","r02-c02:expanded-facade-max4m:77636:0:5","r02-c02:expanded-facade-max4m:77636:0:6","r02-c02:expanded-facade-max4m:77636:0:7","r02-c02:expanded-facade-max4m:77636:0:8","r02-c02:expanded-facade-max4m:77636:0:9"],"receiver_count":17,"periods":{"D":{"min":60.807346,"max":64.30478,"receiver_count":17,"unavailable_count":0},"E":{"min":58.58886,"max":62.086292,"receiver_count":17,"unavailable_count":0},"N":{"min":53.817646,"max":57.31508,"receiver_count":17,"unavailable_count":0}}}},{"type":"Feature","id":"lariac:387570885178","geometry":{"type":"Polygon","coordinates":[[[-118.57548344477956,34.17118167416869],[-118.57553405636699,34.17126738844802],[-118.5756314404184,34.17122727227617],[-118.57566141833668,34.17127892786755],[-118.5757444081973,34.17124657481222],[-118.57570849974921,34.17118348883276],[-118.57566490966389,34.17120034878315],[-118.57562400711862,34.17112728390629],[-118.57548344477956,34.17118167416869]]]},"properties":{"building_pk":77773,"building_key":"lariac:387570885178","source_tile":"r02-c02","source_tile_ids":["r02-c02"],"source_bld_id":"387570885178","height_m":3.783,"receiver_ids":[202205,202206,202207,202208,202209,202210,202211,202212,202213,202214,202215,202216,202217,202218,202219,202220,202221,202222],"receiver_keys":["r02-c02:expanded-facade-max4m:77773:0:1","r02-c02:expanded-facade-max4m:77773:0:10","r02-c02:expanded-facade-max4m:77773:0:11","r02-c02:expanded-facade-max4m:77773:0:12","r02-c02:expanded-facade-max4m:77773:0:13","r02-c02:expanded-facade-max4m:77773:0:14","r02-c02:expanded-facade-max4m:77773:0:15","r02-c02:expanded-facade-max4m:77773:0:16","r02-c02:expanded-facade-max4m:77773:0:17","r02-c02:expanded-facade-max4m:77773:0:18","r02-c02:expanded-facade-max4m:77773:0:2","r02-c02:expanded-facade-max4m:77773:0:3","r02-c02:expanded-facade-max4m:77773:0:4","r02-c02:expanded-facade-max4m:77773:0:5","r02-c02:expanded-facade-max4m:77773:0:6","r02-c02:expanded-facade-max4m:77773:0:7","r02-c02:expanded-facade-max4m:77773:0:8","r02-c02:expanded-facade-max4m:77773:0:9"],"receiver_count":18,"periods":{"D":{"min":77.26226,"max":82.3595,"receiver_count":18,"unavailable_count":0},"E":{"min":75.04377,"max":80.141014,"receiver_count":18,"unavailable_count":0},"N":{"min":70.27256,"max":75.3698,"receiver_count":18,"unavailable_count":0}}}},{"type":"Feature","id":"lariac:389892885631","geometry":{"type":"Polygon","coordinates":[[[-118.56786840175087,34.17254722386663],[-118.56794873681679,34.172546708676585],[-118.56794720949243,34.172385221197416],[-118.56786770106943,34.17238573160398],[-118.56786806588308,34.17242472261221],[-118.5678559983901,34.172424807224495],[-118.56785614724814,34.172441760980135],[-118.56786742079443,34.17244168099749],[-118.56786840175087,34.17254722386663]]]},"properties":{"building_pk":78054,"building_key":"lariac:389892885631","source_tile":"r02-c02","source_tile_ids":["r02-c02"],"source_bld_id":"389892885631","height_m":6.849,"receiver_ids":[202544,202545,202546,202547,202548,202549,202550,202551,202552,202553,202554],"receiver_keys":["r02-c02:expanded-facade-max4m:78054:0:1","r02-c02:expanded-facade-max4m:78054:0:10","r02-c02:expanded-facade-max4m:78054:0:11","r02-c02:expanded-facade-max4m:78054:0:12","r02-c02:expanded-facade-max4m:78054:0:13","r02-c02:expanded-facade-max4m:78054:0:14","r02-c02:expanded-facade-max4m:78054:0:2","r02-c02:expanded-facade-max4m:78054:0:3","r02-c02:expanded-facade-max4m:78054:0:4","r02-c02:expanded-facade-max4m:78054:0:5","r02-c02:expanded-facade-max4m:78054:0:6"],"receiver_count":11,"periods":{"D":{"min":75.56009,"max":85.83794,"receiver_count":11,"unavailable_count":0},"E":{"min":73.3416,"max":83.619446,"receiver_count":11,"unavailable_count":0},"N":{"min":68.57039,"max":78.848236,"receiver_count":11,"unavailable_count":0}}}},{"type":"Feature","id":"lariac:201700285385","geometry":{"type":"Polygon","coordinates":[[[-118.5737711913062,34.17193299630602],[-118.57380996782297,34.17200180668144],[-118.57388663751672,34.171971957834266],[-118.57385857371321,34.17192202639522],[-118.57398110183095,34.17187432474268],[-118.57390351466557,34.17173664474898],[-118.57383921850023,34.17176167653907],[-118.57386872636751,34.17181404071111],[-118.57378444437362,34.17184685298284],[-118.57378238224518,34.171843194379186],[-118.5737772676235,34.17184518581772],[-118.57375317977737,34.17185456347937],[-118.57374903441996,34.171856177078425],[-118.57375115036274,34.1718599327942],[-118.57373935903244,34.17186452350853],[-118.57377672998824,34.17193083967608],[-118.5737711913062,34.17193299630602]]]},"properties":{"building_pk":79287,"building_key":"lariac:201700285385","source_tile":"r02-c02","source_tile_ids":["r02-c02"],"source_bld_id":"201700285385","height_m":3.587,"receiver_ids":[204029,204030,204031,204032,204033,204034,204035,204036,204037,204038,204039,204040,204041,204042,204043,204044,204045,204046],"receiver_keys":["r02-c02:expanded-facade-max4m:79287:0:1","r02-c02:expanded-facade-max4m:79287:0:10","r02-c02:expanded-facade-max4m:79287:0:11","r02-c02:expanded-facade-max4m:79287:0:12","r02-c02:expanded-facade-max4m:79287:0:13","r02-c02:expanded-facade-max4m:79287:0:14","r02-c02:expanded-facade-max4m:79287:0:15","r02-c02:expanded-facade-max4m:79287:0:16","r02-c02:expanded-facade-max4m:79287:0:18","r02-c02:expanded-facade-max4m:79287:0:2","r02-c02:expanded-facade-max4m:79287:0:21","r02-c02:expanded-facade-max4m:79287:0:22","r02-c02:expanded-facade-max4m:79287:0:3","r02-c02:expanded-facade-max4m:79287:0:4","r02-c02:expanded-facade-max4m:79287:0:5","r02-c02:expanded-facade-max4m:79287:0:7","r02-c02:expanded-facade-max4m:79287:0:8","r02-c02:expanded-facade-max4m:79287:0:9"],"receiver_count":18,"periods":{"D":{"min":77.85404,"max":82.74312,"receiver_count":18,"unavailable_count":0},"E":{"min":75.63556,"max":80.52463,"receiver_count":18,"unavailable_count":0},"N":{"min":70.86434,"max":75.75342,"receiver_count":18,"unavailable_count":0}}}},{"type":"Feature","id":"lariac:387496885160","geometry":{"type":"Polygon","coordinates":[[[-118.57597299221139,34.1711848943743],[-118.57606989108767,34.171146347044576],[-118.57605724360066,34.17112442400885],[-118.5760417148422,34.17113059783454],[-118.57601762284668,34.17108880695867],[-118.57601231520297,34.17109094816659],[-118.57597186053357,34.17102073917185],[-118.5759091856127,34.171045713859655],[-118.57589151761236,34.17101502194375],[-118.57581499486912,34.17104550335287],[-118.5758337001289,34.17107797720372],[-118.57575209865047,34.171110461647594],[-118.57582149579208,34.17123081930573],[-118.57588891967823,34.171203981093605],[-118.575864025031,34.1711607650603],[-118.57594133863152,34.17112997693486],[-118.57597299221139,34.1711848943743]]]},"properties":{"building_pk":83053,"building_key":"lariac:387496885160","source_tile":"r02-c02","source_tile_ids":["r02-c02"],"source_bld_id":"387496885160","height_m":7.495,"receiver_ids":[205149,205150,205151,205152,205153,205154,205155,205156,205157,205158,205159,205160,205161,205162,205163,205164,205165,205166,205167,205168,205169,205170,205171,205172],"receiver_keys":["r02-c02:expanded-facade-max4m:83053:0:1","r02-c02:expanded-facade-max4m:83053:0:10","r02-c02:expanded-facade-max4m:83053:0:11","r02-c02:expanded-facade-max4m:83053:0:12","r02-c02:expanded-facade-max4m:83053:0:13","r02-c02:expanded-facade-max4m:83053:0:14","r02-c02:expanded-facade-max4m:83053:0:15","r02-c02:expanded-facade-max4m:83053:0:16","r02-c02:expanded-facade-max4m:83053:0:17","r02-c02:expanded-facade-max4m:83053:0:18","r02-c02:expanded-facade-max4m:83053:0:19","r02-c02:expanded-facade-max4m:83053:0:2","r02-c02:expanded-facade-max4m:83053:0:20","r02-c02:expanded-facade-max4m:83053:0:21","r02-c02:expanded-facade-max4m:83053:0:22","r02-c02:expanded-facade-max4m:83053:0:23","r02-c02:expanded-facade-max4m:83053:0:24","r02-c02:expanded-facade-max4m:83053:0:26","r02-c02:expanded-facade-max4m:83053:0:3","r02-c02:expanded-facade-max4m:83053:0:5","r02-c02:expanded-facade-max4m:83053:0:6","r02-c02:expanded-facade-max4m:83053:0:7","r02-c02:expanded-facade-max4m:83053:0:8","r02-c02:expanded-facade-max4m:83053:0:9"],"receiver_count":24,"periods":{"D":{"min":60.072918,"max":82.43947,"receiver_count":24,"unavailable_count":0},"E":{"min":57.85443,"max":80.220985,"receiver_count":24,"unavailable_count":0},"N":{"min":53.08322,"max":75.44977,"receiver_count":24,"unavailable_count":0}}}},{"type":"Feature","id":"lariac:387461884342","geometry":{"type":"Polygon","coordinates":[[[-118.57561107566976,34.16878496659948],[-118.57561630067106,34.16879477939138],[-118.57557903853332,34.16880850427321],[-118.57558533463451,34.16882028995876],[-118.57557009966509,34.168825913286156],[-118.57561909907213,34.16891790003269],[-118.57563420211363,34.16891233232149],[-118.57566608721457,34.16897219551194],[-118.57567429882484,34.16896918853425],[-118.57570089165273,34.16901907426376],[-118.57586181410383,34.16895980498295],[-118.57585719227167,34.16895111626094],[-118.57596551781168,34.16891122267575],[-118.57597020675767,34.16892004810889],[-118.57611440961965,34.168866958879825],[-118.57610248610848,34.16884459244776],[-118.57611811706084,34.16883883013181],[-118.57602339892823,34.168661078282994],[-118.57600971425533,34.16866611729238],[-118.5760028474355,34.168653207415495],[-118.57584558664867,34.168711113443514],[-118.57584002665678,34.16870069731971],[-118.57561107566976,34.16878496659948]]]},"properties":{"building_pk":83189,"building_key":"lariac:387461884342","source_tile":"r02-c02","source_tile_ids":["r02-c02"],"source_bld_id":"387461884342","height_m":13.719,"receiver_ids":[205317,205318,205319,205320,205321,205322,205323,205324,205325,205326,205327,205328,205329,205330,205331,205332,205333,205334,205335,205336,205337,205338,205339,205340,205341,205342,205343,205344,205345,205346,205347,205348,205349,205350],"receiver_keys":["r02-c02:expanded-facade-max4m:83189:0:1","r02-c02:expanded-facade-max4m:83189:0:10","r02-c02:expanded-facade-max4m:83189:0:11","r02-c02:expanded-facade-max4m:83189:0:12","r02-c02:expanded-facade-max4m:83189:0:13","r02-c02:expanded-facade-max4m:83189:0:14","r02-c02:expanded-facade-max4m:83189:0:15","r02-c02:expanded-facade-max4m:83189:0:16","r02-c02:expanded-facade-max4m:83189:0:17","r02-c02:expanded-facade-max4m:83189:0:18","r02-c02:expanded-facade-max4m:83189:0:19","r02-c02:expanded-facade-max4m:83189:0:20","r02-c02:expanded-facade-max4m:83189:0:22","r02-c02:expanded-facade-max4m:83189:0:23","r02-c02:expanded-facade-max4m:83189:0:24","r02-c02:expanded-facade-max4m:83189:0:25","r02-c02:expanded-facade-max4m:83189:0:26","r02-c02:expanded-facade-max4m:83189:0:28","r02-c02:expanded-facade-max4m:83189:0:29","r02-c02:expanded-facade-max4m:83189:0:3","r02-c02:expanded-facade-max4m:83189:0:30","r02-c02:expanded-facade-max4m:83189:0:31","r02-c02:expanded-facade-max4m:83189:0:32","r02-c02:expanded-facade-max4m:83189:0:33","r02-c02:expanded-facade-max4m:83189:0:34","r02-c02:expanded-facade-max4m:83189:0:35","r02-c02:expanded-facade-max4m:83189:0:36","r02-c02:expanded-facade-max4m:83189:0:37","r02-c02:expanded-facade-max4m:83189:0:4","r02-c02:expanded-facade-max4m:83189:0:5","r02-c02:expanded-facade-max4m:83189:0:6","r02-c02:expanded-facade-max4m:83189:0:7","r02-c02:expanded-facade-max4m:83189:0:8","r02-c02:expanded-facade-max4m:83189:0:9"],"receiver_count":34,"periods":{"D":{"min":53.281578,"max":72.10106,"receiver_count":34,"unavailable_count":0},"E":{"min":51.063087,"max":69.882576,"receiver_count":34,"unavailable_count":0},"N":{"min":46.291878,"max":65.11136,"receiver_count":34,"unavailable_count":0}}}},{"type":"Feature","id":"lariac:390134885417","geometry":{"type":"Polygon","coordinates":[[[-118.56795796658086,34.17131227447207],[-118.56766694358973,34.171313475922894],[-118.56769001625737,34.171429659701516],[-118.56766903202755,34.17144572366445],[-118.56765585880464,34.17138505653098],[-118.56766811160472,34.17138321305544],[-118.5676579754834,34.171336601176236],[-118.56766299568866,34.171335862686135],[-118.5676581490938,34.17131346311189],[-118.56701412719092,34.17141021535602],[-118.56701566832568,34.17202214075662],[-118.56720029892166,34.1719957197552],[-118.56719940685538,34.17160134311168],[-118.56717291558917,34.17158528192193],[-118.56717221505119,34.171560059980536],[-118.56722376223061,34.17151225180316],[-118.56725149628011,34.17150687292169],[-118.56727672082867,34.17152615494539],[-118.5676825342971,34.17146717655462],[-118.56770253300738,34.1714521341584],[-118.56773347779033,34.17144726208831],[-118.56779061393705,34.17148725052926],[-118.56779230601555,34.171512468714035],[-118.56777626085822,34.17153037840883],[-118.56777769734462,34.1718877927675],[-118.56780205484995,34.17188160560076],[-118.56780068820481,34.17189661282393],[-118.56793865092006,34.17186354453158],[-118.56793375471848,34.17185045725861],[-118.56796366316763,34.171842942159586],[-118.56795796658086,34.17131227447207]],[[-118.56704062841202,34.171593321987494],[-118.56714578124398,34.1715964008139],[-118.56717072044188,34.17161263427141],[-118.56717072263302,34.17161791010208],[-118.56709987524955,34.17161799532894],[-118.56709985617604,34.17160543779921],[-118.56704064505354,34.17160552251684],[-118.56704062841202,34.171593321987494]]]},"properties":{"building_pk":83194,"building_key":"lariac:390134885417","source_tile":"r02-c02","source_tile_ids":["r02-c02","r02-c03"],"source_bld_id":"390134885417","height_m":4.392,"receiver_ids":[205351,205352,205353,205354,205355,205356,205416,205417,205418,205419,205420,205421,205422,205423,205424,205425,205426,205427,205428,205429,205430,205431,205432,205433,205434,205435,205436,205437,205438,205439,205440,205441],"receiver_keys":["r02-c02:expanded-facade-max4m:83194:0:1","r02-c02:expanded-facade-max4m:83194:0:105","r02-c02:expanded-facade-max4m:83194:0:106","r02-c02:expanded-facade-max4m:83194:0:107","r02-c02:expanded-facade-max4m:83194:0:108","r02-c02:expanded-facade-max4m:83194:0:109","r02-c02:expanded-facade-max4m:83194:0:110","r02-c02:expanded-facade-max4m:83194:0:111","r02-c02:expanded-facade-max4m:83194:0:16","r02-c02:expanded-facade-max4m:83194:0:2","r02-c02:expanded-facade-max4m:83194:0:3","r02-c02:expanded-facade-max4m:83194:0:4","r02-c02:expanded-facade-max4m:83194:0:7","r02-c02:expanded-facade-max4m:83194:0:76","r02-c02:expanded-facade-max4m:83194:0:77","r02-c02:expanded-facade-max4m:83194:0:78","r02-c02:expanded-facade-max4m:83194:0:79","r02-c02:expanded-facade-max4m:83194:0:80","r02-c02:expanded-facade-max4m:83194:0:81","r02-c02:expanded-facade-max4m:83194:0:82","r02-c02:expanded-facade-max4m:83194:0:83","r02-c02:expanded-facade-max4m:83194:0:84","r02-c02:expanded-facade-max4m:83194:0:85","r02-c02:expanded-facade-max4m:83194:0:86","r02-c02:expanded-facade-max4m:83194:0:87","r02-c02:expanded-facade-max4m:83194:0:88","r02-c02:expanded-facade-max4m:83194:0:89","r02-c02:expanded-facade-max4m:83194:0:90","r02-c02:expanded-facade-max4m:83194:0:91","r02-c02:expanded-facade-max4m:83194:0:93","r02-c02:expanded-facade-max4m:83194:0:94","r02-c02:expanded-facade-max4m:83194:0:95"],"receiver_count":32,"periods":{"D":{"min":73.60866,"max":76.39242,"receiver_count":32,"unavailable_count":0},"E":{"min":71.39017,"max":74.17393,"receiver_count":32,"unavailable_count":0},"N":{"min":66.61896,"max":69.40272,"receiver_count":32,"unavailable_count":0}}}},{"type":"Feature","id":"lariac:389339885489","geometry":{"type":"Polygon","coordinates":[[[-118.56974046426656,34.17211861974007],[-118.56977087302032,34.172107813901896],[-118.56972570811665,34.172019956551146],[-118.56969529957341,34.172030789423445],[-118.56974046426656,34.17211861974007]]]},"properties":{"building_pk":83816,"building_key":"lariac:389339885489","source_tile":"r02-c02","source_tile_ids":["r02-c02"],"source_bld_id":"389339885489","height_m":3.621,"receiver_ids":[206069,206070,206071,206072,206073,206074,206075],"receiver_keys":["r02-c02:expanded-facade-max4m:83816:0:1","r02-c02:expanded-facade-max4m:83816:0:2","r02-c02:expanded-facade-max4m:83816:0:3","r02-c02:expanded-facade-max4m:83816:0:4","r02-c02:expanded-facade-max4m:83816:0:5","r02-c02:expanded-facade-max4m:83816:0:6","r02-c02:expanded-facade-max4m:83816:0:7"],"receiver_count":7,"periods":{"D":{"min":80.20655,"max":83.67203,"receiver_count":7,"unavailable_count":0},"E":{"min":77.98806,"max":81.453545,"receiver_count":7,"unavailable_count":0},"N":{"min":73.21685,"max":76.68233,"receiver_count":7,"unavailable_count":0}}}},{"type":"Feature","id":"lariac:387201885101","geometry":{"type":"Polygon","coordinates":[[[-118.57679135469351,34.171029446857624],[-118.57677776758953,34.17108213396494],[-118.57685598530364,34.17109610537498],[-118.57689121144271,34.17095972284242],[-118.57685139126903,34.17095260306269],[-118.57686045263632,34.170918538220185],[-118.57670673279507,34.170890959252816],[-118.5766776198221,34.17100915996256],[-118.57679135469351,34.171029446857624]]]},"properties":{"building_pk":84405,"building_key":"lariac:387201885101","source_tile":"r02-c02","source_tile_ids":["r02-c02"],"source_bld_id":"387201885101","height_m":3.786,"receiver_ids":[206762,206763,206764,206765,206766,206767,206768,206769,206770,206771,206772,206773,206774,206775,206776,206777,206778,206779],"receiver_keys":["r02-c02:expanded-facade-max4m:84405:0:1","r02-c02:expanded-facade-max4m:84405:0:10","r02-c02:expanded-facade-max4m:84405:0:11","r02-c02:expanded-facade-max4m:84405:0:12","r02-c02:expanded-facade-max4m:84405:0:13","r02-c02:expanded-facade-max4m:84405:0:14","r02-c02:expanded-facade-max4m:84405:0:15","r02-c02:expanded-facade-max4m:84405:0:16","r02-c02:expanded-facade-max4m:84405:0:17","r02-c02:expanded-facade-max4m:84405:0:18","r02-c02:expanded-facade-max4m:84405:0:19","r02-c02:expanded-facade-max4m:84405:0:2","r02-c02:expanded-facade-max4m:84405:0:3","r02-c02:expanded-facade-max4m:84405:0:4","r02-c02:expanded-facade-max4m:84405:0:5","r02-c02:expanded-facade-max4m:84405:0:6","r02-c02:expanded-facade-max4m:84405:0:7","r02-c02:expanded-facade-max4m:84405:0:8"],"receiver_count":18,"periods":{"D":{"min":73.052155,"max":80.86176,"receiver_count":18,"unavailable_count":0},"E":{"min":70.83367,"max":78.64327,"receiver_count":18,"unavailable_count":0},"N":{"min":66.062454,"max":73.87206,"receiver_count":18,"unavailable_count":0}}}},{"type":"Feature","id":"lariac:387293885257","geometry":{"type":"Polygon","coordinates":[[[-118.57649824055883,34.17141972342348],[-118.57649620585289,34.17137934208631],[-118.57648835923717,34.17137962921959],[-118.57649055557326,34.17142001339256],[-118.57649824055883,34.17141972342348]]]},"properties":{"building_pk":84451,"building_key":"lariac:387293885257","source_tile":"r02-c02","source_tile_ids":["r02-c02"],"source_bld_id":"387293885257","height_m":3.807,"receiver_ids":[206839,206840,206841,206842],"receiver_keys":["r02-c02:expanded-facade-max4m:84451:0:1","r02-c02:expanded-facade-max4m:84451:0:2","r02-c02:expanded-facade-max4m:84451:0:3","r02-c02:expanded-facade-max4m:84451:0:4"],"receiver_count":4,"periods":{"D":{"min":71.60142,"max":72.173935,"receiver_count":4,"unavailable_count":0},"E":{"min":69.38293,"max":69.955444,"receiver_count":4,"unavailable_count":0},"N":{"min":64.61172,"max":65.184235,"receiver_count":4,"unavailable_count":0}}}},{"type":"Feature","id":"lariac:389937885202","geometry":{"type":"Polygon","coordinates":[[[-118.56772740270553,34.17127823921065],[-118.56772795723698,34.17130286050447],[-118.5677749463002,34.17130294732837],[-118.56777447688965,34.17127760620217],[-118.56772740270553,34.17127823921065]]]},"properties":{"building_pk":84482,"building_key":"lariac:389937885202","source_tile":"r02-c02","source_tile_ids":["r02-c02"],"source_bld_id":"389937885202","height_m":4.151,"receiver_ids":[206890,206891,206892],"receiver_keys":["r02-c02:expanded-facade-max4m:84482:0:1","r02-c02:expanded-facade-max4m:84482:0:3","r02-c02:expanded-facade-max4m:84482:0:4"],"receiver_count":3,"periods":{"D":{"min":72.57654,"max":73.75075,"receiver_count":3,"unavailable_count":0},"E":{"min":70.35805,"max":71.53226,"receiver_count":3,"unavailable_count":0},"N":{"min":65.58684,"max":66.76105,"receiver_count":3,"unavailable_count":0}}}},{"type":"Feature","id":"lariac:387927885807","geometry":{"type":"Polygon","coordinates":[[[-118.5744678282753,34.17289320571803],[-118.57452907141806,34.172885633002494],[-118.57451466031765,34.17280928197682],[-118.5744545102708,34.17281712446429],[-118.57445379078375,34.17281344597089],[-118.57439007329467,34.172821772372416],[-118.57439484311169,34.17284708584538],[-118.57430493115633,34.1728588065176],[-118.57431707684353,34.17292310474826],[-118.57435578906417,34.17291805706184],[-118.57437074861406,34.172997208405484],[-118.5744846409464,34.172982350890514],[-118.5744678282753,34.17289320571803]]]},"properties":{"building_pk":84518,"building_key":"lariac:387927885807","source_tile":"r02-c02","source_tile_ids":["r02-c02"],"source_bld_id":"387927885807","height_m":4.462,"receiver_ids":[206919,206920,206921,206922,206923,206924,206925,206926,206927],"receiver_keys":["r02-c02:expanded-facade-max4m:84518:0:10","r02-c02:expanded-facade-max4m:84518:0:11","r02-c02:expanded-facade-max4m:84518:0:12","r02-c02:expanded-facade-max4m:84518:0:3","r02-c02:expanded-facade-max4m:84518:0:4","r02-c02:expanded-facade-max4m:84518:0:5","r02-c02:expanded-facade-max4m:84518:0:6","r02-c02:expanded-facade-max4m:84518:0:7","r02-c02:expanded-facade-max4m:84518:0:9"],"receiver_count":9,"periods":{"D":{"min":71.286766,"max":75.36063,"receiver_count":9,"unavailable_count":0},"E":{"min":69.06828,"max":73.142136,"receiver_count":9,"unavailable_count":0},"N":{"min":64.297066,"max":68.370926,"receiver_count":9,"unavailable_count":0}}}},{"type":"Feature","id":"lariac:386920884978","geometry":{"type":"Polygon","coordinates":[[[-118.5777833188765,34.17065481468579],[-118.57776058388968,34.17059903019273],[-118.57783221901308,34.1705788755659],[-118.57785434762147,34.17063323399366],[-118.5779359474214,34.17061025583174],[-118.57790833638401,34.17054248698483],[-118.57785910551107,34.170556323855905],[-118.57782729148886,34.17047835335209],[-118.57767963507291,34.170519919529255],[-118.57770838896383,34.17059048677425],[-118.57766308559715,34.17060323286538],[-118.57769432838272,34.170679861035055],[-118.5777833188765,34.17065481468579]]]},"properties":{"building_pk":84968,"building_key":"lariac:386920884978","source_tile":"r02-c02","source_tile_ids":["r02-c02"],"source_bld_id":"386920884978","height_m":5.011,"receiver_ids":[207459,207460,207461,207462,207463,207464,207465,207466,207467,207468,207469,207470,207471,207472,207473,207474,207475,207476],"receiver_keys":["r02-c02:expanded-facade-max4m:84968:0:1","r02-c02:expanded-facade-max4m:84968:0:10","r02-c02:expanded-facade-max4m:84968:0:12","r02-c02:expanded-facade-max4m:84968:0:13","r02-c02:expanded-facade-max4m:84968:0:14","r02-c02:expanded-facade-max4m:84968:0:15","r02-c02:expanded-facade-max4m:84968:0:16","r02-c02:expanded-facade-max4m:84968:0:17","r02-c02:expanded-facade-max4m:84968:0:18","r02-c02:expanded-facade-max4m:84968:0:20","r02-c02:expanded-facade-max4m:84968:0:21","r02-c02:expanded-facade-max4m:84968:0:22","r02-c02:expanded-facade-max4m:84968:0:23","r02-c02:expanded-facade-max4m:84968:0:24","r02-c02:expanded-facade-max4m:84968:0:3","r02-c02:expanded-facade-max4m:84968:0:5","r02-c02:expanded-facade-max4m:84968:0:6","r02-c02:expanded-facade-max4m:84968:0:7"],"receiver_count":18,"periods":{"D":{"min":61.864082,"max":80.888176,"receiver_count":18,"unavailable_count":0},"E":{"min":59.645596,"max":78.669685,"receiver_count":18,"unavailable_count":0},"N":{"min":54.874382,"max":73.898476,"receiver_count":18,"unavailable_count":0}}}},{"type":"Feature","id":"lariac:387226884094","geometry":{"type":"Polygon","coordinates":[[[-118.576583044194,34.1682321272081],[-118.57656891113118,34.16824887498573],[-118.57665507939258,34.16829910752621],[-118.57667036040758,34.168281008257],[-118.5766672730997,34.168279209971686],[-118.57676980989089,34.1681576199799],[-118.57666439052299,34.16809618476472],[-118.57669954154974,34.168054496464435],[-118.57660510816561,34.167999465674285],[-118.57658022020631,34.16802896029589],[-118.57656896772215,34.168022418241016],[-118.57657670705333,34.16801323155673],[-118.57656522261038,34.16800655357254],[-118.576536956542,34.168040048220405],[-118.57655849785678,34.1680525860854],[-118.57655200531553,34.16806028378207],[-118.57656720749858,34.1680691140616],[-118.57648024626987,34.16817224621943],[-118.576583044194,34.1682321272081]]]},"properties":{"building_pk":85270,"building_key":"lariac:387226884094","source_tile":"r02-c02","source_tile_ids":["r02-c02"],"source_bld_id":"387226884094","height_m":4.697,"receiver_ids":[207722,207723,207724,207725,207726,207727,207728,207729,207730,207731,207732,207733,207734,207735,207736,207737,207738,207739,207740,207741,207742,207743,207744,207745],"receiver_keys":["r02-c02:expanded-facade-max4m:85270:0:1","r02-c02:expanded-facade-max4m:85270:0:10","r02-c02:expanded-facade-max4m:85270:0:11","r02-c02:expanded-facade-max4m:85270:0:12","r02-c02:expanded-facade-max4m:85270:0:13","r02-c02:expanded-facade-max4m:85270:0:14","r02-c02:expanded-facade-max4m:85270:0:15","r02-c02:expanded-facade-max4m:85270:0:16","r02-c02:expanded-facade-max4m:85270:0:18","r02-c02:expanded-facade-max4m:85270:0:19","r02-c02:expanded-facade-max4m:85270:0:2","r02-c02:expanded-facade-max4m:85270:0:21","r02-c02:expanded-facade-max4m:85270:0:22","r02-c02:expanded-facade-max4m:85270:0:23","r02-c02:expanded-facade-max4m:85270:0:24","r02-c02:expanded-facade-max4m:85270:0:25","r02-c02:expanded-facade-max4m:85270:0:26","r02-c02:expanded-facade-max4m:85270:0:3","r02-c02:expanded-facade-max4m:85270:0:4","r02-c02:expanded-facade-max4m:85270:0:5","r02-c02:expanded-facade-max4m:85270:0:6","r02-c02:expanded-facade-max4m:85270:0:7","r02-c02:expanded-facade-max4m:85270:0:8","r02-c02:expanded-facade-max4m:85270:0:9"],"receiver_count":24,"periods":{"D":{"min":54.074886,"max":60.143322,"receiver_count":24,"unavailable_count":0},"E":{"min":51.8564,"max":57.924835,"receiver_count":24,"unavailable_count":0},"N":{"min":47.085186,"max":53.15362,"receiver_count":24,"unavailable_count":0}}}},{"type":"Feature","id":"lariac:387973885345","geometry":{"type":"Polygon","coordinates":[[[-118.57424324717975,34.17167186255487],[-118.57426764693162,34.17166243102433],[-118.57425298659136,34.171636230512114],[-118.57422858576093,34.1716456620448],[-118.57424324717975,34.17167186255487]]]},"properties":{"building_pk":85325,"building_key":"lariac:387973885345","source_tile":"r02-c02","source_tile_ids":["r02-c02"],"source_bld_id":"387973885345","height_m":1.969,"receiver_ids":[207792,207793,207794],"receiver_keys":["r02-c02:expanded-facade-max4m:85325:0:1","r02-c02:expanded-facade-max4m:85325:0:2","r02-c02:expanded-facade-max4m:85325:0:4"],"receiver_count":3,"periods":{"D":{"min":81.68533,"max":82.06928,"receiver_count":3,"unavailable_count":0},"E":{"min":79.46684,"max":79.8508,"receiver_count":3,"unavailable_count":0},"N":{"min":74.69563,"max":75.07958,"receiver_count":3,"unavailable_count":0}}}},{"type":"Feature","id":"lariac:2014121103940000","geometry":{"type":"Polygon","coordinates":[[[-118.57513633440398,34.17252496826784],[-118.5751239511516,34.172383069830545],[-118.57507804505796,34.17238534906906],[-118.57507632673729,34.17236136802036],[-118.57494478901863,34.17236790127467],[-118.57495038013116,34.17244539316663],[-118.57501112607919,34.1724423843884],[-118.57501756193824,34.1725321278683],[-118.57501988993259,34.17255880254098],[-118.57508594850356,34.17255482003924],[-118.5750864819994,34.17256094169972],[-118.5751391959296,34.172557763697014],[-118.57513633440398,34.17252496826784]]]},"properties":{"building_pk":86330,"building_key":"lariac:2014121103940000","source_tile":"r02-c02","source_tile_ids":["r02-c02"],"source_bld_id":"2014121103940000","height_m":5.093,"receiver_ids":[208943,208944,208945,208946,208947,208948,208949,208950,208951,208952,208953,208954,208955,208956,208957,208958,208959,208960],"receiver_keys":["r02-c02:expanded-facade-max4m:86330:0:1","r02-c02:expanded-facade-max4m:86330:0:10","r02-c02:expanded-facade-max4m:86330:0:11","r02-c02:expanded-facade-max4m:86330:0:12","r02-c02:expanded-facade-max4m:86330:0:14","r02-c02:expanded-facade-max4m:86330:0:16","r02-c02:expanded-facade-max4m:86330:0:17","r02-c02:expanded-facade-max4m:86330:0:18","r02-c02:expanded-facade-max4m:86330:0:19","r02-c02:expanded-facade-max4m:86330:0:2","r02-c02:expanded-facade-max4m:86330:0:20","r02-c02:expanded-facade-max4m:86330:0:3","r02-c02:expanded-facade-max4m:86330:0:4","r02-c02:expanded-facade-max4m:86330:0:5","r02-c02:expanded-facade-max4m:86330:0:6","r02-c02:expanded-facade-max4m:86330:0:7","r02-c02:expanded-facade-max4m:86330:0:8","r02-c02:expanded-facade-max4m:86330:0:9"],"receiver_count":18,"periods":{"D":{"min":71.24051,"max":73.648,"receiver_count":18,"unavailable_count":0},"E":{"min":69.022026,"max":71.42951,"receiver_count":18,"unavailable_count":0},"N":{"min":64.25081,"max":66.6583,"receiver_count":18,"unavailable_count":0}}}},{"type":"Feature","id":"lariac:2014121118480000","geometry":{"type":"Polygon","coordinates":[[[-118.57167838441912,34.16994469585103],[-118.57157097997711,34.169944844723794],[-118.5715717801833,34.1703451350929],[-118.57167918513981,34.170344986219376],[-118.57167838441912,34.16994469585103]]]},"properties":{"building_pk":86374,"building_key":"lariac:2014121118480000","source_tile":"r02-c02","source_tile_ids":["r02-c02"],"source_bld_id":"2014121118480000","height_m":5.386,"receiver_ids":[209099,209100,209101,209102,209103,209104,209105,209106,209107,209108,209109,209110,209111,209112,209113,209114,209115,209116,209117,209118,209119,209120,209121,209122,209123,209124,209125,209126],"receiver_keys":["r02-c02:expanded-facade-max4m:86374:0:1","r02-c02:expanded-facade-max4m:86374:0:10","r02-c02:expanded-facade-max4m:86374:0:11","r02-c02:expanded-facade-max4m:86374:0:12","r02-c02:expanded-facade-max4m:86374:0:13","r02-c02:expanded-facade-max4m:86374:0:14","r02-c02:expanded-facade-max4m:86374:0:15","r02-c02:expanded-facade-max4m:86374:0:16","r02-c02:expanded-facade-max4m:86374:0:17","r02-c02:expanded-facade-max4m:86374:0:18","r02-c02:expanded-facade-max4m:86374:0:19","r02-c02:expanded-facade-max4m:86374:0:2","r02-c02:expanded-facade-max4m:86374:0:20","r02-c02:expanded-facade-max4m:86374:0:21","r02-c02:expanded-facade-max4m:86374:0:22","r02-c02:expanded-facade-max4m:86374:0:23","r02-c02:expanded-facade-max4m:86374:0:24","r02-c02:expanded-facade-max4m:86374:0:25","r02-c02:expanded-facade-max4m:86374:0:26","r02-c02:expanded-facade-max4m:86374:0:27","r02-c02:expanded-facade-max4m:86374:0:28","r02-c02:expanded-facade-max4m:86374:0:3","r02-c02:expanded-facade-max4m:86374:0:4","r02-c02:expanded-facade-max4m:86374:0:5","r02-c02:expanded-facade-max4m:86374:0:6","r02-c02:expanded-facade-max4m:86374:0:7","r02-c02:expanded-facade-max4m:86374:0:8","r02-c02:expanded-facade-max4m:86374:0:9"],"receiver_count":28,"periods":{"D":{"min":62.937737,"max":71.81601,"receiver_count":28,"unavailable_count":0},"E":{"min":60.71925,"max":69.59752,"receiver_count":28,"unavailable_count":0},"N":{"min":55.948036,"max":64.82631,"receiver_count":28,"unavailable_count":0}}}},{"type":"Feature","id":"lariac:2014121118510000","geometry":{"type":"Polygon","coordinates":[[[-118.57203597708005,34.16998408827881],[-118.57192731699064,34.169984298401666],[-118.57192802891564,34.170238822866786],[-118.57203669042067,34.170238612738146],[-118.57203597708005,34.16998408827881]]]},"properties":{"building_pk":86375,"building_key":"lariac:2014121118510000","source_tile":"r02-c02","source_tile_ids":["r02-c02"],"source_bld_id":"2014121118510000","height_m":5.148,"receiver_ids":[209127,209128,209129,209130,209131,209132,209133,209134,209135,209136,209137,209138,209139,209140,209141,209142,209143,209144,209145,209146],"receiver_keys":["r02-c02:expanded-facade-max4m:86375:0:1","r02-c02:expanded-facade-max4m:86375:0:10","r02-c02:expanded-facade-max4m:86375:0:11","r02-c02:expanded-facade-max4m:86375:0:12","r02-c02:expanded-facade-max4m:86375:0:13","r02-c02:expanded-facade-max4m:86375:0:14","r02-c02:expanded-facade-max4m:86375:0:15","r02-c02:expanded-facade-max4m:86375:0:16","r02-c02:expanded-facade-max4m:86375:0:17","r02-c02:expanded-facade-max4m:86375:0:18","r02-c02:expanded-facade-max4m:86375:0:19","r02-c02:expanded-facade-max4m:86375:0:2","r02-c02:expanded-facade-max4m:86375:0:20","r02-c02:expanded-facade-max4m:86375:0:3","r02-c02:expanded-facade-max4m:86375:0:4","r02-c02:expanded-facade-max4m:86375:0:5","r02-c02:expanded-facade-max4m:86375:0:6","r02-c02:expanded-facade-max4m:86375:0:7","r02-c02:expanded-facade-max4m:86375:0:8","r02-c02:expanded-facade-max4m:86375:0:9"],"receiver_count":20,"periods":{"D":{"min":63.786446,"max":72.44932,"receiver_count":20,"unavailable_count":0},"E":{"min":61.567955,"max":70.230835,"receiver_count":20,"unavailable_count":0},"N":{"min":56.796745,"max":65.45962,"receiver_count":20,"unavailable_count":0}}}},{"type":"Feature","id":"lariac:201700285345","geometry":{"type":"Polygon","coordinates":[[[-118.57663344013693,34.171515579356885],[-118.57663567127776,34.17157403934702],[-118.57673414935644,34.17157144299574],[-118.57673185315107,34.171511266774935],[-118.57673569323796,34.17151116551921],[-118.57673469730544,34.17148505159687],[-118.57673260103586,34.17148510667134],[-118.57672999236219,34.171416746809975],[-118.57660167981084,34.171420130016664],[-118.57659972558169,34.171368942374116],[-118.57651399667806,34.17137120286811],[-118.57651425603281,34.171377979450014],[-118.57649701091228,34.171378433998484],[-118.57649833482165,34.17141310653246],[-118.57651565152214,34.171412649839496],[-118.57651628295433,34.17142917756568],[-118.57652008182812,34.17142907741481],[-118.57652332456847,34.17151405695118],[-118.57652116540227,34.17151411412488],[-118.5765227238292,34.17155494850504],[-118.57662419826305,34.171552273047425],[-118.57662274948957,34.171515861127276],[-118.57663344013693,34.171515579356885]]]},"properties":{"building_pk":86747,"building_key":"lariac:201700285345","source_tile":"r02-c02","source_tile_ids":["r02-c02"],"source_bld_id":"201700285345","height_m":3.182,"receiver_ids":[209377,209378,209379,209380,209381,209382,209383,209384,209385,209386,209387,209388,209389,209390,209391,209392,209393,209394,209395,209396,209397],"receiver_keys":["r02-c02:expanded-facade-max4m:86747:0:10","r02-c02:expanded-facade-max4m:86747:0:11","r02-c02:expanded-facade-max4m:86747:0:13","r02-c02:expanded-facade-max4m:86747:0:14","r02-c02:expanded-facade-max4m:86747:0:15","r02-c02:expanded-facade-max4m:86747:0:16","r02-c02:expanded-facade-max4m:86747:0:17","r02-c02:expanded-facade-max4m:86747:0:19","r02-c02:expanded-facade-max4m:86747:0:2","r02-c02:expanded-facade-max4m:86747:0:20","r02-c02:expanded-facade-max4m:86747:0:21","r02-c02:expanded-facade-max4m:86747:0:22","r02-c02:expanded-facade-max4m:86747:0:23","r02-c02:expanded-facade-max4m:86747:0:24","r02-c02:expanded-facade-max4m:86747:0:3","r02-c02:expanded-facade-max4m:86747:0:4","r02-c02:expanded-facade-max4m:86747:0:5","r02-c02:expanded-facade-max4m:86747:0:6","r02-c02:expanded-facade-max4m:86747:0:7","r02-c02:expanded-facade-max4m:86747:0:8","r02-c02:expanded-facade-max4m:86747:0:9"],"receiver_count":21,"periods":{"D":{"min":70.21534,"max":72.306786,"receiver_count":21,"unavailable_count":0},"E":{"min":67.99686,"max":70.088295,"receiver_count":21,"unavailable_count":0},"N":{"min":63.225643,"max":65.317085,"receiver_count":21,"unavailable_count":0}}}},{"type":"Feature","id":"lariac:201700285416","geometry":{"type":"Polygon","coordinates":[[[-118.5739635044677,34.17245285323351],[-118.57399444785156,34.1725050843474],[-118.5740513471284,34.17248179782023],[-118.5739704895426,34.17234561823436],[-118.57385877974231,34.17239133832989],[-118.57382947709455,34.17234187705762],[-118.57375367092995,34.17237290279445],[-118.5737895568187,34.17243347685103],[-118.57379131447,34.17243275719233],[-118.57383450028325,34.17250565137644],[-118.5739635044677,34.17245285323351]]]},"properties":{"building_pk":86752,"building_key":"lariac:201700285416","source_tile":"r02-c02","source_tile_ids":["r02-c02"],"source_bld_id":"201700285416","height_m":4.109,"receiver_ids":[209453,209454,209455,209456,209457,209458,209459,209460,209461,209462,209463,209464,209465,209466,209467,209468,209469,209470,209471,209472,209473],"receiver_keys":["r02-c02:expanded-facade-max4m:86752:0:1","r02-c02:expanded-facade-max4m:86752:0:10","r02-c02:expanded-facade-max4m:86752:0:12","r02-c02:expanded-facade-max4m:86752:0:13","r02-c02:expanded-facade-max4m:86752:0:14","r02-c02:expanded-facade-max4m:86752:0:15","r02-c02:expanded-facade-max4m:86752:0:16","r02-c02:expanded-facade-max4m:86752:0:17","r02-c02:expanded-facade-max4m:86752:0:18","r02-c02:expanded-facade-max4m:86752:0:19","r02-c02:expanded-facade-max4m:86752:0:2","r02-c02:expanded-facade-max4m:86752:0:20","r02-c02:expanded-facade-max4m:86752:0:21","r02-c02:expanded-facade-max4m:86752:0:22","r02-c02:expanded-facade-max4m:86752:0:3","r02-c02:expanded-facade-max4m:86752:0:4","r02-c02:expanded-facade-max4m:86752:0:5","r02-c02:expanded-facade-max4m:86752:0:6","r02-c02:expanded-facade-max4m:86752:0:7","r02-c02:expanded-facade-max4m:86752:0:8","r02-c02:expanded-facade-max4m:86752:0:9"],"receiver_count":21,"periods":{"D":{"min":75.1941,"max":77.208954,"receiver_count":21,"unavailable_count":0},"E":{"min":72.97562,"max":74.99046,"receiver_count":21,"unavailable_count":0},"N":{"min":68.2044,"max":70.21925,"receiver_count":21,"unavailable_count":0}}}},{"type":"Feature","id":"lariac:387349885356","geometry":{"type":"Polygon","coordinates":[[[-118.57631921486718,34.171656001778416],[-118.5762890407266,34.17166372216007],[-118.57630125734521,34.171695965412646],[-118.5763314342513,34.17168864439946],[-118.57631921486718,34.171656001778416]]]},"properties":{"building_pk":90669,"building_key":"lariac:387349885356","source_tile":"r02-c02","source_tile_ids":["r02-c02"],"source_bld_id":"387349885356","height_m":2.313,"receiver_ids":[210956,210957,210958,210959],"receiver_keys":["r02-c02:expanded-facade-max4m:90669:0:1","r02-c02:expanded-facade-max4m:90669:0:2","r02-c02:expanded-facade-max4m:90669:0:3","r02-c02:expanded-facade-max4m:90669:0:4"],"receiver_count":4,"periods":{"D":{"min":72.08011,"max":73.09029,"receiver_count":4,"unavailable_count":0},"E":{"min":69.86162,"max":70.871796,"receiver_count":4,"unavailable_count":0},"N":{"min":65.09041,"max":66.100586,"receiver_count":4,"unavailable_count":0}}}},{"type":"Feature","id":"lariac:386878885453","geometry":{"type":"Polygon","coordinates":[[[-118.57794837416962,34.17188107984656],[-118.5779104130349,34.17180816665689],[-118.57784105857242,34.171833119271525],[-118.57784424185424,34.17183920481942],[-118.57783589771513,34.171842212576756],[-118.57786243399347,34.17189316914939],[-118.57775901345845,34.17193037601919],[-118.57780019199254,34.17200945668278],[-118.5778941810648,34.17197564769539],[-118.57790637756092,34.17199908368759],[-118.57797035572297,34.17197605268087],[-118.57796010250365,34.171956317267544],[-118.577963598391,34.171955063639665],[-118.57792875249127,34.17188812633688],[-118.57794837416962,34.17188107984656]]]},"properties":{"building_pk":90684,"building_key":"lariac:386878885453","source_tile":"r02-c02","source_tile_ids":["r02-c02"],"source_bld_id":"386878885453","height_m":2.99,"receiver_ids":[210976,210977,210978,210979,210980,210981,210982,210983,210984,210985,210986,210987,210988,210989,210990,210991,210992],"receiver_keys":["r02-c02:expanded-facade-max4m:90684:0:1","r02-c02:expanded-facade-max4m:90684:0:10","r02-c02:expanded-facade-max4m:90684:0:11","r02-c02:expanded-facade-max4m:90684:0:12","r02-c02:expanded-facade-max4m:90684:0:13","r02-c02:expanded-facade-max4m:90684:0:15","r02-c02:expanded-facade-max4m:90684:0:17","r02-c02:expanded-facade-max4m:90684:0:18","r02-c02:expanded-facade-max4m:90684:0:19","r02-c02:expanded-facade-max4m:90684:0:2","r02-c02:expanded-facade-max4m:90684:0:3","r02-c02:expanded-facade-max4m:90684:0:4","r02-c02:expanded-facade-max4m:90684:0:5","r02-c02:expanded-facade-max4m:90684:0:6","r02-c02:expanded-facade-max4m:90684:0:7","r02-c02:expanded-facade-max4m:90684:0:8","r02-c02:expanded-facade-max4m:90684:0:9"],"receiver_count":17,"periods":{"D":{"min":52.76858,"max":61.734726,"receiver_count":17,"unavailable_count":0},"E":{"min":50.550095,"max":59.51624,"receiver_count":17,"unavailable_count":0},"N":{"min":45.77888,"max":54.74503,"receiver_count":17,"unavailable_count":0}}}},{"type":"Feature","id":"lariac:386780885400","geometry":{"type":"Polygon","coordinates":[[[-118.57816233120339,34.171888932858735],[-118.57828130883483,34.17183510969611],[-118.57827546052259,34.171826206951884],[-118.57833452109239,34.171799489406474],[-118.57829940258003,34.171745853112235],[-118.57824014539568,34.1717726815693],[-118.57823072278605,34.17175824509776],[-118.57828938640547,34.171731694455076],[-118.57824952347164,34.171670826097305],[-118.57807204776933,34.17175111696307],[-118.57816233120339,34.171888932858735]]]},"properties":{"building_pk":90694,"building_key":"lariac:386780885400","source_tile":"r02-c02","source_tile_ids":["r02-c02"],"source_bld_id":"386780885400","height_m":3.551,"receiver_ids":[211014,211015,211016,211017,211018,211019,211020,211021],"receiver_keys":["r02-c02:expanded-facade-max4m:90694:0:14","r02-c02:expanded-facade-max4m:90694:0:15","r02-c02:expanded-facade-max4m:90694:0:16","r02-c02:expanded-facade-max4m:90694:0:17","r02-c02:expanded-facade-max4m:90694:0:18","r02-c02:expanded-facade-max4m:90694:0:19","r02-c02:expanded-facade-max4m:90694:0:20","r02-c02:expanded-facade-max4m:90694:0:21"],"receiver_count":8,"periods":{"D":{"min":62.968475,"max":64.418526,"receiver_count":8,"unavailable_count":0},"E":{"min":60.74999,"max":62.200035,"receiver_count":8,"unavailable_count":0},"N":{"min":55.978775,"max":57.428825,"receiver_count":8,"unavailable_count":0}}}},{"type":"Feature","id":"lariac:388635883764","geometry":{"type":"Polygon","coordinates":[[[-118.57196949082869,34.16745895486353],[-118.57201583432713,34.16745821366126],[-118.57201699524681,34.16751039140452],[-118.57211133695482,34.167509634073795],[-118.57210849278236,34.167384927777],[-118.57219780775844,34.16738346120343],[-118.5721962138692,34.16731479805282],[-118.57212438509681,34.16731596282133],[-118.57212285654887,34.16725208115638],[-118.57201840223503,34.167253784272354],[-118.57201817364935,34.167244634670666],[-118.57197715296527,34.167245295703594],[-118.57197738930579,34.167255737182806],[-118.57196476258726,34.167255933940744],[-118.57196949082869,34.16745895486353]]]},"properties":{"building_pk":90804,"building_key":"lariac:388635883764","source_tile":"r02-c02","source_tile_ids":["r02-c02"],"source_bld_id":"388635883764","height_m":4.569,"receiver_ids":[211173,211174,211175,211178,211179,211180,211181,211182],"receiver_keys":["r02-c02:expanded-facade-max4m:90804:0:1","r02-c02:expanded-facade-max4m:90804:0:2","r02-c02:expanded-facade-max4m:90804:0:22","r02-c02:expanded-facade-max4m:90804:0:23","r02-c02:expanded-facade-max4m:90804:0:24","r02-c02:expanded-facade-max4m:90804:0:25","r02-c02:expanded-facade-max4m:90804:0:26","r02-c02:expanded-facade-max4m:90804:0:3"],"receiver_count":8,"periods":{"D":{"min":65.38424,"max":66.013794,"receiver_count":8,"unavailable_count":0},"E":{"min":63.165752,"max":63.795303,"receiver_count":8,"unavailable_count":0},"N":{"min":58.39454,"max":59.024094,"receiver_count":8,"unavailable_count":0}}}},{"type":"Feature","id":"lariac:386716883842","geometry":{"type":"Polygon","coordinates":[[[-118.57848608065014,34.16741770697013],[-118.57825045087854,34.16747714499511],[-118.57824627278197,34.16746567838345],[-118.5782589785645,34.16746248475617],[-118.57824960989193,34.167436809365825],[-118.57823489150469,34.167440534610584],[-118.57821588568639,34.16738847018376],[-118.5782324860067,34.167384295988334],[-118.57823740572738,34.167397764992806],[-118.57846006546146,34.16734160394684],[-118.57841952654124,34.16723059042602],[-118.57819594364011,34.16728700193447],[-118.57820113293184,34.16730118457696],[-118.57818347706633,34.16730563788483],[-118.57817734457798,34.16728884977718],[-118.57785521874442,34.16737010685239],[-118.57786327264816,34.16739216163823],[-118.57784307543822,34.16739723197729],[-118.57784004268437,34.16738889274923],[-118.5778090539727,34.16739667961679],[-118.57780551536713,34.16738702384396],[-118.57776749777338,34.16739660320064],[-118.57779172768923,34.16746307016727],[-118.57777684857778,34.167481826689304],[-118.57781921701248,34.167499128655834],[-118.5778283002267,34.1675266743466],[-118.577815992887,34.16753008510021],[-118.57782577156527,34.16755782039889],[-118.57783910323204,34.16756388449968],[-118.57783409830932,34.167571492215245],[-118.57786367998186,34.16758498042338],[-118.57788448741962,34.167553499997915],[-118.57791600431345,34.167545545604305],[-118.57790731024707,34.16752173496597],[-118.57792595595178,34.167517056991095],[-118.57791992428483,34.16750057040641],[-118.577944642905,34.16749435241532],[-118.57795475241059,34.16752208522102],[-118.57798930529785,34.1675133743262],[-118.57799018062606,34.167515733092955],[-118.57800156661337,34.16751287576658],[-118.57800032002653,34.16750952977907],[-118.57803573035794,34.167500593893855],[-118.57803670756375,34.16750325509266],[-118.5781179235222,34.16748277951585],[-118.57811708110843,34.16748047558689],[-118.57815410910978,34.16747114787497],[-118.57815495152447,34.16747345180368],[-118.57816445574382,34.167471070459165],[-118.57816351254287,34.16746846499466],[-118.57819393910964,34.16746078981113],[-118.57818612177721,34.167439393847],[-118.57820222613599,34.16743533201563],[-118.57826126488044,34.1675970943918],[-118.57852709110405,34.16753006512277],[-118.57848608065014,34.16741770697013]]]},"properties":{"building_pk":90849,"building_key":"lariac:386716883842","source_tile":"r02-c02","source_tile_ids":["r02-c02"],"source_bld_id":"386716883842","height_m":17.776,"receiver_ids":[211338,211339,211340,211341,211342,211343,211344,211347,211348,211349,211350,211351,211352,211353,211354,211355,211356,211357,211358,211359,211360,211361],"receiver_keys":["r02-c02:expanded-facade-max4m:90849:0:11","r02-c02:expanded-facade-max4m:90849:0:12","r02-c02:expanded-facade-max4m:90849:0:13","r02-c02:expanded-facade-max4m:90849:0:3","r02-c02:expanded-facade-max4m:90849:0:4","r02-c02:expanded-facade-max4m:90849:0:42","r02-c02:expanded-facade-max4m:90849:0:44","r02-c02:expanded-facade-max4m:90849:0:45","r02-c02:expanded-facade-max4m:90849:0:46","r02-c02:expanded-facade-max4m:90849:0:49","r02-c02:expanded-facade-max4m:90849:0:5","r02-c02:expanded-facade-max4m:90849:0:50","r02-c02:expanded-facade-max4m:90849:0:51","r02-c02:expanded-facade-max4m:90849:0:52","r02-c02:expanded-facade-max4m:90849:0:53","r02-c02:expanded-facade-max4m:90849:0:54","r02-c02:expanded-facade-max4m:90849:0:57","r02-c02:expanded-facade-max4m:90849:0:58","r02-c02:expanded-facade-max4m:90849:0:61","r02-c02:expanded-facade-max4m:90849:0:62","r02-c02:expanded-facade-max4m:90849:0:63","r02-c02:expanded-facade-max4m:90849:0:7"],"receiver_count":22,"periods":{"D":{"min":51.683445,"max":64.33495,"receiver_count":22,"unavailable_count":0},"E":{"min":49.464954,"max":62.116467,"receiver_count":22,"unavailable_count":0},"N":{"min":44.693745,"max":57.345257,"receiver_count":22,"unavailable_count":0}}}},{"type":"Feature","id":"lariac:389725885506","geometry":{"type":"Polygon","coordinates":[[[-118.56854838677317,34.17232336320899],[-118.56854767494056,34.17199226964761],[-118.56854714509907,34.171993627160695],[-118.56850049444499,34.172007943028554],[-118.56849544498724,34.17199657664618],[-118.56848535268188,34.17197385827437],[-118.56845519779391,34.17198309480872],[-118.5684653738002,34.172006000310915],[-118.56846745241754,34.1720106812786],[-118.5684102448203,34.17202820755242],[-118.56841313306778,34.17203487081926],[-118.56836635423535,34.17204836863483],[-118.56836671179354,34.17221460824391],[-118.5683718624116,34.17221310279849],[-118.56837199476334,34.1722325575173],[-118.56846469403213,34.17223209386101],[-118.5684653577366,34.172324695639915],[-118.56854838677317,34.17232336320899]]]},"properties":{"building_pk":91464,"building_key":"lariac:389725885506","source_tile":"r02-c02","source_tile_ids":["r02-c02"],"source_bld_id":"389725885506","height_m":4.785,"receiver_ids":[211848,211849,211850,211851,211852,211853,211854,211855,211856,211857,211858,211859,211860,211861,211862],"receiver_keys":["r02-c02:expanded-facade-max4m:91464:0:1","r02-c02:expanded-facade-max4m:91464:0:10","r02-c02:expanded-facade-max4m:91464:0:12","r02-c02:expanded-facade-max4m:91464:0:13","r02-c02:expanded-facade-max4m:91464:0:14","r02-c02:expanded-facade-max4m:91464:0:15","r02-c02:expanded-facade-max4m:91464:0:16","r02-c02:expanded-facade-max4m:91464:0:2","r02-c02:expanded-facade-max4m:91464:0:22","r02-c02:expanded-facade-max4m:91464:0:23","r02-c02:expanded-facade-max4m:91464:0:25","r02-c02:expanded-facade-max4m:91464:0:26","r02-c02:expanded-facade-max4m:91464:0:27","r02-c02:expanded-facade-max4m:91464:0:28","r02-c02:expanded-facade-max4m:91464:0:3"],"receiver_count":15,"periods":{"D":{"min":74.492256,"max":83.71348,"receiver_count":15,"unavailable_count":0},"E":{"min":72.273766,"max":81.494995,"receiver_count":15,"unavailable_count":0},"N":{"min":67.502556,"max":76.72378,"receiver_count":15,"unavailable_count":0}}}},{"type":"Feature","id":"lariac:387217885418","geometry":{"type":"Polygon","coordinates":[[[-118.5767298061376,34.171902477826265],[-118.57675397755337,34.17195097387948],[-118.5768335969558,34.17192355408224],[-118.57676476978043,34.17178549784094],[-118.5767574807893,34.171788005543],[-118.57674678641129,34.17176654026356],[-118.57667293907073,34.17179198063435],[-118.57668450530528,34.17181514568353],[-118.57656850711048,34.171855103525026],[-118.57661229061233,34.17194293879538],[-118.5767298061376,34.171902477826265]]]},"properties":{"building_pk":91647,"building_key":"lariac:387217885418","source_tile":"r02-c02","source_tile_ids":["r02-c02"],"source_bld_id":"387217885418","height_m":3.402,"receiver_ids":[211997,211998,211999,212000,212001,212002,212003,212004,212005,212006,212007,212008,212009,212010,212011,212012,212013],"receiver_keys":["r02-c02:expanded-facade-max4m:91647:0:1","r02-c02:expanded-facade-max4m:91647:0:10","r02-c02:expanded-facade-max4m:91647:0:11","r02-c02:expanded-facade-max4m:91647:0:13","r02-c02:expanded-facade-max4m:91647:0:14","r02-c02:expanded-facade-max4m:91647:0:15","r02-c02:expanded-facade-max4m:91647:0:16","r02-c02:expanded-facade-max4m:91647:0:17","r02-c02:expanded-facade-max4m:91647:0:18","r02-c02:expanded-facade-max4m:91647:0:19","r02-c02:expanded-facade-max4m:91647:0:2","r02-c02:expanded-facade-max4m:91647:0:20","r02-c02:expanded-facade-max4m:91647:0:3","r02-c02:expanded-facade-max4m:91647:0:4","r02-c02:expanded-facade-max4m:91647:0:7","r02-c02:expanded-facade-max4m:91647:0:8","r02-c02:expanded-facade-max4m:91647:0:9"],"receiver_count":17,"periods":{"D":{"min":58.193287,"max":70.78044,"receiver_count":17,"unavailable_count":0},"E":{"min":55.9748,"max":68.56195,"receiver_count":17,"unavailable_count":0},"N":{"min":51.203587,"max":63.790737,"receiver_count":17,"unavailable_count":0}}}},{"type":"Feature","id":"lariac:388475884559","geometry":{"type":"Polygon","coordinates":[[[-118.5725278853005,34.16947973949374],[-118.57252112458953,34.16948224534124],[-118.57255612262092,34.169547946534706],[-118.57262893486794,34.1695211396216],[-118.57262794378713,34.169519280820694],[-118.5726573463348,34.16950855744981],[-118.57263637856427,34.16946889408967],[-118.5726069782336,34.169479939296636],[-118.57259403807498,34.16945565704518],[-118.5725663371052,34.169465872888225],[-118.5725278853005,34.16947973949374]]]},"properties":{"building_pk":91836,"building_key":"lariac:388475884559","source_tile":"r02-c02","source_tile_ids":["r02-c02"],"source_bld_id":"388475884559","height_m":4.221,"receiver_ids":[212165,212166,212167,212168,212169,212170,212171,212172],"receiver_keys":["r02-c02:expanded-facade-max4m:91836:0:1","r02-c02:expanded-facade-max4m:91836:0:2","r02-c02:expanded-facade-max4m:91836:0:3","r02-c02:expanded-facade-max4m:91836:0:4","r02-c02:expanded-facade-max4m:91836:0:5","r02-c02:expanded-facade-max4m:91836:0:6","r02-c02:expanded-facade-max4m:91836:0:7","r02-c02:expanded-facade-max4m:91836:0:9"],"receiver_count":8,"periods":{"D":{"min":67.89416,"max":70.421326,"receiver_count":8,"unavailable_count":0},"E":{"min":65.67567,"max":68.20284,"receiver_count":8,"unavailable_count":0},"N":{"min":60.904457,"max":63.431625,"receiver_count":8,"unavailable_count":0}}}},{"type":"Feature","id":"lariac:387607885189","geometry":{"type":"Polygon","coordinates":[[[-118.57547064454204,34.17127675795968],[-118.57549329464729,34.171267664472154],[-118.57543016090732,34.171158982489516],[-118.57540747720138,34.17116807612515],[-118.57547064454204,34.17127675795968]]]},"properties":{"building_pk":91859,"building_key":"lariac:387607885189","source_tile":"r02-c02","source_tile_ids":["r02-c02"],"source_bld_id":"387607885189","height_m":1.594,"receiver_ids":[212173,212174,212175,212176,212177],"receiver_keys":["r02-c02:expanded-facade-max4m:91859:0:1","r02-c02:expanded-facade-max4m:91859:0:2","r02-c02:expanded-facade-max4m:91859:0:3","r02-c02:expanded-facade-max4m:91859:0:4","r02-c02:expanded-facade-max4m:91859:0:5"],"receiver_count":5,"periods":{"D":{"min":78.0512,"max":82.72838,"receiver_count":5,"unavailable_count":0},"E":{"min":75.83272,"max":80.50989,"receiver_count":5,"unavailable_count":0},"N":{"min":71.0615,"max":75.73868,"receiver_count":5,"unavailable_count":0}}}},{"type":"Feature","id":"lariac:388695884216","geometry":{"type":"Polygon","coordinates":[[[-118.57184826107388,34.16850662147101],[-118.5718368340904,34.16847263676882],[-118.57178784936121,34.16848563787891],[-118.57185427790886,34.16865643703072],[-118.57190159753547,34.16864370972462],[-118.57184826107388,34.16850662147101]]]},"properties":{"building_pk":92078,"building_key":"lariac:388695884216","source_tile":"r02-c02","source_tile_ids":["r02-c02"],"source_bld_id":"388695884216","height_m":8.992,"receiver_ids":[212370,212371,212372,212373,212374,212375,212376,212377],"receiver_keys":["r02-c02:expanded-facade-max4m:92078:0:10","r02-c02:expanded-facade-max4m:92078:0:11","r02-c02:expanded-facade-max4m:92078:0:12","r02-c02:expanded-facade-max4m:92078:0:13","r02-c02:expanded-facade-max4m:92078:0:4","r02-c02:expanded-facade-max4m:92078:0:5","r02-c02:expanded-facade-max4m:92078:0:6","r02-c02:expanded-facade-max4m:92078:0:7"],"receiver_count":8,"periods":{"D":{"min":50.879326,"max":66.3072,"receiver_count":8,"unavailable_count":0},"E":{"min":48.66084,"max":64.08871,"receiver_count":8,"unavailable_count":0},"N":{"min":43.889626,"max":59.317497,"receiver_count":8,"unavailable_count":0}}}},{"type":"Feature","id":"lariac:388309884715","geometry":{"type":"Polygon","coordinates":[[[-118.57315757880468,34.1699382693603],[-118.57313858526985,34.1699020045693],[-118.57308941475408,34.169919796993966],[-118.5731084082716,34.16995606179272],[-118.57315757880468,34.1699382693603]]]},"properties":{"building_pk":92414,"building_key":"lariac:388309884715","source_tile":"r02-c02","source_tile_ids":["r02-c02"],"source_bld_id":"388309884715","height_m":4.325,"receiver_ids":[212742,212743,212744],"receiver_keys":["r02-c02:expanded-facade-max4m:92414:0:1","r02-c02:expanded-facade-max4m:92414:0:2","r02-c02:expanded-facade-max4m:92414:0:5"],"receiver_count":3,"periods":{"D":{"min":67.9379,"max":72.98014,"receiver_count":3,"unavailable_count":0},"E":{"min":65.719406,"max":70.76165,"receiver_count":3,"unavailable_count":0},"N":{"min":60.948196,"max":65.99044,"receiver_count":3,"unavailable_count":0}}}},{"type":"Feature","id":"lariac:389890885553","geometry":{"type":"Polygon","coordinates":[[[-118.56795381994563,34.172293065779684],[-118.56795369232884,34.17214983973309],[-118.567952322638,34.172150195063594],[-118.56787037242525,34.17217075017116],[-118.56787253770001,34.17236276367169],[-118.56795333014563,34.17236158459608],[-118.5679524675022,34.17229308655601],[-118.56795381994563,34.172293065779684]]]},"properties":{"building_pk":92530,"building_key":"lariac:389890885553","source_tile":"r02-c02","source_tile_ids":["r02-c02"],"source_bld_id":"389890885553","height_m":3.941,"receiver_ids":[212855,212856,212857,212858,212859,212860,212861,212862,212863,212864],"receiver_keys":["r02-c02:expanded-facade-max4m:92530:0:10","r02-c02:expanded-facade-max4m:92530:0:11","r02-c02:expanded-facade-max4m:92530:0:12","r02-c02:expanded-facade-max4m:92530:0:15","r02-c02:expanded-facade-max4m:92530:0:16","r02-c02:expanded-facade-max4m:92530:0:5","r02-c02:expanded-facade-max4m:92530:0:6","r02-c02:expanded-facade-max4m:92530:0:7","r02-c02:expanded-facade-max4m:92530:0:8","r02-c02:expanded-facade-max4m:92530:0:9"],"receiver_count":10,"periods":{"D":{"min":75.6528,"max":80.19146,"receiver_count":10,"unavailable_count":0},"E":{"min":73.43431,"max":77.97297,"receiver_count":10,"unavailable_count":0},"N":{"min":68.6631,"max":73.20176,"receiver_count":10,"unavailable_count":0}}}},{"type":"Feature","id":"lariac:386906885214","geometry":{"type":"Polygon","coordinates":[[[-118.57780678176105,34.171279606112805],[-118.57778124706017,34.171249226125475],[-118.57774031682042,34.171272970940485],[-118.57776581897494,34.171303351091936],[-118.57780678176105,34.171279606112805]]]},"properties":{"building_pk":92843,"building_key":"lariac:386906885214","source_tile":"r02-c02","source_tile_ids":["r02-c02"],"source_bld_id":"386906885214","height_m":2.588,"receiver_ids":[213219,213220,213221,213222,213223],"receiver_keys":["r02-c02:expanded-facade-max4m:92843:0:1","r02-c02:expanded-facade-max4m:92843:0:2","r02-c02:expanded-facade-max4m:92843:0:3","r02-c02:expanded-facade-max4m:92843:0:4","r02-c02:expanded-facade-max4m:92843:0:5"],"receiver_count":5,"periods":{"D":{"min":66.56011,"max":67.943054,"receiver_count":5,"unavailable_count":0},"E":{"min":64.34163,"max":65.72456,"receiver_count":5,"unavailable_count":0},"N":{"min":59.570415,"max":60.953354,"receiver_count":5,"unavailable_count":0}}}},{"type":"Feature","id":"lariac:388520886005","geometry":{"type":"Polygon","coordinates":[[[-118.57255048488373,34.17353016957156],[-118.57253046026752,34.17344007829763],[-118.5725002411282,34.17344470023307],[-118.57248059029779,34.17335611817162],[-118.57237424468433,34.173372449067465],[-118.57239996677826,34.17348831742668],[-118.57233586302283,34.17349815556054],[-118.57234978118986,34.17356093460436],[-118.57255048488373,34.17353016957156]]]},"properties":{"building_pk":93547,"building_key":"lariac:388520886005","source_tile":"r02-c02","source_tile_ids":["r02-c02"],"source_bld_id":"388520886005","height_m":4.755,"receiver_ids":[213943,213944,213945,213946,213947,213948,213949,213950,213951,213952,213953,213954],"receiver_keys":["r02-c02:expanded-facade-max4m:93547:0:1","r02-c02:expanded-facade-max4m:93547:0:10","r02-c02:expanded-facade-max4m:93547:0:11","r02-c02:expanded-facade-max4m:93547:0:12","r02-c02:expanded-facade-max4m:93547:0:13","r02-c02:expanded-facade-max4m:93547:0:14","r02-c02:expanded-facade-max4m:93547:0:2","r02-c02:expanded-facade-max4m:93547:0:3","r02-c02:expanded-facade-max4m:93547:0:5","r02-c02:expanded-facade-max4m:93547:0:6","r02-c02:expanded-facade-max4m:93547:0:8","r02-c02:expanded-facade-max4m:93547:0:9"],"receiver_count":12,"periods":{"D":{"min":71.85096,"max":74.59411,"receiver_count":12,"unavailable_count":0},"E":{"min":69.63248,"max":72.375626,"receiver_count":12,"unavailable_count":0},"N":{"min":64.86126,"max":67.60441,"receiver_count":12,"unavailable_count":0}}}},{"type":"Feature","id":"lariac:388222885885","geometry":{"type":"Polygon","coordinates":[[[-118.57337920370453,34.17313573717177],[-118.57331667806663,34.17314914116897],[-118.57333777533832,34.17321713486437],[-118.57341660917683,34.173200245690985],[-118.5734154931286,34.1731966240662],[-118.57352892492496,34.17317228898699],[-118.5734946419503,34.17306176524955],[-118.57354759408676,34.17305041340334],[-118.57353325883523,34.17300426096652],[-118.57344128641739,34.173023987473464],[-118.57344355143462,34.17303128646231],[-118.57335283309882,34.1730507319839],[-118.57337920370453,34.17313573717177]]]},"properties":{"building_pk":98051,"building_key":"lariac:388222885885","source_tile":"r02-c02","source_tile_ids":["r02-c02"],"source_bld_id":"388222885885","height_m":3.999,"receiver_ids":[215760,215761,215762,215763,215764,215765,215766,215767,215768,215769,215770,215771,215772,215773,215774,215775,215776,215777],"receiver_keys":["r02-c02:expanded-facade-max4m:98051:0:1","r02-c02:expanded-facade-max4m:98051:0:10","r02-c02:expanded-facade-max4m:98051:0:11","r02-c02:expanded-facade-max4m:98051:0:13","r02-c02:expanded-facade-max4m:98051:0:14","r02-c02:expanded-facade-max4m:98051:0:15","r02-c02:expanded-facade-max4m:98051:0:16","r02-c02:expanded-facade-max4m:98051:0:17","r02-c02:expanded-facade-max4m:98051:0:18","r02-c02:expanded-facade-max4m:98051:0:19","r02-c02:expanded-facade-max4m:98051:0:2","r02-c02:expanded-facade-max4m:98051:0:20","r02-c02:expanded-facade-max4m:98051:0:21","r02-c02:expanded-facade-max4m:98051:0:3","r02-c02:expanded-facade-max4m:98051:0:6","r02-c02:expanded-facade-max4m:98051:0:7","r02-c02:expanded-facade-max4m:98051:0:8","r02-c02:expanded-facade-max4m:98051:0:9"],"receiver_count":18,"periods":{"D":{"min":72.43492,"max":74.09051,"receiver_count":18,"unavailable_count":0},"E":{"min":70.21644,"max":71.872025,"receiver_count":18,"unavailable_count":0},"N":{"min":65.44522,"max":67.10081,"receiver_count":18,"unavailable_count":0}}}},{"type":"Feature","id":"lariac:388753885774","geometry":{"type":"Polygon","coordinates":[[[-118.57174980030219,34.17286767066871],[-118.57179050261658,34.172911692711324],[-118.57185893716817,34.172867951613746],[-118.5717676748511,34.172769266349654],[-118.57173159793123,34.172792327144144],[-118.57171617566648,34.17277563762423],[-118.57171900737134,34.172773837374834],[-118.57168649892087,34.172738708182685],[-118.57156477175532,34.172816499995115],[-118.57159527550611,34.172848588767884],[-118.571592280244,34.17285058181647],[-118.57166291036343,34.17292479853898],[-118.57174980030219,34.17286767066871]]]},"properties":{"building_pk":98060,"building_key":"lariac:388753885774","source_tile":"r02-c02","source_tile_ids":["r02-c02"],"source_bld_id":"388753885774","height_m":4.545,"receiver_ids":[215778,215779,215780,215781,215782,215783,215784,215785,215786,215787,215788,215789,215790,215791,215792,215793,215794],"receiver_keys":["r02-c02:expanded-facade-max4m:98060:0:1","r02-c02:expanded-facade-max4m:98060:0:10","r02-c02:expanded-facade-max4m:98060:0:11","r02-c02:expanded-facade-max4m:98060:0:12","r02-c02:expanded-facade-max4m:98060:0:13","r02-c02:expanded-facade-max4m:98060:0:14","r02-c02:expanded-facade-max4m:98060:0:15","r02-c02:expanded-facade-max4m:98060:0:16","r02-c02:expanded-facade-max4m:98060:0:17","r02-c02:expanded-facade-max4m:98060:0:18","r02-c02:expanded-facade-max4m:98060:0:19","r02-c02:expanded-facade-max4m:98060:0:2","r02-c02:expanded-facade-max4m:98060:0:20","r02-c02:expanded-facade-max4m:98060:0:3","r02-c02:expanded-facade-max4m:98060:0:4","r02-c02:expanded-facade-max4m:98060:0:8","r02-c02:expanded-facade-max4m:98060:0:9"],"receiver_count":17,"periods":{"D":{"min":72.05897,"max":78.59303,"receiver_count":17,"unavailable_count":0},"E":{"min":69.840485,"max":76.37454,"receiver_count":17,"unavailable_count":0},"N":{"min":65.06927,"max":71.60333,"receiver_count":17,"unavailable_count":0}}}},{"type":"Feature","id":"lariac:388532885033","geometry":{"type":"Polygon","coordinates":[[[-118.57243656647151,34.17064152335534],[-118.57222863719663,34.170716783924185],[-118.57235053730159,34.170949450312605],[-118.5725584670457,34.17087418953391],[-118.57243656647151,34.17064152335534]]]},"properties":{"building_pk":98061,"building_key":"lariac:388532885033","source_tile":"r02-c02","source_tile_ids":["r02-c02"],"source_bld_id":"388532885033","height_m":4.545,"receiver_ids":[215795,215796,215797,215798,215799,215800,215801,215802,215803,215804,215805,215806,215807,215808,215809,215810,215811,215812],"receiver_keys":["r02-c02:expanded-facade-max4m:98061:0:1","r02-c02:expanded-facade-max4m:98061:0:13","r02-c02:expanded-facade-max4m:98061:0:14","r02-c02:expanded-facade-max4m:98061:0:15","r02-c02:expanded-facade-max4m:98061:0:16","r02-c02:expanded-facade-max4m:98061:0:17","r02-c02:expanded-facade-max4m:98061:0:18","r02-c02:expanded-facade-max4m:98061:0:19","r02-c02:expanded-facade-max4m:98061:0:2","r02-c02:expanded-facade-max4m:98061:0:20","r02-c02:expanded-facade-max4m:98061:0:21","r02-c02:expanded-facade-max4m:98061:0:22","r02-c02:expanded-facade-max4m:98061:0:23","r02-c02:expanded-facade-max4m:98061:0:24","r02-c02:expanded-facade-max4m:98061:0:25","r02-c02:expanded-facade-max4m:98061:0:3","r02-c02:expanded-facade-max4m:98061:0:4","r02-c02:expanded-facade-max4m:98061:0:5"],"receiver_count":18,"periods":{"D":{"min":70.17713,"max":80.03565,"receiver_count":18,"unavailable_count":0},"E":{"min":67.95864,"max":77.81716,"receiver_count":18,"unavailable_count":0},"N":{"min":63.187428,"max":73.04595,"receiver_count":18,"unavailable_count":0}}}},{"type":"Feature","id":"lariac:388419884659","geometry":{"type":"Polygon","coordinates":[[[-118.572746663088,34.169815708321934],[-118.57280167036063,34.16979574541744],[-118.5727735664546,34.16974229429199],[-118.57271859264156,34.169762229077506],[-118.572746663088,34.169815708321934]]]},"properties":{"building_pk":98192,"building_key":"lariac:388419884659","source_tile":"r02-c02","source_tile_ids":["r02-c02"],"source_bld_id":"388419884659","height_m":2.371,"receiver_ids":[216100,216101,216102,216103,216104,216105],"receiver_keys":["r02-c02:expanded-facade-max4m:98192:0:1","r02-c02:expanded-facade-max4m:98192:0:2","r02-c02:expanded-facade-max4m:98192:0:3","r02-c02:expanded-facade-max4m:98192:0:4","r02-c02:expanded-facade-max4m:98192:0:5","r02-c02:expanded-facade-max4m:98192:0:7"],"receiver_count":6,"periods":{"D":{"min":70.93408,"max":71.38675,"receiver_count":6,"unavailable_count":0},"E":{"min":68.7156,"max":69.16826,"receiver_count":6,"unavailable_count":0},"N":{"min":63.94438,"max":64.39705,"receiver_count":6,"unavailable_count":0}}}},{"type":"Feature","id":"lariac:387082884039","geometry":{"type":"Polygon","coordinates":[[[-118.5770164100695,34.16799654276791],[-118.57718468728488,34.16814572079481],[-118.57719119799735,34.16814066089905],[-118.57718507788404,34.168135221335945],[-118.57727507656404,34.168065104987406],[-118.57719155284154,34.1679910630736],[-118.57719628762152,34.16798735766136],[-118.57711765403451,34.167917634198886],[-118.5770164100695,34.16799654276791]]]},"properties":{"building_pk":98223,"building_key":"lariac:387082884039","source_tile":"r02-c02","source_tile_ids":["r02-c02"],"source_bld_id":"387082884039","height_m":6.233,"receiver_ids":[216203,216204,216205,216206,216207,216208,216209,216210,216211,216212,216213,216214,216215,216216,216217,216218,216219,216220],"receiver_keys":["r02-c02:expanded-facade-max4m:98223:0:1","r02-c02:expanded-facade-max4m:98223:0:10","r02-c02:expanded-facade-max4m:98223:0:11","r02-c02:expanded-facade-max4m:98223:0:12","r02-c02:expanded-facade-max4m:98223:0:13","r02-c02:expanded-facade-max4m:98223:0:14","r02-c02:expanded-facade-max4m:98223:0:15","r02-c02:expanded-facade-max4m:98223:0:16","r02-c02:expanded-facade-max4m:98223:0:17","r02-c02:expanded-facade-max4m:98223:0:18","r02-c02:expanded-facade-max4m:98223:0:2","r02-c02:expanded-facade-max4m:98223:0:3","r02-c02:expanded-facade-max4m:98223:0:4","r02-c02:expanded-facade-max4m:98223:0:5","r02-c02:expanded-facade-max4m:98223:0:6","r02-c02:expanded-facade-max4m:98223:0:7","r02-c02:expanded-facade-max4m:98223:0:8","r02-c02:expanded-facade-max4m:98223:0:9"],"receiver_count":18,"periods":{"D":{"min":54.99183,"max":59.36685,"receiver_count":18,"unavailable_count":0},"E":{"min":52.77334,"max":57.148365,"receiver_count":18,"unavailable_count":0},"N":{"min":48.00213,"max":52.37715,"receiver_count":18,"unavailable_count":0}}}},{"type":"Feature","id":"lariac:389467884701","geometry":{"type":"Polygon","coordinates":[[[-118.56960795088303,34.17046414700412],[-118.5696083288946,34.170330431670635],[-118.56952064322756,34.170086554801905],[-118.56950552932585,34.170008035595174],[-118.56950587084732,34.16979622499954],[-118.56945475900284,34.16979616367549],[-118.5694547496851,34.169799570658],[-118.56916593645268,34.16979925434592],[-118.56916574750234,34.169921977147304],[-118.56918174943621,34.16992201182089],[-118.56918105595216,34.17034434204051],[-118.56916611270809,34.170344330331574],[-118.5691659330803,34.17046364524975],[-118.56960795088303,34.17046414700412]],[[-118.56931626223314,34.16991612984256],[-118.56936704316203,34.16991616573711],[-118.56936753708057,34.16996922564656],[-118.56934968367537,34.16996903473164],[-118.56937807346462,34.1701182230669],[-118.5694023516199,34.17017815075251],[-118.56939934815595,34.17017893391217],[-118.56946020702323,34.1703432478292],[-118.5693181171137,34.17034353188134],[-118.56931761713183,34.170163353251425],[-118.56933004712114,34.17016334972728],[-118.56932973560873,34.170049669973636],[-118.56931667675465,34.1700497044063],[-118.56931626223314,34.16991612984256]]]},"properties":{"building_pk":99116,"building_key":"lariac:389467884701","source_tile":"r02-c02","source_tile_ids":["r02-c02"],"source_bld_id":"389467884701","height_m":7.471,"receiver_ids":[217276],"receiver_keys":["r02-c02:expanded-facade-max4m:99116:0:57"],"receiver_count":1,"periods":{"D":{"min":70.45179,"max":70.45179,"receiver_count":1,"unavailable_count":0},"E":{"min":68.23331,"max":68.23331,"receiver_count":1,"unavailable_count":0},"N":{"min":63.462093,"max":63.462093,"receiver_count":1,"unavailable_count":0}}}},{"type":"Feature","id":"lariac:386851885102","geometry":{"type":"Polygon","coordinates":[[[-118.57800467483877,34.17098240718192],[-118.57796681639722,34.170914879354285],[-118.57789813172454,34.170940900741435],[-118.5779363026485,34.17101048802995],[-118.57779485128766,34.171063751091516],[-118.57782749969343,34.17111977850983],[-118.5780068087599,34.171051919661494],[-118.57797486643302,34.170993706275034],[-118.57800467483877,34.17098240718192]]]},"properties":{"building_pk":99229,"building_key":"lariac:386851885102","source_tile":"r02-c02","source_tile_ids":["r02-c02"],"source_bld_id":"386851885102","height_m":3.472,"receiver_ids":[217366,217367,217368,217369,217370,217371,217372,217373,217374,217375,217376,217377,217378,217379,217380,217381,217382,217383,217384],"receiver_keys":["r02-c02:expanded-facade-max4m:99229:0:1","r02-c02:expanded-facade-max4m:99229:0:10","r02-c02:expanded-facade-max4m:99229:0:11","r02-c02:expanded-facade-max4m:99229:0:12","r02-c02:expanded-facade-max4m:99229:0:13","r02-c02:expanded-facade-max4m:99229:0:14","r02-c02:expanded-facade-max4m:99229:0:15","r02-c02:expanded-facade-max4m:99229:0:16","r02-c02:expanded-facade-max4m:99229:0:17","r02-c02:expanded-facade-max4m:99229:0:18","r02-c02:expanded-facade-max4m:99229:0:19","r02-c02:expanded-facade-max4m:99229:0:2","r02-c02:expanded-facade-max4m:99229:0:3","r02-c02:expanded-facade-max4m:99229:0:4","r02-c02:expanded-facade-max4m:99229:0:5","r02-c02:expanded-facade-max4m:99229:0:6","r02-c02:expanded-facade-max4m:99229:0:7","r02-c02:expanded-facade-max4m:99229:0:8","r02-c02:expanded-facade-max4m:99229:0:9"],"receiver_count":19,"periods":{"D":{"min":67.76533,"max":69.11787,"receiver_count":19,"unavailable_count":0},"E":{"min":65.546844,"max":66.899376,"receiver_count":19,"unavailable_count":0},"N":{"min":60.77563,"max":62.128166,"receiver_count":19,"unavailable_count":0}}}},{"type":"Feature","id":"lariac:388487884539","geometry":{"type":"Polygon","coordinates":[[[-118.57250107201195,34.16942939883787],[-118.5725278853005,34.16947973949374],[-118.5725663371052,34.169465872888225],[-118.57253921065319,34.169414945014516],[-118.57250107201195,34.16942939883787]]]},"properties":{"building_pk":99394,"building_key":"lariac:388487884539","source_tile":"r02-c02","source_tile_ids":["r02-c02"],"source_bld_id":"388487884539","height_m":4.325,"receiver_ids":[217631,217632,217633,217634],"receiver_keys":["r02-c02:expanded-facade-max4m:99394:0:1","r02-c02:expanded-facade-max4m:99394:0:2","r02-c02:expanded-facade-max4m:99394:0:4","r02-c02:expanded-facade-max4m:99394:0:5"],"receiver_count":4,"periods":{"D":{"min":66.91281,"max":70.08928,"receiver_count":4,"unavailable_count":0},"E":{"min":64.69433,"max":67.8708,"receiver_count":4,"unavailable_count":0},"N":{"min":59.923115,"max":63.099583,"receiver_count":4,"unavailable_count":0}}}},{"type":"Feature","id":"lariac:388730885654","geometry":{"type":"Polygon","coordinates":[[[-118.57174392193006,34.172539982284626],[-118.5717742789133,34.17252178531965],[-118.57175175236398,34.172495786680656],[-118.57172139430062,34.172513983645096],[-118.57174392193006,34.172539982284626]]]},"properties":{"building_pk":99541,"building_key":"lariac:388730885654","source_tile":"r02-c02","source_tile_ids":["r02-c02"],"source_bld_id":"388730885654","height_m":3.085,"receiver_ids":[217826,217827,217828,217829],"receiver_keys":["r02-c02:expanded-facade-max4m:99541:0:1","r02-c02:expanded-facade-max4m:99541:0:2","r02-c02:expanded-facade-max4m:99541:0:3","r02-c02:expanded-facade-max4m:99541:0:4"],"receiver_count":4,"periods":{"D":{"min":78.812,"max":79.21992,"receiver_count":4,"unavailable_count":0},"E":{"min":76.593506,"max":77.001434,"receiver_count":4,"unavailable_count":0},"N":{"min":71.822296,"max":72.23022,"receiver_count":4,"unavailable_count":0}}}},{"type":"Feature","id":"lariac:387605884408","geometry":{"type":"Polygon","coordinates":[[[-118.57561227058753,34.16905428495513],[-118.57560181998326,34.16903457643125],[-118.57561379020686,34.1690302055602],[-118.57560782886179,34.169018995271564],[-118.57561419253365,34.1690166561236],[-118.57559128240044,34.1689734305929],[-118.57561040831763,34.16896644273539],[-118.57559017688656,34.16892820532609],[-118.57558506907719,34.16892091990826],[-118.57557558875888,34.16891720107959],[-118.57555301198853,34.16891763759811],[-118.57551991769976,34.16885495018233],[-118.57551032122751,34.16885845868853],[-118.57549987048549,34.168838723110454],[-118.57545165855454,34.16885631990968],[-118.57543772514596,34.16882997814698],[-118.5750522945729,34.16897071898819],[-118.57503303539548,34.16897773533879],[-118.57502156174391,34.16898696762791],[-118.57501432593715,34.16900206054517],[-118.5750166554727,34.169018729859296],[-118.57502181406629,34.16902851504447],[-118.57501366929303,34.16903146666562],[-118.57504133662391,34.16908387536222],[-118.57496070819502,34.16911330382281],[-118.5750258921461,34.169236677787815],[-118.57535311974458,34.16911723619965],[-118.57536982420419,34.16914732873964],[-118.57561227058753,34.16905428495513]]]},"properties":{"building_pk":99904,"building_key":"lariac:387605884408","source_tile":"r02-c02","source_tile_ids":["r02-c02"],"source_bld_id":"387605884408","height_m":17.477,"receiver_ids":[218228,218229,218230,218231,218232,218233,218234,218235,218236,218237,218238,218239,218240,218241,218242,218243,218244,218245,218246,218247,218248,218249,218250,218251,218252,218253,218254,218255,218256,218257,218258,218259,218260,218261,218262,218263,218264,218265,218266,218267],"receiver_keys":["r02-c02:expanded-facade-max4m:99904:0:11","r02-c02:expanded-facade-max4m:99904:0:12","r02-c02:expanded-facade-max4m:99904:0:13","r02-c02:expanded-facade-max4m:99904:0:14","r02-c02:expanded-facade-max4m:99904:0:15","r02-c02:expanded-facade-max4m:99904:0:16","r02-c02:expanded-facade-max4m:99904:0:17","r02-c02:expanded-facade-max4m:99904:0:18","r02-c02:expanded-facade-max4m:99904:0:19","r02-c02:expanded-facade-max4m:99904:0:2","r02-c02:expanded-facade-max4m:99904:0:20","r02-c02:expanded-facade-max4m:99904:0:21","r02-c02:expanded-facade-max4m:99904:0:22","r02-c02:expanded-facade-max4m:99904:0:23","r02-c02:expanded-facade-max4m:99904:0:24","r02-c02:expanded-facade-max4m:99904:0:25","r02-c02:expanded-facade-max4m:99904:0:26","r02-c02:expanded-facade-max4m:99904:0:27","r02-c02:expanded-facade-max4m:99904:0:28","r02-c02:expanded-facade-max4m:99904:0:29","r02-c02:expanded-facade-max4m:99904:0:30","r02-c02:expanded-facade-max4m:99904:0:31","r02-c02:expanded-facade-max4m:99904:0:32","r02-c02:expanded-facade-max4m:99904:0:33","r02-c02:expanded-facade-max4m:99904:0:34","r02-c02:expanded-facade-max4m:99904:0:35","r02-c02:expanded-facade-max4m:99904:0:36","r02-c02:expanded-facade-max4m:99904:0:37","r02-c02:expanded-facade-max4m:99904:0:38","r02-c02:expanded-facade-max4m:99904:0:39","r02-c02:expanded-facade-max4m:99904:0:4","r02-c02:expanded-facade-max4m:99904:0:40","r02-c02:expanded-facade-max4m:99904:0:41","r02-c02:expanded-facade-max4m:99904:0:42","r02-c02:expanded-facade-max4m:99904:0:43","r02-c02:expanded-facade-max4m:99904:0:44","r02-c02:expanded-facade-max4m:99904:0:45","r02-c02:expanded-facade-max4m:99904:0:6","r02-c02:expanded-facade-max4m:99904:0:7","r02-c02:expanded-facade-max4m:99904:0:9"],"receiver_count":40,"periods":{"D":{"min":53.344433,"max":72.317825,"receiver_count":40,"unavailable_count":0},"E":{"min":51.125942,"max":70.099335,"receiver_count":40,"unavailable_count":0},"N":{"min":46.354733,"max":65.328125,"receiver_count":40,"unavailable_count":0}}}},{"type":"Feature","id":"lariac:389119885881","geometry":{"type":"Polygon","coordinates":[[[-118.57043141649186,34.17320059657962],[-118.57043547008608,34.17322778158292],[-118.57051892430478,34.173219171230215],[-118.57051826608443,34.17321475045359],[-118.57056954102165,34.17320947973228],[-118.57057605387813,34.173253058544745],[-118.57068306392438,34.173242028984056],[-118.57067121548796,34.17316272548481],[-118.57066252568852,34.17316361845018],[-118.57065594231382,34.17311940799184],[-118.5705737445575,34.17312790162154],[-118.57056660640512,34.17307995687162],[-118.57029295407271,34.17310820474046],[-118.57030864745607,34.17321326621893],[-118.57043141649186,34.17320059657962]]]},"properties":{"building_pk":100850,"building_key":"lariac:389119885881","source_tile":"r02-c02","source_tile_ids":["r02-c02"],"source_bld_id":"389119885881","height_m":5.273,"receiver_ids":[219237,219238,219239,219240,219241,219242,219243,219244,219245,219246,219247,219248,219249,219250,219251,219252,219253,219254,219255,219256,219257,219258,219259,219260,219261],"receiver_keys":["r02-c02:expanded-facade-max4m:100850:0:1","r02-c02:expanded-facade-max4m:100850:0:10","r02-c02:expanded-facade-max4m:100850:0:11","r02-c02:expanded-facade-max4m:100850:0:12","r02-c02:expanded-facade-max4m:100850:0:13","r02-c02:expanded-facade-max4m:100850:0:15","r02-c02:expanded-facade-max4m:100850:0:16","r02-c02:expanded-facade-max4m:100850:0:17","r02-c02:expanded-facade-max4m:100850:0:18","r02-c02:expanded-facade-max4m:100850:0:19","r02-c02:expanded-facade-max4m:100850:0:2","r02-c02:expanded-facade-max4m:100850:0:20","r02-c02:expanded-facade-max4m:100850:0:21","r02-c02:expanded-facade-max4m:100850:0:22","r02-c02:expanded-facade-max4m:100850:0:24","r02-c02:expanded-facade-max4m:100850:0:25","r02-c02:expanded-facade-max4m:100850:0:26","r02-c02:expanded-facade-max4m:100850:0:27","r02-c02:expanded-facade-max4m:100850:0:3","r02-c02:expanded-facade-max4m:100850:0:4","r02-c02:expanded-facade-max4m:100850:0:5","r02-c02:expanded-facade-max4m:100850:0:6","r02-c02:expanded-facade-max4m:100850:0:7","r02-c02:expanded-facade-max4m:100850:0:8","r02-c02:expanded-facade-max4m:100850:0:9"],"receiver_count":25,"periods":{"D":{"min":66.26125,"max":78.95138,"receiver_count":25,"unavailable_count":0},"E":{"min":64.04277,"max":76.732895,"receiver_count":25,"unavailable_count":0},"N":{"min":59.271557,"max":71.96168,"receiver_count":25,"unavailable_count":0}}}},{"type":"Feature","id":"lariac:388770883999","geometry":{"type":"Polygon","coordinates":[[[-118.57154246116427,34.16799426217297],[-118.57159250830544,34.168012931025245],[-118.57160171391087,34.16799587806105],[-118.57161570096127,34.1680010877882],[-118.57163045691705,34.16797378596566],[-118.57161646987022,34.167968576240206],[-118.57163325010923,34.16793752794413],[-118.5715832030041,34.167918859108774],[-118.57154246116427,34.16799426217297]]]},"properties":{"building_pk":100878,"building_key":"lariac:388770883999","source_tile":"r02-c02","source_tile_ids":["r02-c02"],"source_bld_id":"388770883999","height_m":2.694,"receiver_ids":[219300,219301,219302,219303,219304,219305,219306],"receiver_keys":["r02-c02:expanded-facade-max4m:100878:0:1","r02-c02:expanded-facade-max4m:100878:0:2","r02-c02:expanded-facade-max4m:100878:0:3","r02-c02:expanded-facade-max4m:100878:0:5","r02-c02:expanded-facade-max4m:100878:0:6","r02-c02:expanded-facade-max4m:100878:0:7","r02-c02:expanded-facade-max4m:100878:0:8"],"receiver_count":7,"periods":{"D":{"min":67.34112,"max":67.64454,"receiver_count":7,"unavailable_count":0},"E":{"min":65.12263,"max":65.42605,"receiver_count":7,"unavailable_count":0},"N":{"min":60.351418,"max":60.654835,"receiver_count":7,"unavailable_count":0}}}},{"type":"Feature","id":"lariac:389831885347","geometry":{"type":"Polygon","coordinates":[[[-118.56797143062674,34.17158593110624],[-118.56797181367652,34.17181235773395],[-118.56798404691936,34.1718125752503],[-118.56798329938621,34.17184365772078],[-118.56827867200874,34.1717623111695],[-118.56829337312415,34.17175826266696],[-118.56829333624333,34.17173338650967],[-118.56829310008229,34.171574288370834],[-118.56827088106938,34.17157432967304],[-118.56827083883122,34.17155839235943],[-118.56820881729135,34.171558463809106],[-118.56820886979393,34.171585640635605],[-118.5682030311112,34.17158564823482],[-118.56820227956072,34.17156541117975],[-118.56815530285196,34.17156588702726],[-118.5681554343629,34.17158570417097],[-118.56814770839831,34.17158571612635],[-118.56814726335698,34.171565410916706],[-118.56806319761608,34.17156555069374],[-118.56806333542391,34.171585818580326],[-118.56806055546939,34.171585823524815],[-118.5680601064295,34.17156556521402],[-118.56799396805128,34.17156587586848],[-118.56798841439576,34.17156744359445],[-118.56797917550571,34.17157210830604],[-118.56797580008869,34.171575466186226],[-118.5679730542537,34.1715811281631],[-118.56797143062674,34.17158593110624]]]},"properties":{"building_pk":101029,"building_key":"lariac:389831885347","source_tile":"r02-c02","source_tile_ids":["r02-c02"],"source_bld_id":"389831885347","height_m":3.722,"receiver_ids":[219468,219469,219470,219471,219472,219473,219474,219475,219476,219477,219478,219479,219480,219481,219482,219483,219484,219485,219486],"receiver_keys":["r02-c02:expanded-facade-max4m:101029:0:10","r02-c02:expanded-facade-max4m:101029:0:11","r02-c02:expanded-facade-max4m:101029:0:12","r02-c02:expanded-facade-max4m:101029:0:13","r02-c02:expanded-facade-max4m:101029:0:14","r02-c02:expanded-facade-max4m:101029:0:15","r02-c02:expanded-facade-max4m:101029:0:16","r02-c02:expanded-facade-max4m:101029:0:17","r02-c02:expanded-facade-max4m:101029:0:18","r02-c02:expanded-facade-max4m:101029:0:19","r02-c02:expanded-facade-max4m:101029:0:20","r02-c02:expanded-facade-max4m:101029:0:22","r02-c02:expanded-facade-max4m:101029:0:23","r02-c02:expanded-facade-max4m:101029:0:25","r02-c02:expanded-facade-max4m:101029:0:27","r02-c02:expanded-facade-max4m:101029:0:28","r02-c02:expanded-facade-max4m:101029:0:31","r02-c02:expanded-facade-max4m:101029:0:8","r02-c02:expanded-facade-max4m:101029:0:9"],"receiver_count":19,"periods":{"D":{"min":72.0818,"max":75.567154,"receiver_count":19,"unavailable_count":0},"E":{"min":69.86332,"max":73.34867,"receiver_count":19,"unavailable_count":0},"N":{"min":65.0921,"max":68.57745,"receiver_count":19,"unavailable_count":0}}}},{"type":"Feature","id":"lariac:388204885948","geometry":{"type":"Polygon","coordinates":[[[-118.57344163672379,34.17333024073623],[-118.5733856750207,34.17334152566526],[-118.57340522233717,34.17340540393178],[-118.57366361899712,34.173350842172326],[-118.57364031613581,34.1732746152642],[-118.5735475160024,34.173294208741964],[-118.57352045868474,34.17320574401092],[-118.57334760125023,34.17324223147627],[-118.57336366573286,34.17329475056306],[-118.57342672134384,34.17328142606969],[-118.57344163672379,34.17333024073623]]]},"properties":{"building_pk":101081,"building_key":"lariac:388204885948","source_tile":"r02-c02","source_tile_ids":["r02-c02"],"source_bld_id":"388204885948","height_m":4.087,"receiver_ids":[219570,219571,219572,219573,219574,219575],"receiver_keys":["r02-c02:expanded-facade-max4m:101081:0:16","r02-c02:expanded-facade-max4m:101081:0:17","r02-c02:expanded-facade-max4m:101081:0:18","r02-c02:expanded-facade-max4m:101081:0:19","r02-c02:expanded-facade-max4m:101081:0:22","r02-c02:expanded-facade-max4m:101081:0:23"],"receiver_count":6,"periods":{"D":{"min":72.59555,"max":73.16377,"receiver_count":6,"unavailable_count":0},"E":{"min":70.37706,"max":70.94528,"receiver_count":6,"unavailable_count":0},"N":{"min":65.60585,"max":66.17407,"receiver_count":6,"unavailable_count":0}}}},{"type":"Feature","id":"lariac:388826885706","geometry":{"type":"Polygon","coordinates":[[[-118.57143372168477,34.172676892963],[-118.5714549431279,34.172666708002716],[-118.57143277174983,34.17263474480661],[-118.5714115503122,34.17264492976305],[-118.57143372168477,34.172676892963]]]},"properties":{"building_pk":101192,"building_key":"lariac:388826885706","source_tile":"r02-c02","source_tile_ids":["r02-c02"],"source_bld_id":"388826885706","height_m":3.472,"receiver_ids":[219737,219738,219739,219740],"receiver_keys":["r02-c02:expanded-facade-max4m:101192:0:1","r02-c02:expanded-facade-max4m:101192:0:2","r02-c02:expanded-facade-max4m:101192:0:3","r02-c02:expanded-facade-max4m:101192:0:4"],"receiver_count":4,"periods":{"D":{"min":78.08784,"max":80.40265,"receiver_count":4,"unavailable_count":0},"E":{"min":75.869354,"max":78.18416,"receiver_count":4,"unavailable_count":0},"N":{"min":71.09814,"max":73.41295,"receiver_count":4,"unavailable_count":0}}}},{"type":"Feature","id":"lariac:2014121074250000","geometry":{"type":"Polygon","coordinates":[[[-118.57006575807654,34.16747057319253],[-118.57006549871777,34.167389640013965],[-118.57005925147533,34.16738965413785],[-118.57005915872365,34.16736064015169],[-118.57005572816651,34.16736064820963],[-118.57005525553501,34.16721316398338],[-118.56985004917213,34.167213618184064],[-118.56985006872966,34.1672198252293],[-118.56979522107204,34.16721994664374],[-118.56979548002955,34.16730070041592],[-118.56984969976102,34.16730058015748],[-118.56984971738282,34.1673060263079],[-118.56985269784057,34.16730602037676],[-118.56985295264552,34.16738552102116],[-118.56984981492808,34.16738552859482],[-118.56985008911222,34.16747105146866],[-118.57006575807654,34.16747057319253]]]},"properties":{"building_pk":101264,"building_key":"lariac:2014121074250000","source_tile":"r02-c02","source_tile_ids":["r02-c02"],"source_bld_id":"2014121074250000","height_m":5.7,"receiver_ids":[219832,219833,219834,219835,219841],"receiver_keys":["r02-c02:expanded-facade-max4m:101264:0:1","r02-c02:expanded-facade-max4m:101264:0:2","r02-c02:expanded-facade-max4m:101264:0:24","r02-c02:expanded-facade-max4m:101264:0:3","r02-c02:expanded-facade-max4m:101264:0:4"],"receiver_count":5,"periods":{"D":{"min":50.15732,"max":63.12555,"receiver_count":5,"unavailable_count":0},"E":{"min":47.93883,"max":60.907063,"receiver_count":5,"unavailable_count":0},"N":{"min":43.167618,"max":56.13585,"receiver_count":5,"unavailable_count":0}}}},{"type":"Feature","id":"lariac:2014121118530000","geometry":{"type":"Polygon","coordinates":[[[-118.57128756483039,34.17059018555912],[-118.57131645098085,34.17064487566093],[-118.57174065248078,34.17049007969976],[-118.57171176611234,34.17043539060086],[-118.57128756483039,34.17059018555912]]]},"properties":{"building_pk":101408,"building_key":"lariac:2014121118530000","source_tile":"r02-c02","source_tile_ids":["r02-c02"],"source_bld_id":"2014121118530000","height_m":4.563,"receiver_ids":[220022,220023,220024,220025,220026,220027,220028,220029,220030,220031,220032,220033,220034,220035,220036,220037,220038,220039,220040,220041,220042,220043,220044,220045,220046],"receiver_keys":["r02-c02:expanded-facade-max4m:101408:0:1","r02-c02:expanded-facade-max4m:101408:0:10","r02-c02:expanded-facade-max4m:101408:0:11","r02-c02:expanded-facade-max4m:101408:0:12","r02-c02:expanded-facade-max4m:101408:0:13","r02-c02:expanded-facade-max4m:101408:0:14","r02-c02:expanded-facade-max4m:101408:0:15","r02-c02:expanded-facade-max4m:101408:0:16","r02-c02:expanded-facade-max4m:101408:0:17","r02-c02:expanded-facade-max4m:101408:0:18","r02-c02:expanded-facade-max4m:101408:0:19","r02-c02:expanded-facade-max4m:101408:0:2","r02-c02:expanded-facade-max4m:101408:0:20","r02-c02:expanded-facade-max4m:101408:0:21","r02-c02:expanded-facade-max4m:101408:0:22","r02-c02:expanded-facade-max4m:101408:0:23","r02-c02:expanded-facade-max4m:101408:0:24","r02-c02:expanded-facade-max4m:101408:0:25","r02-c02:expanded-facade-max4m:101408:0:3","r02-c02:expanded-facade-max4m:101408:0:4","r02-c02:expanded-facade-max4m:101408:0:5","r02-c02:expanded-facade-max4m:101408:0:6","r02-c02:expanded-facade-max4m:101408:0:7","r02-c02:expanded-facade-max4m:101408:0:8","r02-c02:expanded-facade-max4m:101408:0:9"],"receiver_count":25,"periods":{"D":{"min":69.28629,"max":75.38897,"receiver_count":25,"unavailable_count":0},"E":{"min":67.0678,"max":73.17049,"receiver_count":25,"unavailable_count":0},"N":{"min":62.296593,"max":68.39927,"receiver_count":25,"unavailable_count":0}}}},{"type":"Feature","id":"lariac:201700285265","geometry":{"type":"Polygon","coordinates":[[[-118.57611553876053,34.17084432555704],[-118.57612846031402,34.17087076312158],[-118.57625425008732,34.170828360928894],[-118.57624134907104,34.1708019178705],[-118.57611553876053,34.17084432555704]]]},"properties":{"building_pk":101745,"building_key":"lariac:201700285265","source_tile":"r02-c02","source_tile_ids":["r02-c02"],"source_bld_id":"201700285265","height_m":2.99,"receiver_ids":[220405,220406,220407,220408,220409,220410,220411,220412],"receiver_keys":["r02-c02:expanded-facade-max4m:101745:0:1","r02-c02:expanded-facade-max4m:101745:0:2","r02-c02:expanded-facade-max4m:101745:0:3","r02-c02:expanded-facade-max4m:101745:0:4","r02-c02:expanded-facade-max4m:101745:0:5","r02-c02:expanded-facade-max4m:101745:0:6","r02-c02:expanded-facade-max4m:101745:0:7","r02-c02:expanded-facade-max4m:101745:0:8"],"receiver_count":8,"periods":{"D":{"min":82.53405,"max":83.206345,"receiver_count":8,"unavailable_count":0},"E":{"min":80.31556,"max":80.987854,"receiver_count":8,"unavailable_count":0},"N":{"min":75.54435,"max":76.216644,"receiver_count":8,"unavailable_count":0}}}},{"type":"Feature","id":"lariac:201700285393","geometry":{"type":"Polygon","coordinates":[[[-118.57757388263522,34.1720486938468],[-118.57758988905894,34.17208053932139],[-118.57769265872683,34.17204485390909],[-118.57770919272605,34.17207785262923],[-118.57778102379692,34.17205290989601],[-118.57776110091572,34.17201327216746],[-118.5777571632661,34.172014639691554],[-118.57771873300211,34.17193818020041],[-118.5777258540966,34.17193570750114],[-118.57770402093493,34.17189227076129],[-118.57763063829593,34.171917752772075],[-118.57762661854706,34.171909755429816],[-118.57757282240172,34.17192843545114],[-118.57757683773923,34.17193642289916],[-118.57755659546415,34.17194345155732],[-118.57755274950468,34.17193580228076],[-118.57748284454888,34.17196007574964],[-118.57750612383934,34.172006389667075],[-118.57752413273822,34.17200013619363],[-118.57755230506187,34.172056186866506],[-118.57757388263522,34.1720486938468]]]},"properties":{"building_pk":101754,"building_key":"lariac:201700285393","source_tile":"r02-c02","source_tile_ids":["r02-c02"],"source_bld_id":"201700285393","height_m":3.816,"receiver_ids":[220416,220417,220418,220419,220420,220421,220422,220423,220424,220425,220426,220427,220428,220429,220430,220431,220432,220433,220434],"receiver_keys":["r02-c02:expanded-facade-max4m:101754:0:1","r02-c02:expanded-facade-max4m:101754:0:10","r02-c02:expanded-facade-max4m:101754:0:11","r02-c02:expanded-facade-max4m:101754:0:12","r02-c02:expanded-facade-max4m:101754:0:13","r02-c02:expanded-facade-max4m:101754:0:15","r02-c02:expanded-facade-max4m:101754:0:16","r02-c02:expanded-facade-max4m:101754:0:17","r02-c02:expanded-facade-max4m:101754:0:18","r02-c02:expanded-facade-max4m:101754:0:19","r02-c02:expanded-facade-max4m:101754:0:2","r02-c02:expanded-facade-max4m:101754:0:21","r02-c02:expanded-facade-max4m:101754:0:22","r02-c02:expanded-facade-max4m:101754:0:3","r02-c02:expanded-facade-max4m:101754:0:5","r02-c02:expanded-facade-max4m:101754:0:6","r02-c02:expanded-facade-max4m:101754:0:7","r02-c02:expanded-facade-max4m:101754:0:8","r02-c02:expanded-facade-max4m:101754:0:9"],"receiver_count":19,"periods":{"D":{"min":52.462933,"max":54.170177,"receiver_count":19,"unavailable_count":0},"E":{"min":50.244446,"max":51.95169,"receiver_count":19,"unavailable_count":0},"N":{"min":45.473236,"max":47.180477,"receiver_count":19,"unavailable_count":0}}}},{"type":"Feature","id":"lariac:201700285401","geometry":{"type":"Polygon","coordinates":[[[-118.57674134106496,34.17219387171286],[-118.57680937690029,34.17233101036453],[-118.57700466863884,34.17226407659902],[-118.57696124351759,34.172176546283225],[-118.57684398507928,34.17221673578618],[-118.57681936096078,34.17216710145447],[-118.57674134106496,34.17219387171286]]]},"properties":{"building_pk":101755,"building_key":"lariac:201700285401","source_tile":"r02-c02","source_tile_ids":["r02-c02"],"source_bld_id":"201700285401","height_m":3.728,"receiver_ids":[220435,220436,220437,220438],"receiver_keys":["r02-c02:expanded-facade-max4m:101755:0:11","r02-c02:expanded-facade-max4m:101755:0:12","r02-c02:expanded-facade-max4m:101755:0:13","r02-c02:expanded-facade-max4m:101755:0:17"],"receiver_count":4,"periods":{"D":{"min":53.768436,"max":55.745647,"receiver_count":4,"unavailable_count":0},"E":{"min":51.549946,"max":53.52716,"receiver_count":4,"unavailable_count":0},"N":{"min":46.778736,"max":48.755947,"receiver_count":4,"unavailable_count":0}}}},{"type":"Feature","id":"lariac:388307885723","geometry":{"type":"Polygon","coordinates":[[[-118.57315037003958,34.17279099726282],[-118.57317018535514,34.17278315366695],[-118.57320016810765,34.17283549681929],[-118.57327794719654,34.17280468115535],[-118.57323183833574,34.17272433132681],[-118.57327321679739,34.1727079217957],[-118.57322697359628,34.172627270584805],[-118.57318562750677,34.17264365109738],[-118.57315092777372,34.17258311451567],[-118.57305336500815,34.17262177262727],[-118.57315037003958,34.17279099726282]]]},"properties":{"building_pk":105662,"building_key":"lariac:388307885723","source_tile":"r02-c02","source_tile_ids":["r02-c02"],"source_bld_id":"388307885723","height_m":4.572,"receiver_ids":[221420,221421,221422,221423,221424,221425,221426,221427,221428,221429,221430,221431,221432,221433,221434,221435,221436,221437],"receiver_keys":["r02-c02:expanded-facade-max4m:105662:0:10","r02-c02:expanded-facade-max4m:105662:0:11","r02-c02:expanded-facade-max4m:105662:0:13","r02-c02:expanded-facade-max4m:105662:0:14","r02-c02:expanded-facade-max4m:105662:0:15","r02-c02:expanded-facade-max4m:105662:0:16","r02-c02:expanded-facade-max4m:105662:0:17","r02-c02:expanded-facade-max4m:105662:0:18","r02-c02:expanded-facade-max4m:105662:0:19","r02-c02:expanded-facade-max4m:105662:0:2","r02-c02:expanded-facade-max4m:105662:0:20","r02-c02:expanded-facade-max4m:105662:0:21","r02-c02:expanded-facade-max4m:105662:0:3","r02-c02:expanded-facade-max4m:105662:0:4","r02-c02:expanded-facade-max4m:105662:0:5","r02-c02:expanded-facade-max4m:105662:0:6","r02-c02:expanded-facade-max4m:105662:0:8","r02-c02:expanded-facade-max4m:105662:0:9"],"receiver_count":18,"periods":{"D":{"min":74.03551,"max":76.5718,"receiver_count":18,"unavailable_count":0},"E":{"min":71.817024,"max":74.35331,"receiver_count":18,"unavailable_count":0},"N":{"min":67.04581,"max":69.5821,"receiver_count":18,"unavailable_count":0}}}},{"type":"Feature","id":"lariac:387764885461","geometry":{"type":"Polygon","coordinates":[[[-118.57488421841671,34.17198795978046],[-118.57482846267897,34.172009631106576],[-118.57486517862151,34.1720748844291],[-118.57487276294144,34.172071935483544],[-118.57489361467552,34.17210898814163],[-118.57496279068643,34.172082060080555],[-118.57494023114431,34.17204193767773],[-118.5750248063511,34.17200905558915],[-118.57501727546135,34.171995653864336],[-118.57505776510163,34.17197990787667],[-118.57501827070233,34.17190969399775],[-118.57497671946086,34.17192500506549],[-118.57494014585929,34.17185648119521],[-118.57483478415638,34.171895342811695],[-118.57488421841671,34.17198795978046]]]},"properties":{"building_pk":105663,"building_key":"lariac:387764885461","source_tile":"r02-c02","source_tile_ids":["r02-c02"],"source_bld_id":"387764885461","height_m":3.731,"receiver_ids":[221438,221439,221440,221441,221442,221443,221444,221445,221446,221447,221448,221449,221450,221451,221452,221453,221454,221455,221456,221457,221458,221459],"receiver_keys":["r02-c02:expanded-facade-max4m:105663:0:1","r02-c02:expanded-facade-max4m:105663:0:10","r02-c02:expanded-facade-max4m:105663:0:12","r02-c02:expanded-facade-max4m:105663:0:13","r02-c02:expanded-facade-max4m:105663:0:14","r02-c02:expanded-facade-max4m:105663:0:15","r02-c02:expanded-facade-max4m:105663:0:16","r02-c02:expanded-facade-max4m:105663:0:17","r02-c02:expanded-facade-max4m:105663:0:18","r02-c02:expanded-facade-max4m:105663:0:19","r02-c02:expanded-facade-max4m:105663:0:2","r02-c02:expanded-facade-max4m:105663:0:20","r02-c02:expanded-facade-max4m:105663:0:21","r02-c02:expanded-facade-max4m:105663:0:22","r02-c02:expanded-facade-max4m:105663:0:23","r02-c02:expanded-facade-max4m:105663:0:3","r02-c02:expanded-facade-max4m:105663:0:4","r02-c02:expanded-facade-max4m:105663:0:5","r02-c02:expanded-facade-max4m:105663:0:6","r02-c02:expanded-facade-max4m:105663:0:7","r02-c02:expanded-facade-max4m:105663:0:8","r02-c02:expanded-facade-max4m:105663:0:9"],"receiver_count":22,"periods":{"D":{"min":73.18548,"max":75.579124,"receiver_count":22,"unavailable_count":0},"E":{"min":70.966995,"max":73.360634,"receiver_count":22,"unavailable_count":0},"N":{"min":66.19578,"max":68.589424,"receiver_count":22,"unavailable_count":0}}}},{"type":"Feature","id":"lariac:386795885107","geometry":{"type":"Polygon","coordinates":[[[-118.57803484938027,34.1709809169492],[-118.57805482274664,34.170976918687934],[-118.57807416373795,34.17104393097072],[-118.57825818824757,34.17100721833927],[-118.5782340036445,34.17092352270571],[-118.57810455332591,34.17094936684268],[-118.57808788950055,34.1708917953731],[-118.57801340832442,34.17090666086319],[-118.57803484938027,34.1709809169492]]]},"properties":{"building_pk":105680,"building_key":"lariac:386795885107","source_tile":"r02-c02","source_tile_ids":["r02-c02"],"source_bld_id":"386795885107","height_m":3.594,"receiver_ids":[221525,221526,221527,221528,221529,221530,221531,221532,221533,221534,221535,221536,221537,221538,221539,221540],"receiver_keys":["r02-c02:expanded-facade-max4m:105680:0:10","r02-c02:expanded-facade-max4m:105680:0:11","r02-c02:expanded-facade-max4m:105680:0:12","r02-c02:expanded-facade-max4m:105680:0:14","r02-c02:expanded-facade-max4m:105680:0:15","r02-c02:expanded-facade-max4m:105680:0:16","r02-c02:expanded-facade-max4m:105680:0:17","r02-c02:expanded-facade-max4m:105680:0:18","r02-c02:expanded-facade-max4m:105680:0:2","r02-c02:expanded-facade-max4m:105680:0:3","r02-c02:expanded-facade-max4m:105680:0:4","r02-c02:expanded-facade-max4m:105680:0:5","r02-c02:expanded-facade-max4m:105680:0:6","r02-c02:expanded-facade-max4m:105680:0:7","r02-c02:expanded-facade-max4m:105680:0:8","r02-c02:expanded-facade-max4m:105680:0:9"],"receiver_count":16,"periods":{"D":{"min":67.00224,"max":68.46254,"receiver_count":16,"unavailable_count":0},"E":{"min":64.78376,"max":66.24406,"receiver_count":16,"unavailable_count":0},"N":{"min":60.012547,"max":61.472843,"receiver_count":16,"unavailable_count":0}}}},{"type":"Feature","id":"lariac:388095884613","geometry":{"type":"Polygon","coordinates":[[[-118.57381600296873,34.169669093717296],[-118.57385956542056,34.16965316856365],[-118.57384110966085,34.16961833027922],[-118.57379754722365,34.169634255426196],[-118.57381600296873,34.169669093717296]]]},"properties":{"building_pk":106594,"building_key":"lariac:388095884613","source_tile":"r02-c02","source_tile_ids":["r02-c02"],"source_bld_id":"388095884613","height_m":5.054,"receiver_ids":[222431,222432,222433,222434,222435],"receiver_keys":["r02-c02:expanded-facade-max4m:106594:0:1","r02-c02:expanded-facade-max4m:106594:0:2","r02-c02:expanded-facade-max4m:106594:0:3","r02-c02:expanded-facade-max4m:106594:0:4","r02-c02:expanded-facade-max4m:106594:0:5"],"receiver_count":5,"periods":{"D":{"min":66.72695,"max":70.66438,"receiver_count":5,"unavailable_count":0},"E":{"min":64.50846,"max":68.44589,"receiver_count":5,"unavailable_count":0},"N":{"min":59.73725,"max":63.674683,"receiver_count":5,"unavailable_count":0}}}},{"type":"Feature","id":"lariac:389436885481","geometry":{"type":"Polygon","coordinates":[[[-118.56967549199824,34.17217325202179],[-118.56965755907655,34.172139674606655],[-118.56960050756796,34.17216066264199],[-118.56954899992276,34.17206393144131],[-118.56971346223936,34.17200341679717],[-118.56964467402435,34.17187428617907],[-118.56948446709414,34.17193321470801],[-118.56939414757352,34.17176365367837],[-118.56919232244252,34.17183791831255],[-118.56928790027597,34.17201737443849],[-118.56924328048443,34.17203379695941],[-118.56934207349263,34.17221928367144],[-118.5693870894003,34.17220272131298],[-118.56940351720782,34.17223334878665],[-118.5694957822534,34.172199257852746],[-118.5695135654647,34.17223268002933],[-118.56967549199824,34.17217325202179]]]},"properties":{"building_pk":107121,"building_key":"lariac:389436885481","source_tile":"r02-c02","source_tile_ids":["r02-c02"],"source_bld_id":"389436885481","height_m":6.325,"receiver_ids":[223008,223009,223010,223011,223012,223013,223014,223015,223016,223017,223018,223019,223020,223021,223022,223023,223024,223025,223026,223027,223028,223029,223030,223031,223032,223033,223034,223035,223036,223037,223038,223039,223040,223041,223042,223043,223044,223045,223046,223047,223048,223049,223050,223051],"receiver_keys":["r02-c02:expanded-facade-max4m:107121:0:1","r02-c02:expanded-facade-max4m:107121:0:11","r02-c02:expanded-facade-max4m:107121:0:12","r02-c02:expanded-facade-max4m:107121:0:13","r02-c02:expanded-facade-max4m:107121:0:14","r02-c02:expanded-facade-max4m:107121:0:15","r02-c02:expanded-facade-max4m:107121:0:16","r02-c02:expanded-facade-max4m:107121:0:17","r02-c02:expanded-facade-max4m:107121:0:19","r02-c02:expanded-facade-max4m:107121:0:2","r02-c02:expanded-facade-max4m:107121:0:20","r02-c02:expanded-facade-max4m:107121:0:21","r02-c02:expanded-facade-max4m:107121:0:22","r02-c02:expanded-facade-max4m:107121:0:23","r02-c02:expanded-facade-max4m:107121:0:24","r02-c02:expanded-facade-max4m:107121:0:25","r02-c02:expanded-facade-max4m:107121:0:26","r02-c02:expanded-facade-max4m:107121:0:27","r02-c02:expanded-facade-max4m:107121:0:28","r02-c02:expanded-facade-max4m:107121:0:29","r02-c02:expanded-facade-max4m:107121:0:30","r02-c02:expanded-facade-max4m:107121:0:31","r02-c02:expanded-facade-max4m:107121:0:32","r02-c02:expanded-facade-max4m:107121:0:33","r02-c02:expanded-facade-max4m:107121:0:35","r02-c02:expanded-facade-max4m:107121:0:36","r02-c02:expanded-facade-max4m:107121:0:37","r02-c02:expanded-facade-max4m:107121:0:38","r02-c02:expanded-facade-max4m:107121:0:39","r02-c02:expanded-facade-max4m:107121:0:4","r02-c02:expanded-facade-max4m:107121:0:40","r02-c02:expanded-facade-max4m:107121:0:41","r02-c02:expanded-facade-max4m:107121:0:43","r02-c02:expanded-facade-max4m:107121:0:44","r02-c02:expanded-facade-max4m:107121:0:45","r02-c02:expanded-facade-max4m:107121:0:46","r02-c02:expanded-facade-max4m:107121:0:47","r02-c02:expanded-facade-max4m:107121:0:48","r02-c02:expanded-facade-max4m:107121:0:49","r02-c02:expanded-facade-max4m:107121:0:5","r02-c02:expanded-facade-max4m:107121:0:50","r02-c02:expanded-facade-max4m:107121:0:7","r02-c02:expanded-facade-max4m:107121:0:8","r02-c02:expanded-facade-max4m:107121:0:9"],"receiver_count":44,"periods":{"D":{"min":67.29739,"max":85.485855,"receiver_count":44,"unavailable_count":0},"E":{"min":65.07891,"max":83.26737,"receiver_count":44,"unavailable_count":0},"N":{"min":60.307693,"max":78.496155,"receiver_count":44,"unavailable_count":0}}}},{"type":"Feature","id":"lariac:388882885813","geometry":{"type":"Polygon","coordinates":[[[-118.5712604525971,34.17310286943128],[-118.57134415252861,34.173082001742664],[-118.57128629057868,34.17292168736177],[-118.57129899764202,34.17291852151106],[-118.57127662126366,34.172856579272405],[-118.5712258268355,34.17286926774161],[-118.57121450425984,34.17283791229114],[-118.5711816640552,34.172846091153325],[-118.57119302081068,34.17287752938749],[-118.57117107298679,34.172883018878885],[-118.57120622055957,34.17298037571562],[-118.57119160010818,34.1729840175941],[-118.5712165710071,34.173053256420175],[-118.57124040098547,34.17304731897781],[-118.5712604525971,34.17310286943128]]]},"properties":{"building_pk":107403,"building_key":"lariac:388882885813","source_tile":"r02-c02","source_tile_ids":["r02-c02"],"source_bld_id":"388882885813","height_m":5.115,"receiver_ids":[223264,223265,223266,223267,223268,223269,223270,223271,223272,223273,223274,223275,223276,223277,223278,223279,223280,223281,223282],"receiver_keys":["r02-c02:expanded-facade-max4m:107403:0:1","r02-c02:expanded-facade-max4m:107403:0:10","r02-c02:expanded-facade-max4m:107403:0:11","r02-c02:expanded-facade-max4m:107403:0:12","r02-c02:expanded-facade-max4m:107403:0:13","r02-c02:expanded-facade-max4m:107403:0:14","r02-c02:expanded-facade-max4m:107403:0:15","r02-c02:expanded-facade-max4m:107403:0:16","r02-c02:expanded-facade-max4m:107403:0:18","r02-c02:expanded-facade-max4m:107403:0:19","r02-c02:expanded-facade-max4m:107403:0:2","r02-c02:expanded-facade-max4m:107403:0:21","r02-c02:expanded-facade-max4m:107403:0:3","r02-c02:expanded-facade-max4m:107403:0:4","r02-c02:expanded-facade-max4m:107403:0:5","r02-c02:expanded-facade-max4m:107403:0:6","r02-c02:expanded-facade-max4m:107403:0:7","r02-c02:expanded-facade-max4m:107403:0:8","r02-c02:expanded-facade-max4m:107403:0:9"],"receiver_count":19,"periods":{"D":{"min":69.77084,"max":80.580185,"receiver_count":19,"unavailable_count":0},"E":{"min":67.55236,"max":78.361694,"receiver_count":19,"unavailable_count":0},"N":{"min":62.781143,"max":73.590485,"receiver_count":19,"unavailable_count":0}}}},{"type":"Feature","id":"lariac:389204885430","geometry":{"type":"Polygon","coordinates":[[[-118.57018803172129,34.17189445077492],[-118.57016250944902,34.171904133795515],[-118.57017338920298,34.17192392280303],[-118.57019887894107,34.171914239933564],[-118.57018803172129,34.17189445077492]]]},"properties":{"building_pk":107463,"building_key":"lariac:389204885430","source_tile":"r02-c02","source_tile_ids":["r02-c02"],"source_bld_id":"389204885430","height_m":3.679,"receiver_ids":[223362,223363,223364],"receiver_keys":["r02-c02:expanded-facade-max4m:107463:0:1","r02-c02:expanded-facade-max4m:107463:0:2","r02-c02:expanded-facade-max4m:107463:0:3"],"receiver_count":3,"periods":{"D":{"min":81.139404,"max":81.879654,"receiver_count":3,"unavailable_count":0},"E":{"min":78.92092,"max":79.66116,"receiver_count":3,"unavailable_count":0},"N":{"min":74.149704,"max":74.88995,"receiver_count":3,"unavailable_count":0}}}},{"type":"Feature","id":"lariac:387718885245","geometry":{"type":"Polygon","coordinates":[[[-118.57504410681827,34.171450861281855],[-118.57514476628074,34.171411114888954],[-118.57517498440282,34.1714639793313],[-118.57525810355207,34.17143113104819],[-118.57522226401183,34.171368401609705],[-118.57517907202636,34.17138545151963],[-118.57513670687213,34.17131132149845],[-118.5749960867767,34.17136686634583],[-118.57504410681827,34.171450861281855]]]},"properties":{"building_pk":107846,"building_key":"lariac:387718885245","source_tile":"r02-c02","source_tile_ids":["r02-c02"],"source_bld_id":"387718885245","height_m":3.664,"receiver_ids":[223782,223783,223784,223785,223786,223787,223788,223789,223790,223791,223792,223793,223794,223795,223796,223797],"receiver_keys":["r02-c02:expanded-facade-max4m:107846:0:1","r02-c02:expanded-facade-max4m:107846:0:11","r02-c02:expanded-facade-max4m:107846:0:12","r02-c02:expanded-facade-max4m:107846:0:13","r02-c02:expanded-facade-max4m:107846:0:14","r02-c02:expanded-facade-max4m:107846:0:15","r02-c02:expanded-facade-max4m:107846:0:16","r02-c02:expanded-facade-max4m:107846:0:17","r02-c02:expanded-facade-max4m:107846:0:18","r02-c02:expanded-facade-max4m:107846:0:2","r02-c02:expanded-facade-max4m:107846:0:4","r02-c02:expanded-facade-max4m:107846:0:5","r02-c02:expanded-facade-max4m:107846:0:6","r02-c02:expanded-facade-max4m:107846:0:7","r02-c02:expanded-facade-max4m:107846:0:8","r02-c02:expanded-facade-max4m:107846:0:9"],"receiver_count":16,"periods":{"D":{"min":75.4204,"max":82.37707,"receiver_count":16,"unavailable_count":0},"E":{"min":73.20191,"max":80.15858,"receiver_count":16,"unavailable_count":0},"N":{"min":68.4307,"max":75.38737,"receiver_count":16,"unavailable_count":0}}}},{"type":"Feature","id":"lariac:388247885492","geometry":{"type":"Polygon","coordinates":[[[-118.57346615275773,34.17207570179856],[-118.57341951812069,34.1719910947353],[-118.5733350697257,34.172023261073214],[-118.57332759602559,34.17200851206473],[-118.57332416968111,34.172005368392355],[-118.57331561147139,34.1720012321059],[-118.57330749484629,34.17199885264014],[-118.57329562736383,34.171998990940054],[-118.5732884348791,34.172001195957336],[-118.57328046159677,34.172005163590306],[-118.57327333402941,34.17201192921625],[-118.57327046879227,34.172018318526504],[-118.57326932740465,34.17202538574092],[-118.57327411702072,34.172034513720455],[-118.57328037428385,34.17204539365727],[-118.57327770348888,34.17204645030742],[-118.57331926134472,34.17211882588689],[-118.57327646499603,34.172135791197476],[-118.5733120003684,34.172197670689506],[-118.57339475781312,34.17216485245484],[-118.57339151000444,34.17215896002792],[-118.57344146799106,34.17214003682029],[-118.57341649232833,34.17209451271563],[-118.57346615275773,34.17207570179856]]]},"properties":{"building_pk":107912,"building_key":"lariac:388247885492","source_tile":"r02-c02","source_tile_ids":["r02-c02"],"source_bld_id":"388247885492","height_m":3.612,"receiver_ids":[223957,223958,223959,223960,223961,223962,223963,223964,223965,223966,223967,223968,223969,223970,223971,223972,223973],"receiver_keys":["r02-c02:expanded-facade-max4m:107912:0:1","r02-c02:expanded-facade-max4m:107912:0:10","r02-c02:expanded-facade-max4m:107912:0:12","r02-c02:expanded-facade-max4m:107912:0:13","r02-c02:expanded-facade-max4m:107912:0:14","r02-c02:expanded-facade-max4m:107912:0:15","r02-c02:expanded-facade-max4m:107912:0:16","r02-c02:expanded-facade-max4m:107912:0:17","r02-c02:expanded-facade-max4m:107912:0:18","r02-c02:expanded-facade-max4m:107912:0:2","r02-c02:expanded-facade-max4m:107912:0:20","r02-c02:expanded-facade-max4m:107912:0:3","r02-c02:expanded-facade-max4m:107912:0:4","r02-c02:expanded-facade-max4m:107912:0:5","r02-c02:expanded-facade-max4m:107912:0:6","r02-c02:expanded-facade-max4m:107912:0:7","r02-c02:expanded-facade-max4m:107912:0:8"],"receiver_count":17,"periods":{"D":{"min":78.13995,"max":82.16089,"receiver_count":17,"unavailable_count":0},"E":{"min":75.92147,"max":79.9424,"receiver_count":17,"unavailable_count":0},"N":{"min":71.15025,"max":75.17119,"receiver_count":17,"unavailable_count":0}}}},{"type":"Feature","id":"lariac:386671883991","geometry":{"type":"Polygon","coordinates":[[[-118.57863560703186,34.1678283550534],[-118.57841182325048,34.16788463088074],[-118.57839945908928,34.16784646629527],[-118.57838407410128,34.1678494807223],[-118.57836553577344,34.16779807311161],[-118.57838038787176,34.16779454014235],[-118.5783849096727,34.16780770812504],[-118.5786095913856,34.167752224114885],[-118.57857085225301,34.16763850911447],[-118.57834427326534,34.16769218731678],[-118.57835071796016,34.16771097986181],[-118.57833259776629,34.167715271330565],[-118.57832723368658,34.16769966148134],[-118.57800253087045,34.167776588522344],[-118.57801130312427,34.1678021297476],[-118.57799202863565,34.16780670165384],[-118.57798895766506,34.16779770268077],[-118.57795750342486,34.16780516274667],[-118.57795500733333,34.16779789289392],[-118.57791748046996,34.16780678297408],[-118.57794008626682,34.167872679783486],[-118.57793031314358,34.16789358284297],[-118.57796758814295,34.167910524141],[-118.57797705681335,34.167936392005956],[-118.57796481330243,34.16793947340531],[-118.57797539434699,34.16796841292852],[-118.57798829564868,34.16797434203534],[-118.57798306051701,34.16798222582868],[-118.57801201305882,34.167995524979204],[-118.57803409793955,34.16796227950696],[-118.5780648904515,34.16795479553828],[-118.5780573710353,34.16793350722852],[-118.57807423541122,34.16792938768884],[-118.57806712017364,34.16790914143723],[-118.57809401770857,34.167902583034625],[-118.57810514504784,34.167934130810686],[-118.57814960121952,34.16792331159398],[-118.57814815119579,34.167919251654986],[-118.57818369590645,34.16791059005609],[-118.57818480943313,34.16791382759103],[-118.57826517304504,34.16789426294696],[-118.5782641950724,34.16789149266661],[-118.57830115935778,34.16788249427917],[-118.57830180159308,34.167884552140784],[-118.57831305834654,34.167882135357424],[-118.57830940593972,34.16787030922179],[-118.57834109613673,34.16786356286134],[-118.57833605662191,34.16784720948825],[-118.5783519682268,34.167843808490396],[-118.57841208536757,34.168008505578726],[-118.57867763824513,34.16794004834195],[-118.57863560703186,34.1678283550534]]]},"properties":{"building_pk":107991,"building_key":"lariac:386671883991","source_tile":"r02-c02","source_tile_ids":["r02-c02"],"source_bld_id":"386671883991","height_m":14.088,"receiver_ids":[224043,224044,224045,224046,224047,224048,224049,224050,224051,224052,224053,224054,224055,224056,224057,224058,224059,224060,224061,224062,224063,224064,224065,224066,224067,224068,224069,224070,224071,224072],"receiver_keys":["r02-c02:expanded-facade-max4m:107991:0:23","r02-c02:expanded-facade-max4m:107991:0:26","r02-c02:expanded-facade-max4m:107991:0:27","r02-c02:expanded-facade-max4m:107991:0:28","r02-c02:expanded-facade-max4m:107991:0:29","r02-c02:expanded-facade-max4m:107991:0:30","r02-c02:expanded-facade-max4m:107991:0:31","r02-c02:expanded-facade-max4m:107991:0:32","r02-c02:expanded-facade-max4m:107991:0:33","r02-c02:expanded-facade-max4m:107991:0:35","r02-c02:expanded-facade-max4m:107991:0:36","r02-c02:expanded-facade-max4m:107991:0:37","r02-c02:expanded-facade-max4m:107991:0:38","r02-c02:expanded-facade-max4m:107991:0:39","r02-c02:expanded-facade-max4m:107991:0:40","r02-c02:expanded-facade-max4m:107991:0:42","r02-c02:expanded-facade-max4m:107991:0:43","r02-c02:expanded-facade-max4m:107991:0:44","r02-c02:expanded-facade-max4m:107991:0:45","r02-c02:expanded-facade-max4m:107991:0:49","r02-c02:expanded-facade-max4m:107991:0:50","r02-c02:expanded-facade-max4m:107991:0:51","r02-c02:expanded-facade-max4m:107991:0:52","r02-c02:expanded-facade-max4m:107991:0:53","r02-c02:expanded-facade-max4m:107991:0:54","r02-c02:expanded-facade-max4m:107991:0:55","r02-c02:expanded-facade-max4m:107991:0:57","r02-c02:expanded-facade-max4m:107991:0:58","r02-c02:expanded-facade-max4m:107991:0:59","r02-c02:expanded-facade-max4m:107991:0:60"],"receiver_count":30,"periods":{"D":{"min":52.572773,"max":65.71836,"receiver_count":30,"unavailable_count":0},"E":{"min":50.354286,"max":63.49987,"receiver_count":30,"unavailable_count":0},"N":{"min":45.583073,"max":58.728657,"receiver_count":30,"unavailable_count":0}}}},{"type":"Feature","id":"lariac:388318885036","geometry":{"type":"Polygon","coordinates":[[[-118.57335867084852,34.170837533353236],[-118.57334427641857,34.170797069928454],[-118.5733609109528,34.17079300623223],[-118.57333633558558,34.170723875057355],[-118.57332082411536,34.1707276864026],[-118.57330585567836,34.170685603814924],[-118.57317281405979,34.17071824832796],[-118.57309885104848,34.170582164419926],[-118.57308608936582,34.170586951698866],[-118.57305240571146,34.17052498042889],[-118.5730302470205,34.17053330211226],[-118.57300208805283,34.17048152727102],[-118.57299377825233,34.17048464451989],[-118.57295547422774,34.17041414936855],[-118.5728492939186,34.17045403008026],[-118.57288763205734,34.17052460714387],[-118.57287727760239,34.170528503088846],[-118.57290486662086,34.17057926371596],[-118.57287987139301,34.17058867074674],[-118.57291362204,34.170650777880226],[-118.572898816772,34.17065634383883],[-118.57295878437462,34.170766664005505],[-118.5728533631532,34.17079203165381],[-118.57266771447122,34.17086202067734],[-118.57271606090588,34.170950659740065],[-118.57274995879946,34.17093788658276],[-118.57278022528322,34.17099330546368],[-118.57290632232302,34.170945773711615],[-118.57335867084852,34.170837533353236]]]},"properties":{"building_pk":108039,"building_key":"lariac:388318885036","source_tile":"r02-c02","source_tile_ids":["r02-c02"],"source_bld_id":"388318885036","height_m":11.107,"receiver_ids":[224116,224117,224118,224119,224120,224121,224122,224123,224124,224125,224126,224127,224128,224129,224130,224131,224132,224133,224134,224135,224136,224137,224138,224139,224140,224141,224142,224143,224144,224145,224146,224147,224148,224149,224150,224151,224152,224153,224154,224155,224156,224157,224158,224159,224160,224161,224162,224163,224164,224165,224166,224167,224168,224169,224170],"receiver_keys":["r02-c02:expanded-facade-max4m:108039:0:1","r02-c02:expanded-facade-max4m:108039:0:10","r02-c02:expanded-facade-max4m:108039:0:11","r02-c02:expanded-facade-max4m:108039:0:12","r02-c02:expanded-facade-max4m:108039:0:13","r02-c02:expanded-facade-max4m:108039:0:14","r02-c02:expanded-facade-max4m:108039:0:15","r02-c02:expanded-facade-max4m:108039:0:17","r02-c02:expanded-facade-max4m:108039:0:18","r02-c02:expanded-facade-max4m:108039:0:19","r02-c02:expanded-facade-max4m:108039:0:2","r02-c02:expanded-facade-max4m:108039:0:20","r02-c02:expanded-facade-max4m:108039:0:21","r02-c02:expanded-facade-max4m:108039:0:22","r02-c02:expanded-facade-max4m:108039:0:23","r02-c02:expanded-facade-max4m:108039:0:24","r02-c02:expanded-facade-max4m:108039:0:25","r02-c02:expanded-facade-max4m:108039:0:26","r02-c02:expanded-facade-max4m:108039:0:27","r02-c02:expanded-facade-max4m:108039:0:28","r02-c02:expanded-facade-max4m:108039:0:3","r02-c02:expanded-facade-max4m:108039:0:30","r02-c02:expanded-facade-max4m:108039:0:31","r02-c02:expanded-facade-max4m:108039:0:32","r02-c02:expanded-facade-max4m:108039:0:34","r02-c02:expanded-facade-max4m:108039:0:35","r02-c02:expanded-facade-max4m:108039:0:36","r02-c02:expanded-facade-max4m:108039:0:37","r02-c02:expanded-facade-max4m:108039:0:38","r02-c02:expanded-facade-max4m:108039:0:39","r02-c02:expanded-facade-max4m:108039:0:4","r02-c02:expanded-facade-max4m:108039:0:40","r02-c02:expanded-facade-max4m:108039:0:41","r02-c02:expanded-facade-max4m:108039:0:42","r02-c02:expanded-facade-max4m:108039:0:43","r02-c02:expanded-facade-max4m:108039:0:44","r02-c02:expanded-facade-max4m:108039:0:45","r02-c02:expanded-facade-max4m:108039:0:46","r02-c02:expanded-facade-max4m:108039:0:47","r02-c02:expanded-facade-max4m:108039:0:48","r02-c02:expanded-facade-max4m:108039:0:49","r02-c02:expanded-facade-max4m:108039:0:5","r02-c02:expanded-facade-max4m:108039:0:50","r02-c02:expanded-facade-max4m:108039:0:51","r02-c02:expanded-facade-max4m:108039:0:52","r02-c02:expanded-facade-max4m:108039:0:53","r02-c02:expanded-facade-max4m:108039:0:54","r02-c02:expanded-facade-max4m:108039:0:55","r02-c02:expanded-facade-max4m:108039:0:56","r02-c02:expanded-facade-max4m:108039:0:57","r02-c02:expanded-facade-max4m:108039:0:58","r02-c02:expanded-facade-max4m:108039:0:59","r02-c02:expanded-facade-max4m:108039:0:6","r02-c02:expanded-facade-max4m:108039:0:7","r02-c02:expanded-facade-max4m:108039:0:8"],"receiver_count":55,"periods":{"D":{"min":63.907745,"max":84.02664,"receiver_count":55,"unavailable_count":0},"E":{"min":61.68926,"max":81.80815,"receiver_count":55,"unavailable_count":0},"N":{"min":56.918045,"max":77.03694,"receiver_count":55,"unavailable_count":0}}}},{"type":"Feature","id":"lariac:388670884142","geometry":{"type":"Polygon","coordinates":[[[-118.57250723495935,34.1681933458352],[-118.57248052606514,34.168126203487965],[-118.57177105413042,34.16832114473693],[-118.5717843186694,34.168356117865514],[-118.57167073273526,34.16838589288884],[-118.57165871312976,34.16835421171493],[-118.57121010849836,34.16847171579752],[-118.57127468051586,34.16864194704259],[-118.5712598704567,34.16864201700525],[-118.57126051943177,34.16878039840731],[-118.57120904637345,34.16878055951099],[-118.57121129306097,34.169259098052294],[-118.5712436248899,34.1692589453286],[-118.57123734410516,34.16939922836906],[-118.57115262053014,34.16940531729827],[-118.57116609984253,34.1694379256291],[-118.57115639934999,34.16944069230833],[-118.57117260252853,34.16947985552963],[-118.57116395745133,34.16948231520695],[-118.5711757896708,34.16951086444619],[-118.57116440600045,34.1695141340243],[-118.57118027294554,34.169552501866875],[-118.57119809222408,34.1695524726953],[-118.57119898921516,34.16975633665615],[-118.57134818585679,34.169755906824484],[-118.57134810807699,34.169734857916715],[-118.57160332465627,34.16973409180425],[-118.57160336620467,34.1697257378907],[-118.5716717353518,34.16972590875666],[-118.57167182175614,34.16969985820168],[-118.57205763544222,34.16970072665132],[-118.57205806760432,34.16956583001265],[-118.57201743658038,34.16956574723892],[-118.57201764221166,34.169504055335075],[-118.57166928688801,34.16950328466336],[-118.57166927393651,34.16951106145282],[-118.57160064031666,34.169510890934845],[-118.57160065929428,34.169503994024986],[-118.57137340301993,34.16950347405306],[-118.57137420599824,34.16925832842345],[-118.57144687194074,34.16925848001447],[-118.5714484576965,34.16877973043046],[-118.57137169204222,34.168779543218726],[-118.57137216236507,34.16863563276103],[-118.57173158438998,34.168539021139374],[-118.57171812362246,34.16850437889812],[-118.57178784936121,34.16848563787891],[-118.5718368340904,34.16847263676882],[-118.57184826107388,34.16850662147101],[-118.57255489216921,34.16831666705033],[-118.57252857530189,34.16824897291455],[-118.57250723495935,34.1681933458352]]]},"properties":{"building_pk":108663,"building_key":"lariac:388670884142","source_tile":"r02-c02","source_tile_ids":["r02-c02"],"source_bld_id":"388670884142","height_m":7.885,"receiver_ids":[225154,225155,225156,225157,225158,225159,225160,225161,225162,225163,225164,225165,225166,225167,225168,225169,225170,225171,225172,225173,225174,225175,225176,225177,225178,225179,225180,225181,225182,225183,225184,225185,225186,225187,225188,225189,225190,225191,225192,225193,225194,225195,225196,225197,225198,225199,225200,225201,225202,225203,225204,225205,225206,225207,225208,225209,225210,225211,225212,225213,225214,225215,225216,225217,225218,225219,225220,225221,225222,225223,225224,225225,225226,225227,225228,225229,225230,225231,225232,225233,225234,225235,225236,225237,225238,225239,225240,225241,225242,225243,225244,225245,225246,225247,225248,225249,225250,225251,225252,225253,225254,225255,225256,225257,225258,225259,225260,225261,225262,225263,225264,225265,225266,225267,225268,225269,225270,225271,225272,225273,225274,225275,225276,225277,225278,225279,225280,225281,225282,225283,225284,225285,225286,225287,225288,225289,225290,225291,225292,225293,225294,225295,225296],"receiver_keys":["r02-c02:expanded-facade-max4m:108663:0:100","r02-c02:expanded-facade-max4m:108663:0:101","r02-c02:expanded-facade-max4m:108663:0:102","r02-c02:expanded-facade-max4m:108663:0:103","r02-c02:expanded-facade-max4m:108663:0:104","r02-c02:expanded-facade-max4m:108663:0:105","r02-c02:expanded-facade-max4m:108663:0:106","r02-c02:expanded-facade-max4m:108663:0:107","r02-c02:expanded-facade-max4m:108663:0:108","r02-c02:expanded-facade-max4m:108663:0:109","r02-c02:expanded-facade-max4m:108663:0:110","r02-c02:expanded-facade-max4m:108663:0:111","r02-c02:expanded-facade-max4m:108663:0:112","r02-c02:expanded-facade-max4m:108663:0:113","r02-c02:expanded-facade-max4m:108663:0:114","r02-c02:expanded-facade-max4m:108663:0:115","r02-c02:expanded-facade-max4m:108663:0:116","r02-c02:expanded-facade-max4m:108663:0:117","r02-c02:expanded-facade-max4m:108663:0:118","r02-c02:expanded-facade-max4m:108663:0:119","r02-c02:expanded-facade-max4m:108663:0:120","r02-c02:expanded-facade-max4m:108663:0:121","r02-c02:expanded-facade-max4m:108663:0:122","r02-c02:expanded-facade-max4m:108663:0:123","r02-c02:expanded-facade-max4m:108663:0:124","r02-c02:expanded-facade-max4m:108663:0:125","r02-c02:expanded-facade-max4m:108663:0:126","r02-c02:expanded-facade-max4m:108663:0:127","r02-c02:expanded-facade-max4m:108663:0:128","r02-c02:expanded-facade-max4m:108663:0:129","r02-c02:expanded-facade-max4m:108663:0:13","r02-c02:expanded-facade-max4m:108663:0:130","r02-c02:expanded-facade-max4m:108663:0:131","r02-c02:expanded-facade-max4m:108663:0:132","r02-c02:expanded-facade-max4m:108663:0:133","r02-c02:expanded-facade-max4m:108663:0:134","r02-c02:expanded-facade-max4m:108663:0:135","r02-c02:expanded-facade-max4m:108663:0:136","r02-c02:expanded-facade-max4m:108663:0:137","r02-c02:expanded-facade-max4m:108663:0:138","r02-c02:expanded-facade-max4m:108663:0:139","r02-c02:expanded-facade-max4m:108663:0:14","r02-c02:expanded-facade-max4m:108663:0:140","r02-c02:expanded-facade-max4m:108663:0:141","r02-c02:expanded-facade-max4m:108663:0:142","r02-c02:expanded-facade-max4m:108663:0:144","r02-c02:expanded-facade-max4m:108663:0:145","r02-c02:expanded-facade-max4m:108663:0:146","r02-c02:expanded-facade-max4m:108663:0:147","r02-c02:expanded-facade-max4m:108663:0:148","r02-c02:expanded-facade-max4m:108663:0:149","r02-c02:expanded-facade-max4m:108663:0:15","r02-c02:expanded-facade-max4m:108663:0:150","r02-c02:expanded-facade-max4m:108663:0:151","r02-c02:expanded-facade-max4m:108663:0:152","r02-c02:expanded-facade-max4m:108663:0:153","r02-c02:expanded-facade-max4m:108663:0:154","r02-c02:expanded-facade-max4m:108663:0:155","r02-c02:expanded-facade-max4m:108663:0:156","r02-c02:expanded-facade-max4m:108663:0:158","r02-c02:expanded-facade-max4m:108663:0:16","r02-c02:expanded-facade-max4m:108663:0:161","r02-c02:expanded-facade-max4m:108663:0:162","r02-c02:expanded-facade-max4m:108663:0:163","r02-c02:expanded-facade-max4m:108663:0:164","r02-c02:expanded-facade-max4m:108663:0:165","r02-c02:expanded-facade-max4m:108663:0:17","r02-c02:expanded-facade-max4m:108663:0:18","r02-c02:expanded-facade-max4m:108663:0:19","r02-c02:expanded-facade-max4m:108663:0:20","r02-c02:expanded-facade-max4m:108663:0:22","r02-c02:expanded-facade-max4m:108663:0:23","r02-c02:expanded-facade-max4m:108663:0:24","r02-c02:expanded-facade-max4m:108663:0:25","r02-c02:expanded-facade-max4m:108663:0:26","r02-c02:expanded-facade-max4m:108663:0:27","r02-c02:expanded-facade-max4m:108663:0:28","r02-c02:expanded-facade-max4m:108663:0:29","r02-c02:expanded-facade-max4m:108663:0:30","r02-c02:expanded-facade-max4m:108663:0:31","r02-c02:expanded-facade-max4m:108663:0:32","r02-c02:expanded-facade-max4m:108663:0:33","r02-c02:expanded-facade-max4m:108663:0:34","r02-c02:expanded-facade-max4m:108663:0:35","r02-c02:expanded-facade-max4m:108663:0:36","r02-c02:expanded-facade-max4m:108663:0:37","r02-c02:expanded-facade-max4m:108663:0:38","r02-c02:expanded-facade-max4m:108663:0:39","r02-c02:expanded-facade-max4m:108663:0:41","r02-c02:expanded-facade-max4m:108663:0:42","r02-c02:expanded-facade-max4m:108663:0:43","r02-c02:expanded-facade-max4m:108663:0:44","r02-c02:expanded-facade-max4m:108663:0:45","r02-c02:expanded-facade-max4m:108663:0:46","r02-c02:expanded-facade-max4m:108663:0:47","r02-c02:expanded-facade-max4m:108663:0:48","r02-c02:expanded-facade-max4m:108663:0:49","r02-c02:expanded-facade-max4m:108663:0:50","r02-c02:expanded-facade-max4m:108663:0:51","r02-c02:expanded-facade-max4m:108663:0:52","r02-c02:expanded-facade-max4m:108663:0:53","r02-c02:expanded-facade-max4m:108663:0:54","r02-c02:expanded-facade-max4m:108663:0:55","r02-c02:expanded-facade-max4m:108663:0:56","r02-c02:expanded-facade-max4m:108663:0:57","r02-c02:expanded-facade-max4m:108663:0:58","r02-c02:expanded-facade-max4m:108663:0:59","r02-c02:expanded-facade-max4m:108663:0:60","r02-c02:expanded-facade-max4m:108663:0:61","r02-c02:expanded-facade-max4m:108663:0:62","r02-c02:expanded-facade-max4m:108663:0:63","r02-c02:expanded-facade-max4m:108663:0:64","r02-c02:expanded-facade-max4m:108663:0:65","r02-c02:expanded-facade-max4m:108663:0:66","r02-c02:expanded-facade-max4m:108663:0:67","r02-c02:expanded-facade-max4m:108663:0:70","r02-c02:expanded-facade-max4m:108663:0:72","r02-c02:expanded-facade-max4m:108663:0:73","r02-c02:expanded-facade-max4m:108663:0:74","r02-c02:expanded-facade-max4m:108663:0:75","r02-c02:expanded-facade-max4m:108663:0:76","r02-c02:expanded-facade-max4m:108663:0:77","r02-c02:expanded-facade-max4m:108663:0:78","r02-c02:expanded-facade-max4m:108663:0:79","r02-c02:expanded-facade-max4m:108663:0:80","r02-c02:expanded-facade-max4m:108663:0:81","r02-c02:expanded-facade-max4m:108663:0:82","r02-c02:expanded-facade-max4m:108663:0:83","r02-c02:expanded-facade-max4m:108663:0:84","r02-c02:expanded-facade-max4m:108663:0:85","r02-c02:expanded-facade-max4m:108663:0:86","r02-c02:expanded-facade-max4m:108663:0:87","r02-c02:expanded-facade-max4m:108663:0:88","r02-c02:expanded-facade-max4m:108663:0:90","r02-c02:expanded-facade-max4m:108663:0:91","r02-c02:expanded-facade-max4m:108663:0:92","r02-c02:expanded-facade-max4m:108663:0:93","r02-c02:expanded-facade-max4m:108663:0:94","r02-c02:expanded-facade-max4m:108663:0:95","r02-c02:expanded-facade-max4m:108663:0:96","r02-c02:expanded-facade-max4m:108663:0:97","r02-c02:expanded-facade-max4m:108663:0:98","r02-c02:expanded-facade-max4m:108663:0:99"],"receiver_count":143,"periods":{"D":{"min":52.043926,"max":72.663506,"receiver_count":143,"unavailable_count":0},"E":{"min":49.825436,"max":70.44502,"receiver_count":143,"unavailable_count":0},"N":{"min":45.054226,"max":65.673805,"receiver_count":143,"unavailable_count":0}}}},{"type":"Feature","id":"lariac:201700285413","geometry":{"type":"Polygon","coordinates":[[[-118.57251984574914,34.17242456491833],[-118.57256169095156,34.172498578405104],[-118.57265021066686,34.17246400423733],[-118.5726178915092,34.17240684063319],[-118.57273903529446,34.17235952364625],[-118.57269467453251,34.17228106218904],[-118.57249386990553,34.17235949354927],[-118.57252870223935,34.17242110252769],[-118.57251984574914,34.17242456491833]]]},"properties":{"building_pk":109440,"building_key":"lariac:201700285413","source_tile":"r02-c02","source_tile_ids":["r02-c02"],"source_bld_id":"201700285413","height_m":4.407,"receiver_ids":[225889,225890,225891,225892,225893,225894,225895,225896,225897,225898,225899,225900,225901,225902,225903,225904,225905,225906],"receiver_keys":["r02-c02:expanded-facade-max4m:109440:0:1","r02-c02:expanded-facade-max4m:109440:0:10","r02-c02:expanded-facade-max4m:109440:0:11","r02-c02:expanded-facade-max4m:109440:0:12","r02-c02:expanded-facade-max4m:109440:0:13","r02-c02:expanded-facade-max4m:109440:0:14","r02-c02:expanded-facade-max4m:109440:0:15","r02-c02:expanded-facade-max4m:109440:0:16","r02-c02:expanded-facade-max4m:109440:0:17","r02-c02:expanded-facade-max4m:109440:0:18","r02-c02:expanded-facade-max4m:109440:0:19","r02-c02:expanded-facade-max4m:109440:0:2","r02-c02:expanded-facade-max4m:109440:0:3","r02-c02:expanded-facade-max4m:109440:0:4","r02-c02:expanded-facade-max4m:109440:0:5","r02-c02:expanded-facade-max4m:109440:0:6","r02-c02:expanded-facade-max4m:109440:0:8","r02-c02:expanded-facade-max4m:109440:0:9"],"receiver_count":18,"periods":{"D":{"min":73.157486,"max":81.08368,"receiver_count":18,"unavailable_count":0},"E":{"min":70.938995,"max":78.86519,"receiver_count":18,"unavailable_count":0},"N":{"min":66.167786,"max":74.09398,"receiver_count":18,"unavailable_count":0}}}},{"type":"Feature","id":"lariac:388815885809","geometry":{"type":"Polygon","coordinates":[[[-118.57138192568904,34.1730699796833],[-118.57147515501708,34.173055057647396],[-118.57146248162057,34.17300035137097],[-118.57157073782518,34.17298302325057],[-118.57156790983053,34.172970781011514],[-118.5716188676148,34.17296262549714],[-118.57157055562517,34.17289360705974],[-118.57154981532051,34.17289675500936],[-118.57154862078514,34.17289131982985],[-118.57146536057658,34.17290396890066],[-118.57145850144983,34.17287278531167],[-118.57138970677009,34.17288325004859],[-118.57140468684112,34.17295138206244],[-118.57137882664385,34.17295529614513],[-118.57138834683434,34.172998586637235],[-118.57136694542415,34.17300181971954],[-118.57138192568904,34.1730699796833]]]},"properties":{"building_pk":111810,"building_key":"lariac:388815885809","source_tile":"r02-c02","source_tile_ids":["r02-c02"],"source_bld_id":"388815885809","height_m":4.868,"receiver_ids":[226757,226758,226759,226760,226761,226762,226763,226764,226765,226766,226767,226768,226769,226770,226771,226772,226773,226774,226775,226776],"receiver_keys":["r02-c02:expanded-facade-max4m:111810:0:1","r02-c02:expanded-facade-max4m:111810:0:10","r02-c02:expanded-facade-max4m:111810:0:11","r02-c02:expanded-facade-max4m:111810:0:12","r02-c02:expanded-facade-max4m:111810:0:13","r02-c02:expanded-facade-max4m:111810:0:14","r02-c02:expanded-facade-max4m:111810:0:15","r02-c02:expanded-facade-max4m:111810:0:16","r02-c02:expanded-facade-max4m:111810:0:17","r02-c02:expanded-facade-max4m:111810:0:19","r02-c02:expanded-facade-max4m:111810:0:2","r02-c02:expanded-facade-max4m:111810:0:21","r02-c02:expanded-facade-max4m:111810:0:22","r02-c02:expanded-facade-max4m:111810:0:3","r02-c02:expanded-facade-max4m:111810:0:4","r02-c02:expanded-facade-max4m:111810:0:5","r02-c02:expanded-facade-max4m:111810:0:6","r02-c02:expanded-facade-max4m:111810:0:7","r02-c02:expanded-facade-max4m:111810:0:8","r02-c02:expanded-facade-max4m:111810:0:9"],"receiver_count":20,"periods":{"D":{"min":67.05773,"max":79.15665,"receiver_count":20,"unavailable_count":0},"E":{"min":64.83924,"max":76.93816,"receiver_count":20,"unavailable_count":0},"N":{"min":60.06803,"max":72.16695,"receiver_count":20,"unavailable_count":0}}}},{"type":"Feature","id":"lariac:388339884726","geometry":{"type":"Polygon","coordinates":[[[-118.5730959352605,34.16996433668499],[-118.57307154966395,34.16991790276343],[-118.57295843520768,34.169958943365074],[-118.57298282075342,34.17000537730942],[-118.5730959352605,34.16996433668499]]]},"properties":{"building_pk":111940,"building_key":"lariac:388339884726","source_tile":"r02-c02","source_tile_ids":["r02-c02"],"source_bld_id":"388339884726","height_m":4.743,"receiver_ids":[227160,227161,227162,227163,227164,227165,227166,227167],"receiver_keys":["r02-c02:expanded-facade-max4m:111940:0:2","r02-c02:expanded-facade-max4m:111940:0:3","r02-c02:expanded-facade-max4m:111940:0:4","r02-c02:expanded-facade-max4m:111940:0:5","r02-c02:expanded-facade-max4m:111940:0:6","r02-c02:expanded-facade-max4m:111940:0:7","r02-c02:expanded-facade-max4m:111940:0:8","r02-c02:expanded-facade-max4m:111940:0:9"],"receiver_count":8,"periods":{"D":{"min":65.47483,"max":73.71398,"receiver_count":8,"unavailable_count":0},"E":{"min":63.256344,"max":71.49549,"receiver_count":8,"unavailable_count":0},"N":{"min":58.48513,"max":66.72428,"receiver_count":8,"unavailable_count":0}}}},{"type":"Feature","id":"lariac:387650884622","geometry":{"type":"Polygon","coordinates":[[[-118.575456136894,34.169660063213406],[-118.5754066724056,34.16956783158827],[-118.57535563488982,34.16958799677131],[-118.5753321769613,34.16954697176491],[-118.57512807795408,34.16962073517701],[-118.57515231634687,34.16966469645],[-118.57523210226238,34.16969053209117],[-118.575285485813,34.16967019081735],[-118.5753105269866,34.169715577189535],[-118.575456136894,34.169660063213406]]]},"properties":{"building_pk":112295,"building_key":"lariac:387650884622","source_tile":"r02-c02","source_tile_ids":["r02-c02"],"source_bld_id":"387650884622","height_m":10.4,"receiver_ids":[227485,227486,227487,227488,227489,227490,227491,227492,227493,227494,227495,227496,227497,227498,227499,227500,227501,227502,227503],"receiver_keys":["r02-c02:expanded-facade-max4m:112295:0:1","r02-c02:expanded-facade-max4m:112295:0:10","r02-c02:expanded-facade-max4m:112295:0:11","r02-c02:expanded-facade-max4m:112295:0:12","r02-c02:expanded-facade-max4m:112295:0:13","r02-c02:expanded-facade-max4m:112295:0:14","r02-c02:expanded-facade-max4m:112295:0:15","r02-c02:expanded-facade-max4m:112295:0:17","r02-c02:expanded-facade-max4m:112295:0:18","r02-c02:expanded-facade-max4m:112295:0:19","r02-c02:expanded-facade-max4m:112295:0:2","r02-c02:expanded-facade-max4m:112295:0:20","r02-c02:expanded-facade-max4m:112295:0:21","r02-c02:expanded-facade-max4m:112295:0:3","r02-c02:expanded-facade-max4m:112295:0:4","r02-c02:expanded-facade-max4m:112295:0:6","r02-c02:expanded-facade-max4m:112295:0:7","r02-c02:expanded-facade-max4m:112295:0:8","r02-c02:expanded-facade-max4m:112295:0:9"],"receiver_count":19,"periods":{"D":{"min":56.802197,"max":70.06223,"receiver_count":19,"unavailable_count":0},"E":{"min":54.58371,"max":67.84374,"receiver_count":19,"unavailable_count":0},"N":{"min":49.812496,"max":63.072533,"receiver_count":19,"unavailable_count":0}}}},{"type":"Feature","id":"lariac:389567885248","geometry":{"type":"Polygon","coordinates":[[[-118.56906285179316,34.17138094483755],[-118.56907462664041,34.17137693254801],[-118.5690572161417,34.17134467154813],[-118.5690633818782,34.1713423616258],[-118.56904958782135,34.171316815443824],[-118.56904526777537,34.17131842970335],[-118.56901312412218,34.171258895965686],[-118.56899881158269,34.17126424005129],[-118.5689814680477,34.1712320887142],[-118.56893513528966,34.17124937114246],[-118.5689390524497,34.171256606544986],[-118.5689006347532,34.171270911784255],[-118.56889611464868,34.17126257933196],[-118.56886511676174,34.17127412879227],[-118.56899600159825,34.17151656687184],[-118.56911257444159,34.17147309577594],[-118.56906285179316,34.17138094483755]]]},"properties":{"building_pk":112354,"building_key":"lariac:389567885248","source_tile":"r02-c02","source_tile_ids":["r02-c02"],"source_bld_id":"389567885248","height_m":6.62,"receiver_ids":[227599,227600,227601,227602,227603,227604,227605,227606,227607,227608,227609,227610,227611,227612,227613,227614,227615],"receiver_keys":["r02-c02:expanded-facade-max4m:112354:0:1","r02-c02:expanded-facade-max4m:112354:0:10","r02-c02:expanded-facade-max4m:112354:0:11","r02-c02:expanded-facade-max4m:112354:0:12","r02-c02:expanded-facade-max4m:112354:0:17","r02-c02:expanded-facade-max4m:112354:0:18","r02-c02:expanded-facade-max4m:112354:0:19","r02-c02:expanded-facade-max4m:112354:0:2","r02-c02:expanded-facade-max4m:112354:0:20","r02-c02:expanded-facade-max4m:112354:0:21","r02-c02:expanded-facade-max4m:112354:0:22","r02-c02:expanded-facade-max4m:112354:0:3","r02-c02:expanded-facade-max4m:112354:0:4","r02-c02:expanded-facade-max4m:112354:0:6","r02-c02:expanded-facade-max4m:112354:0:7","r02-c02:expanded-facade-max4m:112354:0:8","r02-c02:expanded-facade-max4m:112354:0:9"],"receiver_count":17,"periods":{"D":{"min":56.855293,"max":76.79666,"receiver_count":17,"unavailable_count":0},"E":{"min":54.636806,"max":74.57818,"receiver_count":17,"unavailable_count":0},"N":{"min":49.865593,"max":69.80696,"receiver_count":17,"unavailable_count":0}}}},{"type":"Feature","id":"lariac:388864885996","geometry":{"type":"Polygon","coordinates":[[[-118.5711946761981,34.17355007334379],[-118.57141688066972,34.17354987560158],[-118.5714167841351,34.173482634312165],[-118.5713944343285,34.173482657871425],[-118.57139428558638,34.173373841172456],[-118.57125724149066,34.173373114643155],[-118.57125969568234,34.173480601490766],[-118.57119311725022,34.173481657938005],[-118.5711946761981,34.17355007334379]]]},"properties":{"building_pk":112626,"building_key":"lariac:388864885996","source_tile":"r02-c02","source_tile_ids":["r02-c02"],"source_bld_id":"388864885996","height_m":4.657,"receiver_ids":[227836,227837,227838,227839,227840,227841,227842,227843,227844,227845,227846,227847,227848],"receiver_keys":["r02-c02:expanded-facade-max4m:112626:0:10","r02-c02:expanded-facade-max4m:112626:0:11","r02-c02:expanded-facade-max4m:112626:0:12","r02-c02:expanded-facade-max4m:112626:0:13","r02-c02:expanded-facade-max4m:112626:0:14","r02-c02:expanded-facade-max4m:112626:0:15","r02-c02:expanded-facade-max4m:112626:0:16","r02-c02:expanded-facade-max4m:112626:0:17","r02-c02:expanded-facade-max4m:112626:0:19","r02-c02:expanded-facade-max4m:112626:0:20","r02-c02:expanded-facade-max4m:112626:0:7","r02-c02:expanded-facade-max4m:112626:0:8","r02-c02:expanded-facade-max4m:112626:0:9"],"receiver_count":13,"periods":{"D":{"min":73.53473,"max":77.22528,"receiver_count":13,"unavailable_count":0},"E":{"min":71.316246,"max":75.0068,"receiver_count":13,"unavailable_count":0},"N":{"min":66.54503,"max":70.23558,"receiver_count":13,"unavailable_count":0}}}},{"type":"Feature","id":"lariac:388412886011","geometry":{"type":"Polygon","coordinates":[[[-118.57284416697262,34.17350102475667],[-118.57283396703178,34.173469610043995],[-118.57277302959518,34.17348325325914],[-118.57278319589672,34.17351466903775],[-118.57284416697262,34.17350102475667]]]},"properties":{"building_pk":112820,"building_key":"lariac:388412886011","source_tile":"r02-c02","source_tile_ids":["r02-c02"],"source_bld_id":"388412886011","height_m":3.962,"receiver_ids":[228152,228153],"receiver_keys":["r02-c02:expanded-facade-max4m:112820:0:2","r02-c02:expanded-facade-max4m:112820:0:3"],"receiver_count":2,"periods":{"D":{"min":74.031494,"max":74.575485,"receiver_count":2,"unavailable_count":0},"E":{"min":71.81301,"max":72.357,"receiver_count":2,"unavailable_count":0},"N":{"min":67.041794,"max":67.58579,"receiver_count":2,"unavailable_count":0}}}},{"type":"Feature","id":"lariac:388167885666","geometry":{"type":"Polygon","coordinates":[[[-118.57379002533422,34.17252001485989],[-118.57374182918103,34.17243428839491],[-118.57362566570413,34.17247941094317],[-118.57359832027586,34.17243079229199],[-118.57352251621063,34.17246025188906],[-118.57361696677692,34.172628251347874],[-118.57368452878696,34.172601990706916],[-118.5736656186935,34.172568363519154],[-118.57379002533422,34.17252001485989]]]},"properties":{"building_pk":112931,"building_key":"lariac:388167885666","source_tile":"r02-c02","source_tile_ids":["r02-c02"],"source_bld_id":"388167885666","height_m":4.31,"receiver_ids":[228272,228273,228274,228275,228276,228277,228278,228279,228280,228281,228282,228283,228284,228285,228286,228287,228288,228289,228290,228291],"receiver_keys":["r02-c02:expanded-facade-max4m:112931:0:1","r02-c02:expanded-facade-max4m:112931:0:10","r02-c02:expanded-facade-max4m:112931:0:11","r02-c02:expanded-facade-max4m:112931:0:12","r02-c02:expanded-facade-max4m:112931:0:13","r02-c02:expanded-facade-max4m:112931:0:14","r02-c02:expanded-facade-max4m:112931:0:15","r02-c02:expanded-facade-max4m:112931:0:16","r02-c02:expanded-facade-max4m:112931:0:17","r02-c02:expanded-facade-max4m:112931:0:19","r02-c02:expanded-facade-max4m:112931:0:2","r02-c02:expanded-facade-max4m:112931:0:20","r02-c02:expanded-facade-max4m:112931:0:21","r02-c02:expanded-facade-max4m:112931:0:3","r02-c02:expanded-facade-max4m:112931:0:4","r02-c02:expanded-facade-max4m:112931:0:5","r02-c02:expanded-facade-max4m:112931:0:6","r02-c02:expanded-facade-max4m:112931:0:7","r02-c02:expanded-facade-max4m:112931:0:8","r02-c02:expanded-facade-max4m:112931:0:9"],"receiver_count":20,"periods":{"D":{"min":75.34732,"max":76.97717,"receiver_count":20,"unavailable_count":0},"E":{"min":73.12883,"max":74.75868,"receiver_count":20,"unavailable_count":0},"N":{"min":68.35762,"max":69.98747,"receiver_count":20,"unavailable_count":0}}}},{"type":"Feature","id":"lariac:2014121118470000","geometry":{"type":"Polygon","coordinates":[[[-118.57150005344381,34.169945362946294],[-118.57139215134553,34.16994554015692],[-118.57139327458094,34.170418722526215],[-118.57150117729033,34.17041854531459],[-118.57150005344381,34.169945362946294]]]},"properties":{"building_pk":113852,"building_key":"lariac:2014121118470000","source_tile":"r02-c02","source_tile_ids":["r02-c02"],"source_bld_id":"2014121118470000","height_m":5.148,"receiver_ids":[229309,229310,229311,229312,229313,229314,229315,229316,229317,229318,229319,229320,229321,229322,229323,229324,229325,229326,229327,229328,229329,229330,229331,229332,229333,229334,229335,229336,229337,229338,229339,229340],"receiver_keys":["r02-c02:expanded-facade-max4m:113852:0:1","r02-c02:expanded-facade-max4m:113852:0:10","r02-c02:expanded-facade-max4m:113852:0:11","r02-c02:expanded-facade-max4m:113852:0:12","r02-c02:expanded-facade-max4m:113852:0:13","r02-c02:expanded-facade-max4m:113852:0:14","r02-c02:expanded-facade-max4m:113852:0:15","r02-c02:expanded-facade-max4m:113852:0:16","r02-c02:expanded-facade-max4m:113852:0:17","r02-c02:expanded-facade-max4m:113852:0:18","r02-c02:expanded-facade-max4m:113852:0:19","r02-c02:expanded-facade-max4m:113852:0:2","r02-c02:expanded-facade-max4m:113852:0:20","r02-c02:expanded-facade-max4m:113852:0:21","r02-c02:expanded-facade-max4m:113852:0:22","r02-c02:expanded-facade-max4m:113852:0:23","r02-c02:expanded-facade-max4m:113852:0:24","r02-c02:expanded-facade-max4m:113852:0:25","r02-c02:expanded-facade-max4m:113852:0:26","r02-c02:expanded-facade-max4m:113852:0:27","r02-c02:expanded-facade-max4m:113852:0:28","r02-c02:expanded-facade-max4m:113852:0:29","r02-c02:expanded-facade-max4m:113852:0:3","r02-c02:expanded-facade-max4m:113852:0:30","r02-c02:expanded-facade-max4m:113852:0:31","r02-c02:expanded-facade-max4m:113852:0:32","r02-c02:expanded-facade-max4m:113852:0:4","r02-c02:expanded-facade-max4m:113852:0:5","r02-c02:expanded-facade-max4m:113852:0:6","r02-c02:expanded-facade-max4m:113852:0:7","r02-c02:expanded-facade-max4m:113852:0:8","r02-c02:expanded-facade-max4m:113852:0:9"],"receiver_count":32,"periods":{"D":{"min":66.770485,"max":72.30208,"receiver_count":32,"unavailable_count":0},"E":{"min":64.552,"max":70.083595,"receiver_count":32,"unavailable_count":0},"N":{"min":59.78079,"max":65.31238,"receiver_count":32,"unavailable_count":0}}}},{"type":"Feature","id":"lariac:2014121118500000","geometry":{"type":"Polygon","coordinates":[[[-118.57207138447319,34.169827001443856],[-118.57207153893458,34.16976528724297],[-118.57171237631766,34.169764682310735],[-118.57171222146134,34.16982637757935],[-118.57207138447319,34.169827001443856]]]},"properties":{"building_pk":113853,"building_key":"lariac:2014121118500000","source_tile":"r02-c02","source_tile_ids":["r02-c02"],"source_bld_id":"2014121118500000","height_m":4.514,"receiver_ids":[229341,229342,229343,229344,229345,229346,229347,229348,229349,229350,229351,229352,229353,229354,229355,229356,229357,229358,229359,229360],"receiver_keys":["r02-c02:expanded-facade-max4m:113853:0:1","r02-c02:expanded-facade-max4m:113853:0:10","r02-c02:expanded-facade-max4m:113853:0:11","r02-c02:expanded-facade-max4m:113853:0:12","r02-c02:expanded-facade-max4m:113853:0:13","r02-c02:expanded-facade-max4m:113853:0:14","r02-c02:expanded-facade-max4m:113853:0:15","r02-c02:expanded-facade-max4m:113853:0:16","r02-c02:expanded-facade-max4m:113853:0:17","r02-c02:expanded-facade-max4m:113853:0:18","r02-c02:expanded-facade-max4m:113853:0:19","r02-c02:expanded-facade-max4m:113853:0:2","r02-c02:expanded-facade-max4m:113853:0:20","r02-c02:expanded-facade-max4m:113853:0:3","r02-c02:expanded-facade-max4m:113853:0:4","r02-c02:expanded-facade-max4m:113853:0:5","r02-c02:expanded-facade-max4m:113853:0:6","r02-c02:expanded-facade-max4m:113853:0:7","r02-c02:expanded-facade-max4m:113853:0:8","r02-c02:expanded-facade-max4m:113853:0:9"],"receiver_count":20,"periods":{"D":{"min":66.2283,"max":70.98645,"receiver_count":20,"unavailable_count":0},"E":{"min":64.00981,"max":68.76797,"receiver_count":20,"unavailable_count":0},"N":{"min":59.2386,"max":63.99675,"receiver_count":20,"unavailable_count":0}}}}],"metadata":{"model":"tarzana-combined-road-study-r02-v1","tile_id":"r02-c02","status":"candidate_pending_owner_review","coordinate_crs":"OGC:CRS84","source_projected_crs":"EPSG:26911","bbox_wgs84":[-118.57845038208485,34.16724167080256,-118.56758242938746,34.17352137796424],"receiver_count":8809,"numeric_rows":26427,"numeric_laeq_min":40.872032,"numeric_laeq_max":97.20001,"masked_ids":[],"receiver_height_counts_m":{"1.5":5114,"4.0":3695},"building_count":206,"facade_receiver_count":3695,"attempt_id":"phase1-tarzana-full-mixed-r02-c02-union-hf583-nv-pc16-v1","source_hashes":{"export":"defdf84bbd374750025ba89b69a4faace44821af9b163c0274d04cffe89dfd68"},"shared_building_source_ids":["2014121073610000","2014121074250000","2014121103940000","2014121109300000","2014121118450000","2014121118460000","2014121118470000","2014121118480000","2014121118490000","2014121118500000","2014121118510000","2014121118520000","2014121118530000","201700284956","201700285031","201700285240","201700285265","201700285290","201700285345","201700285359","201700285361","201700285377","201700285385","201700285392","201700285393","201700285401","201700285406","201700285413","201700285416","386500884221","386643885291","386671883991","386705884855","386707884879","386716883842","386729885240","386749884911","386774884030","386780885400","386795885107","386809885250","386818883881","386834884930","386851885102","386865885281","386878885453","386906885214","386920884978","386943885175","386961885323","386969885220","386993884416","386996885001","387015884066","387027885348","387045884106","387051885320","387069885057","387082884039","387085885539","387129885137","387130885513","387137883980","387166885399","387198884476","387201885101","387217885418","387226884094","387292885106","387293885257","387328884019","387336884593","387339885285","387349885356","387378885489","387382885114","387412884145","387438884605","387453885451","387461884342","387461885514","387496885160","387500885353","387522885590","387540885520","387565884583","387570885178","387576885390","387581884710","387605884408","387607885189","387638885223","387650884622","387718885245","387732885556","387737884678","387744885720","387752885657","387764885461","387775884785","387786885274","387856885605","387868885313","387886885612","387904884461","387909885538","387911885707","387927885807","387937885349","387958885381","387973885345","387981885333","388017885384","388024885588","388095884613","388162885454","388167885666","388176884833","388204885948","388222885885","388233885691","388247885492","388248885805","388260885740","388277885495","388307885723","388309884715","388318885036","388327885530","388339884726","388357886043","388388885951","388410885868","388412886011","388419884659","388443885797","388470884653","388475884559","388487884539","388495884488","388520886005","388526885912","388532885033","388550885633","388568885836","388588885015","388632885622","388633885683","388635883764","388661884319","388670884142","388683883904","388691885725","388694886024","388695884216","388730885654","388742885976","388753885774","388770883999","388773885143","388815885809","388826885706","388834883782","388836885166","388850885709","388864885996","388868883877","388882885813","389051883878","389067885337","389071883766","389096885986","389119885881","389124885941","389185885891","389201884400","389204885430","389212884755","389263885139","389268884376","389269883940","389276883873","389300885345","389339885489","389413884997","389432885191","389436885481","389467884701","389567885248","389600885268","389602885490","389675885105","389685885306","389725885506","389785885521","389812885054","389821885164","389824885546","389831885347","389864885172","389866885602","389890885553","389892885631","389937885202","389949885603","390134885417"],"quality_flags":{"physical_ceiling_margin_db":6.0,"physical_ceiling_masked_ids":[],"on_road_distance_m":3.0,"on_road_count":297,"method":"science/qa/physical_ceiling.py; science/pipeline/build_tile_assets.py"},"assumptions":{"source_scenario":"Assumed historical-context mixed-road scenario (852 corrected freeway + 583 corrected lower-road sources).","traffic":"Evening flow = 0.6 × day, night = 0.2 × day. Not observed or current traffic.","method":"Direct union export copied as emitted; physically impossible receivers masked, on-road receivers labelled.","calibration":"Uncalibrated modeled exterior LAeq; not a measurement, interior level, or quietness rating."}}}
