{"type":"FeatureCollection","features":[{"type":"Feature","id":"dpw:201700103607@374684,3777026","geometry":{"type":"Polygon","coordinates":[[[-118.35890005354763,34.126648711459914],[-118.35893817191716,34.126690957813],[-118.35905942737244,34.12661529060066],[-118.3590681217575,34.12662491841413],[-118.35914127798809,34.126579266379004],[-118.35909489214563,34.12652785890756],[-118.35905472753811,34.126510206259965],[-118.35903045793357,34.12648330982147],[-118.35891031840978,34.12655828041045],[-118.35888766201074,34.12653317050404],[-118.35883949262266,34.126563229173684],[-118.35889113940885,34.12662046757923],[-118.35890340854213,34.12661281227164],[-118.35892292248279,34.126634440761634],[-118.35890005354763,34.126648711459914]]]},"properties":{"building_pk":230,"building_key":"dpw:201700103607@374684,3777026","source_tile":"cty-e374-n3777","source_tile_ids":["cty-e374-n3777"],"source_bld_id":"201700103607","height_m":5.87,"receiver_ids":[3187,3188,3189,3190,3191,3192,3193,3194,3195],"receiver_keys":["cty-e374-n3777:la-e374-n3777:facade:201700103607:0","cty-e374-n3777:la-e374-n3777:facade:201700103607:1","cty-e374-n3777:la-e374-n3777:facade:201700103607:2","cty-e374-n3777:la-e374-n3777:facade:201700103607:3","cty-e374-n3777:la-e374-n3777:facade:201700103607:4","cty-e374-n3777:la-e374-n3777:facade:201700103607:5","cty-e374-n3777:la-e374-n3777:facade:201700103607:6","cty-e374-n3777:la-e374-n3777:facade:201700103607:7","cty-e374-n3777:la-e374-n3777:facade:201700103607:8"],"receiver_count":9,"periods":{"D":{"min":49.36821,"max":52.097427,"receiver_count":9,"unavailable_count":0},"E":{"min":47.149723,"max":49.87894,"receiver_count":9,"unavailable_count":0},"N":{"min":42.37851,"max":45.107727,"receiver_count":9,"unavailable_count":0}}}},{"type":"Feature","id":"dpw:201700103615@374362,3777053","geometry":{"type":"Polygon","coordinates":[[[-118.36244728457504,34.12685606271546],[-118.36246285991105,34.126869175723854],[-118.36253278275812,34.12681174374911],[-118.36258763868636,34.12685793255589],[-118.36273934165698,34.12673332780554],[-118.36259535811972,34.12661195876585],[-118.36249844616395,34.1266915593462],[-118.36250293542537,34.126695339544035],[-118.36238877103298,34.12678910982519],[-118.36238601610799,34.12678678941855],[-118.36237041227346,34.12679960555114],[-118.36240352683838,34.12682748903033],[-118.36240792874646,34.12682387239408],[-118.36241756445351,34.126831986171744],[-118.36241320251092,34.12683556933173],[-118.36241531766782,34.12683735073471],[-118.36241152932263,34.126840462474675],[-118.36243856392612,34.12686322542152],[-118.36244728457504,34.12685606271546]]]},"properties":{"building_pk":233,"building_key":"dpw:201700103615@374362,3777053","source_tile":"cty-e374-n3777","source_tile_ids":["cty-e374-n3777"],"source_bld_id":"201700103615","height_m":3.307,"receiver_ids":[2856,2857,2858,2859,2860,2861,2862],"receiver_keys":["cty-e374-n3777:la-e374-n3777:facade:201700103615:0","cty-e374-n3777:la-e374-n3777:facade:201700103615:1","cty-e374-n3777:la-e374-n3777:facade:201700103615:4","cty-e374-n3777:la-e374-n3777:facade:201700103615:5","cty-e374-n3777:la-e374-n3777:facade:201700103615:7","cty-e374-n3777:la-e374-n3777:facade:201700103615:8","cty-e374-n3777:la-e374-n3777:facade:201700103615:9"],"receiver_count":7,"periods":{"D":{"min":42.141014,"max":52.346287,"receiver_count":7,"unavailable_count":0},"E":{"min":39.922527,"max":50.1278,"receiver_count":7,"unavailable_count":0},"N":{"min":35.151314,"max":45.356586,"receiver_count":7,"unavailable_count":0}}}},{"type":"Feature","id":"dpw:201700103686@374663,3777202","geometry":{"type":"Polygon","coordinates":[[[-118.35919155605139,34.12826683382056],[-118.35919716277404,34.12828268418418],[-118.35925800187002,34.128267802029754],[-118.35924688277538,34.12823636607889],[-118.35925489769133,34.1282344057586],[-118.35923451636253,34.128176784288875],[-118.35924351567361,34.12817458303827],[-118.35926427122263,34.12823326089535],[-118.35932762379998,34.128217764501414],[-118.35928635846199,34.12810110135573],[-118.35927936043483,34.12810280983168],[-118.35927001149157,34.12807637755284],[-118.35921506594144,34.12808981777254],[-118.35920917279479,34.12807315597758],[-118.3590830515071,34.128104007135754],[-118.3590994337278,34.12815032263483],[-118.35913787085313,34.128140919913186],[-118.35918313719299,34.12826889360439],[-118.35919155605139,34.12826683382056]]]},"properties":{"building_pk":255,"building_key":"dpw:201700103686@374663,3777202","source_tile":"cty-e374-n3777","source_tile_ids":["cty-e374-n3777"],"source_bld_id":"201700103686","height_m":4.636,"receiver_ids":[3357,3358,3359,3360,3361,3362,3363,3364],"receiver_keys":["cty-e374-n3777:la-e374-n3777:facade:201700103686:0","cty-e374-n3777:la-e374-n3777:facade:201700103686:3","cty-e374-n3777:la-e374-n3777:facade:201700103686:4","cty-e374-n3777:la-e374-n3777:facade:201700103686:5","cty-e374-n3777:la-e374-n3777:facade:201700103686:6","cty-e374-n3777:la-e374-n3777:facade:201700103686:7","cty-e374-n3777:la-e374-n3777:facade:201700103686:8","cty-e374-n3777:la-e374-n3777:facade:201700103686:9"],"receiver_count":8,"periods":{"D":{"min":53.439907,"max":59.461918,"receiver_count":8,"unavailable_count":0},"E":{"min":51.22142,"max":57.24343,"receiver_count":8,"unavailable_count":0},"N":{"min":46.450207,"max":52.472218,"receiver_count":8,"unavailable_count":0}}}},{"type":"Feature","id":"dpw:201700103692@374073,3777234","geometry":{"type":"Polygon","coordinates":[[[-118.36557674660006,34.128420019658144],[-118.36563454631856,34.12845899942582],[-118.36566488960061,34.128420732102185],[-118.3656639190616,34.128421660013956],[-118.36564962885092,34.128411315749865],[-118.36564755274654,34.12840981285955],[-118.36567045925923,34.12838792820053],[-118.36566550119066,34.12838433976172],[-118.36566821848892,34.12838174323209],[-118.3656478902951,34.12836702855835],[-118.36565141403845,34.12836366148092],[-118.36560488825602,34.12832998381113],[-118.36557716883352,34.12835643396704],[-118.36557267732204,34.128353183090844],[-118.36553123979446,34.12839277223699],[-118.365582316154,34.12841469817645],[-118.36557674660006,34.128420019658144]]]},"properties":{"building_pk":257,"building_key":"dpw:201700103692@374073,3777234","source_tile":"cty-e374-n3777","source_tile_ids":["cty-e374-n3777"],"source_bld_id":"201700103692","height_m":7.352,"receiver_ids":[6222,6223,6224,6225,6226],"receiver_keys":["cty-e374-n3777:la-e374-n3777:facade:201700103692:0","cty-e374-n3777:la-e374-n3777:facade:201700103692:1","cty-e374-n3777:la-e374-n3777:facade:201700103692:2","cty-e374-n3777:la-e374-n3777:facade:201700103692:3","cty-e374-n3777:la-e374-n3777:facade:201700103692:4"],"receiver_count":5,"periods":{"D":{"min":43.22948,"max":48.75712,"receiver_count":5,"unavailable_count":0},"E":{"min":41.010994,"max":46.53863,"receiver_count":5,"unavailable_count":0},"N":{"min":36.23978,"max":41.76742,"receiver_count":5,"unavailable_count":0}}}},{"type":"Feature","id":"dpw:201700103693@374510,3777222","geometry":{"type":"Polygon","coordinates":[[[-118.3609219678108,34.1284587701498],[-118.36099334831307,34.12848126215874],[-118.36106546574486,34.12832298321961],[-118.3609977513161,34.128301645989936],[-118.36099184695648,34.12831460516751],[-118.36091016131435,34.128288865945684],[-118.36091581654607,34.12827645564974],[-118.36075716112457,34.128226462227296],[-118.36072518265216,34.128296294149735],[-118.36078991821306,34.12831669290971],[-118.36079971554808,34.12829518908738],[-118.36086518822573,34.12831582000599],[-118.36086188593667,34.128323067392806],[-118.36086700329982,34.12832468028791],[-118.36084588689988,34.128371024561346],[-118.36094737662138,34.12840300461944],[-118.3609219678108,34.1284587701498]]]},"properties":{"building_pk":258,"building_key":"dpw:201700103693@374510,3777222","source_tile":"cty-e374-n3777","source_tile_ids":["cty-e374-n3777"],"source_bld_id":"201700103693","height_m":6.236,"receiver_ids":[3317,3318,3319,3320,3321,3322,3323,3324,3325,3326,3327],"receiver_keys":["cty-e374-n3777:la-e374-n3777:facade:201700103693:0","cty-e374-n3777:la-e374-n3777:facade:201700103693:1","cty-e374-n3777:la-e374-n3777:facade:201700103693:10","cty-e374-n3777:la-e374-n3777:facade:201700103693:2","cty-e374-n3777:la-e374-n3777:facade:201700103693:3","cty-e374-n3777:la-e374-n3777:facade:201700103693:4","cty-e374-n3777:la-e374-n3777:facade:201700103693:5","cty-e374-n3777:la-e374-n3777:facade:201700103693:6","cty-e374-n3777:la-e374-n3777:facade:201700103693:7","cty-e374-n3777:la-e374-n3777:facade:201700103693:8","cty-e374-n3777:la-e374-n3777:facade:201700103693:9"],"receiver_count":11,"periods":{"D":{"min":53.50424,"max":59.553696,"receiver_count":11,"unavailable_count":0},"E":{"min":51.28575,"max":57.33521,"receiver_count":11,"unavailable_count":0},"N":{"min":46.514538,"max":52.563995,"receiver_count":11,"unavailable_count":0}}}},{"type":"Feature","id":"dpw:201700103701@374344,3777244","geometry":{"type":"Polygon","coordinates":[[[-118.36256298734348,34.128680846629365],[-118.36263932139815,34.12869002245406],[-118.36264560938058,34.12865384299371],[-118.3626629021179,34.12865592233971],[-118.36267049108771,34.12861226704704],[-118.36267430583378,34.128612725300954],[-118.36268727841968,34.128538092414715],[-118.36272051344369,34.128542087459195],[-118.36272891359651,34.128493759773875],[-118.36276983991542,34.12849867923713],[-118.3627798582959,34.12844104284356],[-118.36278264586572,34.12844137796202],[-118.36278533132213,34.1284259283992],[-118.36288251445768,34.12843761086718],[-118.36289934839824,34.12834076244355],[-118.3627384993242,34.12832142680972],[-118.36272689652161,34.12838817977521],[-118.362624373705,34.12837585598262],[-118.36261464608401,34.12843181733903],[-118.36259733495707,34.128429736238296],[-118.36257411217451,34.12856334406581],[-118.36257764707688,34.12856376890384],[-118.36257128713748,34.12860035967667],[-118.36257686119802,34.128601029024864],[-118.36256298734348,34.128680846629365]]]},"properties":{"building_pk":265,"building_key":"dpw:201700103701@374344,3777244","source_tile":"cty-e374-n3777","source_tile_ids":["cty-e374-n3777"],"source_bld_id":"201700103701","height_m":5.008,"receiver_ids":[3975,3976,3977,3978,3979,3980,3981,3982,3983,3984,3985,3986,3987],"receiver_keys":["cty-e374-n3777:la-e374-n3777:facade:201700103701:0","cty-e374-n3777:la-e374-n3777:facade:201700103701:1","cty-e374-n3777:la-e374-n3777:facade:201700103701:10","cty-e374-n3777:la-e374-n3777:facade:201700103701:11","cty-e374-n3777:la-e374-n3777:facade:201700103701:12","cty-e374-n3777:la-e374-n3777:facade:201700103701:13","cty-e374-n3777:la-e374-n3777:facade:201700103701:2","cty-e374-n3777:la-e374-n3777:facade:201700103701:4","cty-e374-n3777:la-e374-n3777:facade:201700103701:5","cty-e374-n3777:la-e374-n3777:facade:201700103701:6","cty-e374-n3777:la-e374-n3777:facade:201700103701:7","cty-e374-n3777:la-e374-n3777:facade:201700103701:8","cty-e374-n3777:la-e374-n3777:facade:201700103701:9"],"receiver_count":13,"periods":{"D":{"min":52.537468,"max":57.881725,"receiver_count":13,"unavailable_count":0},"E":{"min":50.31898,"max":55.66324,"receiver_count":13,"unavailable_count":0},"N":{"min":45.547768,"max":50.892025,"receiver_count":13,"unavailable_count":0}}}},{"type":"Feature","id":"dpw:201700103708@374386,3777259","geometry":{"type":"Polygon","coordinates":[[[-118.36204559391125,34.12878959188111],[-118.36208511447,34.12879556066705],[-118.36209772265036,34.12874454015523],[-118.36209729524353,34.12874547813115],[-118.36209173058793,34.12874372779144],[-118.3621001035768,34.12872532851053],[-118.36210673861166,34.128727416423665],[-118.36215293332569,34.12862590214507],[-118.36219046813949,34.12863771428914],[-118.36219372196796,34.12863056527828],[-118.36224525201864,34.12864678184111],[-118.36224189511067,34.12865415925081],[-118.36231936392713,34.12867853988127],[-118.36230728293344,34.128705088454424],[-118.36237940751728,34.12872778567106],[-118.3624102435261,34.128660023953245],[-118.36240612702221,34.128658728167615],[-118.36241305988194,34.12864349306519],[-118.36241835857834,34.12864516124627],[-118.36242530862366,34.12862989003018],[-118.36241974396498,34.12862813880406],[-118.36242454091473,34.12861759899205],[-118.36237405191386,34.12860171024816],[-118.36236599793665,34.12861940900023],[-118.36232473633004,34.128606424365856],[-118.3623210841184,34.128614450867076],[-118.36225722412588,34.12859435502014],[-118.36226113836945,34.12858575345734],[-118.36214150708668,34.128548105907285],[-118.36214410465236,34.12854236886575],[-118.3620952897035,34.128527006896014],[-118.36206187834938,34.12860042887537],[-118.36206387494887,34.1286251375924],[-118.36204093725516,34.12870012751622],[-118.36205688357165,34.12874326150528],[-118.36204559391125,34.12878959188111]]]},"properties":{"building_pk":266,"building_key":"dpw:201700103708@374386,3777259","source_tile":"cty-e374-n3777","source_tile_ids":["cty-e374-n3777"],"source_bld_id":"201700103708","height_m":4.88,"receiver_ids":[3997,3998,3999,4000,4001,4002,4003,4004,4005,4006,4007],"receiver_keys":["cty-e374-n3777:la-e374-n3777:facade:201700103708:0","cty-e374-n3777:la-e374-n3777:facade:201700103708:1","cty-e374-n3777:la-e374-n3777:facade:201700103708:10","cty-e374-n3777:la-e374-n3777:facade:201700103708:13","cty-e374-n3777:la-e374-n3777:facade:201700103708:3","cty-e374-n3777:la-e374-n3777:facade:201700103708:4","cty-e374-n3777:la-e374-n3777:facade:201700103708:5","cty-e374-n3777:la-e374-n3777:facade:201700103708:6","cty-e374-n3777:la-e374-n3777:facade:201700103708:7","cty-e374-n3777:la-e374-n3777:facade:201700103708:8","cty-e374-n3777:la-e374-n3777:facade:201700103708:9"],"receiver_count":11,"periods":{"D":{"min":53.45444,"max":58.700714,"receiver_count":11,"unavailable_count":0},"E":{"min":51.235954,"max":56.482227,"receiver_count":11,"unavailable_count":0},"N":{"min":46.46474,"max":51.711014,"receiver_count":11,"unavailable_count":0}}}},{"type":"Feature","id":"dpw:201700103742@374780,3777312","geometry":{"type":"Polygon","coordinates":[[[-118.35784858357614,34.12924516980892],[-118.35795030477281,34.12925224046943],[-118.35795149016404,34.129240451185254],[-118.35807621201276,34.12924912056215],[-118.35808422938193,34.12916849412661],[-118.35805998166859,34.12916680886583],[-118.358058916763,34.12916673448839],[-118.3580638962972,34.12911719117935],[-118.35795943965977,34.129088759619826],[-118.35793688266929,34.12914721256418],[-118.35790800414252,34.12914664626859],[-118.35790724402266,34.12915420338687],[-118.35785806976165,34.12915078521481],[-118.35784858357614,34.12924516980892]]]},"properties":{"building_pk":282,"building_key":"dpw:201700103742@374780,3777312","source_tile":"cty-e374-n3777","source_tile_ids":["cty-e374-n3777"],"source_bld_id":"201700103742","height_m":7.099,"receiver_ids":[3567,3568,3569,3570,3571,3572,3573],"receiver_keys":["cty-e374-n3777:la-e374-n3777:facade:201700103742:0","cty-e374-n3777:la-e374-n3777:facade:201700103742:1","cty-e374-n3777:la-e374-n3777:facade:201700103742:2","cty-e374-n3777:la-e374-n3777:facade:201700103742:4","cty-e374-n3777:la-e374-n3777:facade:201700103742:5","cty-e374-n3777:la-e374-n3777:facade:201700103742:6","cty-e374-n3777:la-e374-n3777:facade:201700103742:7"],"receiver_count":7,"periods":{"D":{"min":55.674236,"max":61.455044,"receiver_count":7,"unavailable_count":0},"E":{"min":53.45575,"max":59.236557,"receiver_count":7,"unavailable_count":0},"N":{"min":48.68454,"max":54.465347,"receiver_count":7,"unavailable_count":0}}}},{"type":"Feature","id":"dpw:201700103747@374514,3777336","geometry":{"type":"Polygon","coordinates":[[[-118.36080765297523,34.12936103199342],[-118.36087135683971,34.12940668310029],[-118.36090218822308,34.12937693052549],[-118.36089640071923,34.129372783612915],[-118.36092195605262,34.1293481224315],[-118.36086114813162,34.12930454705602],[-118.36080928462808,34.12935451983886],[-118.36081221970683,34.1293566242769],[-118.36080765297523,34.12936103199342]]]},"properties":{"building_pk":284,"building_key":"dpw:201700103747@374514,3777336","source_tile":"cty-e374-n3777","source_tile_ids":["cty-e374-n3777"],"source_bld_id":"201700103747","height_m":3.274,"receiver_ids":[3492,3493,3494,3495],"receiver_keys":["cty-e374-n3777:la-e374-n3777:facade:201700103747:0","cty-e374-n3777:la-e374-n3777:facade:201700103747:1","cty-e374-n3777:la-e374-n3777:facade:201700103747:2","cty-e374-n3777:la-e374-n3777:facade:201700103747:3"],"receiver_count":4,"periods":{"D":{"min":60.93908,"max":61.66713,"receiver_count":4,"unavailable_count":0},"E":{"min":58.720592,"max":59.448643,"receiver_count":4,"unavailable_count":0},"N":{"min":53.949383,"max":54.67743,"receiver_count":4,"unavailable_count":0}}}},{"type":"Feature","id":"dpw:201700103759@374488,3777361","geometry":{"type":"Polygon","coordinates":[[[-118.36110046974973,34.129608321473526],[-118.36115460351905,34.129626133654675],[-118.36118336960423,34.129558483015195],[-118.36112773052335,34.129542537015546],[-118.36110046974973,34.129608321473526]]]},"properties":{"building_pk":287,"building_key":"dpw:201700103759@374488,3777361","source_tile":"cty-e374-n3777","source_tile_ids":["cty-e374-n3777"],"source_bld_id":"201700103759","height_m":3.853,"receiver_ids":[3515,3516,3517],"receiver_keys":["cty-e374-n3777:la-e374-n3777:facade:201700103759:0","cty-e374-n3777:la-e374-n3777:facade:201700103759:1","cty-e374-n3777:la-e374-n3777:facade:201700103759:2"],"receiver_count":3,"periods":{"D":{"min":61.058327,"max":61.426395,"receiver_count":3,"unavailable_count":0},"E":{"min":58.839836,"max":59.207905,"receiver_count":3,"unavailable_count":0},"N":{"min":54.068626,"max":54.436695,"receiver_count":3,"unavailable_count":0}}}},{"type":"Feature","id":"dpw:201700103771@374424,3777376","geometry":{"type":"Polygon","coordinates":[[[-118.3618151918737,34.12977484615002],[-118.36182006278108,34.129800644338154],[-118.36190938407692,34.12978898151966],[-118.36190411038125,34.12976105150765],[-118.3619523129545,34.12975475779991],[-118.36194071476163,34.12969332492801],[-118.36193817832074,34.129679890626626],[-118.3619174185564,34.12968260149934],[-118.36191294373016,34.129658900002646],[-118.36193147257428,34.129656480696084],[-118.3619294764791,34.129645906250644],[-118.36187452921016,34.129653080207355],[-118.3618736138201,34.12964822907995],[-118.36179861538555,34.129658020687344],[-118.36180110489784,34.12967113779153],[-118.36173618836155,34.12967961359222],[-118.36174511572946,34.129726899465304],[-118.36172950579893,34.12972893677225],[-118.36173301085996,34.12974750693236],[-118.3617478634293,34.12974556835595],[-118.3617533667661,34.1297747192681],[-118.36178852298121,34.12977012980724],[-118.36179003308385,34.129778130923796],[-118.3618151918737,34.12977484615002]]]},"properties":{"building_pk":292,"building_key":"dpw:201700103771@374424,3777376","source_tile":"cty-e374-n3777","source_tile_ids":["cty-e374-n3777"],"source_bld_id":"201700103771","height_m":10.622,"receiver_ids":[4058,4059,4060,4061,4062],"receiver_keys":["cty-e374-n3777:la-e374-n3777:facade:201700103771:0","cty-e374-n3777:la-e374-n3777:facade:201700103771:2","cty-e374-n3777:la-e374-n3777:facade:201700103771:4","cty-e374-n3777:la-e374-n3777:facade:201700103771:5","cty-e374-n3777:la-e374-n3777:facade:201700103771:7"],"receiver_count":5,"periods":{"D":{"min":59.07917,"max":61.1172,"receiver_count":5,"unavailable_count":0},"E":{"min":56.860683,"max":58.898712,"receiver_count":5,"unavailable_count":0},"N":{"min":52.08947,"max":54.1275,"receiver_count":5,"unavailable_count":0}}}},{"type":"Feature","id":"dpw:201700103805@374690,3777457","geometry":{"type":"Polygon","coordinates":[[[-118.358988316664,34.13051098185299],[-118.35898914019634,34.130516190282755],[-118.35902429250025,34.130512349913296],[-118.35900759290594,34.130406625951686],[-118.35894660421313,34.130413299938986],[-118.35895149089573,34.130444231537254],[-118.35893025757565,34.130446551134426],[-118.35893596225775,34.130482666838496],[-118.35895791510285,34.130480268473015],[-118.35896319967073,34.13051372589352],[-118.358988316664,34.13051098185299]]]},"properties":{"building_pk":297,"building_key":"dpw:201700103805@374690,3777457","source_tile":"cty-e374-n3777","source_tile_ids":["cty-e374-n3777"],"source_bld_id":"201700103805","height_m":5.697,"receiver_ids":[4658,4659,4660],"receiver_keys":["cty-e374-n3777:la-e374-n3777:facade:201700103805:0","cty-e374-n3777:la-e374-n3777:facade:201700103805:1","cty-e374-n3777:la-e374-n3777:facade:201700103805:3"],"receiver_count":3,"periods":{"D":{"min":59.819977,"max":61.283092,"receiver_count":3,"unavailable_count":0},"E":{"min":57.60149,"max":59.064606,"receiver_count":3,"unavailable_count":0},"N":{"min":52.830276,"max":54.293392,"receiver_count":3,"unavailable_count":0}}}},{"type":"Feature","id":"dpw:201700103825@374965,3777510","geometry":{"type":"Polygon","coordinates":[[[-118.35596815382394,34.13101648862182],[-118.3559901071272,34.131046473949375],[-118.35600263448677,34.13103737932695],[-118.35600477891758,34.13103942310276],[-118.35612168062674,34.13095455257673],[-118.3560495903312,34.13088599672377],[-118.35595722565161,34.130953052706005],[-118.35597684983908,34.13097174414742],[-118.35595169353576,34.130990006709105],[-118.35597436347427,34.13101160114141],[-118.35596815382394,34.13101648862182]]]},"properties":{"building_pk":308,"building_key":"dpw:201700103825@374965,3777510","source_tile":"cty-e374-n3777","source_tile_ids":["cty-e374-n3777"],"source_bld_id":"201700103825","height_m":4.249,"receiver_ids":[4576,4577,4578,4579,4580,4581],"receiver_keys":["cty-e374-n3777:la-e374-n3777:facade:201700103825:0","cty-e374-n3777:la-e374-n3777:facade:201700103825:1","cty-e374-n3777:la-e374-n3777:facade:201700103825:2","cty-e374-n3777:la-e374-n3777:facade:201700103825:3","cty-e374-n3777:la-e374-n3777:facade:201700103825:4","cty-e374-n3777:la-e374-n3777:facade:201700103825:5"],"receiver_count":6,"periods":{"D":{"min":62.408764,"max":64.81794,"receiver_count":6,"unavailable_count":0},"E":{"min":60.190277,"max":62.599457,"receiver_count":6,"unavailable_count":0},"N":{"min":55.419064,"max":57.828243,"receiver_count":6,"unavailable_count":0}}}},{"type":"Feature","id":"dpw:201700103826@374031,3777522","geometry":{"type":"Polygon","coordinates":[[[-118.36608237609326,34.1310554363989],[-118.36611617175339,34.131056227461784],[-118.36611635793246,34.13105071580948],[-118.36621434690662,34.1310530081813],[-118.36621683675558,34.13097942810279],[-118.36627397381378,34.13098076505141],[-118.36627617453983,34.13091568642895],[-118.36618907346904,34.130913616257814],[-118.36618870577541,34.130924464650654],[-118.36604056458015,34.13092099888639],[-118.36604145918601,34.13089455593505],[-118.36595058297904,34.13089242940909],[-118.36594534084927,34.13104735617751],[-118.36608254123138,34.13105056580232],[-118.36608237609326,34.1310554363989]]]},"properties":{"building_pk":309,"building_key":"dpw:201700103826@374031,3777522","source_tile":"cty-e374-n3777","source_tile_ids":["cty-e374-n3777"],"source_bld_id":"201700103826","height_m":5.922,"receiver_ids":[6261,6262,6263,6264,6265,6266,6267,6268,6269,6270],"receiver_keys":["cty-e374-n3777:la-e374-n3777:facade:201700103826:0","cty-e374-n3777:la-e374-n3777:facade:201700103826:1","cty-e374-n3777:la-e374-n3777:facade:201700103826:2","cty-e374-n3777:la-e374-n3777:facade:201700103826:3","cty-e374-n3777:la-e374-n3777:facade:201700103826:4","cty-e374-n3777:la-e374-n3777:facade:201700103826:5","cty-e374-n3777:la-e374-n3777:facade:201700103826:6","cty-e374-n3777:la-e374-n3777:facade:201700103826:7","cty-e374-n3777:la-e374-n3777:facade:201700103826:8","cty-e374-n3777:la-e374-n3777:facade:201700103826:9"],"receiver_count":10,"periods":{"D":{"min":51.352192,"max":58.34209,"receiver_count":10,"unavailable_count":0},"E":{"min":49.133705,"max":56.123604,"receiver_count":10,"unavailable_count":0},"N":{"min":44.36249,"max":51.352394,"receiver_count":10,"unavailable_count":0}}}},{"type":"Feature","id":"dpw:201700103841@374689,3777550","geometry":{"type":"Polygon","coordinates":[[[-118.35904284156607,34.13133030222611],[-118.35909522114122,34.131388569740416],[-118.3591479176176,34.131355811847705],[-118.35913618111202,34.13134275552073],[-118.35914820234804,34.13133528213461],[-118.35913965433068,34.13132577289213],[-118.35912744171421,34.13133336494718],[-118.35899316830506,34.131183998012354],[-118.35897488574382,34.13117873324968],[-118.35886817372507,34.131245069568685],[-118.35887806702887,34.13125607589282],[-118.35885488411641,34.13127048815212],[-118.35885802465849,34.13127398219566],[-118.35883480713494,34.13128841528916],[-118.3588854751993,34.131344779423884],[-118.35889739489575,34.131337386600876],[-118.35893773568462,34.131382911562326],[-118.3589445215174,34.1313829734513],[-118.3590021179944,34.13134635512053],[-118.35901604505636,34.13134138596222],[-118.35902508680411,34.13133787827765],[-118.35904284156607,34.13133030222611]]]},"properties":{"building_pk":314,"building_key":"dpw:201700103841@374689,3777550","source_tile":"cty-e374-n3777","source_tile_ids":["cty-e374-n3777"],"source_bld_id":"201700103841","height_m":13.478,"receiver_ids":[4697,4698,4699,4700,4701,4702,4703,4704,4705],"receiver_keys":["cty-e374-n3777:la-e374-n3777:facade:201700103841:0","cty-e374-n3777:la-e374-n3777:facade:201700103841:1","cty-e374-n3777:la-e374-n3777:facade:201700103841:2","cty-e374-n3777:la-e374-n3777:facade:201700103841:3","cty-e374-n3777:la-e374-n3777:facade:201700103841:4","cty-e374-n3777:la-e374-n3777:facade:201700103841:5","cty-e374-n3777:la-e374-n3777:facade:201700103841:6","cty-e374-n3777:la-e374-n3777:facade:201700103841:7","cty-e374-n3777:la-e374-n3777:facade:201700103841:8"],"receiver_count":9,"periods":{"D":{"min":47.620144,"max":59.59963,"receiver_count":9,"unavailable_count":0},"E":{"min":45.401657,"max":57.38114,"receiver_count":9,"unavailable_count":0},"N":{"min":40.630444,"max":52.60993,"receiver_count":9,"unavailable_count":0}}}},{"type":"Feature","id":"dpw:201700103882@374131,3777637","geometry":{"type":"Polygon","coordinates":[[[-118.36489664341691,34.132009411730934],[-118.3649553090094,34.132138445433455],[-118.3650539181225,34.13210744135713],[-118.36505554915496,34.132111028149964],[-118.36508273347823,34.132102481528115],[-118.36505772281765,34.13204747232657],[-118.36516279196893,34.13201443822606],[-118.36512615386636,34.131933856039986],[-118.3651002471306,34.131942001235544],[-118.36510159902497,34.131944974023405],[-118.36489664341691,34.132009411730934]]]},"properties":{"building_pk":330,"building_key":"dpw:201700103882@374131,3777637","source_tile":"cty-e374-n3777","source_tile_ids":["cty-e374-n3777"],"source_bld_id":"201700103882","height_m":3.74,"receiver_ids":[4384,4385,4386,4387,4388,4389,4390],"receiver_keys":["cty-e374-n3777:la-e374-n3777:facade:201700103882:0","cty-e374-n3777:la-e374-n3777:facade:201700103882:1","cty-e374-n3777:la-e374-n3777:facade:201700103882:2","cty-e374-n3777:la-e374-n3777:facade:201700103882:4","cty-e374-n3777:la-e374-n3777:facade:201700103882:5","cty-e374-n3777:la-e374-n3777:facade:201700103882:6","cty-e374-n3777:la-e374-n3777:facade:201700103882:7"],"receiver_count":7,"periods":{"D":{"min":56.093235,"max":62.230957,"receiver_count":7,"unavailable_count":0},"E":{"min":53.87475,"max":60.01247,"receiver_count":7,"unavailable_count":0},"N":{"min":49.10354,"max":55.24126,"receiver_count":7,"unavailable_count":0}}}},{"type":"Feature","id":"dpw:201700103962@374689,3777759","geometry":{"type":"Polygon","coordinates":[[[-118.35888020445636,34.133197477791136],[-118.35896203535444,34.133265915597825],[-118.35899038829074,34.13324247260834],[-118.35901763990101,34.13326526453201],[-118.35905892853678,34.13323112695415],[-118.35906160952342,34.13323336922339],[-118.35910065322784,34.13320108734925],[-118.35906979142602,34.133175276107366],[-118.35909799954186,34.133151953426925],[-118.35903933127592,34.13310288762943],[-118.35898403756156,34.13314862448081],[-118.35896179216483,34.1331300197408],[-118.35888020445636,34.133197477791136]]]},"properties":{"building_pk":350,"building_key":"dpw:201700103962@374689,3777759","source_tile":"cty-e374-n3777","source_tile_ids":["cty-e374-n3777"],"source_bld_id":"201700103962","height_m":7.583,"receiver_ids":[5098,5099,5100,5101],"receiver_keys":["cty-e374-n3777:la-e374-n3777:facade:201700103962:0","cty-e374-n3777:la-e374-n3777:facade:201700103962:2","cty-e374-n3777:la-e374-n3777:facade:201700103962:4","cty-e374-n3777:la-e374-n3777:facade:201700103962:6"],"receiver_count":4,"periods":{"D":{"min":61.4099,"max":66.67489,"receiver_count":4,"unavailable_count":0},"E":{"min":59.19141,"max":64.456406,"receiver_count":4,"unavailable_count":0},"N":{"min":54.4202,"max":59.685192,"receiver_count":4,"unavailable_count":0}}}},{"type":"Feature","id":"dpw:201700103968@374322,3777784","geometry":{"type":"Polygon","coordinates":[[[-118.3630037559899,34.13342610021347],[-118.36300797362914,34.1334393933139],[-118.36304114756197,34.133432115656845],[-118.36303960538558,34.13342725650309],[-118.36311717114124,34.13341023962848],[-118.3631038883353,34.13336837524542],[-118.36307601848479,34.133374488431656],[-118.3630581245286,34.133318086205186],[-118.3629904120132,34.13333294041998],[-118.36299448930164,34.133345871524874],[-118.3629823550739,34.13334853413702],[-118.36297857271,34.13333660916149],[-118.36293111024375,34.13334702106937],[-118.36293605885825,34.1333626235152],[-118.3629509182287,34.13335936312074],[-118.36297094567746,34.13342249162559],[-118.3629904159157,34.13341821938067],[-118.36299362119782,34.133428324085045],[-118.3630037559899,34.13342610021347]]]},"properties":{"building_pk":353,"building_key":"dpw:201700103968@374322,3777784","source_tile":"cty-e374-n3777","source_tile_ids":["cty-e374-n3777"],"source_bld_id":"201700103968","height_m":7.577,"receiver_ids":[5286,5287,5288,5289,5290,5291],"receiver_keys":["cty-e374-n3777:la-e374-n3777:facade:201700103968:0","cty-e374-n3777:la-e374-n3777:facade:201700103968:1","cty-e374-n3777:la-e374-n3777:facade:201700103968:2","cty-e374-n3777:la-e374-n3777:facade:201700103968:3","cty-e374-n3777:la-e374-n3777:facade:201700103968:4","cty-e374-n3777:la-e374-n3777:facade:201700103968:5"],"receiver_count":6,"periods":{"D":{"min":49.27091,"max":60.31871,"receiver_count":6,"unavailable_count":0},"E":{"min":47.05242,"max":58.100224,"receiver_count":6,"unavailable_count":0},"N":{"min":42.28121,"max":53.32901,"receiver_count":6,"unavailable_count":0}}}},{"type":"Feature","id":"dpw:201700103975@374658,3777784","geometry":{"type":"Polygon","coordinates":[[[-118.35925618535252,34.13351173432803],[-118.35938087292253,34.133541678722196],[-118.3594072248702,34.13346588219633],[-118.35941573996645,34.13346792950844],[-118.35943974121696,34.13339889517161],[-118.35942520066426,34.13339539897936],[-118.35944291030053,34.133344461844],[-118.359382063167,34.133329833238484],[-118.35936402151746,34.13338172607811],[-118.35934503137011,34.13338977735171],[-118.35931785928194,34.13338324446035],[-118.35930059292035,34.13343290638974],[-118.35928490306345,34.13342913502231],[-118.35925618535252,34.13351173432803]]]},"properties":{"building_pk":356,"building_key":"dpw:201700103975@374658,3777784","source_tile":"cty-e374-n3777","source_tile_ids":["cty-e374-n3777"],"source_bld_id":"201700103975","height_m":8.15,"receiver_ids":[5910,5911,5912,5913,5914,5915,5916],"receiver_keys":["cty-e374-n3777:la-e374-n3777:facade:201700103975:0","cty-e374-n3777:la-e374-n3777:facade:201700103975:1","cty-e374-n3777:la-e374-n3777:facade:201700103975:2","cty-e374-n3777:la-e374-n3777:facade:201700103975:3","cty-e374-n3777:la-e374-n3777:facade:201700103975:4","cty-e374-n3777:la-e374-n3777:facade:201700103975:5","cty-e374-n3777:la-e374-n3777:facade:201700103975:6"],"receiver_count":7,"periods":{"D":{"min":63.67943,"max":68.68811,"receiver_count":7,"unavailable_count":0},"E":{"min":61.46094,"max":66.46962,"receiver_count":7,"unavailable_count":0},"N":{"min":56.689728,"max":61.69841,"receiver_count":7,"unavailable_count":0}}}},{"type":"Feature","id":"dpw:201700103983@374315,3777811","geometry":{"type":"Polygon","coordinates":[[[-118.36302948937875,34.13359555853563],[-118.3630477731558,34.13366581980691],[-118.36309289306259,34.133657686760436],[-118.36308302291111,34.13361975814586],[-118.36312602064649,34.13361202182632],[-118.36311761027618,34.13357970179098],[-118.36302948937875,34.13359555853563]]]},"properties":{"building_pk":359,"building_key":"dpw:201700103983@374315,3777811","source_tile":"cty-e374-n3777","source_tile_ids":["cty-e374-n3777"],"source_bld_id":"201700103983","height_m":4.901,"receiver_ids":[5345,5346,5347,5348],"receiver_keys":["cty-e374-n3777:la-e374-n3777:facade:201700103983:0","cty-e374-n3777:la-e374-n3777:facade:201700103983:1","cty-e374-n3777:la-e374-n3777:facade:201700103983:2","cty-e374-n3777:la-e374-n3777:facade:201700103983:3"],"receiver_count":4,"periods":{"D":{"min":54.70314,"max":57.52984,"receiver_count":4,"unavailable_count":0},"E":{"min":52.484653,"max":55.31135,"receiver_count":4,"unavailable_count":0},"N":{"min":47.71344,"max":50.54014,"receiver_count":4,"unavailable_count":0}}}},{"type":"Feature","id":"dpw:201700103993@374388,3777819","geometry":{"type":"Polygon","coordinates":[[[-118.36231827353986,34.13375830462024],[-118.36233395003688,34.13379546220807],[-118.36239116857355,34.133767152848755],[-118.36238391605397,34.133743515588776],[-118.36237675732876,34.1337445125116],[-118.36235379218695,34.133676884134985],[-118.36233880548842,34.13367955162694],[-118.36232340044259,34.13363823263882],[-118.36231043367954,34.13364043248627],[-118.36231816959115,34.133667795250396],[-118.36230349566583,34.13367008586002],[-118.36228284580449,34.13360733054375],[-118.36222304353589,34.133623322699215],[-118.3622454652403,34.133684661812346],[-118.36222858216529,34.133687538720686],[-118.36224024559426,34.133722070452485],[-118.36224226945829,34.13372175966837],[-118.36224660216986,34.133732360464585],[-118.3622604485365,34.133728986892926],[-118.3622750874778,34.13376889998635],[-118.36231827353986,34.13375830462024]]]},"properties":{"building_pk":361,"building_key":"dpw:201700103993@374388,3777819","source_tile":"cty-e374-n3777","source_tile_ids":["cty-e374-n3777"],"source_bld_id":"201700103993","height_m":3.749,"receiver_ids":[5328,5329,5330,5331,5332,5333],"receiver_keys":["cty-e374-n3777:la-e374-n3777:facade:201700103993:0","cty-e374-n3777:la-e374-n3777:facade:201700103993:2","cty-e374-n3777:la-e374-n3777:facade:201700103993:4","cty-e374-n3777:la-e374-n3777:facade:201700103993:5","cty-e374-n3777:la-e374-n3777:facade:201700103993:6","cty-e374-n3777:la-e374-n3777:facade:201700103993:7"],"receiver_count":6,"periods":{"D":{"min":50.376915,"max":57.64131,"receiver_count":6,"unavailable_count":0},"E":{"min":48.158424,"max":55.422825,"receiver_count":6,"unavailable_count":0},"N":{"min":43.387215,"max":50.65161,"receiver_count":6,"unavailable_count":0}}}},{"type":"Feature","id":"dpw:201700104027@374445,3777891","geometry":{"type":"Polygon","coordinates":[[[-118.36176733745563,34.13445482332047],[-118.36178513771978,34.134473944810225],[-118.36187418395276,34.13441662637966],[-118.36169512409384,34.13422430757395],[-118.36159355382252,34.13428968700542],[-118.36161212954069,34.13430964102273],[-118.36160985154356,34.134311107423784],[-118.361643095941,34.134346819672565],[-118.36165264471961,34.134340673282814],[-118.36165098255374,34.13433888780582],[-118.36165364220018,34.134337175945966],[-118.3616481906044,34.134331320554],[-118.36165110648521,34.13432944384811],[-118.36166417725906,34.134343485828424],[-118.36165751625227,34.134347773627844],[-118.36169247513743,34.1343853279803],[-118.36169876855105,34.13438127657974],[-118.36173713894934,34.134422496272535],[-118.36172896864186,34.1344277550389],[-118.36175910228101,34.13446012465513],[-118.36176733745563,34.13445482332047]]]},"properties":{"building_pk":371,"building_key":"dpw:201700104027@374445,3777891","source_tile":"cty-e374-n3777","source_tile_ids":["cty-e374-n3777"],"source_bld_id":"201700104027","height_m":7.806,"receiver_ids":[6015,6016,6017,6018,6019,6020],"receiver_keys":["cty-e374-n3777:la-e374-n3777:facade:201700104027:0","cty-e374-n3777:la-e374-n3777:facade:201700104027:1","cty-e374-n3777:la-e374-n3777:facade:201700104027:2","cty-e374-n3777:la-e374-n3777:facade:201700104027:3","cty-e374-n3777:la-e374-n3777:facade:201700104027:7","cty-e374-n3777:la-e374-n3777:facade:201700104027:8"],"receiver_count":6,"periods":{"D":{"min":51.109768,"max":69.22185,"receiver_count":6,"unavailable_count":0},"E":{"min":48.89128,"max":67.00336,"receiver_count":6,"unavailable_count":0},"N":{"min":44.120068,"max":62.232147,"receiver_count":6,"unavailable_count":0}}}},{"type":"Feature","id":"dpw:201700104067@374132,3777992","geometry":{"type":"Polygon","coordinates":[[[-118.36507118300263,34.13528940502843],[-118.36510867548138,34.13530687805164],[-118.36519192241632,34.135183369499586],[-118.36511286683799,34.13514652453275],[-118.36508462161223,34.13516906529832],[-118.36502754512381,34.135253744936044],[-118.36507904225486,34.13527774516893],[-118.36507118300263,34.13528940502843]]]},"properties":{"building_pk":385,"building_key":"dpw:201700104067@374132,3777992","source_tile":"cty-e374-n3777","source_tile_ids":["cty-e374-n3777"],"source_bld_id":"201700104067","height_m":7.934,"receiver_ids":[5673,5674,5675,5676],"receiver_keys":["cty-e374-n3777:la-e374-n3777:facade:201700104067:0","cty-e374-n3777:la-e374-n3777:facade:201700104067:2","cty-e374-n3777:la-e374-n3777:facade:201700104067:3","cty-e374-n3777:la-e374-n3777:facade:201700104067:4"],"receiver_count":4,"periods":{"D":{"min":55.00262,"max":67.9441,"receiver_count":4,"unavailable_count":0},"E":{"min":52.784134,"max":65.72561,"receiver_count":4,"unavailable_count":0},"N":{"min":48.01292,"max":60.9544,"receiver_count":4,"unavailable_count":0}}}},{"type":"Feature","id":"dpw:453803870792@374926,3777679","geometry":{"type":"Polygon","coordinates":[[[-118.35642589969724,34.13246013887427],[-118.35639044881529,34.1325080842871],[-118.35646429923028,34.13254586985365],[-118.356499783694,34.132497924320006],[-118.35642589969724,34.13246013887427]]]},"properties":{"building_pk":1522,"building_key":"dpw:453803870792@374926,3777679","source_tile":"cty-e374-n3777","source_tile_ids":["cty-e374-n3777"],"source_bld_id":"453803870792","height_m":2.377,"receiver_ids":[5805,5806,5807,5808],"receiver_keys":["cty-e374-n3777:la-e374-n3777:facade:453803870792:0","cty-e374-n3777:la-e374-n3777:facade:453803870792:1","cty-e374-n3777:la-e374-n3777:facade:453803870792:2","cty-e374-n3777:la-e374-n3777:facade:453803870792:3"],"receiver_count":4,"periods":{"D":{"min":67.90499,"max":68.31856,"receiver_count":4,"unavailable_count":0},"E":{"min":65.6865,"max":66.100075,"receiver_count":4,"unavailable_count":0},"N":{"min":60.91529,"max":61.328857,"receiver_count":4,"unavailable_count":0}}}},{"type":"Feature","id":"dpw:450979870637@374066,3777639","geometry":{"type":"Polygon","coordinates":[[[-118.36575170637006,34.132025042990975],[-118.36573961723808,34.132033736117286],[-118.36573758465059,34.132045172840094],[-118.36574192491942,34.132055189293546],[-118.36575424558029,34.13206174764951],[-118.36576888462898,34.132061730398796],[-118.36578240082453,34.13205435279957],[-118.36578585601121,34.13204346080634],[-118.36578239907145,34.13203140781656],[-118.36576762686192,34.13202353883653],[-118.36575170637006,34.132025042990975]]]},"properties":{"building_pk":1550,"building_key":"dpw:450979870637@374066,3777639","source_tile":"cty-e374-n3777","source_tile_ids":["cty-e374-n3777"],"source_bld_id":"450979870637","height_m":3.859,"receiver_ids":[6343,6344,6345,6346],"receiver_keys":["cty-e374-n3777:la-e374-n3777:facade:450979870637:0","cty-e374-n3777:la-e374-n3777:facade:450979870637:1","cty-e374-n3777:la-e374-n3777:facade:450979870637:2","cty-e374-n3777:la-e374-n3777:facade:450979870637:3"],"receiver_count":4,"periods":{"D":{"min":54.371605,"max":54.857254,"receiver_count":4,"unavailable_count":0},"E":{"min":52.15312,"max":52.638767,"receiver_count":4,"unavailable_count":0},"N":{"min":47.381905,"max":47.867554,"receiver_count":4,"unavailable_count":0}}}},{"type":"Feature","id":"dpw:453850870450@374944,3777575","geometry":{"type":"Polygon","coordinates":[[[-118.35630704509593,34.13146979370274],[-118.35614878144936,34.131544068830365],[-118.35617232471209,34.13157873201648],[-118.35618492313164,34.131572815078535],[-118.35621295482395,34.131614115658],[-118.35623257740576,34.13160490724419],[-118.35624557979276,34.13162407613795],[-118.35637162352403,34.13156490013643],[-118.35630704509593,34.13146979370274]]]},"properties":{"building_pk":1553,"building_key":"dpw:453850870450@374944,3777575","source_tile":"cty-e374-n3777","source_tile_ids":["cty-e374-n3777"],"source_bld_id":"453850870450","height_m":5.742,"receiver_ids":[4644,4645,4646,4647,4648],"receiver_keys":["cty-e374-n3777:la-e374-n3777:facade:453850870450:0","cty-e374-n3777:la-e374-n3777:facade:453850870450:2","cty-e374-n3777:la-e374-n3777:facade:453850870450:3","cty-e374-n3777:la-e374-n3777:facade:453850870450:4","cty-e374-n3777:la-e374-n3777:facade:453850870450:5"],"receiver_count":5,"periods":{"D":{"min":62.67135,"max":65.66605,"receiver_count":5,"unavailable_count":0},"E":{"min":60.45286,"max":63.447563,"receiver_count":5,"unavailable_count":0},"N":{"min":55.68165,"max":58.67635,"receiver_count":5,"unavailable_count":0}}}},{"type":"Feature","id":"dpw:451239868999@374141,3777136","geometry":{"type":"Polygon","coordinates":[[[-118.36492498677093,34.12764804330444],[-118.36497224588004,34.12758937020954],[-118.3649659864212,34.12758589926549],[-118.36501863555453,34.127520533103535],[-118.36498680324075,34.127502795052244],[-118.36499485548671,34.127492796145695],[-118.36486014326034,34.127417746134114],[-118.36486559815363,34.12741099699905],[-118.36484873872739,34.127401595289506],[-118.3647700608666,34.12749927253743],[-118.36477883832546,34.12750416482636],[-118.36478560859868,34.12749576371792],[-118.3648424485415,34.12752743981017],[-118.36483764927229,34.12753339000765],[-118.36480286981465,34.127514012796496],[-118.36476619365996,34.127559573506026],[-118.36492498677093,34.12764804330444]]]},"properties":{"building_pk":1554,"building_key":"dpw:451239868999@374141,3777136","source_tile":"cty-e374-n3777","source_tile_ids":["cty-e374-n3777"],"source_bld_id":"451239868999","height_m":3.572,"receiver_ids":[3056,3057,3058,3059,3060,3061,3062],"receiver_keys":["cty-e374-n3777:la-e374-n3777:facade:451239868999:0","cty-e374-n3777:la-e374-n3777:facade:451239868999:1","cty-e374-n3777:la-e374-n3777:facade:451239868999:2","cty-e374-n3777:la-e374-n3777:facade:451239868999:3","cty-e374-n3777:la-e374-n3777:facade:451239868999:4","cty-e374-n3777:la-e374-n3777:facade:451239868999:7","cty-e374-n3777:la-e374-n3777:facade:451239868999:8"],"receiver_count":7,"periods":{"D":{"min":43.146698,"max":50.864742,"receiver_count":7,"unavailable_count":0},"E":{"min":40.92821,"max":48.64625,"receiver_count":7,"unavailable_count":0},"N":{"min":36.156998,"max":43.875042,"receiver_count":7,"unavailable_count":0}}}},{"type":"Feature","id":"dpw:451544868904@374232,3777109","geometry":{"type":"Polygon","coordinates":[[[-118.3638362775814,34.12716687259298],[-118.36373269405735,34.12725154465085],[-118.36380685023867,34.127314302749156],[-118.3637819260315,34.12733468485747],[-118.36384822306844,34.12739078981142],[-118.36388358465503,34.12736191265068],[-118.36387933993576,34.12735829855165],[-118.3639592826083,34.12729295976832],[-118.36396309745089,34.12729619110481],[-118.36402121082482,34.127248725143644],[-118.3639510009065,34.127189280157516],[-118.36390609016262,34.127225961833666],[-118.3638362775814,34.12716687259298]]]},"properties":{"building_pk":1562,"building_key":"dpw:451544868904@374232,3777109","source_tile":"cty-e374-n3777","source_tile_ids":["cty-e374-n3777"],"source_bld_id":"451544868904","height_m":4.81,"receiver_ids":[3107,3108,3109,3110,3111,3112,3113,3114,3115],"receiver_keys":["cty-e374-n3777:la-e374-n3777:facade:451544868904:0","cty-e374-n3777:la-e374-n3777:facade:451544868904:1","cty-e374-n3777:la-e374-n3777:facade:451544868904:2","cty-e374-n3777:la-e374-n3777:facade:451544868904:3","cty-e374-n3777:la-e374-n3777:facade:451544868904:4","cty-e374-n3777:la-e374-n3777:facade:451544868904:5","cty-e374-n3777:la-e374-n3777:facade:451544868904:6","cty-e374-n3777:la-e374-n3777:facade:451544868904:7","cty-e374-n3777:la-e374-n3777:facade:451544868904:8"],"receiver_count":9,"periods":{"D":{"min":40.89795,"max":52.922657,"receiver_count":9,"unavailable_count":0},"E":{"min":38.679462,"max":50.70417,"receiver_count":9,"unavailable_count":0},"N":{"min":33.90825,"max":45.932957,"receiver_count":9,"unavailable_count":0}}}},{"type":"Feature","id":"dpw:451861869085@374330,3777162","geometry":{"type":"Polygon","coordinates":[[[-118.3628799095779,34.127734438014876],[-118.36285994747034,34.12773348191378],[-118.36286122311246,34.12771517691082],[-118.3628051035661,34.127712460459925],[-118.36280382899182,34.127730764557526],[-118.36278575026856,34.127729884830714],[-118.36277405143267,34.12789688163864],[-118.36286820984547,34.12790143483517],[-118.3628799095779,34.127734438014876]]]},"properties":{"building_pk":1566,"building_key":"dpw:451861869085@374330,3777162","source_tile":"cty-e374-n3777","source_tile_ids":["cty-e374-n3777"],"source_bld_id":"451861869085","height_m":6.312,"receiver_ids":[3944,3945,3946,3947,3948,3949],"receiver_keys":["cty-e374-n3777:la-e374-n3777:facade:451861869085:0","cty-e374-n3777:la-e374-n3777:facade:451861869085:1","cty-e374-n3777:la-e374-n3777:facade:451861869085:2","cty-e374-n3777:la-e374-n3777:facade:451861869085:3","cty-e374-n3777:la-e374-n3777:facade:451861869085:4","cty-e374-n3777:la-e374-n3777:facade:451861869085:5"],"receiver_count":6,"periods":{"D":{"min":42.286613,"max":51.721264,"receiver_count":6,"unavailable_count":0},"E":{"min":40.068127,"max":49.502777,"receiver_count":6,"unavailable_count":0},"N":{"min":35.296913,"max":44.731564,"receiver_count":6,"unavailable_count":0}}}},{"type":"Feature","id":"dpw:453345870682@374789,3777655","geometry":{"type":"Polygon","coordinates":[[[-118.35790433355645,34.132277680157166],[-118.35791204190106,34.132272133624646],[-118.35791851619976,34.13226373377941],[-118.3579212600299,34.13225636101072],[-118.35792162952362,34.13224998515853],[-118.35799040677203,34.132229584383396],[-118.35798419883714,34.13221512140291],[-118.35804663973974,34.132196608244364],[-118.35801546505381,34.13212390879746],[-118.35771976069533,34.13221156247455],[-118.35779359275689,34.13238377345024],[-118.35789566955262,34.13235349249699],[-118.35790424861986,34.13237355330803],[-118.35794081580546,34.13236270143054],[-118.35790433355645,34.132277680157166]]]},"properties":{"building_pk":1578,"building_key":"dpw:453345870682@374789,3777655","source_tile":"cty-e374-n3777","source_tile_ids":["cty-e374-n3777"],"source_bld_id":"453345870682","height_m":9.842,"receiver_ids":[4866,4867,4868,4869,4870,4871,4872,4873,4874,4875,4876],"receiver_keys":["cty-e374-n3777:la-e374-n3777:facade:453345870682:0","cty-e374-n3777:la-e374-n3777:facade:453345870682:1","cty-e374-n3777:la-e374-n3777:facade:453345870682:10","cty-e374-n3777:la-e374-n3777:facade:453345870682:2","cty-e374-n3777:la-e374-n3777:facade:453345870682:3","cty-e374-n3777:la-e374-n3777:facade:453345870682:4","cty-e374-n3777:la-e374-n3777:facade:453345870682:5","cty-e374-n3777:la-e374-n3777:facade:453345870682:6","cty-e374-n3777:la-e374-n3777:facade:453345870682:7","cty-e374-n3777:la-e374-n3777:facade:453345870682:8","cty-e374-n3777:la-e374-n3777:facade:453345870682:9"],"receiver_count":11,"periods":{"D":{"min":57.79461,"max":65.617714,"receiver_count":11,"unavailable_count":0},"E":{"min":55.576122,"max":63.399227,"receiver_count":11,"unavailable_count":0},"N":{"min":50.80491,"max":58.628014,"receiver_count":11,"unavailable_count":0}}}},{"type":"Feature","id":"dpw:451550871778@374241,3777985","geometry":{"type":"Polygon","coordinates":[[[-118.36381284987382,34.13514600862921],[-118.36380692945293,34.135220549202316],[-118.36394271418135,34.13522799914952],[-118.36394238005329,34.1352349248522],[-118.36400329298452,34.13523702232775],[-118.36401586301004,34.13521711733013],[-118.36402059337156,34.13515739166222],[-118.36390235929142,34.13515090499981],[-118.3639030491992,34.135142274323506],[-118.3638751520153,34.13514073734181],[-118.3638744622224,34.135149395063706],[-118.36381284987382,34.13514600862921]]]},"properties":{"building_pk":1591,"building_key":"dpw:451550871778@374241,3777985","source_tile":"cty-e374-n3777","source_tile_ids":["cty-e374-n3777"],"source_bld_id":"451550871778","height_m":5.011,"receiver_ids":[5655,5656,5657,5658,5659,5660],"receiver_keys":["cty-e374-n3777:la-e374-n3777:facade:451550871778:0","cty-e374-n3777:la-e374-n3777:facade:451550871778:1","cty-e374-n3777:la-e374-n3777:facade:451550871778:2","cty-e374-n3777:la-e374-n3777:facade:451550871778:3","cty-e374-n3777:la-e374-n3777:facade:451550871778:4","cty-e374-n3777:la-e374-n3777:facade:451550871778:5"],"receiver_count":6,"periods":{"D":{"min":64.97388,"max":69.13139,"receiver_count":6,"unavailable_count":0},"E":{"min":62.755394,"max":66.9129,"receiver_count":6,"unavailable_count":0},"N":{"min":57.98418,"max":62.14169,"receiver_count":6,"unavailable_count":0}}}},{"type":"Feature","id":"dpw:451904871006@374354,3777751","geometry":{"type":"Polygon","coordinates":[[[-118.36275090001647,34.13312299125823],[-118.36274963259329,34.13313547051347],[-118.36279984321234,34.13313902874014],[-118.36280421703857,34.13309614939066],[-118.36279562250333,34.133095543209656],[-118.36280212259871,34.133032239496885],[-118.36261023713746,34.13301863591835],[-118.36260598904703,34.13306003185698],[-118.36259805487776,34.13305945162863],[-118.36259348690673,34.13306509812657],[-118.36259090383967,34.13307145358807],[-118.36259034798282,34.133080522902006],[-118.36259170364092,34.13308837842405],[-118.36259453659952,34.13309389273406],[-118.36259295136577,34.133109340796565],[-118.36260088445945,34.13310992193005],[-118.36260044133034,34.13311423710783],[-118.36262192718853,34.13311576656902],[-118.36262211736071,34.13311387006892],[-118.36275090001647,34.13312299125823]]]},"properties":{"building_pk":1597,"building_key":"dpw:451904871006@374354,3777751","source_tile":"cty-e374-n3777","source_tile_ids":["cty-e374-n3777"],"source_bld_id":"451904871006","height_m":6.361,"receiver_ids":[4516,4517,4518,4519,4520,4521,4522],"receiver_keys":["cty-e374-n3777:la-e374-n3777:facade:451904871006:0","cty-e374-n3777:la-e374-n3777:facade:451904871006:1","cty-e374-n3777:la-e374-n3777:facade:451904871006:2","cty-e374-n3777:la-e374-n3777:facade:451904871006:3","cty-e374-n3777:la-e374-n3777:facade:451904871006:4","cty-e374-n3777:la-e374-n3777:facade:451904871006:5","cty-e374-n3777:la-e374-n3777:facade:451904871006:6"],"receiver_count":7,"periods":{"D":{"min":58.318924,"max":61.888565,"receiver_count":7,"unavailable_count":0},"E":{"min":56.100437,"max":59.67008,"receiver_count":7,"unavailable_count":0},"N":{"min":51.329224,"max":54.898865,"receiver_count":7,"unavailable_count":0}}}},{"type":"Feature","id":"dpw:451602870954@374257,3777734","geometry":{"type":"Polygon","coordinates":[[[-118.3636824396538,34.13294836662228],[-118.36374102935802,34.13293343399155],[-118.36372524560171,34.13289066935587],[-118.36366665604234,34.13290562902463],[-118.3636824396538,34.13294836662228]]]},"properties":{"building_pk":1618,"building_key":"dpw:451602870954@374257,3777734","source_tile":"cty-e374-n3777","source_tile_ids":["cty-e374-n3777"],"source_bld_id":"451602870954","height_m":0.472,"receiver_ids":[4456,4457,4458,4459],"receiver_keys":["cty-e374-n3777:la-e374-n3777:facade:451602870954:0","cty-e374-n3777:la-e374-n3777:facade:451602870954:1","cty-e374-n3777:la-e374-n3777:facade:451602870954:2","cty-e374-n3777:la-e374-n3777:facade:451602870954:3"],"receiver_count":4,"periods":{"D":{"min":60.75527,"max":60.985416,"receiver_count":4,"unavailable_count":0},"E":{"min":58.53678,"max":58.766926,"receiver_count":4,"unavailable_count":0},"N":{"min":53.765568,"max":53.995716,"receiver_count":4,"unavailable_count":0}}}},{"type":"Feature","id":"dpw:451885868743@374333,3777059","geometry":{"type":"Polygon","coordinates":[[[-118.36290880126265,34.12684670199825],[-118.36285845660628,34.12680390399196],[-118.36285068630474,34.126810220037484],[-118.36282365587212,34.126787191217026],[-118.36283274406908,34.12677979929115],[-118.36278293042028,34.126737439609045],[-118.36273357342174,34.12677756904429],[-118.36272150122991,34.12676732866879],[-118.36261169196052,34.1268566613547],[-118.36269775534085,34.126929881887044],[-118.36266202999956,34.1269589247723],[-118.36272056705192,34.12700873295821],[-118.36286244622107,34.126893363113645],[-118.36285704058369,34.12688876257806],[-118.36290880126265,34.12684670199825]]]},"properties":{"building_pk":1627,"building_key":"dpw:451885868743@374333,3777059","source_tile":"cty-e374-n3777","source_tile_ids":["cty-e374-n3777"],"source_bld_id":"451885868743","height_m":4.749,"receiver_ids":[2871,2872,2873,2874,2875,2876,2877],"receiver_keys":["cty-e374-n3777:la-e374-n3777:facade:451885868743:0","cty-e374-n3777:la-e374-n3777:facade:451885868743:1","cty-e374-n3777:la-e374-n3777:facade:451885868743:2","cty-e374-n3777:la-e374-n3777:facade:451885868743:5","cty-e374-n3777:la-e374-n3777:facade:451885868743:6","cty-e374-n3777:la-e374-n3777:facade:451885868743:7","cty-e374-n3777:la-e374-n3777:facade:451885868743:9"],"receiver_count":7,"periods":{"D":{"min":42.696777,"max":53.439693,"receiver_count":7,"unavailable_count":0},"E":{"min":40.47829,"max":51.221207,"receiver_count":7,"unavailable_count":0},"N":{"min":35.707077,"max":46.449993,"receiver_count":7,"unavailable_count":0}}}},{"type":"Feature","id":"dpw:451205871178@374133,3777804","geometry":{"type":"Polygon","coordinates":[[[-118.36506430964053,34.133613201077075],[-118.36508595506739,34.13356037692498],[-118.36505849298798,34.13355260027589],[-118.36506751775782,34.133530562924335],[-118.36512167879124,34.133545897640914],[-118.36514747658262,34.13348292045998],[-118.36499839081283,34.133440695626625],[-118.3649419563693,34.133578562997535],[-118.36506430964053,34.133613201077075]]]},"properties":{"building_pk":1729,"building_key":"dpw:451205871178@374133,3777804","source_tile":"cty-e374-n3777","source_tile_ids":["cty-e374-n3777"],"source_bld_id":"451205871178","height_m":7.099,"receiver_ids":[5265,5266,5267,5268,5269,5270],"receiver_keys":["cty-e374-n3777:la-e374-n3777:facade:451205871178:0","cty-e374-n3777:la-e374-n3777:facade:451205871178:2","cty-e374-n3777:la-e374-n3777:facade:451205871178:3","cty-e374-n3777:la-e374-n3777:facade:451205871178:4","cty-e374-n3777:la-e374-n3777:facade:451205871178:5","cty-e374-n3777:la-e374-n3777:facade:451205871178:6"],"receiver_count":6,"periods":{"D":{"min":52.992065,"max":58.93252,"receiver_count":6,"unavailable_count":0},"E":{"min":50.77358,"max":56.714035,"receiver_count":6,"unavailable_count":0},"N":{"min":46.002365,"max":51.94282,"receiver_count":6,"unavailable_count":0}}}},{"type":"Feature","id":"dpw:451585871619@374257,3777938","geometry":{"type":"Polygon","coordinates":[[[-118.36383628232038,34.13478986661189],[-118.36377078426462,34.13466808503973],[-118.36370014870444,34.13469434746495],[-118.36371374154716,34.13471964242722],[-118.36366128303982,34.13473914541354],[-118.3636846036877,34.134782519361394],[-118.36369625047509,34.13477817047076],[-118.36372007055589,34.13482244895276],[-118.36377454132995,34.134802198822825],[-118.36377930472749,34.13481106010796],[-118.36383628232038,34.13478986661189]]]},"properties":{"building_pk":1730,"building_key":"dpw:451585871619@374257,3777938","source_tile":"cty-e374-n3777","source_tile_ids":["cty-e374-n3777"],"source_bld_id":"451585871619","height_m":4.776,"receiver_ids":[5537,5538,5539,5540,5541,5542],"receiver_keys":["cty-e374-n3777:la-e374-n3777:facade:451585871619:0","cty-e374-n3777:la-e374-n3777:facade:451585871619:1","cty-e374-n3777:la-e374-n3777:facade:451585871619:2","cty-e374-n3777:la-e374-n3777:facade:451585871619:3","cty-e374-n3777:la-e374-n3777:facade:451585871619:4","cty-e374-n3777:la-e374-n3777:facade:451585871619:5"],"receiver_count":6,"periods":{"D":{"min":61.673668,"max":66.87873,"receiver_count":6,"unavailable_count":0},"E":{"min":59.45518,"max":64.66025,"receiver_count":6,"unavailable_count":0},"N":{"min":54.683968,"max":59.889034,"receiver_count":6,"unavailable_count":0}}}},{"type":"Feature","id":"dpw:454043869915@374997,3777413","geometry":{"type":"Polygon","coordinates":[[[-118.35557793046398,34.130159111267126],[-118.355560197573,34.130169550021535],[-118.35559170937462,34.13020035474536],[-118.35560632087221,34.13019164529911],[-118.35563714473648,34.13022892596119],[-118.35570801649173,34.130188405260746],[-118.35567021836276,34.130142682425394],[-118.35572286053777,34.130112574899435],[-118.35570528978073,34.130091303491405],[-118.35575793299486,34.130061195947],[-118.3556902415693,34.129979288720214],[-118.35557410988068,34.13004566246628],[-118.35558228052979,34.13005553007714],[-118.35556764484173,34.13006389971285],[-118.35557531748918,34.13007316476048],[-118.35552883860555,34.130099736302476],[-118.35557793046398,34.130159111267126]]]},"properties":{"building_pk":1807,"building_key":"dpw:454043869915@374997,3777413","source_tile":"cty-e374-n3777","source_tile_ids":["cty-e374-n3777"],"source_bld_id":"454043869915","height_m":0.329,"receiver_ids":[3916,3917,3918,3919,3920,3921,3922],"receiver_keys":["cty-e374-n3777:la-e374-n3777:facade:454043869915:1","cty-e374-n3777:la-e374-n3777:facade:454043869915:2","cty-e374-n3777:la-e374-n3777:facade:454043869915:3","cty-e374-n3777:la-e374-n3777:facade:454043869915:4","cty-e374-n3777:la-e374-n3777:facade:454043869915:5","cty-e374-n3777:la-e374-n3777:facade:454043869915:6","cty-e374-n3777:la-e374-n3777:facade:454043869915:8"],"receiver_count":7,"periods":{"D":{"min":57.758274,"max":64.90118,"receiver_count":7,"unavailable_count":0},"E":{"min":55.539783,"max":62.68269,"receiver_count":7,"unavailable_count":0},"N":{"min":50.768574,"max":57.91148,"receiver_count":7,"unavailable_count":0}}}},{"type":"Feature","id":"dpw:453933869587@374970,3777312","geometry":{"type":"Polygon","coordinates":[[[-118.35607054618512,34.12920447397862],[-118.35597691540525,34.129083761004075],[-118.35578395257545,34.129187264656274],[-118.35582870818084,34.12924497632585],[-118.35588346794748,34.12921560445856],[-118.35593234298713,34.129278606792624],[-118.35607054618512,34.12920447397862]]]},"properties":{"building_pk":1867,"building_key":"dpw:453933869587@374970,3777312","source_tile":"cty-e374-n3777","source_tile_ids":["cty-e374-n3777"],"source_bld_id":"453933869587","height_m":5.084,"receiver_ids":[3869,3870,3871,3872,3873,3874,3875],"receiver_keys":["cty-e374-n3777:la-e374-n3777:facade:453933869587:0","cty-e374-n3777:la-e374-n3777:facade:453933869587:1","cty-e374-n3777:la-e374-n3777:facade:453933869587:2","cty-e374-n3777:la-e374-n3777:facade:453933869587:3","cty-e374-n3777:la-e374-n3777:facade:453933869587:4","cty-e374-n3777:la-e374-n3777:facade:453933869587:6","cty-e374-n3777:la-e374-n3777:facade:453933869587:7"],"receiver_count":7,"periods":{"D":{"min":55.901833,"max":62.804596,"receiver_count":7,"unavailable_count":0},"E":{"min":53.683346,"max":60.58611,"receiver_count":7,"unavailable_count":0},"N":{"min":48.912132,"max":55.814896,"receiver_count":7,"unavailable_count":0}}}},{"type":"Feature","id":"dpw:451466870849@374218,3777700","geometry":{"type":"Polygon","coordinates":[[[-118.3642877197627,34.132598661171585],[-118.36426436674915,34.13253261742188],[-118.36406670433163,34.13258088883858],[-118.36407035190352,34.13259121035403],[-118.36401413593521,34.13260495408337],[-118.36402363865868,34.13263188228727],[-118.36402565190407,34.13263138128114],[-118.36404746577497,34.13269306086977],[-118.36420786334148,34.132654794324345],[-118.36419618404322,34.13262100298994],[-118.3642877197627,34.132598661171585]]]},"properties":{"building_pk":1894,"building_key":"dpw:451466870849@374218,3777700","source_tile":"cty-e374-n3777","source_tile_ids":["cty-e374-n3777"],"source_bld_id":"451466870849","height_m":6.504,"receiver_ids":[4408,4409,4410,4411,4412,4413,4414,4415],"receiver_keys":["cty-e374-n3777:la-e374-n3777:facade:451466870849:0","cty-e374-n3777:la-e374-n3777:facade:451466870849:1","cty-e374-n3777:la-e374-n3777:facade:451466870849:2","cty-e374-n3777:la-e374-n3777:facade:451466870849:3","cty-e374-n3777:la-e374-n3777:facade:451466870849:4","cty-e374-n3777:la-e374-n3777:facade:451466870849:5","cty-e374-n3777:la-e374-n3777:facade:451466870849:6","cty-e374-n3777:la-e374-n3777:facade:451466870849:7"],"receiver_count":8,"periods":{"D":{"min":52.311462,"max":57.89332,"receiver_count":8,"unavailable_count":0},"E":{"min":50.092976,"max":55.67483,"receiver_count":8,"unavailable_count":0},"N":{"min":45.321762,"max":50.90362,"receiver_count":8,"unavailable_count":0}}}},{"type":"Feature","id":"dpw:452489870564@374530,3777615","geometry":{"type":"Polygon","coordinates":[[[-118.36075840069871,34.1319095245307],[-118.36080830302997,34.13184938920476],[-118.36073568875594,34.13180770075344],[-118.36068542499422,34.13186824912957],[-118.36069039393192,34.13187109217047],[-118.36065459850498,34.131914945094394],[-118.3607180993702,34.13195080802191],[-118.36075429251744,34.13190717386678],[-118.36075840069871,34.1319095245307]]]},"properties":{"building_pk":1898,"building_key":"dpw:452489870564@374530,3777615","source_tile":"cty-e374-n3777","source_tile_ids":["cty-e374-n3777"],"source_bld_id":"452489870564","height_m":5.505,"receiver_ids":[4780,4781,4782,4783,4784],"receiver_keys":["cty-e374-n3777:la-e374-n3777:facade:452489870564:0","cty-e374-n3777:la-e374-n3777:facade:452489870564:1","cty-e374-n3777:la-e374-n3777:facade:452489870564:2","cty-e374-n3777:la-e374-n3777:facade:452489870564:3","cty-e374-n3777:la-e374-n3777:facade:452489870564:4"],"receiver_count":5,"periods":{"D":{"min":62.600796,"max":63.155178,"receiver_count":5,"unavailable_count":0},"E":{"min":60.38231,"max":60.93669,"receiver_count":5,"unavailable_count":0},"N":{"min":55.611095,"max":56.165478,"receiver_count":5,"unavailable_count":0}}}},{"type":"Feature","id":"dpw:450906870428@374048,3777575","geometry":{"type":"Polygon","coordinates":[[[-118.365943512686,34.131432348156615],[-118.36587834288603,34.13144609281683],[-118.36588665691794,34.13147329853993],[-118.36589098194811,34.131472406450634],[-118.36591699830889,34.13155770494064],[-118.36606193016004,34.13152742347182],[-118.36602075519048,34.131391088092755],[-118.36593637175064,34.131408875751944],[-118.365943512686,34.131432348156615]]]},"properties":{"building_pk":1900,"building_key":"dpw:450906870428@374048,3777575","source_tile":"cty-e374-n3777","source_tile_ids":["cty-e374-n3777"],"source_bld_id":"450906870428","height_m":8.159,"receiver_ids":[6294,6295,6296,6297,6298,6299],"receiver_keys":["cty-e374-n3777:la-e374-n3777:facade:450906870428:0","cty-e374-n3777:la-e374-n3777:facade:450906870428:1","cty-e374-n3777:la-e374-n3777:facade:450906870428:2","cty-e374-n3777:la-e374-n3777:facade:450906870428:3","cty-e374-n3777:la-e374-n3777:facade:450906870428:4","cty-e374-n3777:la-e374-n3777:facade:450906870428:5"],"receiver_count":6,"periods":{"D":{"min":53.025856,"max":60.204018,"receiver_count":6,"unavailable_count":0},"E":{"min":50.80737,"max":57.98553,"receiver_count":6,"unavailable_count":0},"N":{"min":46.036156,"max":53.214317,"receiver_count":6,"unavailable_count":0}}}},{"type":"Feature","id":"dpw:451743870559@374299,3777611","geometry":{"type":"Polygon","coordinates":[[[-118.36327207470634,34.131759463413516],[-118.36323126663696,34.13179036267613],[-118.36318309507014,34.13174640339283],[-118.36310902262456,34.13180254548607],[-118.36315580101376,34.13184524412992],[-118.36316044420448,34.13184171328899],[-118.36324852256642,34.131921027191986],[-118.36334785362975,34.13184477696488],[-118.36331162556937,34.13181171926169],[-118.36332130860683,34.131804380505436],[-118.36327207470634,34.131759463413516]]]},"properties":{"building_pk":1901,"building_key":"dpw:451743870559@374299,3777611","source_tile":"cty-e374-n3777","source_tile_ids":["cty-e374-n3777"],"source_bld_id":"451743870559","height_m":7.297,"receiver_ids":[4329,4330,4331,4332,4333,4334],"receiver_keys":["cty-e374-n3777:la-e374-n3777:facade:451743870559:1","cty-e374-n3777:la-e374-n3777:facade:451743870559:2","cty-e374-n3777:la-e374-n3777:facade:451743870559:3","cty-e374-n3777:la-e374-n3777:facade:451743870559:4","cty-e374-n3777:la-e374-n3777:facade:451743870559:5","cty-e374-n3777:la-e374-n3777:facade:451743870559:6"],"receiver_count":6,"periods":{"D":{"min":56.92641,"max":63.105034,"receiver_count":6,"unavailable_count":0},"E":{"min":54.707924,"max":60.886547,"receiver_count":6,"unavailable_count":0},"N":{"min":49.93671,"max":56.115334,"receiver_count":6,"unavailable_count":0}}}},{"type":"Feature","id":"dpw:451751870886@374300,3777714","geometry":{"type":"Polygon","coordinates":[[[-118.3631649129634,34.132695330702816],[-118.3631960798127,34.132764896023474],[-118.36323222133119,34.132755251880525],[-118.36323924016071,34.132773476971074],[-118.36323346503539,34.13277525322169],[-118.36324778028627,34.13280722283688],[-118.36331463983753,34.13278655072552],[-118.36328871229915,34.13272864818289],[-118.36324930998794,34.13274085709428],[-118.36323349263026,34.13270551213565],[-118.36322369099078,34.132708536490924],[-118.3632113452217,34.132680956843494],[-118.3631649129634,34.132695330702816]]]},"properties":{"building_pk":1902,"building_key":"dpw:451751870886@374300,3777714","source_tile":"cty-e374-n3777","source_tile_ids":["cty-e374-n3777"],"source_bld_id":"451751870886","height_m":3.81,"receiver_ids":[4366,4367,4368,4369,4370],"receiver_keys":["cty-e374-n3777:la-e374-n3777:facade:451751870886:0","cty-e374-n3777:la-e374-n3777:facade:451751870886:1","cty-e374-n3777:la-e374-n3777:facade:451751870886:2","cty-e374-n3777:la-e374-n3777:facade:451751870886:3","cty-e374-n3777:la-e374-n3777:facade:451751870886:4"],"receiver_count":5,"periods":{"D":{"min":60.345615,"max":61.71463,"receiver_count":5,"unavailable_count":0},"E":{"min":58.12713,"max":59.496143,"receiver_count":5,"unavailable_count":0},"N":{"min":53.355915,"max":54.72493,"receiver_count":5,"unavailable_count":0}}}},{"type":"Feature","id":"dpw:450800870407@374010,3777570","geometry":{"type":"Polygon","coordinates":[[[-118.3663365398284,34.13155244937229],[-118.36646110661631,34.13151981122408],[-118.36637179657482,34.13128054929502],[-118.36624584171517,34.131313025675226],[-118.3663365398284,34.13155244937229]]]},"properties":{"building_pk":1906,"building_key":"dpw:450800870407@374010,3777570","source_tile":"cty-e374-n3777","source_tile_ids":["cty-e374-n3777"],"source_bld_id":"450800870407","height_m":6.428,"receiver_ids":[6286,6287,6288,6289,6290,6291,6292,6293],"receiver_keys":["cty-e374-n3777:la-e374-n3777:facade:450800870407:0","cty-e374-n3777:la-e374-n3777:facade:450800870407:1","cty-e374-n3777:la-e374-n3777:facade:450800870407:2","cty-e374-n3777:la-e374-n3777:facade:450800870407:3","cty-e374-n3777:la-e374-n3777:facade:450800870407:4","cty-e374-n3777:la-e374-n3777:facade:450800870407:5","cty-e374-n3777:la-e374-n3777:facade:450800870407:6","cty-e374-n3777:la-e374-n3777:facade:450800870407:7"],"receiver_count":8,"periods":{"D":{"min":49.244156,"max":62.307243,"receiver_count":8,"unavailable_count":0},"E":{"min":47.02567,"max":60.088757,"receiver_count":8,"unavailable_count":0},"N":{"min":42.254456,"max":55.317543,"receiver_count":8,"unavailable_count":0}}}},{"type":"Feature","id":"dpw:451375871380@374189,3777864","geometry":{"type":"Polygon","coordinates":[[[-118.36445969730212,34.134109535988614],[-118.36449052974292,34.13408713001043],[-118.36446209238389,34.13406009395176],[-118.36443129258794,34.13408252687035],[-118.36445969730212,34.134109535988614]]]},"properties":{"building_pk":1934,"building_key":"dpw:451375871380@374189,3777864","source_tile":"cty-e374-n3777","source_tile_ids":["cty-e374-n3777"],"source_bld_id":"451375871380","height_m":2.115,"receiver_ids":[5463,5464,5465,5466],"receiver_keys":["cty-e374-n3777:la-e374-n3777:facade:451375871380:0","cty-e374-n3777:la-e374-n3777:facade:451375871380:1","cty-e374-n3777:la-e374-n3777:facade:451375871380:2","cty-e374-n3777:la-e374-n3777:facade:451375871380:3"],"receiver_count":4,"periods":{"D":{"min":62.272408,"max":64.13288,"receiver_count":4,"unavailable_count":0},"E":{"min":60.053917,"max":61.914394,"receiver_count":4,"unavailable_count":0},"N":{"min":55.282707,"max":57.14318,"receiver_count":4,"unavailable_count":0}}}},{"type":"Feature","id":"dpw:451638871474@374274,3777895","geometry":{"type":"Polygon","coordinates":[[[-118.36362225681123,34.13438992400119],[-118.36361794910528,34.134371910750936],[-118.36363294099242,34.13436941978609],[-118.3636203882354,34.13431727575323],[-118.36351963883364,34.13433401107248],[-118.36351910008591,34.134331786800765],[-118.36344450469078,34.13434418454632],[-118.36346254284007,34.13441917505148],[-118.36347750221564,34.13441668420365],[-118.3634797901688,34.13442623991409],[-118.36353847075203,34.13441650085878],[-118.36353557515199,34.134404336129165],[-118.36362225681123,34.13438992400119]]]},"properties":{"building_pk":1935,"building_key":"dpw:451638871474@374274,3777895","source_tile":"cty-e374-n3777","source_tile_ids":["cty-e374-n3777"],"source_bld_id":"451638871474","height_m":4.673,"receiver_ids":[5515,5516,5517,5518,5519,5520],"receiver_keys":["cty-e374-n3777:la-e374-n3777:facade:451638871474:0","cty-e374-n3777:la-e374-n3777:facade:451638871474:1","cty-e374-n3777:la-e374-n3777:facade:451638871474:2","cty-e374-n3777:la-e374-n3777:facade:451638871474:3","cty-e374-n3777:la-e374-n3777:facade:451638871474:4","cty-e374-n3777:la-e374-n3777:facade:451638871474:5"],"receiver_count":6,"periods":{"D":{"min":55.682854,"max":61.279766,"receiver_count":6,"unavailable_count":0},"E":{"min":53.464367,"max":59.06128,"receiver_count":6,"unavailable_count":0},"N":{"min":48.693153,"max":54.290066,"receiver_count":6,"unavailable_count":0}}}},{"type":"Feature","id":"dpw:452695871001@374584,3777742","geometry":{"type":"Polygon","coordinates":[[[-118.36011753901707,34.13300731971248],[-118.36005475577691,34.1330538637041],[-118.3600403082124,34.13311372813681],[-118.36012453479098,34.1331277936196],[-118.3601351514419,34.13308390588543],[-118.36015811019396,34.13310521649784],[-118.36020742071479,34.13306849516469],[-118.36018844263651,34.133050882519356],[-118.3602252032937,34.13302354118831],[-118.36024268801576,34.13303978433808],[-118.36028620066155,34.133007394099785],[-118.36019111305156,34.132919086275606],[-118.36014931344107,34.13295023446884],[-118.36016394512515,34.13296382028939],[-118.36014833148681,34.13297546236237],[-118.36016555070671,34.13299148633955],[-118.3601294169481,34.13301838583527],[-118.36011753901707,34.13300731971248]]]},"properties":{"building_pk":1946,"building_key":"dpw:452695871001@374584,3777742","source_tile":"cty-e374-n3777","source_tile_ids":["cty-e374-n3777"],"source_bld_id":"452695871001","height_m":3.261,"receiver_ids":[5081,5082,5083,5084,5085,5086,5087,5088,5089],"receiver_keys":["cty-e374-n3777:la-e374-n3777:facade:452695871001:0","cty-e374-n3777:la-e374-n3777:facade:452695871001:1","cty-e374-n3777:la-e374-n3777:facade:452695871001:2","cty-e374-n3777:la-e374-n3777:facade:452695871001:3","cty-e374-n3777:la-e374-n3777:facade:452695871001:4","cty-e374-n3777:la-e374-n3777:facade:452695871001:5","cty-e374-n3777:la-e374-n3777:facade:452695871001:6","cty-e374-n3777:la-e374-n3777:facade:452695871001:7","cty-e374-n3777:la-e374-n3777:facade:452695871001:8"],"receiver_count":9,"periods":{"D":{"min":66.50935,"max":67.87548,"receiver_count":9,"unavailable_count":0},"E":{"min":64.29086,"max":65.657,"receiver_count":9,"unavailable_count":0},"N":{"min":59.519653,"max":60.885784,"receiver_count":9,"unavailable_count":0}}}},{"type":"Feature","id":"dpw:452241868939@374446,3777115","geometry":{"type":"Polygon","coordinates":[[[-118.36149130136798,34.127387612249],[-118.36150116122631,34.127390659701],[-118.36149811465863,34.127396604523035],[-118.36149663211563,34.127405237554164],[-118.36150145456078,34.127412614821274],[-118.3614507841941,34.12747767151109],[-118.36153065029438,34.12751623293902],[-118.36153843344827,34.12750508020179],[-118.36154373148935,34.12750762020777],[-118.36159243100627,34.12743781557763],[-118.3616155440628,34.12744895792681],[-118.36165032032063,34.127399117061344],[-118.36162578417779,34.127387292006475],[-118.36162851449585,34.12738442596984],[-118.3616307599254,34.1273764776247],[-118.36163013447782,34.127369225740665],[-118.36168846340944,34.12728732881304],[-118.36163995274511,34.127263430012945],[-118.36164333516719,34.12725869314158],[-118.36160724198793,34.12724091285918],[-118.36160343192184,34.12724628208382],[-118.36158687539603,34.12723814296721],[-118.36154326002575,34.12729935968568],[-118.36152935214423,34.12729253158505],[-118.36151411258459,34.12731392823419],[-118.36156020705272,34.12733662445174],[-118.36155087900978,34.12734975978063],[-118.36152673930779,34.127337851480156],[-118.36149130136798,34.127387612249]]]},"properties":{"building_pk":1962,"building_key":"dpw:452241868939@374446,3777115","source_tile":"cty-e374-n3777","source_tile_ids":["cty-e374-n3777"],"source_bld_id":"452241868939","height_m":9.979,"receiver_ids":[3273,3274,3275,3276,3277,3278,3279,3280,3281,3282],"receiver_keys":["cty-e374-n3777:la-e374-n3777:facade:452241868939:0","cty-e374-n3777:la-e374-n3777:facade:452241868939:1","cty-e374-n3777:la-e374-n3777:facade:452241868939:2","cty-e374-n3777:la-e374-n3777:facade:452241868939:3","cty-e374-n3777:la-e374-n3777:facade:452241868939:4","cty-e374-n3777:la-e374-n3777:facade:452241868939:5","cty-e374-n3777:la-e374-n3777:facade:452241868939:6","cty-e374-n3777:la-e374-n3777:facade:452241868939:7","cty-e374-n3777:la-e374-n3777:facade:452241868939:8","cty-e374-n3777:la-e374-n3777:facade:452241868939:9"],"receiver_count":10,"periods":{"D":{"min":42.558163,"max":53.01642,"receiver_count":10,"unavailable_count":0},"E":{"min":40.339672,"max":50.79793,"receiver_count":10,"unavailable_count":0},"N":{"min":35.568462,"max":46.02672,"receiver_count":10,"unavailable_count":0}}}},{"type":"Feature","id":"dpw:451868870176@374338,3777500","geometry":{"type":"Polygon","coordinates":[[[-118.3627611570108,34.13077329783388],[-118.36272583302923,34.130803767563904],[-118.36273952771919,34.13081477298417],[-118.36273031040199,34.13082274227273],[-118.36279815454836,34.13087713926844],[-118.36280447358611,34.130871321624305],[-118.36280068255518,34.13088859019953],[-118.36285136321408,34.13089409881457],[-118.3628593696015,34.13084318399094],[-118.36285247322024,34.130837625990566],[-118.3628876653863,34.130807266606475],[-118.36278656174292,34.13072620469782],[-118.36274603604808,34.130761141829176],[-118.3627611570108,34.13077329783388]]]},"properties":{"building_pk":1964,"building_key":"dpw:451868870176@374338,3777500","source_tile":"cty-e374-n3777","source_tile_ids":["cty-e374-n3777"],"source_bld_id":"451868870176","height_m":5.462,"receiver_ids":[4244,4245,4246,4247,4248,4249],"receiver_keys":["cty-e374-n3777:la-e374-n3777:facade:451868870176:0","cty-e374-n3777:la-e374-n3777:facade:451868870176:1","cty-e374-n3777:la-e374-n3777:facade:451868870176:2","cty-e374-n3777:la-e374-n3777:facade:451868870176:3","cty-e374-n3777:la-e374-n3777:facade:451868870176:4","cty-e374-n3777:la-e374-n3777:facade:451868870176:5"],"receiver_count":6,"periods":{"D":{"min":60.294113,"max":61.132744,"receiver_count":6,"unavailable_count":0},"E":{"min":58.075623,"max":58.914257,"receiver_count":6,"unavailable_count":0},"N":{"min":53.304413,"max":54.143044,"receiver_count":6,"unavailable_count":0}}}},{"type":"Feature","id":"dpw:452601871219@374558,3777810","geometry":{"type":"Polygon","coordinates":[[[-118.36041201703438,34.13373092242573],[-118.3604737076765,34.13369919283678],[-118.36046217359367,34.13368367393862],[-118.36050741168526,34.13366040201672],[-118.36050182730645,34.133652889946966],[-118.36052299515741,34.133641999371285],[-118.36050514737533,34.1336180365925],[-118.36049601408662,34.13362273468757],[-118.36048551057287,34.13360861460624],[-118.36044831751391,34.13362774070946],[-118.36043405949617,34.13360857600711],[-118.36040286690583,34.1336246063611],[-118.36037621014324,34.13358877135949],[-118.36032563136105,34.13361477998715],[-118.36041201703438,34.13373092242573]]]},"properties":{"building_pk":1978,"building_key":"dpw:452601871219@374558,3777810","source_tile":"cty-e374-n3777","source_tile_ids":["cty-e374-n3777"],"source_bld_id":"452601871219","height_m":10.747,"receiver_ids":[5917,5918,5919,5920,5921,5922],"receiver_keys":["cty-e374-n3777:la-e374-n3777:facade:452601871219:0","cty-e374-n3777:la-e374-n3777:facade:452601871219:1","cty-e374-n3777:la-e374-n3777:facade:452601871219:2","cty-e374-n3777:la-e374-n3777:facade:452601871219:3","cty-e374-n3777:la-e374-n3777:facade:452601871219:4","cty-e374-n3777:la-e374-n3777:facade:452601871219:5"],"receiver_count":6,"periods":{"D":{"min":47.827168,"max":69.190796,"receiver_count":6,"unavailable_count":0},"E":{"min":45.60868,"max":66.972305,"receiver_count":6,"unavailable_count":0},"N":{"min":40.837467,"max":62.201096,"receiver_count":6,"unavailable_count":0}}}},{"type":"Feature","id":"dpw:451958871194@374365,3777808","geometry":{"type":"Polygon","coordinates":[[[-118.36254789355267,34.1336156368824],[-118.3625555819618,34.133636030001],[-118.36260238745744,34.13362382705731],[-118.36259499966418,34.13360425614197],[-118.3626037789283,34.13360194892122],[-118.36259121016398,34.13356868299148],[-118.36258239729061,34.1335709894106],[-118.36256972748436,34.13353742086574],[-118.36246859155737,34.13356385699487],[-118.3624799912308,34.13359404950145],[-118.3624862624808,34.13359240973422],[-118.36249970082548,34.13362795395247],[-118.36250587245362,34.13362634152902],[-118.36251021897424,34.13363786995468],[-118.36254365560546,34.13362914107564],[-118.36253940978,34.133617833225465],[-118.36254789355267,34.1336156368824]]]},"properties":{"building_pk":1983,"building_key":"dpw:451958871194@374365,3777808","source_tile":"cty-e374-n3777","source_tile_ids":["cty-e374-n3777"],"source_bld_id":"451958871194","height_m":7.541,"receiver_ids":[5311,5312,5313,5314,5315],"receiver_keys":["cty-e374-n3777:la-e374-n3777:facade:451958871194:0","cty-e374-n3777:la-e374-n3777:facade:451958871194:1","cty-e374-n3777:la-e374-n3777:facade:451958871194:2","cty-e374-n3777:la-e374-n3777:facade:451958871194:3","cty-e374-n3777:la-e374-n3777:facade:451958871194:4"],"receiver_count":5,"periods":{"D":{"min":47.27206,"max":57.34959,"receiver_count":5,"unavailable_count":0},"E":{"min":45.053574,"max":55.131104,"receiver_count":5,"unavailable_count":0},"N":{"min":40.28236,"max":50.35989,"receiver_count":5,"unavailable_count":0}}}},{"type":"Feature","id":"dpw:452376871272@374494,3777825","geometry":{"type":"Polygon","coordinates":[[[-118.36115767371597,34.13385100550855],[-118.36121006867987,34.13379421447891],[-118.36120284554002,34.133789592252505],[-118.36122017932128,34.13377082727837],[-118.3611617585856,34.13373352139737],[-118.36114314300693,34.13375371912678],[-118.36113300315195,34.133747263772904],[-118.36113523905644,34.133744839174184],[-118.36110366024951,34.13372465437067],[-118.3610740904136,34.1337566732939],[-118.36111229755059,34.13378107011249],[-118.36108848370908,34.133806861164096],[-118.36115767371597,34.13385100550855]]]},"properties":{"building_pk":1989,"building_key":"dpw:452376871272@374494,3777825","source_tile":"cty-e374-n3777","source_tile_ids":["cty-e374-n3777"],"source_bld_id":"452376871272","height_m":6.538,"receiver_ids":[5187,5188,5189],"receiver_keys":["cty-e374-n3777:la-e374-n3777:facade:452376871272:0","cty-e374-n3777:la-e374-n3777:facade:452376871272:2","cty-e374-n3777:la-e374-n3777:facade:452376871272:3"],"receiver_count":3,"periods":{"D":{"min":60.49954,"max":66.19883,"receiver_count":3,"unavailable_count":0},"E":{"min":58.28105,"max":63.980343,"receiver_count":3,"unavailable_count":0},"N":{"min":53.509842,"max":59.20913,"receiver_count":3,"unavailable_count":0}}}},{"type":"Feature","id":"dpw:451928871423@374358,3777872","geometry":{"type":"Polygon","coordinates":[[[-118.36272742636876,34.13421683012772],[-118.36271212235306,34.13420060873886],[-118.36275416877582,34.13417319578262],[-118.36271416522196,34.13413072366987],[-118.36267659889276,34.134155210308414],[-118.36270358973826,34.134183817093536],[-118.36268385073475,34.13419665378638],[-118.3626259194541,34.134135192293435],[-118.36261122286848,34.134144771924944],[-118.3626016293163,34.134134578189155],[-118.36260647272731,34.13413143172497],[-118.36258821362021,34.13411203135464],[-118.36258337033091,34.13411520576534],[-118.36258054830415,34.13411221932838],[-118.36257583571967,34.13411528335937],[-118.36257095510967,34.13411010425115],[-118.36250287655196,34.13415446745593],[-118.36254795973466,34.13420228223031],[-118.3625406437785,34.13420703092468],[-118.3625732112034,34.13424155672489],[-118.36257584685909,34.13423981787058],[-118.36261661492792,34.13428308469341],[-118.36266063885506,34.134254401884505],[-118.36266412532471,34.134258101244015],[-118.36272742636876,34.13421683012772]]]},"properties":{"building_pk":1990,"building_key":"dpw:451928871423@374358,3777872","source_tile":"cty-e374-n3777","source_tile_ids":["cty-e374-n3777"],"source_bld_id":"451928871423","height_m":6.111,"receiver_ids":[5402,5403,5404,5405,5406,5407,5408,5409],"receiver_keys":["cty-e374-n3777:la-e374-n3777:facade:451928871423:0","cty-e374-n3777:la-e374-n3777:facade:451928871423:1","cty-e374-n3777:la-e374-n3777:facade:451928871423:3","cty-e374-n3777:la-e374-n3777:facade:451928871423:4","cty-e374-n3777:la-e374-n3777:facade:451928871423:5","cty-e374-n3777:la-e374-n3777:facade:451928871423:6","cty-e374-n3777:la-e374-n3777:facade:451928871423:7","cty-e374-n3777:la-e374-n3777:facade:451928871423:8"],"receiver_count":8,"periods":{"D":{"min":49.5868,"max":64.92667,"receiver_count":8,"unavailable_count":0},"E":{"min":47.36831,"max":62.708176,"receiver_count":8,"unavailable_count":0},"N":{"min":42.5971,"max":57.936962,"receiver_count":8,"unavailable_count":0}}}},{"type":"Feature","id":"dpw:451525871215@374232,3777811","geometry":{"type":"Polygon","coordinates":[[[-118.36406590615655,34.1336038467762],[-118.3640306787562,34.13358073381619],[-118.36403340907239,34.13357783977752],[-118.36401942351934,34.133568649267225],[-118.36402320608963,34.13356465308784],[-118.36400908900133,34.13355538093269],[-118.36400474626883,34.133559954879864],[-118.36400129960411,34.13355768527491],[-118.36397534693138,34.13358504930637],[-118.36396467542515,34.133578046754984],[-118.36395181334548,34.13359157786695],[-118.36396202072544,34.133598306848484],[-118.36394438970376,34.133616881085516],[-118.363898888698,34.13358701045434],[-118.36385846146999,34.13362958727619],[-118.36390439299916,34.133659730693374],[-118.36391459042855,34.133648983437475],[-118.36398070489211,34.133692365517575],[-118.36400530983968,34.13366646152378],[-118.36401704139402,34.13367414784961],[-118.36404128469127,34.13364860194576],[-118.36403028154916,34.1336413804242],[-118.36406590615655,34.1336038467762]]]},"properties":{"building_pk":1992,"building_key":"dpw:451525871215@374232,3777811","source_tile":"cty-e374-n3777","source_tile_ids":["cty-e374-n3777"],"source_bld_id":"451525871215","height_m":4.313,"receiver_ids":[5349,5350,5351,5352,5353,5354],"receiver_keys":["cty-e374-n3777:la-e374-n3777:facade:451525871215:0","cty-e374-n3777:la-e374-n3777:facade:451525871215:1","cty-e374-n3777:la-e374-n3777:facade:451525871215:3","cty-e374-n3777:la-e374-n3777:facade:451525871215:4","cty-e374-n3777:la-e374-n3777:facade:451525871215:5","cty-e374-n3777:la-e374-n3777:facade:451525871215:6"],"receiver_count":6,"periods":{"D":{"min":56.35813,"max":59.702972,"receiver_count":6,"unavailable_count":0},"E":{"min":54.139645,"max":57.484486,"receiver_count":6,"unavailable_count":0},"N":{"min":49.36843,"max":52.713272,"receiver_count":6,"unavailable_count":0}}}},{"type":"Feature","id":"dpw:450896871783@374044,3777987","geometry":{"type":"Polygon","coordinates":[[[-118.36600994133575,34.13516240310368],[-118.36602508065607,34.13517846049695],[-118.36598349520598,34.13520554233394],[-118.36600474304612,34.135228093930465],[-118.36596193799677,34.13525594936433],[-118.36600981378004,34.1353068322456],[-118.36606675423397,34.13526978339936],[-118.36604882619066,34.135250712507634],[-118.3660734082668,34.135234727760256],[-118.36610368731911,34.135266923666244],[-118.36619611791829,34.13520676728243],[-118.36610046688203,34.13510519337132],[-118.36611443901488,34.13509611045211],[-118.36607254001028,34.135051584273114],[-118.36603484318582,34.135076099398795],[-118.36606784412605,34.135111171986225],[-118.36605449899629,34.135119840999394],[-118.36606243287254,34.1351282255987],[-118.36600994133575,34.13516240310368]]]},"properties":{"building_pk":1993,"building_key":"dpw:450896871783@374044,3777987","source_tile":"cty-e374-n3777","source_tile_ids":["cty-e374-n3777"],"source_bld_id":"450896871783","height_m":4.935,"receiver_ids":[6512,6513,6514,6515,6516,6517,6518,6519,6520],"receiver_keys":["cty-e374-n3777:la-e374-n3777:facade:450896871783:0","cty-e374-n3777:la-e374-n3777:facade:450896871783:1","cty-e374-n3777:la-e374-n3777:facade:450896871783:2","cty-e374-n3777:la-e374-n3777:facade:450896871783:3","cty-e374-n3777:la-e374-n3777:facade:450896871783:4","cty-e374-n3777:la-e374-n3777:facade:450896871783:5","cty-e374-n3777:la-e374-n3777:facade:450896871783:7","cty-e374-n3777:la-e374-n3777:facade:450896871783:8","cty-e374-n3777:la-e374-n3777:facade:450896871783:9"],"receiver_count":9,"periods":{"D":{"min":52.927658,"max":64.02197,"receiver_count":9,"unavailable_count":0},"E":{"min":50.70917,"max":61.803482,"receiver_count":9,"unavailable_count":0},"N":{"min":45.937958,"max":57.032272,"receiver_count":9,"unavailable_count":0}}}},{"type":"Feature","id":"dpw:452110871177@374414,3777800","geometry":{"type":"Polygon","coordinates":[[[-118.36208804311721,34.13356403558378],[-118.36205687290128,34.133485539375044],[-118.36197184921001,34.1335088760303],[-118.36197826359111,34.133525015047056],[-118.36196575431981,34.13352845940995],[-118.36199051104221,34.13359078957745],[-118.36208804311721,34.13356403558378]]]},"properties":{"building_pk":2013,"building_key":"dpw:452110871177@374414,3777800","source_tile":"cty-e374-n3777","source_tile_ids":["cty-e374-n3777"],"source_bld_id":"452110871177","height_m":7.105,"receiver_ids":[5299,5300],"receiver_keys":["cty-e374-n3777:la-e374-n3777:facade:452110871177:0","cty-e374-n3777:la-e374-n3777:facade:452110871177:3"],"receiver_count":2,"periods":{"D":{"min":49.1527,"max":49.280586,"receiver_count":2,"unavailable_count":0},"E":{"min":46.934208,"max":47.0621,"receiver_count":2,"unavailable_count":0},"N":{"min":42.163,"max":42.290886,"receiver_count":2,"unavailable_count":0}}}},{"type":"Feature","id":"dpw:451205871740@374139,3777977","geometry":{"type":"Polygon","coordinates":[[[-118.36507735653538,34.135125131957494],[-118.36510735008717,34.135069231790474],[-118.36504796877601,34.13504718015904],[-118.36505072287821,34.135042033989],[-118.36497664575201,34.13501455888731],[-118.36494340868832,34.13507651361194],[-118.36497971805471,34.1350899793135],[-118.36497522694204,34.13509831855739],[-118.3649814504842,34.13510063564574],[-118.36497820487317,34.13510669024345],[-118.36499098094113,34.13511143341365],[-118.36499468576514,34.135104524576164],[-118.3650202715128,34.13511401081027],[-118.36501682918313,34.135120450958745],[-118.36502877876553,34.13512486665858],[-118.36503254803841,34.13511782059181],[-118.3650351630244,34.135118801679944],[-118.36503932598211,34.13511104040776],[-118.36507735653538,34.135125131957494]]]},"properties":{"building_pk":2017,"building_key":"dpw:451205871740@374139,3777977","source_tile":"cty-e374-n3777","source_tile_ids":["cty-e374-n3777"],"source_bld_id":"451205871740","height_m":3.731,"receiver_ids":[5661,5662,5663,5664,5665],"receiver_keys":["cty-e374-n3777:la-e374-n3777:facade:451205871740:0","cty-e374-n3777:la-e374-n3777:facade:451205871740:1","cty-e374-n3777:la-e374-n3777:facade:451205871740:2","cty-e374-n3777:la-e374-n3777:facade:451205871740:3","cty-e374-n3777:la-e374-n3777:facade:451205871740:4"],"receiver_count":5,"periods":{"D":{"min":64.75204,"max":67.80073,"receiver_count":5,"unavailable_count":0},"E":{"min":62.533554,"max":65.58224,"receiver_count":5,"unavailable_count":0},"N":{"min":57.76234,"max":60.811028,"receiver_count":5,"unavailable_count":0}}}},{"type":"Feature","id":"dpw:452369871459@374496,3777882","geometry":{"type":"Polygon","coordinates":[[[-118.36103564553407,34.13428916299564],[-118.36106430284941,34.134298337974755],[-118.36105490639342,34.13431867313362],[-118.36111026804838,34.134336423979846],[-118.36110617552879,34.134345256831125],[-118.36118817615518,34.13437150166394],[-118.36124599508119,34.134246629366196],[-118.3611996673987,34.1342317923976],[-118.3611888623626,34.13425507168395],[-118.36115497749043,34.13424420845064],[-118.3611251840335,34.134308570648386],[-118.36111889691284,34.134306555566376],[-118.36115140714544,34.134236387477],[-118.36107188944545,34.13421090511464],[-118.36103564553407,34.13428916299564]]]},"properties":{"building_pk":2027,"building_key":"dpw:452369871459@374496,3777882","source_tile":"cty-e374-n3777","source_tile_ids":["cty-e374-n3777"],"source_bld_id":"452369871459","height_m":4.868,"receiver_ids":[6008,6009,6010,6011,6012,6013,6014],"receiver_keys":["cty-e374-n3777:la-e374-n3777:facade:452369871459:0","cty-e374-n3777:la-e374-n3777:facade:452369871459:1","cty-e374-n3777:la-e374-n3777:facade:452369871459:2","cty-e374-n3777:la-e374-n3777:facade:452369871459:3","cty-e374-n3777:la-e374-n3777:facade:452369871459:4","cty-e374-n3777:la-e374-n3777:facade:452369871459:6","cty-e374-n3777:la-e374-n3777:facade:452369871459:7"],"receiver_count":7,"periods":{"D":{"min":66.70052,"max":69.27658,"receiver_count":7,"unavailable_count":0},"E":{"min":64.48203,"max":67.05809,"receiver_count":7,"unavailable_count":0},"N":{"min":59.710823,"max":62.28688,"receiver_count":7,"unavailable_count":0}}}},{"type":"Feature","id":"dpw:452242871219@374449,3777832","geometry":{"type":"Polygon","coordinates":[[[-118.3614949540462,34.133603539088554],[-118.36137673817022,34.13373035007829],[-118.3613694137256,34.13372561817737],[-118.3612883990919,34.133812474488934],[-118.36129847294681,34.133818956171645],[-118.36123127256002,34.133891014817145],[-118.36149440903588,34.134059849419046],[-118.36152928391682,34.134023635006464],[-118.36153624881,34.13402794785759],[-118.36157517628818,34.133991238087525],[-118.36158272748773,34.1339967518308],[-118.36159198860695,34.13398877709035],[-118.36168424518983,34.13393759406334],[-118.36168706936046,34.133941836353976],[-118.36171603826742,34.13392481792835],[-118.3617190592545,34.1339286936058],[-118.36176003128718,34.13390775363154],[-118.36176303521191,34.133912446150354],[-118.36182571255654,34.13387807502364],[-118.36183533699342,34.13388992214463],[-118.36191277052542,34.133846219179574],[-118.3619334791668,34.133871022432714],[-118.36201001017818,34.133827220234025],[-118.36194383114936,34.13374643255424],[-118.36193987498069,34.1337486702918],[-118.36174356992804,34.13350807547595],[-118.36164506095808,34.13354609950776],[-118.36163963272423,34.13353636022994],[-118.36149243088894,34.133593187087314],[-118.36149762640076,34.13360251416436],[-118.3614949540462,34.133603539088554]]]},"properties":{"building_pk":2028,"building_key":"dpw:452242871219@374449,3777832","source_tile":"cty-e374-n3777","source_tile_ids":["cty-e374-n3777"],"source_bld_id":"452242871219","height_m":7.138,"receiver_ids":[5190,5191,5192,5193,5194,5195,5196,5197,5198,5199,5200,5201,5202,5203,5204,5205],"receiver_keys":["cty-e374-n3777:la-e374-n3777:facade:452242871219:0","cty-e374-n3777:la-e374-n3777:facade:452242871219:1","cty-e374-n3777:la-e374-n3777:facade:452242871219:10","cty-e374-n3777:la-e374-n3777:facade:452242871219:11","cty-e374-n3777:la-e374-n3777:facade:452242871219:13","cty-e374-n3777:la-e374-n3777:facade:452242871219:15","cty-e374-n3777:la-e374-n3777:facade:452242871219:16","cty-e374-n3777:la-e374-n3777:facade:452242871219:17","cty-e374-n3777:la-e374-n3777:facade:452242871219:18","cty-e374-n3777:la-e374-n3777:facade:452242871219:19","cty-e374-n3777:la-e374-n3777:facade:452242871219:2","cty-e374-n3777:la-e374-n3777:facade:452242871219:20","cty-e374-n3777:la-e374-n3777:facade:452242871219:3","cty-e374-n3777:la-e374-n3777:facade:452242871219:7","cty-e374-n3777:la-e374-n3777:facade:452242871219:8","cty-e374-n3777:la-e374-n3777:facade:452242871219:9"],"receiver_count":16,"periods":{"D":{"min":49.031254,"max":66.37755,"receiver_count":16,"unavailable_count":0},"E":{"min":46.812767,"max":64.15906,"receiver_count":16,"unavailable_count":0},"N":{"min":42.041553,"max":59.387848,"receiver_count":16,"unavailable_count":0}}}},{"type":"Feature","id":"dpw:451361870786@374183,3777684","geometry":{"type":"Polygon","coordinates":[[[-118.36452692242024,34.13243360269096],[-118.36447016332531,34.132430404807174],[-118.36447178857124,34.13248711912946],[-118.36452862085018,34.132485958767866],[-118.36452692242024,34.13243360269096]]]},"properties":{"building_pk":2034,"building_key":"dpw:451361870786@374183,3777684","source_tile":"cty-e374-n3777","source_tile_ids":["cty-e374-n3777"],"source_bld_id":"451361870786","height_m":4.542,"receiver_ids":[4399,4400,4401],"receiver_keys":["cty-e374-n3777:la-e374-n3777:facade:451361870786:0","cty-e374-n3777:la-e374-n3777:facade:451361870786:1","cty-e374-n3777:la-e374-n3777:facade:451361870786:3"],"receiver_count":3,"periods":{"D":{"min":50.22427,"max":51.330486,"receiver_count":3,"unavailable_count":0},"E":{"min":48.005783,"max":49.112,"receiver_count":3,"unavailable_count":0},"N":{"min":43.23457,"max":44.340786,"receiver_count":3,"unavailable_count":0}}}},{"type":"Feature","id":"dpw:453514871144@374839,3777785","geometry":{"type":"Polygon","coordinates":[[[-118.3574215400173,34.13351252206397],[-118.35746090976001,34.133468332275505],[-118.35741270117461,34.133438302235895],[-118.35741572689292,34.13343496842615],[-118.35738209678463,34.13341401970907],[-118.35733881823828,34.13346293335353],[-118.3574215400173,34.13351252206397]]]},"properties":{"building_pk":2037,"building_key":"dpw:453514871144@374839,3777785","source_tile":"cty-e374-n3777","source_tile_ids":["cty-e374-n3777"],"source_bld_id":"453514871144","height_m":4.145,"receiver_ids":[6060,6061,6062,6063],"receiver_keys":["cty-e374-n3777:la-e374-n3777:facade:453514871144:0","cty-e374-n3777:la-e374-n3777:facade:453514871144:1","cty-e374-n3777:la-e374-n3777:facade:453514871144:2","cty-e374-n3777:la-e374-n3777:facade:453514871144:3"],"receiver_count":4,"periods":{"D":{"min":69.04523,"max":72.09649,"receiver_count":4,"unavailable_count":0},"E":{"min":66.82674,"max":69.878006,"receiver_count":4,"unavailable_count":0},"N":{"min":62.055523,"max":65.10679,"receiver_count":4,"unavailable_count":0}}}},{"type":"Feature","id":"dpw:451997871504@374384,3777897","geometry":{"type":"Polygon","coordinates":[[[-118.3624716386899,34.13443426801153],[-118.36233858251116,34.13429361804844],[-118.36226701029176,34.13434043655704],[-118.36233426916631,34.13441154284012],[-118.36232863439406,34.13441521455613],[-118.36234832114637,34.134436066666595],[-118.36234222474806,34.13444004178151],[-118.36238830296465,34.13448878852589],[-118.3624716386899,34.13443426801153]]]},"properties":{"building_pk":2044,"building_key":"dpw:451997871504@374384,3777897","source_tile":"cty-e374-n3777","source_tile_ids":["cty-e374-n3777"],"source_bld_id":"451997871504","height_m":4.441,"receiver_ids":[5431,5432,5433,5434,5435,5436],"receiver_keys":["cty-e374-n3777:la-e374-n3777:facade:451997871504:0","cty-e374-n3777:la-e374-n3777:facade:451997871504:1","cty-e374-n3777:la-e374-n3777:facade:451997871504:2","cty-e374-n3777:la-e374-n3777:facade:451997871504:3","cty-e374-n3777:la-e374-n3777:facade:451997871504:4","cty-e374-n3777:la-e374-n3777:facade:451997871504:5"],"receiver_count":6,"periods":{"D":{"min":57.186428,"max":65.88637,"receiver_count":6,"unavailable_count":0},"E":{"min":54.96794,"max":63.66788,"receiver_count":6,"unavailable_count":0},"N":{"min":50.196728,"max":58.896667,"receiver_count":6,"unavailable_count":0}}}},{"type":"Feature","id":"dpw:451814871620@374325,3777932","geometry":{"type":"Polygon","coordinates":[[[-118.36312030827871,34.134758000955415],[-118.36307559657996,34.134658826585095],[-118.36300810929868,34.134679858355256],[-118.36301324810299,34.13469130144291],[-118.36298308498577,34.13470070759141],[-118.36298445307261,34.13470367133906],[-118.36295524702872,34.13471277169056],[-118.36296045243911,34.13472432456785],[-118.3629243821255,34.13473558937488],[-118.36295738245825,34.13480880408337],[-118.36312030827871,34.134758000955415]]]},"properties":{"building_pk":2045,"building_key":"dpw:451814871620@374325,3777932","source_tile":"cty-e374-n3777","source_tile_ids":["cty-e374-n3777"],"source_bld_id":"451814871620","height_m":6.517,"receiver_ids":[5584,5585,5586,5587,5588,5589],"receiver_keys":["cty-e374-n3777:la-e374-n3777:facade:451814871620:0","cty-e374-n3777:la-e374-n3777:facade:451814871620:1","cty-e374-n3777:la-e374-n3777:facade:451814871620:2","cty-e374-n3777:la-e374-n3777:facade:451814871620:3","cty-e374-n3777:la-e374-n3777:facade:451814871620:4","cty-e374-n3777:la-e374-n3777:facade:451814871620:5"],"receiver_count":6,"periods":{"D":{"min":63.889297,"max":70.24376,"receiver_count":6,"unavailable_count":0},"E":{"min":61.67081,"max":68.025276,"receiver_count":6,"unavailable_count":0},"N":{"min":56.899597,"max":63.25406,"receiver_count":6,"unavailable_count":0}}}},{"type":"Feature","id":"dpw:451364871127@374182,3777787","geometry":{"type":"Polygon","coordinates":[[[-118.36444623003477,34.13340815107417],[-118.36448513940942,34.13346485936134],[-118.36458410349505,34.133417901925995],[-118.36459541037404,34.13343435510929],[-118.36461902214712,34.13342315533018],[-118.36458699617356,34.13337642796294],[-118.36455556863314,34.13339133408153],[-118.36454758732144,34.133379706703316],[-118.3645578102825,34.13337484003393],[-118.36454434098792,34.133355260531715],[-118.36452514883536,34.133364359011296],[-118.36448607240388,34.13330737537094],[-118.36436775071252,34.13336351462082],[-118.36441011987307,34.13342526921715],[-118.36444623003477,34.13340815107417]]]},"properties":{"building_pk":2049,"building_key":"dpw:451364871127@374182,3777787","source_tile":"cty-e374-n3777","source_tile_ids":["cty-e374-n3777"],"source_bld_id":"451364871127","height_m":3.78,"receiver_ids":[5252,5253,5254,5255,5256,5257],"receiver_keys":["cty-e374-n3777:la-e374-n3777:facade:451364871127:0","cty-e374-n3777:la-e374-n3777:facade:451364871127:1","cty-e374-n3777:la-e374-n3777:facade:451364871127:2","cty-e374-n3777:la-e374-n3777:facade:451364871127:5","cty-e374-n3777:la-e374-n3777:facade:451364871127:6","cty-e374-n3777:la-e374-n3777:facade:451364871127:7"],"receiver_count":6,"periods":{"D":{"min":56.312363,"max":57.194447,"receiver_count":6,"unavailable_count":0},"E":{"min":54.093876,"max":54.97596,"receiver_count":6,"unavailable_count":0},"N":{"min":49.322662,"max":50.204746,"receiver_count":6,"unavailable_count":0}}}},{"type":"Feature","id":"dpw:450908871279@374047,3777833","geometry":{"type":"Polygon","coordinates":[[[-118.36603275611337,34.13389022721859],[-118.3660871723702,34.133835269782075],[-118.36603228469603,34.13379767967813],[-118.36605598068459,34.13377404267559],[-118.36591718166069,34.13368008924604],[-118.3658382631795,34.1337570488213],[-118.36603275611337,34.13389022721859]]]},"properties":{"building_pk":2051,"building_key":"dpw:450908871279@374047,3777833","source_tile":"cty-e374-n3777","source_tile_ids":["cty-e374-n3777"],"source_bld_id":"450908871279","height_m":7.654,"receiver_ids":[6403,6404,6405,6406,6407,6408],"receiver_keys":["cty-e374-n3777:la-e374-n3777:facade:450908871279:0","cty-e374-n3777:la-e374-n3777:facade:450908871279:2","cty-e374-n3777:la-e374-n3777:facade:450908871279:3","cty-e374-n3777:la-e374-n3777:facade:450908871279:4","cty-e374-n3777:la-e374-n3777:facade:450908871279:5","cty-e374-n3777:la-e374-n3777:facade:450908871279:6"],"receiver_count":6,"periods":{"D":{"min":49.40322,"max":56.368404,"receiver_count":6,"unavailable_count":0},"E":{"min":47.184734,"max":54.149918,"receiver_count":6,"unavailable_count":0},"N":{"min":42.41352,"max":49.378704,"receiver_count":6,"unavailable_count":0}}}},{"type":"Feature","id":"dpw:452001871407@374380,3777872","geometry":{"type":"Polygon","coordinates":[[[-118.36232417956019,34.13417261652222],[-118.36238154284946,34.13423289885016],[-118.36245555157113,34.13418420408396],[-118.36239818826584,34.13412392269271],[-118.36232417956019,34.13417261652222]]]},"properties":{"building_pk":2063,"building_key":"dpw:452001871407@374380,3777872","source_tile":"cty-e374-n3777","source_tile_ids":["cty-e374-n3777"],"source_bld_id":"452001871407","height_m":5.383,"receiver_ids":[5398,5399,5400,5401],"receiver_keys":["cty-e374-n3777:la-e374-n3777:facade:452001871407:0","cty-e374-n3777:la-e374-n3777:facade:452001871407:1","cty-e374-n3777:la-e374-n3777:facade:452001871407:2","cty-e374-n3777:la-e374-n3777:facade:452001871407:3"],"receiver_count":4,"periods":{"D":{"min":49.082935,"max":61.62235,"receiver_count":4,"unavailable_count":0},"E":{"min":46.86445,"max":59.403862,"receiver_count":4,"unavailable_count":0},"N":{"min":42.093235,"max":54.63265,"receiver_count":4,"unavailable_count":0}}}},{"type":"Feature","id":"dpw:451666871081@374277,3777772","geometry":{"type":"Polygon","coordinates":[[[-118.3634747409011,34.1333182243386],[-118.3635080102482,34.133308974607544],[-118.36351706324149,34.1333314794664],[-118.36355845179091,34.13331997851064],[-118.36351215082817,34.133204816742726],[-118.3634727092206,34.13321576189149],[-118.36347023796172,34.13320966953138],[-118.36343505416508,34.13321944789905],[-118.3634747409011,34.1333182243386]]]},"properties":{"building_pk":2065,"building_key":"dpw:451666871081@374277,3777772","source_tile":"cty-e374-n3777","source_tile_ids":["cty-e374-n3777"],"source_bld_id":"451666871081","height_m":5.383,"receiver_ids":[4483,4484,4485,4486,4487],"receiver_keys":["cty-e374-n3777:la-e374-n3777:facade:451666871081:0","cty-e374-n3777:la-e374-n3777:facade:451666871081:1","cty-e374-n3777:la-e374-n3777:facade:451666871081:2","cty-e374-n3777:la-e374-n3777:facade:451666871081:3","cty-e374-n3777:la-e374-n3777:facade:451666871081:4"],"receiver_count":5,"periods":{"D":{"min":51.769985,"max":58.05637,"receiver_count":5,"unavailable_count":0},"E":{"min":49.5515,"max":55.837883,"receiver_count":5,"unavailable_count":0},"N":{"min":44.780285,"max":51.06667,"receiver_count":5,"unavailable_count":0}}}},{"type":"Feature","id":"dpw:451752871019@374303,3777754","geometry":{"type":"Polygon","coordinates":[[[-118.36326176331748,34.13311997315611],[-118.3632420552241,34.1330637558145],[-118.36315055064065,34.13308595881038],[-118.363172876087,34.133143734270604],[-118.36326176331748,34.13311997315611]]]},"properties":{"building_pk":2113,"building_key":"dpw:451752871019@374303,3777754","source_tile":"cty-e374-n3777","source_tile_ids":["cty-e374-n3777"],"source_bld_id":"451752871019","height_m":1.765,"receiver_ids":[4468,4469,4470,4471],"receiver_keys":["cty-e374-n3777:la-e374-n3777:facade:451752871019:0","cty-e374-n3777:la-e374-n3777:facade:451752871019:1","cty-e374-n3777:la-e374-n3777:facade:451752871019:2","cty-e374-n3777:la-e374-n3777:facade:451752871019:3"],"receiver_count":4,"periods":{"D":{"min":59.75567,"max":60.88307,"receiver_count":4,"unavailable_count":0},"E":{"min":57.53718,"max":58.664585,"receiver_count":4,"unavailable_count":0},"N":{"min":52.76597,"max":53.89337,"receiver_count":4,"unavailable_count":0}}}},{"type":"Feature","id":"dpw:451769870062@374305,3777462","geometry":{"type":"Polygon","coordinates":[[[-118.36308998263809,34.130500406458474],[-118.36320457876046,34.13049253344558],[-118.36319963799684,34.13044303144293],[-118.36308523986617,34.13045054684848],[-118.36308998263809,34.130500406458474]]]},"properties":{"building_pk":2114,"building_key":"dpw:451769870062@374305,3777462","source_tile":"cty-e374-n3777","source_tile_ids":["cty-e374-n3777"],"source_bld_id":"451769870062","height_m":6.507,"receiver_ids":[4103,4104,4105,4106],"receiver_keys":["cty-e374-n3777:la-e374-n3777:facade:451769870062:0","cty-e374-n3777:la-e374-n3777:facade:451769870062:1","cty-e374-n3777:la-e374-n3777:facade:451769870062:2","cty-e374-n3777:la-e374-n3777:facade:451769870062:3"],"receiver_count":4,"periods":{"D":{"min":60.479565,"max":60.786686,"receiver_count":4,"unavailable_count":0},"E":{"min":58.261078,"max":58.5682,"receiver_count":4,"unavailable_count":0},"N":{"min":53.489864,"max":53.796986,"receiver_count":4,"unavailable_count":0}}}},{"type":"Feature","id":"dpw:452859871406@374640,3777868","geometry":{"type":"Polygon","coordinates":[[[-118.35955562575906,34.134125046724535],[-118.35949926505613,34.13414386442565],[-118.35948078758872,34.13418494556076],[-118.35956859167776,34.134212336310604],[-118.3595440413999,34.13426667998015],[-118.35961578062157,34.13428908159883],[-118.3596699542357,34.13416913968545],[-118.35959910854211,34.1341470104095],[-118.35960768500448,34.13412802469859],[-118.35956089568838,34.13411340754957],[-118.35955562575906,34.134125046724535]]]},"properties":{"building_pk":2122,"building_key":"dpw:452859871406@374640,3777868","source_tile":"cty-e374-n3777","source_tile_ids":["cty-e374-n3777"],"source_bld_id":"452859871406","height_m":5.611,"receiver_ids":[5959,5960,5961,5962,5963,5964,5965],"receiver_keys":["cty-e374-n3777:la-e374-n3777:facade:452859871406:0","cty-e374-n3777:la-e374-n3777:facade:452859871406:1","cty-e374-n3777:la-e374-n3777:facade:452859871406:2","cty-e374-n3777:la-e374-n3777:facade:452859871406:3","cty-e374-n3777:la-e374-n3777:facade:452859871406:4","cty-e374-n3777:la-e374-n3777:facade:452859871406:5","cty-e374-n3777:la-e374-n3777:facade:452859871406:6"],"receiver_count":7,"periods":{"D":{"min":69.37837,"max":74.13097,"receiver_count":7,"unavailable_count":0},"E":{"min":67.15989,"max":71.91248,"receiver_count":7,"unavailable_count":0},"N":{"min":62.388676,"max":67.141266,"receiver_count":7,"unavailable_count":0}}}},{"type":"Feature","id":"dpw:452000871695@374380,3777959","geometry":{"type":"Polygon","coordinates":[[[-118.36236147447262,34.13495477362405],[-118.36240035278612,34.13499672723925],[-118.3624451706527,34.1349680150834],[-118.36240629233009,34.13492606148261],[-118.36236147447262,34.13495477362405]]]},"properties":{"building_pk":2123,"building_key":"dpw:452000871695@374380,3777959","source_tile":"cty-e374-n3777","source_tile_ids":["cty-e374-n3777"],"source_bld_id":"452000871695","height_m":2.984,"receiver_ids":[5599,5600,5601],"receiver_keys":["cty-e374-n3777:la-e374-n3777:facade:452000871695:0","cty-e374-n3777:la-e374-n3777:facade:452000871695:1","cty-e374-n3777:la-e374-n3777:facade:452000871695:2"],"receiver_count":3,"periods":{"D":{"min":63.644142,"max":69.41909,"receiver_count":3,"unavailable_count":0},"E":{"min":61.425655,"max":67.20061,"receiver_count":3,"unavailable_count":0},"N":{"min":56.65444,"max":62.429394,"receiver_count":3,"unavailable_count":0}}}},{"type":"Feature","id":"dpw:451224870578@374145,3777615","geometry":{"type":"Polygon","coordinates":[[[-118.36501753416022,34.13191523110964],[-118.36502703012474,34.1318491982932],[-118.36505000287686,34.13185066783805],[-118.36505680638062,34.13178178528212],[-118.36500881157002,34.13177852241704],[-118.36500849579436,34.13178193117591],[-118.36481486342973,34.13176866634231],[-118.36481340801399,34.13178345411875],[-118.36479476513844,34.13178219143648],[-118.36477684554549,34.13180282757757],[-118.36477208828467,34.13190143569073],[-118.3648078473088,34.13190264672042],[-118.3648074260074,34.131911935613594],[-118.36501753416022,34.13191523110964]]]},"properties":{"building_pk":2131,"building_key":"dpw:451224870578@374145,3777615","source_tile":"cty-e374-n3777","source_tile_ids":["cty-e374-n3777"],"source_bld_id":"451224870578","height_m":8.281,"receiver_ids":[4185,4186,4187,4188,4189,4190,4191,4192,4193],"receiver_keys":["cty-e374-n3777:la-e374-n3777:facade:451224870578:0","cty-e374-n3777:la-e374-n3777:facade:451224870578:1","cty-e374-n3777:la-e374-n3777:facade:451224870578:2","cty-e374-n3777:la-e374-n3777:facade:451224870578:3","cty-e374-n3777:la-e374-n3777:facade:451224870578:4","cty-e374-n3777:la-e374-n3777:facade:451224870578:5","cty-e374-n3777:la-e374-n3777:facade:451224870578:6","cty-e374-n3777:la-e374-n3777:facade:451224870578:7","cty-e374-n3777:la-e374-n3777:facade:451224870578:8"],"receiver_count":9,"periods":{"D":{"min":52.18388,"max":60.104137,"receiver_count":9,"unavailable_count":0},"E":{"min":49.965393,"max":57.88565,"receiver_count":9,"unavailable_count":0},"N":{"min":45.19418,"max":53.114437,"receiver_count":9,"unavailable_count":0}}}},{"type":"Feature","id":"dpw:451176871318@374128,3777843","geometry":{"type":"Polygon","coordinates":[[[-118.36514452220723,34.13400183989132],[-118.36516999461652,34.13393235189476],[-118.36519179519476,34.13393786383611],[-118.36521164975204,34.133883588189676],[-118.36519219792173,34.13387867318503],[-118.36519797810584,34.133862910398506],[-118.36512241837423,34.133843766454255],[-118.36513348894614,34.13381353336652],[-118.36509736374629,34.133804381907446],[-118.36508697861373,34.133832689044105],[-118.3650637225471,34.13382679652388],[-118.36503932813548,34.133893396327515],[-118.36507710753081,34.133902982757554],[-118.36506969464078,34.13392322929938],[-118.36504329525387,34.13391652136299],[-118.3650233097542,34.133971127339066],[-118.36514452220723,34.13400183989132]]]},"properties":{"building_pk":2136,"building_key":"dpw:451176871318@374128,3777843","source_tile":"cty-e374-n3777","source_tile_ids":["cty-e374-n3777"],"source_bld_id":"451176871318","height_m":8.001,"receiver_ids":[5452,5453,5454,5455,5456,5457,5458],"receiver_keys":["cty-e374-n3777:la-e374-n3777:facade:451176871318:0","cty-e374-n3777:la-e374-n3777:facade:451176871318:1","cty-e374-n3777:la-e374-n3777:facade:451176871318:2","cty-e374-n3777:la-e374-n3777:facade:451176871318:3","cty-e374-n3777:la-e374-n3777:facade:451176871318:4","cty-e374-n3777:la-e374-n3777:facade:451176871318:6","cty-e374-n3777:la-e374-n3777:facade:451176871318:7"],"receiver_count":7,"periods":{"D":{"min":47.94345,"max":56.414215,"receiver_count":7,"unavailable_count":0},"E":{"min":45.72496,"max":54.19573,"receiver_count":7,"unavailable_count":0},"N":{"min":40.95375,"max":49.424515,"receiver_count":7,"unavailable_count":0}}}},{"type":"Feature","id":"dpw:453137868735@374719,3777054","geometry":{"type":"Polygon","coordinates":[[[-118.35867723415595,34.1267527979369],[-118.35863609385042,34.12679073041216],[-118.35862160577118,34.126779479865],[-118.35860297448444,34.12679605037192],[-118.35857542436445,34.126774671055124],[-118.35854830154406,34.126798822513734],[-118.3585177677371,34.12677508911028],[-118.35846944559341,34.126818126589605],[-118.35848585687467,34.12683091127354],[-118.35847419313158,34.12683869456418],[-118.35852452303861,34.12689424485009],[-118.35853535083017,34.12688415520197],[-118.3585495049799,34.126894637740286],[-118.3585554295146,34.12688909735899],[-118.35862182414957,34.12693827928235],[-118.35864644126708,34.12691528920775],[-118.3586642756783,34.126928508692615],[-118.35870162842055,34.12689363734278],[-118.35867613772211,34.12687472484874],[-118.35866952319536,34.12688089925991],[-118.35866315889488,34.126876164348865],[-118.35874306544493,34.126801569463375],[-118.35867723415595,34.1267527979369]]]},"properties":{"building_pk":2195,"building_key":"dpw:453137868735@374719,3777054","source_tile":"cty-e374-n3777","source_tile_ids":["cty-e374-n3777"],"source_bld_id":"453137868735","height_m":6.276,"receiver_ids":[2765,2766,2767,2768,2769,2770,2771,2772],"receiver_keys":["cty-e374-n3777:la-e374-n3777:facade:453137868735:1","cty-e374-n3777:la-e374-n3777:facade:453137868735:2","cty-e374-n3777:la-e374-n3777:facade:453137868735:3","cty-e374-n3777:la-e374-n3777:facade:453137868735:4","cty-e374-n3777:la-e374-n3777:facade:453137868735:5","cty-e374-n3777:la-e374-n3777:facade:453137868735:6","cty-e374-n3777:la-e374-n3777:facade:453137868735:7","cty-e374-n3777:la-e374-n3777:facade:453137868735:8"],"receiver_count":8,"periods":{"D":{"min":49.712776,"max":51.74969,"receiver_count":8,"unavailable_count":0},"E":{"min":47.49429,"max":49.531204,"receiver_count":8,"unavailable_count":0},"N":{"min":42.723076,"max":44.75999,"receiver_count":8,"unavailable_count":0}}}},{"type":"Feature","id":"dpw:452869869235@374642,3777208","geometry":{"type":"Polygon","coordinates":[[[-118.35936912785503,34.12828628853258],[-118.35946760850295,34.12826607355922],[-118.35946729161284,34.12826145773813],[-118.35961273746733,34.1282544303628],[-118.3596068164846,34.128156224780035],[-118.35937790012473,34.128166976678095],[-118.35937958937976,34.12819098856208],[-118.3593625434486,34.12819180825285],[-118.35936912785503,34.12828628853258]]]},"properties":{"building_pk":2196,"building_key":"dpw:452869869235@374642,3777208","source_tile":"cty-e374-n3777","source_tile_ids":["cty-e374-n3777"],"source_bld_id":"452869869235","height_m":4.383,"receiver_ids":[3365,3366,3367,3368,3369,3370,3371,3372],"receiver_keys":["cty-e374-n3777:la-e374-n3777:facade:452869869235:0","cty-e374-n3777:la-e374-n3777:facade:452869869235:1","cty-e374-n3777:la-e374-n3777:facade:452869869235:2","cty-e374-n3777:la-e374-n3777:facade:452869869235:3","cty-e374-n3777:la-e374-n3777:facade:452869869235:4","cty-e374-n3777:la-e374-n3777:facade:452869869235:5","cty-e374-n3777:la-e374-n3777:facade:452869869235:6","cty-e374-n3777:la-e374-n3777:facade:452869869235:7"],"receiver_count":8,"periods":{"D":{"min":53.19955,"max":60.304512,"receiver_count":8,"unavailable_count":0},"E":{"min":50.981064,"max":58.086025,"receiver_count":8,"unavailable_count":0},"N":{"min":46.20985,"max":53.31481,"receiver_count":8,"unavailable_count":0}}}},{"type":"Feature","id":"dpw:452155869670@374428,3777342","geometry":{"type":"Polygon","coordinates":[[[-118.36185650640802,34.129421795610135],[-118.36194913592708,34.1294389124964],[-118.36196099523964,34.12939616943676],[-118.36167673401508,34.1293416831886],[-118.36165984676371,34.12941004667911],[-118.36169033589182,34.12941525828149],[-118.36169260878256,34.12940612884114],[-118.36185325301523,34.129433566783796],[-118.36185650640802,34.129421795610135]]]},"properties":{"building_pk":2197,"building_key":"dpw:452155869670@374428,3777342","source_tile":"cty-e374-n3777","source_tile_ids":["cty-e374-n3777"],"source_bld_id":"452155869670","height_m":1.567,"receiver_ids":[4032,4033,4034,4035,4036,4037,4038],"receiver_keys":["cty-e374-n3777:la-e374-n3777:facade:452155869670:0","cty-e374-n3777:la-e374-n3777:facade:452155869670:1","cty-e374-n3777:la-e374-n3777:facade:452155869670:2","cty-e374-n3777:la-e374-n3777:facade:452155869670:3","cty-e374-n3777:la-e374-n3777:facade:452155869670:4","cty-e374-n3777:la-e374-n3777:facade:452155869670:5","cty-e374-n3777:la-e374-n3777:facade:452155869670:6"],"receiver_count":7,"periods":{"D":{"min":59.116096,"max":61.6687,"receiver_count":7,"unavailable_count":0},"E":{"min":56.897606,"max":59.450214,"receiver_count":7,"unavailable_count":0},"N":{"min":52.126396,"max":54.679,"receiver_count":7,"unavailable_count":0}}}},{"type":"Feature","id":"dpw:452153869570@374421,3777311","geometry":{"type":"Polygon","coordinates":[[[-118.36189174760833,34.12913563554924],[-118.36189122266168,34.12911354408868],[-118.36184476688291,34.1291143151457],[-118.36184529181722,34.12913640660649],[-118.36189174760833,34.12913563554924]]]},"properties":{"building_pk":2198,"building_key":"dpw:452153869570@374421,3777311","source_tile":"cty-e374-n3777","source_tile_ids":["cty-e374-n3777"],"source_bld_id":"452153869570","height_m":2.472,"receiver_ids":[4021,4022,4023,4024],"receiver_keys":["cty-e374-n3777:la-e374-n3777:facade:452153869570:0","cty-e374-n3777:la-e374-n3777:facade:452153869570:1","cty-e374-n3777:la-e374-n3777:facade:452153869570:2","cty-e374-n3777:la-e374-n3777:facade:452153869570:3"],"receiver_count":4,"periods":{"D":{"min":60.069576,"max":60.34264,"receiver_count":4,"unavailable_count":0},"E":{"min":57.85109,"max":58.12415,"receiver_count":4,"unavailable_count":0},"N":{"min":53.079876,"max":53.35294,"receiver_count":4,"unavailable_count":0}}}},{"type":"Feature","id":"dpw:452169868909@374423,3777109","geometry":{"type":"Polygon","coordinates":[[[-118.36178109926111,34.12731422836375],[-118.36181936306124,34.12732955713218],[-118.36183533594527,34.127302029610114],[-118.36179707215877,34.12728670174824],[-118.36178109926111,34.12731422836375]]]},"properties":{"building_pk":2199,"building_key":"dpw:452169868909@374423,3777109","source_tile":"cty-e374-n3777","source_tile_ids":["cty-e374-n3777"],"source_bld_id":"452169868909","height_m":4.895,"receiver_ids":[3928,3929,3930,3931],"receiver_keys":["cty-e374-n3777:la-e374-n3777:facade:452169868909:0","cty-e374-n3777:la-e374-n3777:facade:452169868909:1","cty-e374-n3777:la-e374-n3777:facade:452169868909:2","cty-e374-n3777:la-e374-n3777:facade:452169868909:3"],"receiver_count":4,"periods":{"D":{"min":41.871758,"max":45.107666,"receiver_count":4,"unavailable_count":0},"E":{"min":39.65327,"max":42.88918,"receiver_count":4,"unavailable_count":0},"N":{"min":34.882057,"max":38.117966,"receiver_count":4,"unavailable_count":0}}}},{"type":"Feature","id":"dpw:451510868940@374220,3777125","geometry":{"type":"Polygon","coordinates":[[[-118.36389057867343,34.12738970036351],[-118.3639151504253,34.12740963055951],[-118.36387313804117,34.12744424348779],[-118.3639395323179,34.12749999018988],[-118.3640027813148,34.12744783701637],[-118.36401160225734,34.12745525803748],[-118.36397502334971,34.127485401952924],[-118.36403365757256,34.12753460518555],[-118.36412443000182,34.127459754027704],[-118.3641024751938,34.12744132696457],[-118.36410632828795,34.12743815547505],[-118.36406142439556,34.127400507375675],[-118.36413300168323,34.12734151434017],[-118.36404186728188,34.12726501318146],[-118.36389057867343,34.12738970036351]]]},"properties":{"building_pk":2200,"building_key":"dpw:451510868940@374220,3777125","source_tile":"cty-e374-n3777","source_tile_ids":["cty-e374-n3777"],"source_bld_id":"451510868940","height_m":4.362,"receiver_ids":[3040,3041,3042,3043,3044,3045,3046,3047],"receiver_keys":["cty-e374-n3777:la-e374-n3777:facade:451510868940:0","cty-e374-n3777:la-e374-n3777:facade:451510868940:1","cty-e374-n3777:la-e374-n3777:facade:451510868940:10","cty-e374-n3777:la-e374-n3777:facade:451510868940:3","cty-e374-n3777:la-e374-n3777:facade:451510868940:4","cty-e374-n3777:la-e374-n3777:facade:451510868940:5","cty-e374-n3777:la-e374-n3777:facade:451510868940:7","cty-e374-n3777:la-e374-n3777:facade:451510868940:8"],"receiver_count":8,"periods":{"D":{"min":41.363445,"max":54.19774,"receiver_count":8,"unavailable_count":0},"E":{"min":39.14496,"max":51.979248,"receiver_count":8,"unavailable_count":0},"N":{"min":34.373745,"max":47.20804,"receiver_count":8,"unavailable_count":0}}}},{"type":"Feature","id":"dpw:451386868873@374178,3777105","geometry":{"type":"Polygon","coordinates":[[[-118.36442942206823,34.12710504429082],[-118.364250550742,34.12723910360871],[-118.36430774655376,34.12729182793347],[-118.36436761600564,34.12724537344444],[-118.36442322560814,34.127290572870606],[-118.36442533510235,34.12733480757064],[-118.36459160787305,34.127327656408525],[-118.36457546770674,34.12726367893055],[-118.36455666753704,34.12726390061697],[-118.36455474744639,34.12722507906958],[-118.36451335478942,34.12722745684549],[-118.36451545266118,34.12722352162633],[-118.36449287423002,34.127206030505846],[-118.36452394525847,34.1271782650676],[-118.36442942206823,34.12710504429082]]]},"properties":{"building_pk":2201,"building_key":"dpw:451386868873@374178,3777105","source_tile":"cty-e374-n3777","source_tile_ids":["cty-e374-n3777"],"source_bld_id":"451386868873","height_m":4.578,"receiver_ids":[3032,3033,3034,3035,3036,3037,3038,3039],"receiver_keys":["cty-e374-n3777:la-e374-n3777:facade:451386868873:10","cty-e374-n3777:la-e374-n3777:facade:451386868873:2","cty-e374-n3777:la-e374-n3777:facade:451386868873:3","cty-e374-n3777:la-e374-n3777:facade:451386868873:4","cty-e374-n3777:la-e374-n3777:facade:451386868873:5","cty-e374-n3777:la-e374-n3777:facade:451386868873:7","cty-e374-n3777:la-e374-n3777:facade:451386868873:8","cty-e374-n3777:la-e374-n3777:facade:451386868873:9"],"receiver_count":8,"periods":{"D":{"min":41.293358,"max":54.46567,"receiver_count":8,"unavailable_count":0},"E":{"min":39.07487,"max":52.247185,"receiver_count":8,"unavailable_count":0},"N":{"min":34.303658,"max":47.47597,"receiver_count":8,"unavailable_count":0}}}},{"type":"Feature","id":"dpw:453504870978@374838,3777735","geometry":{"type":"Polygon","coordinates":[[[-118.35747281190677,34.133060262974354],[-118.35747962998555,34.13303944168049],[-118.35750308451676,34.133045527097586],[-118.35752092386898,34.13299804635127],[-118.35749561660771,34.13299147057262],[-118.35750290262891,34.13297207682737],[-118.35743915431544,34.13295553104776],[-118.35743474315049,34.1329672496296],[-118.35740407633436,34.13295926164762],[-118.35740054754027,34.13296866968821],[-118.35731132687741,34.132945466485786],[-118.3572963945932,34.13298521785731],[-118.35727055770916,34.13297850656369],[-118.35725768453739,34.13301275608343],[-118.35733651831633,34.13303324215132],[-118.35733939343177,34.13302562198704],[-118.35747281190677,34.133060262974354]]]},"properties":{"building_pk":2205,"building_key":"dpw:453504870978@374838,3777735","source_tile":"cty-e374-n3777","source_tile_ids":["cty-e374-n3777"],"source_bld_id":"453504870978","height_m":4.727,"receiver_ids":[4994,4995,4996,4997,4998,4999,5000],"receiver_keys":["cty-e374-n3777:la-e374-n3777:facade:453504870978:0","cty-e374-n3777:la-e374-n3777:facade:453504870978:1","cty-e374-n3777:la-e374-n3777:facade:453504870978:2","cty-e374-n3777:la-e374-n3777:facade:453504870978:3","cty-e374-n3777:la-e374-n3777:facade:453504870978:4","cty-e374-n3777:la-e374-n3777:facade:453504870978:5","cty-e374-n3777:la-e374-n3777:facade:453504870978:6"],"receiver_count":7,"periods":{"D":{"min":64.80789,"max":67.90583,"receiver_count":7,"unavailable_count":0},"E":{"min":62.589405,"max":65.68734,"receiver_count":7,"unavailable_count":0},"N":{"min":57.81819,"max":60.916126,"receiver_count":7,"unavailable_count":0}}}},{"type":"Feature","id":"dpw:453795870293@374916,3777527","geometry":{"type":"Polygon","coordinates":[[[-118.35667168295515,34.13109637962089],[-118.35645209140648,34.131070263500355],[-118.356365482546,34.13103155360877],[-118.35632019373271,34.131097032218406],[-118.35641448157189,34.13114643605291],[-118.35658658616053,34.131164366660684],[-118.35659279539806,34.131225460730576],[-118.35666827628671,34.13121952319648],[-118.35666244247818,34.13116131203467],[-118.35667168295515,34.13109637962089]]]},"properties":{"building_pk":2206,"building_key":"dpw:453795870293@374916,3777527","source_tile":"cty-e374-n3777","source_tile_ids":["cty-e374-n3777"],"source_bld_id":"453795870293","height_m":3.679,"receiver_ids":[4588,4589,4590,4591,4592,4593,4594,4595,4596],"receiver_keys":["cty-e374-n3777:la-e374-n3777:facade:453795870293:0","cty-e374-n3777:la-e374-n3777:facade:453795870293:1","cty-e374-n3777:la-e374-n3777:facade:453795870293:2","cty-e374-n3777:la-e374-n3777:facade:453795870293:3","cty-e374-n3777:la-e374-n3777:facade:453795870293:4","cty-e374-n3777:la-e374-n3777:facade:453795870293:5","cty-e374-n3777:la-e374-n3777:facade:453795870293:6","cty-e374-n3777:la-e374-n3777:facade:453795870293:7","cty-e374-n3777:la-e374-n3777:facade:453795870293:8"],"receiver_count":9,"periods":{"D":{"min":63.472,"max":65.2013,"receiver_count":9,"unavailable_count":0},"E":{"min":61.253513,"max":62.982815,"receiver_count":9,"unavailable_count":0},"N":{"min":56.4823,"max":58.2116,"receiver_count":9,"unavailable_count":0}}}},{"type":"Feature","id":"dpw:451173870980@374128,3777746","geometry":{"type":"Polygon","coordinates":[[[-118.36508758966056,34.13301175588233],[-118.36511442060379,34.13301903948736],[-118.3650981784964,34.13306038880395],[-118.36516998142451,34.13308212791191],[-118.36522053062974,34.132966646221284],[-118.36505117295941,34.132920636752694],[-118.36501391601455,34.13301544117714],[-118.36507915738682,34.13303316037074],[-118.36508758966056,34.13301175588233]]]},"properties":{"building_pk":2221,"building_key":"dpw:451173870980@374128,3777746","source_tile":"cty-e374-n3777","source_tile_ids":["cty-e374-n3777"],"source_bld_id":"451173870980","height_m":7.431,"receiver_ids":[5226,5227,5228,5229,5230,5231],"receiver_keys":["cty-e374-n3777:la-e374-n3777:facade:451173870980:1","cty-e374-n3777:la-e374-n3777:facade:451173870980:2","cty-e374-n3777:la-e374-n3777:facade:451173870980:3","cty-e374-n3777:la-e374-n3777:facade:451173870980:4","cty-e374-n3777:la-e374-n3777:facade:451173870980:5","cty-e374-n3777:la-e374-n3777:facade:451173870980:6"],"receiver_count":6,"periods":{"D":{"min":52.456013,"max":58.04111,"receiver_count":6,"unavailable_count":0},"E":{"min":50.237526,"max":55.822624,"receiver_count":6,"unavailable_count":0},"N":{"min":45.466312,"max":51.05141,"receiver_count":6,"unavailable_count":0}}}},{"type":"Feature","id":"dpw:453072870243@374707,3777517","geometry":{"type":"Polygon","coordinates":[[[-118.3587002461277,34.13111458571688],[-118.3588135001069,34.13104783345099],[-118.35882515667474,34.13106148325661],[-118.35888857356825,34.1310240886082],[-118.35888080252045,34.131014989042505],[-118.35893775807618,34.130981405410694],[-118.35888847276375,34.13092359834263],[-118.35884153638328,34.13095129943858],[-118.35884804577064,34.13095894677242],[-118.35883446572245,34.1309669557607],[-118.35881191514797,34.13094050583776],[-118.35864025562157,34.13104172492069],[-118.35867220512019,34.131079194403284],[-118.35867840151414,34.13107554823733],[-118.35868653881488,34.1310851146261],[-118.35867892468178,34.131089588101474],[-118.3587002461277,34.13111458571688]]]},"properties":{"building_pk":2246,"building_key":"dpw:453072870243@374707,3777517","source_tile":"cty-e374-n3777","source_tile_ids":["cty-e374-n3777"],"source_bld_id":"453072870243","height_m":4.365,"receiver_ids":[4682,4683,4684,4685,4686,4687,4688],"receiver_keys":["cty-e374-n3777:la-e374-n3777:facade:453072870243:0","cty-e374-n3777:la-e374-n3777:facade:453072870243:1","cty-e374-n3777:la-e374-n3777:facade:453072870243:2","cty-e374-n3777:la-e374-n3777:facade:453072870243:3","cty-e374-n3777:la-e374-n3777:facade:453072870243:5","cty-e374-n3777:la-e374-n3777:facade:453072870243:6","cty-e374-n3777:la-e374-n3777:facade:453072870243:7"],"receiver_count":7,"periods":{"D":{"min":57.947426,"max":60.12644,"receiver_count":7,"unavailable_count":0},"E":{"min":55.72894,"max":57.90795,"receiver_count":7,"unavailable_count":0},"N":{"min":50.957726,"max":53.13674,"receiver_count":7,"unavailable_count":0}}}},{"type":"Feature","id":"dpw:451326869143@374170,3777177","geometry":{"type":"Polygon","coordinates":[[[-118.36463407484206,34.12804895789827],[-118.36469470394276,34.12798719558412],[-118.3646862197568,34.12798145045272],[-118.36469263506372,34.12797491840255],[-118.36465634521362,34.12795029696495],[-118.36466680672102,34.12793963088762],[-118.36460821295357,34.12789985339332],[-118.36461906834928,34.127888774130184],[-118.36455782376753,34.12784719071838],[-118.36456440325517,34.12784052114636],[-118.36455462726707,34.1278338738588],[-118.36456923326095,34.12781899052723],[-118.36458089899956,34.1278269249158],[-118.36459649151325,34.12781104962065],[-118.36458555546635,34.127803635923314],[-118.36458749611359,34.127801679146394],[-118.36450921694588,34.12774855153974],[-118.36447668183737,34.1277817062615],[-118.36446929149547,34.127776699780426],[-118.36439257668594,34.127854861629494],[-118.3644827207211,34.12791608718895],[-118.36445972547186,34.12793954146329],[-118.36448090294115,34.127953931024955],[-118.36449103539037,34.127943623864965],[-118.36451065471786,34.127956946194196],[-118.36450581844392,34.12796187955771],[-118.36463407484206,34.12804895789827]]]},"properties":{"building_pk":2247,"building_key":"dpw:451326869143@374170,3777177","source_tile":"cty-e374-n3777","source_tile_ids":["cty-e374-n3777"],"source_bld_id":"451326869143","height_m":7.081,"receiver_ids":[3079,3080,3081,3082,3083,3084,3085,3086,3087,3088],"receiver_keys":["cty-e374-n3777:la-e374-n3777:facade:451326869143:0","cty-e374-n3777:la-e374-n3777:facade:451326869143:10","cty-e374-n3777:la-e374-n3777:facade:451326869143:2","cty-e374-n3777:la-e374-n3777:facade:451326869143:3","cty-e374-n3777:la-e374-n3777:facade:451326869143:4","cty-e374-n3777:la-e374-n3777:facade:451326869143:5","cty-e374-n3777:la-e374-n3777:facade:451326869143:6","cty-e374-n3777:la-e374-n3777:facade:451326869143:7","cty-e374-n3777:la-e374-n3777:facade:451326869143:8","cty-e374-n3777:la-e374-n3777:facade:451326869143:9"],"receiver_count":10,"periods":{"D":{"min":36.910645,"max":53.741936,"receiver_count":10,"unavailable_count":0},"E":{"min":34.692158,"max":51.52345,"receiver_count":10,"unavailable_count":0},"N":{"min":29.920944,"max":46.752235,"receiver_count":10,"unavailable_count":0}}}},{"type":"Feature","id":"dpw:452534868786@374532,3777078","geometry":{"type":"Polygon","coordinates":[[[-118.36065865455583,34.12714182756514],[-118.36068932692298,34.12705982161654],[-118.3606732842154,34.12705566562904],[-118.360676190631,34.12704788031054],[-118.36069957855356,34.12705393825494],[-118.36071532257834,34.12701173907389],[-118.36070182604139,34.127008261560064],[-118.36071071128765,34.12698443811149],[-118.36069909990464,34.12698145081598],[-118.36070664572617,34.126961258242446],[-118.36057458734408,34.1269273425334],[-118.36054994744276,34.12698639899965],[-118.36056455524368,34.12699015088835],[-118.3605500520262,34.127028993537465],[-118.36054360103293,34.12702730978],[-118.36051753447725,34.12709718351254],[-118.36058349459796,34.12711418805182],[-118.36057679867088,34.127132124243296],[-118.36059648136057,34.127137204276636],[-118.3606003683222,34.12712677814163],[-118.36065865455583,34.12714182756514]]]},"properties":{"building_pk":2254,"building_key":"dpw:452534868786@374532,3777078","source_tile":"cty-e374-n3777","source_tile_ids":["cty-e374-n3777"],"source_bld_id":"452534868786","height_m":11.643,"receiver_ids":[2790,2791,2792,2793,2794,2795,2796,2797],"receiver_keys":["cty-e374-n3777:la-e374-n3777:facade:452534868786:0","cty-e374-n3777:la-e374-n3777:facade:452534868786:1","cty-e374-n3777:la-e374-n3777:facade:452534868786:2","cty-e374-n3777:la-e374-n3777:facade:452534868786:3","cty-e374-n3777:la-e374-n3777:facade:452534868786:4","cty-e374-n3777:la-e374-n3777:facade:452534868786:5","cty-e374-n3777:la-e374-n3777:facade:452534868786:6","cty-e374-n3777:la-e374-n3777:facade:452534868786:7"],"receiver_count":8,"periods":{"D":{"min":43.493237,"max":57.22365,"receiver_count":8,"unavailable_count":0},"E":{"min":41.27475,"max":55.005165,"receiver_count":8,"unavailable_count":0},"N":{"min":36.503536,"max":50.23395,"receiver_count":8,"unavailable_count":0}}}},{"type":"Feature","id":"dpw:452926870132@374659,3777484","geometry":{"type":"Polygon","coordinates":[[[-118.35924773580776,34.13082539336124],[-118.35933155599552,34.1307762593454],[-118.35932325268851,34.130766419426664],[-118.35937961687996,34.13073355226143],[-118.35935440729237,34.13070367549469],[-118.35940421262718,34.13067461967572],[-118.35934316574371,34.130602229364754],[-118.35927487044769,34.13064205667153],[-118.35929542951895,34.1306664794651],[-118.35917360427483,34.13073751650824],[-118.35924773580776,34.13082539336124]]]},"properties":{"building_pk":2259,"building_key":"dpw:452926870132@374659,3777484","source_tile":"cty-e374-n3777","source_tile_ids":["cty-e374-n3777"],"source_bld_id":"452926870132","height_m":3.423,"receiver_ids":[4674,4675,4676,4677,4678,4679,4680,4681],"receiver_keys":["cty-e374-n3777:la-e374-n3777:facade:452926870132:0","cty-e374-n3777:la-e374-n3777:facade:452926870132:1","cty-e374-n3777:la-e374-n3777:facade:452926870132:2","cty-e374-n3777:la-e374-n3777:facade:452926870132:3","cty-e374-n3777:la-e374-n3777:facade:452926870132:4","cty-e374-n3777:la-e374-n3777:facade:452926870132:5","cty-e374-n3777:la-e374-n3777:facade:452926870132:6","cty-e374-n3777:la-e374-n3777:facade:452926870132:7"],"receiver_count":8,"periods":{"D":{"min":58.55503,"max":59.281357,"receiver_count":8,"unavailable_count":0},"E":{"min":56.336544,"max":57.06287,"receiver_count":8,"unavailable_count":0},"N":{"min":51.56533,"max":52.291656,"receiver_count":8,"unavailable_count":0}}}},{"type":"Feature","id":"dpw:452572869214@374541,3777206","geometry":{"type":"Polygon","coordinates":[[[-118.3606090978452,34.12826954308287],[-118.36066921743212,34.12831107685424],[-118.36068301577079,34.12830782080418],[-118.36071669265007,34.128232620589266],[-118.3605811181695,34.128141025210645],[-118.36059098755725,34.128130939138465],[-118.36052537075747,34.12808664589787],[-118.36053905410336,34.12805673630812],[-118.36047109116171,34.128035257984855],[-118.36041691542339,34.128153770425726],[-118.3604637256627,34.128166436246445],[-118.36045898792402,34.1281711491788],[-118.36050548758273,34.128203546015605],[-118.36047334202999,34.128235434540045],[-118.36052325495015,34.128270211161464],[-118.36053829091905,34.12825530089223],[-118.360588303967,34.12829015922799],[-118.3606090978452,34.12826954308287]]]},"properties":{"building_pk":2260,"building_key":"dpw:452572869214@374541,3777206","source_tile":"cty-e374-n3777","source_tile_ids":["cty-e374-n3777"],"source_bld_id":"452572869214","height_m":8.629,"receiver_ids":[3307,3308,3309,3310,3311,3312,3313,3314,3315,3316],"receiver_keys":["cty-e374-n3777:la-e374-n3777:facade:452572869214:0","cty-e374-n3777:la-e374-n3777:facade:452572869214:1","cty-e374-n3777:la-e374-n3777:facade:452572869214:2","cty-e374-n3777:la-e374-n3777:facade:452572869214:3","cty-e374-n3777:la-e374-n3777:facade:452572869214:4","cty-e374-n3777:la-e374-n3777:facade:452572869214:5","cty-e374-n3777:la-e374-n3777:facade:452572869214:6","cty-e374-n3777:la-e374-n3777:facade:452572869214:7","cty-e374-n3777:la-e374-n3777:facade:452572869214:8","cty-e374-n3777:la-e374-n3777:facade:452572869214:9"],"receiver_count":10,"periods":{"D":{"min":51.695488,"max":59.534542,"receiver_count":10,"unavailable_count":0},"E":{"min":49.476997,"max":57.316055,"receiver_count":10,"unavailable_count":0},"N":{"min":44.705788,"max":52.54484,"receiver_count":10,"unavailable_count":0}}}},{"type":"Feature","id":"dpw:453557870028@374849,3777440","geometry":{"type":"Polygon","coordinates":[[[-118.35719987280986,34.13046505947601],[-118.35743998188256,34.13027436098328],[-118.35739957154118,34.13023634011447],[-118.35739394200266,34.13024122054405],[-118.35736654350205,34.13021695468394],[-118.35732504863725,34.13024983284811],[-118.35733274429728,34.13025656981123],[-118.35723921571572,34.130330682028685],[-118.35724326264166,34.130334214905616],[-118.35716267692162,34.13039812129248],[-118.35710767606133,34.13040996229047],[-118.35703995929619,34.13040752444087],[-118.357033209885,34.130475362385944],[-118.35712767679647,34.13048148601981],[-118.35719987280986,34.13046505947601]]]},"properties":{"building_pk":2278,"building_key":"dpw:453557870028@374849,3777440","source_tile":"cty-e374-n3777","source_tile_ids":["cty-e374-n3777"],"source_bld_id":"453557870028","height_m":5.441,"receiver_ids":[3709,3710,3711,3712,3713,3714,3715,3716,3717,3718,3719],"receiver_keys":["cty-e374-n3777:la-e374-n3777:facade:453557870028:0","cty-e374-n3777:la-e374-n3777:facade:453557870028:1","cty-e374-n3777:la-e374-n3777:facade:453557870028:10","cty-e374-n3777:la-e374-n3777:facade:453557870028:2","cty-e374-n3777:la-e374-n3777:facade:453557870028:3","cty-e374-n3777:la-e374-n3777:facade:453557870028:4","cty-e374-n3777:la-e374-n3777:facade:453557870028:5","cty-e374-n3777:la-e374-n3777:facade:453557870028:6","cty-e374-n3777:la-e374-n3777:facade:453557870028:7","cty-e374-n3777:la-e374-n3777:facade:453557870028:8","cty-e374-n3777:la-e374-n3777:facade:453557870028:9"],"receiver_count":11,"periods":{"D":{"min":63.453716,"max":64.46735,"receiver_count":11,"unavailable_count":0},"E":{"min":61.23523,"max":62.24886,"receiver_count":11,"unavailable_count":0},"N":{"min":56.464016,"max":57.477646,"receiver_count":11,"unavailable_count":0}}}},{"type":"Feature","id":"dpw:452973870717@374672,3777656","geometry":{"type":"Polygon","coordinates":[[[-118.35923576075086,34.13234476346425],[-118.35925869640343,34.13222988834379],[-118.35921544822133,34.132223916183705],[-118.35921146909224,34.13224376810303],[-118.35911607854483,34.13223058710668],[-118.35909708921419,34.13232558243401],[-118.35923576075086,34.13234476346425]]]},"properties":{"building_pk":2287,"building_key":"dpw:452973870717@374672,3777656","source_tile":"cty-e374-n3777","source_tile_ids":["cty-e374-n3777"],"source_bld_id":"452973870717","height_m":7.291,"receiver_ids":[4932,4933,4934,4935,4936],"receiver_keys":["cty-e374-n3777:la-e374-n3777:facade:452973870717:0","cty-e374-n3777:la-e374-n3777:facade:452973870717:2","cty-e374-n3777:la-e374-n3777:facade:452973870717:3","cty-e374-n3777:la-e374-n3777:facade:452973870717:4","cty-e374-n3777:la-e374-n3777:facade:452973870717:5"],"receiver_count":5,"periods":{"D":{"min":62.83885,"max":65.81961,"receiver_count":5,"unavailable_count":0},"E":{"min":60.620358,"max":63.601124,"receiver_count":5,"unavailable_count":0},"N":{"min":55.849148,"max":58.82991,"receiver_count":5,"unavailable_count":0}}}},{"type":"Feature","id":"dpw:452767869005@374607,3777135","geometry":{"type":"Polygon","coordinates":[[[-118.35975188738428,34.12763087852531],[-118.35982900212584,34.12765977669008],[-118.35986224251108,34.12759839945664],[-118.35986687687958,34.12760014455451],[-118.35988857784038,34.12756007069622],[-118.35989473783941,34.12756239634706],[-118.35993656015684,34.12749180779401],[-118.35983008896737,34.127451895588216],[-118.35979402843138,34.12751844700612],[-118.35977235090246,34.12751032288498],[-118.35976235266354,34.12752876290185],[-118.35975814938918,34.12752718239943],[-118.35972267833553,34.12759268716161],[-118.35976418093969,34.12760822691564],[-118.35975188738428,34.12763087852531]]]},"properties":{"building_pk":2288,"building_key":"dpw:452767869005@374607,3777135","source_tile":"cty-e374-n3777","source_tile_ids":["cty-e374-n3777"],"source_bld_id":"452767869005","height_m":0.521,"receiver_ids":[3227,3228,3229,3230,3231,3232,3233],"receiver_keys":["cty-e374-n3777:la-e374-n3777:facade:452767869005:0","cty-e374-n3777:la-e374-n3777:facade:452767869005:1","cty-e374-n3777:la-e374-n3777:facade:452767869005:2","cty-e374-n3777:la-e374-n3777:facade:452767869005:3","cty-e374-n3777:la-e374-n3777:facade:452767869005:4","cty-e374-n3777:la-e374-n3777:facade:452767869005:5","cty-e374-n3777:la-e374-n3777:facade:452767869005:6"],"receiver_count":7,"periods":{"D":{"min":52.349285,"max":57.051117,"receiver_count":7,"unavailable_count":0},"E":{"min":50.1308,"max":54.83263,"receiver_count":7,"unavailable_count":0},"N":{"min":45.359585,"max":50.061417,"receiver_count":7,"unavailable_count":0}}}},{"type":"Feature","id":"dpw:451147868813@374113,3777081","geometry":{"type":"Polygon","coordinates":[[[-118.3650490918187,34.12697369398273],[-118.36510508230062,34.12705318636279],[-118.36506799270877,34.1270722585901],[-118.36511687102326,34.12714215486359],[-118.3652921552257,34.12705734698012],[-118.3652397523712,34.12698246060941],[-118.36526537233537,34.12697007271839],[-118.36521257123967,34.12689458351081],[-118.3650490918187,34.12697369398273]]]},"properties":{"building_pk":2289,"building_key":"dpw:451147868813@374113,3777081","source_tile":"cty-e374-n3777","source_tile_ids":["cty-e374-n3777"],"source_bld_id":"451147868813","height_m":4.212,"receiver_ids":[6151,6152,6153,6154,6155,6156,6157,6158,6159],"receiver_keys":["cty-e374-n3777:la-e374-n3777:facade:451147868813:0","cty-e374-n3777:la-e374-n3777:facade:451147868813:1","cty-e374-n3777:la-e374-n3777:facade:451147868813:2","cty-e374-n3777:la-e374-n3777:facade:451147868813:3","cty-e374-n3777:la-e374-n3777:facade:451147868813:4","cty-e374-n3777:la-e374-n3777:facade:451147868813:5","cty-e374-n3777:la-e374-n3777:facade:451147868813:6","cty-e374-n3777:la-e374-n3777:facade:451147868813:7","cty-e374-n3777:la-e374-n3777:facade:451147868813:8"],"receiver_count":9,"periods":{"D":{"min":41.955067,"max":45.434353,"receiver_count":9,"unavailable_count":0},"E":{"min":39.736576,"max":43.215866,"receiver_count":9,"unavailable_count":0},"N":{"min":34.965366,"max":38.444653,"receiver_count":9,"unavailable_count":0}}}},{"type":"Feature","id":"dpw:452138870162@374418,3777491","geometry":{"type":"Polygon","coordinates":[[[-118.36191448942961,34.13080111581289],[-118.36197337154289,34.13078538710467],[-118.36193820170635,34.13069879624262],[-118.36187961978784,34.130715238952845],[-118.36191448942961,34.13080111581289]]]},"properties":{"building_pk":2290,"building_key":"dpw:452138870162@374418,3777491","source_tile":"cty-e374-n3777","source_tile_ids":["cty-e374-n3777"],"source_bld_id":"452138870162","height_m":6.059,"receiver_ids":[4236,4237,4238,4239],"receiver_keys":["cty-e374-n3777:la-e374-n3777:facade:452138870162:0","cty-e374-n3777:la-e374-n3777:facade:452138870162:1","cty-e374-n3777:la-e374-n3777:facade:452138870162:2","cty-e374-n3777:la-e374-n3777:facade:452138870162:3"],"receiver_count":4,"periods":{"D":{"min":52.58428,"max":60.77491,"receiver_count":4,"unavailable_count":0},"E":{"min":50.365788,"max":58.556423,"receiver_count":4,"unavailable_count":0},"N":{"min":45.594578,"max":53.78521,"receiver_count":4,"unavailable_count":0}}}},{"type":"Feature","id":"dpw:452239869993@374450,3777442","geometry":{"type":"Polygon","coordinates":[[[-118.36167752580732,34.13034949579585],[-118.36167748728289,34.13034059234495],[-118.36167943614355,34.13034050447378],[-118.36167439204422,34.13025162544671],[-118.36154207423047,34.130256775091105],[-118.36154135778052,34.13024402681536],[-118.36145820068329,34.13024727131967],[-118.36146188529067,34.13031238453165],[-118.36152502218953,34.130309915725356],[-118.36152702832095,34.130345879194486],[-118.36154546279279,34.130345164132166],[-118.36154596659344,34.13035461612806],[-118.36167752580732,34.13034949579585]]]},"properties":{"building_pk":2291,"building_key":"dpw:452239869993@374450,3777442","source_tile":"cty-e374-n3777","source_tile_ids":["cty-e374-n3777"],"source_bld_id":"452239869993","height_m":5.779,"receiver_ids":[4722,4723,4724,4725,4726,4727],"receiver_keys":["cty-e374-n3777:la-e374-n3777:facade:452239869993:0","cty-e374-n3777:la-e374-n3777:facade:452239869993:1","cty-e374-n3777:la-e374-n3777:facade:452239869993:3","cty-e374-n3777:la-e374-n3777:facade:452239869993:4","cty-e374-n3777:la-e374-n3777:facade:452239869993:5","cty-e374-n3777:la-e374-n3777:facade:452239869993:6"],"receiver_count":6,"periods":{"D":{"min":60.22966,"max":61.498386,"receiver_count":6,"unavailable_count":0},"E":{"min":58.01117,"max":59.2799,"receiver_count":6,"unavailable_count":0},"N":{"min":53.23996,"max":54.508686,"receiver_count":6,"unavailable_count":0}}}},{"type":"Feature","id":"dpw:453301870650@374774,3777636","geometry":{"type":"Polygon","coordinates":[[[-118.35812302196653,34.13209215453828],[-118.35809296619345,34.13207262346318],[-118.35805447387173,34.13211236178182],[-118.35808416811712,34.13213227889326],[-118.35812302196653,34.13209215453828]]]},"properties":{"building_pk":2292,"building_key":"dpw:453301870650@374774,3777636","source_tile":"cty-e374-n3777","source_tile_ids":["cty-e374-n3777"],"source_bld_id":"453301870650","height_m":2.917,"receiver_ids":[4854,4855,4856],"receiver_keys":["cty-e374-n3777:la-e374-n3777:facade:453301870650:0","cty-e374-n3777:la-e374-n3777:facade:453301870650:2","cty-e374-n3777:la-e374-n3777:facade:453301870650:3"],"receiver_count":3,"periods":{"D":{"min":58.763294,"max":62.43208,"receiver_count":3,"unavailable_count":0},"E":{"min":56.544807,"max":60.213593,"receiver_count":3,"unavailable_count":0},"N":{"min":51.773598,"max":55.44238,"receiver_count":3,"unavailable_count":0}}}},{"type":"Feature","id":"dpw:453856870150@374941,3777487","geometry":{"type":"Polygon","coordinates":[[[-118.35631574113043,34.1308431954864],[-118.35629082722843,34.130657347064535],[-118.35618816641438,34.130666745218626],[-118.35621070199048,34.13083718441304],[-118.35625763922724,34.13083289721537],[-118.35625968776336,34.13084830653299],[-118.35631574113043,34.1308431954864]]]},"properties":{"building_pk":2293,"building_key":"dpw:453856870150@374941,3777487","source_tile":"cty-e374-n3777","source_tile_ids":["cty-e374-n3777"],"source_bld_id":"453856870150","height_m":2.999,"receiver_ids":[4550,4551,4552,4553,4554,4555,4556],"receiver_keys":["cty-e374-n3777:la-e374-n3777:facade:453856870150:0","cty-e374-n3777:la-e374-n3777:facade:453856870150:1","cty-e374-n3777:la-e374-n3777:facade:453856870150:2","cty-e374-n3777:la-e374-n3777:facade:453856870150:3","cty-e374-n3777:la-e374-n3777:facade:453856870150:4","cty-e374-n3777:la-e374-n3777:facade:453856870150:5","cty-e374-n3777:la-e374-n3777:facade:453856870150:6"],"receiver_count":7,"periods":{"D":{"min":63.311882,"max":64.017075,"receiver_count":7,"unavailable_count":0},"E":{"min":61.093395,"max":61.798584,"receiver_count":7,"unavailable_count":0},"N":{"min":56.32218,"max":57.02737,"receiver_count":7,"unavailable_count":0}}}},{"type":"Feature","id":"dpw:454031870488@374991,3777582","geometry":{"type":"Polygon","coordinates":[[[-118.35576958039574,34.1316563917291],[-118.3557452021182,34.13163514036129],[-118.35575106381555,34.13163050634646],[-118.35573928967698,34.13162020940202],[-118.3557572052237,34.13160600527196],[-118.35572310844536,34.131576262992375],[-118.35559575583277,34.131677265299736],[-118.35566603742804,34.1317385288177],[-118.35576958039574,34.1316563917291]]]},"properties":{"building_pk":2295,"building_key":"dpw:454031870488@374991,3777582","source_tile":"cty-e374-n3777","source_tile_ids":["cty-e374-n3777"],"source_bld_id":"454031870488","height_m":5.941,"receiver_ids":[5705,5706,5707,5708,5709,5710],"receiver_keys":["cty-e374-n3777:la-e374-n3777:facade:454031870488:0","cty-e374-n3777:la-e374-n3777:facade:454031870488:1","cty-e374-n3777:la-e374-n3777:facade:454031870488:2","cty-e374-n3777:la-e374-n3777:facade:454031870488:3","cty-e374-n3777:la-e374-n3777:facade:454031870488:4","cty-e374-n3777:la-e374-n3777:facade:454031870488:5"],"receiver_count":6,"periods":{"D":{"min":58.355824,"max":65.70704,"receiver_count":6,"unavailable_count":0},"E":{"min":56.137337,"max":63.48855,"receiver_count":6,"unavailable_count":0},"N":{"min":51.366123,"max":58.71734,"receiver_count":6,"unavailable_count":0}}}},{"type":"Feature","id":"dpw:453653869622@374879,3777323","geometry":{"type":"Polygon","coordinates":[[[-118.3569344408643,34.12915963675254],[-118.35685191214877,34.12917831863593],[-118.35686192343748,34.12920895480808],[-118.35686802965789,34.12920756283984],[-118.35687311863776,34.129223101104756],[-118.35686123528781,34.12922577408254],[-118.35685735127639,34.12921391503203],[-118.35680410397694,34.12922597069115],[-118.356816558292,34.12926410223374],[-118.35680054746021,34.12926772138059],[-118.3568158143751,34.12931433528182],[-118.35680300613723,34.129317230958826],[-118.35681680052991,34.12935945241828],[-118.35685704151793,34.1293503480149],[-118.35686601464299,34.129377773278],[-118.35690074289897,34.129369922042656],[-118.35694968237627,34.129393738538084],[-118.35700002469675,34.12938226837777],[-118.35699336308417,34.129362008913766],[-118.35700253977359,34.12935992090005],[-118.35699684928781,34.129342653468825],[-118.35698872744818,34.129344491345954],[-118.35697707701179,34.12930905033318],[-118.35698311819226,34.1293076585512],[-118.3569344408643,34.12915963675254]]]},"properties":{"building_pk":2298,"building_key":"dpw:453653869622@374879,3777323","source_tile":"cty-e374-n3777","source_tile_ids":["cty-e374-n3777"],"source_bld_id":"453653869622","height_m":8.775,"receiver_ids":[3891,3892,3893,3894],"receiver_keys":["cty-e374-n3777:la-e374-n3777:facade:453653869622:0","cty-e374-n3777:la-e374-n3777:facade:453653869622:2","cty-e374-n3777:la-e374-n3777:facade:453653869622:3","cty-e374-n3777:la-e374-n3777:facade:453653869622:5"],"receiver_count":4,"periods":{"D":{"min":53.344917,"max":62.540314,"receiver_count":4,"unavailable_count":0},"E":{"min":51.126427,"max":60.321827,"receiver_count":4,"unavailable_count":0},"N":{"min":46.355217,"max":55.550613,"receiver_count":4,"unavailable_count":0}}}},{"type":"Feature","id":"dpw:452659868793@374576,3777077","geometry":{"type":"Polygon","coordinates":[[[-118.36017547080064,34.12709634254151],[-118.36016498039535,34.12709210683364],[-118.36018043701527,34.127065664715964],[-118.36020411210103,34.12702516119624],[-118.36019497701359,34.12702147950249],[-118.36022538318129,34.126969426181404],[-118.36021313573714,34.126964488910474],[-118.36022517320353,34.12694384393338],[-118.36021464805117,34.126939591204376],[-118.36016953175655,34.126921366783165],[-118.36015870798076,34.12693989223421],[-118.36006857639626,34.12690347638927],[-118.36003951396638,34.126953162743334],[-118.36012550919195,34.12698791497988],[-118.36011947546436,34.12699878654334],[-118.36013251914191,34.127004600448544],[-118.36010166870278,34.12705319317324],[-118.3600913093724,34.12704918425555],[-118.36006219109228,34.127101013731426],[-118.36008102497273,34.127108624282755],[-118.3600751857109,34.127118589221524],[-118.36010798836915,34.127131845941626],[-118.36011497459504,34.127119871667475],[-118.36016723989495,34.127140984963525],[-118.36017096333653,34.127134612633526],[-118.36018990543207,34.127102172129355],[-118.36017547080064,34.12709634254151]]]},"properties":{"building_pk":2303,"building_key":"dpw:452659868793@374576,3777077","source_tile":"cty-e374-n3777","source_tile_ids":["cty-e374-n3777"],"source_bld_id":"452659868793","height_m":3.712,"receiver_ids":[3205,3206,3207,3208,3209,3210,3211,3212],"receiver_keys":["cty-e374-n3777:la-e374-n3777:facade:452659868793:0","cty-e374-n3777:la-e374-n3777:facade:452659868793:1","cty-e374-n3777:la-e374-n3777:facade:452659868793:2","cty-e374-n3777:la-e374-n3777:facade:452659868793:3","cty-e374-n3777:la-e374-n3777:facade:452659868793:4","cty-e374-n3777:la-e374-n3777:facade:452659868793:5","cty-e374-n3777:la-e374-n3777:facade:452659868793:6","cty-e374-n3777:la-e374-n3777:facade:452659868793:7"],"receiver_count":8,"periods":{"D":{"min":49.330048,"max":57.724335,"receiver_count":8,"unavailable_count":0},"E":{"min":47.11156,"max":55.505848,"receiver_count":8,"unavailable_count":0},"N":{"min":42.340347,"max":50.734634,"receiver_count":8,"unavailable_count":0}}}},{"type":"Feature","id":"dpw:451848870704@374334,3777657","geometry":{"type":"Polygon","coordinates":[[[-118.36299968597676,34.13223055522366],[-118.36296604428907,34.13219941262515],[-118.36303094329256,34.13217649271754],[-118.3629973814492,34.132110809349264],[-118.36291595306615,34.132139576644015],[-118.36280879954684,34.13221815792529],[-118.36275982310731,34.13221706891264],[-118.36275932877868,34.132232815717686],[-118.36273459277457,34.13225124521762],[-118.36275304012696,34.13226839206117],[-118.3627301151461,34.1322854421847],[-118.36278326703189,34.13233482747011],[-118.3628350453025,34.13229628376461],[-118.36286898690409,34.132327837501165],[-118.36299968597676,34.13223055522366]]]},"properties":{"building_pk":2305,"building_key":"dpw:451848870704@374334,3777657","source_tile":"cty-e374-n3777","source_tile_ids":["cty-e374-n3777"],"source_bld_id":"451848870704","height_m":5.322,"receiver_ids":[4292,4293,4294,4295,4296,4297,4298,4299],"receiver_keys":["cty-e374-n3777:la-e374-n3777:facade:451848870704:1","cty-e374-n3777:la-e374-n3777:facade:451848870704:2","cty-e374-n3777:la-e374-n3777:facade:451848870704:3","cty-e374-n3777:la-e374-n3777:facade:451848870704:4","cty-e374-n3777:la-e374-n3777:facade:451848870704:5","cty-e374-n3777:la-e374-n3777:facade:451848870704:6","cty-e374-n3777:la-e374-n3777:facade:451848870704:7","cty-e374-n3777:la-e374-n3777:facade:451848870704:8"],"receiver_count":8,"periods":{"D":{"min":60.951836,"max":63.472813,"receiver_count":8,"unavailable_count":0},"E":{"min":58.73335,"max":61.254326,"receiver_count":8,"unavailable_count":0},"N":{"min":53.962135,"max":56.483112,"receiver_count":8,"unavailable_count":0}}}},{"type":"Feature","id":"dpw:453391870295@374797,3777528","geometry":{"type":"Polygon","coordinates":[[[-118.35767595818355,34.13109528095026],[-118.35774104781088,34.131201623684625],[-118.35780151251932,34.13119243206669],[-118.35779254703499,34.13115145947305],[-118.35786275392505,34.13114081005288],[-118.35790615444726,34.13119036337386],[-118.35796086599656,34.131157198849905],[-118.35788684853163,34.131072673683065],[-118.35783872300777,34.13107745997415],[-118.35783971042046,34.1310842447121],[-118.35778322979506,34.13108985267287],[-118.3577824803606,34.131084716138574],[-118.35767595818355,34.13109528095026]]]},"properties":{"building_pk":2323,"building_key":"dpw:453391870295@374797,3777528","source_tile":"cty-e374-n3777","source_tile_ids":["cty-e374-n3777"],"source_bld_id":"453391870295","height_m":0.997,"receiver_ids":[3811,3812,3813,3814,3815,3816,3817,3818],"receiver_keys":["cty-e374-n3777:la-e374-n3777:facade:453391870295:0","cty-e374-n3777:la-e374-n3777:facade:453391870295:1","cty-e374-n3777:la-e374-n3777:facade:453391870295:2","cty-e374-n3777:la-e374-n3777:facade:453391870295:3","cty-e374-n3777:la-e374-n3777:facade:453391870295:4","cty-e374-n3777:la-e374-n3777:facade:453391870295:5","cty-e374-n3777:la-e374-n3777:facade:453391870295:6","cty-e374-n3777:la-e374-n3777:facade:453391870295:7"],"receiver_count":8,"periods":{"D":{"min":60.524643,"max":62.39414,"receiver_count":8,"unavailable_count":0},"E":{"min":58.306156,"max":60.17565,"receiver_count":8,"unavailable_count":0},"N":{"min":53.534943,"max":55.404438,"receiver_count":8,"unavailable_count":0}}}},{"type":"Feature","id":"dpw:453119869476@374721,3777277","geometry":{"type":"Polygon","coordinates":[[[-118.358649521977,34.12891156365468],[-118.35868903124263,34.128893723129146],[-118.35869129255478,34.1288972333087],[-118.35872879168213,34.128880607694384],[-118.3586273315468,34.12872254774642],[-118.35853475583068,34.12876362858806],[-118.3584390064566,34.12886629905504],[-118.35849997455837,34.12890563254261],[-118.35853947845172,34.128863280232686],[-118.35862403584159,34.12887086101979],[-118.358649521977,34.12891156365468]]]},"properties":{"building_pk":2394,"building_key":"dpw:453119869476@374721,3777277","source_tile":"cty-e374-n3777","source_tile_ids":["cty-e374-n3777"],"source_bld_id":"453119869476","height_m":5.087,"receiver_ids":[3522,3523,3524,3525,3526,3527,3528],"receiver_keys":["cty-e374-n3777:la-e374-n3777:facade:453119869476:0","cty-e374-n3777:la-e374-n3777:facade:453119869476:1","cty-e374-n3777:la-e374-n3777:facade:453119869476:2","cty-e374-n3777:la-e374-n3777:facade:453119869476:3","cty-e374-n3777:la-e374-n3777:facade:453119869476:5","cty-e374-n3777:la-e374-n3777:facade:453119869476:6","cty-e374-n3777:la-e374-n3777:facade:453119869476:7"],"receiver_count":7,"periods":{"D":{"min":56.148224,"max":60.80603,"receiver_count":7,"unavailable_count":0},"E":{"min":53.929737,"max":58.587543,"receiver_count":7,"unavailable_count":0},"N":{"min":49.158524,"max":53.81633,"receiver_count":7,"unavailable_count":0}}}},{"type":"Feature","id":"dpw:452275869418@374458,3777261","geometry":{"type":"Polygon","coordinates":[[[-118.36148390076812,34.12878603329506],[-118.3614944529994,34.12877341629925],[-118.36151151285257,34.12878331282033],[-118.36154356439827,34.12874502159398],[-118.36154919636822,34.12874830166351],[-118.36155241788094,34.12874444517475],[-118.36156583353646,34.12875220873699],[-118.3615842762397,34.12873017052275],[-118.36157301349705,34.12872363652769],[-118.36159582762566,34.12869641943579],[-118.36158118735109,34.12868824753852],[-118.36158328511165,34.12867672775182],[-118.36157616341958,34.12867265428129],[-118.36156385263632,34.128676207997906],[-118.36151607737357,34.128646811184005],[-118.36151167126278,34.12865174314062],[-118.36149775579396,34.12864321205743],[-118.36149193546309,34.12864976920394],[-118.36147699388827,34.128640608309084],[-118.36146282100655,34.12865653304672],[-118.3614364485955,34.12864031755564],[-118.36144157856093,34.12863455853217],[-118.36142517800381,34.1286244409569],[-118.36142133082679,34.12862876630847],[-118.36139005495932,34.12860951467286],[-118.36139396802821,34.12860513413156],[-118.36134977019285,34.12857795244742],[-118.36134615381832,34.128582002138245],[-118.36134307225775,34.12858011542126],[-118.36132113934933,34.12860480192513],[-118.36131447949798,34.12860072796017],[-118.36130727818545,34.12860882814718],[-118.36131416965915,34.12861306640114],[-118.36129190751528,34.128638083845885],[-118.36140037991554,34.128704808571015],[-118.3613916983681,34.12871456119599],[-118.3614010747216,34.12872033183831],[-118.3613931171495,34.12872928624275],[-118.36139626399937,34.12873122775701],[-118.36138445936218,34.12874453545877],[-118.36142481364614,34.12876933775119],[-118.36143612547076,34.12875663644947],[-118.36148390076812,34.12878603329506]]]},"properties":{"building_pk":2395,"building_key":"dpw:452275869418@374458,3777261","source_tile":"cty-e374-n3777","source_tile_ids":["cty-e374-n3777"],"source_bld_id":"452275869418","height_m":7.934,"receiver_ids":[3467,3468,3469,3470,3471,3472,3473,3474],"receiver_keys":["cty-e374-n3777:la-e374-n3777:facade:452275869418:0","cty-e374-n3777:la-e374-n3777:facade:452275869418:1","cty-e374-n3777:la-e374-n3777:facade:452275869418:2","cty-e374-n3777:la-e374-n3777:facade:452275869418:4","cty-e374-n3777:la-e374-n3777:facade:452275869418:5","cty-e374-n3777:la-e374-n3777:facade:452275869418:6","cty-e374-n3777:la-e374-n3777:facade:452275869418:7","cty-e374-n3777:la-e374-n3777:facade:452275869418:8"],"receiver_count":8,"periods":{"D":{"min":48.801144,"max":59.809208,"receiver_count":8,"unavailable_count":0},"E":{"min":46.582653,"max":57.59072,"receiver_count":8,"unavailable_count":0},"N":{"min":41.811443,"max":52.819508,"receiver_count":8,"unavailable_count":0}}}},{"type":"Feature","id":"dpw:451710868745@374283,3777059","geometry":{"type":"Polygon","coordinates":[[[-118.36328496321495,34.12674172949966],[-118.36318050049262,34.12682939862717],[-118.3632475854689,34.12688464958867],[-118.3632624999176,34.12687212931498],[-118.36328558009942,34.126891157175834],[-118.36327013962665,34.12690411898271],[-118.36332916620032,34.12695274439188],[-118.3635141901864,34.12679742685584],[-118.36345022215276,34.12674474956908],[-118.36337018787576,34.126811929226385],[-118.36328496321495,34.12674172949966]]]},"properties":{"building_pk":2396,"building_key":"dpw:451710868745@374283,3777059","source_tile":"cty-e374-n3777","source_tile_ids":["cty-e374-n3777"],"source_bld_id":"451710868745","height_m":3.283,"receiver_ids":[2982,2983,2984,2985,2986,2987,2988,2989,2990,2991],"receiver_keys":["cty-e374-n3777:la-e374-n3777:facade:451710868745:0","cty-e374-n3777:la-e374-n3777:facade:451710868745:1","cty-e374-n3777:la-e374-n3777:facade:451710868745:2","cty-e374-n3777:la-e374-n3777:facade:451710868745:3","cty-e374-n3777:la-e374-n3777:facade:451710868745:4","cty-e374-n3777:la-e374-n3777:facade:451710868745:5","cty-e374-n3777:la-e374-n3777:facade:451710868745:6","cty-e374-n3777:la-e374-n3777:facade:451710868745:7","cty-e374-n3777:la-e374-n3777:facade:451710868745:8","cty-e374-n3777:la-e374-n3777:facade:451710868745:9"],"receiver_count":10,"periods":{"D":{"min":42.805576,"max":53.014736,"receiver_count":10,"unavailable_count":0},"E":{"min":40.58709,"max":50.79625,"receiver_count":10,"unavailable_count":0},"N":{"min":35.815876,"max":46.025036,"receiver_count":10,"unavailable_count":0}}}},{"type":"Feature","id":"dpw:450928869349@374055,3777239","geometry":{"type":"Polygon","coordinates":[[[-118.36568555299822,34.12837725883914],[-118.36570888195426,34.12839246658275],[-118.36569375220027,34.12840853264901],[-118.3657303687498,34.12843238377845],[-118.36575954271457,34.12840140888557],[-118.36577525042848,34.12841163885974],[-118.3657549007269,34.12844305314843],[-118.36575510470516,34.12845201109187],[-118.36578019410116,34.128469164418114],[-118.36579475437536,34.12848176078742],[-118.36583037412444,34.128503993040674],[-118.36583799966247,34.12850251398048],[-118.36600655782301,34.128616699772365],[-118.36608689013552,34.12853473498066],[-118.36591478086945,34.12839412431885],[-118.36589069210557,34.12837152722326],[-118.36588671421572,34.12836104268411],[-118.36587537868112,34.1283530524277],[-118.36584155527511,34.1283862943592],[-118.36574526910404,34.12831854865352],[-118.36568555299822,34.12837725883914]]]},"properties":{"building_pk":2397,"building_key":"dpw:450928869349@374055,3777239","source_tile":"cty-e374-n3777","source_tile_ids":["cty-e374-n3777"],"source_bld_id":"450928869349","height_m":8.312,"receiver_ids":[6227,6228,6229,6230,6231,6232,6233,6234,6235,6236,6237],"receiver_keys":["cty-e374-n3777:la-e374-n3777:facade:450928869349:0","cty-e374-n3777:la-e374-n3777:facade:450928869349:10","cty-e374-n3777:la-e374-n3777:facade:450928869349:11","cty-e374-n3777:la-e374-n3777:facade:450928869349:2","cty-e374-n3777:la-e374-n3777:facade:450928869349:3","cty-e374-n3777:la-e374-n3777:facade:450928869349:4","cty-e374-n3777:la-e374-n3777:facade:450928869349:5","cty-e374-n3777:la-e374-n3777:facade:450928869349:6","cty-e374-n3777:la-e374-n3777:facade:450928869349:7","cty-e374-n3777:la-e374-n3777:facade:450928869349:8","cty-e374-n3777:la-e374-n3777:facade:450928869349:9"],"receiver_count":11,"periods":{"D":{"min":44.10297,"max":55.211258,"receiver_count":11,"unavailable_count":0},"E":{"min":41.884483,"max":52.99277,"receiver_count":11,"unavailable_count":0},"N":{"min":37.11327,"max":48.221558,"receiver_count":11,"unavailable_count":0}}}},{"type":"Feature","id":"dpw:451196870237@374134,3777518","geometry":{"type":"Polygon","coordinates":[[[-118.36518364182858,34.13093716888374],[-118.36491034204941,34.13084063651661],[-118.36487387637828,34.13091213651166],[-118.36496522621161,34.13094626423237],[-118.36493540243781,34.131002493812346],[-118.36501053227722,34.13103004778673],[-118.36504117658784,34.13097230473605],[-118.36514483753656,34.1310103249356],[-118.36518364182858,34.13093716888374]]]},"properties":{"building_pk":2399,"building_key":"dpw:451196870237@374134,3777518","source_tile":"cty-e374-n3777","source_tile_ids":["cty-e374-n3777"],"source_bld_id":"451196870237","height_m":6.16,"receiver_ids":[4156,4157,4158,4159,4160,4161,4162,4163,4164],"receiver_keys":["cty-e374-n3777:la-e374-n3777:facade:451196870237:0","cty-e374-n3777:la-e374-n3777:facade:451196870237:1","cty-e374-n3777:la-e374-n3777:facade:451196870237:2","cty-e374-n3777:la-e374-n3777:facade:451196870237:3","cty-e374-n3777:la-e374-n3777:facade:451196870237:4","cty-e374-n3777:la-e374-n3777:facade:451196870237:5","cty-e374-n3777:la-e374-n3777:facade:451196870237:6","cty-e374-n3777:la-e374-n3777:facade:451196870237:7","cty-e374-n3777:la-e374-n3777:facade:451196870237:8"],"receiver_count":9,"periods":{"D":{"min":53.7722,"max":55.33805,"receiver_count":9,"unavailable_count":0},"E":{"min":51.553715,"max":53.11956,"receiver_count":9,"unavailable_count":0},"N":{"min":46.7825,"max":48.34835,"receiver_count":9,"unavailable_count":0}}}},{"type":"Feature","id":"dpw:452485869959@374522,3777428","geometry":{"type":"Polygon","coordinates":[[[-118.36071960262431,34.1302240869147],[-118.36074431219993,34.130237752574615],[-118.36074723782959,34.130234144011325],[-118.36078261358567,34.13025398850846],[-118.36087112947409,34.13014477008672],[-118.36082230539827,34.13011740999143],[-118.36078917353996,34.13015828714936],[-118.36077801050696,34.13015202775033],[-118.36071960262431,34.1302240869147]]]},"properties":{"building_pk":2400,"building_key":"dpw:452485869959@374522,3777428","source_tile":"cty-e374-n3777","source_tile_ids":["cty-e374-n3777"],"source_bld_id":"452485869959","height_m":3.578,"receiver_ids":[3765,3766,3767,3768,3769],"receiver_keys":["cty-e374-n3777:la-e374-n3777:facade:452485869959:0","cty-e374-n3777:la-e374-n3777:facade:452485869959:1","cty-e374-n3777:la-e374-n3777:facade:452485869959:2","cty-e374-n3777:la-e374-n3777:facade:452485869959:3","cty-e374-n3777:la-e374-n3777:facade:452485869959:4"],"receiver_count":5,"periods":{"D":{"min":60.456993,"max":61.985813,"receiver_count":5,"unavailable_count":0},"E":{"min":58.238506,"max":59.767326,"receiver_count":5,"unavailable_count":0},"N":{"min":53.467293,"max":54.996113,"receiver_count":5,"unavailable_count":0}}}},{"type":"Feature","id":"dpw:453494870341@374832,3777541","geometry":{"type":"Polygon","coordinates":[[[-118.35741444873678,34.131312340982575],[-118.35746195888032,34.13128733163246],[-118.3574737491692,34.131301366128156],[-118.35754553526206,34.13125814966005],[-118.3574747505846,34.13116465612043],[-118.3573988498115,34.131203707898614],[-118.35741623177229,34.131227068479106],[-118.35736908285514,34.131251361825655],[-118.35741444873678,34.131312340982575]]]},"properties":{"building_pk":2401,"building_key":"dpw:453494870341@374832,3777541","source_tile":"cty-e374-n3777","source_tile_ids":["cty-e374-n3777"],"source_bld_id":"453494870341","height_m":2.582,"receiver_ids":[3829,3830,3831],"receiver_keys":["cty-e374-n3777:la-e374-n3777:facade:453494870341:1","cty-e374-n3777:la-e374-n3777:facade:453494870341:3","cty-e374-n3777:la-e374-n3777:facade:453494870341:4"],"receiver_count":3,"periods":{"D":{"min":61.6368,"max":62.96356,"receiver_count":3,"unavailable_count":0},"E":{"min":59.418312,"max":60.74507,"receiver_count":3,"unavailable_count":0},"N":{"min":54.6471,"max":55.973858,"receiver_count":3,"unavailable_count":0}}}},{"type":"Feature","id":"dpw:453827870212@374932,3777501","geometry":{"type":"Polygon","coordinates":[[[-118.35639746708114,34.13090686980512],[-118.35634712260998,34.13086390410354],[-118.35629522224332,34.130905578218055],[-118.35634533661603,34.13094873664672],[-118.35639746708114,34.13090686980512]]]},"properties":{"building_pk":2402,"building_key":"dpw:453827870212@374932,3777501","source_tile":"cty-e374-n3777","source_tile_ids":["cty-e374-n3777"],"source_bld_id":"453827870212","height_m":1.21,"receiver_ids":[4565,4566,4567,4568],"receiver_keys":["cty-e374-n3777:la-e374-n3777:facade:453827870212:0","cty-e374-n3777:la-e374-n3777:facade:453827870212:1","cty-e374-n3777:la-e374-n3777:facade:453827870212:2","cty-e374-n3777:la-e374-n3777:facade:453827870212:3"],"receiver_count":4,"periods":{"D":{"min":63.855556,"max":64.23664,"receiver_count":4,"unavailable_count":0},"E":{"min":61.637066,"max":62.018154,"receiver_count":4,"unavailable_count":0},"N":{"min":56.865856,"max":57.24694,"receiver_count":4,"unavailable_count":0}}}},{"type":"Feature","id":"dpw:453810870480@374932,3777587","geometry":{"type":"Polygon","coordinates":[[[-118.35642073072833,34.131573630962436],[-118.35632696267616,34.13162287522025],[-118.35635397920274,34.131658463024785],[-118.35632964725545,34.13167125722495],[-118.35633330292357,34.13167608228476],[-118.35629040762063,34.13169860467543],[-118.3563255334119,34.131744858089995],[-118.35636974734288,34.131721644829184],[-118.35637360150159,34.13172674517248],[-118.35649041668206,34.13166542445607],[-118.35642073072833,34.131573630962436]]]},"properties":{"building_pk":2403,"building_key":"dpw:453810870480@374932,3777587","source_tile":"cty-e374-n3777","source_tile_ids":["cty-e374-n3777"],"source_bld_id":"453810870480","height_m":4.743,"receiver_ids":[5711,5712,5713,5714,5715],"receiver_keys":["cty-e374-n3777:la-e374-n3777:facade:453810870480:0","cty-e374-n3777:la-e374-n3777:facade:453810870480:1","cty-e374-n3777:la-e374-n3777:facade:453810870480:2","cty-e374-n3777:la-e374-n3777:facade:453810870480:4","cty-e374-n3777:la-e374-n3777:facade:453810870480:5"],"receiver_count":5,"periods":{"D":{"min":61.00587,"max":65.38195,"receiver_count":5,"unavailable_count":0},"E":{"min":58.787384,"max":63.163464,"receiver_count":5,"unavailable_count":0},"N":{"min":54.01617,"max":58.39225,"receiver_count":5,"unavailable_count":0}}}},{"type":"Feature","id":"dpw:453918869813@374959,3777379","geometry":{"type":"Polygon","coordinates":[[[-118.35606005083356,34.12981244721738],[-118.35604407053192,34.1297922151516],[-118.35601663674363,34.12980611739817],[-118.35603182632607,34.12982676469989],[-118.35606005083356,34.12981244721738]]]},"properties":{"building_pk":2404,"building_key":"dpw:453918869813@374959,3777379","source_tile":"cty-e374-n3777","source_tile_ids":["cty-e374-n3777"],"source_bld_id":"453918869813","height_m":0.448,"receiver_ids":[3910,3911,3912],"receiver_keys":["cty-e374-n3777:la-e374-n3777:facade:453918869813:0","cty-e374-n3777:la-e374-n3777:facade:453918869813:1","cty-e374-n3777:la-e374-n3777:facade:453918869813:3"],"receiver_count":3,"periods":{"D":{"min":63.46954,"max":63.643475,"receiver_count":3,"unavailable_count":0},"E":{"min":61.251053,"max":61.424988,"receiver_count":3,"unavailable_count":0},"N":{"min":56.47984,"max":56.653774,"receiver_count":3,"unavailable_count":0}}}},{"type":"Feature","id":"dpw:453280869761@374765,3777365","geometry":{"type":"Polygon","coordinates":[[[-118.35819849906932,34.129679534442474],[-118.35820097113405,34.12963937993645],[-118.3580958068599,34.12963496569268],[-118.35809336834788,34.12967511919541],[-118.35819849906932,34.129679534442474]]]},"properties":{"building_pk":2405,"building_key":"dpw:453280869761@374765,3777365","source_tile":"cty-e374-n3777","source_tile_ids":["cty-e374-n3777"],"source_bld_id":"453280869761","height_m":3.161,"receiver_ids":[3654,3655,3656,3657],"receiver_keys":["cty-e374-n3777:la-e374-n3777:facade:453280869761:0","cty-e374-n3777:la-e374-n3777:facade:453280869761:1","cty-e374-n3777:la-e374-n3777:facade:453280869761:2","cty-e374-n3777:la-e374-n3777:facade:453280869761:3"],"receiver_count":4,"periods":{"D":{"min":60.760654,"max":61.1274,"receiver_count":4,"unavailable_count":0},"E":{"min":58.542164,"max":58.908913,"receiver_count":4,"unavailable_count":0},"N":{"min":53.770954,"max":54.1377,"receiver_count":4,"unavailable_count":0}}}},{"type":"Feature","id":"dpw:454020869608@374989,3777318","geometry":{"type":"Polygon","coordinates":[[[-118.35561842297898,34.12926922623953],[-118.35569097724677,34.129336913699355],[-118.355719205987,34.12931597360445],[-118.35572882757384,34.12932493089202],[-118.35576328221035,34.129299384549775],[-118.35572655671054,34.12926514413863],[-118.35578624342658,34.12922091944347],[-118.35574344779035,34.12918100911778],[-118.35571248477727,34.1292039352339],[-118.35570654637483,34.129198401956195],[-118.3556461680332,34.12924314973432],[-118.35564945194123,34.12924624586145],[-118.35561842297898,34.12926922623953]]]},"properties":{"building_pk":2406,"building_key":"dpw:454020869608@374989,3777318","source_tile":"cty-e374-n3777","source_tile_ids":["cty-e374-n3777"],"source_bld_id":"454020869608","height_m":7.861,"receiver_ids":[3886,3887,3888,3889,3890],"receiver_keys":["cty-e374-n3777:la-e374-n3777:facade:454020869608:0","cty-e374-n3777:la-e374-n3777:facade:454020869608:1","cty-e374-n3777:la-e374-n3777:facade:454020869608:2","cty-e374-n3777:la-e374-n3777:facade:454020869608:4","cty-e374-n3777:la-e374-n3777:facade:454020869608:5"],"receiver_count":5,"periods":{"D":{"min":56.862133,"max":63.356617,"receiver_count":5,"unavailable_count":0},"E":{"min":54.643646,"max":61.13813,"receiver_count":5,"unavailable_count":0},"N":{"min":49.872433,"max":56.366917,"receiver_count":5,"unavailable_count":0}}}},{"type":"Feature","id":"dpw:453534870351@374845,3777546","geometry":{"type":"Polygon","coordinates":[[[-118.35729501278757,34.131409556865364],[-118.35736113701343,34.131371495094136],[-118.35735711800102,34.13136664319185],[-118.35739426752082,34.13134526523141],[-118.35739604406898,34.13131247744178],[-118.35737585550635,34.13128967509292],[-118.35736860434722,34.13129412036629],[-118.35731760267493,34.13123656565672],[-118.35727228561545,34.13126434339428],[-118.35725372354466,34.13124337625175],[-118.35723183011949,34.13123893508292],[-118.35721330469394,34.131249624344534],[-118.35722529449991,34.131263932341476],[-118.3571901234769,34.13128428837293],[-118.35729501278757,34.131409556865364]]]},"properties":{"building_pk":2410,"building_key":"dpw:453534870351@374845,3777546","source_tile":"cty-e374-n3777","source_tile_ids":["cty-e374-n3777"],"source_bld_id":"453534870351","height_m":5.712,"receiver_ids":[4791,4792,4793,4794],"receiver_keys":["cty-e374-n3777:la-e374-n3777:facade:453534870351:0","cty-e374-n3777:la-e374-n3777:facade:453534870351:1","cty-e374-n3777:la-e374-n3777:facade:453534870351:3","cty-e374-n3777:la-e374-n3777:facade:453534870351:4"],"receiver_count":4,"periods":{"D":{"min":54.743355,"max":63.14446,"receiver_count":4,"unavailable_count":0},"E":{"min":52.524868,"max":60.925972,"receiver_count":4,"unavailable_count":0},"N":{"min":47.753654,"max":56.15476,"receiver_count":4,"unavailable_count":0}}}},{"type":"Feature","id":"dpw:452961869389@374667,3777254","geometry":{"type":"Polygon","coordinates":[[[-118.35924690740397,34.12864140428447],[-118.35922937107803,34.12860507403579],[-118.35914734876734,34.12862606481676],[-118.35915386619727,34.128658580065576],[-118.35917950800356,34.128650947200185],[-118.35918351262978,34.12866027791277],[-118.35924690740397,34.12864140428447]]]},"properties":{"building_pk":2430,"building_key":"dpw:452961869389@374667,3777254","source_tile":"cty-e374-n3777","source_tile_ids":["cty-e374-n3777"],"source_bld_id":"452961869389","height_m":4.267,"receiver_ids":[3398,3399,3400,3401],"receiver_keys":["cty-e374-n3777:la-e374-n3777:facade:452961869389:0","cty-e374-n3777:la-e374-n3777:facade:452961869389:1","cty-e374-n3777:la-e374-n3777:facade:452961869389:2","cty-e374-n3777:la-e374-n3777:facade:452961869389:3"],"receiver_count":4,"periods":{"D":{"min":59.105087,"max":59.824062,"receiver_count":4,"unavailable_count":0},"E":{"min":56.8866,"max":57.605576,"receiver_count":4,"unavailable_count":0},"N":{"min":52.115387,"max":52.834362,"receiver_count":4,"unavailable_count":0}}}},{"type":"Feature","id":"dpw:452554869471@374542,3777276","geometry":{"type":"Polygon","coordinates":[[[-118.36053490840445,34.12896481497525],[-118.36064825797081,34.12887549976753],[-118.36059118718454,34.12882835204189],[-118.36054372720378,34.12874179744926],[-118.36053821958754,34.12873667512489],[-118.36044642361108,34.12880526185976],[-118.36053490840445,34.12896481497525]]]},"properties":{"building_pk":2431,"building_key":"dpw:452554869471@374542,3777276","source_tile":"cty-e374-n3777","source_tile_ids":["cty-e374-n3777"],"source_bld_id":"452554869471","height_m":8.897,"receiver_ids":[3479,3480,3481,3482,3483,3484],"receiver_keys":["cty-e374-n3777:la-e374-n3777:facade:452554869471:0","cty-e374-n3777:la-e374-n3777:facade:452554869471:1","cty-e374-n3777:la-e374-n3777:facade:452554869471:2","cty-e374-n3777:la-e374-n3777:facade:452554869471:3","cty-e374-n3777:la-e374-n3777:facade:452554869471:5","cty-e374-n3777:la-e374-n3777:facade:452554869471:6"],"receiver_count":6,"periods":{"D":{"min":58.399944,"max":59.83407,"receiver_count":6,"unavailable_count":0},"E":{"min":56.181458,"max":57.61558,"receiver_count":6,"unavailable_count":0},"N":{"min":51.410244,"max":52.844368,"receiver_count":6,"unavailable_count":0}}}},{"type":"Feature","id":"dpw:451828868791@374318,3777073","geometry":{"type":"Polygon","coordinates":[[[-118.36293924561333,34.12710845709793],[-118.36308181236953,34.12699143602181],[-118.36303614412081,34.12695260792693],[-118.36300762967919,34.1269758035328],[-118.36291367299744,34.12689587425244],[-118.36289059214675,34.12691462968055],[-118.36287911720822,34.12690488156902],[-118.36278751569778,34.12697940431549],[-118.36293924561333,34.12710845709793]]]},"properties":{"building_pk":2432,"building_key":"dpw:451828868791@374318,3777073","source_tile":"cty-e374-n3777","source_tile_ids":["cty-e374-n3777"],"source_bld_id":"451828868791","height_m":3.661,"receiver_ids":[2878,2879,2880,2881,2882,2883],"receiver_keys":["cty-e374-n3777:la-e374-n3777:facade:451828868791:0","cty-e374-n3777:la-e374-n3777:facade:451828868791:1","cty-e374-n3777:la-e374-n3777:facade:451828868791:2","cty-e374-n3777:la-e374-n3777:facade:451828868791:3","cty-e374-n3777:la-e374-n3777:facade:451828868791:6","cty-e374-n3777:la-e374-n3777:facade:451828868791:7"],"receiver_count":6,"periods":{"D":{"min":43.338306,"max":53.362103,"receiver_count":6,"unavailable_count":0},"E":{"min":41.11982,"max":51.143616,"receiver_count":6,"unavailable_count":0},"N":{"min":36.34861,"max":46.372402,"receiver_count":6,"unavailable_count":0}}}},{"type":"Feature","id":"dpw:450809869245@374013,3777217","geometry":{"type":"Polygon","coordinates":[[[-118.36637227347475,34.12826839685484],[-118.36637208918623,34.12825652599058],[-118.36641778595643,34.12825608545492],[-118.3664173861761,34.12822498097842],[-118.3663711603946,34.12822542311747],[-118.36637028329493,34.12816109759346],[-118.36621085724683,34.12816256971101],[-118.36621094853824,34.128168313118735],[-118.36613511745448,34.128169009842885],[-118.36613555314665,34.128200417127154],[-118.36613938522649,34.128200377571446],[-118.36613982200241,34.12823203187324],[-118.36617058286235,34.12823174666136],[-118.36617093245677,34.12825859243549],[-118.3662752121548,34.1282576165554],[-118.36627551047926,34.12828042360456],[-118.36630508212198,34.12828014106067],[-118.36630475235366,34.128257582029214],[-118.36631298024145,34.128257502100105],[-118.36631312910973,34.12826896106998],[-118.36637227347475,34.12826839685484]]]},"properties":{"building_pk":2433,"building_key":"dpw:450809869245@374013,3777217","source_tile":"cty-e374-n3777","source_tile_ids":["cty-e374-n3777"],"source_bld_id":"450809869245","height_m":7.513,"receiver_ids":[6214,6215,6216,6217,6218,6219,6220,6221],"receiver_keys":["cty-e374-n3777:la-e374-n3777:facade:450809869245:0","cty-e374-n3777:la-e374-n3777:facade:450809869245:2","cty-e374-n3777:la-e374-n3777:facade:450809869245:3","cty-e374-n3777:la-e374-n3777:facade:450809869245:4","cty-e374-n3777:la-e374-n3777:facade:450809869245:5","cty-e374-n3777:la-e374-n3777:facade:450809869245:6","cty-e374-n3777:la-e374-n3777:facade:450809869245:7","cty-e374-n3777:la-e374-n3777:facade:450809869245:8"],"receiver_count":8,"periods":{"D":{"min":46.59107,"max":55.444374,"receiver_count":8,"unavailable_count":0},"E":{"min":44.372578,"max":53.225887,"receiver_count":8,"unavailable_count":0},"N":{"min":39.601368,"max":48.454674,"receiver_count":8,"unavailable_count":0}}}},{"type":"Feature","id":"dpw:452004869056@374375,3777156","geometry":{"type":"Polygon","coordinates":[[[-118.36224427791237,34.12774006530526],[-118.3622458884626,34.12775873578868],[-118.36243398571435,34.12774753740027],[-118.36242675982639,34.12766366576863],[-118.36224427791237,34.12774006530526]]]},"properties":{"building_pk":2444,"building_key":"dpw:452004869056@374375,3777156","source_tile":"cty-e374-n3777","source_tile_ids":["cty-e374-n3777"],"source_bld_id":"452004869056","height_m":5.971,"receiver_ids":[3941,3942,3943],"receiver_keys":["cty-e374-n3777:la-e374-n3777:facade:452004869056:0","cty-e374-n3777:la-e374-n3777:facade:452004869056:1","cty-e374-n3777:la-e374-n3777:facade:452004869056:2"],"receiver_count":3,"periods":{"D":{"min":43.388145,"max":44.45991,"receiver_count":3,"unavailable_count":0},"E":{"min":41.16966,"max":42.24142,"receiver_count":3,"unavailable_count":0},"N":{"min":36.398445,"max":37.47021,"receiver_count":3,"unavailable_count":0}}}},{"type":"Feature","id":"dpw:452300870983@374470,3777739","geometry":{"type":"Polygon","coordinates":[[[-118.36139294502767,34.13304599635269],[-118.36145375547778,34.1330094871477],[-118.3613968991026,34.13294398297837],[-118.36133605626814,34.13298051929769],[-118.36139294502767,34.13304599635269]]]},"properties":{"building_pk":2446,"building_key":"dpw:452300870983@374470,3777739","source_tile":"cty-e374-n3777","source_tile_ids":["cty-e374-n3777"],"source_bld_id":"452300870983","height_m":2.655,"receiver_ids":[5048,5049,5050,5051],"receiver_keys":["cty-e374-n3777:la-e374-n3777:facade:452300870983:0","cty-e374-n3777:la-e374-n3777:facade:452300870983:1","cty-e374-n3777:la-e374-n3777:facade:452300870983:2","cty-e374-n3777:la-e374-n3777:facade:452300870983:3"],"receiver_count":4,"periods":{"D":{"min":63.15645,"max":64.62465,"receiver_count":4,"unavailable_count":0},"E":{"min":60.93796,"max":62.406162,"receiver_count":4,"unavailable_count":0},"N":{"min":56.166748,"max":57.63495,"receiver_count":4,"unavailable_count":0}}}},{"type":"Feature","id":"dpw:453476870527@374828,3777602","geometry":{"type":"Polygon","coordinates":[[[-118.3575124256934,34.13187654861971],[-118.35755542657776,34.131847843653006],[-118.3575238945271,34.131815154384995],[-118.35758224953543,34.131776209429326],[-118.35751722766813,34.13170883167478],[-118.35746282590488,34.131745099067615],[-118.3574514082582,34.13173329026141],[-118.3573947990206,34.13177104807895],[-118.35746509919785,34.13184393399807],[-118.35747475410746,34.1318375027397],[-118.3575124256934,34.13187654861971]]]},"properties":{"building_pk":2448,"building_key":"dpw:453476870527@374828,3777602","source_tile":"cty-e374-n3777","source_tile_ids":["cty-e374-n3777"],"source_bld_id":"453476870527","height_m":0.442,"receiver_ids":[4836,4837,4838,4839,4840],"receiver_keys":["cty-e374-n3777:la-e374-n3777:facade:453476870527:0","cty-e374-n3777:la-e374-n3777:facade:453476870527:1","cty-e374-n3777:la-e374-n3777:facade:453476870527:2","cty-e374-n3777:la-e374-n3777:facade:453476870527:3","cty-e374-n3777:la-e374-n3777:facade:453476870527:5"],"receiver_count":5,"periods":{"D":{"min":54.788998,"max":55.326485,"receiver_count":5,"unavailable_count":0},"E":{"min":52.57051,"max":53.107998,"receiver_count":5,"unavailable_count":0},"N":{"min":47.799297,"max":48.336784,"receiver_count":5,"unavailable_count":0}}}},{"type":"Feature","id":"dpw:454016869408@374988,3777261","geometry":{"type":"Polygon","coordinates":[[[-118.35559829364747,34.12876293267662],[-118.35566476366031,34.12875982424476],[-118.3556573648035,34.128768254636746],[-118.3556902945934,34.12878821780256],[-118.35569637826706,34.1287812752062],[-118.35569910234285,34.128815862710354],[-118.35563736875834,34.12885261875499],[-118.35568535394037,34.12890837005131],[-118.35573970401686,34.12887600455377],[-118.35570450487197,34.1288350819716],[-118.35572533493756,34.12882265521024],[-118.35575880263093,34.128821512731555],[-118.35575870726468,34.12881464331223],[-118.35576903319524,34.12880290648198],[-118.35577821862555,34.12880287944543],[-118.35577377073557,34.12873592738725],[-118.3557988453155,34.128734781653925],[-118.35579792894431,34.12872120993239],[-118.35582188052632,34.12872009454612],[-118.35581612741758,34.128633801184584],[-118.35576825670188,34.12863600300569],[-118.35576673933707,34.12861341950176],[-118.35573694022473,34.12861479910807],[-118.35573567041558,34.12859586969979],[-118.35563963318215,34.12860030117583],[-118.35564323319971,34.128654259198456],[-118.35559565939074,34.12865643303153],[-118.35559679098085,34.12867371393959],[-118.35559236332789,34.1286739189925],[-118.35559829364747,34.12876293267662]]]},"properties":{"building_pk":2449,"building_key":"dpw:454016869408@374988,3777261","source_tile":"cty-e374-n3777","source_tile_ids":["cty-e374-n3777"],"source_bld_id":"454016869408","height_m":4.304,"receiver_ids":[3839,3840,3841,3842,3843,3844,3845,3846,3847,3848],"receiver_keys":["cty-e374-n3777:la-e374-n3777:facade:454016869408:0","cty-e374-n3777:la-e374-n3777:facade:454016869408:1","cty-e374-n3777:la-e374-n3777:facade:454016869408:10","cty-e374-n3777:la-e374-n3777:facade:454016869408:11","cty-e374-n3777:la-e374-n3777:facade:454016869408:2","cty-e374-n3777:la-e374-n3777:facade:454016869408:3","cty-e374-n3777:la-e374-n3777:facade:454016869408:4","cty-e374-n3777:la-e374-n3777:facade:454016869408:5","cty-e374-n3777:la-e374-n3777:facade:454016869408:6","cty-e374-n3777:la-e374-n3777:facade:454016869408:9"],"receiver_count":10,"periods":{"D":{"min":54.96081,"max":57.47907,"receiver_count":10,"unavailable_count":0},"E":{"min":52.74232,"max":55.260582,"receiver_count":10,"unavailable_count":0},"N":{"min":47.97111,"max":50.48937,"receiver_count":10,"unavailable_count":0}}}},{"type":"Feature","id":"dpw:452357871249@374488,3777821","geometry":{"type":"Polygon","coordinates":[[[-118.36122586548338,34.13376223758319],[-118.36125066673614,34.13373740278743],[-118.36119698979044,34.133703743882876],[-118.36117311623003,34.1337292520475],[-118.36122586548338,34.13376223758319]]]},"properties":{"building_pk":2464,"building_key":"dpw:452357871249@374488,3777821","source_tile":"cty-e374-n3777","source_tile_ids":["cty-e374-n3777"],"source_bld_id":"452357871249","height_m":2.682,"receiver_ids":[5185,5186],"receiver_keys":["cty-e374-n3777:la-e374-n3777:facade:452357871249:0","cty-e374-n3777:la-e374-n3777:facade:452357871249:2"],"receiver_count":2,"periods":{"D":{"min":60.602455,"max":66.004295,"receiver_count":2,"unavailable_count":0},"E":{"min":58.38397,"max":63.785805,"receiver_count":2,"unavailable_count":0},"N":{"min":53.612755,"max":59.01459,"receiver_count":2,"unavailable_count":0}}}},{"type":"Feature","id":"dpw:451498871039@374223,3777757","geometry":{"type":"Polygon","coordinates":[[[-118.36416076085804,34.133124956429754],[-118.36412563874497,34.1331000896938],[-118.36414330765585,34.13308253224836],[-118.36410210725212,34.133053803606494],[-118.36408167479408,34.133074089303136],[-118.36406284767466,34.13306095654032],[-118.36392074017522,34.13320185635967],[-118.3640179228618,34.133269628787126],[-118.36416076085804,34.133124956429754]]]},"properties":{"building_pk":2465,"building_key":"dpw:451498871039@374223,3777757","source_tile":"cty-e374-n3777","source_tile_ids":["cty-e374-n3777"],"source_bld_id":"451498871039","height_m":4.724,"receiver_ids":[4472,4473,4474,4475,4476],"receiver_keys":["cty-e374-n3777:la-e374-n3777:facade:451498871039:2","cty-e374-n3777:la-e374-n3777:facade:451498871039:3","cty-e374-n3777:la-e374-n3777:facade:451498871039:4","cty-e374-n3777:la-e374-n3777:facade:451498871039:5","cty-e374-n3777:la-e374-n3777:facade:451498871039:6"],"receiver_count":5,"periods":{"D":{"min":48.45863,"max":60.19356,"receiver_count":5,"unavailable_count":0},"E":{"min":46.240143,"max":57.975075,"receiver_count":5,"unavailable_count":0},"N":{"min":41.46893,"max":53.20386,"receiver_count":5,"unavailable_count":0}}}},{"type":"Feature","id":"dpw:453896870041@374953,3777449","geometry":{"type":"Polygon","coordinates":[[[-118.35619525069652,34.13044734109175],[-118.3561154499064,34.130367439639116],[-118.35604256294583,34.13041587929166],[-118.35612378184187,34.13050038526376],[-118.35619525069652,34.13044734109175]]]},"properties":{"building_pk":2486,"building_key":"dpw:453896870041@374953,3777449","source_tile":"cty-e374-n3777","source_tile_ids":["cty-e374-n3777"],"source_bld_id":"453896870041","height_m":4.566,"receiver_ids":[3923,3924,3925,3926,3927],"receiver_keys":["cty-e374-n3777:la-e374-n3777:facade:453896870041:0","cty-e374-n3777:la-e374-n3777:facade:453896870041:1","cty-e374-n3777:la-e374-n3777:facade:453896870041:2","cty-e374-n3777:la-e374-n3777:facade:453896870041:3","cty-e374-n3777:la-e374-n3777:facade:453896870041:4"],"receiver_count":5,"periods":{"D":{"min":62.499676,"max":63.58994,"receiver_count":5,"unavailable_count":0},"E":{"min":60.28119,"max":61.371452,"receiver_count":5,"unavailable_count":0},"N":{"min":55.509975,"max":56.60024,"receiver_count":5,"unavailable_count":0}}}},{"type":"Feature","id":"dpw:451789870904@374312,3777719","geometry":{"type":"Polygon","coordinates":[[[-118.36302413669527,34.13275503405632],[-118.36307752069919,34.13287272247217],[-118.36312576362322,34.13285710630015],[-118.36310146603702,34.13280153470023],[-118.36315011073681,34.13278682515804],[-118.3631358914335,34.13275422236506],[-118.36311378003161,34.132760911471436],[-118.36309976237729,34.132728803011695],[-118.36302413669527,34.13275503405632]]]},"properties":{"building_pk":2487,"building_key":"dpw:451789870904@374312,3777719","source_tile":"cty-e374-n3777","source_tile_ids":["cty-e374-n3777"],"source_bld_id":"451789870904","height_m":5.041,"receiver_ids":[4451,4452,4453,4454,4455],"receiver_keys":["cty-e374-n3777:la-e374-n3777:facade:451789870904:0","cty-e374-n3777:la-e374-n3777:facade:451789870904:1","cty-e374-n3777:la-e374-n3777:facade:451789870904:2","cty-e374-n3777:la-e374-n3777:facade:451789870904:3","cty-e374-n3777:la-e374-n3777:facade:451789870904:4"],"receiver_count":5,"periods":{"D":{"min":57.27854,"max":61.685753,"receiver_count":5,"unavailable_count":0},"E":{"min":55.060055,"max":59.467266,"receiver_count":5,"unavailable_count":0},"N":{"min":50.28884,"max":54.696053,"receiver_count":5,"unavailable_count":0}}}},{"type":"Feature","id":"dpw:454007870797@374989,3777679","geometry":{"type":"Polygon","coordinates":[[[-118.35582370045485,34.1325141669701],[-118.35582200328196,34.13251379782881],[-118.35583797379515,34.132461843105226],[-118.35573015029567,34.13243891347556],[-118.35571694999369,34.13248176444073],[-118.35569957125203,34.13247847178679],[-118.35565814984109,34.13260979954142],[-118.35578234682603,34.13263667124034],[-118.35582370045485,34.1325141669701]]]},"properties":{"building_pk":2488,"building_key":"dpw:454007870797@374989,3777679","source_tile":"cty-e374-n3777","source_tile_ids":["cty-e374-n3777"],"source_bld_id":"454007870797","height_m":1.676,"receiver_ids":[5809,5810,5811,5812,5813],"receiver_keys":["cty-e374-n3777:la-e374-n3777:facade:454007870797:0","cty-e374-n3777:la-e374-n3777:facade:454007870797:1","cty-e374-n3777:la-e374-n3777:facade:454007870797:2","cty-e374-n3777:la-e374-n3777:facade:454007870797:3","cty-e374-n3777:la-e374-n3777:facade:454007870797:4"],"receiver_count":5,"periods":{"D":{"min":69.5784,"max":72.28164,"receiver_count":5,"unavailable_count":0},"E":{"min":67.35991,"max":70.06315,"receiver_count":5,"unavailable_count":0},"N":{"min":62.5887,"max":65.29194,"receiver_count":5,"unavailable_count":0}}}},{"type":"Feature","id":"dpw:452013870958@374379,3777739","geometry":{"type":"Polygon","coordinates":[[[-118.3623584431633,34.133020654947806],[-118.36247652826874,34.133092762737704],[-118.36253969742052,34.13302126542364],[-118.36239195790905,34.13293097337622],[-118.36239603604677,34.13292637233292],[-118.36231733561691,34.13286063206798],[-118.36228199557654,34.132948670180376],[-118.36233604594221,34.13299195227857],[-118.36233913876835,34.132988892210655],[-118.36236930083548,34.13300987879744],[-118.3623584431633,34.133020654947806]]]},"properties":{"building_pk":2502,"building_key":"dpw:452013870958@374379,3777739","source_tile":"cty-e374-n3777","source_tile_ids":["cty-e374-n3777"],"source_bld_id":"452013870958","height_m":8.178,"receiver_ids":[4505,4506,4507,4508,4509,4510,4511,4512],"receiver_keys":["cty-e374-n3777:la-e374-n3777:facade:452013870958:0","cty-e374-n3777:la-e374-n3777:facade:452013870958:1","cty-e374-n3777:la-e374-n3777:facade:452013870958:2","cty-e374-n3777:la-e374-n3777:facade:452013870958:3","cty-e374-n3777:la-e374-n3777:facade:452013870958:4","cty-e374-n3777:la-e374-n3777:facade:452013870958:5","cty-e374-n3777:la-e374-n3777:facade:452013870958:6","cty-e374-n3777:la-e374-n3777:facade:452013870958:7"],"receiver_count":8,"periods":{"D":{"min":55.71596,"max":61.772427,"receiver_count":8,"unavailable_count":0},"E":{"min":53.49747,"max":59.55394,"receiver_count":8,"unavailable_count":0},"N":{"min":48.72626,"max":54.782726,"receiver_count":8,"unavailable_count":0}}}},{"type":"Feature","id":"dpw:452710870494@374595,3777587","geometry":{"type":"Polygon","coordinates":[[[-118.36003737757959,34.131758067060474],[-118.36003317846634,34.13170389186708],[-118.36004863917638,34.131702856830955],[-118.36005742129728,34.13170879342816],[-118.36010114410212,34.1316639271795],[-118.36008904811868,34.131655802513734],[-118.36014523956486,34.13159812163951],[-118.36014142751684,34.13159555009782],[-118.36020554788126,34.13152973896291],[-118.36013045102484,34.13147912693613],[-118.36004238072728,34.13156952032225],[-118.36003578625923,34.131565061135646],[-118.3600114736055,34.13159000150911],[-118.36001571506027,34.13159284674438],[-118.35998054625627,34.131628948902595],[-118.35996492858439,34.131631798287174],[-118.35995530477634,34.131637597676],[-118.35995206544625,34.13164516399404],[-118.35991754652666,34.13164790467579],[-118.35991936600348,34.13166383660488],[-118.35991233026854,34.13166440749115],[-118.35991380500874,34.13167707057712],[-118.3599210402228,34.13167649909682],[-118.35993140717645,34.131766489264535],[-118.36003737757959,34.131758067060474]]]},"properties":{"building_pk":2506,"building_key":"dpw:452710870494@374595,3777587","source_tile":"cty-e374-n3777","source_tile_ids":["cty-e374-n3777"],"source_bld_id":"452710870494","height_m":10.872,"receiver_ids":[4713,4714,4715,4716,4717,4718,4719,4720,4721],"receiver_keys":["cty-e374-n3777:la-e374-n3777:facade:452710870494:1","cty-e374-n3777:la-e374-n3777:facade:452710870494:2","cty-e374-n3777:la-e374-n3777:facade:452710870494:3","cty-e374-n3777:la-e374-n3777:facade:452710870494:4","cty-e374-n3777:la-e374-n3777:facade:452710870494:5","cty-e374-n3777:la-e374-n3777:facade:452710870494:6","cty-e374-n3777:la-e374-n3777:facade:452710870494:7","cty-e374-n3777:la-e374-n3777:facade:452710870494:8","cty-e374-n3777:la-e374-n3777:facade:452710870494:9"],"receiver_count":9,"periods":{"D":{"min":57.89647,"max":64.79322,"receiver_count":9,"unavailable_count":0},"E":{"min":55.677982,"max":62.57473,"receiver_count":9,"unavailable_count":0},"N":{"min":50.90677,"max":57.803516,"receiver_count":9,"unavailable_count":0}}}},{"type":"Feature","id":"dpw:451642868776@374270,3777072","geometry":{"type":"Polygon","coordinates":[[[-118.36353905404805,34.126816285224336],[-118.3634132383007,34.126925094876015],[-118.36342185908573,34.12693188366354],[-118.36341195145117,34.12694054205063],[-118.3634008101836,34.126931754923646],[-118.3633452785859,34.12698786846822],[-118.3634001037687,34.12702760290707],[-118.36346797880394,34.12696804441461],[-118.3635666591197,34.127047409121026],[-118.36369221404799,34.12693945204528],[-118.36353905404805,34.126816285224336]]]},"properties":{"building_pk":2507,"building_key":"dpw:451642868776@374270,3777072","source_tile":"cty-e374-n3777","source_tile_ids":["cty-e374-n3777"],"source_bld_id":"451642868776","height_m":4.118,"receiver_ids":[2992,2993,2994,2995,2996,2997,2998,2999,3000,3001],"receiver_keys":["cty-e374-n3777:la-e374-n3777:facade:451642868776:0","cty-e374-n3777:la-e374-n3777:facade:451642868776:1","cty-e374-n3777:la-e374-n3777:facade:451642868776:2","cty-e374-n3777:la-e374-n3777:facade:451642868776:3","cty-e374-n3777:la-e374-n3777:facade:451642868776:4","cty-e374-n3777:la-e374-n3777:facade:451642868776:5","cty-e374-n3777:la-e374-n3777:facade:451642868776:6","cty-e374-n3777:la-e374-n3777:facade:451642868776:7","cty-e374-n3777:la-e374-n3777:facade:451642868776:8","cty-e374-n3777:la-e374-n3777:facade:451642868776:9"],"receiver_count":10,"periods":{"D":{"min":42.396717,"max":53.534748,"receiver_count":10,"unavailable_count":0},"E":{"min":40.178226,"max":51.31626,"receiver_count":10,"unavailable_count":0},"N":{"min":35.407017,"max":46.545048,"receiver_count":10,"unavailable_count":0}}}},{"type":"Feature","id":"dpw:451385868724@374179,3777055","geometry":{"type":"Polygon","coordinates":[[[-118.36446094699247,34.12693125576777],[-118.36456182631626,34.12684796517987],[-118.36454922319196,34.126837341631855],[-118.36455669705568,34.12683119135184],[-118.3644198953774,34.12671616495223],[-118.36443615989076,34.12670278851147],[-118.36439059209503,34.12666448261351],[-118.36426577662075,34.12676719035037],[-118.36446094699247,34.12693125576777]]]},"properties":{"building_pk":2508,"building_key":"dpw:451385868724@374179,3777055","source_tile":"cty-e374-n3777","source_tile_ids":["cty-e374-n3777"],"source_bld_id":"451385868724","height_m":4.935,"receiver_ids":[2919,2920,2921,2922,2923,2924,2925,2926],"receiver_keys":["cty-e374-n3777:la-e374-n3777:facade:451385868724:0","cty-e374-n3777:la-e374-n3777:facade:451385868724:1","cty-e374-n3777:la-e374-n3777:facade:451385868724:2","cty-e374-n3777:la-e374-n3777:facade:451385868724:3","cty-e374-n3777:la-e374-n3777:facade:451385868724:5","cty-e374-n3777:la-e374-n3777:facade:451385868724:6","cty-e374-n3777:la-e374-n3777:facade:451385868724:7","cty-e374-n3777:la-e374-n3777:facade:451385868724:8"],"receiver_count":8,"periods":{"D":{"min":39.596302,"max":53.862656,"receiver_count":8,"unavailable_count":0},"E":{"min":37.37781,"max":51.64417,"receiver_count":8,"unavailable_count":0},"N":{"min":32.6066,"max":46.872955,"receiver_count":8,"unavailable_count":0}}}},{"type":"Feature","id":"dpw:451482868760@374214,3777065","geometry":{"type":"Polygon","coordinates":[[[-118.36411449430183,34.127014489349975],[-118.36422643663383,34.1269221521619],[-118.3640345848315,34.12676126510399],[-118.36392264237747,34.12685357326522],[-118.36411449430183,34.127014489349975]]]},"properties":{"building_pk":2509,"building_key":"dpw:451482868760@374214,3777065","source_tile":"cty-e374-n3777","source_tile_ids":["cty-e374-n3777"],"source_bld_id":"451482868760","height_m":3.539,"receiver_ids":[2937,2938,2939,2940,2941,2942],"receiver_keys":["cty-e374-n3777:la-e374-n3777:facade:451482868760:1","cty-e374-n3777:la-e374-n3777:facade:451482868760:2","cty-e374-n3777:la-e374-n3777:facade:451482868760:3","cty-e374-n3777:la-e374-n3777:facade:451482868760:5","cty-e374-n3777:la-e374-n3777:facade:451482868760:6","cty-e374-n3777:la-e374-n3777:facade:451482868760:7"],"receiver_count":6,"periods":{"D":{"min":42.4348,"max":54.63054,"receiver_count":6,"unavailable_count":0},"E":{"min":40.216312,"max":52.412052,"receiver_count":6,"unavailable_count":0},"N":{"min":35.4451,"max":47.64084,"receiver_count":6,"unavailable_count":0}}}},{"type":"Feature","id":"dpw:451105869130@374108,3777182","geometry":{"type":"Polygon","coordinates":[[[-118.36519441172882,34.127986840771456],[-118.36519371538157,34.1279711246002],[-118.36523346202092,34.12797031753365],[-118.36523396611666,34.12798718825136],[-118.36524348137517,34.127986994517556],[-118.3652440271183,34.128005953066115],[-118.36531833350787,34.12800443750517],[-118.36531817975462,34.127999519191036],[-118.36537867614469,34.1279982923525],[-118.3653782091094,34.12798221848087],[-118.36544766027839,34.12798079955687],[-118.36544676927865,34.127950822581845],[-118.36548000665884,34.12795017214798],[-118.36547927061258,34.12792538845195],[-118.36552489891383,34.12792445351732],[-118.36552253468956,34.12784466213384],[-118.36536658582254,34.1278478544743],[-118.36536674137915,34.12785318478476],[-118.36532828254943,34.12785396005532],[-118.36532813084084,34.127849509632014],[-118.36510012165233,34.12785415541491],[-118.3651004672985,34.127865035906865],[-118.36507277894079,34.127865586535066],[-118.36507305149397,34.127874873332736],[-118.36506489025129,34.127875062963646],[-118.36506547027857,34.127894434312665],[-118.36505476592319,34.12789465866992],[-118.3650550724376,34.12790427532713],[-118.36503614058891,34.127904662466364],[-118.36503641385325,34.12791436126376],[-118.36502276361301,34.127913495542984],[-118.36499985337046,34.12793354185887],[-118.36500175722495,34.12799118661362],[-118.36519441172882,34.127986840771456]]]},"properties":{"building_pk":2510,"building_key":"dpw:451105869130@374108,3777182","source_tile":"cty-e374-n3777","source_tile_ids":["cty-e374-n3777"],"source_bld_id":"451105869130","height_m":7.117,"receiver_ids":[6190,6191,6192,6193,6194,6195,6196,6197,6198,6199,6200,6201],"receiver_keys":["cty-e374-n3777:la-e374-n3777:facade:451105869130:1","cty-e374-n3777:la-e374-n3777:facade:451105869130:10","cty-e374-n3777:la-e374-n3777:facade:451105869130:11","cty-e374-n3777:la-e374-n3777:facade:451105869130:12","cty-e374-n3777:la-e374-n3777:facade:451105869130:13","cty-e374-n3777:la-e374-n3777:facade:451105869130:3","cty-e374-n3777:la-e374-n3777:facade:451105869130:4","cty-e374-n3777:la-e374-n3777:facade:451105869130:5","cty-e374-n3777:la-e374-n3777:facade:451105869130:6","cty-e374-n3777:la-e374-n3777:facade:451105869130:7","cty-e374-n3777:la-e374-n3777:facade:451105869130:8","cty-e374-n3777:la-e374-n3777:facade:451105869130:9"],"receiver_count":12,"periods":{"D":{"min":45.13389,"max":49.71659,"receiver_count":12,"unavailable_count":0},"E":{"min":42.9154,"max":47.4981,"receiver_count":12,"unavailable_count":0},"N":{"min":38.144188,"max":42.72689,"receiver_count":12,"unavailable_count":0}}}},{"type":"Feature","id":"dpw:452501869007@374525,3777128","geometry":{"type":"Polygon","coordinates":[[[-118.36068876658155,34.127634434104465],[-118.36077868998835,34.127576405246366],[-118.3607741756586,34.12757158198266],[-118.36084083474844,34.12752840589612],[-118.3607591406588,34.12744123957342],[-118.36074691561738,34.12744905270677],[-118.36074402964799,34.12744650546693],[-118.36073751913182,34.12744636081853],[-118.36073352833388,34.127448048683725],[-118.36073106391882,34.127451243868464],[-118.36073032011541,34.127454982953225],[-118.36073271398563,34.12745830067195],[-118.36072249935289,34.12746498088329],[-118.36071632533145,34.127458404576295],[-118.36071105304877,34.12746182721348],[-118.36070882907538,34.12745944387968],[-118.36070114178372,34.127462186753384],[-118.36069339334679,34.127466084676115],[-118.36068611930365,34.127472646121824],[-118.36068101881294,34.12747744308672],[-118.3606831424607,34.12747968968692],[-118.36067694796117,34.12748369295885],[-118.36068249134345,34.12748958417965],[-118.36061151573632,34.1275356029771],[-118.36064856239383,34.12757514468167],[-118.36064064855022,34.12758040801938],[-118.36068876658155,34.127634434104465]]]},"properties":{"building_pk":2511,"building_key":"dpw:452501869007@374525,3777128","source_tile":"cty-e374-n3777","source_tile_ids":["cty-e374-n3777"],"source_bld_id":"452501869007","height_m":7.599,"receiver_ids":[3287,3288,3289,3290,3291,3292,3293],"receiver_keys":["cty-e374-n3777:la-e374-n3777:facade:452501869007:0","cty-e374-n3777:la-e374-n3777:facade:452501869007:1","cty-e374-n3777:la-e374-n3777:facade:452501869007:2","cty-e374-n3777:la-e374-n3777:facade:452501869007:3","cty-e374-n3777:la-e374-n3777:facade:452501869007:4","cty-e374-n3777:la-e374-n3777:facade:452501869007:5","cty-e374-n3777:la-e374-n3777:facade:452501869007:6"],"receiver_count":7,"periods":{"D":{"min":44.089443,"max":55.913803,"receiver_count":7,"unavailable_count":0},"E":{"min":41.870953,"max":53.695316,"receiver_count":7,"unavailable_count":0},"N":{"min":37.099743,"max":48.924103,"receiver_count":7,"unavailable_count":0}}}},{"type":"Feature","id":"dpw:453605870613@374865,3777627","geometry":{"type":"Polygon","coordinates":[[[-118.35715952105954,34.13204147662623],[-118.35718900813562,34.13202083448465],[-118.35717065629301,34.132002670482876],[-118.35716637379136,34.13200567803808],[-118.35709396533727,34.13193411802163],[-118.35699917856128,34.13200045712168],[-118.3570050522874,34.13200626459499],[-118.35699734320254,34.13201164609069],[-118.35705017295733,34.132063864757654],[-118.35704391333742,34.13206822504269],[-118.3570677065148,34.132091731717324],[-118.35710776924799,34.1320636946123],[-118.35709525874482,34.13205136611039],[-118.35713874790753,34.13202092800019],[-118.35715952105954,34.13204147662623]]]},"properties":{"building_pk":2512,"building_key":"dpw:453605870613@374865,3777627","source_tile":"cty-e374-n3777","source_tile_ids":["cty-e374-n3777"],"source_bld_id":"453605870613","height_m":0.506,"receiver_ids":[4847,4848,4849,4850],"receiver_keys":["cty-e374-n3777:la-e374-n3777:facade:453605870613:2","cty-e374-n3777:la-e374-n3777:facade:453605870613:3","cty-e374-n3777:la-e374-n3777:facade:453605870613:4","cty-e374-n3777:la-e374-n3777:facade:453605870613:5"],"receiver_count":4,"periods":{"D":{"min":60.604206,"max":62.38721,"receiver_count":4,"unavailable_count":0},"E":{"min":58.38572,"max":60.16872,"receiver_count":4,"unavailable_count":0},"N":{"min":53.614506,"max":55.39751,"receiver_count":4,"unavailable_count":0}}}},{"type":"Feature","id":"dpw:453839870368@374938,3777550","geometry":{"type":"Polygon","coordinates":[[[-118.35621527568962,34.13132887831095],[-118.35623861100822,34.13135367749524],[-118.35625241818471,34.131344706191605],[-118.35627635139578,34.13137013648439],[-118.35625239452605,34.131385704489865],[-118.35628751474142,34.131423055267994],[-118.35638060782341,34.13136251949515],[-118.35634034183849,34.13131971610116],[-118.35634607616919,34.13131598937751],[-118.3563039522938,34.13127121347989],[-118.35621527568962,34.13132887831095]]]},"properties":{"building_pk":2521,"building_key":"dpw:453839870368@374938,3777550","source_tile":"cty-e374-n3777","source_tile_ids":["cty-e374-n3777"],"source_bld_id":"453839870368","height_m":7.903,"receiver_ids":[4623,4624,4625,4626,4627],"receiver_keys":["cty-e374-n3777:la-e374-n3777:facade:453839870368:1","cty-e374-n3777:la-e374-n3777:facade:453839870368:2","cty-e374-n3777:la-e374-n3777:facade:453839870368:3","cty-e374-n3777:la-e374-n3777:facade:453839870368:4","cty-e374-n3777:la-e374-n3777:facade:453839870368:5"],"receiver_count":5,"periods":{"D":{"min":52.36049,"max":64.62279,"receiver_count":5,"unavailable_count":0},"E":{"min":50.142,"max":62.4043,"receiver_count":5,"unavailable_count":0},"N":{"min":45.37079,"max":57.633087,"receiver_count":5,"unavailable_count":0}}}},{"type":"Feature","id":"dpw:453230870304@374752,3777528","geometry":{"type":"Polygon","coordinates":[[[-118.35828757686998,34.131188711400256],[-118.35837748384148,34.13114074191928],[-118.35832242302631,34.13106937732366],[-118.35828117972002,34.13109140058272],[-118.35829450382052,34.1311086444265],[-118.35824584140228,34.13113461945832],[-118.35828757686998,34.131188711400256]]]},"properties":{"building_pk":2556,"building_key":"dpw:453230870304@374752,3777528","source_tile":"cty-e374-n3777","source_tile_ids":["cty-e374-n3777"],"source_bld_id":"453230870304","height_m":4.785,"receiver_ids":[3808,3809,3810],"receiver_keys":["cty-e374-n3777:la-e374-n3777:facade:453230870304:1","cty-e374-n3777:la-e374-n3777:facade:453230870304:2","cty-e374-n3777:la-e374-n3777:facade:453230870304:3"],"receiver_count":3,"periods":{"D":{"min":55.353485,"max":58.74368,"receiver_count":3,"unavailable_count":0},"E":{"min":53.134995,"max":56.525192,"receiver_count":3,"unavailable_count":0},"N":{"min":48.363785,"max":51.75398,"receiver_count":3,"unavailable_count":0}}}},{"type":"Feature","id":"dpw:453213869787@374744,3777373","geometry":{"type":"Polygon","coordinates":[[[-118.35841067961303,34.12979662437439],[-118.35845494060483,34.12970007029166],[-118.35832503416123,34.129658852308125],[-118.35828073943432,34.12975540644287],[-118.35841067961303,34.12979662437439]]]},"properties":{"building_pk":2557,"building_key":"dpw:453213869787@374744,3777373","source_tile":"cty-e374-n3777","source_tile_ids":["cty-e374-n3777"],"source_bld_id":"453213869787","height_m":3.039,"receiver_ids":[3658,3659,3660,3661,3662],"receiver_keys":["cty-e374-n3777:la-e374-n3777:facade:453213869787:0","cty-e374-n3777:la-e374-n3777:facade:453213869787:1","cty-e374-n3777:la-e374-n3777:facade:453213869787:2","cty-e374-n3777:la-e374-n3777:facade:453213869787:3","cty-e374-n3777:la-e374-n3777:facade:453213869787:4"],"receiver_count":5,"periods":{"D":{"min":60.258297,"max":60.912556,"receiver_count":5,"unavailable_count":0},"E":{"min":58.03981,"max":58.69407,"receiver_count":5,"unavailable_count":0},"N":{"min":53.268597,"max":53.922855,"receiver_count":5,"unavailable_count":0}}}},{"type":"Feature","id":"dpw:452049869783@374391,3777374","geometry":{"type":"Polygon","coordinates":[[[-118.36228570191268,34.12973264233643],[-118.36227167342852,34.129690340154205],[-118.36230884416133,34.12968182011929],[-118.36230485902142,34.1296698236095],[-118.3623292878891,34.12966422667441],[-118.36230494651146,34.12959071179007],[-118.36223694412018,34.12960630391511],[-118.36225194389387,34.12965159899326],[-118.36221863523245,34.12965922753847],[-118.36222097929212,34.12966628314432],[-118.36217119883536,34.129677697902125],[-118.36216724768161,34.12966578422727],[-118.36210158988386,34.12968081931415],[-118.36210500520755,34.1296911686289],[-118.36206308100512,34.12970077476567],[-118.36208521184338,34.12976756455361],[-118.362143278672,34.129754255220085],[-118.36214063364932,34.1297462944711],[-118.36216621700741,34.12974042004331],[-118.36217224328374,34.12975862021934],[-118.36228570191268,34.12973264233643]]]},"properties":{"building_pk":2558,"building_key":"dpw:452049869783@374391,3777374","source_tile":"cty-e374-n3777","source_tile_ids":["cty-e374-n3777"],"source_bld_id":"452049869783","height_m":8.126,"receiver_ids":[4043,4044,4045,4046,4047,4048],"receiver_keys":["cty-e374-n3777:la-e374-n3777:facade:452049869783:1","cty-e374-n3777:la-e374-n3777:facade:452049869783:2","cty-e374-n3777:la-e374-n3777:facade:452049869783:3","cty-e374-n3777:la-e374-n3777:facade:452049869783:5","cty-e374-n3777:la-e374-n3777:facade:452049869783:6","cty-e374-n3777:la-e374-n3777:facade:452049869783:8"],"receiver_count":6,"periods":{"D":{"min":57.496662,"max":60.87823,"receiver_count":6,"unavailable_count":0},"E":{"min":55.27817,"max":58.659744,"receiver_count":6,"unavailable_count":0},"N":{"min":50.50696,"max":53.88853,"receiver_count":6,"unavailable_count":0}}}},{"type":"Feature","id":"dpw:452036868599@374378,3777013","geometry":{"type":"Polygon","coordinates":[[[-118.3621811359767,34.1265564544394],[-118.36232282494952,34.126526765037234],[-118.3622926550267,34.12642713481883],[-118.36242595972416,34.12639922842051],[-118.36240353366698,34.12632521287846],[-118.36212854038294,34.12638280859237],[-118.3621811359767,34.1265564544394]]]},"properties":{"building_pk":2559,"building_key":"dpw:452036868599@374378,3777013","source_tile":"cty-e374-n3777","source_tile_ids":["cty-e374-n3777"],"source_bld_id":"452036868599","height_m":4.907,"receiver_ids":[2837,2838,2839,2840,2841,2842],"receiver_keys":["cty-e374-n3777:la-e374-n3777:facade:452036868599:0","cty-e374-n3777:la-e374-n3777:facade:452036868599:2","cty-e374-n3777:la-e374-n3777:facade:452036868599:4","cty-e374-n3777:la-e374-n3777:facade:452036868599:7","cty-e374-n3777:la-e374-n3777:facade:452036868599:8","cty-e374-n3777:la-e374-n3777:facade:452036868599:9"],"receiver_count":6,"periods":{"D":{"min":37.127357,"max":53.665398,"receiver_count":6,"unavailable_count":0},"E":{"min":34.90887,"max":51.44691,"receiver_count":6,"unavailable_count":0},"N":{"min":30.137657,"max":46.675697,"receiver_count":6,"unavailable_count":0}}}},{"type":"Feature","id":"dpw:452788870872@374611,3777707","geometry":{"type":"Polygon","coordinates":[[[-118.35973195666286,34.13280457472189],[-118.3598096545666,34.132799095627064],[-118.3598079980969,34.132782750307264],[-118.35984324600606,34.132780254508795],[-118.35984787071622,34.132825773700695],[-118.35992662542239,34.132820235489376],[-118.3599194843705,34.13275029578304],[-118.35994809287229,34.13274828671856],[-118.35994295006475,34.13269752123421],[-118.35995586697375,34.13269660377261],[-118.35994996761913,34.13263883290491],[-118.35985571882773,34.13264546123787],[-118.35985520196645,34.132640489004416],[-118.35982345479978,34.13264272736486],[-118.35982414592976,34.13264965000281],[-118.35971694768696,34.13265719577186],[-118.35973195666286,34.13280457472189]]]},"properties":{"building_pk":2561,"building_key":"dpw:452788870872@374611,3777707","source_tile":"cty-e374-n3777","source_tile_ids":["cty-e374-n3777"],"source_bld_id":"452788870872","height_m":10.317,"receiver_ids":[4958,4959,4960,4961,4962,4963,4964,4965,4966],"receiver_keys":["cty-e374-n3777:la-e374-n3777:facade:452788870872:0","cty-e374-n3777:la-e374-n3777:facade:452788870872:1","cty-e374-n3777:la-e374-n3777:facade:452788870872:2","cty-e374-n3777:la-e374-n3777:facade:452788870872:3","cty-e374-n3777:la-e374-n3777:facade:452788870872:4","cty-e374-n3777:la-e374-n3777:facade:452788870872:5","cty-e374-n3777:la-e374-n3777:facade:452788870872:6","cty-e374-n3777:la-e374-n3777:facade:452788870872:7","cty-e374-n3777:la-e374-n3777:facade:452788870872:8"],"receiver_count":9,"periods":{"D":{"min":58.6465,"max":67.0496,"receiver_count":9,"unavailable_count":0},"E":{"min":56.428013,"max":64.83111,"receiver_count":9,"unavailable_count":0},"N":{"min":51.6568,"max":60.0599,"receiver_count":9,"unavailable_count":0}}}},{"type":"Feature","id":"dpw:453641870291@374887,3777531","geometry":{"type":"Polygon","coordinates":[[[-118.35703230421447,34.131191518731036],[-118.35700549527489,34.13107308205517],[-118.35676499334869,34.13111053061901],[-118.35669297793089,34.13110769325915],[-118.3566835945701,34.1312163722055],[-118.3567702890446,34.1312207051669],[-118.35677158221694,34.131190942564075],[-118.35692360836201,34.13116532287792],[-118.35693403495985,34.13120810420814],[-118.35703230421447,34.131191518731036]]]},"properties":{"building_pk":2563,"building_key":"dpw:453641870291@374887,3777531","source_tile":"cty-e374-n3777","source_tile_ids":["cty-e374-n3777"],"source_bld_id":"453641870291","height_m":0.32,"receiver_ids":[4597,4598,4599,4600,4601,4602,4603,4604,4605],"receiver_keys":["cty-e374-n3777:la-e374-n3777:facade:453641870291:0","cty-e374-n3777:la-e374-n3777:facade:453641870291:1","cty-e374-n3777:la-e374-n3777:facade:453641870291:2","cty-e374-n3777:la-e374-n3777:facade:453641870291:3","cty-e374-n3777:la-e374-n3777:facade:453641870291:4","cty-e374-n3777:la-e374-n3777:facade:453641870291:6","cty-e374-n3777:la-e374-n3777:facade:453641870291:7","cty-e374-n3777:la-e374-n3777:facade:453641870291:8","cty-e374-n3777:la-e374-n3777:facade:453641870291:9"],"receiver_count":9,"periods":{"D":{"min":64.63372,"max":65.13964,"receiver_count":9,"unavailable_count":0},"E":{"min":62.415234,"max":62.921158,"receiver_count":9,"unavailable_count":0},"N":{"min":57.64402,"max":58.149944,"receiver_count":9,"unavailable_count":0}}}},{"type":"Feature","id":"dpw:453961870327@374976,3777538","geometry":{"type":"Polygon","coordinates":[[[-118.35598516241713,34.13120658769203],[-118.35585752089997,34.13119292212428],[-118.35584999497902,34.131241582120104],[-118.35579885297247,34.131236126921856],[-118.35579229184042,34.13127840841518],[-118.35597107672938,34.13129755714289],[-118.35598516241713,34.13120658769203]]]},"properties":{"building_pk":2564,"building_key":"dpw:453961870327@374976,3777538","source_tile":"cty-e374-n3777","source_tile_ids":["cty-e374-n3777"],"source_bld_id":"453961870327","height_m":8.294,"receiver_ids":[4612,4613,4614,4615,4616,4617],"receiver_keys":["cty-e374-n3777:la-e374-n3777:facade:453961870327:0","cty-e374-n3777:la-e374-n3777:facade:453961870327:1","cty-e374-n3777:la-e374-n3777:facade:453961870327:2","cty-e374-n3777:la-e374-n3777:facade:453961870327:3","cty-e374-n3777:la-e374-n3777:facade:453961870327:4","cty-e374-n3777:la-e374-n3777:facade:453961870327:5"],"receiver_count":6,"periods":{"D":{"min":48.525806,"max":62.5939,"receiver_count":6,"unavailable_count":0},"E":{"min":46.307316,"max":60.37541,"receiver_count":6,"unavailable_count":0},"N":{"min":41.536106,"max":55.6042,"receiver_count":6,"unavailable_count":0}}}},{"type":"Feature","id":"dpw:453817870765@374929,3777668","geometry":{"type":"Polygon","coordinates":[[[-118.35644760865075,34.13240574922978],[-118.3564621308889,34.13241315579292],[-118.35647738210177,34.13239168311972],[-118.35640008329102,34.13234985983473],[-118.35636213495077,34.13240094453732],[-118.356354882458,34.132397229053836],[-118.35633579279765,34.13242289615185],[-118.35640749134991,34.13245972615788],[-118.35644760865075,34.13240574922978]]]},"properties":{"building_pk":2565,"building_key":"dpw:453817870765@374929,3777668","source_tile":"cty-e374-n3777","source_tile_ids":["cty-e374-n3777"],"source_bld_id":"453817870765","height_m":3.514,"receiver_ids":[5795,5796,5797,5798],"receiver_keys":["cty-e374-n3777:la-e374-n3777:facade:453817870765:0","cty-e374-n3777:la-e374-n3777:facade:453817870765:1","cty-e374-n3777:la-e374-n3777:facade:453817870765:2","cty-e374-n3777:la-e374-n3777:facade:453817870765:3"],"receiver_count":4,"periods":{"D":{"min":67.03885,"max":67.831696,"receiver_count":4,"unavailable_count":0},"E":{"min":64.82036,"max":65.613205,"receiver_count":4,"unavailable_count":0},"N":{"min":60.04915,"max":60.841995,"receiver_count":4,"unavailable_count":0}}}},{"type":"Feature","id":"dpw:452646870900@374575,3777713","geometry":{"type":"Polygon","coordinates":[[[-118.36017940783616,34.13280997493657],[-118.36026332858131,34.13285275694692],[-118.36031159879158,34.13284335249752],[-118.36028935018896,34.132764444290366],[-118.36030321778026,34.13276173801595],[-118.360293250205,34.13272629229806],[-118.36020531994858,34.13271133102603],[-118.3601549018783,34.13272093385989],[-118.36017940783616,34.13280997493657]]]},"properties":{"building_pk":2593,"building_key":"dpw:452646870900@374575,3777713","source_tile":"cty-e374-n3777","source_tile_ids":["cty-e374-n3777"],"source_bld_id":"452646870900","height_m":10.942,"receiver_ids":[4967,4968,4969,4970,4971,4972],"receiver_keys":["cty-e374-n3777:la-e374-n3777:facade:452646870900:0","cty-e374-n3777:la-e374-n3777:facade:452646870900:1","cty-e374-n3777:la-e374-n3777:facade:452646870900:2","cty-e374-n3777:la-e374-n3777:facade:452646870900:3","cty-e374-n3777:la-e374-n3777:facade:452646870900:4","cty-e374-n3777:la-e374-n3777:facade:452646870900:5"],"receiver_count":6,"periods":{"D":{"min":53.598583,"max":65.78531,"receiver_count":6,"unavailable_count":0},"E":{"min":51.380096,"max":63.566822,"receiver_count":6,"unavailable_count":0},"N":{"min":46.608883,"max":58.795612,"receiver_count":6,"unavailable_count":0}}}},{"type":"Feature","id":"dpw:453657871211@374865,3777825","geometry":{"type":"Polygon","coordinates":[[[-118.35659536707824,34.133383758062834],[-118.35650662593366,34.13364664073558],[-118.35660188120058,34.133672811715606],[-118.35653567528067,34.1338393908089],[-118.356544934877,34.13385662069075],[-118.35655505006935,34.133864999476565],[-118.35720298980286,34.13404771649043],[-118.35719733226247,34.13406158259842],[-118.35727835842734,34.13408442515386],[-118.35728208685721,34.13407529149509],[-118.35734478268006,34.134092967391275],[-118.35735024379504,34.13407956885248],[-118.35746213883391,34.13411114154997],[-118.35746864713215,34.13409518405559],[-118.35751235263201,34.13410750320301],[-118.35752700332708,34.13407159948937],[-118.35755224713323,34.13407872448548],[-118.35755754530513,34.13406576636852],[-118.35754404635294,34.134061959445134],[-118.3575464666863,34.13405598862805],[-118.35753472075625,34.134052671461376],[-118.35754319017698,34.13403187232534],[-118.35755619308142,34.134035543682714],[-118.35755498273609,34.134038487170464],[-118.35756805177523,34.13404215833098],[-118.35757583461981,34.13402306512584],[-118.35754979628969,34.13401572251017],[-118.35757232836147,34.13396045122878],[-118.35750944199638,34.133921534934125],[-118.35748809739363,34.133899065080236],[-118.35740375216548,34.13384946769079],[-118.35737479682301,34.13383993571856],[-118.35730883684822,34.1338009734136],[-118.35699392235837,34.13370973989031],[-118.35699518178701,34.13367970151302],[-118.35699192578004,34.133660091010356],[-118.3569770316899,34.13363117226466],[-118.35695918801866,34.133616056623254],[-118.35693163980793,34.133603168480796],[-118.35690882085774,34.13359894905749],[-118.3568734909838,34.13359809143026],[-118.35685897005776,34.13360247609554],[-118.35684313436256,34.13360845855521],[-118.35683624933002,34.133613644679144],[-118.35681071988712,34.133555052613225],[-118.3567984099705,34.13355877082065],[-118.3567929036224,34.13354609255145],[-118.35680026049731,34.13353562834952],[-118.35676270443204,34.13349301001997],[-118.35675247868531,34.13349707907952],[-118.35674653990895,34.13349154585228],[-118.35675566436312,34.13348473216321],[-118.35671996570339,34.133451560037386],[-118.35662856402317,34.13339750410552],[-118.35659536707824,34.133383758062834]]]},"properties":{"building_pk":2611,"building_key":"dpw:453657871211@374865,3777825","source_tile":"cty-e374-n3777","source_tile_ids":["cty-e374-n3777"],"source_bld_id":"453657871211","height_m":11.485,"receiver_ids":[5881,5882,5883,5884,5885,5886,5887,5888,5889,5890,5891,5892,5893,5894,5895,5896,5897,5898,5899,5900,5901,5902,5903,5904,5905,5906,5907,5908,5909],"receiver_keys":["cty-e374-n3777:la-e374-n3777:facade:453657871211:10","cty-e374-n3777:la-e374-n3777:facade:453657871211:11","cty-e374-n3777:la-e374-n3777:facade:453657871211:12","cty-e374-n3777:la-e374-n3777:facade:453657871211:13","cty-e374-n3777:la-e374-n3777:facade:453657871211:14","cty-e374-n3777:la-e374-n3777:facade:453657871211:15","cty-e374-n3777:la-e374-n3777:facade:453657871211:16","cty-e374-n3777:la-e374-n3777:facade:453657871211:17","cty-e374-n3777:la-e374-n3777:facade:453657871211:18","cty-e374-n3777:la-e374-n3777:facade:453657871211:19","cty-e374-n3777:la-e374-n3777:facade:453657871211:20","cty-e374-n3777:la-e374-n3777:facade:453657871211:21","cty-e374-n3777:la-e374-n3777:facade:453657871211:22","cty-e374-n3777:la-e374-n3777:facade:453657871211:23","cty-e374-n3777:la-e374-n3777:facade:453657871211:24","cty-e374-n3777:la-e374-n3777:facade:453657871211:25","cty-e374-n3777:la-e374-n3777:facade:453657871211:26","cty-e374-n3777:la-e374-n3777:facade:453657871211:27","cty-e374-n3777:la-e374-n3777:facade:453657871211:28","cty-e374-n3777:la-e374-n3777:facade:453657871211:29","cty-e374-n3777:la-e374-n3777:facade:453657871211:3","cty-e374-n3777:la-e374-n3777:facade:453657871211:30","cty-e374-n3777:la-e374-n3777:facade:453657871211:31","cty-e374-n3777:la-e374-n3777:facade:453657871211:4","cty-e374-n3777:la-e374-n3777:facade:453657871211:5","cty-e374-n3777:la-e374-n3777:facade:453657871211:6","cty-e374-n3777:la-e374-n3777:facade:453657871211:7","cty-e374-n3777:la-e374-n3777:facade:453657871211:8","cty-e374-n3777:la-e374-n3777:facade:453657871211:9"],"receiver_count":29,"periods":{"D":{"min":68.47272,"max":80.94778,"receiver_count":29,"unavailable_count":0},"E":{"min":66.254234,"max":78.72929,"receiver_count":29,"unavailable_count":0},"N":{"min":61.483017,"max":73.95808,"receiver_count":29,"unavailable_count":0}}}},{"type":"Feature","id":"dpw:451883869863@374345,3777401","geometry":{"type":"Polygon","coordinates":[[[-118.36261432516213,34.129923992343855],[-118.36265953626732,34.12994832979079],[-118.36265253608823,34.12995730845204],[-118.36269609129107,34.129980782674735],[-118.36269967275153,34.129976183111346],[-118.36279860599524,34.130029496925125],[-118.3628554856476,34.12995297062299],[-118.36278252867424,34.12991111133898],[-118.36279711865431,34.1298923823197],[-118.36268261809425,34.129830650698345],[-118.36264387522209,34.12988036672993],[-118.36263234915373,34.129874163584795],[-118.36262097301258,34.12988877554592],[-118.36261432516213,34.129923992343855]]]},"properties":{"building_pk":2630,"building_key":"dpw:451883869863@374345,3777401","source_tile":"cty-e374-n3777","source_tile_ids":["cty-e374-n3777"],"source_bld_id":"451883869863","height_m":9.013,"receiver_ids":[4194,4195,4196,4197,4198,4199,4200],"receiver_keys":["cty-e374-n3777:la-e374-n3777:facade:451883869863:0","cty-e374-n3777:la-e374-n3777:facade:451883869863:1","cty-e374-n3777:la-e374-n3777:facade:451883869863:2","cty-e374-n3777:la-e374-n3777:facade:451883869863:3","cty-e374-n3777:la-e374-n3777:facade:451883869863:4","cty-e374-n3777:la-e374-n3777:facade:451883869863:5","cty-e374-n3777:la-e374-n3777:facade:451883869863:6"],"receiver_count":7,"periods":{"D":{"min":58.5818,"max":61.619537,"receiver_count":7,"unavailable_count":0},"E":{"min":56.36331,"max":59.40105,"receiver_count":7,"unavailable_count":0},"N":{"min":51.5921,"max":54.629837,"receiver_count":7,"unavailable_count":0}}}},{"type":"Feature","id":"dpw:452040869973@374386,3777431","geometry":{"type":"Polygon","coordinates":[[[-118.36210633083184,34.13021840164398],[-118.36227031471758,34.1303451376952],[-118.36241303997511,34.130217427434324],[-118.36235637750417,34.13017363122024],[-118.36226280990655,34.13013063256244],[-118.3622177402939,34.130161709235885],[-118.36216730174837,34.1301586725436],[-118.36210633083184,34.13021840164398]]]},"properties":{"building_pk":2635,"building_key":"dpw:452040869973@374386,3777431","source_tile":"cty-e374-n3777","source_tile_ids":["cty-e374-n3777"],"source_bld_id":"452040869973","height_m":3.115,"receiver_ids":[4209,4210,4211,4212,4213,4214,4215,4216],"receiver_keys":["cty-e374-n3777:la-e374-n3777:facade:452040869973:0","cty-e374-n3777:la-e374-n3777:facade:452040869973:1","cty-e374-n3777:la-e374-n3777:facade:452040869973:2","cty-e374-n3777:la-e374-n3777:facade:452040869973:3","cty-e374-n3777:la-e374-n3777:facade:452040869973:4","cty-e374-n3777:la-e374-n3777:facade:452040869973:5","cty-e374-n3777:la-e374-n3777:facade:452040869973:6","cty-e374-n3777:la-e374-n3777:facade:452040869973:7"],"receiver_count":8,"periods":{"D":{"min":59.76175,"max":60.54966,"receiver_count":8,"unavailable_count":0},"E":{"min":57.543262,"max":58.331173,"receiver_count":8,"unavailable_count":0},"N":{"min":52.77205,"max":53.55996,"receiver_count":8,"unavailable_count":0}}}},{"type":"Feature","id":"dpw:451295870141@374161,3777486","geometry":{"type":"Polygon","coordinates":[[[-118.36469781664941,34.13072125827723],[-118.36474641880056,34.13070558627862],[-118.36471352156734,34.13063387551635],[-118.36466481550201,34.130649327840636],[-118.36469781664941,34.13072125827723]]]},"properties":{"building_pk":2640,"building_key":"dpw:451295870141@374161,3777486","source_tile":"cty-e374-n3777","source_tile_ids":["cty-e374-n3777"],"source_bld_id":"451295870141","height_m":4.057,"receiver_ids":[4151,4152,4153],"receiver_keys":["cty-e374-n3777:la-e374-n3777:facade:451295870141:1","cty-e374-n3777:la-e374-n3777:facade:451295870141:2","cty-e374-n3777:la-e374-n3777:facade:451295870141:3"],"receiver_count":3,"periods":{"D":{"min":52.980694,"max":54.77993,"receiver_count":3,"unavailable_count":0},"E":{"min":50.762203,"max":52.56144,"receiver_count":3,"unavailable_count":0},"N":{"min":45.990993,"max":47.79023,"receiver_count":3,"unavailable_count":0}}}},{"type":"Feature","id":"dpw:452299868988@374463,3777133","geometry":{"type":"Polygon","coordinates":[[[-118.36138293772002,34.12754426346277],[-118.36139944539816,34.12751802630017],[-118.36137515121098,34.12750875632432],[-118.36136036558341,34.12753561941008],[-118.36138293772002,34.12754426346277]]]},"properties":{"building_pk":2646,"building_key":"dpw:452299868988@374463,3777133","source_tile":"cty-e374-n3777","source_tile_ids":["cty-e374-n3777"],"source_bld_id":"452299868988","height_m":0.908,"receiver_ids":[3283,3284,3285,3286],"receiver_keys":["cty-e374-n3777:la-e374-n3777:facade:452299868988:0","cty-e374-n3777:la-e374-n3777:facade:452299868988:1","cty-e374-n3777:la-e374-n3777:facade:452299868988:2","cty-e374-n3777:la-e374-n3777:facade:452299868988:3"],"receiver_count":4,"periods":{"D":{"min":53.759735,"max":55.804012,"receiver_count":4,"unavailable_count":0},"E":{"min":51.541245,"max":53.585526,"receiver_count":4,"unavailable_count":0},"N":{"min":46.770035,"max":48.814312,"receiver_count":4,"unavailable_count":0}}}},{"type":"Feature","id":"dpw:452970869333@374673,3777236","geometry":{"type":"Polygon","coordinates":[[[-118.35926934588853,34.128515014432026],[-118.35930050626459,34.12850197125049],[-118.35928453333328,34.128423549979175],[-118.3591204405857,34.128446679694676],[-118.35911507440753,34.12842045374193],[-118.35909780328171,34.128422867979154],[-118.35908980275015,34.12838351447911],[-118.35900592428871,34.12839533214571],[-118.35903674183437,34.12854653900529],[-118.35903915249666,34.12854620278407],[-118.35904333824385,34.12856666151781],[-118.35912173473956,34.12855563002477],[-118.35911781964687,34.12853635150111],[-118.35926934588853,34.128515014432026]]]},"properties":{"building_pk":2683,"building_key":"dpw:452970869333@374673,3777236","source_tile":"cty-e374-n3777","source_tile_ids":["cty-e374-n3777"],"source_bld_id":"452970869333","height_m":6.328,"receiver_ids":[3373,3374,3375,3376,3377,3378,3379,3380],"receiver_keys":["cty-e374-n3777:la-e374-n3777:facade:452970869333:0","cty-e374-n3777:la-e374-n3777:facade:452970869333:1","cty-e374-n3777:la-e374-n3777:facade:452970869333:2","cty-e374-n3777:la-e374-n3777:facade:452970869333:3","cty-e374-n3777:la-e374-n3777:facade:452970869333:4","cty-e374-n3777:la-e374-n3777:facade:452970869333:5","cty-e374-n3777:la-e374-n3777:facade:452970869333:6","cty-e374-n3777:la-e374-n3777:facade:452970869333:8"],"receiver_count":8,"periods":{"D":{"min":55.804356,"max":59.602726,"receiver_count":8,"unavailable_count":0},"E":{"min":53.585865,"max":57.384235,"receiver_count":8,"unavailable_count":0},"N":{"min":48.814655,"max":52.613026,"receiver_count":8,"unavailable_count":0}}}},{"type":"Feature","id":"dpw:451258868879@374148,3777100","geometry":{"type":"Polygon","coordinates":[[[-118.36472897509393,34.12716305519524],[-118.36478110194437,34.127333762340186],[-118.36491872991544,34.12730471322649],[-118.36485071374805,34.127081900265004],[-118.3647436548139,34.12710448139772],[-118.36475954489337,34.12715658818617],[-118.36472897509393,34.12716305519524]]]},"properties":{"building_pk":2689,"building_key":"dpw:451258868879@374148,3777100","source_tile":"cty-e374-n3777","source_tile_ids":["cty-e374-n3777"],"source_bld_id":"451258868879","height_m":5.176,"receiver_ids":[2955,2956,2957,2958,2959,2960,2961,2962],"receiver_keys":["cty-e374-n3777:la-e374-n3777:facade:451258868879:0","cty-e374-n3777:la-e374-n3777:facade:451258868879:1","cty-e374-n3777:la-e374-n3777:facade:451258868879:2","cty-e374-n3777:la-e374-n3777:facade:451258868879:3","cty-e374-n3777:la-e374-n3777:facade:451258868879:4","cty-e374-n3777:la-e374-n3777:facade:451258868879:5","cty-e374-n3777:la-e374-n3777:facade:451258868879:6","cty-e374-n3777:la-e374-n3777:facade:451258868879:7"],"receiver_count":8,"periods":{"D":{"min":41.80096,"max":53.2891,"receiver_count":8,"unavailable_count":0},"E":{"min":39.582474,"max":51.07061,"receiver_count":8,"unavailable_count":0},"N":{"min":34.81126,"max":46.2994,"receiver_count":8,"unavailable_count":0}}}},{"type":"Feature","id":"dpw:452428871422@374512,3777878","geometry":{"type":"Polygon","coordinates":[[[-118.36093354202309,34.13430299906038],[-118.3609371994525,34.134280526377246],[-118.36094627259739,34.134269672742576],[-118.36097572406412,34.13428675905178],[-118.36103089074054,34.13422097511831],[-118.36103552845077,34.134223654153914],[-118.36107106750725,34.13418125786316],[-118.36099805251088,34.13413891083349],[-118.36090498032296,34.13424992889249],[-118.36089280255563,34.134290512720995],[-118.3608917861694,34.13429390733279],[-118.3609329495444,34.13430664393527],[-118.36093354202309,34.13430299906038]]]},"properties":{"building_pk":2710,"building_key":"dpw:452428871422@374512,3777878","source_tile":"cty-e374-n3777","source_tile_ids":["cty-e374-n3777"],"source_bld_id":"452428871422","height_m":7.269,"receiver_ids":[6002,6003,6004,6005],"receiver_keys":["cty-e374-n3777:la-e374-n3777:facade:452428871422:1","cty-e374-n3777:la-e374-n3777:facade:452428871422:3","cty-e374-n3777:la-e374-n3777:facade:452428871422:4","cty-e374-n3777:la-e374-n3777:facade:452428871422:5"],"receiver_count":4,"periods":{"D":{"min":64.52714,"max":69.3163,"receiver_count":4,"unavailable_count":0},"E":{"min":62.308655,"max":67.09782,"receiver_count":4,"unavailable_count":0},"N":{"min":57.53744,"max":62.3266,"receiver_count":4,"unavailable_count":0}}}},{"type":"Feature","id":"dpw:451738870307@374301,3777539","geometry":{"type":"Polygon","coordinates":[[[-118.36329852934219,34.1311435141948],[-118.36328375225813,34.13111697231923],[-118.3630900573955,34.13119297317986],[-118.36310327504198,34.1312166745168],[-118.36329852934219,34.1311435141948]]]},"properties":{"building_pk":2777,"building_key":"dpw:451738870307@374301,3777539","source_tile":"cty-e374-n3777","source_tile_ids":["cty-e374-n3777"],"source_bld_id":"451738870307","height_m":9.083,"receiver_ids":[4128],"receiver_keys":["cty-e374-n3777:la-e374-n3777:facade:451738870307:3"],"receiver_count":1,"periods":{"D":{"min":61.589497,"max":61.589497,"receiver_count":1,"unavailable_count":0},"E":{"min":59.37101,"max":59.37101,"receiver_count":1,"unavailable_count":0},"N":{"min":54.5998,"max":54.5998,"receiver_count":1,"unavailable_count":0}}}},{"type":"Feature","id":"dpw:451213868733@374131,3777062","geometry":{"type":"Polygon","coordinates":[[[-118.36499582750987,34.126708903420415],[-118.36492480730391,34.12675171091894],[-118.36492889205881,34.12675642443619],[-118.3648265973628,34.126818093566044],[-118.3648666470887,34.126863999676395],[-118.36487903908247,34.126856543530685],[-118.3649294164575,34.126914288963036],[-118.36491330080393,34.126924010195225],[-118.36497563372666,34.12699548686455],[-118.36500292168726,34.126979027165085],[-118.36499963344211,34.12697524523587],[-118.36510627892885,34.12691092492382],[-118.36500715041626,34.1267972413608],[-118.36504300580566,34.12677558997976],[-118.3650500787753,34.12678364727913],[-118.36505703162297,34.126779092456744],[-118.36499582750987,34.126708903420415]]]},"properties":{"building_pk":2781,"building_key":"dpw:451213868733@374131,3777062","source_tile":"cty-e374-n3777","source_tile_ids":["cty-e374-n3777"],"source_bld_id":"451213868733","height_m":6.343,"receiver_ids":[2927,2928,2929,2930,2931,2932,2933,2934,2935,2936],"receiver_keys":["cty-e374-n3777:la-e374-n3777:facade:451213868733:0","cty-e374-n3777:la-e374-n3777:facade:451213868733:1","cty-e374-n3777:la-e374-n3777:facade:451213868733:2","cty-e374-n3777:la-e374-n3777:facade:451213868733:3","cty-e374-n3777:la-e374-n3777:facade:451213868733:4","cty-e374-n3777:la-e374-n3777:facade:451213868733:5","cty-e374-n3777:la-e374-n3777:facade:451213868733:6","cty-e374-n3777:la-e374-n3777:facade:451213868733:7","cty-e374-n3777:la-e374-n3777:facade:451213868733:8","cty-e374-n3777:la-e374-n3777:facade:451213868733:9"],"receiver_count":10,"periods":{"D":{"min":41.707302,"max":51.443954,"receiver_count":10,"unavailable_count":0},"E":{"min":39.488815,"max":49.225464,"receiver_count":10,"unavailable_count":0},"N":{"min":34.7176,"max":44.454254,"receiver_count":10,"unavailable_count":0}}}},{"type":"Feature","id":"dpw:451658871734@374278,3777966","geometry":{"type":"Polygon","coordinates":[[[-118.36354620935784,34.13507127386181],[-118.36353457022969,34.135054461866126],[-118.3634535711942,34.13493749406013],[-118.36348038021985,34.134987246743066],[-118.3634857591677,34.1349855816597],[-118.3635265394042,34.13507732101842],[-118.36354620935784,34.13507127386181]]]},"properties":{"building_pk":2832,"building_key":"dpw:451658871734@374278,3777966","source_tile":"cty-e374-n3777","source_tile_ids":["cty-e374-n3777"],"source_bld_id":"451658871734","height_m":12.786,"receiver_ids":[5635],"receiver_keys":["cty-e374-n3777:la-e374-n3777:facade:451658871734:3"],"receiver_count":1,"periods":{"D":{"min":70.10875,"max":70.10875,"receiver_count":1,"unavailable_count":0},"E":{"min":67.89027,"max":67.89027,"receiver_count":1,"unavailable_count":0},"N":{"min":63.119053,"max":63.119053,"receiver_count":1,"unavailable_count":0}}}},{"type":"Feature","id":"dpw:451749871605@374304,3777931","geometry":{"type":"Polygon","coordinates":[[[-118.3632386919243,34.134723205705576],[-118.3632205263326,34.13468721689002],[-118.36321069259468,34.134690642523516],[-118.36322852880225,34.134726679210246],[-118.3632386919243,34.134723205705576]]]},"properties":{"building_pk":2833,"building_key":"dpw:451749871605@374304,3777931","source_tile":"cty-e374-n3777","source_tile_ids":["cty-e374-n3777"],"source_bld_id":"451749871605","height_m":6.629,"receiver_ids":[5535,5536],"receiver_keys":["cty-e374-n3777:la-e374-n3777:facade:451749871605:2","cty-e374-n3777:la-e374-n3777:facade:451749871605:3"],"receiver_count":2,"periods":{"D":{"min":66.26158,"max":66.72263,"receiver_count":2,"unavailable_count":0},"E":{"min":64.0431,"max":64.50415,"receiver_count":2,"unavailable_count":0},"N":{"min":59.271885,"max":59.732933,"receiver_count":2,"unavailable_count":0}}}},{"type":"Feature","id":"dpw:453556871029@374852,3777753","geometry":{"type":"Polygon","coordinates":[[[-118.35723934728702,34.133063506328426],[-118.35713981486032,34.1331754628375],[-118.35727224298007,34.13325762961764],[-118.35737178509224,34.13314567477349],[-118.35723934728702,34.133063506328426]]]},"properties":{"building_pk":2872,"building_key":"dpw:453556871029@374852,3777753","source_tile":"cty-e374-n3777","source_tile_ids":["cty-e374-n3777"],"source_bld_id":"453556871029","height_m":3.527,"receiver_ids":[6042,6043,6044,6045],"receiver_keys":["cty-e374-n3777:la-e374-n3777:facade:453556871029:2","cty-e374-n3777:la-e374-n3777:facade:453556871029:3","cty-e374-n3777:la-e374-n3777:facade:453556871029:5","cty-e374-n3777:la-e374-n3777:facade:453556871029:6"],"receiver_count":4,"periods":{"D":{"min":66.494644,"max":68.22343,"receiver_count":4,"unavailable_count":0},"E":{"min":64.27615,"max":66.004944,"receiver_count":4,"unavailable_count":0},"N":{"min":59.504944,"max":61.23373,"receiver_count":4,"unavailable_count":0}}}},{"type":"Feature","id":"dpw:453653870995@374877,3777739","geometry":{"type":"Polygon","coordinates":[[[-118.35691505203401,34.133197154120666],[-118.35710691191818,34.132981339535036],[-118.35709331423844,34.13297290256697],[-118.35705881380923,34.133011337774995],[-118.35694414178765,34.13294017656678],[-118.35678561922413,34.13311686682657],[-118.35691505203401,34.133197154120666]]]},"properties":{"building_pk":2873,"building_key":"dpw:453653870995@374877,3777739","source_tile":"cty-e374-n3777","source_tile_ids":["cty-e374-n3777"],"source_bld_id":"453653870995","height_m":8.937,"receiver_ids":[5848,5849,5850,5851,5852,5853],"receiver_keys":["cty-e374-n3777:la-e374-n3777:facade:453653870995:0","cty-e374-n3777:la-e374-n3777:facade:453653870995:3","cty-e374-n3777:la-e374-n3777:facade:453653870995:4","cty-e374-n3777:la-e374-n3777:facade:453653870995:5","cty-e374-n3777:la-e374-n3777:facade:453653870995:7","cty-e374-n3777:la-e374-n3777:facade:453653870995:8"],"receiver_count":6,"periods":{"D":{"min":64.86047,"max":72.22555,"receiver_count":6,"unavailable_count":0},"E":{"min":62.641983,"max":70.00706,"receiver_count":6,"unavailable_count":0},"N":{"min":57.870773,"max":65.23585,"receiver_count":6,"unavailable_count":0}}}},{"type":"Feature","id":"dpw:453511871063@374839,3777763","geometry":{"type":"Polygon","coordinates":[[[-118.35727224298007,34.13325762961764],[-118.35742674584426,34.13335348841512],[-118.35752689115006,34.13324190309179],[-118.35737178509224,34.13314567477349],[-118.35727224298007,34.13325762961764]]]},"properties":{"building_pk":2874,"building_key":"dpw:453511871063@374839,3777763","source_tile":"cty-e374-n3777","source_tile_ids":["cty-e374-n3777"],"source_bld_id":"453511871063","height_m":3.801,"receiver_ids":[6046,6047,6048,6049,6050],"receiver_keys":["cty-e374-n3777:la-e374-n3777:facade:453511871063:0","cty-e374-n3777:la-e374-n3777:facade:453511871063:1","cty-e374-n3777:la-e374-n3777:facade:453511871063:2","cty-e374-n3777:la-e374-n3777:facade:453511871063:3","cty-e374-n3777:la-e374-n3777:facade:453511871063:4"],"receiver_count":5,"periods":{"D":{"min":64.71654,"max":68.19269,"receiver_count":5,"unavailable_count":0},"E":{"min":62.49805,"max":65.974205,"receiver_count":5,"unavailable_count":0},"N":{"min":57.726837,"max":61.202988,"receiver_count":5,"unavailable_count":0}}}},{"type":"Feature","id":"dpw:452502871383@374533,3777857","geometry":{"type":"Polygon","coordinates":[[[-118.36076130868146,34.134146685665364],[-118.36079137442516,34.134113203048095],[-118.36077666299525,34.13410406932352],[-118.36080606422759,34.1340713640065],[-118.3607763096466,34.13405284962699],[-118.36078193331394,34.13404659511681],[-118.36074495512348,34.13402359641396],[-118.36074018595015,34.13402888643377],[-118.3607122870224,34.13401152046639],[-118.36069564586334,34.13403003537822],[-118.36067927770922,34.134019862607104],[-118.36065102778011,34.134051300505114],[-118.3607033794016,34.13408384389986],[-118.3606820026572,34.13410764962925],[-118.3607084110415,34.13412404729458],[-118.36076130868146,34.134146685665364]]]},"properties":{"building_pk":2902,"building_key":"dpw:452502871383@374533,3777857","source_tile":"cty-e374-n3777","source_tile_ids":["cty-e374-n3777"],"source_bld_id":"452502871383","height_m":9.235,"receiver_ids":[5988,5989,5990,5991],"receiver_keys":["cty-e374-n3777:la-e374-n3777:facade:452502871383:1","cty-e374-n3777:la-e374-n3777:facade:452502871383:2","cty-e374-n3777:la-e374-n3777:facade:452502871383:3","cty-e374-n3777:la-e374-n3777:facade:452502871383:5"],"receiver_count":4,"periods":{"D":{"min":56.988346,"max":70.062965,"receiver_count":4,"unavailable_count":0},"E":{"min":54.76986,"max":67.84448,"receiver_count":4,"unavailable_count":0},"N":{"min":49.99865,"max":63.07327,"receiver_count":4,"unavailable_count":0}}}},{"type":"Feature","id":"dpw:453595869375@374858,3777256","geometry":{"type":"Polygon","coordinates":[[[-118.35709494568901,34.12883314761114],[-118.35709703859095,34.12883404837268],[-118.35718871219837,34.12868822730257],[-118.35718680084001,34.12868642807687],[-118.35715039250788,34.12865215109922],[-118.3572113938431,34.12860735294414],[-118.35723405940378,34.12859070852374],[-118.3572010188687,34.12855961214192],[-118.35714249185573,34.128504530881436],[-118.35699894019297,34.12861000637599],[-118.35711522480487,34.128719468083624],[-118.35710282443759,34.12874041583546],[-118.3570244296321,34.1287057498844],[-118.35697586352728,34.128781965792115],[-118.35709494568901,34.12883314761114]]]},"properties":{"building_pk":2943,"building_key":"dpw:453595869375@374858,3777256","source_tile":"cty-e374-n3777","source_tile_ids":["cty-e374-n3777"],"source_bld_id":"453595869375","height_m":4.386,"receiver_ids":[3428,3429,3430,3431,3432,3433,3434,3435,3436],"receiver_keys":["cty-e374-n3777:la-e374-n3777:facade:453595869375:0","cty-e374-n3777:la-e374-n3777:facade:453595869375:1","cty-e374-n3777:la-e374-n3777:facade:453595869375:10","cty-e374-n3777:la-e374-n3777:facade:453595869375:11","cty-e374-n3777:la-e374-n3777:facade:453595869375:2","cty-e374-n3777:la-e374-n3777:facade:453595869375:3","cty-e374-n3777:la-e374-n3777:facade:453595869375:4","cty-e374-n3777:la-e374-n3777:facade:453595869375:7","cty-e374-n3777:la-e374-n3777:facade:453595869375:9"],"receiver_count":9,"periods":{"D":{"min":47.829704,"max":56.95102,"receiver_count":9,"unavailable_count":0},"E":{"min":45.611217,"max":54.732533,"receiver_count":9,"unavailable_count":0},"N":{"min":40.840004,"max":49.96132,"receiver_count":9,"unavailable_count":0}}}},{"type":"Feature","id":"dpw:452408870936@374501,3777727","geometry":{"type":"Polygon","coordinates":[[[-118.36107328698746,34.13282480151538],[-118.36106268901882,34.13281541843513],[-118.36095598262018,34.13289872348343],[-118.36103373825453,34.13296760029007],[-118.36109371023021,34.132920680132166],[-118.36107971121875,34.132908273545574],[-118.36111785203252,34.13287851260522],[-118.36107328698746,34.13282480151538]]]},"properties":{"building_pk":2948,"building_key":"dpw:452408870936@374501,3777727","source_tile":"cty-e374-n3777","source_tile_ids":["cty-e374-n3777"],"source_bld_id":"452408870936","height_m":7.273,"receiver_ids":[5038,5039,5040,5041,5042],"receiver_keys":["cty-e374-n3777:la-e374-n3777:facade:452408870936:0","cty-e374-n3777:la-e374-n3777:facade:452408870936:1","cty-e374-n3777:la-e374-n3777:facade:452408870936:2","cty-e374-n3777:la-e374-n3777:facade:452408870936:3","cty-e374-n3777:la-e374-n3777:facade:452408870936:4"],"receiver_count":5,"periods":{"D":{"min":63.23613,"max":65.11009,"receiver_count":5,"unavailable_count":0},"E":{"min":61.017643,"max":62.891605,"receiver_count":5,"unavailable_count":0},"N":{"min":56.24643,"max":58.12039,"receiver_count":5,"unavailable_count":0}}}},{"type":"Feature","id":"dpw:453202869337@374737,3777235","geometry":{"type":"Polygon","coordinates":[[[-118.35842828390683,34.128448693623966],[-118.35833667175636,34.12852736188133],[-118.358454304021,34.12851916792569],[-118.358450439189,34.12848098403224],[-118.35844673920552,34.12848124202547],[-118.35844335695703,34.128447645516445],[-118.35842828390683,34.128448693623966]]]},"properties":{"building_pk":2958,"building_key":"dpw:453202869337@374737,3777235","source_tile":"cty-e374-n3777","source_tile_ids":["cty-e374-n3777"],"source_bld_id":"453202869337","height_m":3.283,"receiver_ids":[3416,3417,3418],"receiver_keys":["cty-e374-n3777:la-e374-n3777:facade:453202869337:1","cty-e374-n3777:la-e374-n3777:facade:453202869337:2","cty-e374-n3777:la-e374-n3777:facade:453202869337:3"],"receiver_count":3,"periods":{"D":{"min":45.654194,"max":50.019123,"receiver_count":3,"unavailable_count":0},"E":{"min":43.435703,"max":47.800636,"receiver_count":3,"unavailable_count":0},"N":{"min":38.664494,"max":43.029423,"receiver_count":3,"unavailable_count":0}}}},{"type":"Feature","id":"dpw:452699871460@374589,3777882","geometry":{"type":"Polygon","coordinates":[[[-118.36008933912073,34.13443873405164],[-118.36018571753004,34.13422138325926],[-118.36018400122389,34.13422086367956],[-118.36016521748374,34.1342637588212],[-118.3600905468909,34.13424118505195],[-118.36001298778788,34.13441512036094],[-118.36008933912073,34.13443873405164]]]},"properties":{"building_pk":2960,"building_key":"dpw:452699871460@374589,3777882","source_tile":"cty-e374-n3777","source_tile_ids":["cty-e374-n3777"],"source_bld_id":"452699871460","height_m":5.346,"receiver_ids":[6123,6124],"receiver_keys":["cty-e374-n3777:la-e374-n3777:facade:452699871460:4","cty-e374-n3777:la-e374-n3777:facade:452699871460:6"],"receiver_count":2,"periods":{"D":{"min":69.53186,"max":73.74923,"receiver_count":2,"unavailable_count":0},"E":{"min":67.31337,"max":71.53075,"receiver_count":2,"unavailable_count":0},"N":{"min":62.54216,"max":66.75953,"receiver_count":2,"unavailable_count":0}}}},{"type":"Feature","id":"dpw:452770871393@374614,3777867","geometry":{"type":"Polygon","coordinates":[[[-118.35985693214428,34.134367189702445],[-118.35992982946303,34.1342027867894],[-118.35992874382,34.1342024438323],[-118.35993676489217,34.134184915731716],[-118.35992508440502,34.134181212744814],[-118.35996440118451,34.13409525234383],[-118.35979931290646,34.13404303917057],[-118.35979073543315,34.13406177787741],[-118.35974540936782,34.13404833294854],[-118.35971321503833,34.13411633422743],[-118.35983108327667,34.13415360179422],[-118.35974875482073,34.13433442173258],[-118.35985693214428,34.134367189702445]]]},"properties":{"building_pk":2961,"building_key":"dpw:452770871393@374614,3777867","source_tile":"cty-e374-n3777","source_tile_ids":["cty-e374-n3777"],"source_bld_id":"452770871393","height_m":11.814,"receiver_ids":[5973,5974,5975,5976,5977,5978,5979,5980,5981],"receiver_keys":["cty-e374-n3777:la-e374-n3777:facade:452770871393:10","cty-e374-n3777:la-e374-n3777:facade:452770871393:2","cty-e374-n3777:la-e374-n3777:facade:452770871393:3","cty-e374-n3777:la-e374-n3777:facade:452770871393:4","cty-e374-n3777:la-e374-n3777:facade:452770871393:5","cty-e374-n3777:la-e374-n3777:facade:452770871393:6","cty-e374-n3777:la-e374-n3777:facade:452770871393:7","cty-e374-n3777:la-e374-n3777:facade:452770871393:8","cty-e374-n3777:la-e374-n3777:facade:452770871393:9"],"receiver_count":9,"periods":{"D":{"min":58.843147,"max":74.27213,"receiver_count":9,"unavailable_count":0},"E":{"min":56.62466,"max":72.05364,"receiver_count":9,"unavailable_count":0},"N":{"min":51.853447,"max":67.28243,"receiver_count":9,"unavailable_count":0}}}},{"type":"Feature","id":"dpw:453457869827@374813,3777384","geometry":{"type":"Polygon","coordinates":[[[-118.35772191662623,34.12976436581301],[-118.3576390458323,34.129766540326905],[-118.35764001732547,34.12979266936077],[-118.35744696466503,34.12979774719147],[-118.35745210297557,34.129933038051526],[-118.35765579421847,34.12992768171424],[-118.35765247826514,34.12983984139759],[-118.35764491209811,34.1298400558122],[-118.3576445406542,34.129830522271625],[-118.3577202745086,34.12982852844781],[-118.35772191662623,34.12976436581301]]]},"properties":{"building_pk":2962,"building_key":"dpw:453457869827@374813,3777384","source_tile":"cty-e374-n3777","source_tile_ids":["cty-e374-n3777"],"source_bld_id":"453457869827","height_m":7.352,"receiver_ids":[3680,3681,3682,3683,3684,3685,3686],"receiver_keys":["cty-e374-n3777:la-e374-n3777:facade:453457869827:0","cty-e374-n3777:la-e374-n3777:facade:453457869827:1","cty-e374-n3777:la-e374-n3777:facade:453457869827:2","cty-e374-n3777:la-e374-n3777:facade:453457869827:3","cty-e374-n3777:la-e374-n3777:facade:453457869827:4","cty-e374-n3777:la-e374-n3777:facade:453457869827:5","cty-e374-n3777:la-e374-n3777:facade:453457869827:6"],"receiver_count":7,"periods":{"D":{"min":50.61615,"max":61.727566,"receiver_count":7,"unavailable_count":0},"E":{"min":48.39766,"max":59.50908,"receiver_count":7,"unavailable_count":0},"N":{"min":43.62645,"max":54.737865,"receiver_count":7,"unavailable_count":0}}}},{"type":"Feature","id":"dpw:450952871316@374060,3777850","geometry":{"type":"Polygon","coordinates":[[[-118.3659049540054,34.13398558374156],[-118.36591918364168,34.13397418942874],[-118.36591131542292,34.13396740124191],[-118.3658919506876,34.13395069489836],[-118.36588941509352,34.133952736438324],[-118.36587707502068,34.13394205723331],[-118.3658974919295,34.133925700172426],[-118.36591828988304,34.13394363547754],[-118.36596794832629,34.13390388878616],[-118.36587865211597,34.13382680552364],[-118.3658058120569,34.133885116440254],[-118.36578916037617,34.13387074045403],[-118.3657393702051,34.133910625405235],[-118.36575555726931,34.133924617848315],[-118.36575226420935,34.13392723866032],[-118.36583369892483,34.13399758519167],[-118.36583007640233,34.134000481971356],[-118.36585714299896,34.13402386703182],[-118.3659049540054,34.13398558374156]]]},"properties":{"building_pk":2964,"building_key":"dpw:450952871316@374060,3777850","source_tile":"cty-e374-n3777","source_tile_ids":["cty-e374-n3777"],"source_bld_id":"450952871316","height_m":7.513,"receiver_ids":[6409,6410,6411,6412,6413],"receiver_keys":["cty-e374-n3777:la-e374-n3777:facade:450952871316:1","cty-e374-n3777:la-e374-n3777:facade:450952871316:2","cty-e374-n3777:la-e374-n3777:facade:450952871316:3","cty-e374-n3777:la-e374-n3777:facade:450952871316:5","cty-e374-n3777:la-e374-n3777:facade:450952871316:7"],"receiver_count":5,"periods":{"D":{"min":48.437515,"max":55.345253,"receiver_count":5,"unavailable_count":0},"E":{"min":46.21903,"max":53.126762,"receiver_count":5,"unavailable_count":0},"N":{"min":41.447815,"max":48.355553,"receiver_count":5,"unavailable_count":0}}}},{"type":"Feature","id":"dpw:452332871111@374483,3777779","geometry":{"type":"Polygon","coordinates":[[[-118.36130284694703,34.13342429223319],[-118.36137149494886,34.13336618859853],[-118.36128686511027,34.13329705758444],[-118.3612664525737,34.13331434784205],[-118.36121667570805,34.13327369038938],[-118.3611684414409,34.133314530740876],[-118.36124116515934,34.133373914855596],[-118.36123688534828,34.133377527477734],[-118.36124680136672,34.13338563149893],[-118.36125108117778,34.13338201887639],[-118.36130284694703,34.13342429223319]]]},"properties":{"building_pk":3034,"building_key":"dpw:452332871111@374483,3777779","source_tile":"cty-e374-n3777","source_tile_ids":["cty-e374-n3777"],"source_bld_id":"452332871111","height_m":7.739,"receiver_ids":[5146,5147,5148,5149,5150,5151],"receiver_keys":["cty-e374-n3777:la-e374-n3777:facade:452332871111:0","cty-e374-n3777:la-e374-n3777:facade:452332871111:1","cty-e374-n3777:la-e374-n3777:facade:452332871111:2","cty-e374-n3777:la-e374-n3777:facade:452332871111:3","cty-e374-n3777:la-e374-n3777:facade:452332871111:4","cty-e374-n3777:la-e374-n3777:facade:452332871111:5"],"receiver_count":6,"periods":{"D":{"min":49.56899,"max":63.492496,"receiver_count":6,"unavailable_count":0},"E":{"min":47.350502,"max":61.27401,"receiver_count":6,"unavailable_count":0},"N":{"min":42.57929,"max":56.502796,"receiver_count":6,"unavailable_count":0}}}},{"type":"Feature","id":"dpw:450832871382@374028,3777867","geometry":{"type":"Polygon","coordinates":[[[-118.36616665190857,34.13400916791423],[-118.36616222782764,34.13401098979659],[-118.36616608329544,34.13401746556984],[-118.36619461929752,34.13406540935054],[-118.36610173180866,34.13410363906201],[-118.3661518332782,34.13418779263551],[-118.36615872692859,34.134184941832714],[-118.36616618465087,34.13419750468295],[-118.3662119363903,34.13417867994864],[-118.36620447866284,34.13416611710128],[-118.36632098538026,34.134118143156904],[-118.3662840327998,34.13405607079633],[-118.36628842011807,34.134054271559286],[-118.36624287850589,34.13397777088803],[-118.36616665190857,34.13400916791423]]]},"properties":{"building_pk":3119,"building_key":"dpw:450832871382@374028,3777867","source_tile":"cty-e374-n3777","source_tile_ids":["cty-e374-n3777"],"source_bld_id":"450832871382","height_m":5.489,"receiver_ids":[6434,6435,6436,6437,6438,6439,6440],"receiver_keys":["cty-e374-n3777:la-e374-n3777:facade:450832871382:0","cty-e374-n3777:la-e374-n3777:facade:450832871382:1","cty-e374-n3777:la-e374-n3777:facade:450832871382:2","cty-e374-n3777:la-e374-n3777:facade:450832871382:3","cty-e374-n3777:la-e374-n3777:facade:450832871382:4","cty-e374-n3777:la-e374-n3777:facade:450832871382:5","cty-e374-n3777:la-e374-n3777:facade:450832871382:7"],"receiver_count":7,"periods":{"D":{"min":49.6099,"max":63.39928,"receiver_count":7,"unavailable_count":0},"E":{"min":47.391415,"max":61.18079,"receiver_count":7,"unavailable_count":0},"N":{"min":42.620205,"max":56.40958,"receiver_count":7,"unavailable_count":0}}}},{"type":"Feature","id":"dpw:453123870973@374720,3777735","geometry":{"type":"Polygon","coordinates":[[[-118.35857901825435,34.1329966151684],[-118.35871615325826,34.13308875722446],[-118.35879524925336,34.13300858691517],[-118.3587097761256,34.13295028314916],[-118.35866207745963,34.13293149153907],[-118.35863592917632,34.13293687285656],[-118.35857901825435,34.1329966151684]]]},"properties":{"building_pk":3130,"building_key":"dpw:453123870973@374720,3777735","source_tile":"cty-e374-n3777","source_tile_ids":["cty-e374-n3777"],"source_bld_id":"453123870973","height_m":3.706,"receiver_ids":[5001,5002,5003,5004,5005,5006],"receiver_keys":["cty-e374-n3777:la-e374-n3777:facade:453123870973:0","cty-e374-n3777:la-e374-n3777:facade:453123870973:1","cty-e374-n3777:la-e374-n3777:facade:453123870973:2","cty-e374-n3777:la-e374-n3777:facade:453123870973:3","cty-e374-n3777:la-e374-n3777:facade:453123870973:4","cty-e374-n3777:la-e374-n3777:facade:453123870973:5"],"receiver_count":6,"periods":{"D":{"min":64.58838,"max":66.5348,"receiver_count":6,"unavailable_count":0},"E":{"min":62.369896,"max":64.31631,"receiver_count":6,"unavailable_count":0},"N":{"min":57.598682,"max":59.545097,"receiver_count":6,"unavailable_count":0}}}},{"type":"Feature","id":"dpw:453417870154@374807,3777489","geometry":{"type":"Polygon","coordinates":[[[-118.35757454101868,34.130785234612596],[-118.35758455291483,34.13079284460661],[-118.357573817778,34.13084805394502],[-118.35767255223772,34.13086304014735],[-118.35767960271437,34.13083501759058],[-118.35772095730793,34.130792633027575],[-118.357758626984,34.13080016025053],[-118.35776497718945,34.13077824135388],[-118.35777321154232,34.13077986588983],[-118.35777715174689,34.130766306852685],[-118.35776838787989,34.13076457389688],[-118.35777307628643,34.13074826566655],[-118.35773633327821,34.13074092683114],[-118.35775036785917,34.13069244038013],[-118.35768069378994,34.13068083105006],[-118.35757454101868,34.130785234612596]]]},"properties":{"building_pk":3131,"building_key":"dpw:453417870154@374807,3777489","source_tile":"cty-e374-n3777","source_tile_ids":["cty-e374-n3777"],"source_bld_id":"453417870154","height_m":4.913,"receiver_ids":[3792,3793,3794,3795,3796,3797],"receiver_keys":["cty-e374-n3777:la-e374-n3777:facade:453417870154:0","cty-e374-n3777:la-e374-n3777:facade:453417870154:2","cty-e374-n3777:la-e374-n3777:facade:453417870154:3","cty-e374-n3777:la-e374-n3777:facade:453417870154:4","cty-e374-n3777:la-e374-n3777:facade:453417870154:5","cty-e374-n3777:la-e374-n3777:facade:453417870154:6"],"receiver_count":6,"periods":{"D":{"min":62.55137,"max":64.12731,"receiver_count":6,"unavailable_count":0},"E":{"min":60.332882,"max":61.908825,"receiver_count":6,"unavailable_count":0},"N":{"min":55.56167,"max":57.137615,"receiver_count":6,"unavailable_count":0}}}},{"type":"Feature","id":"dpw:453541869540@374838,3777298","geometry":{"type":"Polygon","coordinates":[[[-118.35740995274635,34.12914020542429],[-118.3574187925489,34.129144273157834],[-118.35744847300103,34.12909964232304],[-118.35739579711249,34.12907542417454],[-118.35741901431477,34.129056945266754],[-118.35744305515864,34.12907668631904],[-118.35749425269196,34.12903355780738],[-118.35742179848953,34.12897408772551],[-118.35732947748687,34.129051878315025],[-118.3572849506921,34.12903244571899],[-118.35732101469162,34.128919675123555],[-118.35722400687646,34.12889822674172],[-118.3571865081317,34.12901547947437],[-118.35720498382875,34.12902421845252],[-118.35716758751647,34.129080468478236],[-118.3572611187949,34.129123471175255],[-118.35726827686233,34.12911276051156],[-118.35739074563656,34.12916908701137],[-118.35740995274635,34.12914020542429]]]},"properties":{"building_pk":3203,"building_key":"dpw:453541869540@374838,3777298","source_tile":"cty-e374-n3777","source_tile_ids":["cty-e374-n3777"],"source_bld_id":"453541869540","height_m":3.587,"receiver_ids":[3544,3545,3546,3547,3548,3549,3550,3551,3552,3553,3554,3555],"receiver_keys":["cty-e374-n3777:la-e374-n3777:facade:453541869540:0","cty-e374-n3777:la-e374-n3777:facade:453541869540:10","cty-e374-n3777:la-e374-n3777:facade:453541869540:11","cty-e374-n3777:la-e374-n3777:facade:453541869540:12","cty-e374-n3777:la-e374-n3777:facade:453541869540:2","cty-e374-n3777:la-e374-n3777:facade:453541869540:3","cty-e374-n3777:la-e374-n3777:facade:453541869540:4","cty-e374-n3777:la-e374-n3777:facade:453541869540:5","cty-e374-n3777:la-e374-n3777:facade:453541869540:6","cty-e374-n3777:la-e374-n3777:facade:453541869540:7","cty-e374-n3777:la-e374-n3777:facade:453541869540:8","cty-e374-n3777:la-e374-n3777:facade:453541869540:9"],"receiver_count":12,"periods":{"D":{"min":54.78504,"max":61.414295,"receiver_count":12,"unavailable_count":0},"E":{"min":52.566555,"max":59.195805,"receiver_count":12,"unavailable_count":0},"N":{"min":47.79534,"max":54.424595,"receiver_count":12,"unavailable_count":0}}}},{"type":"Feature","id":"dpw:452441871089@374513,3777772","geometry":{"type":"Polygon","coordinates":[[[-118.36092411268892,34.13327025045028],[-118.3609043189449,34.133308587854195],[-118.36095124944387,34.13332531906346],[-118.36097100968269,34.133287009699416],[-118.36092411268892,34.13327025045028]]]},"properties":{"building_pk":3221,"building_key":"dpw:452441871089@374513,3777772","source_tile":"cty-e374-n3777","source_tile_ids":["cty-e374-n3777"],"source_bld_id":"452441871089","height_m":2.179,"receiver_ids":[5137,5138,5139,5140],"receiver_keys":["cty-e374-n3777:la-e374-n3777:facade:452441871089:0","cty-e374-n3777:la-e374-n3777:facade:452441871089:1","cty-e374-n3777:la-e374-n3777:facade:452441871089:2","cty-e374-n3777:la-e374-n3777:facade:452441871089:3"],"receiver_count":4,"periods":{"D":{"min":65.40362,"max":65.65048,"receiver_count":4,"unavailable_count":0},"E":{"min":63.18513,"max":63.43199,"receiver_count":4,"unavailable_count":0},"N":{"min":58.413918,"max":58.660778,"receiver_count":4,"unavailable_count":0}}}},{"type":"Feature","id":"dpw:452866870909@374638,3777717","geometry":{"type":"Polygon","coordinates":[[[-118.3596642256079,34.13288394282165],[-118.35967108080615,34.13283358157519],[-118.35968374231147,34.13283477990535],[-118.35969434467755,34.13275679166754],[-118.3596031038748,34.13274821456734],[-118.35959887478894,34.13277925079313],[-118.35956680889531,34.132776213346126],[-118.35956805748285,34.132767059045236],[-118.35950045410277,34.132760693338405],[-118.35949763483595,34.13278150285504],[-118.35947452767468,34.1327793186379],[-118.35946751336638,34.13283102724022],[-118.3594800424877,34.13283219893932],[-118.35947546127476,34.13286581910748],[-118.35955569372706,34.132873384170075],[-118.35955793682233,34.13285700020137],[-118.35958590402848,34.13285963784195],[-118.35958362983406,34.13287635186577],[-118.3596642256079,34.13288394282165]]]},"properties":{"building_pk":3262,"building_key":"dpw:452866870909@374638,3777717","source_tile":"cty-e374-n3777","source_tile_ids":["cty-e374-n3777"],"source_bld_id":"452866870909","height_m":8.37,"receiver_ids":[5063,5064,5065,5066,5067,5068,5069,5070],"receiver_keys":["cty-e374-n3777:la-e374-n3777:facade:452866870909:0","cty-e374-n3777:la-e374-n3777:facade:452866870909:1","cty-e374-n3777:la-e374-n3777:facade:452866870909:2","cty-e374-n3777:la-e374-n3777:facade:452866870909:3","cty-e374-n3777:la-e374-n3777:facade:452866870909:4","cty-e374-n3777:la-e374-n3777:facade:452866870909:5","cty-e374-n3777:la-e374-n3777:facade:452866870909:6","cty-e374-n3777:la-e374-n3777:facade:452866870909:7"],"receiver_count":8,"periods":{"D":{"min":62.75888,"max":67.10817,"receiver_count":8,"unavailable_count":0},"E":{"min":60.540394,"max":64.88969,"receiver_count":8,"unavailable_count":0},"N":{"min":55.76918,"max":60.118473,"receiver_count":8,"unavailable_count":0}}}},{"type":"Feature","id":"dpw:451470869229@374211,3777209","geometry":{"type":"Polygon","coordinates":[[[-118.36415408121803,34.128175324455285],[-118.36412625309727,34.12815128139387],[-118.36408825390691,34.12818170549188],[-118.36411608202297,34.12820574766051],[-118.36415408121803,34.128175324455285]]]},"properties":{"building_pk":3264,"building_key":"dpw:451470869229@374211,3777209","source_tile":"cty-e374-n3777","source_tile_ids":["cty-e374-n3777"],"source_bld_id":"451470869229","height_m":2.804,"receiver_ids":[4129,4130,4131],"receiver_keys":["cty-e374-n3777:la-e374-n3777:facade:451470869229:1","cty-e374-n3777:la-e374-n3777:facade:451470869229:2","cty-e374-n3777:la-e374-n3777:facade:451470869229:3"],"receiver_count":3,"periods":{"D":{"min":50.472218,"max":52.456173,"receiver_count":3,"unavailable_count":0},"E":{"min":48.253727,"max":50.237686,"receiver_count":3,"unavailable_count":0},"N":{"min":43.482517,"max":45.466473,"receiver_count":3,"unavailable_count":0}}}},{"type":"Feature","id":"dpw:452219870903@374446,3777717","geometry":{"type":"Polygon","coordinates":[[[-118.36160767893638,34.132864405124565],[-118.36165597205876,34.13283727677888],[-118.36167168596872,34.13285662990967],[-118.36169107006803,34.13284574536724],[-118.36167449179891,34.13282532289917],[-118.36175215690548,34.13278172842831],[-118.3616762446733,34.1326882256271],[-118.36162386348904,34.13271764709667],[-118.36164369727081,34.132742044619356],[-118.36155070379647,34.13279425757267],[-118.36160767893638,34.132864405124565]]]},"properties":{"building_pk":3265,"building_key":"dpw:452219870903@374446,3777717","source_tile":"cty-e374-n3777","source_tile_ids":["cty-e374-n3777"],"source_bld_id":"452219870903","height_m":3.978,"receiver_ids":[5029,5030,5031,5032,5033],"receiver_keys":["cty-e374-n3777:la-e374-n3777:facade:452219870903:2","cty-e374-n3777:la-e374-n3777:facade:452219870903:3","cty-e374-n3777:la-e374-n3777:facade:452219870903:4","cty-e374-n3777:la-e374-n3777:facade:452219870903:5","cty-e374-n3777:la-e374-n3777:facade:452219870903:6"],"receiver_count":5,"periods":{"D":{"min":62.64084,"max":63.285557,"receiver_count":5,"unavailable_count":0},"E":{"min":60.42235,"max":61.06707,"receiver_count":5,"unavailable_count":0},"N":{"min":55.65114,"max":56.295856,"receiver_count":5,"unavailable_count":0}}}},{"type":"Feature","id":"dpw:453926870680@374963,3777643","geometry":{"type":"Polygon","coordinates":[[[-118.35612733733906,34.13220362417009],[-118.35614628347398,34.132144268948856],[-118.35600526503727,34.13210937391955],[-118.35600245678503,34.132117186783304],[-118.35595799819336,34.132106188258426],[-118.35593546591096,34.13216918088711],[-118.35597969326108,34.13218009716007],[-118.35595441717791,34.13225076543241],[-118.35608551094667,34.13228321594557],[-118.35610428931935,34.13223078591948],[-118.35606479146983,34.13222101062726],[-118.35607560069519,34.13219080709684],[-118.35612733733906,34.13220362417009]]]},"properties":{"building_pk":3266,"building_key":"dpw:453926870680@374963,3777643","source_tile":"cty-e374-n3777","source_tile_ids":["cty-e374-n3777"],"source_bld_id":"453926870680","height_m":5.105,"receiver_ids":[5771,5772,5773,5774,5775],"receiver_keys":["cty-e374-n3777:la-e374-n3777:facade:453926870680:0","cty-e374-n3777:la-e374-n3777:facade:453926870680:2","cty-e374-n3777:la-e374-n3777:facade:453926870680:3","cty-e374-n3777:la-e374-n3777:facade:453926870680:4","cty-e374-n3777:la-e374-n3777:facade:453926870680:6"],"receiver_count":5,"periods":{"D":{"min":65.15767,"max":67.9189,"receiver_count":5,"unavailable_count":0},"E":{"min":62.939182,"max":65.70041,"receiver_count":5,"unavailable_count":0},"N":{"min":58.16797,"max":60.9292,"receiver_count":5,"unavailable_count":0}}}},{"type":"Feature","id":"dpw:452289871057@374468,3777768","geometry":{"type":"Polygon","coordinates":[[[-118.36145137441844,34.133352897333026],[-118.36148390557312,34.13333359283466],[-118.36147553598086,34.13332383529964],[-118.36152820776951,34.133292571188576],[-118.36146689688526,34.13322117261024],[-118.36147678494207,34.133215289369595],[-118.36143387468374,34.13316526885738],[-118.36138436813525,34.13319465458081],[-118.36139170808225,34.13320323328716],[-118.36136774582475,34.133217457233265],[-118.36137203016438,34.1332224181975],[-118.36133158765598,34.13324641807293],[-118.36136453414198,34.133284816961265],[-118.36138335452306,34.13327365918526],[-118.36145137441844,34.133352897333026]]]},"properties":{"building_pk":3277,"building_key":"dpw:452289871057@374468,3777768","source_tile":"cty-e374-n3777","source_tile_ids":["cty-e374-n3777"],"source_bld_id":"452289871057","height_m":5.813,"receiver_ids":[5122,5123,5124,5125,5126,5127],"receiver_keys":["cty-e374-n3777:la-e374-n3777:facade:452289871057:1","cty-e374-n3777:la-e374-n3777:facade:452289871057:2","cty-e374-n3777:la-e374-n3777:facade:452289871057:3","cty-e374-n3777:la-e374-n3777:facade:452289871057:4","cty-e374-n3777:la-e374-n3777:facade:452289871057:5","cty-e374-n3777:la-e374-n3777:facade:452289871057:6"],"receiver_count":6,"periods":{"D":{"min":51.906616,"max":62.285942,"receiver_count":6,"unavailable_count":0},"E":{"min":49.68813,"max":60.06745,"receiver_count":6,"unavailable_count":0},"N":{"min":44.916916,"max":55.29624,"receiver_count":6,"unavailable_count":0}}}},{"type":"Feature","id":"dpw:452623869718@374564,3777355","geometry":{"type":"Polygon","coordinates":[[[-118.36030795227202,34.12960561174547],[-118.36034172364742,34.12958281310987],[-118.36035623059848,34.12958293484215],[-118.36035884933246,34.12957729424044],[-118.36037776437388,34.12960334271181],[-118.36039179325427,34.12959994807328],[-118.36045429066047,34.12962578454014],[-118.36048567520095,34.12957065039238],[-118.36038901172932,34.12952961044559],[-118.3603301591708,34.12946026488896],[-118.3602911005283,34.12946769006909],[-118.3602528871245,34.12942598173235],[-118.36022438252863,34.12944403789606],[-118.36023264973663,34.129453053856565],[-118.36020088222152,34.12947318064945],[-118.36024666473712,34.12952316507898],[-118.36024410608904,34.12952740451283],[-118.36024097712459,34.12953766339643],[-118.3602804754449,34.1295862105624],[-118.3602900551341,34.129585577979185],[-118.36030795227202,34.12960561174547]]]},"properties":{"building_pk":3298,"building_key":"dpw:452623869718@374564,3777355","source_tile":"cty-e374-n3777","source_tile_ids":["cty-e374-n3777"],"source_bld_id":"452623869718","height_m":4.41,"receiver_ids":[3608,3609,3610,3611,3612,3613,3614,3615],"receiver_keys":["cty-e374-n3777:la-e374-n3777:facade:452623869718:0","cty-e374-n3777:la-e374-n3777:facade:452623869718:1","cty-e374-n3777:la-e374-n3777:facade:452623869718:2","cty-e374-n3777:la-e374-n3777:facade:452623869718:3","cty-e374-n3777:la-e374-n3777:facade:452623869718:4","cty-e374-n3777:la-e374-n3777:facade:452623869718:5","cty-e374-n3777:la-e374-n3777:facade:452623869718:6","cty-e374-n3777:la-e374-n3777:facade:452623869718:7"],"receiver_count":8,"periods":{"D":{"min":58.51575,"max":60.963615,"receiver_count":8,"unavailable_count":0},"E":{"min":56.297264,"max":58.74513,"receiver_count":8,"unavailable_count":0},"N":{"min":51.52605,"max":53.973915,"receiver_count":8,"unavailable_count":0}}}},{"type":"Feature","id":"dpw:453560870741@374851,3777675","geometry":{"type":"Polygon","coordinates":[[[-118.35736964779474,34.13251975666566],[-118.35731819597282,34.13247297483018],[-118.35737254304473,34.13243165095217],[-118.35721304400695,34.13228656678864],[-118.35710023149471,34.13237233233336],[-118.35719325144275,34.13245693886747],[-118.35720392270039,34.132448828672956],[-118.35726930797709,34.13250831979242],[-118.35723343858429,34.13253560259433],[-118.35728595273693,34.1325833703104],[-118.35736964779474,34.13251975666566]]]},"properties":{"building_pk":3303,"building_key":"dpw:453560870741@374851,3777675","source_tile":"cty-e374-n3777","source_tile_ids":["cty-e374-n3777"],"source_bld_id":"453560870741","height_m":8.074,"receiver_ids":[4877,4878,4879,4880,4881,4882,4883,4884,4885,4886],"receiver_keys":["cty-e374-n3777:la-e374-n3777:facade:453560870741:0","cty-e374-n3777:la-e374-n3777:facade:453560870741:1","cty-e374-n3777:la-e374-n3777:facade:453560870741:2","cty-e374-n3777:la-e374-n3777:facade:453560870741:3","cty-e374-n3777:la-e374-n3777:facade:453560870741:4","cty-e374-n3777:la-e374-n3777:facade:453560870741:5","cty-e374-n3777:la-e374-n3777:facade:453560870741:6","cty-e374-n3777:la-e374-n3777:facade:453560870741:7","cty-e374-n3777:la-e374-n3777:facade:453560870741:8","cty-e374-n3777:la-e374-n3777:facade:453560870741:9"],"receiver_count":10,"periods":{"D":{"min":53.85698,"max":66.87473,"receiver_count":10,"unavailable_count":0},"E":{"min":51.638493,"max":64.65625,"receiver_count":10,"unavailable_count":0},"N":{"min":46.86728,"max":59.885036,"receiver_count":10,"unavailable_count":0}}}},{"type":"Feature","id":"dpw:453848870855@374930,3777714","geometry":{"type":"Polygon","coordinates":[[[-118.3565796386206,34.13288195297674],[-118.35652802486833,34.13285154857755],[-118.35653660825702,34.13284193362681],[-118.35650142187457,34.132820246391375],[-118.3564963245663,34.132825922166454],[-118.35648628609582,34.13281974109371],[-118.35651854794399,34.13278359353729],[-118.35649055212578,34.13276633777449],[-118.35648223101134,34.132775676980124],[-118.35618335629462,34.13259321906411],[-118.35607750459131,34.13273850956076],[-118.35609806838511,34.132748616499995],[-118.35608892431901,34.13277397838913],[-118.35628957572378,34.13282270652939],[-118.35629435235067,34.132820895689655],[-118.3564132676662,34.132899837873644],[-118.35641856361597,34.1328942165101],[-118.35651727725586,34.1329581985755],[-118.3565391857081,34.13293480401936],[-118.3565335520106,34.132931138765215],[-118.3565796386206,34.13288195297674]]]},"properties":{"building_pk":3307,"building_key":"dpw:453848870855@374930,3777714","source_tile":"cty-e374-n3777","source_tile_ids":["cty-e374-n3777"],"source_bld_id":"453848870855","height_m":2.557,"receiver_ids":[5826,5827,5828,5829,5830,5831,5832,5833,5834,5835,5836,5837,5838],"receiver_keys":["cty-e374-n3777:la-e374-n3777:facade:453848870855:0","cty-e374-n3777:la-e374-n3777:facade:453848870855:10","cty-e374-n3777:la-e374-n3777:facade:453848870855:11","cty-e374-n3777:la-e374-n3777:facade:453848870855:12","cty-e374-n3777:la-e374-n3777:facade:453848870855:13","cty-e374-n3777:la-e374-n3777:facade:453848870855:2","cty-e374-n3777:la-e374-n3777:facade:453848870855:3","cty-e374-n3777:la-e374-n3777:facade:453848870855:4","cty-e374-n3777:la-e374-n3777:facade:453848870855:5","cty-e374-n3777:la-e374-n3777:facade:453848870855:6","cty-e374-n3777:la-e374-n3777:facade:453848870855:7","cty-e374-n3777:la-e374-n3777:facade:453848870855:8","cty-e374-n3777:la-e374-n3777:facade:453848870855:9"],"receiver_count":13,"periods":{"D":{"min":68.82333,"max":73.330246,"receiver_count":13,"unavailable_count":0},"E":{"min":66.60484,"max":71.11176,"receiver_count":13,"unavailable_count":0},"N":{"min":61.833633,"max":66.340546,"receiver_count":13,"unavailable_count":0}}}},{"type":"Feature","id":"dpw:451730871494@374301,3777895","geometry":{"type":"Polygon","coordinates":[[[-118.36317235615216,34.13441589747564],[-118.3632064672563,34.13441013424325],[-118.3632178048997,34.1344564021531],[-118.36333469961897,34.13443659570847],[-118.36332423681772,34.13439381502497],[-118.36334751629254,34.1343898711526],[-118.36333254577475,34.13432869285546],[-118.36324084493535,34.13434421883058],[-118.36323882775515,34.13433609123622],[-118.36319438029572,34.13434361738532],[-118.36319337122991,34.13433944360186],[-118.36315523224991,34.134345905000394],[-118.36317235615216,34.13441589747564]]]},"properties":{"building_pk":3316,"building_key":"dpw:451730871494@374301,3777895","source_tile":"cty-e374-n3777","source_tile_ids":["cty-e374-n3777"],"source_bld_id":"451730871494","height_m":6.922,"receiver_ids":[5521,5522,5523,5524,5525],"receiver_keys":["cty-e374-n3777:la-e374-n3777:facade:451730871494:0","cty-e374-n3777:la-e374-n3777:facade:451730871494:1","cty-e374-n3777:la-e374-n3777:facade:451730871494:3","cty-e374-n3777:la-e374-n3777:facade:451730871494:4","cty-e374-n3777:la-e374-n3777:facade:451730871494:5"],"receiver_count":5,"periods":{"D":{"min":54.148857,"max":61.917988,"receiver_count":5,"unavailable_count":0},"E":{"min":51.93037,"max":59.6995,"receiver_count":5,"unavailable_count":0},"N":{"min":47.159157,"max":54.928288,"receiver_count":5,"unavailable_count":0}}}},{"type":"Feature","id":"dpw:451356871658@374188,3777955","geometry":{"type":"Polygon","coordinates":[[[-118.36460098342421,34.134992335562565],[-118.36462318848945,34.134954072314194],[-118.3646275914765,34.13495584587695],[-118.36468413723688,34.13485831753839],[-118.36444506318863,34.13476247776984],[-118.36437749697981,34.13487899941623],[-118.36436101139238,34.134872371433026],[-118.36433801861169,34.134912010947744],[-118.364391911742,34.13493361157414],[-118.36440371971428,34.1349132688836],[-118.36460098342421,34.134992335562565]]]},"properties":{"building_pk":3317,"building_key":"dpw:451356871658@374188,3777955","source_tile":"cty-e374-n3777","source_tile_ids":["cty-e374-n3777"],"source_bld_id":"451356871658","height_m":7.745,"receiver_ids":[5487,5488,5489,5490,5491,5492,5493,5494,5495,5496],"receiver_keys":["cty-e374-n3777:la-e374-n3777:facade:451356871658:0","cty-e374-n3777:la-e374-n3777:facade:451356871658:1","cty-e374-n3777:la-e374-n3777:facade:451356871658:2","cty-e374-n3777:la-e374-n3777:facade:451356871658:3","cty-e374-n3777:la-e374-n3777:facade:451356871658:4","cty-e374-n3777:la-e374-n3777:facade:451356871658:5","cty-e374-n3777:la-e374-n3777:facade:451356871658:6","cty-e374-n3777:la-e374-n3777:facade:451356871658:7","cty-e374-n3777:la-e374-n3777:facade:451356871658:8","cty-e374-n3777:la-e374-n3777:facade:451356871658:9"],"receiver_count":10,"periods":{"D":{"min":67.4404,"max":68.95826,"receiver_count":10,"unavailable_count":0},"E":{"min":65.22192,"max":66.73977,"receiver_count":10,"unavailable_count":0},"N":{"min":60.4507,"max":61.96856,"receiver_count":10,"unavailable_count":0}}}},{"type":"Feature","id":"dpw:453820870529@374931,3777598","geometry":{"type":"Polygon","coordinates":[[[-118.35636706047042,34.13181233370059],[-118.35641747401912,34.131786189283076],[-118.35638440394311,34.13174152374881],[-118.35633382456778,34.131767420719136],[-118.35636706047042,34.13181233370059]]]},"properties":{"building_pk":3335,"building_key":"dpw:453820870529@374931,3777598","source_tile":"cty-e374-n3777","source_tile_ids":["cty-e374-n3777"],"source_bld_id":"453820870529","height_m":4.054,"receiver_ids":[5724,5725,5726],"receiver_keys":["cty-e374-n3777:la-e374-n3777:facade:453820870529:0","cty-e374-n3777:la-e374-n3777:facade:453820870529:1","cty-e374-n3777:la-e374-n3777:facade:453820870529:3"],"receiver_count":3,"periods":{"D":{"min":55.872826,"max":63.445736,"receiver_count":3,"unavailable_count":0},"E":{"min":53.654335,"max":61.22725,"receiver_count":3,"unavailable_count":0},"N":{"min":48.883125,"max":56.456036,"receiver_count":3,"unavailable_count":0}}}},{"type":"Feature","id":"dpw:452100870891@374408,3777714","geometry":{"type":"Polygon","coordinates":[[[-118.36203709593653,34.1327877459484],[-118.36207900531501,34.132789626335544],[-118.36208278770108,34.13273226651533],[-118.36204087943534,34.132730386126234],[-118.36203709593653,34.1327877459484]]]},"properties":{"building_pk":3360,"building_key":"dpw:452100870891@374408,3777714","source_tile":"cty-e374-n3777","source_tile_ids":["cty-e374-n3777"],"source_bld_id":"452100870891","height_m":3.551,"receiver_ids":[4501,4502,4503,4504],"receiver_keys":["cty-e374-n3777:la-e374-n3777:facade:452100870891:0","cty-e374-n3777:la-e374-n3777:facade:452100870891:1","cty-e374-n3777:la-e374-n3777:facade:452100870891:2","cty-e374-n3777:la-e374-n3777:facade:452100870891:3"],"receiver_count":4,"periods":{"D":{"min":49.806156,"max":57.16871,"receiver_count":4,"unavailable_count":0},"E":{"min":47.58767,"max":54.950222,"receiver_count":4,"unavailable_count":0},"N":{"min":42.816456,"max":50.17901,"receiver_count":4,"unavailable_count":0}}}},{"type":"Feature","id":"dpw:452304868842@374467,3777081","geometry":{"type":"Polygon","coordinates":[[[-118.3613559778291,34.12720849682048],[-118.36150286192188,34.12708077610034],[-118.36138595096574,34.12698772482208],[-118.36134648072377,34.127022026352485],[-118.36133159406407,34.127010200337715],[-118.361303349458,34.12703474072598],[-118.36129774611055,34.12703027864687],[-118.36125811162736,34.12706471767265],[-118.36127230223603,34.12707602468941],[-118.36123273361073,34.12711040851631],[-118.3613559778291,34.12720849682048]]]},"properties":{"building_pk":3377,"building_key":"dpw:452304868842@374467,3777081","source_tile":"cty-e374-n3777","source_tile_ids":["cty-e374-n3777"],"source_bld_id":"452304868842","height_m":8.55,"receiver_ids":[3252,3253,3254,3255,3256,3257,3258,3259],"receiver_keys":["cty-e374-n3777:la-e374-n3777:facade:452304868842:0","cty-e374-n3777:la-e374-n3777:facade:452304868842:1","cty-e374-n3777:la-e374-n3777:facade:452304868842:2","cty-e374-n3777:la-e374-n3777:facade:452304868842:3","cty-e374-n3777:la-e374-n3777:facade:452304868842:4","cty-e374-n3777:la-e374-n3777:facade:452304868842:5","cty-e374-n3777:la-e374-n3777:facade:452304868842:6","cty-e374-n3777:la-e374-n3777:facade:452304868842:7"],"receiver_count":8,"periods":{"D":{"min":43.90333,"max":55.007042,"receiver_count":8,"unavailable_count":0},"E":{"min":41.68484,"max":52.788555,"receiver_count":8,"unavailable_count":0},"N":{"min":36.91363,"max":48.01734,"receiver_count":8,"unavailable_count":0}}}},{"type":"Feature","id":"dpw:451868871132@374339,3777789","geometry":{"type":"Polygon","coordinates":[[[-118.36295334599622,34.13347578917475],[-118.3629394267216,34.13342864909453],[-118.36290948174377,34.133434757654506],[-118.36289103565473,34.13337227079326],[-118.36283012095979,34.13338468208326],[-118.36282445305183,34.13336546392921],[-118.36274300308158,34.13338205773196],[-118.36274655841315,34.13339413755863],[-118.36269941120007,34.13340375958553],[-118.36271769033664,34.13346577998106],[-118.36280273869023,34.13344843253005],[-118.36281508153138,34.13349032861626],[-118.36283746698328,34.13348578169293],[-118.36284125671494,34.13349865777097],[-118.36295334599622,34.13347578917475]]]},"properties":{"building_pk":3386,"building_key":"dpw:451868871132@374339,3777789","source_tile":"cty-e374-n3777","source_tile_ids":["cty-e374-n3777"],"source_bld_id":"451868871132","height_m":5.41,"receiver_ids":[5292,5293,5294,5295,5296,5297,5298],"receiver_keys":["cty-e374-n3777:la-e374-n3777:facade:451868871132:0","cty-e374-n3777:la-e374-n3777:facade:451868871132:1","cty-e374-n3777:la-e374-n3777:facade:451868871132:2","cty-e374-n3777:la-e374-n3777:facade:451868871132:3","cty-e374-n3777:la-e374-n3777:facade:451868871132:5","cty-e374-n3777:la-e374-n3777:facade:451868871132:6","cty-e374-n3777:la-e374-n3777:facade:451868871132:7"],"receiver_count":7,"periods":{"D":{"min":55.929268,"max":60.952923,"receiver_count":7,"unavailable_count":0},"E":{"min":53.71078,"max":58.734436,"receiver_count":7,"unavailable_count":0},"N":{"min":48.93957,"max":53.963223,"receiver_count":7,"unavailable_count":0}}}},{"type":"Feature","id":"dpw:453951870462@374971,3777577","geometry":{"type":"Polygon","coordinates":[[[-118.3559715531157,34.1316174016019],[-118.35597295895235,34.13156871274176],[-118.35589942542315,34.13156664838856],[-118.35589753796076,34.13161528367214],[-118.3559715531157,34.1316174016019]]]},"properties":{"building_pk":3400,"building_key":"dpw:453951870462@374971,3777577","source_tile":"cty-e374-n3777","source_tile_ids":["cty-e374-n3777"],"source_bld_id":"453951870462","height_m":2.155,"receiver_ids":[5690,5691,5692,5693],"receiver_keys":["cty-e374-n3777:la-e374-n3777:facade:453951870462:0","cty-e374-n3777:la-e374-n3777:facade:453951870462:1","cty-e374-n3777:la-e374-n3777:facade:453951870462:2","cty-e374-n3777:la-e374-n3777:facade:453951870462:3"],"receiver_count":4,"periods":{"D":{"min":54.03211,"max":62.85349,"receiver_count":4,"unavailable_count":0},"E":{"min":51.81362,"max":60.635002,"receiver_count":4,"unavailable_count":0},"N":{"min":47.042408,"max":55.86379,"receiver_count":4,"unavailable_count":0}}}},{"type":"Feature","id":"dpw:452202869923@374437,3777417","geometry":{"type":"Polygon","coordinates":[[[-118.36175779834394,34.13011483376839],[-118.36172793083118,34.13003938348238],[-118.36165198653016,34.13006016484335],[-118.36168185409885,34.13013564219385],[-118.36175779834394,34.13011483376839]]]},"properties":{"building_pk":3402,"building_key":"dpw:452202869923@374437,3777417","source_tile":"cty-e374-n3777","source_tile_ids":["cty-e374-n3777"],"source_bld_id":"452202869923","height_m":2.804,"receiver_ids":[3761,3762,3763,3764],"receiver_keys":["cty-e374-n3777:la-e374-n3777:facade:452202869923:0","cty-e374-n3777:la-e374-n3777:facade:452202869923:1","cty-e374-n3777:la-e374-n3777:facade:452202869923:2","cty-e374-n3777:la-e374-n3777:facade:452202869923:3"],"receiver_count":4,"periods":{"D":{"min":59.809673,"max":60.61025,"receiver_count":4,"unavailable_count":0},"E":{"min":57.591187,"max":58.39176,"receiver_count":4,"unavailable_count":0},"N":{"min":52.819973,"max":53.62055,"receiver_count":4,"unavailable_count":0}}}},{"type":"Feature","id":"dpw:451515868565@374222,3777007","geometry":{"type":"Polygon","coordinates":[[[-118.36380145215135,34.12635470281966],[-118.36394242111147,34.126463368751914],[-118.36398593415198,34.126424465379245],[-118.36401418136681,34.1264463083624],[-118.36411058675569,34.12636006377039],[-118.36409016476487,34.12634454495055],[-118.36408345071177,34.126350665866894],[-118.36396831210189,34.126262750496906],[-118.36389422197091,34.12632903270442],[-118.36385984117845,34.12630245436085],[-118.36380145215135,34.12635470281966]]]},"properties":{"building_pk":3437,"building_key":"dpw:451515868565@374222,3777007","source_tile":"cty-e374-n3777","source_tile_ids":["cty-e374-n3777"],"source_bld_id":"451515868565","height_m":4.048,"receiver_ids":[2806,2807,2808,2809,2810,2811,2812,2813,2814],"receiver_keys":["cty-e374-n3777:la-e374-n3777:facade:451515868565:0","cty-e374-n3777:la-e374-n3777:facade:451515868565:1","cty-e374-n3777:la-e374-n3777:facade:451515868565:2","cty-e374-n3777:la-e374-n3777:facade:451515868565:3","cty-e374-n3777:la-e374-n3777:facade:451515868565:4","cty-e374-n3777:la-e374-n3777:facade:451515868565:5","cty-e374-n3777:la-e374-n3777:facade:451515868565:6","cty-e374-n3777:la-e374-n3777:facade:451515868565:7","cty-e374-n3777:la-e374-n3777:facade:451515868565:8"],"receiver_count":9,"periods":{"D":{"min":44.77128,"max":53.446156,"receiver_count":9,"unavailable_count":0},"E":{"min":42.55279,"max":51.22767,"receiver_count":9,"unavailable_count":0},"N":{"min":37.781578,"max":46.456455,"receiver_count":9,"unavailable_count":0}}}},{"type":"Feature","id":"dpw:453353869457@374785,3777272","geometry":{"type":"Polygon","coordinates":[[[-118.35783719121888,34.128836041648285],[-118.35782650701238,34.12883340743781],[-118.35780623318493,34.12889111884679],[-118.35787182641238,34.128907054029554],[-118.35788632204803,34.12886582085492],[-118.35796074683769,34.128883900737236],[-118.35797109498483,34.12885438537199],[-118.35797608911602,34.12885558044196],[-118.35799770071644,34.12879410113126],[-118.35794818408446,34.12878207434646],[-118.35797877204783,34.12869504057699],[-118.35789392822072,34.128674435704056],[-118.35783719121888,34.128836041648285]]]},"properties":{"building_pk":3438,"building_key":"dpw:453353869457@374785,3777272","source_tile":"cty-e374-n3777","source_tile_ids":["cty-e374-n3777"],"source_bld_id":"453353869457","height_m":4.343,"receiver_ids":[3460,3461,3462,3463,3464,3465,3466],"receiver_keys":["cty-e374-n3777:la-e374-n3777:facade:453353869457:1","cty-e374-n3777:la-e374-n3777:facade:453353869457:2","cty-e374-n3777:la-e374-n3777:facade:453353869457:3","cty-e374-n3777:la-e374-n3777:facade:453353869457:4","cty-e374-n3777:la-e374-n3777:facade:453353869457:5","cty-e374-n3777:la-e374-n3777:facade:453353869457:6","cty-e374-n3777:la-e374-n3777:facade:453353869457:7"],"receiver_count":7,"periods":{"D":{"min":57.312706,"max":61.107758,"receiver_count":7,"unavailable_count":0},"E":{"min":55.09422,"max":58.889267,"receiver_count":7,"unavailable_count":0},"N":{"min":50.323006,"max":54.118057,"receiver_count":7,"unavailable_count":0}}}},{"type":"Feature","id":"dpw:451555870817@374242,3777690","geometry":{"type":"Polygon","coordinates":[[[-118.36395275176837,34.13256988346549],[-118.36391677666747,34.13246606634144],[-118.36386273856193,34.13247900738757],[-118.36387080281177,34.13250225715969],[-118.36377249870128,34.132525827991124],[-118.36380040831583,34.13260639448366],[-118.36395275176837,34.13256988346549]]]},"properties":{"building_pk":3462,"building_key":"dpw:451555870817@374242,3777690","source_tile":"cty-e374-n3777","source_tile_ids":["cty-e374-n3777"],"source_bld_id":"451555870817","height_m":4.221,"receiver_ids":[4360,4361,4362,4363,4364,4365],"receiver_keys":["cty-e374-n3777:la-e374-n3777:facade:451555870817:0","cty-e374-n3777:la-e374-n3777:facade:451555870817:1","cty-e374-n3777:la-e374-n3777:facade:451555870817:2","cty-e374-n3777:la-e374-n3777:facade:451555870817:3","cty-e374-n3777:la-e374-n3777:facade:451555870817:4","cty-e374-n3777:la-e374-n3777:facade:451555870817:5"],"receiver_count":6,"periods":{"D":{"min":57.490612,"max":59.292694,"receiver_count":6,"unavailable_count":0},"E":{"min":55.272125,"max":57.074207,"receiver_count":6,"unavailable_count":0},"N":{"min":50.50091,"max":52.302994,"receiver_count":6,"unavailable_count":0}}}},{"type":"Feature","id":"dpw:451976869656@374372,3777336","geometry":{"type":"Polygon","coordinates":[[[-118.36238272812675,34.129292937595004],[-118.36237887489345,34.12930336368715],[-118.36231595650847,34.1292872840922],[-118.36229217891716,34.12935157355144],[-118.36236488895982,34.12937015171056],[-118.36235963079558,34.12938434592532],[-118.36251871398105,34.12942500507824],[-118.36255157023837,34.129336094450125],[-118.36238272812675,34.129292937595004]]]},"properties":{"building_pk":3463,"building_key":"dpw:451976869656@374372,3777336","source_tile":"cty-e374-n3777","source_tile_ids":["cty-e374-n3777"],"source_bld_id":"451976869656","height_m":8.641,"receiver_ids":[4025,4026,4027,4028,4029,4030,4031],"receiver_keys":["cty-e374-n3777:la-e374-n3777:facade:451976869656:0","cty-e374-n3777:la-e374-n3777:facade:451976869656:1","cty-e374-n3777:la-e374-n3777:facade:451976869656:2","cty-e374-n3777:la-e374-n3777:facade:451976869656:3","cty-e374-n3777:la-e374-n3777:facade:451976869656:4","cty-e374-n3777:la-e374-n3777:facade:451976869656:5","cty-e374-n3777:la-e374-n3777:facade:451976869656:6"],"receiver_count":7,"periods":{"D":{"min":56.591164,"max":60.917095,"receiver_count":7,"unavailable_count":0},"E":{"min":54.372677,"max":58.69861,"receiver_count":7,"unavailable_count":0},"N":{"min":49.601467,"max":53.9274,"receiver_count":7,"unavailable_count":0}}}},{"type":"Feature","id":"dpw:452043871661@374394,3777950","geometry":{"type":"Polygon","coordinates":[[[-118.36229029736288,34.134978316011974],[-118.36240175189427,34.1349078289125],[-118.36236629086085,34.134869107878075],[-118.36237700136897,34.13486234310106],[-118.36226265032616,34.134737299355926],[-118.36214028758181,34.1348146896114],[-118.36216359620435,34.13484020265984],[-118.36214754674094,34.13485036327076],[-118.36218015165804,34.1348860150835],[-118.36219132381142,34.134878946925355],[-118.36223007140481,34.134921285942355],[-118.36221972420229,34.13492782964288],[-118.36225296000869,34.13496419446367],[-118.36226841594465,34.13495442057328],[-118.36229029736288,34.134978316011974]]]},"properties":{"building_pk":3470,"building_key":"dpw:452043871661@374394,3777950","source_tile":"cty-e374-n3777","source_tile_ids":["cty-e374-n3777"],"source_bld_id":"452043871661","height_m":7.422,"receiver_ids":[5590,5591,5592,5593,5594,5595,5596,5597,5598],"receiver_keys":["cty-e374-n3777:la-e374-n3777:facade:452043871661:0","cty-e374-n3777:la-e374-n3777:facade:452043871661:1","cty-e374-n3777:la-e374-n3777:facade:452043871661:2","cty-e374-n3777:la-e374-n3777:facade:452043871661:3","cty-e374-n3777:la-e374-n3777:facade:452043871661:4","cty-e374-n3777:la-e374-n3777:facade:452043871661:5","cty-e374-n3777:la-e374-n3777:facade:452043871661:6","cty-e374-n3777:la-e374-n3777:facade:452043871661:7","cty-e374-n3777:la-e374-n3777:facade:452043871661:8"],"receiver_count":9,"periods":{"D":{"min":61.992764,"max":70.56345,"receiver_count":9,"unavailable_count":0},"E":{"min":59.774277,"max":68.34496,"receiver_count":9,"unavailable_count":0},"N":{"min":55.003063,"max":63.573753,"receiver_count":9,"unavailable_count":0}}}},{"type":"Feature","id":"dpw:451624871814@374267,3777998","geometry":{"type":"Polygon","coordinates":[[[-118.36362413077127,34.13537517349933],[-118.36363075660734,34.1353712787668],[-118.36363783136453,34.135379611115354],[-118.36369706357041,34.135344754438734],[-118.36370520065547,34.13535429254657],[-118.36375622480075,34.13532424228317],[-118.3636884990317,34.135244702517966],[-118.36367732480252,34.135251275877856],[-118.36363441959408,34.135200717003755],[-118.36355438355201,34.13523367447836],[-118.36356334950281,34.135243595058654],[-118.36354116988862,34.135257428216725],[-118.36358251058519,34.135303248849695],[-118.36356764779288,34.1353125261813],[-118.36362413077127,34.13537517349933]]]},"properties":{"building_pk":3471,"building_key":"dpw:451624871814@374267,3777998","source_tile":"cty-e374-n3777","source_tile_ids":["cty-e374-n3777"],"source_bld_id":"451624871814","height_m":7.032,"receiver_ids":[5683,5684,5685,5686,5687,5688,5689],"receiver_keys":["cty-e374-n3777:la-e374-n3777:facade:451624871814:0","cty-e374-n3777:la-e374-n3777:facade:451624871814:1","cty-e374-n3777:la-e374-n3777:facade:451624871814:2","cty-e374-n3777:la-e374-n3777:facade:451624871814:3","cty-e374-n3777:la-e374-n3777:facade:451624871814:4","cty-e374-n3777:la-e374-n3777:facade:451624871814:5","cty-e374-n3777:la-e374-n3777:facade:451624871814:6"],"receiver_count":7,"periods":{"D":{"min":64.53041,"max":71.04824,"receiver_count":7,"unavailable_count":0},"E":{"min":62.311924,"max":68.82976,"receiver_count":7,"unavailable_count":0},"N":{"min":57.54071,"max":64.05854,"receiver_count":7,"unavailable_count":0}}}},{"type":"Feature","id":"dpw:452718871299@374599,3777834","geometry":{"type":"Polygon","coordinates":[[[-118.35991440369601,34.13380365796563],[-118.35991216633103,34.13381355717833],[-118.35990654449132,34.13381269401826],[-118.35988851739874,34.133893096156704],[-118.35990997869358,34.13389644006336],[-118.35990641193129,34.13391233303716],[-118.36010200624916,34.133942664169425],[-118.36011834745005,34.133869851640796],[-118.36011180011931,34.13386882716799],[-118.3601169231109,34.133846003954694],[-118.36010944920919,34.133844817261135],[-118.36011181609486,34.13383428568238],[-118.35991440369601,34.13380365796563]]]},"properties":{"building_pk":3492,"building_key":"dpw:452718871299@374599,3777834","source_tile":"cty-e374-n3777","source_tile_ids":["cty-e374-n3777"],"source_bld_id":"452718871299","height_m":9.504,"receiver_ids":[5937,5938,5939,5940,5941,5942],"receiver_keys":["cty-e374-n3777:la-e374-n3777:facade:452718871299:0","cty-e374-n3777:la-e374-n3777:facade:452718871299:1","cty-e374-n3777:la-e374-n3777:facade:452718871299:2","cty-e374-n3777:la-e374-n3777:facade:452718871299:3","cty-e374-n3777:la-e374-n3777:facade:452718871299:4","cty-e374-n3777:la-e374-n3777:facade:452718871299:5"],"receiver_count":6,"periods":{"D":{"min":52.486824,"max":69.6015,"receiver_count":6,"unavailable_count":0},"E":{"min":50.268337,"max":67.38302,"receiver_count":6,"unavailable_count":0},"N":{"min":45.497128,"max":62.611805,"receiver_count":6,"unavailable_count":0}}}},{"type":"Feature","id":"dpw:451269871071@374155,3777767","geometry":{"type":"Polygon","coordinates":[[[-118.36471685034377,34.13326523297141],[-118.36486139484701,34.13330662802061],[-118.36490907212051,34.13319151213826],[-118.3648417483922,34.13317388207902],[-118.36482838727571,34.13320914991808],[-118.36479193003206,34.13319961531659],[-118.36480117543898,34.13317521349241],[-118.36474387537142,34.13316021265818],[-118.36471685034377,34.13326523297141]]]},"properties":{"building_pk":3496,"building_key":"dpw:451269871071@374155,3777767","source_tile":"cty-e374-n3777","source_tile_ids":["cty-e374-n3777"],"source_bld_id":"451269871071","height_m":3.895,"receiver_ids":[5240,5241,5242,5243,5244,5245],"receiver_keys":["cty-e374-n3777:la-e374-n3777:facade:451269871071:0","cty-e374-n3777:la-e374-n3777:facade:451269871071:1","cty-e374-n3777:la-e374-n3777:facade:451269871071:2","cty-e374-n3777:la-e374-n3777:facade:451269871071:3","cty-e374-n3777:la-e374-n3777:facade:451269871071:4","cty-e374-n3777:la-e374-n3777:facade:451269871071:5"],"receiver_count":6,"periods":{"D":{"min":55.27011,"max":56.51612,"receiver_count":6,"unavailable_count":0},"E":{"min":53.051624,"max":54.297634,"receiver_count":6,"unavailable_count":0},"N":{"min":48.28041,"max":49.52642,"receiver_count":6,"unavailable_count":0}}}},{"type":"Feature","id":"dpw:452586871490@374558,3777893","geometry":{"type":"Polygon","coordinates":[[[-118.3604772578627,34.13455682217401],[-118.3606063365611,34.134265702728676],[-118.36045273113852,34.13421803959663],[-118.36032328198671,34.13451009757763],[-118.3604772578627,34.13455682217401]]]},"properties":{"building_pk":3497,"building_key":"dpw:452586871490@374558,3777893","source_tile":"cty-e374-n3777","source_tile_ids":["cty-e374-n3777"],"source_bld_id":"452586871490","height_m":4.84,"receiver_ids":[6131,6132,6133,6134,6135,6136,6137],"receiver_keys":["cty-e374-n3777:la-e374-n3777:facade:452586871490:3","cty-e374-n3777:la-e374-n3777:facade:452586871490:4","cty-e374-n3777:la-e374-n3777:facade:452586871490:5","cty-e374-n3777:la-e374-n3777:facade:452586871490:6","cty-e374-n3777:la-e374-n3777:facade:452586871490:7","cty-e374-n3777:la-e374-n3777:facade:452586871490:8","cty-e374-n3777:la-e374-n3777:facade:452586871490:9"],"receiver_count":7,"periods":{"D":{"min":69.97046,"max":73.77417,"receiver_count":7,"unavailable_count":0},"E":{"min":67.751976,"max":71.55568,"receiver_count":7,"unavailable_count":0},"N":{"min":62.980762,"max":66.78447,"receiver_count":7,"unavailable_count":0}}}},{"type":"Feature","id":"dpw:453436870851@374815,3777695","geometry":{"type":"Polygon","coordinates":[[[-118.35763284839204,34.132665369575456],[-118.35764594256084,34.13266812198766],[-118.35766653660248,34.13260038097412],[-118.35765781547487,34.1325985460097],[-118.35763284839204,34.132665369575456]]]},"properties":{"building_pk":3521,"building_key":"dpw:453436870851@374815,3777695","source_tile":"cty-e374-n3777","source_tile_ids":["cty-e374-n3777"],"source_bld_id":"453436870851","height_m":6.596,"receiver_ids":[4973,4974],"receiver_keys":["cty-e374-n3777:la-e374-n3777:facade:453436870851:0","cty-e374-n3777:la-e374-n3777:facade:453436870851:1"],"receiver_count":2,"periods":{"D":{"min":61.482475,"max":64.76428,"receiver_count":2,"unavailable_count":0},"E":{"min":59.26399,"max":62.545795,"receiver_count":2,"unavailable_count":0},"N":{"min":54.492775,"max":57.774582,"receiver_count":2,"unavailable_count":0}}}},{"type":"Feature","id":"dpw:452419871074@374506,3777768","geometry":{"type":"Polygon","coordinates":[[[-118.36096252109193,34.13325344743437],[-118.36100523922649,34.13328815790637],[-118.36104771409988,34.13325800990723],[-118.36100908803216,34.13322039690566],[-118.36096252109193,34.13325344743437]]]},"properties":{"building_pk":3523,"building_key":"dpw:452419871074@374506,3777768","source_tile":"cty-e374-n3777","source_tile_ids":["cty-e374-n3777"],"source_bld_id":"452419871074","height_m":1.814,"receiver_ids":[5119,5120,5121],"receiver_keys":["cty-e374-n3777:la-e374-n3777:facade:452419871074:1","cty-e374-n3777:la-e374-n3777:facade:452419871074:2","cty-e374-n3777:la-e374-n3777:facade:452419871074:3"],"receiver_count":3,"periods":{"D":{"min":65.22887,"max":65.61,"receiver_count":3,"unavailable_count":0},"E":{"min":63.01038,"max":63.391518,"receiver_count":3,"unavailable_count":0},"N":{"min":58.239166,"max":58.620304,"receiver_count":3,"unavailable_count":0}}}},{"type":"Feature","id":"dpw:452056870185@374398,3777500","geometry":{"type":"Polygon","coordinates":[[[-118.36230990619228,34.130819001412725],[-118.36226102872008,34.13073374363091],[-118.36207744214605,34.130803980609066],[-118.36209832421049,34.130841701415356],[-118.36204300092916,34.13086286119439],[-118.36206957824396,34.130910924493584],[-118.36230990619228,34.130819001412725]]]},"properties":{"building_pk":3541,"building_key":"dpw:452056870185@374398,3777500","source_tile":"cty-e374-n3777","source_tile_ids":["cty-e374-n3777"],"source_bld_id":"452056870185","height_m":4.17,"receiver_ids":[4250,4251,4252,4253,4254,4255,4256],"receiver_keys":["cty-e374-n3777:la-e374-n3777:facade:452056870185:0","cty-e374-n3777:la-e374-n3777:facade:452056870185:1","cty-e374-n3777:la-e374-n3777:facade:452056870185:2","cty-e374-n3777:la-e374-n3777:facade:452056870185:3","cty-e374-n3777:la-e374-n3777:facade:452056870185:4","cty-e374-n3777:la-e374-n3777:facade:452056870185:5","cty-e374-n3777:la-e374-n3777:facade:452056870185:6"],"receiver_count":7,"periods":{"D":{"min":60.668884,"max":60.858364,"receiver_count":7,"unavailable_count":0},"E":{"min":58.450397,"max":58.639874,"receiver_count":7,"unavailable_count":0},"N":{"min":53.679184,"max":53.868664,"receiver_count":7,"unavailable_count":0}}}},{"type":"Feature","id":"dpw:453717870482@374898,3777585","geometry":{"type":"Polygon","coordinates":[[[-118.35682657603394,34.131688284497145],[-118.35681009763272,34.13166755905755],[-118.35681705388832,34.13166385665209],[-118.35672873571721,34.13154997031181],[-118.35662274101486,34.13160683459942],[-118.35666829532167,34.13166555964114],[-118.35667841753033,34.13166014399971],[-118.35673736191976,34.131736113742676],[-118.35682657603394,34.131688284497145]]]},"properties":{"building_pk":3544,"building_key":"dpw:453717870482@374898,3777585","source_tile":"cty-e374-n3777","source_tile_ids":["cty-e374-n3777"],"source_bld_id":"453717870482","height_m":2.405,"receiver_ids":[5700,5701,5702,5703,5704],"receiver_keys":["cty-e374-n3777:la-e374-n3777:facade:453717870482:0","cty-e374-n3777:la-e374-n3777:facade:453717870482:1","cty-e374-n3777:la-e374-n3777:facade:453717870482:2","cty-e374-n3777:la-e374-n3777:facade:453717870482:3","cty-e374-n3777:la-e374-n3777:facade:453717870482:4"],"receiver_count":5,"periods":{"D":{"min":64.916245,"max":65.47602,"receiver_count":5,"unavailable_count":0},"E":{"min":62.697758,"max":63.25753,"receiver_count":5,"unavailable_count":0},"N":{"min":57.926544,"max":58.486317,"receiver_count":5,"unavailable_count":0}}}},{"type":"Feature","id":"dpw:451488871150@374218,3777797","geometry":{"type":"Polygon","coordinates":[[[-118.36397567529151,34.133478457937095],[-118.36407562200579,34.133535560434524],[-118.36407841533345,34.13353219920952],[-118.36413701899168,34.13356568422749],[-118.36417587307751,34.13351866116932],[-118.36414380522216,34.133500346613715],[-118.36418364623624,34.133452166614],[-118.36420266192263,34.133463017904724],[-118.36423809727317,34.13342015399466],[-118.3640933804686,34.13333768384689],[-118.36397567529151,34.133478457937095]]]},"properties":{"building_pk":3551,"building_key":"dpw:451488871150@374218,3777797","source_tile":"cty-e374-n3777","source_tile_ids":["cty-e374-n3777"],"source_bld_id":"451488871150","height_m":5.133,"receiver_ids":[5258,5259,5260,5261,5262,5263,5264],"receiver_keys":["cty-e374-n3777:la-e374-n3777:facade:451488871150:0","cty-e374-n3777:la-e374-n3777:facade:451488871150:1","cty-e374-n3777:la-e374-n3777:facade:451488871150:2","cty-e374-n3777:la-e374-n3777:facade:451488871150:4","cty-e374-n3777:la-e374-n3777:facade:451488871150:5","cty-e374-n3777:la-e374-n3777:facade:451488871150:6","cty-e374-n3777:la-e374-n3777:facade:451488871150:7"],"receiver_count":7,"periods":{"D":{"min":56.27378,"max":60.269253,"receiver_count":7,"unavailable_count":0},"E":{"min":54.055294,"max":58.050762,"receiver_count":7,"unavailable_count":0},"N":{"min":49.28408,"max":53.279552,"receiver_count":7,"unavailable_count":0}}}},{"type":"Feature","id":"dpw:453189869437@374741,3777267","geometry":{"type":"Polygon","coordinates":[[[-118.35838057753305,34.128837371645034],[-118.35841482542966,34.1288616908898],[-118.35854548165831,34.12871454692894],[-118.35847249571808,34.12866972539925],[-118.35841415820194,34.128735408477844],[-118.35831092344958,34.128672018363844],[-118.35826103798234,34.12872822281111],[-118.35836168918954,34.12879005466054],[-118.3583437353931,34.12881001289174],[-118.35838148501816,34.1288363826745],[-118.35838057753305,34.128837371645034]]]},"properties":{"building_pk":3629,"building_key":"dpw:453189869437@374741,3777267","source_tile":"cty-e374-n3777","source_tile_ids":["cty-e374-n3777"],"source_bld_id":"453189869437","height_m":3.908,"receiver_ids":[3452,3453,3454,3455,3456,3457,3458,3459],"receiver_keys":["cty-e374-n3777:la-e374-n3777:facade:453189869437:0","cty-e374-n3777:la-e374-n3777:facade:453189869437:2","cty-e374-n3777:la-e374-n3777:facade:453189869437:3","cty-e374-n3777:la-e374-n3777:facade:453189869437:4","cty-e374-n3777:la-e374-n3777:facade:453189869437:5","cty-e374-n3777:la-e374-n3777:facade:453189869437:6","cty-e374-n3777:la-e374-n3777:facade:453189869437:7","cty-e374-n3777:la-e374-n3777:facade:453189869437:8"],"receiver_count":8,"periods":{"D":{"min":55.043514,"max":60.745544,"receiver_count":8,"unavailable_count":0},"E":{"min":52.825027,"max":58.527058,"receiver_count":8,"unavailable_count":0},"N":{"min":48.053814,"max":53.755844,"receiver_count":8,"unavailable_count":0}}}},{"type":"Feature","id":"dpw:451440869033@374200,3777147","geometry":{"type":"Polygon","coordinates":[[[-118.3642204564186,34.12772617411751],[-118.36429718550902,34.12766620442346],[-118.36432066818732,34.12768644073618],[-118.36438770882779,34.12763270906295],[-118.36422167222445,34.12748944070829],[-118.364149066837,34.12754761198859],[-118.36419178623431,34.1275844696805],[-118.36412151768319,34.127640820914706],[-118.3642204564186,34.12772617411751]]]},"properties":{"building_pk":3634,"building_key":"dpw:451440869033@374200,3777147","source_tile":"cty-e374-n3777","source_tile_ids":["cty-e374-n3777"],"source_bld_id":"451440869033","height_m":5.27,"receiver_ids":[3063,3064,3065,3066,3067,3068,3069,3070],"receiver_keys":["cty-e374-n3777:la-e374-n3777:facade:451440869033:0","cty-e374-n3777:la-e374-n3777:facade:451440869033:1","cty-e374-n3777:la-e374-n3777:facade:451440869033:2","cty-e374-n3777:la-e374-n3777:facade:451440869033:3","cty-e374-n3777:la-e374-n3777:facade:451440869033:4","cty-e374-n3777:la-e374-n3777:facade:451440869033:5","cty-e374-n3777:la-e374-n3777:facade:451440869033:7","cty-e374-n3777:la-e374-n3777:facade:451440869033:8"],"receiver_count":8,"periods":{"D":{"min":45.435932,"max":54.61822,"receiver_count":8,"unavailable_count":0},"E":{"min":43.217445,"max":52.39973,"receiver_count":8,"unavailable_count":0},"N":{"min":38.44623,"max":47.62852,"receiver_count":8,"unavailable_count":0}}}},{"type":"Feature","id":"dpw:452153869413@374415,3777257","geometry":{"type":"Polygon","coordinates":[[[-118.36187887711725,34.1287272009106],[-118.36189488056094,34.128744986272515],[-118.36190071359499,34.12874136897618],[-118.36191439339991,34.1287565513471],[-118.36199084799473,34.128708949408065],[-118.36197743400724,34.12869406826412],[-118.36198198151341,34.128691251771166],[-118.36194781561282,34.128653295759364],[-118.36195479952349,34.12864832902138],[-118.36202938454089,34.128660440459356],[-118.36206126819559,34.128535398430536],[-118.3619707977539,34.128519707707866],[-118.36196196600599,34.128555840657704],[-118.36195743544131,34.128555057267455],[-118.3619510258796,34.12855521439625],[-118.3619381236735,34.12855937485257],[-118.36192881024392,34.12856814132538],[-118.36192693024792,34.12857636264884],[-118.36188830289957,34.12859939534141],[-118.36188617727547,34.12859695674094],[-118.36181525134495,34.12863923923184],[-118.36180289784208,34.12862490483094],[-118.36171390950108,34.12867790288738],[-118.36179793154108,34.12877542115179],[-118.36187887711725,34.1287272009106]]]},"properties":{"building_pk":3767,"building_key":"dpw:452153869413@374415,3777257","source_tile":"cty-e374-n3777","source_tile_ids":["cty-e374-n3777"],"source_bld_id":"452153869413","height_m":8.717,"receiver_ids":[3988,3989,3990,3991,3992,3993,3994,3995,3996],"receiver_keys":["cty-e374-n3777:la-e374-n3777:facade:452153869413:0","cty-e374-n3777:la-e374-n3777:facade:452153869413:1","cty-e374-n3777:la-e374-n3777:facade:452153869413:10","cty-e374-n3777:la-e374-n3777:facade:452153869413:4","cty-e374-n3777:la-e374-n3777:facade:452153869413:5","cty-e374-n3777:la-e374-n3777:facade:452153869413:6","cty-e374-n3777:la-e374-n3777:facade:452153869413:7","cty-e374-n3777:la-e374-n3777:facade:452153869413:8","cty-e374-n3777:la-e374-n3777:facade:452153869413:9"],"receiver_count":9,"periods":{"D":{"min":48.918453,"max":58.982994,"receiver_count":9,"unavailable_count":0},"E":{"min":46.699966,"max":56.764507,"receiver_count":9,"unavailable_count":0},"N":{"min":41.928753,"max":51.993294,"receiver_count":9,"unavailable_count":0}}}},{"type":"Feature","id":"dpw:451270870960@374157,3777738","geometry":{"type":"Polygon","coordinates":[[[-118.3647487442751,34.132852137770094],[-118.3647439991345,34.13287031533052],[-118.36473414294274,34.13286853208254],[-118.36470323328001,34.132986674247455],[-118.36476190182744,34.13299729671917],[-118.3647602117697,34.133003786566235],[-118.3647747307086,34.13300676560238],[-118.36478412146585,34.132977664536284],[-118.36481219820465,34.13298274560287],[-118.36480946802956,34.13299311339069],[-118.36487630457069,34.13300522212956],[-118.36490253405944,34.13290503731551],[-118.36481271389087,34.13288876615034],[-118.36481898642991,34.13286484029264],[-118.3647487442751,34.132852137770094]]]},"properties":{"building_pk":3768,"building_key":"dpw:451270870960@374157,3777738","source_tile":"cty-e374-n3777","source_tile_ids":["cty-e374-n3777"],"source_bld_id":"451270870960","height_m":7.562,"receiver_ids":[5219,5220,5221,5222,5223,5224,5225],"receiver_keys":["cty-e374-n3777:la-e374-n3777:facade:451270870960:0","cty-e374-n3777:la-e374-n3777:facade:451270870960:1","cty-e374-n3777:la-e374-n3777:facade:451270870960:2","cty-e374-n3777:la-e374-n3777:facade:451270870960:3","cty-e374-n3777:la-e374-n3777:facade:451270870960:4","cty-e374-n3777:la-e374-n3777:facade:451270870960:5","cty-e374-n3777:la-e374-n3777:facade:451270870960:6"],"receiver_count":7,"periods":{"D":{"min":52.200264,"max":57.897972,"receiver_count":7,"unavailable_count":0},"E":{"min":49.981777,"max":55.679485,"receiver_count":7,"unavailable_count":0},"N":{"min":45.210564,"max":50.90827,"receiver_count":7,"unavailable_count":0}}}},{"type":"Feature","id":"dpw:451266871411@374150,3777876","geometry":{"type":"Polygon","coordinates":[[[-118.36480622879012,34.134226979523724],[-118.36480987701843,34.13423021043636],[-118.36480958614857,34.13424678154297],[-118.36482477896806,34.13426003514709],[-118.3648493628618,34.134259630985746],[-118.36486845366997,34.13424217912974],[-118.3648999171523,34.134265991081655],[-118.3649330624122,34.1342357193206],[-118.36494731858572,34.1342465028243],[-118.36497598668329,34.134220311396604],[-118.36497121250216,34.13421669893277],[-118.36499254087883,34.1341972343839],[-118.36494274222649,34.13415957342557],[-118.36492641692877,34.13417448903795],[-118.36489525161302,34.134150924115325],[-118.36490933834159,34.134138048228344],[-118.36492074346069,34.134146670345096],[-118.36496889764628,34.13410269589615],[-118.36490882073795,34.13405723521661],[-118.36485036476518,34.13411063744409],[-118.36483289212178,34.134097418671814],[-118.36472671060726,34.13419443693198],[-118.36478967228422,34.13424208784245],[-118.36480622879012,34.134226979523724]]]},"properties":{"building_pk":3773,"building_key":"dpw:451266871411@374150,3777876","source_tile":"cty-e374-n3777","source_tile_ids":["cty-e374-n3777"],"source_bld_id":"451266871411","height_m":8.089,"receiver_ids":[5467,5468,5469,5470,5471,5472,5473,5474,5475],"receiver_keys":["cty-e374-n3777:la-e374-n3777:facade:451266871411:0","cty-e374-n3777:la-e374-n3777:facade:451266871411:1","cty-e374-n3777:la-e374-n3777:facade:451266871411:2","cty-e374-n3777:la-e374-n3777:facade:451266871411:3","cty-e374-n3777:la-e374-n3777:facade:451266871411:5","cty-e374-n3777:la-e374-n3777:facade:451266871411:6","cty-e374-n3777:la-e374-n3777:facade:451266871411:7","cty-e374-n3777:la-e374-n3777:facade:451266871411:8","cty-e374-n3777:la-e374-n3777:facade:451266871411:9"],"receiver_count":9,"periods":{"D":{"min":51.18221,"max":66.66817,"receiver_count":9,"unavailable_count":0},"E":{"min":48.96372,"max":64.449684,"receiver_count":9,"unavailable_count":0},"N":{"min":44.19251,"max":59.678467,"receiver_count":9,"unavailable_count":0}}}},{"type":"Feature","id":"dpw:453976871064@374980,3777759","geometry":{"type":"Polygon","coordinates":[[[-118.35585142773712,34.13302176253629],[-118.35572277203616,34.13340348173129],[-118.35587941040845,34.13343928223123],[-118.35600828333776,34.13305832041883],[-118.35585142773712,34.13302176253629]]]},"properties":{"building_pk":3817,"building_key":"dpw:453976871064@374980,3777759","source_tile":"cty-e374-n3777","source_tile_ids":["cty-e374-n3777"],"source_bld_id":"453976871064","height_m":1.984,"receiver_ids":[5854,5855,5856,5857,5858,5859,5860,5861,5862,5863,5864,5865],"receiver_keys":["cty-e374-n3777:la-e374-n3777:facade:453976871064:0","cty-e374-n3777:la-e374-n3777:facade:453976871064:1","cty-e374-n3777:la-e374-n3777:facade:453976871064:10","cty-e374-n3777:la-e374-n3777:facade:453976871064:11","cty-e374-n3777:la-e374-n3777:facade:453976871064:2","cty-e374-n3777:la-e374-n3777:facade:453976871064:3","cty-e374-n3777:la-e374-n3777:facade:453976871064:4","cty-e374-n3777:la-e374-n3777:facade:453976871064:5","cty-e374-n3777:la-e374-n3777:facade:453976871064:6","cty-e374-n3777:la-e374-n3777:facade:453976871064:7","cty-e374-n3777:la-e374-n3777:facade:453976871064:8","cty-e374-n3777:la-e374-n3777:facade:453976871064:9"],"receiver_count":12,"periods":{"D":{"min":74.24103,"max":79.17175,"receiver_count":12,"unavailable_count":0},"E":{"min":72.02254,"max":76.95326,"receiver_count":12,"unavailable_count":0},"N":{"min":67.25133,"max":72.18205,"receiver_count":12,"unavailable_count":0}}}},{"type":"Feature","id":"dpw:452234869663@374446,3777339","geometry":{"type":"Polygon","coordinates":[[[-118.36158256186724,34.12941852153993],[-118.36164779116206,34.12939593044366],[-118.36161982593815,34.12934012250922],[-118.36155456318954,34.12936274073666],[-118.36158256186724,34.12941852153993]]]},"properties":{"building_pk":3818,"building_key":"dpw:452234869663@374446,3777339","source_tile":"cty-e374-n3777","source_tile_ids":["cty-e374-n3777"],"source_bld_id":"452234869663","height_m":6.23,"receiver_ids":[3496,3497,3498,3499],"receiver_keys":["cty-e374-n3777:la-e374-n3777:facade:452234869663:0","cty-e374-n3777:la-e374-n3777:facade:452234869663:1","cty-e374-n3777:la-e374-n3777:facade:452234869663:2","cty-e374-n3777:la-e374-n3777:facade:452234869663:3"],"receiver_count":4,"periods":{"D":{"min":56.43713,"max":60.95834,"receiver_count":4,"unavailable_count":0},"E":{"min":54.218643,"max":58.73985,"receiver_count":4,"unavailable_count":0},"N":{"min":49.447433,"max":53.96864,"receiver_count":4,"unavailable_count":0}}}},{"type":"Feature","id":"dpw:451751871665@374300,3777943","geometry":{"type":"Polygon","coordinates":[[[-118.36320097213562,34.134864348996075],[-118.36319971877889,34.134872321436916],[-118.36319845729422,34.134878672940786],[-118.36320185266975,34.134884351429804],[-118.36317369374441,34.13490639113574],[-118.36321545951826,34.13494333499566],[-118.36331113149299,34.134868496785586],[-118.36329729842376,34.13485625583711],[-118.36331317304193,34.134843814713044],[-118.3632716731262,34.13480717300405],[-118.36331254413193,34.13477520251638],[-118.363316789799,34.13477895366757],[-118.36333595793302,34.1347639756366],[-118.36334056822835,34.134768055653105],[-118.36342348108892,34.13474552134102],[-118.36340667370715,34.13470275973881],[-118.36330029342743,34.13473165729241],[-118.36329216635232,34.134724647034034],[-118.36321181518534,34.13478905169977],[-118.36321506575037,34.1347918448074],[-118.36320172800792,34.13480251939979],[-118.36317834358292,34.13478233755951],[-118.36314080145155,34.13481243001914],[-118.36320097213562,34.134864348996075]]]},"properties":{"building_pk":3825,"building_key":"dpw:451751871665@374300,3777943","source_tile":"cty-e374-n3777","source_tile_ids":["cty-e374-n3777"],"source_bld_id":"451751871665","height_m":5.627,"receiver_ids":[5543,5544,5545,5546,5547,5548,5549,5550,5551,5552],"receiver_keys":["cty-e374-n3777:la-e374-n3777:facade:451751871665:0","cty-e374-n3777:la-e374-n3777:facade:451751871665:1","cty-e374-n3777:la-e374-n3777:facade:451751871665:2","cty-e374-n3777:la-e374-n3777:facade:451751871665:3","cty-e374-n3777:la-e374-n3777:facade:451751871665:4","cty-e374-n3777:la-e374-n3777:facade:451751871665:5","cty-e374-n3777:la-e374-n3777:facade:451751871665:6","cty-e374-n3777:la-e374-n3777:facade:451751871665:7","cty-e374-n3777:la-e374-n3777:facade:451751871665:8","cty-e374-n3777:la-e374-n3777:facade:451751871665:9"],"receiver_count":10,"periods":{"D":{"min":62.823902,"max":69.02448,"receiver_count":10,"unavailable_count":0},"E":{"min":60.605415,"max":66.80599,"receiver_count":10,"unavailable_count":0},"N":{"min":55.834206,"max":62.03478,"receiver_count":10,"unavailable_count":0}}}},{"type":"Feature","id":"dpw:451643869620@374270,3777326","geometry":{"type":"Polygon","coordinates":[[[-118.36354995717318,34.129285117763935],[-118.36356456916093,34.129294444376036],[-118.3635871635992,34.12926992045433],[-118.36361453394746,34.12928736938307],[-118.36366169504548,34.12923614468497],[-118.3635985729873,34.12919596741931],[-118.36360117019329,34.129193156732036],[-118.36357446416933,34.12917614575158],[-118.36357245732745,34.12917834973203],[-118.36352447766507,34.129147800357735],[-118.36350701393621,34.12916675808256],[-118.36349491989228,34.129159072800235],[-118.36348133733534,34.129173814988555],[-118.36349343138015,34.129181500272274],[-118.36347484977969,34.12920167031349],[-118.36345765281078,34.12919073050246],[-118.36341502571359,34.12923630869371],[-118.36340895057063,34.129237343891475],[-118.36340193059223,34.129241486818465],[-118.36339908629544,34.129248558000434],[-118.36339979993957,34.12925311672393],[-118.36339631553098,34.12925733196215],[-118.36341344625473,34.12926824403351],[-118.36338716921637,34.12929679172933],[-118.36346970936832,34.12934935731712],[-118.36347441160575,34.12934423237124],[-118.36349512109798,34.129357414554555],[-118.36353682359726,34.129312114084264],[-118.3635294344938,34.12930741045757],[-118.36354995717318,34.129285117763935]]]},"properties":{"building_pk":3829,"building_key":"dpw:451643869620@374270,3777326","source_tile":"cty-e374-n3777","source_tile_ids":["cty-e374-n3777"],"source_bld_id":"451643869620","height_m":10.119,"receiver_ids":[4080,4081,4082,4083,4084,4085,4086],"receiver_keys":["cty-e374-n3777:la-e374-n3777:facade:451643869620:1","cty-e374-n3777:la-e374-n3777:facade:451643869620:2","cty-e374-n3777:la-e374-n3777:facade:451643869620:3","cty-e374-n3777:la-e374-n3777:facade:451643869620:5","cty-e374-n3777:la-e374-n3777:facade:451643869620:6","cty-e374-n3777:la-e374-n3777:facade:451643869620:7","cty-e374-n3777:la-e374-n3777:facade:451643869620:8"],"receiver_count":7,"periods":{"D":{"min":42.109463,"max":58.461407,"receiver_count":7,"unavailable_count":0},"E":{"min":39.890976,"max":56.242916,"receiver_count":7,"unavailable_count":0},"N":{"min":35.119762,"max":51.471706,"receiver_count":7,"unavailable_count":0}}}},{"type":"Feature","id":"dpw:451601868844@374257,3777094","geometry":{"type":"Polygon","coordinates":[[[-118.3636581523274,34.12701666017107],[-118.36352157524638,34.127127810244176],[-118.36355553594008,34.12715669878159],[-118.36354888480108,34.127162104561044],[-118.36358709106104,34.127194552204024],[-118.36359258944775,34.12719005593349],[-118.3636617728903,34.12724884519293],[-118.36379950260657,34.127136756599405],[-118.3636581523274,34.12701666017107]]]},"properties":{"building_pk":3857,"building_key":"dpw:451601868844@374257,3777094","source_tile":"cty-e374-n3777","source_tile_ids":["cty-e374-n3777"],"source_bld_id":"451601868844","height_m":4.517,"receiver_ids":[3008,3009,3010,3011,3012,3013,3014,3015],"receiver_keys":["cty-e374-n3777:la-e374-n3777:facade:451601868844:0","cty-e374-n3777:la-e374-n3777:facade:451601868844:1","cty-e374-n3777:la-e374-n3777:facade:451601868844:2","cty-e374-n3777:la-e374-n3777:facade:451601868844:3","cty-e374-n3777:la-e374-n3777:facade:451601868844:4","cty-e374-n3777:la-e374-n3777:facade:451601868844:5","cty-e374-n3777:la-e374-n3777:facade:451601868844:6","cty-e374-n3777:la-e374-n3777:facade:451601868844:7"],"receiver_count":8,"periods":{"D":{"min":42.083378,"max":53.690403,"receiver_count":8,"unavailable_count":0},"E":{"min":39.86489,"max":51.471916,"receiver_count":8,"unavailable_count":0},"N":{"min":35.093678,"max":46.700703,"receiver_count":8,"unavailable_count":0}}}},{"type":"Feature","id":"dpw:451768868681@374299,3777040","geometry":{"type":"Polygon","coordinates":[[[-118.36315685838194,34.126802787815585],[-118.36328389115954,34.12668512620148],[-118.36316216501275,34.1265942070146],[-118.36318720922706,34.12657102179947],[-118.36315724169461,34.12654866180323],[-118.3630161702825,34.12666732738705],[-118.36310916575124,34.126746626596514],[-118.36309997905072,34.126754045885214],[-118.36315685838194,34.126802787815585]]]},"properties":{"building_pk":3895,"building_key":"dpw:451768868681@374299,3777040","source_tile":"cty-e374-n3777","source_tile_ids":["cty-e374-n3777"],"source_bld_id":"451768868681","height_m":4.679,"receiver_ids":[2970,2971,2972,2973,2974,2975,2976],"receiver_keys":["cty-e374-n3777:la-e374-n3777:facade:451768868681:0","cty-e374-n3777:la-e374-n3777:facade:451768868681:1","cty-e374-n3777:la-e374-n3777:facade:451768868681:2","cty-e374-n3777:la-e374-n3777:facade:451768868681:3","cty-e374-n3777:la-e374-n3777:facade:451768868681:4","cty-e374-n3777:la-e374-n3777:facade:451768868681:6","cty-e374-n3777:la-e374-n3777:facade:451768868681:7"],"receiver_count":7,"periods":{"D":{"min":42.952686,"max":52.681896,"receiver_count":7,"unavailable_count":0},"E":{"min":40.734196,"max":50.46341,"receiver_count":7,"unavailable_count":0},"N":{"min":35.962986,"max":45.692196,"receiver_count":7,"unavailable_count":0}}}},{"type":"Feature","id":"dpw:451925870863@374355,3777705","geometry":{"type":"Polygon","coordinates":[[[-118.36260225893601,34.13270301055205],[-118.36266745056105,34.13270918973359],[-118.36267654795037,34.13264304831493],[-118.36261132373109,34.13263684128867],[-118.36260225893601,34.13270301055205]]]},"properties":{"building_pk":3900,"building_key":"dpw:451925870863@374355,3777705","source_tile":"cty-e374-n3777","source_tile_ids":["cty-e374-n3777"],"source_bld_id":"451925870863","height_m":7.608,"receiver_ids":[4494,4495,4496],"receiver_keys":["cty-e374-n3777:la-e374-n3777:facade:451925870863:0","cty-e374-n3777:la-e374-n3777:facade:451925870863:1","cty-e374-n3777:la-e374-n3777:facade:451925870863:3"],"receiver_count":3,"periods":{"D":{"min":61.86112,"max":62.062496,"receiver_count":3,"unavailable_count":0},"E":{"min":59.64263,"max":59.84401,"receiver_count":3,"unavailable_count":0},"N":{"min":54.871418,"max":55.072796,"receiver_count":3,"unavailable_count":0}}}},{"type":"Feature","id":"dpw:451142871696@374118,3777961","geometry":{"type":"Polygon","coordinates":[[[-118.36520248071733,34.134961667060104],[-118.36524788498059,34.13498400696835],[-118.36527465261952,34.13494639063888],[-118.36522924944977,34.134924049835874],[-118.36520248071733,34.134961667060104]]]},"properties":{"building_pk":3907,"building_key":"dpw:451142871696@374118,3777961","source_tile":"cty-e374-n3777","source_tile_ids":["cty-e374-n3777"],"source_bld_id":"451142871696","height_m":2.969,"receiver_ids":[6492,6493,6494,6495],"receiver_keys":["cty-e374-n3777:la-e374-n3777:facade:451142871696:0","cty-e374-n3777:la-e374-n3777:facade:451142871696:1","cty-e374-n3777:la-e374-n3777:facade:451142871696:2","cty-e374-n3777:la-e374-n3777:facade:451142871696:3"],"receiver_count":4,"periods":{"D":{"min":67.21975,"max":67.90027,"receiver_count":4,"unavailable_count":0},"E":{"min":65.00127,"max":65.681786,"receiver_count":4,"unavailable_count":0},"N":{"min":60.230053,"max":60.910572,"receiver_count":4,"unavailable_count":0}}}},{"type":"Feature","id":"dpw:453279870944@374768,3777726","geometry":{"type":"Polygon","coordinates":[[[-118.35819234663214,34.13290892248211],[-118.35816267462944,34.13288642333215],[-118.35813548628212,34.13291120686611],[-118.35816512468188,34.132933707023824],[-118.35819234663214,34.13290892248211]]]},"properties":{"building_pk":3912,"building_key":"dpw:453279870944@374768,3777726","source_tile":"cty-e374-n3777","source_tile_ids":["cty-e374-n3777"],"source_bld_id":"453279870944","height_m":5.102,"receiver_ids":[4991,4992,4993],"receiver_keys":["cty-e374-n3777:la-e374-n3777:facade:453279870944:1","cty-e374-n3777:la-e374-n3777:facade:453279870944:2","cty-e374-n3777:la-e374-n3777:facade:453279870944:3"],"receiver_count":3,"periods":{"D":{"min":66.02044,"max":67.46587,"receiver_count":3,"unavailable_count":0},"E":{"min":63.801952,"max":65.24738,"receiver_count":3,"unavailable_count":0},"N":{"min":59.030743,"max":60.476173,"receiver_count":3,"unavailable_count":0}}}},{"type":"Feature","id":"dpw:452133871149@374416,3777810","geometry":{"type":"Polygon","coordinates":[[[-118.36190228290678,34.13366005369926],[-118.36193596605565,34.133647147435354],[-118.36194802311053,34.133668957347126],[-118.36194980618485,34.13366862204598],[-118.3619594388989,34.133703161688196],[-118.36196118944949,34.13370282648418],[-118.36197746889572,34.133761088165365],[-118.3619968168904,34.13375734835298],[-118.36200040822327,34.1337702520973],[-118.36213148860561,34.13374496356294],[-118.36211537707365,34.1336871963423],[-118.36212148557081,34.13368602407708],[-118.36211832924461,34.13367468500077],[-118.36210908464696,34.13367644364341],[-118.36210807814298,34.13367284682634],[-118.36207740471964,34.133678764433256],[-118.36207596090676,34.133673575010654],[-118.36206159800926,34.13367633886704],[-118.36206320898957,34.13368207682444],[-118.36203421997679,34.133687659412956],[-118.36203264235442,34.13368211338245],[-118.3620186098802,34.133684821250455],[-118.36202018821237,34.13369053135847],[-118.36200589144302,34.13369329501026],[-118.3619947468548,34.133653374124805],[-118.36199128354075,34.13365475843682],[-118.36197720081854,34.13363059167023],[-118.36199745547972,34.133622424405196],[-118.36198443777833,34.1336000962875],[-118.36199126574492,34.13359732795914],[-118.36198337618372,34.13358377716209],[-118.36197681118881,34.13358643471519],[-118.36196139715078,34.13356001809419],[-118.36195536027056,34.13356245499148],[-118.36193132244117,34.133521170819115],[-118.36203137375182,34.13348083490427],[-118.36198592978008,34.13340287546873],[-118.36187848983289,34.133446174275605],[-118.3618831164051,34.13345404705926],[-118.36180044955398,34.13348737907686],[-118.36182355407458,34.13352696216615],[-118.36181451609215,34.13353061609745],[-118.36185626482846,34.13360223804481],[-118.3618662271305,34.13359822433515],[-118.36190228290678,34.13366005369926]]]},"properties":{"building_pk":3920,"building_key":"dpw:452133871149@374416,3777810","source_tile":"cty-e374-n3777","source_tile_ids":["cty-e374-n3777"],"source_bld_id":"452133871149","height_m":7.333,"receiver_ids":[5301,5302,5303,5304,5305,5306,5307,5308,5309,5310],"receiver_keys":["cty-e374-n3777:la-e374-n3777:facade:452133871149:0","cty-e374-n3777:la-e374-n3777:facade:452133871149:10","cty-e374-n3777:la-e374-n3777:facade:452133871149:11","cty-e374-n3777:la-e374-n3777:facade:452133871149:12","cty-e374-n3777:la-e374-n3777:facade:452133871149:13","cty-e374-n3777:la-e374-n3777:facade:452133871149:14","cty-e374-n3777:la-e374-n3777:facade:452133871149:2","cty-e374-n3777:la-e374-n3777:facade:452133871149:3","cty-e374-n3777:la-e374-n3777:facade:452133871149:4","cty-e374-n3777:la-e374-n3777:facade:452133871149:9"],"receiver_count":10,"periods":{"D":{"min":48.835056,"max":61.53146,"receiver_count":10,"unavailable_count":0},"E":{"min":46.61657,"max":59.312973,"receiver_count":10,"unavailable_count":0},"N":{"min":41.845356,"max":54.54176,"receiver_count":10,"unavailable_count":0}}}},{"type":"Feature","id":"dpw:453747870701@374911,3777650","geometry":{"type":"Polygon","coordinates":[[[-118.35672466950446,34.13228953985531],[-118.35666173415044,34.13222655948414],[-118.35668044969864,34.13221386382999],[-118.35663235877128,34.13216492883728],[-118.35657881651264,34.132201304183624],[-118.35654751914421,34.13216943797247],[-118.3564792156373,34.13221583140403],[-118.35652468467819,34.13226213719945],[-118.35653891835811,34.13225247763516],[-118.35657423136152,34.13228839792817],[-118.35658418203815,34.13228163680827],[-118.35664427498322,34.13234314618662],[-118.35672466950446,34.13228953985531]]]},"properties":{"building_pk":3935,"building_key":"dpw:453747870701@374911,3777650","source_tile":"cty-e374-n3777","source_tile_ids":["cty-e374-n3777"],"source_bld_id":"453747870701","height_m":6.151,"receiver_ids":[5780,5781,5782,5783,5784,5785,5786,5787],"receiver_keys":["cty-e374-n3777:la-e374-n3777:facade:453747870701:0","cty-e374-n3777:la-e374-n3777:facade:453747870701:1","cty-e374-n3777:la-e374-n3777:facade:453747870701:2","cty-e374-n3777:la-e374-n3777:facade:453747870701:3","cty-e374-n3777:la-e374-n3777:facade:453747870701:4","cty-e374-n3777:la-e374-n3777:facade:453747870701:5","cty-e374-n3777:la-e374-n3777:facade:453747870701:6","cty-e374-n3777:la-e374-n3777:facade:453747870701:7"],"receiver_count":8,"periods":{"D":{"min":54.279243,"max":66.82604,"receiver_count":8,"unavailable_count":0},"E":{"min":52.060753,"max":64.60756,"receiver_count":8,"unavailable_count":0},"N":{"min":47.289543,"max":59.836346,"receiver_count":8,"unavailable_count":0}}}},{"type":"Feature","id":"dpw:452058869300@374393,3777227","geometry":{"type":"Polygon","coordinates":[[[-118.36212772496108,34.12834414771755],[-118.36212792598552,34.12834625761016],[-118.36211137559357,34.128347104151565],[-118.36209558426367,34.12840906081215],[-118.36212283158405,34.128413513005995],[-118.36215178705352,34.12841562509848],[-118.36215405788178,34.12842880776084],[-118.3622201804315,34.12842193285228],[-118.3622094032099,34.12833680789624],[-118.36220676010142,34.12833703579143],[-118.36220660376051,34.12833448040643],[-118.36220494756701,34.12830752855272],[-118.3621252605905,34.12831831889286],[-118.36212772496108,34.12834414771755]]]},"properties":{"building_pk":3946,"building_key":"dpw:452058869300@374393,3777227","source_tile":"cty-e374-n3777","source_tile_ids":["cty-e374-n3777"],"source_bld_id":"452058869300","height_m":4.877,"receiver_ids":[3970,3971,3972,3973,3974],"receiver_keys":["cty-e374-n3777:la-e374-n3777:facade:452058869300:0","cty-e374-n3777:la-e374-n3777:facade:452058869300:1","cty-e374-n3777:la-e374-n3777:facade:452058869300:2","cty-e374-n3777:la-e374-n3777:facade:452058869300:3","cty-e374-n3777:la-e374-n3777:facade:452058869300:4"],"receiver_count":5,"periods":{"D":{"min":49.860836,"max":56.6176,"receiver_count":5,"unavailable_count":0},"E":{"min":47.64235,"max":54.399113,"receiver_count":5,"unavailable_count":0},"N":{"min":42.871136,"max":49.6279,"receiver_count":5,"unavailable_count":0}}}},{"type":"Feature","id":"dpw:451715870728@374294,3777669","geometry":{"type":"Polygon","coordinates":[[[-118.36335389704267,34.132254386890885],[-118.3632896532441,34.13228362476838],[-118.36328669277992,34.13227920983007],[-118.36325292199344,34.132294726681494],[-118.36326120485903,34.13230720518913],[-118.36322288317058,34.13232479661932],[-118.36322078791423,34.13232164303259],[-118.36320014262407,34.13233112972269],[-118.36323586668252,34.132384881023334],[-118.36324661732986,34.13237995788541],[-118.36325184024264,34.13238782882457],[-118.3633014069613,34.13236506393271],[-118.36332209651566,34.13239619037637],[-118.3633303077254,34.13239242882962],[-118.3633340006623,34.13239799553105],[-118.36341479885293,34.132360904166845],[-118.36341100677453,34.13235522687707],[-118.36341855893775,34.13235174227417],[-118.36335389704267,34.132254386890885]]]},"properties":{"building_pk":3971,"building_key":"dpw:451715870728@374294,3777669","source_tile":"cty-e374-n3777","source_tile_ids":["cty-e374-n3777"],"source_bld_id":"451715870728","height_m":8.684,"receiver_ids":[4354,4355,4356,4357,4358,4359],"receiver_keys":["cty-e374-n3777:la-e374-n3777:facade:451715870728:0","cty-e374-n3777:la-e374-n3777:facade:451715870728:2","cty-e374-n3777:la-e374-n3777:facade:451715870728:3","cty-e374-n3777:la-e374-n3777:facade:451715870728:4","cty-e374-n3777:la-e374-n3777:facade:451715870728:5","cty-e374-n3777:la-e374-n3777:facade:451715870728:6"],"receiver_count":6,"periods":{"D":{"min":61.84741,"max":63.544888,"receiver_count":6,"unavailable_count":0},"E":{"min":59.628918,"max":61.3264,"receiver_count":6,"unavailable_count":0},"N":{"min":54.857708,"max":56.555187,"receiver_count":6,"unavailable_count":0}}}},{"type":"Feature","id":"dpw:453532870564@374841,3777606","geometry":{"type":"Polygon","coordinates":[[[-118.3573637223587,34.13177537176792],[-118.35732190605707,34.13180272717197],[-118.35731227946037,34.13179245107765],[-118.357249338644,34.13183322334566],[-118.35731788798007,34.131906389493274],[-118.35739552595705,34.1318561211348],[-118.3574077425983,34.131869192438224],[-118.35743506087462,34.1318514974581],[-118.3573637223587,34.13177537176792]]]},"properties":{"building_pk":4021,"building_key":"dpw:453532870564@374841,3777606","source_tile":"cty-e374-n3777","source_tile_ids":["cty-e374-n3777"],"source_bld_id":"453532870564","height_m":0.536,"receiver_ids":[4841,4842,4843],"receiver_keys":["cty-e374-n3777:la-e374-n3777:facade:453532870564:0","cty-e374-n3777:la-e374-n3777:facade:453532870564:2","cty-e374-n3777:la-e374-n3777:facade:453532870564:3"],"receiver_count":3,"periods":{"D":{"min":54.89803,"max":55.85853,"receiver_count":3,"unavailable_count":0},"E":{"min":52.679543,"max":53.64004,"receiver_count":3,"unavailable_count":0},"N":{"min":47.908333,"max":48.868828,"receiver_count":3,"unavailable_count":0}}}},{"type":"Feature","id":"dpw:452405871554@374499,3777919","geometry":{"type":"Polygon","coordinates":[[[-118.36103430693849,34.13472899381786],[-118.36103152494597,34.13473526780019],[-118.36105928717933,34.134743757582626],[-118.36106206917395,34.134737484501166],[-118.36107513989799,34.13474148433882],[-118.36111536081594,34.13472724073076],[-118.361117586789,34.13472226030827],[-118.36112711623844,34.134725171747455],[-118.3611496970621,34.134674158500985],[-118.36114003511281,34.13467119246579],[-118.36115276590316,34.134642438714465],[-118.36115885405304,34.134644316454335],[-118.36116798491852,34.13462373506002],[-118.36116341917035,34.134622410822615],[-118.36116511100819,34.13461876987415],[-118.36116962114475,34.13462002035167],[-118.36117767155692,34.13460180601155],[-118.36117366783961,34.13460058106723],[-118.36117844555746,34.13458974024924],[-118.36118360761284,34.134591318740455],[-118.36119159259468,34.13457326867443],[-118.36118643054029,34.134571690183556],[-118.36118845988467,34.13456712234906],[-118.36119401813139,34.13456880964338],[-118.36120308343858,34.13454836547571],[-118.36095574109028,34.13447263064522],[-118.36099350740437,34.134387361506214],[-118.360915489364,34.1343634666741],[-118.36083194809278,34.13455191436468],[-118.36098619294465,34.134599080164975],[-118.36094129303322,34.13470050087986],[-118.36103430693849,34.13472899381786]]]},"properties":{"building_pk":4057,"building_key":"dpw:452405871554@374499,3777919","source_tile":"cty-e374-n3777","source_tile_ids":["cty-e374-n3777"],"source_bld_id":"452405871554","height_m":5.157,"receiver_ids":[6028,6029,6030,6031,6032,6033,6034,6035,6036,6037,6038,6039,6040,6041],"receiver_keys":["cty-e374-n3777:la-e374-n3777:facade:452405871554:0","cty-e374-n3777:la-e374-n3777:facade:452405871554:1","cty-e374-n3777:la-e374-n3777:facade:452405871554:10","cty-e374-n3777:la-e374-n3777:facade:452405871554:11","cty-e374-n3777:la-e374-n3777:facade:452405871554:12","cty-e374-n3777:la-e374-n3777:facade:452405871554:13","cty-e374-n3777:la-e374-n3777:facade:452405871554:2","cty-e374-n3777:la-e374-n3777:facade:452405871554:3","cty-e374-n3777:la-e374-n3777:facade:452405871554:4","cty-e374-n3777:la-e374-n3777:facade:452405871554:5","cty-e374-n3777:la-e374-n3777:facade:452405871554:6","cty-e374-n3777:la-e374-n3777:facade:452405871554:7","cty-e374-n3777:la-e374-n3777:facade:452405871554:8","cty-e374-n3777:la-e374-n3777:facade:452405871554:9"],"receiver_count":14,"periods":{"D":{"min":65.36783,"max":74.31935,"receiver_count":14,"unavailable_count":0},"E":{"min":63.149338,"max":72.10086,"receiver_count":14,"unavailable_count":0},"N":{"min":58.378128,"max":67.32965,"receiver_count":14,"unavailable_count":0}}}},{"type":"Feature","id":"dpw:452286870920@374464,3777722","geometry":{"type":"Polygon","coordinates":[[[-118.36146610738162,34.132755820270745],[-118.36144769147135,34.132753429473425],[-118.3613283632821,34.13282154926115],[-118.36139164463911,34.13289819075748],[-118.36145760517417,34.132860540134665],[-118.36146345113201,34.13286761233014],[-118.36147284583805,34.13286222550812],[-118.36148570179363,34.13287779535028],[-118.36150963378809,34.1328641214079],[-118.36150245805459,34.13285540518427],[-118.36153364145136,34.132837614775156],[-118.36146610738162,34.132755820270745]]]},"properties":{"building_pk":4070,"building_key":"dpw:452286870920@374464,3777722","source_tile":"cty-e374-n3777","source_tile_ids":["cty-e374-n3777"],"source_bld_id":"452286870920","height_m":4.368,"receiver_ids":[5034,5035,5036,5037],"receiver_keys":["cty-e374-n3777:la-e374-n3777:facade:452286870920:1","cty-e374-n3777:la-e374-n3777:facade:452286870920:3","cty-e374-n3777:la-e374-n3777:facade:452286870920:4","cty-e374-n3777:la-e374-n3777:facade:452286870920:5"],"receiver_count":4,"periods":{"D":{"min":63.0181,"max":63.853466,"receiver_count":4,"unavailable_count":0},"E":{"min":60.799614,"max":61.63498,"receiver_count":4,"unavailable_count":0},"N":{"min":56.0284,"max":56.863766,"receiver_count":4,"unavailable_count":0}}}},{"type":"Feature","id":"dpw:452681871418@374586,3777872","geometry":{"type":"Polygon","coordinates":[[[-118.36010052591452,34.13423573078438],[-118.36016038787344,34.13425503462574],[-118.36020170983734,34.134166485272566],[-118.36014184792843,34.13414718055019],[-118.36010052591452,34.13423573078438]]]},"properties":{"building_pk":4073,"building_key":"dpw:452681871418@374586,3777872","source_tile":"cty-e374-n3777","source_tile_ids":["cty-e374-n3777"],"source_bld_id":"452681871418","height_m":4.947,"receiver_ids":[5970,5971,5972],"receiver_keys":["cty-e374-n3777:la-e374-n3777:facade:452681871418:1","cty-e374-n3777:la-e374-n3777:facade:452681871418:2","cty-e374-n3777:la-e374-n3777:facade:452681871418:3"],"receiver_count":3,"periods":{"D":{"min":69.42817,"max":69.60632,"receiver_count":3,"unavailable_count":0},"E":{"min":67.20968,"max":67.38783,"receiver_count":3,"unavailable_count":0},"N":{"min":62.43847,"max":62.61662,"receiver_count":3,"unavailable_count":0}}}},{"type":"Feature","id":"dpw:451160871100@374120,3777778","geometry":{"type":"Polygon","coordinates":[[[-118.36514206134477,34.13340055537526],[-118.36528782443224,34.13335551599416],[-118.36526089400235,34.13329522692834],[-118.36520353838473,34.133312958540834],[-118.36519249340593,34.13328823393317],[-118.36522450314914,34.13327832761028],[-118.3652013773891,34.13322654474639],[-118.36508092469111,34.13326378502643],[-118.36514206134477,34.13340055537526]]]},"properties":{"building_pk":4074,"building_key":"dpw:451160871100@374120,3777778","source_tile":"cty-e374-n3777","source_tile_ids":["cty-e374-n3777"],"source_bld_id":"451160871100","height_m":7.132,"receiver_ids":[5246,5247,5248,5249,5250,5251],"receiver_keys":["cty-e374-n3777:la-e374-n3777:facade:451160871100:0","cty-e374-n3777:la-e374-n3777:facade:451160871100:1","cty-e374-n3777:la-e374-n3777:facade:451160871100:3","cty-e374-n3777:la-e374-n3777:facade:451160871100:4","cty-e374-n3777:la-e374-n3777:facade:451160871100:5","cty-e374-n3777:la-e374-n3777:facade:451160871100:6"],"receiver_count":6,"periods":{"D":{"min":53.920864,"max":57.294605,"receiver_count":6,"unavailable_count":0},"E":{"min":51.702377,"max":55.07612,"receiver_count":6,"unavailable_count":0},"N":{"min":46.931168,"max":50.304905,"receiver_count":6,"unavailable_count":0}}}},{"type":"Feature","id":"dpw:452476871350@374524,3777852","geometry":{"type":"Polygon","coordinates":[[[-118.36090239825104,34.13410363899247],[-118.3609682177926,34.13403306948356],[-118.36081081424021,34.13393153786801],[-118.36076913775548,34.13397620533739],[-118.36077626319724,34.133980800835154],[-118.36076178935711,34.133996314385875],[-118.3608253149963,34.13403728799567],[-118.36081561103795,34.13404767650867],[-118.36090239825104,34.13410363899247]]]},"properties":{"building_pk":4130,"building_key":"dpw:452476871350@374524,3777852","source_tile":"cty-e374-n3777","source_tile_ids":["cty-e374-n3777"],"source_bld_id":"452476871350","height_m":5.331,"receiver_ids":[5216,5217,5218],"receiver_keys":["cty-e374-n3777:la-e374-n3777:facade:452476871350:0","cty-e374-n3777:la-e374-n3777:facade:452476871350:3","cty-e374-n3777:la-e374-n3777:facade:452476871350:4"],"receiver_count":3,"periods":{"D":{"min":64.23651,"max":67.713264,"receiver_count":3,"unavailable_count":0},"E":{"min":62.01803,"max":65.494774,"receiver_count":3,"unavailable_count":0},"N":{"min":57.246815,"max":60.72356,"receiver_count":3,"unavailable_count":0}}}},{"type":"Feature","id":"dpw:452653871470@374579,3777891","geometry":{"type":"Polygon","coordinates":[[[-118.36016680541243,34.13446268966036],[-118.36017095139302,34.13446397461696],[-118.36017378266409,34.134457046894454],[-118.36022824651609,34.13447353686636],[-118.36023070097383,34.1344679787966],[-118.36024945215264,34.134473369092056],[-118.3603522220185,34.13424083348385],[-118.3602765817786,34.13421792193956],[-118.36026460470028,34.13424527146329],[-118.36026336388157,34.13424489651642],[-118.36016680541243,34.13446268966036]]]},"properties":{"building_pk":4135,"building_key":"dpw:452653871470@374579,3777891","source_tile":"cty-e374-n3777","source_tile_ids":["cty-e374-n3777"],"source_bld_id":"452653871470","height_m":4.572,"receiver_ids":[6126,6127,6128,6129,6130],"receiver_keys":["cty-e374-n3777:la-e374-n3777:facade:452653871470:0","cty-e374-n3777:la-e374-n3777:facade:452653871470:1","cty-e374-n3777:la-e374-n3777:facade:452653871470:2","cty-e374-n3777:la-e374-n3777:facade:452653871470:3","cty-e374-n3777:la-e374-n3777:facade:452653871470:4"],"receiver_count":5,"periods":{"D":{"min":69.941505,"max":73.68466,"receiver_count":5,"unavailable_count":0},"E":{"min":67.723015,"max":71.46618,"receiver_count":5,"unavailable_count":0},"N":{"min":62.951805,"max":66.69497,"receiver_count":5,"unavailable_count":0}}}},{"type":"Feature","id":"dpw:451700871773@374288,3777984","geometry":{"type":"Polygon","coordinates":[[[-118.36337659201853,34.13514884895079],[-118.36339405261943,34.135189723482725],[-118.36339761901631,34.135198324231325],[-118.36339771431707,34.13519829960337],[-118.36341941232352,34.13519288916561],[-118.36341347528472,34.13518339671357],[-118.3633901616858,34.13514612608939],[-118.36337659201853,34.13514884895079]]]},"properties":{"building_pk":4156,"building_key":"dpw:451700871773@374288,3777984","source_tile":"cty-e374-n3777","source_tile_ids":["cty-e374-n3777"],"source_bld_id":"451700871773","height_m":1.978,"receiver_ids":[5650,5651],"receiver_keys":["cty-e374-n3777:la-e374-n3777:facade:451700871773:2","cty-e374-n3777:la-e374-n3777:facade:451700871773:3"],"receiver_count":2,"periods":{"D":{"min":70.670494,"max":70.99666,"receiver_count":2,"unavailable_count":0},"E":{"min":68.452,"max":68.77817,"receiver_count":2,"unavailable_count":0},"N":{"min":63.680794,"max":64.00696,"receiver_count":2,"unavailable_count":0}}}},{"type":"Feature","id":"dpw:451988868669@374369,3777032","geometry":{"type":"Polygon","coordinates":[[[-118.36241274697225,34.126727997666926],[-118.36257498133124,34.126589815071334],[-118.36251849673256,34.1265407417229],[-118.3624310802479,34.12661236673277],[-118.36242109724299,34.126603906004846],[-118.36249080131189,34.12654681549068],[-118.36242576643329,34.126491915874276],[-118.36236169375911,34.126544427698],[-118.36234478009699,34.12653016111731],[-118.36229795954682,34.12656849772978],[-118.36229414576867,34.12656523929182],[-118.36220485152717,34.12663838073954],[-118.36229147550748,34.126711516937824],[-118.36236568972082,34.126650731105876],[-118.3624011089101,34.126680604577516],[-118.36237852234223,34.12669911050328],[-118.36241274697225,34.126727997666926]]]},"properties":{"building_pk":4171,"building_key":"dpw:451988868669@374369,3777032","source_tile":"cty-e374-n3777","source_tile_ids":["cty-e374-n3777"],"source_bld_id":"451988868669","height_m":4.148,"receiver_ids":[2846,2847,2848,2849,2850,2851,2852,2853,2854,2855],"receiver_keys":["cty-e374-n3777:la-e374-n3777:facade:451988868669:0","cty-e374-n3777:la-e374-n3777:facade:451988868669:10","cty-e374-n3777:la-e374-n3777:facade:451988868669:11","cty-e374-n3777:la-e374-n3777:facade:451988868669:12","cty-e374-n3777:la-e374-n3777:facade:451988868669:2","cty-e374-n3777:la-e374-n3777:facade:451988868669:5","cty-e374-n3777:la-e374-n3777:facade:451988868669:6","cty-e374-n3777:la-e374-n3777:facade:451988868669:7","cty-e374-n3777:la-e374-n3777:facade:451988868669:8","cty-e374-n3777:la-e374-n3777:facade:451988868669:9"],"receiver_count":10,"periods":{"D":{"min":41.382076,"max":52.50777,"receiver_count":10,"unavailable_count":0},"E":{"min":39.163586,"max":50.28928,"receiver_count":10,"unavailable_count":0},"N":{"min":34.392376,"max":45.51807,"receiver_count":10,"unavailable_count":0}}}},{"type":"Feature","id":"dpw:453996870292@374979,3777523","geometry":{"type":"Polygon","coordinates":[[[-118.35593546954071,34.13100602879193],[-118.35578926430192,34.13107169433846],[-118.35579491816235,34.13108038833217],[-118.3557402353277,34.13110495023886],[-118.35578174627369,34.1311688262634],[-118.3558269308103,34.13114852410688],[-118.35583062269552,34.131154228973664],[-118.35585849211127,34.13114169852631],[-118.35585556510418,34.131137146275464],[-118.35598333418156,34.131079723592926],[-118.35593546954071,34.13100602879193]]]},"properties":{"building_pk":4172,"building_key":"dpw:453996870292@374979,3777523","source_tile":"cty-e374-n3777","source_tile_ids":["cty-e374-n3777"],"source_bld_id":"453996870292","height_m":7.349,"receiver_ids":[4582,4583,4584,4585,4586,4587],"receiver_keys":["cty-e374-n3777:la-e374-n3777:facade:453996870292:0","cty-e374-n3777:la-e374-n3777:facade:453996870292:1","cty-e374-n3777:la-e374-n3777:facade:453996870292:2","cty-e374-n3777:la-e374-n3777:facade:453996870292:3","cty-e374-n3777:la-e374-n3777:facade:453996870292:4","cty-e374-n3777:la-e374-n3777:facade:453996870292:5"],"receiver_count":6,"periods":{"D":{"min":53.664703,"max":61.47881,"receiver_count":6,"unavailable_count":0},"E":{"min":51.446217,"max":59.260323,"receiver_count":6,"unavailable_count":0},"N":{"min":46.675003,"max":54.48911,"receiver_count":6,"unavailable_count":0}}}},{"type":"Feature","id":"dpw:453370870513@374798,3777586","geometry":{"type":"Polygon","coordinates":[[[-118.35780596342038,34.1316995957485],[-118.35782310296408,34.13168932340184],[-118.35784186563943,34.13171100297862],[-118.3578014561982,34.13173519450203],[-118.35783835177367,34.13177781446164],[-118.35790516153085,34.131737800341746],[-118.35785717465656,34.13168237988068],[-118.3579174508221,34.13164604172493],[-118.35788834778721,34.13161121953857],[-118.35787857021195,34.13161658738135],[-118.35786027173336,34.131595455471256],[-118.35784108948883,34.13160694282964],[-118.35780107257968,34.1315607322793],[-118.35774851106943,34.1315942744211],[-118.35774065289944,34.13160355825155],[-118.35773778398503,34.13161260734086],[-118.35773758832178,34.13162109858181],[-118.35774036348374,34.13162864703954],[-118.35780596342038,34.1316995957485]]]},"properties":{"building_pk":4173,"building_key":"dpw:453370870513@374798,3777586","source_tile":"cty-e374-n3777","source_tile_ids":["cty-e374-n3777"],"source_bld_id":"453370870513","height_m":6.76,"receiver_ids":[4821,4822,4823,4824,4825,4826,4827],"receiver_keys":["cty-e374-n3777:la-e374-n3777:facade:453370870513:1","cty-e374-n3777:la-e374-n3777:facade:453370870513:2","cty-e374-n3777:la-e374-n3777:facade:453370870513:3","cty-e374-n3777:la-e374-n3777:facade:453370870513:4","cty-e374-n3777:la-e374-n3777:facade:453370870513:5","cty-e374-n3777:la-e374-n3777:facade:453370870513:6","cty-e374-n3777:la-e374-n3777:facade:453370870513:7"],"receiver_count":7,"periods":{"D":{"min":50.22109,"max":56.199512,"receiver_count":7,"unavailable_count":0},"E":{"min":48.0026,"max":53.981026,"receiver_count":7,"unavailable_count":0},"N":{"min":43.231388,"max":49.209812,"receiver_count":7,"unavailable_count":0}}}},{"type":"Feature","id":"dpw:451042870630@374090,3777641","geometry":{"type":"Polygon","coordinates":[[[-118.36565628524636,34.13209576056353],[-118.36559868961872,34.13192977000883],[-118.36544525994678,34.13196661545113],[-118.36546915371812,34.132035405220336],[-118.36549846730387,34.132028364844004],[-118.36550847321335,34.132057215288],[-118.36549078025718,34.13206147264889],[-118.3654883703259,34.132054555239165],[-118.36540568092188,34.13207439741293],[-118.36543315663951,34.132153590902945],[-118.3655063069918,34.13213603049328],[-118.36548903827489,34.13208631883399],[-118.36551003228143,34.13208128157993],[-118.36552586157869,34.13212684872124],[-118.36565628524636,34.13209576056353]]]},"properties":{"building_pk":4191,"building_key":"dpw:451042870630@374090,3777641","source_tile":"cty-e374-n3777","source_tile_ids":["cty-e374-n3777"],"source_bld_id":"451042870630","height_m":6.02,"receiver_ids":[6335,6336,6337,6338,6339,6340,6341,6342],"receiver_keys":["cty-e374-n3777:la-e374-n3777:facade:451042870630:0","cty-e374-n3777:la-e374-n3777:facade:451042870630:1","cty-e374-n3777:la-e374-n3777:facade:451042870630:10","cty-e374-n3777:la-e374-n3777:facade:451042870630:2","cty-e374-n3777:la-e374-n3777:facade:451042870630:3","cty-e374-n3777:la-e374-n3777:facade:451042870630:4","cty-e374-n3777:la-e374-n3777:facade:451042870630:6","cty-e374-n3777:la-e374-n3777:facade:451042870630:7"],"receiver_count":8,"periods":{"D":{"min":53.62959,"max":62.475857,"receiver_count":8,"unavailable_count":0},"E":{"min":51.411102,"max":60.257366,"receiver_count":8,"unavailable_count":0},"N":{"min":46.639893,"max":55.486156,"receiver_count":8,"unavailable_count":0}}}},{"type":"Feature","id":"dpw:453861869452@374931,3777279","geometry":{"type":"Polygon","coordinates":[[[-118.356115670769,34.12875940354589],[-118.35617761955683,34.128936047274294],[-118.35618881296973,34.12893403632074],[-118.35620329240047,34.128943501243974],[-118.35621136137765,34.12892951808983],[-118.35626921144315,34.12891970296363],[-118.35627351637436,34.12893724857915],[-118.35629435180866,34.12893372526777],[-118.35630030398143,34.12895799869348],[-118.35633256409133,34.12895254576861],[-118.35633740624104,34.128972260695505],[-118.35636114708605,34.128968233864285],[-118.35636513012425,34.12897231689515],[-118.35636973273017,34.12897474828933],[-118.35637628540492,34.12897687282097],[-118.35638249838227,34.128977129470805],[-118.35638874016162,34.12897625911602],[-118.35639394948575,34.12897377084446],[-118.35639819699256,34.12897021348303],[-118.356401451301,34.128966109113385],[-118.35640338419853,34.12896228360827],[-118.3564016739928,34.128956298849445],[-118.35641739357048,34.128954301574844],[-118.35643278201044,34.12894430865515],[-118.35642911623947,34.12892920612457],[-118.35641571019042,34.12893147154711],[-118.35641365902543,34.128923068974245],[-118.35646632581998,34.128914230074194],[-118.35653341462942,34.12886275647034],[-118.35644437204311,34.1288415859827],[-118.3564159505746,34.12884826452509],[-118.35633229540632,34.12883534875507],[-118.35632752958276,34.12881802357353],[-118.35627334892139,34.128828267861415],[-118.35625800970807,34.12877222945493],[-118.3562188522586,34.128779626564054],[-118.35620562645866,34.12873132971832],[-118.35618043695624,34.128736542701],[-118.3561461582943,34.12871806847178],[-118.356115670769,34.12875940354589]]]},"properties":{"building_pk":4198,"building_key":"dpw:453861869452@374931,3777279","source_tile":"cty-e374-n3777","source_tile_ids":["cty-e374-n3777"],"source_bld_id":"453861869452","height_m":13.564,"receiver_ids":[3849,3850,3851,3852,3853,3854,3855,3856,3857,3858,3859,3860],"receiver_keys":["cty-e374-n3777:la-e374-n3777:facade:453861869452:0","cty-e374-n3777:la-e374-n3777:facade:453861869452:1","cty-e374-n3777:la-e374-n3777:facade:453861869452:10","cty-e374-n3777:la-e374-n3777:facade:453861869452:11","cty-e374-n3777:la-e374-n3777:facade:453861869452:12","cty-e374-n3777:la-e374-n3777:facade:453861869452:2","cty-e374-n3777:la-e374-n3777:facade:453861869452:4","cty-e374-n3777:la-e374-n3777:facade:453861869452:5","cty-e374-n3777:la-e374-n3777:facade:453861869452:6","cty-e374-n3777:la-e374-n3777:facade:453861869452:7","cty-e374-n3777:la-e374-n3777:facade:453861869452:8","cty-e374-n3777:la-e374-n3777:facade:453861869452:9"],"receiver_count":12,"periods":{"D":{"min":43.30424,"max":55.039593,"receiver_count":12,"unavailable_count":0},"E":{"min":41.085754,"max":52.821102,"receiver_count":12,"unavailable_count":0},"N":{"min":36.31454,"max":48.049892,"receiver_count":12,"unavailable_count":0}}}},{"type":"Feature","id":"dpw:453171870015@374738,3777436","geometry":{"type":"Polygon","coordinates":[[[-118.35855159984446,34.13039488824618],[-118.35856143461056,34.130353613820816],[-118.35859182085322,34.13035805750072],[-118.3585999357825,34.13031618324403],[-118.3584321080424,34.130293654008916],[-118.35844306767899,34.13023709703327],[-118.3584553658145,34.13023859948432],[-118.35846578920003,34.1301803681423],[-118.35842644765424,34.13017578600563],[-118.35842905748923,34.130160197929285],[-118.35838759969722,34.13015534708694],[-118.35837848105028,34.13020967270772],[-118.35836079355124,34.13020760924451],[-118.35834616390143,34.13029445786874],[-118.35834966840018,34.13029485948086],[-118.35834486777495,34.13032339739623],[-118.35839812765369,34.13032958720014],[-118.35839203683375,34.130365684712395],[-118.35844945241287,34.13037749496609],[-118.35844831169976,34.1303812352137],[-118.35853201977213,34.130398464117555],[-118.35853417034205,34.13039131306927],[-118.35855159984446,34.13039488824618]]]},"properties":{"building_pk":4222,"building_key":"dpw:453171870015@374738,3777436","source_tile":"cty-e374-n3777","source_tile_ids":["cty-e374-n3777"],"source_bld_id":"453171870015","height_m":6.361,"receiver_ids":[3699,3700,3701,3702,3703,3704,3705,3706,3707,3708],"receiver_keys":["cty-e374-n3777:la-e374-n3777:facade:453171870015:0","cty-e374-n3777:la-e374-n3777:facade:453171870015:1","cty-e374-n3777:la-e374-n3777:facade:453171870015:2","cty-e374-n3777:la-e374-n3777:facade:453171870015:3","cty-e374-n3777:la-e374-n3777:facade:453171870015:4","cty-e374-n3777:la-e374-n3777:facade:453171870015:5","cty-e374-n3777:la-e374-n3777:facade:453171870015:6","cty-e374-n3777:la-e374-n3777:facade:453171870015:7","cty-e374-n3777:la-e374-n3777:facade:453171870015:8","cty-e374-n3777:la-e374-n3777:facade:453171870015:9"],"receiver_count":10,"periods":{"D":{"min":60.22,"max":62.52295,"receiver_count":10,"unavailable_count":0},"E":{"min":58.001514,"max":60.304462,"receiver_count":10,"unavailable_count":0},"N":{"min":53.2303,"max":55.53325,"receiver_count":10,"unavailable_count":0}}}},{"type":"Feature","id":"dpw:452136871593@374423,3777932","geometry":{"type":"Polygon","coordinates":[[[-118.36182776547385,34.13469818061914],[-118.36188048147872,34.134753585363235],[-118.36188595185642,34.13474999620009],[-118.36192399514155,34.13478997449775],[-118.36196106579062,34.134765572519825],[-118.36196677609904,34.13477157317192],[-118.36205953478341,34.13471051203174],[-118.36196303260503,34.13460912944119],[-118.36182776547385,34.13469818061914]]]},"properties":{"building_pk":4233,"building_key":"dpw:452136871593@374423,3777932","source_tile":"cty-e374-n3777","source_tile_ids":["cty-e374-n3777"],"source_bld_id":"452136871593","height_m":5.352,"receiver_ids":[5568,5569,5570,5571,5572,5573,5574],"receiver_keys":["cty-e374-n3777:la-e374-n3777:facade:452136871593:0","cty-e374-n3777:la-e374-n3777:facade:452136871593:1","cty-e374-n3777:la-e374-n3777:facade:452136871593:2","cty-e374-n3777:la-e374-n3777:facade:452136871593:3","cty-e374-n3777:la-e374-n3777:facade:452136871593:4","cty-e374-n3777:la-e374-n3777:facade:452136871593:5","cty-e374-n3777:la-e374-n3777:facade:452136871593:6"],"receiver_count":7,"periods":{"D":{"min":69.36666,"max":70.53349,"receiver_count":7,"unavailable_count":0},"E":{"min":67.14817,"max":68.315,"receiver_count":7,"unavailable_count":0},"N":{"min":62.37696,"max":63.54379,"receiver_count":7,"unavailable_count":0}}}},{"type":"Feature","id":"dpw:451259871799@374155,3777993","geometry":{"type":"Polygon","coordinates":[[[-118.36481817333937,34.13526012068926],[-118.36485262789508,34.13527263008826],[-118.36488344284587,34.13522329518679],[-118.36485013587213,34.135208914350606],[-118.36481817333937,34.13526012068926]]]},"properties":{"building_pk":4234,"building_key":"dpw:451259871799@374155,3777993","source_tile":"cty-e374-n3777","source_tile_ids":["cty-e374-n3777"],"source_bld_id":"451259871799","height_m":2.746,"receiver_ids":[5677,5678,5679],"receiver_keys":["cty-e374-n3777:la-e374-n3777:facade:451259871799:0","cty-e374-n3777:la-e374-n3777:facade:451259871799:1","cty-e374-n3777:la-e374-n3777:facade:451259871799:2"],"receiver_count":3,"periods":{"D":{"min":67.77875,"max":67.89935,"receiver_count":3,"unavailable_count":0},"E":{"min":65.560265,"max":65.68087,"receiver_count":3,"unavailable_count":0},"N":{"min":60.78905,"max":60.909653,"receiver_count":3,"unavailable_count":0}}}},{"type":"Feature","id":"dpw:454010869310@374986,3777226","geometry":{"type":"Polygon","coordinates":[[[-118.35569354958822,34.12841944146922],[-118.35572038646792,34.12845184300966],[-118.35575954596413,34.12842941475566],[-118.35573270908027,34.128397014125355],[-118.35569354958822,34.12841944146922]]]},"properties":{"building_pk":4287,"building_key":"dpw:454010869310@374986,3777226","source_tile":"cty-e374-n3777","source_tile_ids":["cty-e374-n3777"],"source_bld_id":"454010869310","height_m":4.069,"receiver_ids":[3175,3176,3177],"receiver_keys":["cty-e374-n3777:la-e374-n3777:facade:454010869310:0","cty-e374-n3777:la-e374-n3777:facade:454010869310:1","cty-e374-n3777:la-e374-n3777:facade:454010869310:2"],"receiver_count":3,"periods":{"D":{"min":46.647205,"max":54.979214,"receiver_count":3,"unavailable_count":0},"E":{"min":44.42872,"max":52.760727,"receiver_count":3,"unavailable_count":0},"N":{"min":39.657505,"max":47.989517,"receiver_count":3,"unavailable_count":0}}}},{"type":"Feature","id":"dpw:451898870223@374345,3777511","geometry":{"type":"Polygon","coordinates":[[[-118.36268054015231,34.13088762368428],[-118.36270394037554,34.130961943688284],[-118.36276019900427,34.130946994183404],[-118.36274180709098,34.13087560447747],[-118.36268054015231,34.13088762368428]]]},"properties":{"building_pk":4325,"building_key":"dpw:451898870223@374345,3777511","source_tile":"cty-e374-n3777","source_tile_ids":["cty-e374-n3777"],"source_bld_id":"451898870223","height_m":5.468,"receiver_ids":[4257,4258,4259,4260],"receiver_keys":["cty-e374-n3777:la-e374-n3777:facade:451898870223:0","cty-e374-n3777:la-e374-n3777:facade:451898870223:1","cty-e374-n3777:la-e374-n3777:facade:451898870223:2","cty-e374-n3777:la-e374-n3777:facade:451898870223:3"],"receiver_count":4,"periods":{"D":{"min":59.579136,"max":61.90429,"receiver_count":4,"unavailable_count":0},"E":{"min":57.36065,"max":59.685802,"receiver_count":4,"unavailable_count":0},"N":{"min":52.589436,"max":54.91459,"receiver_count":4,"unavailable_count":0}}}},{"type":"Feature","id":"dpw:453767869807@374915,3777377","geometry":{"type":"Polygon","coordinates":[[[-118.35659743592224,34.12982688330523],[-118.35661359820253,34.129773608967476],[-118.35658991506735,34.12977571270234],[-118.3565681322865,34.12977423804149],[-118.35652113155334,34.129763495149234],[-118.35648089745855,34.129751138367894],[-118.35648289488925,34.12974668069474],[-118.35643888865923,34.12973318105895],[-118.35644746861665,34.12977698480594],[-118.3564629825095,34.129780867946685],[-118.3564595861224,34.12979030351632],[-118.3564913757772,34.129798261375896],[-118.35648712931315,34.12980995239063],[-118.35654339712109,34.129824019869865],[-118.35659743592224,34.12982688330523]]]},"properties":{"building_pk":4343,"building_key":"dpw:453767869807@374915,3777377","source_tile":"cty-e374-n3777","source_tile_ids":["cty-e374-n3777"],"source_bld_id":"453767869807","height_m":2.484,"receiver_ids":[3905,3906,3907,3908,3909],"receiver_keys":["cty-e374-n3777:la-e374-n3777:facade:453767869807:0","cty-e374-n3777:la-e374-n3777:facade:453767869807:1","cty-e374-n3777:la-e374-n3777:facade:453767869807:2","cty-e374-n3777:la-e374-n3777:facade:453767869807:3","cty-e374-n3777:la-e374-n3777:facade:453767869807:4"],"receiver_count":5,"periods":{"D":{"min":62.60698,"max":63.24162,"receiver_count":5,"unavailable_count":0},"E":{"min":60.38849,"max":61.02313,"receiver_count":5,"unavailable_count":0},"N":{"min":55.61728,"max":56.25192,"receiver_count":5,"unavailable_count":0}}}},{"type":"Feature","id":"dpw:451911871212@374352,3777813","geometry":{"type":"Polygon","coordinates":[[[-118.36268738864058,34.133671522028216],[-118.36269006362173,34.1336788507001],[-118.36270230990341,34.13367576405942],[-118.36271729241706,34.13371685527772],[-118.3627706355028,34.13370342279042],[-118.36275190709453,34.13365206621397],[-118.36274956350867,34.1336526502299],[-118.36271575253625,34.13355987277201],[-118.36265653328886,34.13357477974679],[-118.36266589769303,34.13360038862376],[-118.3626257919691,34.133610511484214],[-118.36263702833473,34.133641281449044],[-118.36263890946833,34.133640808810064],[-118.36265325647571,34.13368011600034],[-118.36268738864058,34.133671522028216]]]},"properties":{"building_pk":4349,"building_key":"dpw:451911871212@374352,3777813","source_tile":"cty-e374-n3777","source_tile_ids":["cty-e374-n3777"],"source_bld_id":"451911871212","height_m":6.434,"receiver_ids":[5316,5317,5318,5319,5320],"receiver_keys":["cty-e374-n3777:la-e374-n3777:facade:451911871212:0","cty-e374-n3777:la-e374-n3777:facade:451911871212:2","cty-e374-n3777:la-e374-n3777:facade:451911871212:3","cty-e374-n3777:la-e374-n3777:facade:451911871212:4","cty-e374-n3777:la-e374-n3777:facade:451911871212:5"],"receiver_count":5,"periods":{"D":{"min":46.593967,"max":54.999958,"receiver_count":5,"unavailable_count":0},"E":{"min":44.37548,"max":52.78147,"receiver_count":5,"unavailable_count":0},"N":{"min":39.604267,"max":48.010258,"receiver_count":5,"unavailable_count":0}}}},{"type":"Feature","id":"dpw:452993870005@374678,3777440","geometry":{"type":"Polygon","coordinates":[[[-118.35912728461099,34.130361911237735],[-118.35914541160025,34.13030552312573],[-118.35906837571316,34.13028767079747],[-118.35905300333296,34.13034378746684],[-118.35912728461099,34.130361911237735]]]},"properties":{"building_pk":4368,"building_key":"dpw:452993870005@374678,3777440","source_tile":"cty-e374-n3777","source_tile_ids":["cty-e374-n3777"],"source_bld_id":"452993870005","height_m":4.395,"receiver_ids":[3640,3641,3642,3643],"receiver_keys":["cty-e374-n3777:la-e374-n3777:facade:452993870005:0","cty-e374-n3777:la-e374-n3777:facade:452993870005:1","cty-e374-n3777:la-e374-n3777:facade:452993870005:2","cty-e374-n3777:la-e374-n3777:facade:452993870005:3"],"receiver_count":4,"periods":{"D":{"min":58.490063,"max":61.046055,"receiver_count":4,"unavailable_count":0},"E":{"min":56.271572,"max":58.827568,"receiver_count":4,"unavailable_count":0},"N":{"min":51.500362,"max":54.056355,"receiver_count":4,"unavailable_count":0}}}},{"type":"Feature","id":"dpw:451823868626@374314,3777027","geometry":{"type":"Polygon","coordinates":[[[-118.36298659562843,34.126651807922315],[-118.36304877097015,34.12660356122106],[-118.36302130505912,34.126579104819],[-118.36305180006633,34.12655543626526],[-118.36301013745465,34.12651830003215],[-118.36308284987035,34.1264618321165],[-118.36299624067817,34.126384712554255],[-118.36280003572935,34.12653706705446],[-118.362888899887,34.12661621385166],[-118.36291972318631,34.126592242331284],[-118.36298659562843,34.126651807922315]]]},"properties":{"building_pk":4370,"building_key":"dpw:451823868626@374314,3777027","source_tile":"cty-e374-n3777","source_tile_ids":["cty-e374-n3777"],"source_bld_id":"451823868626","height_m":3.435,"receiver_ids":[2815,2816,2817,2818,2819,2820,2821],"receiver_keys":["cty-e374-n3777:la-e374-n3777:facade:451823868626:1","cty-e374-n3777:la-e374-n3777:facade:451823868626:2","cty-e374-n3777:la-e374-n3777:facade:451823868626:3","cty-e374-n3777:la-e374-n3777:facade:451823868626:4","cty-e374-n3777:la-e374-n3777:facade:451823868626:7","cty-e374-n3777:la-e374-n3777:facade:451823868626:8","cty-e374-n3777:la-e374-n3777:facade:451823868626:9"],"receiver_count":7,"periods":{"D":{"min":43.262222,"max":54.21069,"receiver_count":7,"unavailable_count":0},"E":{"min":41.043736,"max":51.992203,"receiver_count":7,"unavailable_count":0},"N":{"min":36.272522,"max":47.22099,"receiver_count":7,"unavailable_count":0}}}},{"type":"Feature","id":"dpw:453729870775@374905,3777675","geometry":{"type":"Polygon","coordinates":[[[-118.35658435804226,34.1324065025668],[-118.35657245626211,34.132414366611044],[-118.35660406257273,34.132447470614565],[-118.35661185552866,34.13245563356653],[-118.35663897483076,34.13243771937948],[-118.35665991981327,34.132459668570725],[-118.35664743100034,34.13246792111324],[-118.35667199473747,34.13249365148371],[-118.35665594693042,34.132504250407166],[-118.35669185484507,34.13254184576733],[-118.35670593574515,34.132556587595225],[-118.35670960929241,34.13255415613163],[-118.35672198343664,34.13254596071788],[-118.3567233774572,34.1325474405314],[-118.35677606696255,34.13251266155302],[-118.35671230329135,34.13244591162736],[-118.35671791517879,34.13240585877439],[-118.3566749690927,34.13240079175883],[-118.35664323667044,34.13236760790928],[-118.35658435804226,34.1324065025668]]]},"properties":{"building_pk":4378,"building_key":"dpw:453729870775@374905,3777675","source_tile":"cty-e374-n3777","source_tile_ids":["cty-e374-n3777"],"source_bld_id":"453729870775","height_m":8.729,"receiver_ids":[5799,5800,5801,5802,5803,5804],"receiver_keys":["cty-e374-n3777:la-e374-n3777:facade:453729870775:0","cty-e374-n3777:la-e374-n3777:facade:453729870775:2","cty-e374-n3777:la-e374-n3777:facade:453729870775:3","cty-e374-n3777:la-e374-n3777:facade:453729870775:4","cty-e374-n3777:la-e374-n3777:facade:453729870775:5","cty-e374-n3777:la-e374-n3777:facade:453729870775:6"],"receiver_count":6,"periods":{"D":{"min":53.971886,"max":67.67979,"receiver_count":6,"unavailable_count":0},"E":{"min":51.7534,"max":65.461296,"receiver_count":6,"unavailable_count":0},"N":{"min":46.982185,"max":60.690086,"receiver_count":6,"unavailable_count":0}}}},{"type":"Feature","id":"dpw:453218869340@374744,3777236","geometry":{"type":"Polygon","coordinates":[[[-118.35842828390683,34.128448693623966],[-118.35835538962851,34.12845375912161],[-118.35835859928962,34.1284855431568],[-118.3583114271268,34.12848881493868],[-118.35831543204834,34.128528840258156],[-118.35833667175636,34.12852736188133],[-118.35842828390683,34.128448693623966]]]},"properties":{"building_pk":4381,"building_key":"dpw:453218869340@374744,3777236","source_tile":"cty-e374-n3777","source_tile_ids":["cty-e374-n3777"],"source_bld_id":"453218869340","height_m":3.301,"receiver_ids":[3419,3420,3421],"receiver_keys":["cty-e374-n3777:la-e374-n3777:facade:453218869340:0","cty-e374-n3777:la-e374-n3777:facade:453218869340:1","cty-e374-n3777:la-e374-n3777:facade:453218869340:2"],"receiver_count":3,"periods":{"D":{"min":45.413204,"max":51.817978,"receiver_count":3,"unavailable_count":0},"E":{"min":43.194714,"max":49.59949,"receiver_count":3,"unavailable_count":0},"N":{"min":38.423504,"max":44.828278,"receiver_count":3,"unavailable_count":0}}}},{"type":"Feature","id":"dpw:451882870828@374348,3777691","geometry":{"type":"Polygon","coordinates":[[[-118.36274178814925,34.13243959140247],[-118.36265684810631,34.132436191446516],[-118.36265229571036,34.132514135656486],[-118.36264089284894,34.13251367492362],[-118.36263901836261,34.13254616017514],[-118.3626492642223,34.13254656938568],[-118.3626445592905,34.13262759099465],[-118.36270005131281,34.13262984331923],[-118.36270116012076,34.1326112917959],[-118.36285220749225,34.132618752150286],[-118.36285747193352,34.132544790582514],[-118.36277345666375,34.13254141587968],[-118.36277496234123,34.13251514151097],[-118.36273748246067,34.13251366007497],[-118.36274178814925,34.13243959140247]]]},"properties":{"building_pk":4437,"building_key":"dpw:451882870828@374348,3777691","source_tile":"cty-e374-n3777","source_tile_ids":["cty-e374-n3777"],"source_bld_id":"451882870828","height_m":8.086,"receiver_ids":[4300,4301,4302,4303,4304,4305,4306],"receiver_keys":["cty-e374-n3777:la-e374-n3777:facade:451882870828:0","cty-e374-n3777:la-e374-n3777:facade:451882870828:1","cty-e374-n3777:la-e374-n3777:facade:451882870828:2","cty-e374-n3777:la-e374-n3777:facade:451882870828:4","cty-e374-n3777:la-e374-n3777:facade:451882870828:5","cty-e374-n3777:la-e374-n3777:facade:451882870828:6","cty-e374-n3777:la-e374-n3777:facade:451882870828:8"],"receiver_count":7,"periods":{"D":{"min":60.79074,"max":63.74705,"receiver_count":7,"unavailable_count":0},"E":{"min":58.572254,"max":61.528564,"receiver_count":7,"unavailable_count":0},"N":{"min":53.80104,"max":56.75735,"receiver_count":7,"unavailable_count":0}}}},{"type":"Feature","id":"dpw:452645868842@374569,3777088","geometry":{"type":"Polygon","coordinates":[[[-118.36027403951013,34.12711931560588],[-118.36021295223583,34.12709825659522],[-118.36018789129001,34.12714848009507],[-118.36024901111661,34.12716953902151],[-118.36027403951013,34.12711931560588]]]},"properties":{"building_pk":4446,"building_key":"dpw:452645868842@374569,3777088","source_tile":"cty-e374-n3777","source_tile_ids":["cty-e374-n3777"],"source_bld_id":"452645868842","height_m":2.658,"receiver_ids":[3213,3214,3215],"receiver_keys":["cty-e374-n3777:la-e374-n3777:facade:452645868842:0","cty-e374-n3777:la-e374-n3777:facade:452645868842:2","cty-e374-n3777:la-e374-n3777:facade:452645868842:3"],"receiver_count":3,"periods":{"D":{"min":57.96738,"max":59.75931,"receiver_count":3,"unavailable_count":0},"E":{"min":55.748894,"max":57.540825,"receiver_count":3,"unavailable_count":0},"N":{"min":50.97768,"max":52.76961,"receiver_count":3,"unavailable_count":0}}}},{"type":"Feature","id":"dpw:452028869052@374376,3777151","geometry":{"type":"Polygon","coordinates":[[[-118.36224427791237,34.12774006530526],[-118.36242675982639,34.12766366576863],[-118.36242674959294,34.12766355581197],[-118.36232999221448,34.12766934166154],[-118.36233068790553,34.127677528224076],[-118.36232371805667,34.127677962020705],[-118.36232416973832,34.12768312646582],[-118.36223980000888,34.127688133144815],[-118.36224427791237,34.12774006530526]]]},"properties":{"building_pk":4459,"building_key":"dpw:452028869052@374376,3777151","source_tile":"cty-e374-n3777","source_tile_ids":["cty-e374-n3777"],"source_bld_id":"452028869052","height_m":6.498,"receiver_ids":[3938,3939,3940],"receiver_keys":["cty-e374-n3777:la-e374-n3777:facade:452028869052:2","cty-e374-n3777:la-e374-n3777:facade:452028869052:3","cty-e374-n3777:la-e374-n3777:facade:452028869052:4"],"receiver_count":3,"periods":{"D":{"min":40.992493,"max":44.489647,"receiver_count":3,"unavailable_count":0},"E":{"min":38.774006,"max":42.27116,"receiver_count":3,"unavailable_count":0},"N":{"min":34.002792,"max":37.49995,"receiver_count":3,"unavailable_count":0}}}},{"type":"Feature","id":"dpw:453207869466@374741,3777276","geometry":{"type":"Polygon","coordinates":[[[-118.35838057753305,34.128837371645034],[-118.358370694483,34.128848145448],[-118.35840703802081,34.12887046067891],[-118.35841482542966,34.1288616908898],[-118.35838057753305,34.128837371645034]]]},"properties":{"building_pk":4473,"building_key":"dpw:453207869466@374741,3777276","source_tile":"cty-e374-n3777","source_tile_ids":["cty-e374-n3777"],"source_bld_id":"453207869466","height_m":3.725,"receiver_ids":[3529,3530],"receiver_keys":["cty-e374-n3777:la-e374-n3777:facade:453207869466:0","cty-e374-n3777:la-e374-n3777:facade:453207869466:1"],"receiver_count":2,"periods":{"D":{"min":60.67005,"max":60.73788,"receiver_count":2,"unavailable_count":0},"E":{"min":58.451565,"max":58.519394,"receiver_count":2,"unavailable_count":0},"N":{"min":53.68035,"max":53.74818,"receiver_count":2,"unavailable_count":0}}}},{"type":"Feature","id":"dpw:451427869221@374198,3777206","geometry":{"type":"Polygon","coordinates":[[[-118.36413573890033,34.12813660646836],[-118.36423102226394,34.12821713484013],[-118.36419170913598,34.12824929387864],[-118.3642393667858,34.128289599474684],[-118.3643841747927,34.12817114117147],[-118.36431343325391,34.12811134008434],[-118.36436598234305,34.12806834251195],[-118.36429378177753,34.12800730980664],[-118.36413573890033,34.12813660646836]]]},"properties":{"building_pk":4490,"building_key":"dpw:451427869221@374198,3777206","source_tile":"cty-e374-n3777","source_tile_ids":["cty-e374-n3777"],"source_bld_id":"451427869221","height_m":5.115,"receiver_ids":[3095,3096,3097,3098,3099,3100,3101],"receiver_keys":["cty-e374-n3777:la-e374-n3777:facade:451427869221:1","cty-e374-n3777:la-e374-n3777:facade:451427869221:2","cty-e374-n3777:la-e374-n3777:facade:451427869221:3","cty-e374-n3777:la-e374-n3777:facade:451427869221:4","cty-e374-n3777:la-e374-n3777:facade:451427869221:5","cty-e374-n3777:la-e374-n3777:facade:451427869221:6","cty-e374-n3777:la-e374-n3777:facade:451427869221:8"],"receiver_count":7,"periods":{"D":{"min":47.30879,"max":53.386436,"receiver_count":7,"unavailable_count":0},"E":{"min":45.0903,"max":51.167946,"receiver_count":7,"unavailable_count":0},"N":{"min":40.319088,"max":46.396736,"receiver_count":7,"unavailable_count":0}}}},{"type":"Feature","id":"dpw:452188871003@374442,3777751","geometry":{"type":"Polygon","coordinates":[[[-118.36168914327251,34.13314884293151],[-118.36173906864634,34.13313234328256],[-118.36173669985598,34.13312710163048],[-118.36179765067394,34.133108014009835],[-118.36173844680964,34.13298865838112],[-118.36161030345201,34.133066339469046],[-118.3616497563775,34.13311134239794],[-118.36165400814994,34.13310877382336],[-118.36168914327251,34.13314884293151]]]},"properties":{"building_pk":4491,"building_key":"dpw:452188871003@374442,3777751","source_tile":"cty-e374-n3777","source_tile_ids":["cty-e374-n3777"],"source_bld_id":"452188871003","height_m":7.629,"receiver_ids":[5052,5053,5054],"receiver_keys":["cty-e374-n3777:la-e374-n3777:facade:452188871003:3","cty-e374-n3777:la-e374-n3777:facade:452188871003:4","cty-e374-n3777:la-e374-n3777:facade:452188871003:5"],"receiver_count":3,"periods":{"D":{"min":50.703236,"max":57.74968,"receiver_count":3,"unavailable_count":0},"E":{"min":48.48475,"max":55.531193,"receiver_count":3,"unavailable_count":0},"N":{"min":43.713535,"max":50.75998,"receiver_count":3,"unavailable_count":0}}}},{"type":"Feature","id":"dpw:453530869749@374841,3777361","geometry":{"type":"Polygon","coordinates":[[[-118.35736591198113,34.12963030305494],[-118.35737017317011,34.1295787262319],[-118.35724796412187,34.12964063442011],[-118.35727435459002,34.1296766638162],[-118.35736591198113,34.12963030305494]]]},"properties":{"building_pk":4510,"building_key":"dpw:453530869749@374841,3777361","source_tile":"cty-e374-n3777","source_tile_ids":["cty-e374-n3777"],"source_bld_id":"453530869749","height_m":2.813,"receiver_ids":[3651,3652,3653],"receiver_keys":["cty-e374-n3777:la-e374-n3777:facade:453530869749:1","cty-e374-n3777:la-e374-n3777:facade:453530869749:2","cty-e374-n3777:la-e374-n3777:facade:453530869749:3"],"receiver_count":3,"periods":{"D":{"min":62.28057,"max":62.587803,"receiver_count":3,"unavailable_count":0},"E":{"min":60.062084,"max":60.369316,"receiver_count":3,"unavailable_count":0},"N":{"min":55.29087,"max":55.598106,"receiver_count":3,"unavailable_count":0}}}},{"type":"Feature","id":"dpw:451220870908@374133,3777719","geometry":{"type":"Polygon","coordinates":[[[-118.36484453927292,34.1328440990664],[-118.36506605965815,34.13285640064013],[-118.36506988536676,34.132809180162695],[-118.36508803134353,34.132810307270574],[-118.36509152433896,34.13277006748768],[-118.3651335677181,34.13277257838784],[-118.36513850922431,34.132715984875944],[-118.36507719434758,34.132712295276676],[-118.36507527567903,34.132734449101925],[-118.36485517187491,34.132721237226825],[-118.36484453927292,34.1328440990664]]]},"properties":{"building_pk":4522,"building_key":"dpw:451220870908@374133,3777719","source_tile":"cty-e374-n3777","source_tile_ids":["cty-e374-n3777"],"source_bld_id":"451220870908","height_m":6.047,"receiver_ids":[4427,4428,4429,4430,4431,4432,4433,4434],"receiver_keys":["cty-e374-n3777:la-e374-n3777:facade:451220870908:0","cty-e374-n3777:la-e374-n3777:facade:451220870908:1","cty-e374-n3777:la-e374-n3777:facade:451220870908:2","cty-e374-n3777:la-e374-n3777:facade:451220870908:4","cty-e374-n3777:la-e374-n3777:facade:451220870908:5","cty-e374-n3777:la-e374-n3777:facade:451220870908:6","cty-e374-n3777:la-e374-n3777:facade:451220870908:7","cty-e374-n3777:la-e374-n3777:facade:451220870908:8"],"receiver_count":8,"periods":{"D":{"min":50.668842,"max":64.12862,"receiver_count":8,"unavailable_count":0},"E":{"min":48.450356,"max":61.910133,"receiver_count":8,"unavailable_count":0},"N":{"min":43.679142,"max":57.13892,"receiver_count":8,"unavailable_count":0}}}},{"type":"Feature","id":"dpw:452870871058@374643,3777762","geometry":{"type":"Polygon","coordinates":[[[-118.35947774042222,34.13319586092198],[-118.35948362790442,34.13325093805946],[-118.35955837846433,34.13324395601733],[-118.3595509378351,34.133188993490606],[-118.35947774042222,34.13319586092198]]]},"properties":{"building_pk":4526,"building_key":"dpw:452870871058@374643,3777762","source_tile":"cty-e374-n3777","source_tile_ids":["cty-e374-n3777"],"source_bld_id":"452870871058","height_m":5.026,"receiver_ids":[5102,5103,5104,5105],"receiver_keys":["cty-e374-n3777:la-e374-n3777:facade:452870871058:0","cty-e374-n3777:la-e374-n3777:facade:452870871058:1","cty-e374-n3777:la-e374-n3777:facade:452870871058:2","cty-e374-n3777:la-e374-n3777:facade:452870871058:3"],"receiver_count":4,"periods":{"D":{"min":66.49393,"max":67.76998,"receiver_count":4,"unavailable_count":0},"E":{"min":64.275444,"max":65.55149,"receiver_count":4,"unavailable_count":0},"N":{"min":59.504227,"max":60.78028,"receiver_count":4,"unavailable_count":0}}}},{"type":"Feature","id":"dpw:453612869621@374858,3777320","geometry":{"type":"Polygon","coordinates":[[[-118.357229422806,34.12929948417952],[-118.35722332223217,34.12927911308267],[-118.35725722738995,34.12927197819339],[-118.35729925845992,34.129186861697534],[-118.35722182310559,34.129160435775454],[-118.35719168489693,34.12922152814198],[-118.35707277617034,34.12924839633793],[-118.35706192854087,34.129215124760734],[-118.3569985458784,34.12922943543522],[-118.35701013006795,34.12926484959545],[-118.35700309885439,34.12926643633],[-118.35703021871407,34.129349424607426],[-118.35710667385605,34.12933213448677],[-118.35710516688177,34.12932755012337],[-118.357229422806,34.12929948417952]]]},"properties":{"building_pk":4630,"building_key":"dpw:453612869621@374858,3777320","source_tile":"cty-e374-n3777","source_tile_ids":["cty-e374-n3777"],"source_bld_id":"453612869621","height_m":4.17,"receiver_ids":[3574,3575,3576,3577,3578,3579,3580,3581],"receiver_keys":["cty-e374-n3777:la-e374-n3777:facade:453612869621:0","cty-e374-n3777:la-e374-n3777:facade:453612869621:1","cty-e374-n3777:la-e374-n3777:facade:453612869621:2","cty-e374-n3777:la-e374-n3777:facade:453612869621:3","cty-e374-n3777:la-e374-n3777:facade:453612869621:5","cty-e374-n3777:la-e374-n3777:facade:453612869621:6","cty-e374-n3777:la-e374-n3777:facade:453612869621:7","cty-e374-n3777:la-e374-n3777:facade:453612869621:8"],"receiver_count":8,"periods":{"D":{"min":50.27432,"max":62.203407,"receiver_count":8,"unavailable_count":0},"E":{"min":48.055832,"max":59.98492,"receiver_count":8,"unavailable_count":0},"N":{"min":43.28462,"max":55.213707,"receiver_count":8,"unavailable_count":0}}}},{"type":"Feature","id":"dpw:452233871121@374450,3777783","geometry":{"type":"Polygon","coordinates":[[[-118.36162399715083,34.13334419237929],[-118.36156970281904,34.13337455444059],[-118.36160668072537,34.13342030584987],[-118.36166097411022,34.13338997172248],[-118.36162399715083,34.13334419237929]]]},"properties":{"building_pk":4637,"building_key":"dpw:452233871121@374450,3777783","source_tile":"cty-e374-n3777","source_tile_ids":["cty-e374-n3777"],"source_bld_id":"452233871121","height_m":3.469,"receiver_ids":[5152,5153,5154],"receiver_keys":["cty-e374-n3777:la-e374-n3777:facade:452233871121:0","cty-e374-n3777:la-e374-n3777:facade:452233871121:1","cty-e374-n3777:la-e374-n3777:facade:452233871121:2"],"receiver_count":3,"periods":{"D":{"min":59.971844,"max":62.8759,"receiver_count":3,"unavailable_count":0},"E":{"min":57.753357,"max":60.657413,"receiver_count":3,"unavailable_count":0},"N":{"min":52.982143,"max":55.8862,"receiver_count":3,"unavailable_count":0}}}},{"type":"Feature","id":"dpw:451133868897@374110,3777105","geometry":{"type":"Polygon","coordinates":[[[-118.36525072000894,34.12733726200132],[-118.36533971776159,34.127204160757465],[-118.36526250574843,34.12716847873608],[-118.36523112200452,34.12721542548187],[-118.36515655933721,34.12718094524815],[-118.36515012516848,34.1271905822691],[-118.36514641661873,34.127188861622656],[-118.36509809405806,34.127261112421415],[-118.36519921058498,34.12730785088068],[-118.36519632065088,34.12731211846705],[-118.36525072000894,34.12733726200132]]]},"properties":{"building_pk":4649,"building_key":"dpw:451133868897@374110,3777105","source_tile":"cty-e374-n3777","source_tile_ids":["cty-e374-n3777"],"source_bld_id":"451133868897","height_m":6.093,"receiver_ids":[6176,6177,6178,6179,6180,6181,6182],"receiver_keys":["cty-e374-n3777:la-e374-n3777:facade:451133868897:0","cty-e374-n3777:la-e374-n3777:facade:451133868897:1","cty-e374-n3777:la-e374-n3777:facade:451133868897:2","cty-e374-n3777:la-e374-n3777:facade:451133868897:3","cty-e374-n3777:la-e374-n3777:facade:451133868897:4","cty-e374-n3777:la-e374-n3777:facade:451133868897:5","cty-e374-n3777:la-e374-n3777:facade:451133868897:6"],"receiver_count":7,"periods":{"D":{"min":43.1964,"max":48.734455,"receiver_count":7,"unavailable_count":0},"E":{"min":40.977913,"max":46.51597,"receiver_count":7,"unavailable_count":0},"N":{"min":36.2067,"max":41.744755,"receiver_count":7,"unavailable_count":0}}}},{"type":"Feature","id":"dpw:453861870110@374943,3777470","geometry":{"type":"Polygon","coordinates":[[[-118.35626008981127,34.13059390645734],[-118.35620079135761,34.13059737813311],[-118.35620559221398,34.130653943450945],[-118.35626489178784,34.13065047086816],[-118.35626008981127,34.13059390645734]]]},"properties":{"building_pk":4655,"building_key":"dpw:453861870110@374943,3777470","source_tile":"cty-e374-n3777","source_tile_ids":["cty-e374-n3777"],"source_bld_id":"453861870110","height_m":2.161,"receiver_ids":[4547,4548,4549],"receiver_keys":["cty-e374-n3777:la-e374-n3777:facade:453861870110:0","cty-e374-n3777:la-e374-n3777:facade:453861870110:1","cty-e374-n3777:la-e374-n3777:facade:453861870110:3"],"receiver_count":3,"periods":{"D":{"min":63.34788,"max":63.74065,"receiver_count":3,"unavailable_count":0},"E":{"min":61.129395,"max":61.522163,"receiver_count":3,"unavailable_count":0},"N":{"min":56.35818,"max":56.75095,"receiver_count":3,"unavailable_count":0}}}},{"type":"Feature","id":"dpw:451264871767@374159,3777981","geometry":{"type":"Polygon","coordinates":[[[-118.3647905065366,34.13509203348881],[-118.36476988308131,34.13509893838153],[-118.36473479543193,34.135153506940206],[-118.364755754075,34.135162787216906],[-118.36471774368377,34.135221635165315],[-118.36479983803241,34.13525846130288],[-118.36489563659113,34.13510979738584],[-118.36484590533287,34.135087690380104],[-118.3648355007872,34.13510390615491],[-118.36482212425051,34.13509795672249],[-118.36481805466146,34.13510426172488],[-118.3647905065366,34.13509203348881]]]},"properties":{"building_pk":4663,"building_key":"dpw:451264871767@374159,3777981","source_tile":"cty-e374-n3777","source_tile_ids":["cty-e374-n3777"],"source_bld_id":"451264871767","height_m":3.274,"receiver_ids":[5670,5671,5672],"receiver_keys":["cty-e374-n3777:la-e374-n3777:facade:451264871767:1","cty-e374-n3777:la-e374-n3777:facade:451264871767:2","cty-e374-n3777:la-e374-n3777:facade:451264871767:4"],"receiver_count":3,"periods":{"D":{"min":67.90316,"max":68.550514,"receiver_count":3,"unavailable_count":0},"E":{"min":65.68467,"max":66.33203,"receiver_count":3,"unavailable_count":0},"N":{"min":60.913456,"max":61.560818,"receiver_count":3,"unavailable_count":0}}}},{"type":"Feature","id":"dpw:451713870188@374287,3777501","geometry":{"type":"Polygon","coordinates":[[[-118.36323878160768,34.13075922303146],[-118.36324387690514,34.13079113831142],[-118.36323225100378,34.13079243720153],[-118.36323907829149,34.13083522881302],[-118.36325281833832,34.13083370359411],[-118.36326189761259,34.13088503409375],[-118.36326906420788,34.130884160604566],[-118.36327204511451,34.130901023886786],[-118.36330318954508,34.13089722046247],[-118.36331426233394,34.13088265081926],[-118.36332241920856,34.130881637316925],[-118.3633240792368,34.13089091994817],[-118.3633307097034,34.1308959008367],[-118.36336403272105,34.13089173384001],[-118.36336846874839,34.130885950675996],[-118.36336785684585,34.130882104761014],[-118.3634039570982,34.13087812233302],[-118.36340290394054,34.13087152986395],[-118.36341789879266,34.130869863820344],[-118.3634223819034,34.13089785113942],[-118.36346697004389,34.13089293622753],[-118.3634623505921,34.130864014427445],[-118.36351235566276,34.13085850622732],[-118.36349574329654,34.13075421875171],[-118.36344359162665,34.13075995337436],[-118.36344172400617,34.13074830844379],[-118.36339528632631,34.13075344888177],[-118.363393247467,34.13074056755823],[-118.36337590758558,34.130742460623374],[-118.3633740728548,34.13073089763265],[-118.36332522411958,34.13073629321426],[-118.36332467990634,34.130732805005316],[-118.36324267071798,34.130741844160205],[-118.36324532121111,34.13075851640887],[-118.36323878160768,34.13075922303146]]]},"properties":{"building_pk":4697,"building_key":"dpw:451713870188@374287,3777501","source_tile":"cty-e374-n3777","source_tile_ids":["cty-e374-n3777"],"source_bld_id":"451713870188","height_m":10.132,"receiver_ids":[4111,4112,4113,4114,4115,4116,4117,4118,4119],"receiver_keys":["cty-e374-n3777:la-e374-n3777:facade:451713870188:0","cty-e374-n3777:la-e374-n3777:facade:451713870188:1","cty-e374-n3777:la-e374-n3777:facade:451713870188:3","cty-e374-n3777:la-e374-n3777:facade:451713870188:4","cty-e374-n3777:la-e374-n3777:facade:451713870188:5","cty-e374-n3777:la-e374-n3777:facade:451713870188:6","cty-e374-n3777:la-e374-n3777:facade:451713870188:7","cty-e374-n3777:la-e374-n3777:facade:451713870188:8","cty-e374-n3777:la-e374-n3777:facade:451713870188:9"],"receiver_count":9,"periods":{"D":{"min":44.670208,"max":61.248703,"receiver_count":9,"unavailable_count":0},"E":{"min":42.45172,"max":59.030216,"receiver_count":9,"unavailable_count":0},"N":{"min":37.680508,"max":54.259003,"receiver_count":9,"unavailable_count":0}}}},{"type":"Feature","id":"dpw:450787871358@374010,3777860","geometry":{"type":"Polygon","coordinates":[[[-118.36635232048691,34.13410491371579],[-118.36635739949344,34.134102617436746],[-118.36636628181076,34.13411616494183],[-118.36650891962421,34.13405154228509],[-118.3665000374092,34.1340380218362],[-118.36650468793022,34.134035919778746],[-118.366443973822,34.133943224917495],[-118.36638698409193,34.13396903554652],[-118.36640198846911,34.13399193505663],[-118.36637616511057,34.13400363683083],[-118.3663479201617,34.13396052534458],[-118.36627836617363,34.13399206179024],[-118.36635232048691,34.13410491371579]]]},"properties":{"building_pk":4706,"building_key":"dpw:450787871358@374010,3777860","source_tile":"cty-e374-n3777","source_tile_ids":["cty-e374-n3777"],"source_bld_id":"450787871358","height_m":7.766,"receiver_ids":[6414,6415,6416,6417,6418,6419],"receiver_keys":["cty-e374-n3777:la-e374-n3777:facade:450787871358:0","cty-e374-n3777:la-e374-n3777:facade:450787871358:1","cty-e374-n3777:la-e374-n3777:facade:450787871358:2","cty-e374-n3777:la-e374-n3777:facade:450787871358:3","cty-e374-n3777:la-e374-n3777:facade:450787871358:5","cty-e374-n3777:la-e374-n3777:facade:450787871358:6"],"receiver_count":6,"periods":{"D":{"min":49.370453,"max":62.71837,"receiver_count":6,"unavailable_count":0},"E":{"min":47.151966,"max":60.49988,"receiver_count":6,"unavailable_count":0},"N":{"min":42.380753,"max":55.728672,"receiver_count":6,"unavailable_count":0}}}},{"type":"Feature","id":"dpw:453594871001@374871,3777749","geometry":{"type":"Polygon","coordinates":[[[-118.35723934728702,34.133063506328426],[-118.35710691191818,34.132981339535036],[-118.35691505203401,34.133197154120666],[-118.35691881316521,34.13319948700754],[-118.35698133357378,34.133129808417536],[-118.35701039102288,34.13314783084329],[-118.35704074696092,34.1331139976086],[-118.35713981486032,34.1331754628375],[-118.35723934728702,34.133063506328426]]]},"properties":{"building_pk":4710,"building_key":"dpw:453594871001@374871,3777749","source_tile":"cty-e374-n3777","source_tile_ids":["cty-e374-n3777"],"source_bld_id":"453594871001","height_m":3.42,"receiver_ids":[5007,5008,5009,5010,5011],"receiver_keys":["cty-e374-n3777:la-e374-n3777:facade:453594871001:0","cty-e374-n3777:la-e374-n3777:facade:453594871001:1","cty-e374-n3777:la-e374-n3777:facade:453594871001:4","cty-e374-n3777:la-e374-n3777:facade:453594871001:5","cty-e374-n3777:la-e374-n3777:facade:453594871001:6"],"receiver_count":5,"periods":{"D":{"min":66.675415,"max":71.72363,"receiver_count":5,"unavailable_count":0},"E":{"min":64.456924,"max":69.50514,"receiver_count":5,"unavailable_count":0},"N":{"min":59.68571,"max":64.73393,"receiver_count":5,"unavailable_count":0}}}},{"type":"Feature","id":"dpw:450950868895@374042,3777100","geometry":{"type":"Polygon","coordinates":[[[-118.36581539438548,34.127346463789124],[-118.36582099240013,34.127341968016886],[-118.36587160737847,34.12738567092208],[-118.36596229835865,34.12731516042134],[-118.36597049130327,34.12732247231252],[-118.36605953567849,34.127253258624854],[-118.36607423116781,34.12726632154556],[-118.36608552676695,34.12725754874833],[-118.36612390629553,34.127291698970375],[-118.36618288531956,34.127245877351356],[-118.36612324223499,34.127192804315385],[-118.36611629410403,34.12719818318867],[-118.36610402016368,34.12718728383643],[-118.36609638064525,34.12719321564098],[-118.36606934474123,34.12716917062731],[-118.36605478972874,34.1271805082466],[-118.3660094439,34.127140142274094],[-118.36602554719477,34.12712761805828],[-118.3660033541688,34.12710784516667],[-118.36599061087459,34.127117749259526],[-118.3659666603653,34.127096442761356],[-118.36596056792258,34.127101160012145],[-118.36589920023073,34.127046580212834],[-118.36591102195588,34.12703739473892],[-118.3658179093395,34.126954552290194],[-118.36571121468357,34.12703750451754],[-118.3657780216597,34.127096931736524],[-118.36578246741374,34.127093455483774],[-118.36583796370839,34.12714283232028],[-118.36581040167609,34.12716426681072],[-118.36579955451515,34.12715462706263],[-118.36571594338335,34.127219620257804],[-118.36571750164813,34.12722096153572],[-118.36569445013166,34.12723886546105],[-118.36581539438548,34.127346463789124]]]},"properties":{"building_pk":4728,"building_key":"dpw:450950868895@374042,3777100","source_tile":"cty-e374-n3777","source_tile_ids":["cty-e374-n3777"],"source_bld_id":"450950868895","height_m":9.062,"receiver_ids":[6160,6161,6162,6163,6164,6165,6166,6167,6168,6169,6170,6171,6172,6173,6174,6175],"receiver_keys":["cty-e374-n3777:la-e374-n3777:facade:450950868895:0","cty-e374-n3777:la-e374-n3777:facade:450950868895:1","cty-e374-n3777:la-e374-n3777:facade:450950868895:10","cty-e374-n3777:la-e374-n3777:facade:450950868895:11","cty-e374-n3777:la-e374-n3777:facade:450950868895:12","cty-e374-n3777:la-e374-n3777:facade:450950868895:13","cty-e374-n3777:la-e374-n3777:facade:450950868895:14","cty-e374-n3777:la-e374-n3777:facade:450950868895:15","cty-e374-n3777:la-e374-n3777:facade:450950868895:16","cty-e374-n3777:la-e374-n3777:facade:450950868895:2","cty-e374-n3777:la-e374-n3777:facade:450950868895:3","cty-e374-n3777:la-e374-n3777:facade:450950868895:4","cty-e374-n3777:la-e374-n3777:facade:450950868895:5","cty-e374-n3777:la-e374-n3777:facade:450950868895:7","cty-e374-n3777:la-e374-n3777:facade:450950868895:8","cty-e374-n3777:la-e374-n3777:facade:450950868895:9"],"receiver_count":16,"periods":{"D":{"min":37.100025,"max":53.96404,"receiver_count":16,"unavailable_count":0},"E":{"min":34.88154,"max":51.745552,"receiver_count":16,"unavailable_count":0},"N":{"min":30.110325,"max":46.97434,"receiver_count":16,"unavailable_count":0}}}},{"type":"Feature","id":"dpw:453178870145@374736,3777485","geometry":{"type":"Polygon","coordinates":[[[-118.3585417802337,34.13080187954113],[-118.35854614030303,34.1307785646183],[-118.35856776564495,34.1307819353199],[-118.35859263840874,34.13067169839496],[-118.35847683975378,34.130653631618706],[-118.35847534799873,34.130660202827784],[-118.35838372193193,34.130645911123466],[-118.35836647054026,34.13072232593943],[-118.35840558802361,34.13072844768212],[-118.35839903712137,34.13075737484386],[-118.3584649047,34.13076764905642],[-118.35846007271557,34.130789124440184],[-118.3585417802337,34.13080187954113]]]},"properties":{"building_pk":4745,"building_key":"dpw:453178870145@374736,3777485","source_tile":"cty-e374-n3777","source_tile_ids":["cty-e374-n3777"],"source_bld_id":"453178870145","height_m":4.776,"receiver_ids":[3785,3786,3787,3788,3789,3790,3791],"receiver_keys":["cty-e374-n3777:la-e374-n3777:facade:453178870145:0","cty-e374-n3777:la-e374-n3777:facade:453178870145:1","cty-e374-n3777:la-e374-n3777:facade:453178870145:2","cty-e374-n3777:la-e374-n3777:facade:453178870145:3","cty-e374-n3777:la-e374-n3777:facade:453178870145:4","cty-e374-n3777:la-e374-n3777:facade:453178870145:5","cty-e374-n3777:la-e374-n3777:facade:453178870145:6"],"receiver_count":7,"periods":{"D":{"min":52.727226,"max":62.853188,"receiver_count":7,"unavailable_count":0},"E":{"min":50.50874,"max":60.6347,"receiver_count":7,"unavailable_count":0},"N":{"min":45.737526,"max":55.863487,"receiver_count":7,"unavailable_count":0}}}},{"type":"Feature","id":"dpw:451582869219@374254,3777199","geometry":{"type":"Polygon","coordinates":[[[-118.36379613059802,34.128199264392926],[-118.3638201140552,34.12813728284844],[-118.36373380473023,34.12811418562359],[-118.36374109102874,34.12809528553977],[-118.36357184567686,34.12804995976677],[-118.36357341386481,34.128045860274746],[-118.36351548760939,34.12803034417492],[-118.36348258328032,34.128115325417355],[-118.36379613059802,34.128199264392926]]]},"properties":{"building_pk":4746,"building_key":"dpw:451582869219@374254,3777199","source_tile":"cty-e374-n3777","source_tile_ids":["cty-e374-n3777"],"source_bld_id":"451582869219","height_m":7.068,"receiver_ids":[3159,3160,3161,3162,3163,3164,3165,3166,3167],"receiver_keys":["cty-e374-n3777:la-e374-n3777:facade:451582869219:0","cty-e374-n3777:la-e374-n3777:facade:451582869219:1","cty-e374-n3777:la-e374-n3777:facade:451582869219:2","cty-e374-n3777:la-e374-n3777:facade:451582869219:3","cty-e374-n3777:la-e374-n3777:facade:451582869219:4","cty-e374-n3777:la-e374-n3777:facade:451582869219:5","cty-e374-n3777:la-e374-n3777:facade:451582869219:6","cty-e374-n3777:la-e374-n3777:facade:451582869219:7","cty-e374-n3777:la-e374-n3777:facade:451582869219:8"],"receiver_count":9,"periods":{"D":{"min":42.286053,"max":58.87301,"receiver_count":9,"unavailable_count":0},"E":{"min":40.067566,"max":56.654522,"receiver_count":9,"unavailable_count":0},"N":{"min":35.296352,"max":51.88331,"receiver_count":9,"unavailable_count":0}}}},{"type":"Feature","id":"dpw:452737871019@374603,3777751","geometry":{"type":"Polygon","coordinates":[[[-118.35996324169439,34.13315083497597],[-118.35999431018797,34.133129171408584],[-118.3599432657419,34.133080743266966],[-118.35991346658939,34.13310034483585],[-118.35996324169439,34.13315083497597]]]},"properties":{"building_pk":4747,"building_key":"dpw:452737871019@374603,3777751","source_tile":"cty-e374-n3777","source_tile_ids":["cty-e374-n3777"],"source_bld_id":"452737871019","height_m":5.965,"receiver_ids":[5090,5091,5092,5093],"receiver_keys":["cty-e374-n3777:la-e374-n3777:facade:452737871019:0","cty-e374-n3777:la-e374-n3777:facade:452737871019:1","cty-e374-n3777:la-e374-n3777:facade:452737871019:2","cty-e374-n3777:la-e374-n3777:facade:452737871019:3"],"receiver_count":4,"periods":{"D":{"min":64.49847,"max":67.85862,"receiver_count":4,"unavailable_count":0},"E":{"min":62.27998,"max":65.64013,"receiver_count":4,"unavailable_count":0},"N":{"min":57.50877,"max":60.86892,"receiver_count":4,"unavailable_count":0}}}},{"type":"Feature","id":"dpw:451969870172@374366,3777495","geometry":{"type":"Polygon","coordinates":[[[-118.36253290093819,34.130791376880396],[-118.36250058349022,34.13073868348084],[-118.36243586196518,34.13076355620147],[-118.36246914304678,34.13081822199332],[-118.36253290093819,34.130791376880396]]]},"properties":{"building_pk":4783,"building_key":"dpw:451969870172@374366,3777495","source_tile":"cty-e374-n3777","source_tile_ids":["cty-e374-n3777"],"source_bld_id":"451969870172","height_m":6.495,"receiver_ids":[4240,4241,4242,4243],"receiver_keys":["cty-e374-n3777:la-e374-n3777:facade:451969870172:0","cty-e374-n3777:la-e374-n3777:facade:451969870172:1","cty-e374-n3777:la-e374-n3777:facade:451969870172:2","cty-e374-n3777:la-e374-n3777:facade:451969870172:3"],"receiver_count":4,"periods":{"D":{"min":58.82482,"max":61.290195,"receiver_count":4,"unavailable_count":0},"E":{"min":56.606335,"max":59.07171,"receiver_count":4,"unavailable_count":0},"N":{"min":51.83512,"max":54.300495,"receiver_count":4,"unavailable_count":0}}}},{"type":"Feature","id":"dpw:453639869336@374866,3777234","geometry":{"type":"Polygon","coordinates":[[[-118.35698932437431,34.12859428945963],[-118.35706693505725,34.128538305653464],[-118.35706301965926,34.12853457945393],[-118.35711612184821,34.128496282213845],[-118.35705331350198,34.12843604145093],[-118.3570624383189,34.1284294477114],[-118.35700424242317,34.12837367212583],[-118.35686440466999,34.12847452062938],[-118.35698932437431,34.12859428945963]]]},"properties":{"building_pk":4838,"building_key":"dpw:453639869336@374866,3777234","source_tile":"cty-e374-n3777","source_tile_ids":["cty-e374-n3777"],"source_bld_id":"453639869336","height_m":3.203,"receiver_ids":[3411,3412,3413,3414,3415],"receiver_keys":["cty-e374-n3777:la-e374-n3777:facade:453639869336:2","cty-e374-n3777:la-e374-n3777:facade:453639869336:3","cty-e374-n3777:la-e374-n3777:facade:453639869336:4","cty-e374-n3777:la-e374-n3777:facade:453639869336:5","cty-e374-n3777:la-e374-n3777:facade:453639869336:6"],"receiver_count":5,"periods":{"D":{"min":48.40548,"max":53.825287,"receiver_count":5,"unavailable_count":0},"E":{"min":46.18699,"max":51.606796,"receiver_count":5,"unavailable_count":0},"N":{"min":41.41578,"max":46.835587,"receiver_count":5,"unavailable_count":0}}}},{"type":"Feature","id":"dpw:452001871764@374384,3777974","geometry":{"type":"Polygon","coordinates":[[[-118.36242387522998,34.135231545553125],[-118.36253279082567,34.13516205493011],[-118.3624967665957,34.135123005660176],[-118.36250780660714,34.135115965816595],[-118.3624296495411,34.13503126288503],[-118.36241890587951,34.13503813685184],[-118.36238298209712,34.13499922518231],[-118.36234742407733,34.13502191885294],[-118.36232564368353,34.13499832513616],[-118.36225874524729,34.135041007807935],[-118.362252602832,34.1350343764878],[-118.36222357079176,34.13505290169707],[-118.36225175859174,34.135083483868364],[-118.36227406896867,34.13506926469822],[-118.36229631457081,34.1350933799208],[-118.36228112170467,34.135103070084995],[-118.3623132613554,34.135137900154724],[-118.36232308178054,34.13513163299358],[-118.3623621601069,34.135173943030125],[-118.36235233967973,34.13518021019449],[-118.36238760029444,34.1352184377929],[-118.36240282569021,34.135208746616286],[-118.36242387522998,34.135231545553125]]]},"properties":{"building_pk":4861,"building_key":"dpw:452001871764@374384,3777974","source_tile":"cty-e374-n3777","source_tile_ids":["cty-e374-n3777"],"source_bld_id":"452001871764","height_m":9.476,"receiver_ids":[5610,5611,5612,5613,5614,5615,5616,5617,5618],"receiver_keys":["cty-e374-n3777:la-e374-n3777:facade:452001871764:0","cty-e374-n3777:la-e374-n3777:facade:452001871764:1","cty-e374-n3777:la-e374-n3777:facade:452001871764:2","cty-e374-n3777:la-e374-n3777:facade:452001871764:3","cty-e374-n3777:la-e374-n3777:facade:452001871764:5","cty-e374-n3777:la-e374-n3777:facade:452001871764:6","cty-e374-n3777:la-e374-n3777:facade:452001871764:7","cty-e374-n3777:la-e374-n3777:facade:452001871764:8","cty-e374-n3777:la-e374-n3777:facade:452001871764:9"],"receiver_count":9,"periods":{"D":{"min":65.86931,"max":70.8352,"receiver_count":9,"unavailable_count":0},"E":{"min":63.65082,"max":68.61671,"receiver_count":9,"unavailable_count":0},"N":{"min":58.87961,"max":63.845493,"receiver_count":9,"unavailable_count":0}}}},{"type":"Feature","id":"dpw:451701871705@374290,3777962","geometry":{"type":"Polygon","coordinates":[[[-118.36343143807176,34.13494155891796],[-118.3634134577092,34.1349255106444],[-118.3633139025171,34.134958509511826],[-118.36331162394944,34.13498179131016],[-118.36334625863016,34.13506599252664],[-118.36347418623441,34.135029610505065],[-118.36343143807176,34.13494155891796]]]},"properties":{"building_pk":4862,"building_key":"dpw:451701871705@374290,3777962","source_tile":"cty-e374-n3777","source_tile_ids":["cty-e374-n3777"],"source_bld_id":"451701871705","height_m":5.715,"receiver_ids":[5633,5634],"receiver_keys":["cty-e374-n3777:la-e374-n3777:facade:451701871705:0","cty-e374-n3777:la-e374-n3777:facade:451701871705:3"],"receiver_count":2,"periods":{"D":{"min":69.42031,"max":70.09225,"receiver_count":2,"unavailable_count":0},"E":{"min":67.20182,"max":67.873764,"receiver_count":2,"unavailable_count":0},"N":{"min":62.43061,"max":63.10255,"receiver_count":2,"unavailable_count":0}}}},{"type":"Feature","id":"dpw:451440868659@374196,3777034","geometry":{"type":"Polygon","coordinates":[[[-118.3641818698469,34.12655225655167],[-118.36409993203424,34.12661455069717],[-118.36420151070776,34.12670695858731],[-118.36427906826904,34.126648002437896],[-118.3643265740472,34.12669122041322],[-118.36440782036901,34.12662947813516],[-118.36436220621344,34.126587985438],[-118.36435426886514,34.126593999168186],[-118.36422346397111,34.126475025579204],[-118.3641545678044,34.12652741495675],[-118.3641818698469,34.12655225655167]]]},"properties":{"building_pk":4872,"building_key":"dpw:451440868659@374196,3777034","source_tile":"cty-e374-n3777","source_tile_ids":["cty-e374-n3777"],"source_bld_id":"451440868659","height_m":5.236,"receiver_ids":[2903,2904,2905,2906,2907,2908,2909],"receiver_keys":["cty-e374-n3777:la-e374-n3777:facade:451440868659:0","cty-e374-n3777:la-e374-n3777:facade:451440868659:1","cty-e374-n3777:la-e374-n3777:facade:451440868659:2","cty-e374-n3777:la-e374-n3777:facade:451440868659:5","cty-e374-n3777:la-e374-n3777:facade:451440868659:6","cty-e374-n3777:la-e374-n3777:facade:451440868659:7","cty-e374-n3777:la-e374-n3777:facade:451440868659:8"],"receiver_count":7,"periods":{"D":{"min":46.08169,"max":54.21817,"receiver_count":7,"unavailable_count":0},"E":{"min":43.8632,"max":51.999683,"receiver_count":7,"unavailable_count":0},"N":{"min":39.09199,"max":47.22847,"receiver_count":7,"unavailable_count":0}}}},{"type":"Feature","id":"dpw:453952869396@374968,3777252","geometry":{"type":"Polygon","coordinates":[[[-118.35591612356849,34.12869780698877],[-118.35596140682156,34.12867758652818],[-118.35593020593828,34.12862931554165],[-118.35588492378788,34.12864953598733],[-118.35591612356849,34.12869780698877]]]},"properties":{"building_pk":4873,"building_key":"dpw:453952869396@374968,3777252","source_tile":"cty-e374-n3777","source_tile_ids":["cty-e374-n3777"],"source_bld_id":"453952869396","height_m":3.981,"receiver_ids":[3835,3836,3837,3838],"receiver_keys":["cty-e374-n3777:la-e374-n3777:facade:453952869396:0","cty-e374-n3777:la-e374-n3777:facade:453952869396:1","cty-e374-n3777:la-e374-n3777:facade:453952869396:2","cty-e374-n3777:la-e374-n3777:facade:453952869396:3"],"receiver_count":4,"periods":{"D":{"min":49.38716,"max":54.73885,"receiver_count":4,"unavailable_count":0},"E":{"min":47.168674,"max":52.520363,"receiver_count":4,"unavailable_count":0},"N":{"min":42.39746,"max":47.74915,"receiver_count":4,"unavailable_count":0}}}},{"type":"Feature","id":"dpw:453259870899@374764,3777718","geometry":{"type":"Polygon","coordinates":[[[-118.35825466151202,34.13292261514689],[-118.35827747455308,34.13290221339599],[-118.35829220804774,34.13290117983913],[-118.35830837514985,34.13288758544304],[-118.35830839653364,34.1328695591753],[-118.35837040051443,34.13281048796041],[-118.35830741929851,34.132764757657],[-118.35826605010585,34.13280414756266],[-118.35825209856911,34.13279487334542],[-118.35825128677138,34.13278278525753],[-118.35822612951377,34.13276491565079],[-118.3582120885898,34.13276564423138],[-118.35819942502,34.13275636709278],[-118.35822213369501,34.1327348937358],[-118.3581602124961,34.13268957221654],[-118.35805871244956,34.13278547175515],[-118.35810099256958,34.1328121653872],[-118.35809431384814,34.13281916486147],[-118.35813009924799,34.13284164681713],[-118.3581232244823,34.13284919590905],[-118.35813465609152,34.13285636170321],[-118.35813201150393,34.13286387121624],[-118.35813286410514,34.132870051421285],[-118.35814197628672,34.13287585014646],[-118.35815123656134,34.13287749866379],[-118.35815958585124,34.132875028960505],[-118.35816776761229,34.132879510592474],[-118.35817378840326,34.13287355794341],[-118.35820729814537,34.132897034702474],[-118.35821180653645,34.13289259750702],[-118.35825466151202,34.13292261514689]]]},"properties":{"building_pk":4911,"building_key":"dpw:453259870899@374764,3777718","source_tile":"cty-e374-n3777","source_tile_ids":["cty-e374-n3777"],"source_bld_id":"453259870899","height_m":11.643,"receiver_ids":[4981,4982,4983,4984,4985,4986,4987],"receiver_keys":["cty-e374-n3777:la-e374-n3777:facade:453259870899:0","cty-e374-n3777:la-e374-n3777:facade:453259870899:1","cty-e374-n3777:la-e374-n3777:facade:453259870899:2","cty-e374-n3777:la-e374-n3777:facade:453259870899:4","cty-e374-n3777:la-e374-n3777:facade:453259870899:5","cty-e374-n3777:la-e374-n3777:facade:453259870899:6","cty-e374-n3777:la-e374-n3777:facade:453259870899:8"],"receiver_count":7,"periods":{"D":{"min":51.81759,"max":67.09526,"receiver_count":7,"unavailable_count":0},"E":{"min":49.599102,"max":64.87678,"receiver_count":7,"unavailable_count":0},"N":{"min":44.827892,"max":60.10556,"receiver_count":7,"unavailable_count":0}}}},{"type":"Feature","id":"dpw:451430868830@374196,3777087","geometry":{"type":"Polygon","coordinates":[[[-118.3642989974748,34.12717204652378],[-118.3643997248064,34.1270918343729],[-118.36434914330081,34.12704788283136],[-118.36435747361962,34.12704123594045],[-118.36430092238629,34.12699210862756],[-118.36429262435394,34.12699870132514],[-118.36423477921825,34.1269484248172],[-118.36413010005968,34.127031781572164],[-118.36418867414562,34.12708266086427],[-118.36417283545235,34.12709526607709],[-118.36422902316227,34.127144063681904],[-118.36424216092512,34.12713358250533],[-118.36425947514645,34.12714861572331],[-118.36426599482378,34.12714340322942],[-118.3642989974748,34.12717204652378]]]},"properties":{"building_pk":4934,"building_key":"dpw:451430868830@374196,3777087","source_tile":"cty-e374-n3777","source_tile_ids":["cty-e374-n3777"],"source_bld_id":"451430868830","height_m":8.995,"receiver_ids":[2950,2951,2952,2953,2954],"receiver_keys":["cty-e374-n3777:la-e374-n3777:facade:451430868830:1","cty-e374-n3777:la-e374-n3777:facade:451430868830:2","cty-e374-n3777:la-e374-n3777:facade:451430868830:3","cty-e374-n3777:la-e374-n3777:facade:451430868830:5","cty-e374-n3777:la-e374-n3777:facade:451430868830:6"],"receiver_count":5,"periods":{"D":{"min":42.886692,"max":55.13522,"receiver_count":5,"unavailable_count":0},"E":{"min":40.668205,"max":52.916733,"receiver_count":5,"unavailable_count":0},"N":{"min":35.89699,"max":48.14552,"receiver_count":5,"unavailable_count":0}}}},{"type":"Feature","id":"dpw:451359871752@374185,3777977","geometry":{"type":"Polygon","coordinates":[[[-118.36446836356785,34.135134526354655],[-118.36453903940708,34.13515972843465],[-118.36457923063803,34.135081847051254],[-118.36450820789673,34.13505664063172],[-118.36446836356785,34.135134526354655]]]},"properties":{"building_pk":4948,"building_key":"dpw:451359871752@374185,3777977","source_tile":"cty-e374-n3777","source_tile_ids":["cty-e374-n3777"],"source_bld_id":"451359871752","height_m":1.841,"receiver_ids":[5666,5667,5668,5669],"receiver_keys":["cty-e374-n3777:la-e374-n3777:facade:451359871752:0","cty-e374-n3777:la-e374-n3777:facade:451359871752:1","cty-e374-n3777:la-e374-n3777:facade:451359871752:2","cty-e374-n3777:la-e374-n3777:facade:451359871752:3"],"receiver_count":4,"periods":{"D":{"min":68.29268,"max":68.75584,"receiver_count":4,"unavailable_count":0},"E":{"min":66.074196,"max":66.537346,"receiver_count":4,"unavailable_count":0},"N":{"min":61.30298,"max":61.766136,"receiver_count":4,"unavailable_count":0}}}},{"type":"Feature","id":"dpw:453430870535@374813,3777600","geometry":{"type":"Polygon","coordinates":[[[-118.35766549335405,34.13174647842204],[-118.35764037576652,34.13176108910083],[-118.35764416260429,34.131765639666355],[-118.35761439817625,34.13178298402144],[-118.3576546527108,34.131830760799616],[-118.35770953462347,34.131798777799396],[-118.35766549335405,34.13174647842204]]]},"properties":{"building_pk":4983,"building_key":"dpw:453430870535@374813,3777600","source_tile":"cty-e374-n3777","source_tile_ids":["cty-e374-n3777"],"source_bld_id":"453430870535","height_m":0.463,"receiver_ids":[4832,4833,4834,4835],"receiver_keys":["cty-e374-n3777:la-e374-n3777:facade:453430870535:0","cty-e374-n3777:la-e374-n3777:facade:453430870535:1","cty-e374-n3777:la-e374-n3777:facade:453430870535:2","cty-e374-n3777:la-e374-n3777:facade:453430870535:3"],"receiver_count":4,"periods":{"D":{"min":53.963963,"max":54.890125,"receiver_count":4,"unavailable_count":0},"E":{"min":51.745476,"max":52.67164,"receiver_count":4,"unavailable_count":0},"N":{"min":46.974262,"max":47.900425,"receiver_count":4,"unavailable_count":0}}}},{"type":"Feature","id":"dpw:452376871151@374491,3777790","geometry":{"type":"Polygon","coordinates":[[[-118.3611684940364,34.13336509141058],[-118.36114895423086,34.13338564981212],[-118.36117702366283,34.13340411414069],[-118.36115560815364,34.1334266552156],[-118.36114434101387,34.133419242193874],[-118.36114039315162,34.13342340375761],[-118.36112942401502,34.13341620891737],[-118.36108070543409,34.13346743817492],[-118.3611342587641,34.13350264363342],[-118.36112971939653,34.1335074109929],[-118.36117048148915,34.133534246025924],[-118.36117446176263,34.133530057318254],[-118.36120001216221,34.13354688025954],[-118.36125715216214,34.1334868051603],[-118.36122752459643,34.13346730152813],[-118.361244860799,34.133449113526005],[-118.3612523508358,34.13345403786808],[-118.36127212048655,34.13343323174199],[-118.3611684940364,34.13336509141058]]]},"properties":{"building_pk":4990,"building_key":"dpw:452376871151@374491,3777790","source_tile":"cty-e374-n3777","source_tile_ids":["cty-e374-n3777"],"source_bld_id":"452376871151","height_m":6.73,"receiver_ids":[5155,5156,5157,5158,5159,5160,5161],"receiver_keys":["cty-e374-n3777:la-e374-n3777:facade:452376871151:0","cty-e374-n3777:la-e374-n3777:facade:452376871151:1","cty-e374-n3777:la-e374-n3777:facade:452376871151:2","cty-e374-n3777:la-e374-n3777:facade:452376871151:3","cty-e374-n3777:la-e374-n3777:facade:452376871151:4","cty-e374-n3777:la-e374-n3777:facade:452376871151:5","cty-e374-n3777:la-e374-n3777:facade:452376871151:6"],"receiver_count":7,"periods":{"D":{"min":53.252094,"max":66.32636,"receiver_count":7,"unavailable_count":0},"E":{"min":51.033607,"max":64.10788,"receiver_count":7,"unavailable_count":0},"N":{"min":46.262394,"max":59.336662,"receiver_count":7,"unavailable_count":0}}}},{"type":"Feature","id":"dpw:452257869812@374451,3777382","geometry":{"type":"Polygon","coordinates":[[[-118.36147720105026,34.12977425628067],[-118.36146816393074,34.1297775180163],[-118.36146929584423,34.12977954759417],[-118.36144970038994,34.12978702583118],[-118.36145351057247,34.129793939132604],[-118.36147591159224,34.12983456836331],[-118.3615247028716,34.129815983331866],[-118.36154655098474,34.12985559817268],[-118.36166079257127,34.12981205932557],[-118.36163981100226,34.1297740367293],[-118.36167072221944,34.129762265748866],[-118.36165107239233,34.1297266020947],[-118.361645101309,34.12972889994372],[-118.36163694121866,34.12971411393063],[-118.36157904559391,34.12973618723809],[-118.3615752146889,34.129729246956536],[-118.36149670947285,34.12976044230703],[-118.36149817027203,34.129763567168325],[-118.36148516777583,34.12976890167511],[-118.36148604224809,34.12977106454847],[-118.36147720105026,34.12977425628067]]]},"properties":{"building_pk":4994,"building_key":"dpw:452257869812@374451,3777382","source_tile":"cty-e374-n3777","source_tile_ids":["cty-e374-n3777"],"source_bld_id":"452257869812","height_m":5.834,"receiver_ids":[3726,3727,3728,3729,3730,3731],"receiver_keys":["cty-e374-n3777:la-e374-n3777:facade:452257869812:0","cty-e374-n3777:la-e374-n3777:facade:452257869812:2","cty-e374-n3777:la-e374-n3777:facade:452257869812:3","cty-e374-n3777:la-e374-n3777:facade:452257869812:4","cty-e374-n3777:la-e374-n3777:facade:452257869812:5","cty-e374-n3777:la-e374-n3777:facade:452257869812:6"],"receiver_count":6,"periods":{"D":{"min":59.250233,"max":61.830086,"receiver_count":6,"unavailable_count":0},"E":{"min":57.031742,"max":59.6116,"receiver_count":6,"unavailable_count":0},"N":{"min":52.260532,"max":54.840385,"receiver_count":6,"unavailable_count":0}}}},{"type":"Feature","id":"dpw:451035871414@374084,3777875","geometry":{"type":"Polygon","coordinates":[[[-118.3654836168171,34.134194403690756],[-118.36557003391559,34.13427058900803],[-118.36561920242693,34.13423202495439],[-118.36559913192824,34.13421433441831],[-118.36561889135187,34.13419883134468],[-118.3656561786522,34.134231693132826],[-118.36571466616974,34.134185846190846],[-118.36561106586875,34.134094490517725],[-118.36560668562394,34.13409791067022],[-118.3655942129404,34.13408690187534],[-118.36553559243416,34.134132831200795],[-118.36554809872551,34.134143839900155],[-118.3654836168171,34.134194403690756]]]},"properties":{"building_pk":4998,"building_key":"dpw:451035871414@374084,3777875","source_tile":"cty-e374-n3777","source_tile_ids":["cty-e374-n3777"],"source_bld_id":"451035871414","height_m":7.644,"receiver_ids":[6441,6442,6443,6444,6445,6446],"receiver_keys":["cty-e374-n3777:la-e374-n3777:facade:451035871414:0","cty-e374-n3777:la-e374-n3777:facade:451035871414:1","cty-e374-n3777:la-e374-n3777:facade:451035871414:3","cty-e374-n3777:la-e374-n3777:facade:451035871414:4","cty-e374-n3777:la-e374-n3777:facade:451035871414:5","cty-e374-n3777:la-e374-n3777:facade:451035871414:6"],"receiver_count":6,"periods":{"D":{"min":44.210503,"max":60.63196,"receiver_count":6,"unavailable_count":0},"E":{"min":41.992016,"max":58.413475,"receiver_count":6,"unavailable_count":0},"N":{"min":37.220806,"max":53.64226,"receiver_count":6,"unavailable_count":0}}}},{"type":"Feature","id":"dpw:451528871718@374236,3777967","geometry":{"type":"Polygon","coordinates":[[[-118.36392954173297,34.135039830582016],[-118.36399875607206,34.13505039373078],[-118.36400494362505,34.135001385641345],[-118.36393569312023,34.13499470822457],[-118.36392954173297,34.135039830582016]]]},"properties":{"building_pk":5011,"building_key":"dpw:451528871718@374236,3777967","source_tile":"cty-e374-n3777","source_tile_ids":["cty-e374-n3777"],"source_bld_id":"451528871718","height_m":1.625,"receiver_ids":[5638,5639,5640],"receiver_keys":["cty-e374-n3777:la-e374-n3777:facade:451528871718:0","cty-e374-n3777:la-e374-n3777:facade:451528871718:1","cty-e374-n3777:la-e374-n3777:facade:451528871718:2"],"receiver_count":3,"periods":{"D":{"min":68.85065,"max":69.23855,"receiver_count":3,"unavailable_count":0},"E":{"min":66.63216,"max":67.02006,"receiver_count":3,"unavailable_count":0},"N":{"min":61.860947,"max":62.248848,"receiver_count":3,"unavailable_count":0}}}},{"type":"Feature","id":"dpw:451873871540@374339,3777916","geometry":{"type":"Polygon","coordinates":[[[-118.3627895165442,34.13461222957999],[-118.36280245804977,34.13461691749067],[-118.36285113160878,34.1346011081112],[-118.36287054325209,34.134642460083704],[-118.36293796082619,34.13462060459599],[-118.36291558039298,34.13457294088008],[-118.36289205121744,34.13458056819235],[-118.36288231167289,34.13455974130223],[-118.36294415244195,34.134539688494854],[-118.3629061285837,34.13445857518428],[-118.36273558911012,34.13451387970171],[-118.36274979756983,34.13454420078901],[-118.36273478347603,34.13454908258379],[-118.36275856464026,34.13459976497865],[-118.36278034421827,34.1345926919786],[-118.3627895165442,34.13461222957999]]]},"properties":{"building_pk":5037,"building_key":"dpw:451873871540@374339,3777916","source_tile":"cty-e374-n3777","source_tile_ids":["cty-e374-n3777"],"source_bld_id":"451873871540","height_m":4.441,"receiver_ids":[5553,5554,5555,5556,5557,5558,5559],"receiver_keys":["cty-e374-n3777:la-e374-n3777:facade:451873871540:0","cty-e374-n3777:la-e374-n3777:facade:451873871540:1","cty-e374-n3777:la-e374-n3777:facade:451873871540:3","cty-e374-n3777:la-e374-n3777:facade:451873871540:4","cty-e374-n3777:la-e374-n3777:facade:451873871540:5","cty-e374-n3777:la-e374-n3777:facade:451873871540:6","cty-e374-n3777:la-e374-n3777:facade:451873871540:7"],"receiver_count":7,"periods":{"D":{"min":64.068695,"max":69.58374,"receiver_count":7,"unavailable_count":0},"E":{"min":61.850204,"max":67.36525,"receiver_count":7,"unavailable_count":0},"N":{"min":57.07899,"max":62.594036,"receiver_count":7,"unavailable_count":0}}}},{"type":"Feature","id":"dpw:451166870293@374122,3777534","geometry":{"type":"Polygon","coordinates":[[[-118.36515191238347,34.13110955724376],[-118.36515474411472,34.13109962909101],[-118.36514839364322,34.13109077265551],[-118.36513612214208,34.13108797890345],[-118.36512619282459,34.13109174576333],[-118.36512071923049,34.131101957765516],[-118.36512634730147,34.131111970350396],[-118.36513928130633,34.131115283189864],[-118.36515191238347,34.13110955724376]]]},"properties":{"building_pk":5062,"building_key":"dpw:451166870293@374122,3777534","source_tile":"cty-e374-n3777","source_tile_ids":["cty-e374-n3777"],"source_bld_id":"451166870293","height_m":6.069,"receiver_ids":[4165,4166,4167,4168],"receiver_keys":["cty-e374-n3777:la-e374-n3777:facade:451166870293:0","cty-e374-n3777:la-e374-n3777:facade:451166870293:1","cty-e374-n3777:la-e374-n3777:facade:451166870293:2","cty-e374-n3777:la-e374-n3777:facade:451166870293:3"],"receiver_count":4,"periods":{"D":{"min":55.35691,"max":57.002995,"receiver_count":4,"unavailable_count":0},"E":{"min":53.138424,"max":54.784508,"receiver_count":4,"unavailable_count":0},"N":{"min":48.36721,"max":50.013294,"receiver_count":4,"unavailable_count":0}}}},{"type":"Feature","id":"dpw:452415869904@374503,3777411","geometry":{"type":"Polygon","coordinates":[[[-118.36095976399538,34.13007839131685],[-118.36111990045349,34.13005680985261],[-118.36110479449526,34.129979281447575],[-118.36096559650852,34.12999805338572],[-118.36096678955204,34.130006458445685],[-118.3609064092675,34.1300196091396],[-118.3609101345624,34.130071147823415],[-118.36095884116722,34.130071304396516],[-118.36095976399538,34.13007839131685]]]},"properties":{"building_pk":5068,"building_key":"dpw:452415869904@374503,3777411","source_tile":"cty-e374-n3777","source_tile_ids":["cty-e374-n3777"],"source_bld_id":"452415869904","height_m":6.803,"receiver_ids":[3746,3747,3748,3749,3750,3751],"receiver_keys":["cty-e374-n3777:la-e374-n3777:facade:452415869904:0","cty-e374-n3777:la-e374-n3777:facade:452415869904:1","cty-e374-n3777:la-e374-n3777:facade:452415869904:2","cty-e374-n3777:la-e374-n3777:facade:452415869904:3","cty-e374-n3777:la-e374-n3777:facade:452415869904:4","cty-e374-n3777:la-e374-n3777:facade:452415869904:5"],"receiver_count":6,"periods":{"D":{"min":60.026615,"max":61.957436,"receiver_count":6,"unavailable_count":0},"E":{"min":57.80813,"max":59.73895,"receiver_count":6,"unavailable_count":0},"N":{"min":53.036915,"max":54.967735,"receiver_count":6,"unavailable_count":0}}}},{"type":"Feature","id":"dpw:453570870587@374854,3777615","geometry":{"type":"Polygon","coordinates":[[[-118.35730280309228,34.131925614253404],[-118.35723388103145,34.13185047032816],[-118.35712302070138,34.13192078682173],[-118.35719194163637,34.1319959308135],[-118.35730280309228,34.131925614253404]]]},"properties":{"building_pk":5108,"building_key":"dpw:453570870587@374854,3777615","source_tile":"cty-e374-n3777","source_tile_ids":["cty-e374-n3777"],"source_bld_id":"453570870587","height_m":0.323,"receiver_ids":[4844,4845,4846],"receiver_keys":["cty-e374-n3777:la-e374-n3777:facade:453570870587:1","cty-e374-n3777:la-e374-n3777:facade:453570870587:2","cty-e374-n3777:la-e374-n3777:facade:453570870587:4"],"receiver_count":3,"periods":{"D":{"min":55.983196,"max":61.876125,"receiver_count":3,"unavailable_count":0},"E":{"min":53.76471,"max":59.65764,"receiver_count":3,"unavailable_count":0},"N":{"min":48.993496,"max":54.886425,"receiver_count":3,"unavailable_count":0}}}},{"type":"Feature","id":"dpw:451330871366@374174,3777860","geometry":{"type":"Polygon","coordinates":[[[-118.36463530812782,34.13413412136394],[-118.36466138950459,34.1340905435817],[-118.36466314485097,34.13409130819782],[-118.36468020994302,34.13406429989211],[-118.364705438857,34.134075325288244],[-118.36474304898626,34.13401580239963],[-118.36460644297456,34.13395609109804],[-118.3646026031492,34.13396212043174],[-118.36458608256562,34.13395488855637],[-118.36451020506593,34.13407492519025],[-118.36452593159568,34.13408180246246],[-118.36452369948903,34.13408532608488],[-118.36463530812782,34.13413412136394]]]},"properties":{"building_pk":5113,"building_key":"dpw:451330871366@374174,3777860","source_tile":"cty-e374-n3777","source_tile_ids":["cty-e374-n3777"],"source_bld_id":"451330871366","height_m":7.205,"receiver_ids":[5459,5460,5461,5462],"receiver_keys":["cty-e374-n3777:la-e374-n3777:facade:451330871366:0","cty-e374-n3777:la-e374-n3777:facade:451330871366:1","cty-e374-n3777:la-e374-n3777:facade:451330871366:4","cty-e374-n3777:la-e374-n3777:facade:451330871366:6"],"receiver_count":4,"periods":{"D":{"min":62.531548,"max":64.482765,"receiver_count":4,"unavailable_count":0},"E":{"min":60.31306,"max":62.264275,"receiver_count":4,"unavailable_count":0},"N":{"min":55.541847,"max":57.493065,"receiver_count":4,"unavailable_count":0}}}},{"type":"Feature","id":"dpw:452092870825@374406,3777693","geometry":{"type":"Polygon","coordinates":[[[-118.36204270917507,34.13258839688435],[-118.36204832833428,34.132588655022346],[-118.36204606253656,34.13262246038289],[-118.3621157014395,34.13262568663318],[-118.36211806135243,34.13259058908866],[-118.36212295294274,34.1325908223568],[-118.36212658478516,34.1325367599025],[-118.36210037467185,34.13253554742192],[-118.3621007167996,34.132530435591036],[-118.36204677626436,34.132527931323814],[-118.36204270917507,34.13258839688435]]]},"properties":{"building_pk":5133,"building_key":"dpw:452092870825@374406,3777693","source_tile":"cty-e374-n3777","source_tile_ids":["cty-e374-n3777"],"source_bld_id":"452092870825","height_m":8.861,"receiver_ids":[4307,4308,4309,4310],"receiver_keys":["cty-e374-n3777:la-e374-n3777:facade:452092870825:0","cty-e374-n3777:la-e374-n3777:facade:452092870825:1","cty-e374-n3777:la-e374-n3777:facade:452092870825:2","cty-e374-n3777:la-e374-n3777:facade:452092870825:3"],"receiver_count":4,"periods":{"D":{"min":44.509678,"max":56.022415,"receiver_count":4,"unavailable_count":0},"E":{"min":42.291187,"max":53.80393,"receiver_count":4,"unavailable_count":0},"N":{"min":37.519978,"max":49.032715,"receiver_count":4,"unavailable_count":0}}}},{"type":"Feature","id":"dpw:451741871716@374304,3777967","geometry":{"type":"Polygon","coordinates":[[[-118.36327905249796,34.13496169209454],[-118.36322132866954,34.134978379890555],[-118.36321772187675,34.13496970803695],[-118.36315587130163,34.134987562167346],[-118.36316214970594,34.135002519617935],[-118.36315594412991,34.135004324203734],[-118.3632042968195,34.13511997489282],[-118.3632567085294,34.13510484199044],[-118.36325386972294,34.13509800786452],[-118.36332717213733,34.135076821446006],[-118.36327905249796,34.13496169209454]]]},"properties":{"building_pk":5182,"building_key":"dpw:451741871716@374304,3777967","source_tile":"cty-e374-n3777","source_tile_ids":["cty-e374-n3777"],"source_bld_id":"451741871716","height_m":8.184,"receiver_ids":[5645,5646,5647,5648,5649],"receiver_keys":["cty-e374-n3777:la-e374-n3777:facade:451741871716:0","cty-e374-n3777:la-e374-n3777:facade:451741871716:1","cty-e374-n3777:la-e374-n3777:facade:451741871716:2","cty-e374-n3777:la-e374-n3777:facade:451741871716:3","cty-e374-n3777:la-e374-n3777:facade:451741871716:4"],"receiver_count":5,"periods":{"D":{"min":64.34886,"max":70.93867,"receiver_count":5,"unavailable_count":0},"E":{"min":62.130375,"max":68.720184,"receiver_count":5,"unavailable_count":0},"N":{"min":57.359165,"max":63.94897,"receiver_count":5,"unavailable_count":0}}}},{"type":"Feature","id":"dpw:451220870494@374138,3777594","geometry":{"type":"Polygon","coordinates":[[[-118.3647790808333,34.13163335824879],[-118.36497831595292,34.131696343049576],[-118.36497631953259,34.131700690873984],[-118.36500451215109,34.131709563404144],[-118.36501439655962,34.13168779842948],[-118.36502260281618,34.13169038359438],[-118.36503877124142,34.131654805241745],[-118.3650308961205,34.13165232816386],[-118.36504169638641,34.131628526556405],[-118.3649430557454,34.13159755283837],[-118.36496600005998,34.13154708771266],[-118.3648367178796,34.131506479753035],[-118.3647790808333,34.13163335824879]]]},"properties":{"building_pk":5192,"building_key":"dpw:451220870494@374138,3777594","source_tile":"cty-e374-n3777","source_tile_ids":["cty-e374-n3777"],"source_bld_id":"451220870494","height_m":4.395,"receiver_ids":[4178,4179,4180,4181,4182,4183,4184],"receiver_keys":["cty-e374-n3777:la-e374-n3777:facade:451220870494:0","cty-e374-n3777:la-e374-n3777:facade:451220870494:1","cty-e374-n3777:la-e374-n3777:facade:451220870494:2","cty-e374-n3777:la-e374-n3777:facade:451220870494:3","cty-e374-n3777:la-e374-n3777:facade:451220870494:5","cty-e374-n3777:la-e374-n3777:facade:451220870494:6","cty-e374-n3777:la-e374-n3777:facade:451220870494:7"],"receiver_count":7,"periods":{"D":{"min":52.342815,"max":60.12556,"receiver_count":7,"unavailable_count":0},"E":{"min":50.12433,"max":57.907074,"receiver_count":7,"unavailable_count":0},"N":{"min":45.35312,"max":53.13586,"receiver_count":7,"unavailable_count":0}}}},{"type":"Feature","id":"dpw:452385871369@374489,3777864","geometry":{"type":"Polygon","coordinates":[[[-118.36101339849338,34.13412677450703],[-118.36108142528748,34.13416938344872],[-118.36112177951227,34.13412482980886],[-118.36115584195194,34.13414618910121],[-118.36116685974307,34.13413401069301],[-118.36120864382471,34.13416018273678],[-118.36121518809122,34.134152963516826],[-118.36128500439483,34.13419669391643],[-118.36129253590653,34.13418837276955],[-118.36130294306942,34.13418792966144],[-118.36131369286267,34.134174954181724],[-118.36131253070612,34.134166192023606],[-118.361334171585,34.134142331300474],[-118.36127936599644,34.13410798162257],[-118.36128508901328,34.134101643850606],[-118.36117236357585,34.13403103075533],[-118.36116848241132,34.134035329154095],[-118.36112941613673,34.13401085197821],[-118.36112615948812,34.13401440654599],[-118.36111916832502,34.13401003064229],[-118.36101339849338,34.13412677450703]]]},"properties":{"building_pk":5201,"building_key":"dpw:452385871369@374489,3777864","source_tile":"cty-e374-n3777","source_tile_ids":["cty-e374-n3777"],"source_bld_id":"452385871369","height_m":6.989,"receiver_ids":[5992,5993,5994,5995,5996,5997,5998,5999],"receiver_keys":["cty-e374-n3777:la-e374-n3777:facade:452385871369:1","cty-e374-n3777:la-e374-n3777:facade:452385871369:2","cty-e374-n3777:la-e374-n3777:facade:452385871369:3","cty-e374-n3777:la-e374-n3777:facade:452385871369:4","cty-e374-n3777:la-e374-n3777:facade:452385871369:5","cty-e374-n3777:la-e374-n3777:facade:452385871369:6","cty-e374-n3777:la-e374-n3777:facade:452385871369:7","cty-e374-n3777:la-e374-n3777:facade:452385871369:8"],"receiver_count":8,"periods":{"D":{"min":51.246502,"max":68.24589,"receiver_count":8,"unavailable_count":0},"E":{"min":49.02801,"max":66.0274,"receiver_count":8,"unavailable_count":0},"N":{"min":44.2568,"max":61.256187,"receiver_count":8,"unavailable_count":0}}}},{"type":"Feature","id":"dpw:452201871730@374442,3777965","geometry":{"type":"Polygon","coordinates":[[[-118.36163708823973,34.13520072182098],[-118.36187706267553,34.135046225991594],[-118.36177633547243,34.134939874012545],[-118.3617727106262,34.13494227573396],[-118.36177115641392,34.13494063688573],[-118.36153573712679,34.13509221954206],[-118.36163708823973,34.13520072182098]]]},"properties":{"building_pk":5207,"building_key":"dpw:452201871730@374442,3777965","source_tile":"cty-e374-n3777","source_tile_ids":["cty-e374-n3777"],"source_bld_id":"452201871730","height_m":4.221,"receiver_ids":[6119,6120,6121,6122],"receiver_keys":["cty-e374-n3777:la-e374-n3777:facade:452201871730:3","cty-e374-n3777:la-e374-n3777:facade:452201871730:4","cty-e374-n3777:la-e374-n3777:facade:452201871730:7","cty-e374-n3777:la-e374-n3777:facade:452201871730:8"],"receiver_count":4,"periods":{"D":{"min":62.96404,"max":74.83782,"receiver_count":4,"unavailable_count":0},"E":{"min":60.745552,"max":72.61933,"receiver_count":4,"unavailable_count":0},"N":{"min":55.97434,"max":67.84812,"receiver_count":4,"unavailable_count":0}}}},{"type":"Feature","id":"dpw:453217869522@374748,3777294","geometry":{"type":"Polygon","coordinates":[[[-118.35819865709068,34.12901462808739],[-118.35825430357812,34.129053510473966],[-118.35827068954246,34.12903727663882],[-118.35832272402882,34.12907366974227],[-118.35834720417672,34.12904941528118],[-118.35840371206224,34.1290889270219],[-118.35847975336965,34.1290136847519],[-118.35838135303051,34.12894492163133],[-118.35837381793307,34.12895236360987],[-118.3583050796298,34.12890431450882],[-118.35821288311938,34.12899551484583],[-118.3582158657156,34.12899759486435],[-118.35819865709068,34.12901462808739]]]},"properties":{"building_pk":5251,"building_key":"dpw:453217869522@374748,3777294","source_tile":"cty-e374-n3777","source_tile_ids":["cty-e374-n3777"],"source_bld_id":"453217869522","height_m":4.804,"receiver_ids":[3538,3539,3540,3541,3542,3543],"receiver_keys":["cty-e374-n3777:la-e374-n3777:facade:453217869522:0","cty-e374-n3777:la-e374-n3777:facade:453217869522:1","cty-e374-n3777:la-e374-n3777:facade:453217869522:2","cty-e374-n3777:la-e374-n3777:facade:453217869522:3","cty-e374-n3777:la-e374-n3777:facade:453217869522:4","cty-e374-n3777:la-e374-n3777:facade:453217869522:5"],"receiver_count":6,"periods":{"D":{"min":60.53958,"max":61.320316,"receiver_count":6,"unavailable_count":0},"E":{"min":58.321095,"max":59.10183,"receiver_count":6,"unavailable_count":0},"N":{"min":53.54988,"max":54.330616,"receiver_count":6,"unavailable_count":0}}}},{"type":"Feature","id":"dpw:452282869704@374459,3777353","geometry":{"type":"Polygon","coordinates":[[[-118.36135873212366,34.129573209255604],[-118.36137252149643,34.12956783724998],[-118.36137845009817,34.12957878400134],[-118.36141005462335,34.12956690102737],[-118.3614039910267,34.129555322704746],[-118.36153169704494,34.12950781482764],[-118.36153696354864,34.12951832360225],[-118.3615604525868,34.129509487711516],[-118.36155508907773,34.12949961120464],[-118.36156759229193,34.12949490204641],[-118.36151643040864,34.12940072019229],[-118.36144989002385,34.12942573305679],[-118.36145888253468,34.129442248442835],[-118.36131662975883,34.12949570749083],[-118.36135873212366,34.129573209255604]]]},"properties":{"building_pk":5255,"building_key":"dpw:452282869704@374459,3777353","source_tile":"cty-e374-n3777","source_tile_ids":["cty-e374-n3777"],"source_bld_id":"452282869704","height_m":11.092,"receiver_ids":[3500,3501,3502,3503,3504,3505,3506,3507],"receiver_keys":["cty-e374-n3777:la-e374-n3777:facade:452282869704:0","cty-e374-n3777:la-e374-n3777:facade:452282869704:1","cty-e374-n3777:la-e374-n3777:facade:452282869704:2","cty-e374-n3777:la-e374-n3777:facade:452282869704:3","cty-e374-n3777:la-e374-n3777:facade:452282869704:4","cty-e374-n3777:la-e374-n3777:facade:452282869704:5","cty-e374-n3777:la-e374-n3777:facade:452282869704:6","cty-e374-n3777:la-e374-n3777:facade:452282869704:7"],"receiver_count":8,"periods":{"D":{"min":50.822422,"max":60.41467,"receiver_count":8,"unavailable_count":0},"E":{"min":48.60393,"max":58.196182,"receiver_count":8,"unavailable_count":0},"N":{"min":43.83272,"max":53.42497,"receiver_count":8,"unavailable_count":0}}}},{"type":"Feature","id":"dpw:453619870939@374872,3777724","geometry":{"type":"Polygon","coordinates":[[[-118.35708653439181,34.13289433303605],[-118.35702773026244,34.132859334228705],[-118.3569902118773,34.13290291618223],[-118.35701708036908,34.13291891210809],[-118.35701377227142,34.132922889536694],[-118.35704541418912,34.1329424161956],[-118.35708653439181,34.13289433303605]]]},"properties":{"building_pk":5257,"building_key":"dpw:453619870939@374872,3777724","source_tile":"cty-e374-n3777","source_tile_ids":["cty-e374-n3777"],"source_bld_id":"453619870939","height_m":5.078,"receiver_ids":[4988,4989,4990],"receiver_keys":["cty-e374-n3777:la-e374-n3777:facade:453619870939:0","cty-e374-n3777:la-e374-n3777:facade:453619870939:2","cty-e374-n3777:la-e374-n3777:facade:453619870939:3"],"receiver_count":3,"periods":{"D":{"min":65.14568,"max":66.11194,"receiver_count":3,"unavailable_count":0},"E":{"min":62.927193,"max":63.89345,"receiver_count":3,"unavailable_count":0},"N":{"min":58.155983,"max":59.122242,"receiver_count":3,"unavailable_count":0}}}},{"type":"Feature","id":"dpw:452081870127@374411,3777474","geometry":{"type":"Polygon","coordinates":[[[-118.36199501357778,34.1306398766409],[-118.36199704915886,34.13064454140099],[-118.36201799851148,34.13065200828513],[-118.36202743842706,34.13064961618557],[-118.36204305575194,34.130692299495585],[-118.36209825634184,34.130719173003136],[-118.36220692581172,34.13067048453438],[-118.3620819421401,34.13060697076563],[-118.36206877129462,34.13061025304264],[-118.36206204960172,34.13059169703427],[-118.36204128739057,34.13059689797652],[-118.36201305960702,34.130518667920654],[-118.36196957142086,34.13053347155354],[-118.36194686840797,34.13048729256158],[-118.36192608178443,34.1304943624406],[-118.36190780741113,34.13049425217638],[-118.36185089362654,34.130514344704025],[-118.36184335548457,34.130521044944956],[-118.36190592781209,34.13067059006685],[-118.36199501357778,34.1306398766409]]]},"properties":{"building_pk":5262,"building_key":"dpw:452081870127@374411,3777474","source_tile":"cty-e374-n3777","source_tile_ids":["cty-e374-n3777"],"source_bld_id":"452081870127","height_m":10.071,"receiver_ids":[4217,4218,4219,4220,4221,4222,4223,4224,4225,4226],"receiver_keys":["cty-e374-n3777:la-e374-n3777:facade:452081870127:0","cty-e374-n3777:la-e374-n3777:facade:452081870127:1","cty-e374-n3777:la-e374-n3777:facade:452081870127:10","cty-e374-n3777:la-e374-n3777:facade:452081870127:2","cty-e374-n3777:la-e374-n3777:facade:452081870127:3","cty-e374-n3777:la-e374-n3777:facade:452081870127:5","cty-e374-n3777:la-e374-n3777:facade:452081870127:6","cty-e374-n3777:la-e374-n3777:facade:452081870127:7","cty-e374-n3777:la-e374-n3777:facade:452081870127:8","cty-e374-n3777:la-e374-n3777:facade:452081870127:9"],"receiver_count":10,"periods":{"D":{"min":50.31797,"max":61.67425,"receiver_count":10,"unavailable_count":0},"E":{"min":48.099483,"max":59.45576,"receiver_count":10,"unavailable_count":0},"N":{"min":43.328274,"max":54.68455,"receiver_count":10,"unavailable_count":0}}}},{"type":"Feature","id":"dpw:453481870838@374830,3777693","geometry":{"type":"Polygon","coordinates":[[[-118.35763284839204,34.132665369575456],[-118.35765781547487,34.1325985460097],[-118.35754512022625,34.13257485528807],[-118.357542838659,34.13258233576668],[-118.35740088323418,34.132552501845765],[-118.35738850071256,34.132593206726526],[-118.35736035381697,34.13258730014128],[-118.35734363740376,34.1326423342148],[-118.35738134204934,34.132650246410385],[-118.35738068989481,34.13265239219009],[-118.35757047223983,34.13269227922995],[-118.35758187695747,34.13265465506531],[-118.35763284839204,34.132665369575456]]]},"properties":{"building_pk":5288,"building_key":"dpw:453481870838@374830,3777693","source_tile":"cty-e374-n3777","source_tile_ids":["cty-e374-n3777"],"source_bld_id":"453481870838","height_m":6.62,"receiver_ids":[4887,4888,4889,4890,4891,4892,4893,4894],"receiver_keys":["cty-e374-n3777:la-e374-n3777:facade:453481870838:0","cty-e374-n3777:la-e374-n3777:facade:453481870838:1","cty-e374-n3777:la-e374-n3777:facade:453481870838:2","cty-e374-n3777:la-e374-n3777:facade:453481870838:3","cty-e374-n3777:la-e374-n3777:facade:453481870838:4","cty-e374-n3777:la-e374-n3777:facade:453481870838:5","cty-e374-n3777:la-e374-n3777:facade:453481870838:6","cty-e374-n3777:la-e374-n3777:facade:453481870838:7"],"receiver_count":8,"periods":{"D":{"min":60.615826,"max":66.28027,"receiver_count":8,"unavailable_count":0},"E":{"min":58.39734,"max":64.06179,"receiver_count":8,"unavailable_count":0},"N":{"min":53.626125,"max":59.290577,"receiver_count":8,"unavailable_count":0}}}},{"type":"Feature","id":"dpw:452403870397@374501,3777567","geometry":{"type":"Polygon","coordinates":[[[-118.36100200114547,34.131495432328364],[-118.36101022803928,34.13149529867195],[-118.36101058871554,34.131509778962055],[-118.36110644248056,34.131508090754636],[-118.36110133263382,34.13130423995807],[-118.36100551150514,34.131305900117106],[-118.36100938348076,34.13146040274904],[-118.36100112298669,34.13146053740726],[-118.36100200114547,34.131495432328364]]]},"properties":{"building_pk":5300,"building_key":"dpw:452403870397@374501,3777567","source_tile":"cty-e374-n3777","source_tile_ids":["cty-e374-n3777"],"source_bld_id":"452403870397","height_m":5.907,"receiver_ids":[4763,4764,4765,4766,4767,4768,4769],"receiver_keys":["cty-e374-n3777:la-e374-n3777:facade:452403870397:0","cty-e374-n3777:la-e374-n3777:facade:452403870397:1","cty-e374-n3777:la-e374-n3777:facade:452403870397:2","cty-e374-n3777:la-e374-n3777:facade:452403870397:3","cty-e374-n3777:la-e374-n3777:facade:452403870397:4","cty-e374-n3777:la-e374-n3777:facade:452403870397:5","cty-e374-n3777:la-e374-n3777:facade:452403870397:6"],"receiver_count":7,"periods":{"D":{"min":60.57968,"max":61.912514,"receiver_count":7,"unavailable_count":0},"E":{"min":58.36119,"max":59.694027,"receiver_count":7,"unavailable_count":0},"N":{"min":53.58998,"max":54.922813,"receiver_count":7,"unavailable_count":0}}}},{"type":"Feature","id":"dpw:452300869865@374470,3777406","geometry":{"type":"Polygon","coordinates":[[[-118.36140726866691,34.130038336765196],[-118.36136280312392,34.12998752392931],[-118.36137364618172,34.129980951772694],[-118.3613897849879,34.12999942376794],[-118.36146446705021,34.129954245382855],[-118.36143444695891,34.129919903703865],[-118.36144762992934,34.12991192355737],[-118.36140771406548,34.12986628997851],[-118.36134510076025,34.12990704447604],[-118.36136217777357,34.12992687949663],[-118.36132678083662,34.12994828138937],[-118.36132173327447,34.12994252664999],[-118.36120980943123,34.13001021129059],[-118.36123966372905,34.130044333545996],[-118.36124391535812,34.13004176498601],[-118.36130206182769,34.13010825524638],[-118.36134296252905,34.130083512044436],[-118.36133937585802,34.13007940094566],[-118.36140726866691,34.130038336765196]]]},"properties":{"building_pk":5322,"building_key":"dpw:452300869865@374470,3777406","source_tile":"cty-e374-n3777","source_tile_ids":["cty-e374-n3777"],"source_bld_id":"452300869865","height_m":7.672,"receiver_ids":[3732,3733,3734,3735,3736,3737,3738,3739],"receiver_keys":["cty-e374-n3777:la-e374-n3777:facade:452300869865:1","cty-e374-n3777:la-e374-n3777:facade:452300869865:2","cty-e374-n3777:la-e374-n3777:facade:452300869865:3","cty-e374-n3777:la-e374-n3777:facade:452300869865:4","cty-e374-n3777:la-e374-n3777:facade:452300869865:5","cty-e374-n3777:la-e374-n3777:facade:452300869865:6","cty-e374-n3777:la-e374-n3777:facade:452300869865:7","cty-e374-n3777:la-e374-n3777:facade:452300869865:8"],"receiver_count":8,"periods":{"D":{"min":59.947845,"max":61.73601,"receiver_count":8,"unavailable_count":0},"E":{"min":57.729355,"max":59.517525,"receiver_count":8,"unavailable_count":0},"N":{"min":52.958145,"max":54.74631,"receiver_count":8,"unavailable_count":0}}}},{"type":"Feature","id":"dpw:453928869819@374962,3777381","geometry":{"type":"Polygon","coordinates":[[[-118.35602708446756,34.129830845493466],[-118.35601029917161,34.129807674985706],[-118.35598415085313,34.1298207494353],[-118.3560009372286,34.12984391994353],[-118.35602708446756,34.129830845493466]]]},"properties":{"building_pk":5333,"building_key":"dpw:453928869819@374962,3777381","source_tile":"cty-e374-n3777","source_tile_ids":["cty-e374-n3777"],"source_bld_id":"453928869819","height_m":1.649,"receiver_ids":[3913,3914,3915],"receiver_keys":["cty-e374-n3777:la-e374-n3777:facade:453928869819:1","cty-e374-n3777:la-e374-n3777:facade:453928869819:2","cty-e374-n3777:la-e374-n3777:facade:453928869819:3"],"receiver_count":3,"periods":{"D":{"min":63.521072,"max":63.796013,"receiver_count":3,"unavailable_count":0},"E":{"min":61.302586,"max":61.577522,"receiver_count":3,"unavailable_count":0},"N":{"min":56.531372,"max":56.806313,"receiver_count":3,"unavailable_count":0}}}},{"type":"Feature","id":"dpw:452022870347@374384,3777551","geometry":{"type":"Polygon","coordinates":[[[-118.3622874653406,34.13128310442119],[-118.36229919485505,34.131290433909776],[-118.36230670000424,34.131298875031305],[-118.36226240089913,34.13134778268858],[-118.36240723045726,34.131438468562564],[-118.36248448196751,34.131353134656166],[-118.36232951342619,34.13125613155499],[-118.3623590123015,34.13122356349993],[-118.36226179709764,34.13116268659882],[-118.36220181100917,34.13122892548915],[-118.36223020774828,34.13124672956732],[-118.3622072192835,34.13127210636571],[-118.36226477358854,34.13130815128069],[-118.3622874653406,34.13128310442119]]]},"properties":{"building_pk":5382,"building_key":"dpw:452022870347@374384,3777551","source_tile":"cty-e374-n3777","source_tile_ids":["cty-e374-n3777"],"source_bld_id":"452022870347","height_m":7.202,"receiver_ids":[4278,4279,4280,4281,4282,4283,4284,4285],"receiver_keys":["cty-e374-n3777:la-e374-n3777:facade:452022870347:1","cty-e374-n3777:la-e374-n3777:facade:452022870347:2","cty-e374-n3777:la-e374-n3777:facade:452022870347:3","cty-e374-n3777:la-e374-n3777:facade:452022870347:4","cty-e374-n3777:la-e374-n3777:facade:452022870347:5","cty-e374-n3777:la-e374-n3777:facade:452022870347:6","cty-e374-n3777:la-e374-n3777:facade:452022870347:7","cty-e374-n3777:la-e374-n3777:facade:452022870347:9"],"receiver_count":8,"periods":{"D":{"min":61.116158,"max":62.342644,"receiver_count":8,"unavailable_count":0},"E":{"min":58.89767,"max":60.124157,"receiver_count":8,"unavailable_count":0},"N":{"min":54.126457,"max":55.352943,"receiver_count":8,"unavailable_count":0}}}},{"type":"Feature","id":"dpw:451151871816@374122,3777997","geometry":{"type":"Polygon","coordinates":[[[-118.36523895636195,34.13533820952656],[-118.3652988983002,34.135254053035204],[-118.36524037941898,34.13522521212939],[-118.3652348623516,34.13523297749994],[-118.36519233928367,34.135212029868605],[-118.36513200370975,34.13529668243906],[-118.3651683662567,34.135314598806396],[-118.36517424545312,34.13530633740165],[-118.36523895636195,34.13533820952656]]]},"properties":{"building_pk":5385,"building_key":"dpw:451151871816@374122,3777997","source_tile":"cty-e374-n3777","source_tile_ids":["cty-e374-n3777"],"source_bld_id":"451151871816","height_m":7.023,"receiver_ids":[5680,5681,5682],"receiver_keys":["cty-e374-n3777:la-e374-n3777:facade:451151871816:0","cty-e374-n3777:la-e374-n3777:facade:451151871816:1","cty-e374-n3777:la-e374-n3777:facade:451151871816:4"],"receiver_count":3,"periods":{"D":{"min":65.39536,"max":68.07136,"receiver_count":3,"unavailable_count":0},"E":{"min":63.17688,"max":65.85287,"receiver_count":3,"unavailable_count":0},"N":{"min":58.405666,"max":61.081657,"receiver_count":3,"unavailable_count":0}}}},{"type":"Feature","id":"dpw:452437870523@374506,3777599","geometry":{"type":"Polygon","coordinates":[[[-118.36109038805759,34.13170043627226],[-118.3610570642295,34.13171229634868],[-118.36105311265955,34.13170780137532],[-118.36104696750077,34.13170045598739],[-118.36103188675737,34.13168981152334],[-118.36102129088904,34.13168489644464],[-118.36106077016619,34.13159868727764],[-118.36104244202475,34.13159371415913],[-118.36100485325305,34.13158975960011],[-118.36096769580116,34.13159379946123],[-118.36093292614817,34.13160750565848],[-118.36090030173125,34.131628184228205],[-118.36088032464852,34.13164682001493],[-118.36086134825027,34.13167550944124],[-118.36085339064006,34.131699852122026],[-118.36085076944515,34.1317202490776],[-118.36085327295719,34.131741400645694],[-118.36084261438317,34.131744812321884],[-118.36084891763426,34.131758394973424],[-118.36085690427828,34.13175584322463],[-118.36086544230882,34.13177428389013],[-118.36087186598283,34.13178487127948],[-118.3608875539882,34.13180584554909],[-118.36091294019016,34.13182319192956],[-118.36093261390405,34.131833464784265],[-118.36095306479459,34.13184043839917],[-118.36097757081981,34.13184500902797],[-118.36100744460835,34.13184535975968],[-118.36103025511684,34.131839905857376],[-118.36105246153762,34.13183239284464],[-118.36106940171958,34.13182198269701],[-118.3610919209793,34.13180281729552],[-118.36110054814236,34.13178817312234],[-118.36110554108814,34.13177348391034],[-118.36110930532793,34.1317499236517],[-118.36110681647293,34.13173217984977],[-118.3610985945528,34.13171063336808],[-118.36109038805759,34.13170043627226]]]},"properties":{"building_pk":5410,"building_key":"dpw:452437870523@374506,3777599","source_tile":"cty-e374-n3777","source_tile_ids":["cty-e374-n3777"],"source_bld_id":"452437870523","height_m":9.851,"receiver_ids":[4770,4771,4772,4773,4774,4775,4776,4777,4778,4779],"receiver_keys":["cty-e374-n3777:la-e374-n3777:facade:452437870523:0","cty-e374-n3777:la-e374-n3777:facade:452437870523:1","cty-e374-n3777:la-e374-n3777:facade:452437870523:2","cty-e374-n3777:la-e374-n3777:facade:452437870523:3","cty-e374-n3777:la-e374-n3777:facade:452437870523:4","cty-e374-n3777:la-e374-n3777:facade:452437870523:5","cty-e374-n3777:la-e374-n3777:facade:452437870523:6","cty-e374-n3777:la-e374-n3777:facade:452437870523:7","cty-e374-n3777:la-e374-n3777:facade:452437870523:8","cty-e374-n3777:la-e374-n3777:facade:452437870523:9"],"receiver_count":10,"periods":{"D":{"min":49.691456,"max":63.034176,"receiver_count":10,"unavailable_count":0},"E":{"min":47.47297,"max":60.81569,"receiver_count":10,"unavailable_count":0},"N":{"min":42.701756,"max":56.044476,"receiver_count":10,"unavailable_count":0}}}},{"type":"Feature","id":"dpw:451709871775@374292,3777985","geometry":{"type":"Polygon","coordinates":[[[-118.36337659201853,34.13514884895079],[-118.3633239956101,34.13515940446151],[-118.36331287818736,34.135216214798476],[-118.363311323297,34.13522415569157],[-118.3633755744426,34.135203820451345],[-118.36339761901631,34.135198324231325],[-118.36339405261943,34.135189723482725],[-118.36337659201853,34.13514884895079]]]},"properties":{"building_pk":5423,"building_key":"dpw:451709871775@374292,3777985","source_tile":"cty-e374-n3777","source_tile_ids":["cty-e374-n3777"],"source_bld_id":"451709871775","height_m":1.923,"receiver_ids":[5652,5653,5654],"receiver_keys":["cty-e374-n3777:la-e374-n3777:facade:451709871775:0","cty-e374-n3777:la-e374-n3777:facade:451709871775:1","cty-e374-n3777:la-e374-n3777:facade:451709871775:2"],"receiver_count":3,"periods":{"D":{"min":70.767784,"max":71.41245,"receiver_count":3,"unavailable_count":0},"E":{"min":68.5493,"max":69.19397,"receiver_count":3,"unavailable_count":0},"N":{"min":63.778088,"max":64.42275,"receiver_count":3,"unavailable_count":0}}}},{"type":"Feature","id":"dpw:453884870422@374950,3777565","geometry":{"type":"Polygon","coordinates":[[[-118.35620620084697,34.13149000764533],[-118.35617043318562,34.13144497045662],[-118.35611620248251,34.13147491787553],[-118.3561519010243,34.131520021096044],[-118.35620620084697,34.13149000764533]]]},"properties":{"building_pk":5502,"building_key":"dpw:453884870422@374950,3777565","source_tile":"cty-e374-n3777","source_tile_ids":["cty-e374-n3777"],"source_bld_id":"453884870422","height_m":2.582,"receiver_ids":[4632,4633,4634],"receiver_keys":["cty-e374-n3777:la-e374-n3777:facade:453884870422:0","cty-e374-n3777:la-e374-n3777:facade:453884870422:1","cty-e374-n3777:la-e374-n3777:facade:453884870422:2"],"receiver_count":3,"periods":{"D":{"min":64.84145,"max":65.65419,"receiver_count":3,"unavailable_count":0},"E":{"min":62.622967,"max":63.435703,"receiver_count":3,"unavailable_count":0},"N":{"min":57.851757,"max":58.66449,"receiver_count":3,"unavailable_count":0}}}},{"type":"Feature","id":"dpw:452318871360@374479,3777854","geometry":{"type":"Polygon","coordinates":[[[-118.36135607303079,34.13398539681087],[-118.36134639153414,34.13399544722365],[-118.36131036708233,34.133971400962444],[-118.36128181227205,34.134000971036315],[-118.3612989123435,34.13401240639297],[-118.36129730095223,34.13401408716421],[-118.36130508928449,34.13401928467859],[-118.36129363981561,34.134031162375194],[-118.36128638221203,34.13402634822964],[-118.36126585444978,34.13404762271759],[-118.36127390706561,34.13405301237272],[-118.36127124325951,34.13405576821498],[-118.3613644684597,34.134117976799786],[-118.36144142491105,34.13403930769785],[-118.36135607303079,34.13398539681087]]]},"properties":{"building_pk":5505,"building_key":"dpw:452318871360@374479,3777854","source_tile":"cty-e374-n3777","source_tile_ids":["cty-e374-n3777"],"source_bld_id":"452318871360","height_m":4.532,"receiver_ids":[5985,5986,5987],"receiver_keys":["cty-e374-n3777:la-e374-n3777:facade:452318871360:2","cty-e374-n3777:la-e374-n3777:facade:452318871360:3","cty-e374-n3777:la-e374-n3777:facade:452318871360:4"],"receiver_count":3,"periods":{"D":{"min":50.618137,"max":67.35321,"receiver_count":3,"unavailable_count":0},"E":{"min":48.39965,"max":65.13472,"receiver_count":3,"unavailable_count":0},"N":{"min":43.628437,"max":60.363506,"receiver_count":3,"unavailable_count":0}}}},{"type":"Feature","id":"dpw:450796871776@374022,3777984","geometry":{"type":"Polygon","coordinates":[[[-118.36629668213479,34.135155324768554],[-118.36625084599638,34.135192862068756],[-118.36633602309898,34.13526476379916],[-118.36643579416422,34.13518301393573],[-118.366243880838,34.135021057640905],[-118.36618994579288,34.13506524213872],[-118.36629668213479,34.135155324768554]]]},"properties":{"building_pk":5533,"building_key":"dpw:450796871776@374022,3777984","source_tile":"cty-e374-n3777","source_tile_ids":["cty-e374-n3777"],"source_bld_id":"450796871776","height_m":4.535,"receiver_ids":[6504,6505,6506,6507,6508,6509,6510,6511],"receiver_keys":["cty-e374-n3777:la-e374-n3777:facade:450796871776:0","cty-e374-n3777:la-e374-n3777:facade:450796871776:1","cty-e374-n3777:la-e374-n3777:facade:450796871776:2","cty-e374-n3777:la-e374-n3777:facade:450796871776:3","cty-e374-n3777:la-e374-n3777:facade:450796871776:4","cty-e374-n3777:la-e374-n3777:facade:450796871776:5","cty-e374-n3777:la-e374-n3777:facade:450796871776:6","cty-e374-n3777:la-e374-n3777:facade:450796871776:7"],"receiver_count":8,"periods":{"D":{"min":58.09647,"max":63.323196,"receiver_count":8,"unavailable_count":0},"E":{"min":55.877983,"max":61.10471,"receiver_count":8,"unavailable_count":0},"N":{"min":51.10677,"max":56.333496,"receiver_count":8,"unavailable_count":0}}}},{"type":"Feature","id":"dpw:451662869139@374269,3777177","geometry":{"type":"Polygon","coordinates":[[[-118.36342778959151,34.1279386368328],[-118.36350532967958,34.1279662665235],[-118.36354635354668,34.12788672956893],[-118.36349386533261,34.12786800927264],[-118.36348986833727,34.127875742945754],[-118.36346481531598,34.12786680563291],[-118.36342778959151,34.1279386368328]]]},"properties":{"building_pk":5558,"building_key":"dpw:451662869139@374269,3777177","source_tile":"cty-e374-n3777","source_tile_ids":["cty-e374-n3777"],"source_bld_id":"451662869139","height_m":6.294,"receiver_ids":[3148,3149,3150,3151],"receiver_keys":["cty-e374-n3777:la-e374-n3777:facade:451662869139:0","cty-e374-n3777:la-e374-n3777:facade:451662869139:1","cty-e374-n3777:la-e374-n3777:facade:451662869139:2","cty-e374-n3777:la-e374-n3777:facade:451662869139:3"],"receiver_count":4,"periods":{"D":{"min":40.613796,"max":43.340034,"receiver_count":4,"unavailable_count":0},"E":{"min":38.39531,"max":41.121548,"receiver_count":4,"unavailable_count":0},"N":{"min":33.624096,"max":36.350334,"receiver_count":4,"unavailable_count":0}}}},{"type":"Feature","id":"dpw:451578870912@374248,3777720","geometry":{"type":"Polygon","coordinates":[[[-118.36371301617635,34.132795692397444],[-118.36372118606756,34.13281955310305],[-118.36375443370623,34.13286241574287],[-118.36376656622436,34.13285589448506],[-118.36380066075868,34.13289978501905],[-118.3638780307189,34.132856119747636],[-118.36386529873748,34.132839494086966],[-118.36385082423183,34.132846957297],[-118.36382320307716,34.132810026081785],[-118.36385251179753,34.13279430252773],[-118.36382486375878,34.132758663294695],[-118.36385074377212,34.13274479099707],[-118.36380335533481,34.13268368329122],[-118.36374638741952,34.13271424640721],[-118.3637627369187,34.13273530125746],[-118.36376873673163,34.13273209537116],[-118.36378721334337,34.13275589169783],[-118.36371301617635,34.132795692397444]]]},"properties":{"building_pk":5567,"building_key":"dpw:451578870912@374248,3777720","source_tile":"cty-e374-n3777","source_tile_ids":["cty-e374-n3777"],"source_bld_id":"451578870912","height_m":2.862,"receiver_ids":[4443,4444,4445,4446,4447,4448,4449,4450],"receiver_keys":["cty-e374-n3777:la-e374-n3777:facade:451578870912:0","cty-e374-n3777:la-e374-n3777:facade:451578870912:1","cty-e374-n3777:la-e374-n3777:facade:451578870912:2","cty-e374-n3777:la-e374-n3777:facade:451578870912:3","cty-e374-n3777:la-e374-n3777:facade:451578870912:4","cty-e374-n3777:la-e374-n3777:facade:451578870912:5","cty-e374-n3777:la-e374-n3777:facade:451578870912:6","cty-e374-n3777:la-e374-n3777:facade:451578870912:7"],"receiver_count":8,"periods":{"D":{"min":58.685825,"max":60.644867,"receiver_count":8,"unavailable_count":0},"E":{"min":56.46734,"max":58.42638,"receiver_count":8,"unavailable_count":0},"N":{"min":51.696125,"max":53.655167,"receiver_count":8,"unavailable_count":0}}}},{"type":"Feature","id":"dpw:453424869574@374808,3777308","geometry":{"type":"Polygon","coordinates":[[[-118.35754609790817,34.129134004097786],[-118.35756599957064,34.12913622611044],[-118.35755907891567,34.129179113694484],[-118.35765567835996,34.129189902359855],[-118.35765062324248,34.12922107799072],[-118.35772404774809,34.129229296378],[-118.35772604340478,34.12921684297108],[-118.35775632606973,34.12922024318801],[-118.35776714265396,34.129153492136034],[-118.35775702643674,34.12915236811311],[-118.35776423770326,34.12910774870911],[-118.35766889430185,34.12909709434897],[-118.35766728530459,34.12910718368623],[-118.35763323480595,34.12910338259372],[-118.35764321368754,34.12904149781586],[-118.35756251606958,34.129032503938255],[-118.35754609790817,34.129134004097786]]]},"properties":{"building_pk":5613,"building_key":"dpw:453424869574@374808,3777308","source_tile":"cty-e374-n3777","source_tile_ids":["cty-e374-n3777"],"source_bld_id":"453424869574","height_m":1.451,"receiver_ids":[3556,3557,3558,3559,3560,3561,3562,3563,3564],"receiver_keys":["cty-e374-n3777:la-e374-n3777:facade:453424869574:0","cty-e374-n3777:la-e374-n3777:facade:453424869574:1","cty-e374-n3777:la-e374-n3777:facade:453424869574:2","cty-e374-n3777:la-e374-n3777:facade:453424869574:3","cty-e374-n3777:la-e374-n3777:facade:453424869574:4","cty-e374-n3777:la-e374-n3777:facade:453424869574:5","cty-e374-n3777:la-e374-n3777:facade:453424869574:6","cty-e374-n3777:la-e374-n3777:facade:453424869574:7","cty-e374-n3777:la-e374-n3777:facade:453424869574:8"],"receiver_count":9,"periods":{"D":{"min":61.151394,"max":61.361385,"receiver_count":9,"unavailable_count":0},"E":{"min":58.932903,"max":59.1429,"receiver_count":9,"unavailable_count":0},"N":{"min":54.161694,"max":54.371685,"receiver_count":9,"unavailable_count":0}}}},{"type":"Feature","id":"dpw:451007870721@374074,3777662","geometry":{"type":"Polygon","coordinates":[[[-118.36580453874936,34.13231813829688],[-118.36580265690307,34.1322582396405],[-118.36579325543937,34.13224689161085],[-118.36575440574195,34.13224923506311],[-118.36575346709436,34.13223863133429],[-118.3657273354134,34.132240221376314],[-118.36572232674382,34.13218299802101],[-118.36549100967184,34.13219699803157],[-118.36549709615032,34.13226644566733],[-118.36557324346639,34.13226184655119],[-118.36557936579062,34.13233178901792],[-118.36580453874936,34.13231813829688]]]},"properties":{"building_pk":5616,"building_key":"dpw:451007870721@374074,3777662","source_tile":"cty-e374-n3777","source_tile_ids":["cty-e374-n3777"],"source_bld_id":"451007870721","height_m":3.331,"receiver_ids":[6347,6348,6349,6350,6351,6352,6353,6354],"receiver_keys":["cty-e374-n3777:la-e374-n3777:facade:451007870721:0","cty-e374-n3777:la-e374-n3777:facade:451007870721:2","cty-e374-n3777:la-e374-n3777:facade:451007870721:3","cty-e374-n3777:la-e374-n3777:facade:451007870721:4","cty-e374-n3777:la-e374-n3777:facade:451007870721:5","cty-e374-n3777:la-e374-n3777:facade:451007870721:6","cty-e374-n3777:la-e374-n3777:facade:451007870721:7","cty-e374-n3777:la-e374-n3777:facade:451007870721:8"],"receiver_count":8,"periods":{"D":{"min":53.436058,"max":60.05039,"receiver_count":8,"unavailable_count":0},"E":{"min":51.21757,"max":57.8319,"receiver_count":8,"unavailable_count":0},"N":{"min":46.446358,"max":53.060688,"receiver_count":8,"unavailable_count":0}}}},{"type":"Feature","id":"dpw:450776871113@374011,3777782","geometry":{"type":"Polygon","coordinates":[[[-118.36642601991794,34.13341321230702],[-118.36642614086132,34.13345588614107],[-118.36650435787735,34.133455758997556],[-118.36650388850656,34.13328096703872],[-118.36645570908034,34.133281058116935],[-118.36645567812049,34.133273996480334],[-118.36639335597346,34.133274103362304],[-118.36639338909754,34.13328165993555],[-118.36635951815174,34.13328170760391],[-118.36635939508228,34.133223452532064],[-118.36627060358832,34.13322361162463],[-118.3662707988424,34.13329835376564],[-118.36629654078851,34.13329830280823],[-118.36629669924142,34.133349551036126],[-118.3663069096811,34.13334952009483],[-118.36630705751773,34.13341343493392],[-118.36642601991794,34.13341321230702]]]},"properties":{"building_pk":5618,"building_key":"dpw:450776871113@374011,3777782","source_tile":"cty-e374-n3777","source_tile_ids":["cty-e374-n3777"],"source_bld_id":"450776871113","height_m":4.868,"receiver_ids":[6373,6374,6375,6376,6377,6378,6379,6380,6381],"receiver_keys":["cty-e374-n3777:la-e374-n3777:facade:450776871113:0","cty-e374-n3777:la-e374-n3777:facade:450776871113:1","cty-e374-n3777:la-e374-n3777:facade:450776871113:2","cty-e374-n3777:la-e374-n3777:facade:450776871113:3","cty-e374-n3777:la-e374-n3777:facade:450776871113:4","cty-e374-n3777:la-e374-n3777:facade:450776871113:5","cty-e374-n3777:la-e374-n3777:facade:450776871113:6","cty-e374-n3777:la-e374-n3777:facade:450776871113:8","cty-e374-n3777:la-e374-n3777:facade:450776871113:9"],"receiver_count":9,"periods":{"D":{"min":61.869083,"max":63.83707,"receiver_count":9,"unavailable_count":0},"E":{"min":59.650597,"max":61.618584,"receiver_count":9,"unavailable_count":0},"N":{"min":54.879383,"max":56.847374,"receiver_count":9,"unavailable_count":0}}}},{"type":"Feature","id":"dpw:453219870352@374747,3777542","geometry":{"type":"Polygon","coordinates":[[[-118.35828883073741,34.13133453827371],[-118.35846528793368,34.13128095342241],[-118.35844232946057,34.131228646796856],[-118.35840048350599,34.13124135541506],[-118.35838860470345,34.13121429678747],[-118.3583859639674,34.131215101574604],[-118.35837061363753,34.131180166604885],[-118.35827857298614,34.131208138232424],[-118.35830463496937,34.13126747037118],[-118.35826470321575,34.13127959628525],[-118.35828883073741,34.13133453827371]]]},"properties":{"building_pk":5636,"building_key":"dpw:453219870352@374747,3777542","source_tile":"cty-e374-n3777","source_tile_ids":["cty-e374-n3777"],"source_bld_id":"453219870352","height_m":6.66,"receiver_ids":[4785,4786,4787,4788,4789,4790],"receiver_keys":["cty-e374-n3777:la-e374-n3777:facade:453219870352:0","cty-e374-n3777:la-e374-n3777:facade:453219870352:1","cty-e374-n3777:la-e374-n3777:facade:453219870352:2","cty-e374-n3777:la-e374-n3777:facade:453219870352:3","cty-e374-n3777:la-e374-n3777:facade:453219870352:5","cty-e374-n3777:la-e374-n3777:facade:453219870352:6"],"receiver_count":6,"periods":{"D":{"min":49.823215,"max":55.94875,"receiver_count":6,"unavailable_count":0},"E":{"min":47.60473,"max":53.730263,"receiver_count":6,"unavailable_count":0},"N":{"min":42.833515,"max":48.95905,"receiver_count":6,"unavailable_count":0}}}},{"type":"Feature","id":"dpw:452491871091@374526,3777775","geometry":{"type":"Polygon","coordinates":[[[-118.36080374361767,34.1333961333156],[-118.36086588163366,34.133284300743966],[-118.36077409553462,34.13324901725711],[-118.36071192489777,34.13336084987854],[-118.36080374361767,34.1333961333156]]]},"properties":{"building_pk":5645,"building_key":"dpw:452491871091@374526,3777775","source_tile":"cty-e374-n3777","source_tile_ids":["cty-e374-n3777"],"source_bld_id":"452491871091","height_m":4.575,"receiver_ids":[5141,5142,5143,5144,5145],"receiver_keys":["cty-e374-n3777:la-e374-n3777:facade:452491871091:0","cty-e374-n3777:la-e374-n3777:facade:452491871091:1","cty-e374-n3777:la-e374-n3777:facade:452491871091:2","cty-e374-n3777:la-e374-n3777:facade:452491871091:3","cty-e374-n3777:la-e374-n3777:facade:452491871091:4"],"receiver_count":5,"periods":{"D":{"min":65.46168,"max":66.557655,"receiver_count":5,"unavailable_count":0},"E":{"min":63.24319,"max":64.339165,"receiver_count":5,"unavailable_count":0},"N":{"min":58.471977,"max":59.567955,"receiver_count":5,"unavailable_count":0}}}},{"type":"Feature","id":"dpw:451642869002@374260,3777141","geometry":{"type":"Polygon","coordinates":[[[-118.36350838423533,34.127658301771824],[-118.36353396690286,34.12763723167123],[-118.36360493887327,34.12769689458288],[-118.36371533579286,34.12760607439529],[-118.36362224456268,34.127527791964624],[-118.3636775579666,34.12748228551605],[-118.36361789657047,34.12743215121069],[-118.36342656877643,34.127589520821516],[-118.36350838423533,34.127658301771824]]]},"properties":{"building_pk":5664,"building_key":"dpw:451642869002@374260,3777141","source_tile":"cty-e374-n3777","source_tile_ids":["cty-e374-n3777"],"source_bld_id":"451642869002","height_m":4.834,"receiver_ids":[3124,3125,3126,3127,3128,3129,3130],"receiver_keys":["cty-e374-n3777:la-e374-n3777:facade:451642869002:0","cty-e374-n3777:la-e374-n3777:facade:451642869002:1","cty-e374-n3777:la-e374-n3777:facade:451642869002:2","cty-e374-n3777:la-e374-n3777:facade:451642869002:3","cty-e374-n3777:la-e374-n3777:facade:451642869002:4","cty-e374-n3777:la-e374-n3777:facade:451642869002:5","cty-e374-n3777:la-e374-n3777:facade:451642869002:8"],"receiver_count":7,"periods":{"D":{"min":42.861153,"max":52.063183,"receiver_count":7,"unavailable_count":0},"E":{"min":40.642666,"max":49.844696,"receiver_count":7,"unavailable_count":0},"N":{"min":35.871452,"max":45.073483,"receiver_count":7,"unavailable_count":0}}}},{"type":"Feature","id":"dpw:453176870477@374734,3777580","geometry":{"type":"Polygon","coordinates":[[[-118.35850728175322,34.131664681090506],[-118.35851272151105,34.13166963782667],[-118.3585438475968,34.13164602444003],[-118.35860366128288,34.131700584638324],[-118.35865629501916,34.13166069419738],[-118.35863443260122,34.13164078193775],[-118.35864853038984,34.131630105595235],[-118.35860732812017,34.13159249947692],[-118.3586350610975,34.131571478131114],[-118.35858470246012,34.13152557258915],[-118.35854115890967,34.13155856633468],[-118.35851060557148,34.13153068411269],[-118.35851867559575,34.131524559485726],[-118.35850016432424,34.131507687157324],[-118.35849209418424,34.131513784737294],[-118.35847879189298,34.131501650753755],[-118.35847661772051,34.13150330611024],[-118.35846294975474,34.13149084324745],[-118.35835468469594,34.13157291370958],[-118.35836865197038,34.1315856506656],[-118.35833008139878,34.13161489272593],[-118.35839261474052,34.13167191787788],[-118.35840055311597,34.13166593158413],[-118.35844822467185,34.13170942635137],[-118.35850728175322,34.131664681090506]]]},"properties":{"building_pk":5682,"building_key":"dpw:453176870477@374734,3777580","source_tile":"cty-e374-n3777","source_tile_ids":["cty-e374-n3777"],"source_bld_id":"453176870477","height_m":9.76,"receiver_ids":[4809,4810,4811,4812,4813,4814,4815,4816,4817,4818],"receiver_keys":["cty-e374-n3777:la-e374-n3777:facade:453176870477:0","cty-e374-n3777:la-e374-n3777:facade:453176870477:1","cty-e374-n3777:la-e374-n3777:facade:453176870477:10","cty-e374-n3777:la-e374-n3777:facade:453176870477:3","cty-e374-n3777:la-e374-n3777:facade:453176870477:4","cty-e374-n3777:la-e374-n3777:facade:453176870477:5","cty-e374-n3777:la-e374-n3777:facade:453176870477:6","cty-e374-n3777:la-e374-n3777:facade:453176870477:7","cty-e374-n3777:la-e374-n3777:facade:453176870477:8","cty-e374-n3777:la-e374-n3777:facade:453176870477:9"],"receiver_count":10,"periods":{"D":{"min":55.039207,"max":57.641163,"receiver_count":10,"unavailable_count":0},"E":{"min":52.82072,"max":55.422676,"receiver_count":10,"unavailable_count":0},"N":{"min":48.049507,"max":50.651466,"receiver_count":10,"unavailable_count":0}}}},{"type":"Feature","id":"dpw:453381871087@374803,3777760","geometry":{"type":"Polygon","coordinates":[[[-118.35788728453912,34.13340499540907],[-118.35796428672988,34.13331386736937],[-118.35778501235642,34.13320478493124],[-118.35782939615198,34.133182670507495],[-118.3578062962075,34.133143691577814],[-118.35779658167534,34.133097473360486],[-118.35771034401927,34.1331152328084],[-118.35772240477382,34.13317694148595],[-118.35773257189183,34.13320529714666],[-118.35770321510225,34.133240996482506],[-118.35775439467736,34.13327011066814],[-118.3577236249422,34.13330751809302],[-118.35788728453912,34.13340499540907]]]},"properties":{"building_pk":5689,"building_key":"dpw:453381871087@374803,3777760","source_tile":"cty-e374-n3777","source_tile_ids":["cty-e374-n3777"],"source_bld_id":"453381871087","height_m":3.895,"receiver_ids":[6051,6052,6053,6054,6055,6056,6057,6058,6059],"receiver_keys":["cty-e374-n3777:la-e374-n3777:facade:453381871087:0","cty-e374-n3777:la-e374-n3777:facade:453381871087:1","cty-e374-n3777:la-e374-n3777:facade:453381871087:10","cty-e374-n3777:la-e374-n3777:facade:453381871087:2","cty-e374-n3777:la-e374-n3777:facade:453381871087:4","cty-e374-n3777:la-e374-n3777:facade:453381871087:5","cty-e374-n3777:la-e374-n3777:facade:453381871087:6","cty-e374-n3777:la-e374-n3777:facade:453381871087:7","cty-e374-n3777:la-e374-n3777:facade:453381871087:9"],"receiver_count":9,"periods":{"D":{"min":66.502304,"max":68.62136,"receiver_count":9,"unavailable_count":0},"E":{"min":64.28381,"max":66.40287,"receiver_count":9,"unavailable_count":0},"N":{"min":59.512604,"max":61.631657,"receiver_count":9,"unavailable_count":0}}}},{"type":"Feature","id":"dpw:452765869376@374604,3777250","geometry":{"type":"Polygon","coordinates":[[[-118.35989841703945,34.12863196446105],[-118.35990627555003,34.128585364128504],[-118.3599209552912,34.12858713430655],[-118.35992753198795,34.128549001405396],[-118.3597848104014,34.128531949148254],[-118.35976543489312,34.12864414882774],[-118.35986672728818,34.128656250619834],[-118.35989841703945,34.12863196446105]]]},"properties":{"building_pk":5700,"building_key":"dpw:452765869376@374604,3777250","source_tile":"cty-e374-n3777","source_tile_ids":["cty-e374-n3777"],"source_bld_id":"452765869376","height_m":9.565,"receiver_ids":[3386,3387,3388,3389,3390,3391],"receiver_keys":["cty-e374-n3777:la-e374-n3777:facade:452765869376:0","cty-e374-n3777:la-e374-n3777:facade:452765869376:1","cty-e374-n3777:la-e374-n3777:facade:452765869376:2","cty-e374-n3777:la-e374-n3777:facade:452765869376:3","cty-e374-n3777:la-e374-n3777:facade:452765869376:4","cty-e374-n3777:la-e374-n3777:facade:452765869376:5"],"receiver_count":6,"periods":{"D":{"min":57.04673,"max":60.76441,"receiver_count":6,"unavailable_count":0},"E":{"min":54.828243,"max":58.54592,"receiver_count":6,"unavailable_count":0},"N":{"min":50.05703,"max":53.774708,"receiver_count":6,"unavailable_count":0}}}},{"type":"Feature","id":"dpw:452140868745@374423,3777056","geometry":{"type":"Polygon","coordinates":[[[-118.3618028629917,34.12692220439519],[-118.36188063486105,34.12691982862038],[-118.36196269487667,34.12685451276994],[-118.3617786822289,34.126694641745594],[-118.36171427312463,34.12674594527254],[-118.36177241567168,34.126796442065924],[-118.36177167684774,34.1268090847077],[-118.3617885655554,34.126825109437604],[-118.36180115468902,34.12682531877526],[-118.3618363753681,34.12685519300636],[-118.36180063020144,34.12685667394967],[-118.3618028629917,34.12692220439519]]]},"properties":{"building_pk":5715,"building_key":"dpw:452140868745@374423,3777056","source_tile":"cty-e374-n3777","source_tile_ids":["cty-e374-n3777"],"source_bld_id":"452140868745","height_m":7.751,"receiver_ids":[2863,2864,2865,2866,2867,2868,2869,2870],"receiver_keys":["cty-e374-n3777:la-e374-n3777:facade:452140868745:0","cty-e374-n3777:la-e374-n3777:facade:452140868745:1","cty-e374-n3777:la-e374-n3777:facade:452140868745:2","cty-e374-n3777:la-e374-n3777:facade:452140868745:3","cty-e374-n3777:la-e374-n3777:facade:452140868745:4","cty-e374-n3777:la-e374-n3777:facade:452140868745:5","cty-e374-n3777:la-e374-n3777:facade:452140868745:6","cty-e374-n3777:la-e374-n3777:facade:452140868745:7"],"receiver_count":8,"periods":{"D":{"min":42.55815,"max":48.517117,"receiver_count":8,"unavailable_count":0},"E":{"min":40.339664,"max":46.298626,"receiver_count":8,"unavailable_count":0},"N":{"min":35.56845,"max":41.527416,"receiver_count":8,"unavailable_count":0}}}},{"type":"Feature","id":"dpw:454039870214@374994,3777496","geometry":{"type":"Polygon","coordinates":[[[-118.3558001693766,34.130901017800355],[-118.35574275281195,34.13084235529539],[-118.35573250017762,34.130840296611694],[-118.3557200754731,34.13084014114996],[-118.35571079347234,34.13084096542298],[-118.35569399004106,34.130844641748624],[-118.35567905597705,34.13085298432802],[-118.35567461568316,34.130857889125295],[-118.35566796982006,34.13086472338735],[-118.35566314609625,34.130872513324384],[-118.35565585973791,34.13088424120188],[-118.35560912753206,34.13083582379885],[-118.3555482685926,34.130876451120024],[-118.3556613479937,34.13099364621699],[-118.3558001693766,34.130901017800355]]]},"properties":{"building_pk":5716,"building_key":"dpw:454039870214@374994,3777496","source_tile":"cty-e374-n3777","source_tile_ids":["cty-e374-n3777"],"source_bld_id":"454039870214","height_m":4.164,"receiver_ids":[4569,4570,4571,4572,4573,4574,4575],"receiver_keys":["cty-e374-n3777:la-e374-n3777:facade:454039870214:0","cty-e374-n3777:la-e374-n3777:facade:454039870214:1","cty-e374-n3777:la-e374-n3777:facade:454039870214:2","cty-e374-n3777:la-e374-n3777:facade:454039870214:3","cty-e374-n3777:la-e374-n3777:facade:454039870214:4","cty-e374-n3777:la-e374-n3777:facade:454039870214:5","cty-e374-n3777:la-e374-n3777:facade:454039870214:6"],"receiver_count":7,"periods":{"D":{"min":60.73434,"max":64.30323,"receiver_count":7,"unavailable_count":0},"E":{"min":58.515854,"max":62.084743,"receiver_count":7,"unavailable_count":0},"N":{"min":53.74464,"max":57.313534,"receiver_count":7,"unavailable_count":0}}}},{"type":"Feature","id":"dpw:452901871418@374655,3777871","geometry":{"type":"Polygon","coordinates":[[[-118.35942853982452,34.13422662926785],[-118.35944070127573,34.13419595441597],[-118.35938899058795,34.13418176383604],[-118.3593768292399,34.13421246662995],[-118.35942853982452,34.13422662926785]]]},"properties":{"building_pk":5724,"building_key":"dpw:452901871418@374655,3777871","source_tile":"cty-e374-n3777","source_tile_ids":["cty-e374-n3777"],"source_bld_id":"452901871418","height_m":3.091,"receiver_ids":[5966,5967,5968,5969],"receiver_keys":["cty-e374-n3777:la-e374-n3777:facade:452901871418:0","cty-e374-n3777:la-e374-n3777:facade:452901871418:1","cty-e374-n3777:la-e374-n3777:facade:452901871418:2","cty-e374-n3777:la-e374-n3777:facade:452901871418:3"],"receiver_count":4,"periods":{"D":{"min":72.93541,"max":73.84999,"receiver_count":4,"unavailable_count":0},"E":{"min":70.71693,"max":71.63151,"receiver_count":4,"unavailable_count":0},"N":{"min":65.94571,"max":66.86029,"receiver_count":4,"unavailable_count":0}}}},{"type":"Feature","id":"dpw:451655871258@374276,3777825","geometry":{"type":"Polygon","coordinates":[[[-118.36357564854276,34.133854830507815],[-118.3636610158838,34.13369794448852],[-118.36350104653609,34.13363775229161],[-118.36345170822668,34.13372841574476],[-118.36346196820872,34.13373228764339],[-118.36342594002893,34.13379851009611],[-118.36357564854276,34.133854830507815]]]},"properties":{"building_pk":5742,"building_key":"dpw:451655871258@374276,3777825","source_tile":"cty-e374-n3777","source_tile_ids":["cty-e374-n3777"],"source_bld_id":"451655871258","height_m":8.483,"receiver_ids":[5355,5356,5357,5358,5359,5360,5361,5362],"receiver_keys":["cty-e374-n3777:la-e374-n3777:facade:451655871258:0","cty-e374-n3777:la-e374-n3777:facade:451655871258:1","cty-e374-n3777:la-e374-n3777:facade:451655871258:2","cty-e374-n3777:la-e374-n3777:facade:451655871258:3","cty-e374-n3777:la-e374-n3777:facade:451655871258:4","cty-e374-n3777:la-e374-n3777:facade:451655871258:5","cty-e374-n3777:la-e374-n3777:facade:451655871258:6","cty-e374-n3777:la-e374-n3777:facade:451655871258:7"],"receiver_count":8,"periods":{"D":{"min":48.53582,"max":59.718967,"receiver_count":8,"unavailable_count":0},"E":{"min":46.317333,"max":57.50048,"receiver_count":8,"unavailable_count":0},"N":{"min":41.54612,"max":52.729267,"receiver_count":8,"unavailable_count":0}}}},{"type":"Feature","id":"dpw:451243871474@374149,3777894","geometry":{"type":"Polygon","coordinates":[[[-118.36486164670214,34.134358284135935],[-118.36488458632344,34.13437386194876],[-118.36489251780513,34.13436510212424],[-118.36489868331573,34.13436928827573],[-118.36494224131715,34.13432494275626],[-118.36491297531147,34.13430508192379],[-118.36486164670214,34.134358284135935]]]},"properties":{"building_pk":5788,"building_key":"dpw:451243871474@374149,3777894","source_tile":"cty-e374-n3777","source_tile_ids":["cty-e374-n3777"],"source_bld_id":"451243871474","height_m":1.103,"receiver_ids":[5476,5477,5478,5479],"receiver_keys":["cty-e374-n3777:la-e374-n3777:facade:451243871474:0","cty-e374-n3777:la-e374-n3777:facade:451243871474:1","cty-e374-n3777:la-e374-n3777:facade:451243871474:2","cty-e374-n3777:la-e374-n3777:facade:451243871474:3"],"receiver_count":4,"periods":{"D":{"min":66.96245,"max":67.532974,"receiver_count":4,"unavailable_count":0},"E":{"min":64.74396,"max":65.31449,"receiver_count":4,"unavailable_count":0},"N":{"min":59.972748,"max":60.543278,"receiver_count":4,"unavailable_count":0}}}},{"type":"Feature","id":"dpw:450918871435@374052,3777882","geometry":{"type":"Polygon","coordinates":[[[-118.36608619334675,34.13423800324816],[-118.3659783162935,34.13412849669565],[-118.36591792413466,34.13416965072635],[-118.36594245400538,34.134194554421235],[-118.36592334418383,34.134207609714615],[-118.36591351917505,34.13419763691588],[-118.36585948612161,34.13423445781819],[-118.3659408086473,34.13431697805752],[-118.36594578432701,34.13431361018241],[-118.36595763369971,34.13432561071488],[-118.36608619334675,34.13423800324816]]]},"properties":{"building_pk":5800,"building_key":"dpw:450918871435@374052,3777882","source_tile":"cty-e374-n3777","source_tile_ids":["cty-e374-n3777"],"source_bld_id":"450918871435","height_m":8.214,"receiver_ids":[6447,6448,6449,6450,6451,6452],"receiver_keys":["cty-e374-n3777:la-e374-n3777:facade:450918871435:0","cty-e374-n3777:la-e374-n3777:facade:450918871435:1","cty-e374-n3777:la-e374-n3777:facade:450918871435:2","cty-e374-n3777:la-e374-n3777:facade:450918871435:3","cty-e374-n3777:la-e374-n3777:facade:450918871435:5","cty-e374-n3777:la-e374-n3777:facade:450918871435:6"],"receiver_count":6,"periods":{"D":{"min":48.880703,"max":63.84138,"receiver_count":6,"unavailable_count":0},"E":{"min":46.662216,"max":61.622894,"receiver_count":6,"unavailable_count":0},"N":{"min":41.891003,"max":56.85168,"receiver_count":6,"unavailable_count":0}}}},{"type":"Feature","id":"dpw:451288870152@374160,3777491","geometry":{"type":"Polygon","coordinates":[[[-118.36469781664941,34.13072125827723],[-118.36470218055251,34.130730772540375],[-118.36475165284645,34.13071699384394],[-118.36474641880056,34.13070558627862],[-118.36469781664941,34.13072125827723]]]},"properties":{"building_pk":5806,"building_key":"dpw:451288870152@374160,3777491","source_tile":"cty-e374-n3777","source_tile_ids":["cty-e374-n3777"],"source_bld_id":"451288870152","height_m":3.722,"receiver_ids":[4154,4155],"receiver_keys":["cty-e374-n3777:la-e374-n3777:facade:451288870152:0","cty-e374-n3777:la-e374-n3777:facade:451288870152:1"],"receiver_count":2,"periods":{"D":{"min":52.886795,"max":53.07827,"receiver_count":2,"unavailable_count":0},"E":{"min":50.66831,"max":50.859783,"receiver_count":2,"unavailable_count":0},"N":{"min":45.897095,"max":46.08857,"receiver_count":2,"unavailable_count":0}}}},{"type":"Feature","id":"dpw:452199868823@374432,3777081","geometry":{"type":"Polygon","coordinates":[[[-118.36168767783116,34.1271744201425],[-118.36172489672039,34.127123912923544],[-118.36173638719143,34.12712975925196],[-118.36179679785394,34.1270477460541],[-118.36178318763386,34.1270408071045],[-118.3618085144802,34.12700641073537],[-118.36177880934137,34.12699127632156],[-118.36178284969206,34.126985768467115],[-118.36176834539901,34.12697839224261],[-118.36176423903726,34.12698392734018],[-118.36173761411739,34.12697037761193],[-118.36168190140319,34.12704602901009],[-118.36167223187579,34.12704111212024],[-118.3616450651713,34.1270779868777],[-118.36163536191958,34.12707304303973],[-118.36163053362357,34.12707959722487],[-118.36162033388459,34.127074406948864],[-118.36158515205935,34.12712218720701],[-118.36168767783116,34.1271744201425]]]},"properties":{"building_pk":5812,"building_key":"dpw:452199868823@374432,3777081","source_tile":"cty-e374-n3777","source_tile_ids":["cty-e374-n3777"],"source_bld_id":"452199868823","height_m":6.422,"receiver_ids":[2884,2885,2886,2887,2888,2889,2890],"receiver_keys":["cty-e374-n3777:la-e374-n3777:facade:452199868823:0","cty-e374-n3777:la-e374-n3777:facade:452199868823:1","cty-e374-n3777:la-e374-n3777:facade:452199868823:2","cty-e374-n3777:la-e374-n3777:facade:452199868823:3","cty-e374-n3777:la-e374-n3777:facade:452199868823:4","cty-e374-n3777:la-e374-n3777:facade:452199868823:5","cty-e374-n3777:la-e374-n3777:facade:452199868823:6"],"receiver_count":7,"periods":{"D":{"min":42.65042,"max":55.427277,"receiver_count":7,"unavailable_count":0},"E":{"min":40.431934,"max":53.20879,"receiver_count":7,"unavailable_count":0},"N":{"min":35.66072,"max":48.437576,"receiver_count":7,"unavailable_count":0}}}},{"type":"Feature","id":"dpw:452452871028@374514,3777756","geometry":{"type":"Polygon","coordinates":[[[-118.36094358306758,34.13315703425706],[-118.36096530940394,34.133176094557676],[-118.36100179429761,34.13314619886115],[-118.36089695722386,34.13305767278345],[-118.36081239638098,34.133126924256985],[-118.36090757053005,34.133207447477965],[-118.36093030994982,34.13319021344081],[-118.36091647608222,34.13317764226255],[-118.36094358306758,34.13315703425706]]]},"properties":{"building_pk":5814,"building_key":"dpw:452452871028@374514,3777756","source_tile":"cty-e374-n3777","source_tile_ids":["cty-e374-n3777"],"source_bld_id":"452452871028","height_m":5.678,"receiver_ids":[5055,5056,5057,5058,5059,5060],"receiver_keys":["cty-e374-n3777:la-e374-n3777:facade:452452871028:0","cty-e374-n3777:la-e374-n3777:facade:452452871028:1","cty-e374-n3777:la-e374-n3777:facade:452452871028:2","cty-e374-n3777:la-e374-n3777:facade:452452871028:3","cty-e374-n3777:la-e374-n3777:facade:452452871028:4","cty-e374-n3777:la-e374-n3777:facade:452452871028:5"],"receiver_count":6,"periods":{"D":{"min":63.668896,"max":65.31013,"receiver_count":6,"unavailable_count":0},"E":{"min":61.45041,"max":63.09164,"receiver_count":6,"unavailable_count":0},"N":{"min":56.679195,"max":58.320427,"receiver_count":6,"unavailable_count":0}}}},{"type":"Feature","id":"dpw:451874871229@374341,3777817","geometry":{"type":"Polygon","coordinates":[[[-118.36278613852276,34.13370831126962],[-118.36285000581204,34.13369469389985],[-118.36283411818471,34.13364316382752],[-118.3627682573726,34.133657328994744],[-118.36278613852276,34.13370831126962]]]},"properties":{"building_pk":5887,"building_key":"dpw:451874871229@374341,3777817","source_tile":"cty-e374-n3777","source_tile_ids":["cty-e374-n3777"],"source_bld_id":"451874871229","height_m":3.158,"receiver_ids":[5321,5322,5323],"receiver_keys":["cty-e374-n3777:la-e374-n3777:facade:451874871229:0","cty-e374-n3777:la-e374-n3777:facade:451874871229:1","cty-e374-n3777:la-e374-n3777:facade:451874871229:2"],"receiver_count":3,"periods":{"D":{"min":49.442425,"max":57.170097,"receiver_count":3,"unavailable_count":0},"E":{"min":47.223938,"max":54.95161,"receiver_count":3,"unavailable_count":0},"N":{"min":42.452724,"max":50.180397,"receiver_count":3,"unavailable_count":0}}}},{"type":"Feature","id":"dpw:451753870282@374311,3777528","geometry":{"type":"Polygon","coordinates":[[[-118.3630900573955,34.13119297317986],[-118.36328375225813,34.13111697231923],[-118.36327796120182,34.131106575183246],[-118.36328314008132,34.13110458164904],[-118.36321889629613,34.13098917078894],[-118.36315598683493,34.13101340376903],[-118.36311994363311,34.130977129677106],[-118.3631125860269,34.13097995465454],[-118.36309240483054,34.13094371584432],[-118.36307095640177,34.13093570160965],[-118.36298683454581,34.13096807687728],[-118.36301920636126,34.131026208048475],[-118.36296682020769,34.13104639749106],[-118.36298793448375,34.13108430947507],[-118.36299479629662,34.13108165097522],[-118.36301271342447,34.13111380272767],[-118.36301584775882,34.13111258345358],[-118.36302800326663,34.13113436591429],[-118.36303476557896,34.13113176180314],[-118.36306673760045,34.13118917924501],[-118.36308418883772,34.13118245005244],[-118.3630900573955,34.13119297317986]]]},"properties":{"building_pk":5898,"building_key":"dpw:451753870282@374311,3777528","source_tile":"cty-e374-n3777","source_tile_ids":["cty-e374-n3777"],"source_bld_id":"451753870282","height_m":9.659,"receiver_ids":[4120,4121,4122,4123,4124,4125,4126,4127],"receiver_keys":["cty-e374-n3777:la-e374-n3777:facade:451753870282:2","cty-e374-n3777:la-e374-n3777:facade:451753870282:3","cty-e374-n3777:la-e374-n3777:facade:451753870282:4","cty-e374-n3777:la-e374-n3777:facade:451753870282:5","cty-e374-n3777:la-e374-n3777:facade:451753870282:6","cty-e374-n3777:la-e374-n3777:facade:451753870282:7","cty-e374-n3777:la-e374-n3777:facade:451753870282:8","cty-e374-n3777:la-e374-n3777:facade:451753870282:9"],"receiver_count":8,"periods":{"D":{"min":56.08875,"max":61.92639,"receiver_count":8,"unavailable_count":0},"E":{"min":53.870262,"max":59.707905,"receiver_count":8,"unavailable_count":0},"N":{"min":49.099052,"max":54.93669,"receiver_count":8,"unavailable_count":0}}}},{"type":"Feature","id":"dpw:450974870443@374069,3777578","geometry":{"type":"Polygon","coordinates":[[[-118.36583277769687,34.131552299123754],[-118.3657890296841,34.13140959579289],[-118.3656992981004,34.13142860843032],[-118.36571381389342,34.131476020456304],[-118.36563913665476,34.13149185376155],[-118.36566836865164,34.13158714511705],[-118.36583277769687,34.131552299123754]]]},"properties":{"building_pk":5946,"building_key":"dpw:450974870443@374069,3777578","source_tile":"cty-e374-n3777","source_tile_ids":["cty-e374-n3777"],"source_bld_id":"450974870443","height_m":7.812,"receiver_ids":[6300,6301,6302,6303,6304,6305,6306],"receiver_keys":["cty-e374-n3777:la-e374-n3777:facade:450974870443:0","cty-e374-n3777:la-e374-n3777:facade:450974870443:1","cty-e374-n3777:la-e374-n3777:facade:450974870443:2","cty-e374-n3777:la-e374-n3777:facade:450974870443:3","cty-e374-n3777:la-e374-n3777:facade:450974870443:4","cty-e374-n3777:la-e374-n3777:facade:450974870443:5","cty-e374-n3777:la-e374-n3777:facade:450974870443:6"],"receiver_count":7,"periods":{"D":{"min":52.23003,"max":62.30835,"receiver_count":7,"unavailable_count":0},"E":{"min":50.011543,"max":60.089863,"receiver_count":7,"unavailable_count":0},"N":{"min":45.24033,"max":55.31865,"receiver_count":7,"unavailable_count":0}}}},{"type":"Feature","id":"dpw:452051870850@374394,3777703","geometry":{"type":"Polygon","coordinates":[[[-118.36217791965726,34.13267026327853],[-118.36219057879477,34.13267091231794],[-118.36218951659757,34.132684984867154],[-118.36219979558992,34.13268553105004],[-118.36219770265156,34.132713429033565],[-118.36223792711915,34.13271553348744],[-118.36224161513006,34.132666692555865],[-118.362246969888,34.132666979424606],[-118.36225134507926,34.132609095833196],[-118.36221356596903,34.13260712018828],[-118.36221450293505,34.13259442195458],[-118.36218376368477,34.13259281106198],[-118.36217791965726,34.13267026327853]]]},"properties":{"building_pk":5947,"building_key":"dpw:452051870850@374394,3777703","source_tile":"cty-e374-n3777","source_tile_ids":["cty-e374-n3777"],"source_bld_id":"452051870850","height_m":4.734,"receiver_ids":[4311,4312,4313,4314],"receiver_keys":["cty-e374-n3777:la-e374-n3777:facade:452051870850:0","cty-e374-n3777:la-e374-n3777:facade:452051870850:1","cty-e374-n3777:la-e374-n3777:facade:452051870850:2","cty-e374-n3777:la-e374-n3777:facade:452051870850:3"],"receiver_count":4,"periods":{"D":{"min":53.80335,"max":57.377514,"receiver_count":4,"unavailable_count":0},"E":{"min":51.58486,"max":55.159027,"receiver_count":4,"unavailable_count":0},"N":{"min":46.81365,"max":50.387817,"receiver_count":4,"unavailable_count":0}}}},{"type":"Feature","id":"dpw:453295869833@374770,3777387","geometry":{"type":"Polygon","coordinates":[[[-118.35813088257825,34.12987774716346],[-118.3581314325628,34.12983658232314],[-118.35805063411382,34.12983511779073],[-118.3580495550505,34.12987628419786],[-118.35813088257825,34.12987774716346]]]},"properties":{"building_pk":5948,"building_key":"dpw:453295869833@374770,3777387","source_tile":"cty-e374-n3777","source_tile_ids":["cty-e374-n3777"],"source_bld_id":"453295869833","height_m":3.31,"receiver_ids":[3687,3688,3689,3690],"receiver_keys":["cty-e374-n3777:la-e374-n3777:facade:453295869833:0","cty-e374-n3777:la-e374-n3777:facade:453295869833:1","cty-e374-n3777:la-e374-n3777:facade:453295869833:2","cty-e374-n3777:la-e374-n3777:facade:453295869833:3"],"receiver_count":4,"periods":{"D":{"min":54.17136,"max":61.10944,"receiver_count":4,"unavailable_count":0},"E":{"min":51.952873,"max":58.89095,"receiver_count":4,"unavailable_count":0},"N":{"min":47.18166,"max":54.11974,"receiver_count":4,"unavailable_count":0}}}},{"type":"Feature","id":"dpw:451070871530@374097,3777907","geometry":{"type":"Polygon","coordinates":[[[-118.3654684749195,34.134419446679054],[-118.36547106411291,34.134452221399485],[-118.36544410512727,34.134453703892156],[-118.36544323178823,34.134442907935885],[-118.36537494237228,34.13444668625519],[-118.36538326377867,34.13455094355868],[-118.3655581981991,34.13454131905998],[-118.36554812806477,34.134415056959526],[-118.3654684749195,34.134419446679054]]]},"properties":{"building_pk":5956,"building_key":"dpw:451070871530@374097,3777907","source_tile":"cty-e374-n3777","source_tile_ids":["cty-e374-n3777"],"source_bld_id":"451070871530","height_m":7.812,"receiver_ids":[6464,6465,6466,6467,6468,6469],"receiver_keys":["cty-e374-n3777:la-e374-n3777:facade:451070871530:1","cty-e374-n3777:la-e374-n3777:facade:451070871530:2","cty-e374-n3777:la-e374-n3777:facade:451070871530:3","cty-e374-n3777:la-e374-n3777:facade:451070871530:4","cty-e374-n3777:la-e374-n3777:facade:451070871530:5","cty-e374-n3777:la-e374-n3777:facade:451070871530:6"],"receiver_count":6,"periods":{"D":{"min":53.047417,"max":67.29535,"receiver_count":6,"unavailable_count":0},"E":{"min":50.82893,"max":65.076866,"receiver_count":6,"unavailable_count":0},"N":{"min":46.057716,"max":60.305653,"receiver_count":6,"unavailable_count":0}}}},{"type":"Feature","id":"dpw:453979870429@374978,3777566","geometry":{"type":"Polygon","coordinates":[[[-118.35592868600722,34.131500421079544],[-118.3558927934981,34.13148357248698],[-118.3559009733896,34.13147214397858],[-118.35586189789502,34.13145274979716],[-118.35585227370014,34.13146615962226],[-118.35581528428293,34.13144783030863],[-118.355745020077,34.13154575184998],[-118.3558564820559,34.131601068330426],[-118.35592868600722,34.131500421079544]]]},"properties":{"building_pk":5976,"building_key":"dpw:453979870429@374978,3777566","source_tile":"cty-e374-n3777","source_tile_ids":["cty-e374-n3777"],"source_bld_id":"453979870429","height_m":7.41,"receiver_ids":[4635,4636,4637,4638,4639],"receiver_keys":["cty-e374-n3777:la-e374-n3777:facade:453979870429:1","cty-e374-n3777:la-e374-n3777:facade:453979870429:2","cty-e374-n3777:la-e374-n3777:facade:453979870429:3","cty-e374-n3777:la-e374-n3777:facade:453979870429:4","cty-e374-n3777:la-e374-n3777:facade:453979870429:5"],"receiver_count":5,"periods":{"D":{"min":54.5793,"max":63.287224,"receiver_count":5,"unavailable_count":0},"E":{"min":52.360813,"max":61.068733,"receiver_count":5,"unavailable_count":0},"N":{"min":47.5896,"max":56.297523,"receiver_count":5,"unavailable_count":0}}}},{"type":"Feature","id":"dpw:452092868944@374400,3777119","geometry":{"type":"Polygon","coordinates":[[[-118.36211996374743,34.12746923876945],[-118.36214563305936,34.127391781258225],[-118.36211355067688,34.12738473270908],[-118.36213766410602,34.12734476120357],[-118.36209963475596,34.127322507138324],[-118.36206233490908,34.12733902411905],[-118.36205544459895,34.12732753034612],[-118.36196912648623,34.127363182262194],[-118.36198180650607,34.1273841104002],[-118.36199376869376,34.12739948993207],[-118.36201387907589,34.12741943477625],[-118.3620301575563,34.127432191431225],[-118.36205219247466,34.12744619389263],[-118.36208407204873,34.12745997573356],[-118.36211996374743,34.12746923876945]]]},"properties":{"building_pk":6003,"building_key":"dpw:452092868944@374400,3777119","source_tile":"cty-e374-n3777","source_tile_ids":["cty-e374-n3777"],"source_bld_id":"452092868944","height_m":5.526,"receiver_ids":[3932,3933,3934,3935,3936,3937],"receiver_keys":["cty-e374-n3777:la-e374-n3777:facade:452092868944:0","cty-e374-n3777:la-e374-n3777:facade:452092868944:1","cty-e374-n3777:la-e374-n3777:facade:452092868944:2","cty-e374-n3777:la-e374-n3777:facade:452092868944:3","cty-e374-n3777:la-e374-n3777:facade:452092868944:4","cty-e374-n3777:la-e374-n3777:facade:452092868944:5"],"receiver_count":6,"periods":{"D":{"min":38.940636,"max":44.505634,"receiver_count":6,"unavailable_count":0},"E":{"min":36.72215,"max":42.287148,"receiver_count":6,"unavailable_count":0},"N":{"min":31.950937,"max":37.515938,"receiver_count":6,"unavailable_count":0}}}},{"type":"Feature","id":"dpw:451689870102@374280,3777474","geometry":{"type":"Polygon","coordinates":[[[-118.36342852964101,34.13060180348461],[-118.36343469366392,34.13059051845935],[-118.36343548184445,34.13055910748664],[-118.36338535058128,34.13055824127581],[-118.36338428130419,34.13060105661844],[-118.36342852964101,34.13060180348461]]]},"properties":{"building_pk":6047,"building_key":"dpw:451689870102@374280,3777474","source_tile":"cty-e374-n3777","source_tile_ids":["cty-e374-n3777"],"source_bld_id":"451689870102","height_m":5.13,"receiver_ids":[4107,4108,4109,4110],"receiver_keys":["cty-e374-n3777:la-e374-n3777:facade:451689870102:0","cty-e374-n3777:la-e374-n3777:facade:451689870102:1","cty-e374-n3777:la-e374-n3777:facade:451689870102:2","cty-e374-n3777:la-e374-n3777:facade:451689870102:3"],"receiver_count":4,"periods":{"D":{"min":50.228565,"max":58.248234,"receiver_count":4,"unavailable_count":0},"E":{"min":48.01008,"max":56.029743,"receiver_count":4,"unavailable_count":0},"N":{"min":43.238865,"max":51.258533,"receiver_count":4,"unavailable_count":0}}}},{"type":"Feature","id":"dpw:451840869790@374330,3777379","geometry":{"type":"Polygon","coordinates":[[[-118.36304633202798,34.129724452372876],[-118.36294298464038,34.129689397296424],[-118.36293780385392,34.12969867342722],[-118.36284829093039,34.129669633245726],[-118.36274723630518,34.12961303072792],[-118.36270612818228,34.12965902963403],[-118.3627790394739,34.12970865763317],[-118.36277437148817,34.129714195352385],[-118.36278371300632,34.12971963512918],[-118.36277901630025,34.129726298952825],[-118.36285291577785,34.12979026827607],[-118.36285625473712,34.12978300359502],[-118.36290188428231,34.1297973479751],[-118.3629040117135,34.12979269777748],[-118.36291532794867,34.12979626363339],[-118.3629210892375,34.129783605903334],[-118.36300712032443,34.12981068933731],[-118.36304633202798,34.129724452372876]]]},"properties":{"building_pk":6049,"building_key":"dpw:451840869790@374330,3777379","source_tile":"cty-e374-n3777","source_tile_ids":["cty-e374-n3777"],"source_bld_id":"451840869790","height_m":8.632,"receiver_ids":[4049,4050,4051,4052,4053,4054,4055,4056,4057],"receiver_keys":["cty-e374-n3777:la-e374-n3777:facade:451840869790:0","cty-e374-n3777:la-e374-n3777:facade:451840869790:1","cty-e374-n3777:la-e374-n3777:facade:451840869790:2","cty-e374-n3777:la-e374-n3777:facade:451840869790:3","cty-e374-n3777:la-e374-n3777:facade:451840869790:4","cty-e374-n3777:la-e374-n3777:facade:451840869790:5","cty-e374-n3777:la-e374-n3777:facade:451840869790:6","cty-e374-n3777:la-e374-n3777:facade:451840869790:7","cty-e374-n3777:la-e374-n3777:facade:451840869790:8"],"receiver_count":9,"periods":{"D":{"min":54.574528,"max":60.94093,"receiver_count":9,"unavailable_count":0},"E":{"min":52.35604,"max":58.722443,"receiver_count":9,"unavailable_count":0},"N":{"min":47.584827,"max":53.95123,"receiver_count":9,"unavailable_count":0}}}},{"type":"Feature","id":"dpw:452133870892@374418,3777713","geometry":{"type":"Polygon","coordinates":[[[-118.36191854012512,34.13277449860532],[-118.36197832660669,34.13277651752702],[-118.36198099589811,34.13272146987648],[-118.36192120945195,34.132719450054566],[-118.36191854012512,34.13277449860532]]]},"properties":{"building_pk":6050,"building_key":"dpw:452133870892@374418,3777713","source_tile":"cty-e374-n3777","source_tile_ids":["cty-e374-n3777"],"source_bld_id":"452133870892","height_m":4.788,"receiver_ids":[4497,4498,4499,4500],"receiver_keys":["cty-e374-n3777:la-e374-n3777:facade:452133870892:0","cty-e374-n3777:la-e374-n3777:facade:452133870892:1","cty-e374-n3777:la-e374-n3777:facade:452133870892:2","cty-e374-n3777:la-e374-n3777:facade:452133870892:3"],"receiver_count":4,"periods":{"D":{"min":52.55066,"max":58.819298,"receiver_count":4,"unavailable_count":0},"E":{"min":50.332172,"max":56.60081,"receiver_count":4,"unavailable_count":0},"N":{"min":45.56096,"max":51.829597,"receiver_count":4,"unavailable_count":0}}}},{"type":"Feature","id":"dpw:453090869242@374705,3777198","geometry":{"type":"Polygon","coordinates":[[[-118.35870169759589,34.12805695419895],[-118.35869165894646,34.1280584679174],[-118.35874171875312,34.12828933421912],[-118.3587230940811,34.12829210942818],[-118.35874005063661,34.12837023665645],[-118.35887765238881,34.128349604033275],[-118.35885756079838,34.12825689477937],[-118.35881473106431,34.1282633146491],[-118.35876837920463,34.12804950163537],[-118.35878267783217,34.12804737123682],[-118.35877532863051,34.128013483596334],[-118.35879276471984,34.12801087688825],[-118.35878180877081,34.127960320646146],[-118.35868393217694,34.12797498251451],[-118.35870169759589,34.12805695419895]]]},"properties":{"building_pk":6105,"building_key":"dpw:453090869242@374705,3777198","source_tile":"cty-e374-n3777","source_tile_ids":["cty-e374-n3777"],"source_bld_id":"453090869242","height_m":4.947,"receiver_ids":[3346,3347,3348,3349,3350,3351,3352,3353,3354,3355,3356],"receiver_keys":["cty-e374-n3777:la-e374-n3777:facade:453090869242:0","cty-e374-n3777:la-e374-n3777:facade:453090869242:1","cty-e374-n3777:la-e374-n3777:facade:453090869242:10","cty-e374-n3777:la-e374-n3777:facade:453090869242:11","cty-e374-n3777:la-e374-n3777:facade:453090869242:2","cty-e374-n3777:la-e374-n3777:facade:453090869242:3","cty-e374-n3777:la-e374-n3777:facade:453090869242:4","cty-e374-n3777:la-e374-n3777:facade:453090869242:5","cty-e374-n3777:la-e374-n3777:facade:453090869242:6","cty-e374-n3777:la-e374-n3777:facade:453090869242:7","cty-e374-n3777:la-e374-n3777:facade:453090869242:8"],"receiver_count":11,"periods":{"D":{"min":51.00643,"max":52.80577,"receiver_count":11,"unavailable_count":0},"E":{"min":48.787945,"max":50.587284,"receiver_count":11,"unavailable_count":0},"N":{"min":44.01673,"max":45.81607,"receiver_count":11,"unavailable_count":0}}}},{"type":"Feature","id":"dpw:451302871733@374165,3777965","geometry":{"type":"Polygon","coordinates":[[[-118.36481850540977,34.13498720585039],[-118.36481552035355,34.13498564258083],[-118.3648312366196,34.13495982023798],[-118.36478005400294,34.13493826662119],[-118.36475925247692,34.134972429986036],[-118.36474349323326,34.13496580076458],[-118.36475307488845,34.13495008152246],[-118.3647340050033,34.13494205949975],[-118.36474138730632,34.134929919681284],[-118.36471467078458,34.13491867880533],[-118.36463057641984,34.13505679356205],[-118.36464209747925,34.135061650542156],[-118.36463583151847,34.13507197399842],[-118.36473712880083,34.13511504669076],[-118.36481850540977,34.13498720585039]]]},"properties":{"building_pk":6112,"building_key":"dpw:451302871733@374165,3777965","source_tile":"cty-e374-n3777","source_tile_ids":["cty-e374-n3777"],"source_bld_id":"451302871733","height_m":7.623,"receiver_ids":[5497,5498,5499,5500,5501],"receiver_keys":["cty-e374-n3777:la-e374-n3777:facade:451302871733:0","cty-e374-n3777:la-e374-n3777:facade:451302871733:2","cty-e374-n3777:la-e374-n3777:facade:451302871733:3","cty-e374-n3777:la-e374-n3777:facade:451302871733:4","cty-e374-n3777:la-e374-n3777:facade:451302871733:6"],"receiver_count":5,"periods":{"D":{"min":66.09233,"max":68.59017,"receiver_count":5,"unavailable_count":0},"E":{"min":63.873848,"max":66.37169,"receiver_count":5,"unavailable_count":0},"N":{"min":59.102634,"max":61.600475,"receiver_count":5,"unavailable_count":0}}}},{"type":"Feature","id":"dpw:451581869080@374246,3777163","geometry":{"type":"Polygon","coordinates":[[[-118.36373989373901,34.12786573021389],[-118.36378809957401,34.12782683983725],[-118.36378226166063,34.1278218295434],[-118.36380830755982,34.12780083912864],[-118.36381514002441,34.1278066992804],[-118.36391872893726,34.127723126108265],[-118.36377952861709,34.127603847346975],[-118.36369141602691,34.12767495337604],[-118.36373542795147,34.12771265929102],[-118.3636464574429,34.12778445393741],[-118.36365564454657,34.127792312930836],[-118.363640432967,34.1278045871261],[-118.36366480949735,34.12782547989931],[-118.3636792984666,34.12781381280563],[-118.36373989373901,34.12786573021389]]]},"properties":{"building_pk":6137,"building_key":"dpw:451581869080@374246,3777163","source_tile":"cty-e374-n3777","source_tile_ids":["cty-e374-n3777"],"source_bld_id":"451581869080","height_m":6.187,"receiver_ids":[3131,3132,3133,3134,3135,3136,3137,3138],"receiver_keys":["cty-e374-n3777:la-e374-n3777:facade:451581869080:0","cty-e374-n3777:la-e374-n3777:facade:451581869080:1","cty-e374-n3777:la-e374-n3777:facade:451581869080:2","cty-e374-n3777:la-e374-n3777:facade:451581869080:3","cty-e374-n3777:la-e374-n3777:facade:451581869080:4","cty-e374-n3777:la-e374-n3777:facade:451581869080:5","cty-e374-n3777:la-e374-n3777:facade:451581869080:6","cty-e374-n3777:la-e374-n3777:facade:451581869080:8"],"receiver_count":8,"periods":{"D":{"min":38.22565,"max":52.353645,"receiver_count":8,"unavailable_count":0},"E":{"min":36.007164,"max":50.135155,"receiver_count":8,"unavailable_count":0},"N":{"min":31.23595,"max":45.363945,"receiver_count":8,"unavailable_count":0}}}},{"type":"Feature","id":"dpw:451543868695@374230,3777046","geometry":{"type":"Polygon","coordinates":[[[-118.36386924121767,34.12679185173109],[-118.36389982502158,34.126765956803865],[-118.36394466417055,34.12680401805973],[-118.36402115033084,34.126741685445374],[-118.36396400698561,34.12669316469013],[-118.36395847492416,34.126697633131464],[-118.36382352692081,34.126583095421715],[-118.36372135800107,34.126666334278596],[-118.36386924121767,34.12679185173109]]]},"properties":{"building_pk":6159,"building_key":"dpw:451543868695@374230,3777046","source_tile":"cty-e374-n3777","source_tile_ids":["cty-e374-n3777"],"source_bld_id":"451543868695","height_m":4.42,"receiver_ids":[2977,2978,2979,2980,2981],"receiver_keys":["cty-e374-n3777:la-e374-n3777:facade:451543868695:2","cty-e374-n3777:la-e374-n3777:facade:451543868695:3","cty-e374-n3777:la-e374-n3777:facade:451543868695:4","cty-e374-n3777:la-e374-n3777:facade:451543868695:6","cty-e374-n3777:la-e374-n3777:facade:451543868695:7"],"receiver_count":5,"periods":{"D":{"min":42.376953,"max":56.76838,"receiver_count":5,"unavailable_count":0},"E":{"min":40.158466,"max":54.549892,"receiver_count":5,"unavailable_count":0},"N":{"min":35.387253,"max":49.77868,"receiver_count":5,"unavailable_count":0}}}},{"type":"Feature","id":"dpw:452621869197@374561,3777198","geometry":{"type":"Polygon","coordinates":[[[-118.36021472939348,34.128162479754],[-118.36021906402141,34.128163840776146],[-118.36020757672229,34.128189430838745],[-118.3602641887852,34.12820701334977],[-118.36027040697115,34.12819314542649],[-118.36030028553918,34.12820245397218],[-118.36030562005527,34.12819056755166],[-118.36032064172961,34.128195221575496],[-118.36032299768046,34.128189992858275],[-118.36032961520161,34.128192061988614],[-118.36033174369862,34.128187383886015],[-118.36033773259253,34.12818923491523],[-118.3603394989544,34.12818529985584],[-118.36034793695539,34.12818794054072],[-118.36035019520183,34.12818293208896],[-118.36035697761898,34.12818502777225],[-118.36038977226684,34.12811208411852],[-118.36038576875532,34.12811083210258],[-118.36039071135636,34.128099825844075],[-118.36039630299643,34.128101567165984],[-118.3604163656483,34.128056937228564],[-118.36036809154965,34.128041912829445],[-118.36036432788863,34.128050277679115],[-118.36035033198829,34.12804592261705],[-118.36038482848909,34.1279691811309],[-118.36034131786481,34.12795565349201],[-118.36033830679789,34.12796231309652],[-118.36030879315,34.12795314050614],[-118.36021472939348,34.128162479754]]]},"properties":{"building_pk":6193,"building_key":"dpw:452621869197@374561,3777198","source_tile":"cty-e374-n3777","source_tile_ids":["cty-e374-n3777"],"source_bld_id":"452621869197","height_m":10.683,"receiver_ids":[3341,3342,3343,3344,3345],"receiver_keys":["cty-e374-n3777:la-e374-n3777:facade:452621869197:0","cty-e374-n3777:la-e374-n3777:facade:452621869197:2","cty-e374-n3777:la-e374-n3777:facade:452621869197:3","cty-e374-n3777:la-e374-n3777:facade:452621869197:5","cty-e374-n3777:la-e374-n3777:facade:452621869197:6"],"receiver_count":5,"periods":{"D":{"min":51.74591,"max":59.679344,"receiver_count":5,"unavailable_count":0},"E":{"min":49.527424,"max":57.460857,"receiver_count":5,"unavailable_count":0},"N":{"min":44.756214,"max":52.689644,"receiver_count":5,"unavailable_count":0}}}},{"type":"Feature","id":"dpw:452131868545@374417,3777002","geometry":{"type":"Polygon","coordinates":[[[-118.36168362810885,34.126360728789344],[-118.36176821972661,34.12645313455209],[-118.36188273055733,34.12638098895509],[-118.36196317707142,34.126408831802394],[-118.36202866122683,34.12627794637676],[-118.36185291077548,34.12621711235304],[-118.36182621134321,34.126270445989],[-118.36168362810885,34.126360728789344]]]},"properties":{"building_pk":6194,"building_key":"dpw:452131868545@374417,3777002","source_tile":"cty-e374-n3777","source_tile_ids":["cty-e374-n3777"],"source_bld_id":"452131868545","height_m":8.918,"receiver_ids":[2822,2823,2824,2825,2826,2827,2828,2829,2830,2831],"receiver_keys":["cty-e374-n3777:la-e374-n3777:facade:452131868545:0","cty-e374-n3777:la-e374-n3777:facade:452131868545:1","cty-e374-n3777:la-e374-n3777:facade:452131868545:2","cty-e374-n3777:la-e374-n3777:facade:452131868545:3","cty-e374-n3777:la-e374-n3777:facade:452131868545:4","cty-e374-n3777:la-e374-n3777:facade:452131868545:5","cty-e374-n3777:la-e374-n3777:facade:452131868545:6","cty-e374-n3777:la-e374-n3777:facade:452131868545:7","cty-e374-n3777:la-e374-n3777:facade:452131868545:8","cty-e374-n3777:la-e374-n3777:facade:452131868545:9"],"receiver_count":10,"periods":{"D":{"min":37.83679,"max":45.901443,"receiver_count":10,"unavailable_count":0},"E":{"min":35.6183,"max":43.682957,"receiver_count":10,"unavailable_count":0},"N":{"min":30.84709,"max":38.911743,"receiver_count":10,"unavailable_count":0}}}},{"type":"Feature","id":"dpw:451717871571@374301,3777925","geometry":{"type":"Polygon","coordinates":[[[-118.3632386919243,34.134723205705576],[-118.36328115876594,34.13470868777227],[-118.36327855879087,34.13470341979844],[-118.36345911493459,34.134641626696244],[-118.36338350023114,34.13449569344021],[-118.36315053989937,34.1345742141042],[-118.36316857632151,34.134610679329036],[-118.3632241095116,34.13459166135942],[-118.36325064668455,34.1346452761868],[-118.36324477276112,34.13464729975536],[-118.36324897402862,34.13465580484067],[-118.36320149174632,34.134672050750545],[-118.36321069259468,34.134690642523516],[-118.3632205263326,34.13468721689002],[-118.3632386919243,34.134723205705576]]]},"properties":{"building_pk":6202,"building_key":"dpw:451717871571@374301,3777925","source_tile":"cty-e374-n3777","source_tile_ids":["cty-e374-n3777"],"source_bld_id":"451717871571","height_m":7.282,"receiver_ids":[5526,5527,5528,5529,5530,5531,5532,5533,5534],"receiver_keys":["cty-e374-n3777:la-e374-n3777:facade:451717871571:0","cty-e374-n3777:la-e374-n3777:facade:451717871571:1","cty-e374-n3777:la-e374-n3777:facade:451717871571:2","cty-e374-n3777:la-e374-n3777:facade:451717871571:3","cty-e374-n3777:la-e374-n3777:facade:451717871571:4","cty-e374-n3777:la-e374-n3777:facade:451717871571:5","cty-e374-n3777:la-e374-n3777:facade:451717871571:6","cty-e374-n3777:la-e374-n3777:facade:451717871571:7","cty-e374-n3777:la-e374-n3777:facade:451717871571:8"],"receiver_count":9,"periods":{"D":{"min":58.936996,"max":64.04869,"receiver_count":9,"unavailable_count":0},"E":{"min":56.71851,"max":61.830204,"receiver_count":9,"unavailable_count":0},"N":{"min":51.947296,"max":57.05899,"receiver_count":9,"unavailable_count":0}}}},{"type":"Feature","id":"dpw:451944870122@374359,3777480","geometry":{"type":"Polygon","coordinates":[[[-118.36259252798723,34.130673992077305],[-118.36260543941674,34.13062540654993],[-118.36251796861367,34.130609483649465],[-118.36251131365391,34.1306390847975],[-118.36256027373341,34.130649613035786],[-118.36255631019347,34.13066735993442],[-118.36259252798723,34.130673992077305]]]},"properties":{"building_pk":6214,"building_key":"dpw:451944870122@374359,3777480","source_tile":"cty-e374-n3777","source_tile_ids":["cty-e374-n3777"],"source_bld_id":"451944870122","height_m":1.033,"receiver_ids":[4233,4234,4235],"receiver_keys":["cty-e374-n3777:la-e374-n3777:facade:451944870122:0","cty-e374-n3777:la-e374-n3777:facade:451944870122:2","cty-e374-n3777:la-e374-n3777:facade:451944870122:3"],"receiver_count":3,"periods":{"D":{"min":60.875656,"max":61.469357,"receiver_count":3,"unavailable_count":0},"E":{"min":58.65717,"max":59.25087,"receiver_count":3,"unavailable_count":0},"N":{"min":53.885956,"max":54.47966,"receiver_count":3,"unavailable_count":0}}}},{"type":"Feature","id":"dpw:453513869742@374836,3777358","geometry":{"type":"Polygon","coordinates":[[[-118.35736591198113,34.12963030305494],[-118.35739809988392,34.12961400278447],[-118.35737170926663,34.12957794636975],[-118.35737017317011,34.1295787262319],[-118.35736591198113,34.12963030305494]]]},"properties":{"building_pk":6229,"building_key":"dpw:453513869742@374836,3777358","source_tile":"cty-e374-n3777","source_tile_ids":["cty-e374-n3777"],"source_bld_id":"453513869742","height_m":2.243,"receiver_ids":[3582,3583],"receiver_keys":["cty-e374-n3777:la-e374-n3777:facade:453513869742:0","cty-e374-n3777:la-e374-n3777:facade:453513869742:1"],"receiver_count":2,"periods":{"D":{"min":62.030876,"max":62.372772,"receiver_count":2,"unavailable_count":0},"E":{"min":59.81239,"max":60.15428,"receiver_count":2,"unavailable_count":0},"N":{"min":55.041176,"max":55.38307,"receiver_count":2,"unavailable_count":0}}}},{"type":"Feature","id":"dpw:451986868593@374367,3777014","geometry":{"type":"Polygon","coordinates":[[[-118.36238901047369,34.12648125363393],[-118.36246327922434,34.12644835928631],[-118.36243104313904,34.12639803216601],[-118.36235680682474,34.126430899350574],[-118.36238901047369,34.12648125363393]]]},"properties":{"building_pk":6265,"building_key":"dpw:451986868593@374367,3777014","source_tile":"cty-e374-n3777","source_tile_ids":["cty-e374-n3777"],"source_bld_id":"451986868593","height_m":3.74,"receiver_ids":[2843,2844,2845],"receiver_keys":["cty-e374-n3777:la-e374-n3777:facade:451986868593:0","cty-e374-n3777:la-e374-n3777:facade:451986868593:1","cty-e374-n3777:la-e374-n3777:facade:451986868593:3"],"receiver_count":3,"periods":{"D":{"min":43.138176,"max":53.28928,"receiver_count":3,"unavailable_count":0},"E":{"min":40.91969,"max":51.07079,"receiver_count":3,"unavailable_count":0},"N":{"min":36.148476,"max":46.29958,"receiver_count":3,"unavailable_count":0}}}},{"type":"Feature","id":"dpw:452912870923@374656,3777720","geometry":{"type":"Polygon","coordinates":[[[-118.35939696400037,34.13287753899055],[-118.35941866846026,34.13281471224939],[-118.35936336007236,34.132801467251426],[-118.35934158943823,34.132864293277684],[-118.35939696400037,34.13287753899055]]]},"properties":{"building_pk":6269,"building_key":"dpw:452912870923@374656,3777720","source_tile":"cty-e374-n3777","source_tile_ids":["cty-e374-n3777"],"source_bld_id":"452912870923","height_m":6.593,"receiver_ids":[5071,5072,5073,5074],"receiver_keys":["cty-e374-n3777:la-e374-n3777:facade:452912870923:0","cty-e374-n3777:la-e374-n3777:facade:452912870923:1","cty-e374-n3777:la-e374-n3777:facade:452912870923:2","cty-e374-n3777:la-e374-n3777:facade:452912870923:3"],"receiver_count":4,"periods":{"D":{"min":64.059456,"max":66.95789,"receiver_count":4,"unavailable_count":0},"E":{"min":61.84097,"max":64.7394,"receiver_count":4,"unavailable_count":0},"N":{"min":57.069756,"max":59.968193,"receiver_count":4,"unavailable_count":0}}}},{"type":"Feature","id":"dpw:451185870742@374126,3777669","geometry":{"type":"Polygon","coordinates":[[[-118.36503703203319,34.13242182723649],[-118.36505524706432,34.13241594740422],[-118.36505194264251,34.13240826277564],[-118.36518088009026,34.13236986996859],[-118.3651567778749,34.132313886186665],[-118.36523575027222,34.13229037264137],[-118.36521024619242,34.132231150281726],[-118.36510520059163,34.13226243627382],[-118.36509214842837,34.13223211197113],[-118.36497089957933,34.13226820058372],[-118.36503703203319,34.13242182723649]]]},"properties":{"building_pk":6276,"building_key":"dpw:451185870742@374126,3777669","source_tile":"cty-e374-n3777","source_tile_ids":["cty-e374-n3777"],"source_bld_id":"451185870742","height_m":5.776,"receiver_ids":[4391,4392,4393,4394,4395,4396,4397,4398],"receiver_keys":["cty-e374-n3777:la-e374-n3777:facade:451185870742:0","cty-e374-n3777:la-e374-n3777:facade:451185870742:1","cty-e374-n3777:la-e374-n3777:facade:451185870742:3","cty-e374-n3777:la-e374-n3777:facade:451185870742:4","cty-e374-n3777:la-e374-n3777:facade:451185870742:5","cty-e374-n3777:la-e374-n3777:facade:451185870742:6","cty-e374-n3777:la-e374-n3777:facade:451185870742:7","cty-e374-n3777:la-e374-n3777:facade:451185870742:8"],"receiver_count":8,"periods":{"D":{"min":55.745766,"max":61.322346,"receiver_count":8,"unavailable_count":0},"E":{"min":53.527275,"max":59.10386,"receiver_count":8,"unavailable_count":0},"N":{"min":48.756065,"max":54.332645,"receiver_count":8,"unavailable_count":0}}}},{"type":"Feature","id":"dpw:453176870308@374732,3777531","geometry":{"type":"Polygon","coordinates":[[[-118.35849919042472,34.13122677426513],[-118.35861163181944,34.13118634853647],[-118.35855529018343,34.13107802939535],[-118.3584428490231,34.13111848211728],[-118.35849919042472,34.13122677426513]]]},"properties":{"building_pk":6289,"building_key":"dpw:453176870308@374732,3777531","source_tile":"cty-e374-n3777","source_tile_ids":["cty-e374-n3777"],"source_bld_id":"453176870308","height_m":4.923,"receiver_ids":[3819,3820,3821,3822,3823],"receiver_keys":["cty-e374-n3777:la-e374-n3777:facade:453176870308:0","cty-e374-n3777:la-e374-n3777:facade:453176870308:1","cty-e374-n3777:la-e374-n3777:facade:453176870308:2","cty-e374-n3777:la-e374-n3777:facade:453176870308:3","cty-e374-n3777:la-e374-n3777:facade:453176870308:4"],"receiver_count":5,"periods":{"D":{"min":54.00341,"max":56.379864,"receiver_count":5,"unavailable_count":0},"E":{"min":51.78492,"max":54.161377,"receiver_count":5,"unavailable_count":0},"N":{"min":47.01371,"max":49.390163,"receiver_count":5,"unavailable_count":0}}}},{"type":"Feature","id":"dpw:451609868628@374252,3777026","geometry":{"type":"Polygon","coordinates":[[[-118.36370220520796,34.126661473134156],[-118.3637647291863,34.12660998128909],[-118.36375726736324,34.12660371102728],[-118.36379980539601,34.12656865750888],[-118.36359929908807,34.126400321183446],[-118.36354099007461,34.126448337466954],[-118.36356815080883,34.12647114576042],[-118.36352136528957,34.12650967386868],[-118.36370220520796,34.126661473134156]]]},"properties":{"building_pk":6290,"building_key":"dpw:451609868628@374252,3777026","source_tile":"cty-e374-n3777","source_tile_ids":["cty-e374-n3777"],"source_bld_id":"451609868628","height_m":4.758,"receiver_ids":[2963,2964,2965,2966,2967,2968,2969],"receiver_keys":["cty-e374-n3777:la-e374-n3777:facade:451609868628:2","cty-e374-n3777:la-e374-n3777:facade:451609868628:3","cty-e374-n3777:la-e374-n3777:facade:451609868628:4","cty-e374-n3777:la-e374-n3777:facade:451609868628:5","cty-e374-n3777:la-e374-n3777:facade:451609868628:6","cty-e374-n3777:la-e374-n3777:facade:451609868628:7","cty-e374-n3777:la-e374-n3777:facade:451609868628:8"],"receiver_count":7,"periods":{"D":{"min":41.416748,"max":54.532776,"receiver_count":7,"unavailable_count":0},"E":{"min":39.19826,"max":52.31429,"receiver_count":7,"unavailable_count":0},"N":{"min":34.42705,"max":47.543076,"receiver_count":7,"unavailable_count":0}}}},{"type":"Feature","id":"dpw:453235871287@374756,3777821","geometry":{"type":"Polygon","coordinates":[[[-118.35770762348321,34.13366411195598],[-118.35769889846762,34.13368394180769],[-118.35786371450175,34.133734069791096],[-118.3582480005357,34.13385095331885],[-118.35824138974095,34.13386597626696],[-118.3582789453077,34.13387740551687],[-118.35827626662584,34.133883288763954],[-118.35831018196976,34.13389354237277],[-118.35831236248653,34.13388728195655],[-118.35834852848022,34.133898276256076],[-118.35835474587297,34.13388405052434],[-118.35890619985724,34.13405179494699],[-118.35893683115447,34.133982209118976],[-118.35894374735713,34.133984304485985],[-118.35898164399022,34.13389815569616],[-118.35893905885084,34.13388520267796],[-118.3589740425951,34.13380568522099],[-118.35882315905737,34.13375977624603],[-118.35882191564797,34.133762582811336],[-118.35798563998495,34.13350821667891],[-118.35798721090845,34.133504668090076],[-118.35783490526156,34.13345832214729],[-118.35780064013613,34.13353624413054],[-118.35775918102945,34.13352361642527],[-118.3577523081112,34.133539217104925],[-118.35776137475712,34.13354196519729],[-118.35770762348321,34.13366411195598]]]},"properties":{"building_pk":6305,"building_key":"dpw:453235871287@374756,3777821","source_tile":"cty-e374-n3777","source_tile_ids":["cty-e374-n3777"],"source_bld_id":"453235871287","height_m":30.187,"receiver_ids":[6064,6065,6066,6067,6068,6069,6070,6071,6072,6073,6074,6075,6076,6077,6078,6079,6080,6081,6082,6083,6084,6085,6086,6087,6088,6089,6090,6091,6092,6093],"receiver_keys":["cty-e374-n3777:la-e374-n3777:facade:453235871287:0","cty-e374-n3777:la-e374-n3777:facade:453235871287:1","cty-e374-n3777:la-e374-n3777:facade:453235871287:10","cty-e374-n3777:la-e374-n3777:facade:453235871287:11","cty-e374-n3777:la-e374-n3777:facade:453235871287:12","cty-e374-n3777:la-e374-n3777:facade:453235871287:13","cty-e374-n3777:la-e374-n3777:facade:453235871287:15","cty-e374-n3777:la-e374-n3777:facade:453235871287:16","cty-e374-n3777:la-e374-n3777:facade:453235871287:17","cty-e374-n3777:la-e374-n3777:facade:453235871287:18","cty-e374-n3777:la-e374-n3777:facade:453235871287:19","cty-e374-n3777:la-e374-n3777:facade:453235871287:2","cty-e374-n3777:la-e374-n3777:facade:453235871287:20","cty-e374-n3777:la-e374-n3777:facade:453235871287:21","cty-e374-n3777:la-e374-n3777:facade:453235871287:22","cty-e374-n3777:la-e374-n3777:facade:453235871287:23","cty-e374-n3777:la-e374-n3777:facade:453235871287:24","cty-e374-n3777:la-e374-n3777:facade:453235871287:25","cty-e374-n3777:la-e374-n3777:facade:453235871287:26","cty-e374-n3777:la-e374-n3777:facade:453235871287:27","cty-e374-n3777:la-e374-n3777:facade:453235871287:28","cty-e374-n3777:la-e374-n3777:facade:453235871287:29","cty-e374-n3777:la-e374-n3777:facade:453235871287:3","cty-e374-n3777:la-e374-n3777:facade:453235871287:30","cty-e374-n3777:la-e374-n3777:facade:453235871287:4","cty-e374-n3777:la-e374-n3777:facade:453235871287:5","cty-e374-n3777:la-e374-n3777:facade:453235871287:6","cty-e374-n3777:la-e374-n3777:facade:453235871287:7","cty-e374-n3777:la-e374-n3777:facade:453235871287:8","cty-e374-n3777:la-e374-n3777:facade:453235871287:9"],"receiver_count":30,"periods":{"D":{"min":50.747528,"max":74.24342,"receiver_count":30,"unavailable_count":0},"E":{"min":48.52904,"max":72.02494,"receiver_count":30,"unavailable_count":0},"N":{"min":43.757828,"max":67.25372,"receiver_count":30,"unavailable_count":0}}}},{"type":"Feature","id":"dpw:451071871172@374096,3777799","geometry":{"type":"Polygon","coordinates":[[[-118.36547638550029,34.13359860141006],[-118.36556638907325,34.13346002824053],[-118.36552705452594,34.13344236800391],[-118.36552071917814,34.13345214268084],[-118.36544545997654,34.133418350778015],[-118.36541339094843,34.13346777255607],[-118.36543845595108,34.13347901826905],[-118.36542594977726,34.133498264199865],[-118.36539108429166,34.13348262337183],[-118.3653520236715,34.13354275577815],[-118.36547638550029,34.13359860141006]]]},"properties":{"building_pk":6317,"building_key":"dpw:451071871172@374096,3777799","source_tile":"cty-e374-n3777","source_tile_ids":["cty-e374-n3777"],"source_bld_id":"451071871172","height_m":7.806,"receiver_ids":[6382,6383,6384,6385,6386,6387],"receiver_keys":["cty-e374-n3777:la-e374-n3777:facade:451071871172:0","cty-e374-n3777:la-e374-n3777:facade:451071871172:1","cty-e374-n3777:la-e374-n3777:facade:451071871172:2","cty-e374-n3777:la-e374-n3777:facade:451071871172:3","cty-e374-n3777:la-e374-n3777:facade:451071871172:5","cty-e374-n3777:la-e374-n3777:facade:451071871172:6"],"receiver_count":6,"periods":{"D":{"min":48.019955,"max":55.069252,"receiver_count":6,"unavailable_count":0},"E":{"min":45.801464,"max":52.850765,"receiver_count":6,"unavailable_count":0},"N":{"min":41.030254,"max":48.07955,"receiver_count":6,"unavailable_count":0}}}},{"type":"Feature","id":"dpw:451947870295@374358,3777532","geometry":{"type":"Polygon","coordinates":[[[-118.36250494001901,34.13114827324156],[-118.36254543683329,34.131137105266944],[-118.36255646969187,34.13117427855335],[-118.36260480925482,34.13118089326632],[-118.36260140770828,34.13121173508991],[-118.36263456146162,34.13121424557593],[-118.36263370297398,34.13122202479844],[-118.36269059090917,34.13122638884097],[-118.3626916724495,34.13121654803806],[-118.36271646374865,34.13121842457084],[-118.36272263204897,34.13116262353916],[-118.3626471008613,34.13115686036818],[-118.36264913596676,34.13113841515268],[-118.36264252495269,34.131137912997815],[-118.36258180979866,34.13109698691304],[-118.36258004203296,34.131093090369184],[-118.36260228290372,34.13108609895665],[-118.36259087305733,34.13106099025455],[-118.36256335201125,34.13106961846425],[-118.36252858680113,34.130993002049976],[-118.36249977843292,34.13100201906195],[-118.36249794370552,34.13099792978911],[-118.36247302867315,34.131005754106894],[-118.36247403028293,34.13100797609339],[-118.36243485993914,34.131020266986496],[-118.3624642527792,34.1310850290172],[-118.36247474701217,34.131081754723915],[-118.36250494001901,34.13114827324156]]]},"properties":{"building_pk":6332,"building_key":"dpw:451947870295@374358,3777532","source_tile":"cty-e374-n3777","source_tile_ids":["cty-e374-n3777"],"source_bld_id":"451947870295","height_m":6.111,"receiver_ids":[4264,4265,4266,4267,4268,4269,4270,4271],"receiver_keys":["cty-e374-n3777:la-e374-n3777:facade:451947870295:1","cty-e374-n3777:la-e374-n3777:facade:451947870295:2","cty-e374-n3777:la-e374-n3777:facade:451947870295:3","cty-e374-n3777:la-e374-n3777:facade:451947870295:4","cty-e374-n3777:la-e374-n3777:facade:451947870295:6","cty-e374-n3777:la-e374-n3777:facade:451947870295:7","cty-e374-n3777:la-e374-n3777:facade:451947870295:8","cty-e374-n3777:la-e374-n3777:facade:451947870295:9"],"receiver_count":8,"periods":{"D":{"min":60.08733,"max":61.74723,"receiver_count":8,"unavailable_count":0},"E":{"min":57.868843,"max":59.528744,"receiver_count":8,"unavailable_count":0},"N":{"min":53.09763,"max":54.75753,"receiver_count":8,"unavailable_count":0}}}},{"type":"Feature","id":"dpw:452544871144@374527,3777796","geometry":{"type":"Polygon","coordinates":[[[-118.36090696469451,34.13351984763287],[-118.36091460475205,34.13352260966535],[-118.36093489802224,34.133482943707556],[-118.36092750792778,34.133480321569586],[-118.36062135556635,34.133370379786584],[-118.36061195106245,34.13338859903038],[-118.36060046631361,34.13338451147092],[-118.36053996997664,34.13350153185407],[-118.36082557198556,34.13367514845047],[-118.36083132650775,34.133677865630645],[-118.36088751426594,34.13357092270846],[-118.36088129216768,34.133568636058],[-118.36090696469451,34.13351984763287]]]},"properties":{"building_pk":6340,"building_key":"dpw:452544871144@374527,3777796","source_tile":"cty-e374-n3777","source_tile_ids":["cty-e374-n3777"],"source_bld_id":"452544871144","height_m":3.048,"receiver_ids":[5166,5167,5168,5169,5170,5171,5172,5173,5174,5175,5176],"receiver_keys":["cty-e374-n3777:la-e374-n3777:facade:452544871144:0","cty-e374-n3777:la-e374-n3777:facade:452544871144:1","cty-e374-n3777:la-e374-n3777:facade:452544871144:10","cty-e374-n3777:la-e374-n3777:facade:452544871144:2","cty-e374-n3777:la-e374-n3777:facade:452544871144:3","cty-e374-n3777:la-e374-n3777:facade:452544871144:4","cty-e374-n3777:la-e374-n3777:facade:452544871144:5","cty-e374-n3777:la-e374-n3777:facade:452544871144:6","cty-e374-n3777:la-e374-n3777:facade:452544871144:7","cty-e374-n3777:la-e374-n3777:facade:452544871144:8","cty-e374-n3777:la-e374-n3777:facade:452544871144:9"],"receiver_count":11,"periods":{"D":{"min":66.46929,"max":68.51991,"receiver_count":11,"unavailable_count":0},"E":{"min":64.2508,"max":66.30143,"receiver_count":11,"unavailable_count":0},"N":{"min":59.479588,"max":61.530212,"receiver_count":11,"unavailable_count":0}}}},{"type":"Feature","id":"dpw:451263870626@374153,3777635","geometry":{"type":"Polygon","coordinates":[[[-118.36485056523007,34.13203669696637],[-118.36482781053942,34.13198683679154],[-118.36479171069314,34.13199845925673],[-118.36481482794893,34.13204818131055],[-118.36485056523007,34.13203669696637]]]},"properties":{"building_pk":6413,"building_key":"dpw:451263870626@374153,3777635","source_tile":"cty-e374-n3777","source_tile_ids":["cty-e374-n3777"],"source_bld_id":"451263870626","height_m":2.31,"receiver_ids":[4380,4381,4382,4383],"receiver_keys":["cty-e374-n3777:la-e374-n3777:facade:451263870626:0","cty-e374-n3777:la-e374-n3777:facade:451263870626:1","cty-e374-n3777:la-e374-n3777:facade:451263870626:2","cty-e374-n3777:la-e374-n3777:facade:451263870626:3"],"receiver_count":4,"periods":{"D":{"min":53.95616,"max":55.261456,"receiver_count":4,"unavailable_count":0},"E":{"min":51.737675,"max":53.04297,"receiver_count":4,"unavailable_count":0},"N":{"min":46.96646,"max":48.271755,"receiver_count":4,"unavailable_count":0}}}},{"type":"Feature","id":"dpw:451639870362@374273,3777559","geometry":{"type":"Polygon","coordinates":[[[-118.36359199530237,34.13139110947399],[-118.3635885884811,34.131367569805086],[-118.36361841655439,34.131364924225316],[-118.36364336607905,34.13131967411447],[-118.36365117714975,34.13132264641835],[-118.36368422473652,34.1312626155987],[-118.36361369053672,34.13123576099234],[-118.36352330201944,34.13124812336042],[-118.36352742296413,34.13127633173996],[-118.36346410505588,34.131282704882736],[-118.36345977856949,34.13125284821028],[-118.3633196329728,34.131266981894],[-118.36332705894912,34.131318042390525],[-118.3633422528716,34.131316512791564],[-118.36335141542475,34.13137949448292],[-118.3633463612613,34.131380004618826],[-118.36335092652172,34.131411426545114],[-118.36351614177404,34.13139479951547],[-118.363517527512,34.13140183003138],[-118.36352687345065,34.131408231677035],[-118.36354521343948,34.13140817651866],[-118.36355662405767,34.131402976399535],[-118.36356301244457,34.131397901372495],[-118.36356256174066,34.13139298394908],[-118.36359199530237,34.13139110947399]]]},"properties":{"building_pk":6440,"building_key":"dpw:451639870362@374273,3777559","source_tile":"cty-e374-n3777","source_tile_ids":["cty-e374-n3777"],"source_bld_id":"451639870362","height_m":5.264,"receiver_ids":[4318,4319,4320,4321,4322,4323,4324,4325,4326,4327,4328],"receiver_keys":["cty-e374-n3777:la-e374-n3777:facade:451639870362:0","cty-e374-n3777:la-e374-n3777:facade:451639870362:1","cty-e374-n3777:la-e374-n3777:facade:451639870362:10","cty-e374-n3777:la-e374-n3777:facade:451639870362:2","cty-e374-n3777:la-e374-n3777:facade:451639870362:3","cty-e374-n3777:la-e374-n3777:facade:451639870362:4","cty-e374-n3777:la-e374-n3777:facade:451639870362:5","cty-e374-n3777:la-e374-n3777:facade:451639870362:6","cty-e374-n3777:la-e374-n3777:facade:451639870362:7","cty-e374-n3777:la-e374-n3777:facade:451639870362:8","cty-e374-n3777:la-e374-n3777:facade:451639870362:9"],"receiver_count":11,"periods":{"D":{"min":61.67962,"max":62.297523,"receiver_count":11,"unavailable_count":0},"E":{"min":59.461132,"max":60.079037,"receiver_count":11,"unavailable_count":0},"N":{"min":54.68992,"max":55.307827,"receiver_count":11,"unavailable_count":0}}}},{"type":"Feature","id":"dpw:451947871469@374363,3777889","geometry":{"type":"Polygon","coordinates":[[[-118.3625676848225,34.134376934389],[-118.36262506384874,34.134341561806934],[-118.36258235990366,34.13429365698286],[-118.36252498089222,34.1343290295446],[-118.3625676848225,34.134376934389]]]},"properties":{"building_pk":6442,"building_key":"dpw:451947871469@374363,3777889","source_tile":"cty-e374-n3777","source_tile_ids":["cty-e374-n3777"],"source_bld_id":"451947871469","height_m":4.761,"receiver_ids":[5427,5428,5429,5430],"receiver_keys":["cty-e374-n3777:la-e374-n3777:facade:451947871469:0","cty-e374-n3777:la-e374-n3777:facade:451947871469:1","cty-e374-n3777:la-e374-n3777:facade:451947871469:2","cty-e374-n3777:la-e374-n3777:facade:451947871469:3"],"receiver_count":4,"periods":{"D":{"min":60.85286,"max":67.727234,"receiver_count":4,"unavailable_count":0},"E":{"min":58.634373,"max":65.50874,"receiver_count":4,"unavailable_count":0},"N":{"min":53.86316,"max":60.737534,"receiver_count":4,"unavailable_count":0}}}},{"type":"Feature","id":"dpw:451278869066@374149,3777158","geometry":{"type":"Polygon","coordinates":[[[-118.3647470748282,34.127842800859845],[-118.36483745135959,34.12773766867711],[-118.36486107198077,34.12775172173707],[-118.36490341585935,34.12770246111461],[-118.36482771638772,34.12765745958095],[-118.36483162838996,34.12765288600239],[-118.36472932705243,34.12759205439779],[-118.3645926608813,34.12775101979988],[-118.3647470748282,34.127842800859845]]]},"properties":{"building_pk":6464,"building_key":"dpw:451278869066@374149,3777158","source_tile":"cty-e374-n3777","source_tile_ids":["cty-e374-n3777"],"source_bld_id":"451278869066","height_m":4.813,"receiver_ids":[3071,3072,3073,3074,3075,3076,3077,3078],"receiver_keys":["cty-e374-n3777:la-e374-n3777:facade:451278869066:0","cty-e374-n3777:la-e374-n3777:facade:451278869066:2","cty-e374-n3777:la-e374-n3777:facade:451278869066:3","cty-e374-n3777:la-e374-n3777:facade:451278869066:4","cty-e374-n3777:la-e374-n3777:facade:451278869066:5","cty-e374-n3777:la-e374-n3777:facade:451278869066:6","cty-e374-n3777:la-e374-n3777:facade:451278869066:7","cty-e374-n3777:la-e374-n3777:facade:451278869066:8"],"receiver_count":8,"periods":{"D":{"min":41.739986,"max":51.750664,"receiver_count":8,"unavailable_count":0},"E":{"min":39.5215,"max":49.532177,"receiver_count":8,"unavailable_count":0},"N":{"min":34.750286,"max":44.760963,"receiver_count":8,"unavailable_count":0}}}},{"type":"Feature","id":"dpw:453411869444@374801,3777267","geometry":{"type":"Polygon","coordinates":[[[-118.35761726090124,34.128822184138805],[-118.3576308576855,34.12882574283937],[-118.35762026379352,34.128852071974165],[-118.35771977633351,34.12887969625733],[-118.35772294809777,34.128871772290246],[-118.35776201876911,34.12888262112737],[-118.35776917857919,34.12886473871379],[-118.3577891244722,34.12887046933479],[-118.35781231972464,34.12882308989268],[-118.35779101474506,34.12881719020378],[-118.3577993192618,34.12879650152609],[-118.35775359846012,34.12878380440293],[-118.35776062873725,34.12876630732898],[-118.35774577411719,34.12876217448169],[-118.35776388692676,34.12871702786884],[-118.3577951517868,34.128656646941295],[-118.35776373616467,34.128643302545605],[-118.35775879768057,34.12865510564096],[-118.35770318339162,34.128639084971255],[-118.35767920873228,34.12869661438206],[-118.35767060668988,34.12869413897735],[-118.35761726090124,34.128822184138805]]]},"properties":{"building_pk":6466,"building_key":"dpw:453411869444@374801,3777267","source_tile":"cty-e374-n3777","source_tile_ids":["cty-e374-n3777"],"source_bld_id":"453411869444","height_m":3.456,"receiver_ids":[3444,3445,3446,3447,3448,3449,3450,3451],"receiver_keys":["cty-e374-n3777:la-e374-n3777:facade:453411869444:0","cty-e374-n3777:la-e374-n3777:facade:453411869444:1","cty-e374-n3777:la-e374-n3777:facade:453411869444:3","cty-e374-n3777:la-e374-n3777:facade:453411869444:4","cty-e374-n3777:la-e374-n3777:facade:453411869444:5","cty-e374-n3777:la-e374-n3777:facade:453411869444:6","cty-e374-n3777:la-e374-n3777:facade:453411869444:7","cty-e374-n3777:la-e374-n3777:facade:453411869444:8"],"receiver_count":8,"periods":{"D":{"min":56.27501,"max":61.414753,"receiver_count":8,"unavailable_count":0},"E":{"min":54.056522,"max":59.196266,"receiver_count":8,"unavailable_count":0},"N":{"min":49.285313,"max":54.425053,"receiver_count":8,"unavailable_count":0}}}},{"type":"Feature","id":"dpw:452674869386@374573,3777253","geometry":{"type":"Polygon","coordinates":[[[-118.36011862457488,34.12868024843988],[-118.36015370386106,34.12865436811719],[-118.36016976133317,34.128669433612615],[-118.36019057922626,34.128654093254504],[-118.3602087929162,34.12867115913744],[-118.36021320644356,34.1286679302071],[-118.36023706190473,34.12869031005223],[-118.36033571226157,34.128617609169794],[-118.3603045595148,34.12858838139598],[-118.36029945335018,34.12859213438334],[-118.36023767680133,34.1285341451297],[-118.3601869192626,34.128571557761326],[-118.36015029153191,34.128537208411736],[-118.3600471932409,34.12861322020905],[-118.36011862457488,34.12868024843988]]]},"properties":{"building_pk":6503,"building_key":"dpw:452674869386@374573,3777253","source_tile":"cty-e374-n3777","source_tile_ids":["cty-e374-n3777"],"source_bld_id":"452674869386","height_m":13.292,"receiver_ids":[3392,3393,3394,3395,3396,3397],"receiver_keys":["cty-e374-n3777:la-e374-n3777:facade:452674869386:1","cty-e374-n3777:la-e374-n3777:facade:452674869386:3","cty-e374-n3777:la-e374-n3777:facade:452674869386:4","cty-e374-n3777:la-e374-n3777:facade:452674869386:5","cty-e374-n3777:la-e374-n3777:facade:452674869386:6","cty-e374-n3777:la-e374-n3777:facade:452674869386:7"],"receiver_count":6,"periods":{"D":{"min":52.47777,"max":59.15848,"receiver_count":6,"unavailable_count":0},"E":{"min":50.259285,"max":56.93999,"receiver_count":6,"unavailable_count":0},"N":{"min":45.48807,"max":52.16878,"receiver_count":6,"unavailable_count":0}}}},{"type":"Feature","id":"dpw:451760869906@374306,3777416","geometry":{"type":"Polygon","coordinates":[[[-118.36312633411436,34.130136038067896],[-118.36326810168293,34.1301001637027],[-118.36322720350807,34.12998839340847],[-118.36308676001896,34.13002456486169],[-118.36304471819363,34.13002232821783],[-118.36304067582988,34.130073066166354],[-118.36307884951043,34.130075040364105],[-118.36310665081734,34.130085096423045],[-118.36312633411436,34.130136038067896]]]},"properties":{"building_pk":6504,"building_key":"dpw:451760869906@374306,3777416","source_tile":"cty-e374-n3777","source_tile_ids":["cty-e374-n3777"],"source_bld_id":"451760869906","height_m":5.727,"receiver_ids":[4096,4097,4098,4099,4100,4101,4102],"receiver_keys":["cty-e374-n3777:la-e374-n3777:facade:451760869906:0","cty-e374-n3777:la-e374-n3777:facade:451760869906:1","cty-e374-n3777:la-e374-n3777:facade:451760869906:2","cty-e374-n3777:la-e374-n3777:facade:451760869906:3","cty-e374-n3777:la-e374-n3777:facade:451760869906:4","cty-e374-n3777:la-e374-n3777:facade:451760869906:5","cty-e374-n3777:la-e374-n3777:facade:451760869906:6"],"receiver_count":7,"periods":{"D":{"min":59.64077,"max":60.769676,"receiver_count":7,"unavailable_count":0},"E":{"min":57.422283,"max":58.55119,"receiver_count":7,"unavailable_count":0},"N":{"min":52.65107,"max":53.779976,"receiver_count":7,"unavailable_count":0}}}},{"type":"Feature","id":"dpw:453780870554@374920,3777606","geometry":{"type":"Polygon","coordinates":[[[-118.35651057774561,34.13188338242781],[-118.35653457724854,34.13185440390458],[-118.35655067584898,34.13186361699191],[-118.35657003969047,34.13184025788341],[-118.35652866567251,34.131816582993864],[-118.35654369035908,34.13179845748029],[-118.35651901165606,34.13178435092142],[-118.3565027716102,34.131803991891516],[-118.35645434205763,34.1317762439129],[-118.3563837585862,34.13186147134598],[-118.35642553042737,34.13188539213275],[-118.35642727226254,34.13188327109273],[-118.35645519733832,34.13189926402623],[-118.35648192454553,34.13186697965273],[-118.35651057774561,34.13188338242781]]]},"properties":{"building_pk":6506,"building_key":"dpw:453780870554@374920,3777606","source_tile":"cty-e374-n3777","source_tile_ids":["cty-e374-n3777"],"source_bld_id":"453780870554","height_m":7.995,"receiver_ids":[5733,5734,5735,5736],"receiver_keys":["cty-e374-n3777:la-e374-n3777:facade:453780870554:1","cty-e374-n3777:la-e374-n3777:facade:453780870554:2","cty-e374-n3777:la-e374-n3777:facade:453780870554:4","cty-e374-n3777:la-e374-n3777:facade:453780870554:5"],"receiver_count":4,"periods":{"D":{"min":48.87729,"max":63.596188,"receiver_count":4,"unavailable_count":0},"E":{"min":46.658802,"max":61.3777,"receiver_count":4,"unavailable_count":0},"N":{"min":41.88759,"max":56.606487,"receiver_count":4,"unavailable_count":0}}}},{"type":"Feature","id":"dpw:453941870625@374962,3777627","geometry":{"type":"Polygon","coordinates":[[[-118.35614041319776,34.132046131565545],[-118.3561612824294,34.132050356877286],[-118.35617694529007,34.131995985096864],[-118.35610441668943,34.131981525398935],[-118.35608924185505,34.132034164783946],[-118.35602097963734,34.132020543516916],[-118.35603449328025,34.13197367976241],[-118.35591377847017,34.131949634303304],[-118.35589681296972,34.13200848871285],[-118.35593874931803,34.132016828846744],[-118.35592253302897,34.13207315314824],[-118.35596923184838,34.13208246823281],[-118.35597108759114,34.13207603301646],[-118.3560817821592,34.132098102021125],[-118.35608682854718,34.1321115245419],[-118.35612306953874,34.13211721554933],[-118.35614041319776,34.132046131565545]]]},"properties":{"building_pk":6533,"building_key":"dpw:453941870625@374962,3777627","source_tile":"cty-e374-n3777","source_tile_ids":["cty-e374-n3777"],"source_bld_id":"453941870625","height_m":4.228,"receiver_ids":[5751,5752,5753,5754,5755,5756,5757,5758],"receiver_keys":["cty-e374-n3777:la-e374-n3777:facade:453941870625:0","cty-e374-n3777:la-e374-n3777:facade:453941870625:1","cty-e374-n3777:la-e374-n3777:facade:453941870625:2","cty-e374-n3777:la-e374-n3777:facade:453941870625:3","cty-e374-n3777:la-e374-n3777:facade:453941870625:6","cty-e374-n3777:la-e374-n3777:facade:453941870625:7","cty-e374-n3777:la-e374-n3777:facade:453941870625:8","cty-e374-n3777:la-e374-n3777:facade:453941870625:9"],"receiver_count":8,"periods":{"D":{"min":64.177765,"max":66.71956,"receiver_count":8,"unavailable_count":0},"E":{"min":61.95928,"max":64.50107,"receiver_count":8,"unavailable_count":0},"N":{"min":57.18807,"max":59.729855,"receiver_count":8,"unavailable_count":0}}}},{"type":"Feature","id":"dpw:451080870964@374103,3777741","geometry":{"type":"Polygon","coordinates":[[[-118.36547759906237,34.13287865195375],[-118.36535538508708,34.132882868266],[-118.36535715816089,34.132918200406685],[-118.3653464538841,34.13291858976872],[-118.36534714273547,34.1329325750151],[-118.36533878296137,34.13293284730283],[-118.36534001506362,34.13295751951607],[-118.36534787830597,34.13295724872904],[-118.3653483844714,34.132967139751855],[-118.3653285605534,34.13296783164425],[-118.36533203635128,34.133037287179626],[-118.36540657464955,34.133034725996886],[-118.36540986782886,34.13310033613053],[-118.3654868534385,34.13309809746229],[-118.36547759906237,34.13287865195375]]]},"properties":{"building_pk":6535,"building_key":"dpw:451080870964@374103,3777741","source_tile":"cty-e374-n3777","source_tile_ids":["cty-e374-n3777"],"source_bld_id":"451080870964","height_m":8.217,"receiver_ids":[6355,6356,6357,6358,6359,6360,6361],"receiver_keys":["cty-e374-n3777:la-e374-n3777:facade:451080870964:0","cty-e374-n3777:la-e374-n3777:facade:451080870964:1","cty-e374-n3777:la-e374-n3777:facade:451080870964:3","cty-e374-n3777:la-e374-n3777:facade:451080870964:4","cty-e374-n3777:la-e374-n3777:facade:451080870964:5","cty-e374-n3777:la-e374-n3777:facade:451080870964:6","cty-e374-n3777:la-e374-n3777:facade:451080870964:7"],"receiver_count":7,"periods":{"D":{"min":55.164997,"max":56.636597,"receiver_count":7,"unavailable_count":0},"E":{"min":52.94651,"max":54.418106,"receiver_count":7,"unavailable_count":0},"N":{"min":48.175297,"max":49.646896,"receiver_count":7,"unavailable_count":0}}}},{"type":"Feature","id":"dpw:451691868961@374275,3777122","geometry":{"type":"Polygon","coordinates":[[[-118.36354741093491,34.127453852240436],[-118.36348791787638,34.12740451342085],[-118.36348416425898,34.12740763049933],[-118.36346151424875,34.127388847501315],[-118.36350704721235,34.12735084517302],[-118.36345727126188,34.12730958372318],[-118.36341019033438,34.12734885554135],[-118.36340342501983,34.12734321513976],[-118.36344523809016,34.12730835595386],[-118.36343552120206,34.127300306510655],[-118.36338537914129,34.12734214247553],[-118.36338988991601,34.12734586668082],[-118.36328927608186,34.12742978746482],[-118.36336163577262,34.127489803355054],[-118.36332976556923,34.127516388982265],[-118.36334044436784,34.127525259546076],[-118.36333583526304,34.1275290932078],[-118.36339672082036,34.127579553933785],[-118.36354741093491,34.127453852240436]]]},"properties":{"building_pk":6568,"building_key":"dpw:451691868961@374275,3777122","source_tile":"cty-e374-n3777","source_tile_ids":["cty-e374-n3777"],"source_bld_id":"451691868961","height_m":5.044,"receiver_ids":[3116,3117,3118,3119,3120,3121,3122,3123],"receiver_keys":["cty-e374-n3777:la-e374-n3777:facade:451691868961:0","cty-e374-n3777:la-e374-n3777:facade:451691868961:1","cty-e374-n3777:la-e374-n3777:facade:451691868961:2","cty-e374-n3777:la-e374-n3777:facade:451691868961:4","cty-e374-n3777:la-e374-n3777:facade:451691868961:5","cty-e374-n3777:la-e374-n3777:facade:451691868961:6","cty-e374-n3777:la-e374-n3777:facade:451691868961:7","cty-e374-n3777:la-e374-n3777:facade:451691868961:8"],"receiver_count":8,"periods":{"D":{"min":43.570267,"max":53.074093,"receiver_count":8,"unavailable_count":0},"E":{"min":41.351776,"max":50.855602,"receiver_count":8,"unavailable_count":0},"N":{"min":36.580566,"max":46.084393,"receiver_count":8,"unavailable_count":0}}}},{"type":"Feature","id":"dpw:452886870618@374647,3777626","geometry":{"type":"Polygon","coordinates":[[[-118.35954772087415,34.13197234916641],[-118.35957623569696,34.13195643608394],[-118.3595813301942,34.1319347948923],[-118.35956774390256,34.131910626372175],[-118.35956178175086,34.131907237204494],[-118.3595698097252,34.13186841303381],[-118.35952004247649,34.131860097450605],[-118.35950046400703,34.13183336384585],[-118.35937543093166,34.13189671692544],[-118.35939750233291,34.13192685094286],[-118.35938708832491,34.13197178198608],[-118.35938401294743,34.13197135208192],[-118.35936310681981,34.13198152586116],[-118.35935716649458,34.1320064123816],[-118.35936777736866,34.13202264814419],[-118.35937469046642,34.132024056525026],[-118.35936526452605,34.13206076893466],[-118.35940071570458,34.13206703829088],[-118.3593946057521,34.132090798398096],[-118.35942873336721,34.13209685170669],[-118.35942324073206,34.132118192061206],[-118.35949169571315,34.13213035395392],[-118.35949705784412,34.132109426887695],[-118.35951184051136,34.132112047860936],[-118.35954772087415,34.13197234916641]]]},"properties":{"building_pk":6579,"building_key":"dpw:452886870618@374647,3777626","source_tile":"cty-e374-n3777","source_tile_ids":["cty-e374-n3777"],"source_bld_id":"452886870618","height_m":12.259,"receiver_ids":[4904,4905,4906,4907,4908,4909,4910,4911,4912,4913],"receiver_keys":["cty-e374-n3777:la-e374-n3777:facade:452886870618:0","cty-e374-n3777:la-e374-n3777:facade:452886870618:1","cty-e374-n3777:la-e374-n3777:facade:452886870618:2","cty-e374-n3777:la-e374-n3777:facade:452886870618:3","cty-e374-n3777:la-e374-n3777:facade:452886870618:4","cty-e374-n3777:la-e374-n3777:facade:452886870618:5","cty-e374-n3777:la-e374-n3777:facade:452886870618:6","cty-e374-n3777:la-e374-n3777:facade:452886870618:7","cty-e374-n3777:la-e374-n3777:facade:452886870618:8","cty-e374-n3777:la-e374-n3777:facade:452886870618:9"],"receiver_count":10,"periods":{"D":{"min":50.991,"max":65.76659,"receiver_count":10,"unavailable_count":0},"E":{"min":48.772514,"max":63.5481,"receiver_count":10,"unavailable_count":0},"N":{"min":44.0013,"max":58.776886,"receiver_count":10,"unavailable_count":0}}}},{"type":"Feature","id":"dpw:451879871432@374342,3777879","geometry":{"type":"Polygon","coordinates":[[[-118.36283733561342,34.13425197569985],[-118.36284988638663,34.1342458373334],[-118.36280195854411,34.134189869605514],[-118.36274157489139,34.13422560829664],[-118.36277333375837,34.1342626643759],[-118.36278578233542,34.1342771913259],[-118.36283733561342,34.13425197569985]]]},"properties":{"building_pk":6590,"building_key":"dpw:451879871432@374342,3777879","source_tile":"cty-e374-n3777","source_tile_ids":["cty-e374-n3777"],"source_bld_id":"451879871432","height_m":5.328,"receiver_ids":[5424,5425,5426],"receiver_keys":["cty-e374-n3777:la-e374-n3777:facade:451879871432:1","cty-e374-n3777:la-e374-n3777:facade:451879871432:2","cty-e374-n3777:la-e374-n3777:facade:451879871432:3"],"receiver_count":3,"periods":{"D":{"min":60.29599,"max":65.50368,"receiver_count":3,"unavailable_count":0},"E":{"min":58.077503,"max":63.285194,"receiver_count":3,"unavailable_count":0},"N":{"min":53.30629,"max":58.51398,"receiver_count":3,"unavailable_count":0}}}},{"type":"Feature","id":"dpw:451471869167@374211,3777188","geometry":{"type":"Polygon","coordinates":[[[-118.36402068770867,34.12809224496364],[-118.36408867893334,34.128036615566444],[-118.36413822735214,34.12807848147364],[-118.36417569745802,34.1280478119331],[-118.36418750442297,34.12805780594318],[-118.36424486066095,34.128010892092796],[-118.36419262547979,34.12796669844594],[-118.36415703282889,34.12799582341392],[-118.36414807800038,34.12798829372066],[-118.36421034057926,34.12793735236982],[-118.36414394421938,34.127881248812464],[-118.36408639046905,34.12792835613841],[-118.36406198127307,34.12790771056896],[-118.36393008005577,34.12801563214323],[-118.36402068770867,34.12809224496364]]]},"properties":{"building_pk":6611,"building_key":"dpw:451471869167@374211,3777188","source_tile":"cty-e374-n3777","source_tile_ids":["cty-e374-n3777"],"source_bld_id":"451471869167","height_m":4.566,"receiver_ids":[3089,3090,3091,3092,3093,3094],"receiver_keys":["cty-e374-n3777:la-e374-n3777:facade:451471869167:0","cty-e374-n3777:la-e374-n3777:facade:451471869167:1","cty-e374-n3777:la-e374-n3777:facade:451471869167:3","cty-e374-n3777:la-e374-n3777:facade:451471869167:5","cty-e374-n3777:la-e374-n3777:facade:451471869167:6","cty-e374-n3777:la-e374-n3777:facade:451471869167:9"],"receiver_count":6,"periods":{"D":{"min":47.6393,"max":54.25757,"receiver_count":6,"unavailable_count":0},"E":{"min":45.420815,"max":52.03908,"receiver_count":6,"unavailable_count":0},"N":{"min":40.649605,"max":47.267868,"receiver_count":6,"unavailable_count":0}}}},{"type":"Feature","id":"dpw:452290870871@374468,3777708","geometry":{"type":"Polygon","coordinates":[[[-118.36146119345311,34.13271983754622],[-118.36141306928577,34.13267145358038],[-118.3613654283698,34.13270424152337],[-118.36141355252457,34.132752624606645],[-118.36146119345311,34.13271983754622]]]},"properties":{"building_pk":6612,"building_key":"dpw:452290870871@374468,3777708","source_tile":"cty-e374-n3777","source_tile_ids":["cty-e374-n3777"],"source_bld_id":"452290870871","height_m":3.609,"receiver_ids":[5026,5027,5028],"receiver_keys":["cty-e374-n3777:la-e374-n3777:facade:452290870871:0","cty-e374-n3777:la-e374-n3777:facade:452290870871:1","cty-e374-n3777:la-e374-n3777:facade:452290870871:2"],"receiver_count":3,"periods":{"D":{"min":63.04889,"max":63.496227,"receiver_count":3,"unavailable_count":0},"E":{"min":60.830402,"max":61.27774,"receiver_count":3,"unavailable_count":0},"N":{"min":56.05919,"max":56.506527,"receiver_count":3,"unavailable_count":0}}}},{"type":"Feature","id":"dpw:453623869580@374869,3777309","geometry":{"type":"Polygon","coordinates":[[[-118.35706066817441,34.129190864557984],[-118.35703860164496,34.129122671785815],[-118.35696112092882,34.12913966287824],[-118.35698275845117,34.12920793897113],[-118.35706066817441,34.129190864557984]]]},"properties":{"building_pk":6615,"building_key":"dpw:453623869580@374869,3777309","source_tile":"cty-e374-n3777","source_tile_ids":["cty-e374-n3777"],"source_bld_id":"453623869580","height_m":4.481,"receiver_ids":[3565,3566],"receiver_keys":["cty-e374-n3777:la-e374-n3777:facade:453623869580:0","cty-e374-n3777:la-e374-n3777:facade:453623869580:1"],"receiver_count":2,"periods":{"D":{"min":53.583275,"max":54.06889,"receiver_count":2,"unavailable_count":0},"E":{"min":51.364788,"max":51.8504,"receiver_count":2,"unavailable_count":0},"N":{"min":46.593575,"max":47.07919,"receiver_count":2,"unavailable_count":0}}}},{"type":"Feature","id":"dpw:452282871157@374464,3777794","geometry":{"type":"Polygon","coordinates":[[[-118.3614535968855,34.133545930219164],[-118.36147430567677,34.13352819909459],[-118.36147825165138,34.133531375124726],[-118.36149066366958,34.133520730537384],[-118.36149726217494,34.13352606953233],[-118.36154345404559,34.13348652705884],[-118.3615007091727,34.13345197642767],[-118.36149033846785,34.133460828067676],[-118.36144480860094,34.1334240598539],[-118.3614099756229,34.13345386870568],[-118.36142376994414,34.133465038959585],[-118.36138962938263,34.1334942687523],[-118.3614535968855,34.133545930219164]]]},"properties":{"building_pk":6622,"building_key":"dpw:452282871157@374464,3777794","source_tile":"cty-e374-n3777","source_tile_ids":["cty-e374-n3777"],"source_bld_id":"452282871157","height_m":8.385,"receiver_ids":[5162,5163,5164,5165],"receiver_keys":["cty-e374-n3777:la-e374-n3777:facade:452282871157:0","cty-e374-n3777:la-e374-n3777:facade:452282871157:1","cty-e374-n3777:la-e374-n3777:facade:452282871157:2","cty-e374-n3777:la-e374-n3777:facade:452282871157:4"],"receiver_count":4,"periods":{"D":{"min":47.66642,"max":64.241516,"receiver_count":4,"unavailable_count":0},"E":{"min":45.447933,"max":62.02303,"receiver_count":4,"unavailable_count":0},"N":{"min":40.67672,"max":57.251816,"receiver_count":4,"unavailable_count":0}}}},{"type":"Feature","id":"dpw:451913870284@374349,3777528","geometry":{"type":"Polygon","coordinates":[[[-118.36263340277378,34.13102788269003],[-118.36260350272339,34.131039656291925],[-118.36261903472099,34.131078080028786],[-118.3626931521926,34.13112358264524],[-118.36271750057806,34.13113007636951],[-118.36273170103624,34.13110747372666],[-118.36273607561596,34.1311005088571],[-118.36267527373688,34.13106983263888],[-118.36263711714577,34.131026420074086],[-118.36263340277378,34.13102788269003]]]},"properties":{"building_pk":6685,"building_key":"dpw:451913870284@374349,3777528","source_tile":"cty-e374-n3777","source_tile_ids":["cty-e374-n3777"],"source_bld_id":"451913870284","height_m":4.176,"receiver_ids":[4261,4262,4263],"receiver_keys":["cty-e374-n3777:la-e374-n3777:facade:451913870284:1","cty-e374-n3777:la-e374-n3777:facade:451913870284:2","cty-e374-n3777:la-e374-n3777:facade:451913870284:3"],"receiver_count":3,"periods":{"D":{"min":61.412014,"max":62.435295,"receiver_count":3,"unavailable_count":0},"E":{"min":59.193527,"max":60.21681,"receiver_count":3,"unavailable_count":0},"N":{"min":54.422314,"max":55.4456,"receiver_count":3,"unavailable_count":0}}}},{"type":"Feature","id":"dpw:450784871740@374007,3777978","geometry":{"type":"Polygon","coordinates":[[[-118.36641737998748,34.135105991139206],[-118.3664217566356,34.13510174606291],[-118.3664557678253,34.135125851904334],[-118.36646906159824,34.13511289710075],[-118.36652697190102,34.13515393974355],[-118.3665773494309,34.13510476416211],[-118.36642032349017,34.13499345611062],[-118.36636586610824,34.13504657378683],[-118.36637199944283,34.135073814037334],[-118.36641737998748,34.135105991139206]]]},"properties":{"building_pk":6710,"building_key":"dpw:450784871740@374007,3777978","source_tile":"cty-e374-n3777","source_tile_ids":["cty-e374-n3777"],"source_bld_id":"450784871740","height_m":8.318,"receiver_ids":[6496,6497,6498,6499,6500,6501],"receiver_keys":["cty-e374-n3777:la-e374-n3777:facade:450784871740:0","cty-e374-n3777:la-e374-n3777:facade:450784871740:1","cty-e374-n3777:la-e374-n3777:facade:450784871740:2","cty-e374-n3777:la-e374-n3777:facade:450784871740:3","cty-e374-n3777:la-e374-n3777:facade:450784871740:4","cty-e374-n3777:la-e374-n3777:facade:450784871740:5"],"receiver_count":6,"periods":{"D":{"min":45.865673,"max":61.865494,"receiver_count":6,"unavailable_count":0},"E":{"min":43.647186,"max":59.647007,"receiver_count":6,"unavailable_count":0},"N":{"min":38.875973,"max":54.875793,"receiver_count":6,"unavailable_count":0}}}},{"type":"Feature","id":"dpw:452577870677@374554,3777651","geometry":{"type":"Polygon","coordinates":[[[-118.36055310991202,34.132135271245005],[-118.36041729875453,34.13212045294078],[-118.36039095453451,34.13228724616665],[-118.36052676595834,34.13230206450052],[-118.36055310991202,34.132135271245005]]]},"properties":{"building_pk":6711,"building_key":"dpw:452577870677@374554,3777651","source_tile":"cty-e374-n3777","source_tile_ids":["cty-e374-n3777"],"source_bld_id":"452577870677","height_m":5.108,"receiver_ids":[4921,4922,4923,4924,4925,4926,4927],"receiver_keys":["cty-e374-n3777:la-e374-n3777:facade:452577870677:0","cty-e374-n3777:la-e374-n3777:facade:452577870677:1","cty-e374-n3777:la-e374-n3777:facade:452577870677:2","cty-e374-n3777:la-e374-n3777:facade:452577870677:3","cty-e374-n3777:la-e374-n3777:facade:452577870677:4","cty-e374-n3777:la-e374-n3777:facade:452577870677:5","cty-e374-n3777:la-e374-n3777:facade:452577870677:6"],"receiver_count":7,"periods":{"D":{"min":63.836735,"max":64.37454,"receiver_count":7,"unavailable_count":0},"E":{"min":61.618248,"max":62.156055,"receiver_count":7,"unavailable_count":0},"N":{"min":56.847034,"max":57.384846,"receiver_count":7,"unavailable_count":0}}}},{"type":"Feature","id":"dpw:451940871707@374366,3777962","geometry":{"type":"Polygon","coordinates":[[[-118.36262087371944,34.1351047992413],[-118.3627452143732,34.135026249499106],[-118.36262956693233,34.13489969901461],[-118.36261862622536,34.134906628584105],[-118.36258582163629,34.13487072956568],[-118.36250086212199,34.13492440397799],[-118.36247758589788,34.13489889089698],[-118.36244828929799,34.13491738900619],[-118.36249281423531,34.134966140369606],[-118.3624771281123,34.13497607996006],[-118.36251179218272,34.13501400729636],[-118.3625235567766,34.135006552374946],[-118.36256094439678,34.13504749347719],[-118.362550925836,34.13505381624572],[-118.36258602144416,34.13509223630828],[-118.36260085142148,34.135082876254764],[-118.36262087371944,34.1351047992413]]]},"properties":{"building_pk":6721,"building_key":"dpw:451940871707@374366,3777962","source_tile":"cty-e374-n3777","source_tile_ids":["cty-e374-n3777"],"source_bld_id":"451940871707","height_m":9.403,"receiver_ids":[5602,5603,5604,5605,5606,5607,5608,5609],"receiver_keys":["cty-e374-n3777:la-e374-n3777:facade:451940871707:0","cty-e374-n3777:la-e374-n3777:facade:451940871707:1","cty-e374-n3777:la-e374-n3777:facade:451940871707:2","cty-e374-n3777:la-e374-n3777:facade:451940871707:4","cty-e374-n3777:la-e374-n3777:facade:451940871707:5","cty-e374-n3777:la-e374-n3777:facade:451940871707:6","cty-e374-n3777:la-e374-n3777:facade:451940871707:7","cty-e374-n3777:la-e374-n3777:facade:451940871707:8"],"receiver_count":8,"periods":{"D":{"min":64.47758,"max":70.60375,"receiver_count":8,"unavailable_count":0},"E":{"min":62.25909,"max":68.38527,"receiver_count":8,"unavailable_count":0},"N":{"min":57.48788,"max":63.614056,"receiver_count":8,"unavailable_count":0}}}},{"type":"Feature","id":"dpw:452212869463@374438,3777278","geometry":{"type":"Polygon","coordinates":[[[-118.36169357147605,34.12884967923818],[-118.36169768117976,34.128814328546994],[-118.36165147058709,34.12881059292149],[-118.36164736086008,34.12884594270964],[-118.36169357147605,34.12884967923818]]]},"properties":{"building_pk":6739,"building_key":"dpw:452212869463@374438,3777278","source_tile":"cty-e374-n3777","source_tile_ids":["cty-e374-n3777"],"source_bld_id":"452212869463","height_m":4.255,"receiver_ids":[3475,3476,3477,3478],"receiver_keys":["cty-e374-n3777:la-e374-n3777:facade:452212869463:0","cty-e374-n3777:la-e374-n3777:facade:452212869463:1","cty-e374-n3777:la-e374-n3777:facade:452212869463:2","cty-e374-n3777:la-e374-n3777:facade:452212869463:3"],"receiver_count":4,"periods":{"D":{"min":58.05081,"max":59.301155,"receiver_count":4,"unavailable_count":0},"E":{"min":55.832325,"max":57.08267,"receiver_count":4,"unavailable_count":0},"N":{"min":51.06111,"max":52.311455,"receiver_count":4,"unavailable_count":0}}}},{"type":"Feature","id":"dpw:453965870517@374973,3777593","geometry":{"type":"Polygon","coordinates":[[[-118.35588372730899,34.13165910650458],[-118.35587582004516,34.131703507870014],[-118.35584937070773,34.13170026087533],[-118.3558371726588,34.131768911750285],[-118.35585677746846,34.13177129899957],[-118.35585587424117,34.13177635837126],[-118.35590989669966,34.13178298607669],[-118.35591089709096,34.13177732238969],[-118.35593149458184,34.13177987258652],[-118.35593417352045,34.131764861344216],[-118.35594379482033,34.13176604197166],[-118.35594314918522,34.13176972574383],[-118.35599700674473,34.131776326849845],[-118.3560072692412,34.131718564094136],[-118.35598349798803,34.13171563830157],[-118.35598624032686,34.13170024281726],[-118.35596818868865,34.13169801509447],[-118.35597312612715,34.131670081802596],[-118.35588372730899,34.13165910650458]]]},"properties":{"building_pk":6742,"building_key":"dpw:453965870517@374973,3777593","source_tile":"cty-e374-n3777","source_tile_ids":["cty-e374-n3777"],"source_bld_id":"453965870517","height_m":7.422,"receiver_ids":[5716,5717,5718,5719],"receiver_keys":["cty-e374-n3777:la-e374-n3777:facade:453965870517:1","cty-e374-n3777:la-e374-n3777:facade:453965870517:2","cty-e374-n3777:la-e374-n3777:facade:453965870517:3","cty-e374-n3777:la-e374-n3777:facade:453965870517:5"],"receiver_count":4,"periods":{"D":{"min":52.98617,"max":67.28594,"receiver_count":4,"unavailable_count":0},"E":{"min":50.767685,"max":65.06745,"receiver_count":4,"unavailable_count":0},"N":{"min":45.99647,"max":60.29624,"receiver_count":4,"unavailable_count":0}}}},{"type":"Feature","id":"dpw:453574869819@374854,3777382","geometry":{"type":"Polygon","coordinates":[[[-118.35711309894096,34.12997759418208],[-118.35725641808837,34.129971674906315],[-118.35724503029671,34.129781361964206],[-118.35719752227742,34.12978334330294],[-118.35719289558683,34.12970603227583],[-118.35709708607222,34.12970999723813],[-118.35711309894096,34.12997759418208]]]},"properties":{"building_pk":6743,"building_key":"dpw:453574869819@374854,3777382","source_tile":"cty-e374-n3777","source_tile_ids":["cty-e374-n3777"],"source_bld_id":"453574869819","height_m":3.38,"receiver_ids":[3663,3664,3665,3666,3667,3668,3669,3670,3671],"receiver_keys":["cty-e374-n3777:la-e374-n3777:facade:453574869819:0","cty-e374-n3777:la-e374-n3777:facade:453574869819:1","cty-e374-n3777:la-e374-n3777:facade:453574869819:2","cty-e374-n3777:la-e374-n3777:facade:453574869819:3","cty-e374-n3777:la-e374-n3777:facade:453574869819:4","cty-e374-n3777:la-e374-n3777:facade:453574869819:5","cty-e374-n3777:la-e374-n3777:facade:453574869819:6","cty-e374-n3777:la-e374-n3777:facade:453574869819:7","cty-e374-n3777:la-e374-n3777:facade:453574869819:8"],"receiver_count":9,"periods":{"D":{"min":62.470707,"max":63.557877,"receiver_count":9,"unavailable_count":0},"E":{"min":60.25222,"max":61.33939,"receiver_count":9,"unavailable_count":0},"N":{"min":55.481007,"max":56.568176,"receiver_count":9,"unavailable_count":0}}}},{"type":"Feature","id":"dpw:451303870840@374168,3777703","geometry":{"type":"Polygon","coordinates":[[[-118.3645521477429,34.13266764103786],[-118.36454908433372,34.132677424727895],[-118.36459692956404,34.13268778872424],[-118.3646111355566,34.132690866991176],[-118.3646253128831,34.132645621220895],[-118.36469540157084,34.13266096307286],[-118.36469960683092,34.1326477609163],[-118.36472712570888,34.13265372268279],[-118.36472895102378,34.13264791939836],[-118.36474495948856,34.132651388886586],[-118.36476343944152,34.13259241775704],[-118.36470006551174,34.13257870459455],[-118.36470919027687,34.132549522297296],[-118.36465358944861,34.13253748955988],[-118.36463110184157,34.132609249327125],[-118.36457427688539,34.132596945277356],[-118.3645521477429,34.13266764103786]]]},"properties":{"building_pk":6752,"building_key":"dpw:451303870840@374168,3777703","source_tile":"cty-e374-n3777","source_tile_ids":["cty-e374-n3777"],"source_bld_id":"451303870840","height_m":4.535,"receiver_ids":[4416,4417,4418,4419,4420,4421,4422],"receiver_keys":["cty-e374-n3777:la-e374-n3777:facade:451303870840:0","cty-e374-n3777:la-e374-n3777:facade:451303870840:1","cty-e374-n3777:la-e374-n3777:facade:451303870840:2","cty-e374-n3777:la-e374-n3777:facade:451303870840:3","cty-e374-n3777:la-e374-n3777:facade:451303870840:4","cty-e374-n3777:la-e374-n3777:facade:451303870840:5","cty-e374-n3777:la-e374-n3777:facade:451303870840:6"],"receiver_count":7,"periods":{"D":{"min":53.993935,"max":63.95721,"receiver_count":7,"unavailable_count":0},"E":{"min":51.775448,"max":61.738724,"receiver_count":7,"unavailable_count":0},"N":{"min":47.004234,"max":56.96751,"receiver_count":7,"unavailable_count":0}}}},{"type":"Feature","id":"dpw:452674871466@374584,3777887","geometry":{"type":"Polygon","coordinates":[[[-118.36008933912073,34.13443873405164],[-118.36016680541243,34.13446268966036],[-118.36026336388157,34.13424489651642],[-118.36018571753004,34.13422138325926],[-118.36008933912073,34.13443873405164]]]},"properties":{"building_pk":6754,"building_key":"dpw:452674871466@374584,3777887","source_tile":"cty-e374-n3777","source_tile_ids":["cty-e374-n3777"],"source_bld_id":"452674871466","height_m":2.493,"receiver_ids":[6125],"receiver_keys":["cty-e374-n3777:la-e374-n3777:facade:452674871466:0"],"receiver_count":1,"periods":{"D":{"min":73.78217,"max":73.78217,"receiver_count":1,"unavailable_count":0},"E":{"min":71.56369,"max":71.56369,"receiver_count":1,"unavailable_count":0},"N":{"min":66.79247,"max":66.79247,"receiver_count":1,"unavailable_count":0}}}},{"type":"Feature","id":"dpw:451000871537@374077,3777912","geometry":{"type":"Polygon","coordinates":[[[-118.3656778660169,34.13436990149255],[-118.36556430558173,34.13442660359065],[-118.36561680243808,34.1344992916204],[-118.36558039967422,34.13451748292384],[-118.3656510157662,34.134615314066664],[-118.36566169970244,34.134609978012485],[-118.36567193992263,34.13462415343761],[-118.36574161274304,34.134589374158566],[-118.36573163873399,34.13457558288978],[-118.36579415639164,34.13454437006779],[-118.3657288587533,34.134453886662214],[-118.36573136533292,34.13445264307265],[-118.36568452063929,34.13438774258971],[-118.36568903712353,34.134385475086646],[-118.3656778660169,34.13436990149255]]]},"properties":{"building_pk":6796,"building_key":"dpw:451000871537@374077,3777912","source_tile":"cty-e374-n3777","source_tile_ids":["cty-e374-n3777"],"source_bld_id":"451000871537","height_m":6.032,"receiver_ids":[6470,6471,6472,6473,6474,6475,6476],"receiver_keys":["cty-e374-n3777:la-e374-n3777:facade:451000871537:0","cty-e374-n3777:la-e374-n3777:facade:451000871537:3","cty-e374-n3777:la-e374-n3777:facade:451000871537:4","cty-e374-n3777:la-e374-n3777:facade:451000871537:5","cty-e374-n3777:la-e374-n3777:facade:451000871537:6","cty-e374-n3777:la-e374-n3777:facade:451000871537:7","cty-e374-n3777:la-e374-n3777:facade:451000871537:8"],"receiver_count":7,"periods":{"D":{"min":50.506573,"max":67.12762,"receiver_count":7,"unavailable_count":0},"E":{"min":48.288086,"max":64.90913,"receiver_count":7,"unavailable_count":0},"N":{"min":43.516872,"max":60.137913,"receiver_count":7,"unavailable_count":0}}}},{"type":"Feature","id":"dpw:451538871716@374240,3777967","geometry":{"type":"Polygon","coordinates":[[[-118.36392954173297,34.135039830582016],[-118.36393569312023,34.13499470822457],[-118.3639206742153,34.134993258695026],[-118.36391490646712,34.13503759916663],[-118.36392954173297,34.135039830582016]]]},"properties":{"building_pk":6806,"building_key":"dpw:451538871716@374240,3777967","source_tile":"cty-e374-n3777","source_tile_ids":["cty-e374-n3777"],"source_bld_id":"451538871716","height_m":1.615,"receiver_ids":[5636,5637],"receiver_keys":["cty-e374-n3777:la-e374-n3777:facade:451538871716:2","cty-e374-n3777:la-e374-n3777:facade:451538871716:3"],"receiver_count":2,"periods":{"D":{"min":69.33718,"max":69.42222,"receiver_count":2,"unavailable_count":0},"E":{"min":67.11869,"max":67.203735,"receiver_count":2,"unavailable_count":0},"N":{"min":62.34748,"max":62.43252,"receiver_count":2,"unavailable_count":0}}}},{"type":"Feature","id":"dpw:453109869836@374714,3777391","geometry":{"type":"Polygon","coordinates":[[[-118.35872069140042,34.12990347699416],[-118.35871647446214,34.129898735711954],[-118.35874004584059,34.12990141363666],[-118.35872782319879,34.12990991352762],[-118.35878865245746,34.129970488364506],[-118.3588157340746,34.12995166775499],[-118.35881958287135,34.129955503181826],[-118.35885961253453,34.12992771351326],[-118.35885705718658,34.12992516524653],[-118.3588758029923,34.12991213919885],[-118.35881606903088,34.129852660126204],[-118.35880707504418,34.12985892454947],[-118.35878945346538,34.12984139060343],[-118.35879439985399,34.12981604006721],[-118.35871504917145,34.129805339055906],[-118.35871123352514,34.129824888458025],[-118.35865939177445,34.12981789762769],[-118.35865741839078,34.12982793306615],[-118.35863908878794,34.12983007540939],[-118.35862169005831,34.12984906017974],[-118.35862788177556,34.12985975836212],[-118.35860518706697,34.12986886629352],[-118.35858987320071,34.12984239486088],[-118.35853118913717,34.12986587093265],[-118.35854773492585,34.12989445462236],[-118.35854255516402,34.12989650385129],[-118.35857944098431,34.12996020061006],[-118.35860784249581,34.129948821913736],[-118.35861183783125,34.129955734754766],[-118.35868398077436,34.12992686088019],[-118.35867988618963,34.12991981040111],[-118.35872069140042,34.12990347699416]]]},"properties":{"building_pk":6821,"building_key":"dpw:453109869836@374714,3777391","source_tile":"cty-e374-n3777","source_tile_ids":["cty-e374-n3777"],"source_bld_id":"453109869836","height_m":7.26,"receiver_ids":[3691,3692,3693,3694,3695,3696,3697,3698],"receiver_keys":["cty-e374-n3777:la-e374-n3777:facade:453109869836:1","cty-e374-n3777:la-e374-n3777:facade:453109869836:2","cty-e374-n3777:la-e374-n3777:facade:453109869836:3","cty-e374-n3777:la-e374-n3777:facade:453109869836:4","cty-e374-n3777:la-e374-n3777:facade:453109869836:5","cty-e374-n3777:la-e374-n3777:facade:453109869836:7","cty-e374-n3777:la-e374-n3777:facade:453109869836:8","cty-e374-n3777:la-e374-n3777:facade:453109869836:9"],"receiver_count":8,"periods":{"D":{"min":43.712067,"max":61.143085,"receiver_count":8,"unavailable_count":0},"E":{"min":41.49358,"max":58.9246,"receiver_count":8,"unavailable_count":0},"N":{"min":36.722366,"max":54.153385,"receiver_count":8,"unavailable_count":0}}}},{"type":"Feature","id":"dpw:453576870391@374857,3777559","geometry":{"type":"Polygon","coordinates":[[[-118.35721918541758,34.13148919454143],[-118.35729528165204,34.13144151370237],[-118.35718488859838,34.13131964133039],[-118.35713512475574,34.13135081201322],[-118.35711779345098,34.131331683050455],[-118.35705857085357,34.131368762362996],[-118.3571542237718,34.131474356103546],[-118.35717946736641,34.131458535292836],[-118.35718693770104,34.131466811852704],[-118.35719458426155,34.131462035459855],[-118.35721918541758,34.13148919454143]]]},"properties":{"building_pk":6822,"building_key":"dpw:453576870391@374857,3777559","source_tile":"cty-e374-n3777","source_tile_ids":["cty-e374-n3777"],"source_bld_id":"453576870391","height_m":3.545,"receiver_ids":[4801,4802,4803],"receiver_keys":["cty-e374-n3777:la-e374-n3777:facade:453576870391:0","cty-e374-n3777:la-e374-n3777:facade:453576870391:4","cty-e374-n3777:la-e374-n3777:facade:453576870391:6"],"receiver_count":3,"periods":{"D":{"min":58.034306,"max":64.93064,"receiver_count":3,"unavailable_count":0},"E":{"min":55.81582,"max":62.712154,"receiver_count":3,"unavailable_count":0},"N":{"min":51.044605,"max":57.94094,"receiver_count":3,"unavailable_count":0}}}},{"type":"Feature","id":"dpw:451644871677@374273,3777956","geometry":{"type":"Polygon","coordinates":[[[-118.36354620935784,34.13507127386181],[-118.36370428675492,34.13502268066967],[-118.36363985104136,34.13489438313487],[-118.36364836409383,34.13489141761659],[-118.3636191627185,34.13483330501344],[-118.36359256795679,34.13484253559896],[-118.3635951348311,34.13484766573067],[-118.36348133238192,34.13488708325128],[-118.36347879815577,34.13488198006512],[-118.36343233972225,34.134898085051866],[-118.3634535711942,34.13493749406013],[-118.36353457022969,34.135054461866126],[-118.36354620935784,34.13507127386181]]]},"properties":{"building_pk":6831,"building_key":"dpw:451644871677@374273,3777956","source_tile":"cty-e374-n3777","source_tile_ids":["cty-e374-n3777"],"source_bld_id":"451644871677","height_m":8.208,"receiver_ids":[5627,5628,5629,5630,5631,5632],"receiver_keys":["cty-e374-n3777:la-e374-n3777:facade:451644871677:0","cty-e374-n3777:la-e374-n3777:facade:451644871677:1","cty-e374-n3777:la-e374-n3777:facade:451644871677:2","cty-e374-n3777:la-e374-n3777:facade:451644871677:4","cty-e374-n3777:la-e374-n3777:facade:451644871677:5","cty-e374-n3777:la-e374-n3777:facade:451644871677:6"],"receiver_count":6,"periods":{"D":{"min":63.16768,"max":70.02951,"receiver_count":6,"unavailable_count":0},"E":{"min":60.949192,"max":67.81103,"receiver_count":6,"unavailable_count":0},"N":{"min":56.17798,"max":63.039814,"receiver_count":6,"unavailable_count":0}}}},{"type":"Feature","id":"dpw:451742871106@374298,3777777","geometry":{"type":"Polygon","coordinates":[[[-118.36332220365477,34.13336363890006],[-118.36331644044242,34.13334521801285],[-118.36334734135234,34.13333855744318],[-118.36333755585133,34.13330715120629],[-118.36330823961578,34.133313477048475],[-118.36329597403385,34.133274191627514],[-118.36324490074193,34.133285198706176],[-118.36324788369292,34.13329478027971],[-118.36320905861962,34.1333031676356],[-118.36320339528797,34.133285021411375],[-118.36315427067713,34.13329563854219],[-118.36318470004237,34.13339328982381],[-118.36332220365477,34.13336363890006]]]},"properties":{"building_pk":6878,"building_key":"dpw:451742871106@374298,3777777","source_tile":"cty-e374-n3777","source_tile_ids":["cty-e374-n3777"],"source_bld_id":"451742871106","height_m":8.537,"receiver_ids":[4488,4489,4490,4491,4492,4493],"receiver_keys":["cty-e374-n3777:la-e374-n3777:facade:451742871106:0","cty-e374-n3777:la-e374-n3777:facade:451742871106:1","cty-e374-n3777:la-e374-n3777:facade:451742871106:2","cty-e374-n3777:la-e374-n3777:facade:451742871106:3","cty-e374-n3777:la-e374-n3777:facade:451742871106:4","cty-e374-n3777:la-e374-n3777:facade:451742871106:5"],"receiver_count":6,"periods":{"D":{"min":49.110474,"max":56.42105,"receiver_count":6,"unavailable_count":0},"E":{"min":46.891987,"max":54.202564,"receiver_count":6,"unavailable_count":0},"N":{"min":42.120773,"max":49.43135,"receiver_count":6,"unavailable_count":0}}}},{"type":"Feature","id":"dpw:451084871374@374105,3777866","geometry":{"type":"Polygon","coordinates":[[[-118.36542274487752,34.13396717260073],[-118.3653644351682,34.134031128014456],[-118.36534060996183,34.13401608577703],[-118.36528364873658,34.134078525200316],[-118.36533908655913,34.13411353108103],[-118.365291102534,34.13416613286184],[-118.36536108769522,34.134210300352976],[-118.3654165372651,34.13414951437195],[-118.36541375294176,34.13414773594489],[-118.3655215918544,34.13402952597431],[-118.36542274487752,34.13396717260073]]]},"properties":{"building_pk":6879,"building_key":"dpw:451084871374@374105,3777866","source_tile":"cty-e374-n3777","source_tile_ids":["cty-e374-n3777"],"source_bld_id":"451084871374","height_m":6.828,"receiver_ids":[6426,6427,6428,6429,6430,6431,6432,6433],"receiver_keys":["cty-e374-n3777:la-e374-n3777:facade:451084871374:0","cty-e374-n3777:la-e374-n3777:facade:451084871374:1","cty-e374-n3777:la-e374-n3777:facade:451084871374:2","cty-e374-n3777:la-e374-n3777:facade:451084871374:3","cty-e374-n3777:la-e374-n3777:facade:451084871374:4","cty-e374-n3777:la-e374-n3777:facade:451084871374:5","cty-e374-n3777:la-e374-n3777:facade:451084871374:6","cty-e374-n3777:la-e374-n3777:facade:451084871374:7"],"receiver_count":8,"periods":{"D":{"min":46.775608,"max":58.786633,"receiver_count":8,"unavailable_count":0},"E":{"min":44.55712,"max":56.568146,"receiver_count":8,"unavailable_count":0},"N":{"min":39.785908,"max":51.796932,"receiver_count":8,"unavailable_count":0}}}},{"type":"Feature","id":"dpw:452474871386@374523,3777862","geometry":{"type":"Polygon","coordinates":[[[-118.36084943941235,34.134152461995576],[-118.36089017714623,34.13410480239951],[-118.36083133779289,34.1340699975666],[-118.36079060016307,34.13411768508996],[-118.36084943941235,34.134152461995576]]]},"properties":{"building_pk":6901,"building_key":"dpw:452474871386@374523,3777862","source_tile":"cty-e374-n3777","source_tile_ids":["cty-e374-n3777"],"source_bld_id":"452474871386","height_m":1.356,"receiver_ids":[6000,6001],"receiver_keys":["cty-e374-n3777:la-e374-n3777:facade:452474871386:0","cty-e374-n3777:la-e374-n3777:facade:452474871386:3"],"receiver_count":2,"periods":{"D":{"min":68.80367,"max":69.86112,"receiver_count":2,"unavailable_count":0},"E":{"min":66.58519,"max":67.64263,"receiver_count":2,"unavailable_count":0},"N":{"min":61.813976,"max":62.871418,"receiver_count":2,"unavailable_count":0}}}},{"type":"Feature","id":"dpw:451964868847@374361,3777091","geometry":{"type":"Polygon","coordinates":[[[-118.36242352347824,34.12714050534109],[-118.36248231393458,34.12718800495161],[-118.36253745640397,34.12714098856528],[-118.36247879784496,34.1270934056448],[-118.36242352347824,34.12714050534109]]]},"properties":{"building_pk":6912,"building_key":"dpw:451964868847@374361,3777091","source_tile":"cty-e374-n3777","source_tile_ids":["cty-e374-n3777"],"source_bld_id":"451964868847","height_m":3.325,"receiver_ids":[2891,2892,2893,2894],"receiver_keys":["cty-e374-n3777:la-e374-n3777:facade:451964868847:0","cty-e374-n3777:la-e374-n3777:facade:451964868847:1","cty-e374-n3777:la-e374-n3777:facade:451964868847:2","cty-e374-n3777:la-e374-n3777:facade:451964868847:3"],"receiver_count":4,"periods":{"D":{"min":42.02934,"max":42.399574,"receiver_count":4,"unavailable_count":0},"E":{"min":39.810852,"max":40.181087,"receiver_count":4,"unavailable_count":0},"N":{"min":35.03964,"max":35.409874,"receiver_count":4,"unavailable_count":0}}}},{"type":"Feature","id":"dpw:452409871296@374505,3777835","geometry":{"type":"Polygon","coordinates":[[[-118.36107929983599,34.133945909912306],[-118.36110084030673,34.133920889254554],[-118.3610910310869,34.13391468083177],[-118.36114184610169,34.133859049418795],[-118.36101082752215,34.13377626149484],[-118.36098073369028,34.13380921685262],[-118.36100064768696,34.13382179691204],[-118.36097473086997,34.13385017802295],[-118.36095793137405,34.13383953868071],[-118.36094078121964,34.13385891611301],[-118.36107929983599,34.133945909912306]]]},"properties":{"building_pk":6940,"building_key":"dpw:452409871296@374505,3777835","source_tile":"cty-e374-n3777","source_tile_ids":["cty-e374-n3777"],"source_bld_id":"452409871296","height_m":2.091,"receiver_ids":[5206,5207,5208],"receiver_keys":["cty-e374-n3777:la-e374-n3777:facade:452409871296:0","cty-e374-n3777:la-e374-n3777:facade:452409871296:2","cty-e374-n3777:la-e374-n3777:facade:452409871296:3"],"receiver_count":3,"periods":{"D":{"min":64.25011,"max":66.52006,"receiver_count":3,"unavailable_count":0},"E":{"min":62.031616,"max":64.301575,"receiver_count":3,"unavailable_count":0},"N":{"min":57.260403,"max":59.530357,"receiver_count":3,"unavailable_count":0}}}},{"type":"Feature","id":"dpw:453289869485@374767,3777282","geometry":{"type":"Polygon","coordinates":[[[-118.35811922553955,34.12896182882506],[-118.35813853567964,34.128941629504666],[-118.35819461138806,34.12898051064669],[-118.3582836958608,34.12889547433131],[-118.35822098345646,34.12885004611523],[-118.35818043916868,34.12888871863109],[-118.3581045593937,34.12887036822624],[-118.3581097824234,34.128855403490014],[-118.35802166346167,34.12883406644573],[-118.35800550477028,34.12888033332764],[-118.35801539546554,34.128882722851905],[-118.35799433976217,34.12894288157306],[-118.35804319534256,34.12895468942122],[-118.3580468184262,34.12894431914437],[-118.35811922553955,34.12896182882506]]]},"properties":{"building_pk":6946,"building_key":"dpw:453289869485@374767,3777282","source_tile":"cty-e374-n3777","source_tile_ids":["cty-e374-n3777"],"source_bld_id":"453289869485","height_m":6.294,"receiver_ids":[3531,3532,3533,3534,3535,3536,3537],"receiver_keys":["cty-e374-n3777:la-e374-n3777:facade:453289869485:0","cty-e374-n3777:la-e374-n3777:facade:453289869485:2","cty-e374-n3777:la-e374-n3777:facade:453289869485:3","cty-e374-n3777:la-e374-n3777:facade:453289869485:4","cty-e374-n3777:la-e374-n3777:facade:453289869485:5","cty-e374-n3777:la-e374-n3777:facade:453289869485:6","cty-e374-n3777:la-e374-n3777:facade:453289869485:7"],"receiver_count":7,"periods":{"D":{"min":60.00544,"max":61.50083,"receiver_count":7,"unavailable_count":0},"E":{"min":57.786953,"max":59.282345,"receiver_count":7,"unavailable_count":0},"N":{"min":53.01574,"max":54.51113,"receiver_count":7,"unavailable_count":0}}}},{"type":"Feature","id":"dpw:451181871489@374129,3777896","geometry":{"type":"Polygon","coordinates":[[[-118.36511292123075,34.1344533586875],[-118.36511088670062,34.13445668969695],[-118.36519249369869,34.13449103871541],[-118.36522628883193,34.134435566983115],[-118.3651611676621,34.13440814697609],[-118.36520905852737,34.134357001509024],[-118.36514672365772,34.134316658575194],[-118.36512656108127,34.13433818054089],[-118.36510034771725,34.1343212233951],[-118.365104558517,34.13431673094516],[-118.36505842899486,34.13428686354751],[-118.36505513973778,34.134290363326414],[-118.36505328380814,34.134289159971765],[-118.36498006550369,34.13436733867619],[-118.36511292123075,34.1344533586875]]]},"properties":{"building_pk":6951,"building_key":"dpw:451181871489@374129,3777896","source_tile":"cty-e374-n3777","source_tile_ids":["cty-e374-n3777"],"source_bld_id":"451181871489","height_m":7.641,"receiver_ids":[5480,5481,5482,5483,5484,5485,5486],"receiver_keys":["cty-e374-n3777:la-e374-n3777:facade:451181871489:0","cty-e374-n3777:la-e374-n3777:facade:451181871489:1","cty-e374-n3777:la-e374-n3777:facade:451181871489:3","cty-e374-n3777:la-e374-n3777:facade:451181871489:4","cty-e374-n3777:la-e374-n3777:facade:451181871489:5","cty-e374-n3777:la-e374-n3777:facade:451181871489:6","cty-e374-n3777:la-e374-n3777:facade:451181871489:7"],"receiver_count":7,"periods":{"D":{"min":50.462383,"max":67.44748,"receiver_count":7,"unavailable_count":0},"E":{"min":48.243896,"max":65.22899,"receiver_count":7,"unavailable_count":0},"N":{"min":43.472683,"max":60.457775,"receiver_count":7,"unavailable_count":0}}}},{"type":"Feature","id":"dpw:451756869309@374301,3777233","geometry":{"type":"Polygon","coordinates":[[[-118.36328895505198,34.12846618119568],[-118.36330956499106,34.12838044000351],[-118.36305802393828,34.12833863071445],[-118.3630425419379,34.12840300539189],[-118.36310626307127,34.12841358553224],[-118.36310110129403,34.128434952107604],[-118.36328895505198,34.12846618119568]]]},"properties":{"building_pk":6973,"building_key":"dpw:451756869309@374301,3777233","source_tile":"cty-e374-n3777","source_tile_ids":["cty-e374-n3777"],"source_bld_id":"451756869309","height_m":7.105,"receiver_ids":[3168,3169,3170,3171,3172,3173,3174],"receiver_keys":["cty-e374-n3777:la-e374-n3777:facade:451756869309:0","cty-e374-n3777:la-e374-n3777:facade:451756869309:1","cty-e374-n3777:la-e374-n3777:facade:451756869309:2","cty-e374-n3777:la-e374-n3777:facade:451756869309:3","cty-e374-n3777:la-e374-n3777:facade:451756869309:4","cty-e374-n3777:la-e374-n3777:facade:451756869309:5","cty-e374-n3777:la-e374-n3777:facade:451756869309:6"],"receiver_count":7,"periods":{"D":{"min":53.985855,"max":58.727535,"receiver_count":7,"unavailable_count":0},"E":{"min":51.76737,"max":56.50905,"receiver_count":7,"unavailable_count":0},"N":{"min":46.996155,"max":51.737835,"receiver_count":7,"unavailable_count":0}}}},{"type":"Feature","id":"dpw:453947870577@374968,3777608","geometry":{"type":"Polygon","coordinates":[[[-118.3560583832033,34.13195761705469],[-118.35607361302478,34.13190261458711],[-118.35603630901981,34.13189549686099],[-118.35604340272458,34.131869838099654],[-118.35605623529048,34.1318723011596],[-118.35606707112889,34.13183308490119],[-118.3559204992774,34.131805075834244],[-118.35590901080617,34.131846602833306],[-118.35592964788746,34.131850553900094],[-118.35592362742722,34.13187238968848],[-118.35588645583044,34.1318652994739],[-118.35587083422213,34.13192175995232],[-118.3560583832033,34.13195761705469]]]},"properties":{"building_pk":6976,"building_key":"dpw:453947870577@374968,3777608","source_tile":"cty-e374-n3777","source_tile_ids":["cty-e374-n3777"],"source_bld_id":"453947870577","height_m":4.849,"receiver_ids":[5737,5738,5739,5740,5741,5742],"receiver_keys":["cty-e374-n3777:la-e374-n3777:facade:453947870577:0","cty-e374-n3777:la-e374-n3777:facade:453947870577:1","cty-e374-n3777:la-e374-n3777:facade:453947870577:2","cty-e374-n3777:la-e374-n3777:facade:453947870577:3","cty-e374-n3777:la-e374-n3777:facade:453947870577:4","cty-e374-n3777:la-e374-n3777:facade:453947870577:5"],"receiver_count":6,"periods":{"D":{"min":66.02146,"max":67.5947,"receiver_count":6,"unavailable_count":0},"E":{"min":63.80297,"max":65.37621,"receiver_count":6,"unavailable_count":0},"N":{"min":59.031757,"max":60.605003,"receiver_count":6,"unavailable_count":0}}}},{"type":"Feature","id":"dpw:452634868697@374561,3777037","geometry":{"type":"Polygon","coordinates":[[[-118.36040711290073,34.12663354566966],[-118.36042074788155,34.12663621232291],[-118.36042726663753,34.126613140620655],[-118.36043461186435,34.126587148182985],[-118.36020646110958,34.1265425982893],[-118.36018221396098,34.12662843181873],[-118.36022847866272,34.126637472475736],[-118.36021101819405,34.126695477019396],[-118.36022547201672,34.12669873176015],[-118.36020942892289,34.12675610010298],[-118.36029538842855,34.126774295624514],[-118.36030253852411,34.1267535723502],[-118.36030862520974,34.12675499666273],[-118.36032061573006,34.126716682621186],[-118.360328055979,34.126718760117036],[-118.36035500443812,34.126623355916806],[-118.36040711290073,34.12663354566966]]]},"properties":{"building_pk":6990,"building_key":"dpw:452634868697@374561,3777037","source_tile":"cty-e374-n3777","source_tile_ids":["cty-e374-n3777"],"source_bld_id":"452634868697","height_m":6.157,"receiver_ids":[3196,3197,3198,3199,3200,3201,3202,3203,3204],"receiver_keys":["cty-e374-n3777:la-e374-n3777:facade:452634868697:0","cty-e374-n3777:la-e374-n3777:facade:452634868697:1","cty-e374-n3777:la-e374-n3777:facade:452634868697:2","cty-e374-n3777:la-e374-n3777:facade:452634868697:3","cty-e374-n3777:la-e374-n3777:facade:452634868697:4","cty-e374-n3777:la-e374-n3777:facade:452634868697:5","cty-e374-n3777:la-e374-n3777:facade:452634868697:6","cty-e374-n3777:la-e374-n3777:facade:452634868697:7","cty-e374-n3777:la-e374-n3777:facade:452634868697:8"],"receiver_count":9,"periods":{"D":{"min":51.23188,"max":56.182495,"receiver_count":9,"unavailable_count":0},"E":{"min":49.013393,"max":53.96401,"receiver_count":9,"unavailable_count":0},"N":{"min":44.24218,"max":49.192795,"receiver_count":9,"unavailable_count":0}}}},{"type":"Feature","id":"dpw:451677870701@374273,3777656","geometry":{"type":"Polygon","coordinates":[[[-118.3634590828117,34.13229358496793],[-118.36346534451125,34.13228952635794],[-118.36348695638341,34.13231259928581],[-118.36353407807617,34.13228206590476],[-118.36357195730362,34.13232253821548],[-118.36361670612364,34.132293577906886],[-118.36357895866308,34.13225324224727],[-118.36361566727071,34.132229472824044],[-118.36359003836638,34.13220209905529],[-118.36360084613226,34.132195113901666],[-118.36354716387014,34.132137789842965],[-118.36354169361317,34.13214135113382],[-118.36353120243552,34.13213014324006],[-118.3634543593261,34.13217991911843],[-118.36340944090306,34.13213196625574],[-118.36334614057931,34.1321729627624],[-118.3634590828117,34.13229358496793]]]},"properties":{"building_pk":6998,"building_key":"dpw:451677870701@374273,3777656","source_tile":"cty-e374-n3777","source_tile_ids":["cty-e374-n3777"],"source_bld_id":"451677870701","height_m":10.107,"receiver_ids":[4345,4346,4347,4348,4349,4350,4351,4352,4353],"receiver_keys":["cty-e374-n3777:la-e374-n3777:facade:451677870701:0","cty-e374-n3777:la-e374-n3777:facade:451677870701:1","cty-e374-n3777:la-e374-n3777:facade:451677870701:2","cty-e374-n3777:la-e374-n3777:facade:451677870701:3","cty-e374-n3777:la-e374-n3777:facade:451677870701:4","cty-e374-n3777:la-e374-n3777:facade:451677870701:5","cty-e374-n3777:la-e374-n3777:facade:451677870701:6","cty-e374-n3777:la-e374-n3777:facade:451677870701:7","cty-e374-n3777:la-e374-n3777:facade:451677870701:8"],"receiver_count":9,"periods":{"D":{"min":54.78467,"max":63.537804,"receiver_count":9,"unavailable_count":0},"E":{"min":52.566185,"max":61.319317,"receiver_count":9,"unavailable_count":0},"N":{"min":47.79497,"max":56.548103,"receiver_count":9,"unavailable_count":0}}}},{"type":"Feature","id":"dpw:451407870862@374197,3777706","geometry":{"type":"Polygon","coordinates":[[[-118.36439055685439,34.13268232656001],[-118.36437032042464,34.132633887641376],[-118.3643155672804,34.132649688012265],[-118.3643358374122,34.13269815478596],[-118.36439055685439,34.13268232656001]]]},"properties":{"building_pk":6999,"building_key":"dpw:451407870862@374197,3777706","source_tile":"cty-e374-n3777","source_tile_ids":["cty-e374-n3777"],"source_bld_id":"451407870862","height_m":0.631,"receiver_ids":[4423,4424,4425,4426],"receiver_keys":["cty-e374-n3777:la-e374-n3777:facade:451407870862:0","cty-e374-n3777:la-e374-n3777:facade:451407870862:1","cty-e374-n3777:la-e374-n3777:facade:451407870862:2","cty-e374-n3777:la-e374-n3777:facade:451407870862:3"],"receiver_count":4,"periods":{"D":{"min":57.004623,"max":59.17094,"receiver_count":4,"unavailable_count":0},"E":{"min":54.786137,"max":56.952454,"receiver_count":4,"unavailable_count":0},"N":{"min":50.014923,"max":52.181244,"receiver_count":4,"unavailable_count":0}}}},{"type":"Feature","id":"dpw:452082869666@374399,3777340","geometry":{"type":"Polygon","coordinates":[[[-118.3620838825205,34.129385853833355],[-118.3620904851463,34.12941348325107],[-118.36213054497068,34.129400722807624],[-118.36212036126422,34.129376533562244],[-118.36211565441326,34.1293653478861],[-118.36208049068351,34.129371663004406],[-118.3620838825205,34.129385853833355]]]},"properties":{"building_pk":7009,"building_key":"dpw:452082869666@374399,3777340","source_tile":"cty-e374-n3777","source_tile_ids":["cty-e374-n3777"],"source_bld_id":"452082869666","height_m":3.63,"receiver_ids":[4039,4040,4041,4042],"receiver_keys":["cty-e374-n3777:la-e374-n3777:facade:452082869666:0","cty-e374-n3777:la-e374-n3777:facade:452082869666:1","cty-e374-n3777:la-e374-n3777:facade:452082869666:2","cty-e374-n3777:la-e374-n3777:facade:452082869666:3"],"receiver_count":4,"periods":{"D":{"min":60.57394,"max":61.58549,"receiver_count":4,"unavailable_count":0},"E":{"min":58.355453,"max":59.367004,"receiver_count":4,"unavailable_count":0},"N":{"min":53.58424,"max":54.59579,"receiver_count":4,"unavailable_count":0}}}},{"type":"Feature","id":"dpw:451674868562@374273,3777001","geometry":{"type":"Polygon","coordinates":[[[-118.36358844213584,34.12638087165845],[-118.36348637551454,34.12623683197639],[-118.36340829853648,34.12627509713216],[-118.36341252093544,34.1262810751409],[-118.3633864396921,34.12629384898134],[-118.36338205156265,34.12628765149525],[-118.36332174552508,34.126317180476526],[-118.36342391168344,34.12646146701885],[-118.36358844213584,34.12638087165845]]]},"properties":{"building_pk":7029,"building_key":"dpw:451674868562@374273,3777001","source_tile":"cty-e374-n3777","source_tile_ids":["cty-e374-n3777"],"source_bld_id":"451674868562","height_m":4.983,"receiver_ids":[2798,2799,2800,2801,2802,2803,2804,2805],"receiver_keys":["cty-e374-n3777:la-e374-n3777:facade:451674868562:0","cty-e374-n3777:la-e374-n3777:facade:451674868562:1","cty-e374-n3777:la-e374-n3777:facade:451674868562:2","cty-e374-n3777:la-e374-n3777:facade:451674868562:3","cty-e374-n3777:la-e374-n3777:facade:451674868562:4","cty-e374-n3777:la-e374-n3777:facade:451674868562:5","cty-e374-n3777:la-e374-n3777:facade:451674868562:6","cty-e374-n3777:la-e374-n3777:facade:451674868562:7"],"receiver_count":8,"periods":{"D":{"min":43.149067,"max":53.988346,"receiver_count":8,"unavailable_count":0},"E":{"min":40.93058,"max":51.769855,"receiver_count":8,"unavailable_count":0},"N":{"min":36.159367,"max":46.998646,"receiver_count":8,"unavailable_count":0}}}},{"type":"Feature","id":"dpw:453960869468@374973,3777274","geometry":{"type":"Polygon","coordinates":[[[-118.3559880986326,34.12891643644656],[-118.35598798473724,34.12891311191931],[-118.3560520825488,34.12891171416323],[-118.35605001598108,34.12884522119343],[-118.35598601687198,34.128846618657846],[-118.35598509811057,34.128817219588505],[-118.35592797151831,34.128818458846425],[-118.35592732057502,34.12879746760906],[-118.35580259383124,34.12880016980294],[-118.35580320845051,34.12882053007304],[-118.35579309911316,34.128820751858086],[-118.35579374850724,34.128841386994196],[-118.35578595019801,34.12884154698228],[-118.35578659868688,34.12886171512568],[-118.35579396661308,34.12886155550288],[-118.35579453560767,34.12887883806533],[-118.35578670489144,34.128879026096456],[-118.35578773884667,34.128912327575],[-118.35579666015441,34.12891213633354],[-118.35579689445137,34.12892057221245],[-118.3559880986326,34.12891643644656]]]},"properties":{"building_pk":7031,"building_key":"dpw:453960869468@374973,3777274","source_tile":"cty-e374-n3777","source_tile_ids":["cty-e374-n3777"],"source_bld_id":"453960869468","height_m":4.444,"receiver_ids":[3861,3862,3863,3864,3865,3866,3867,3868],"receiver_keys":["cty-e374-n3777:la-e374-n3777:facade:453960869468:0","cty-e374-n3777:la-e374-n3777:facade:453960869468:1","cty-e374-n3777:la-e374-n3777:facade:453960869468:2","cty-e374-n3777:la-e374-n3777:facade:453960869468:3","cty-e374-n3777:la-e374-n3777:facade:453960869468:4","cty-e374-n3777:la-e374-n3777:facade:453960869468:5","cty-e374-n3777:la-e374-n3777:facade:453960869468:6","cty-e374-n3777:la-e374-n3777:facade:453960869468:7"],"receiver_count":8,"periods":{"D":{"min":45.24613,"max":57.943817,"receiver_count":8,"unavailable_count":0},"E":{"min":43.027645,"max":55.72533,"receiver_count":8,"unavailable_count":0},"N":{"min":38.25643,"max":50.954117,"receiver_count":8,"unavailable_count":0}}}},{"type":"Feature","id":"dpw:452946871318@374669,3777855","geometry":{"type":"Polygon","coordinates":[[[-118.3595588367827,34.134000481005515],[-118.3595465300835,34.13397721021022],[-118.35960393738786,34.1339559903868],[-118.35906026448988,34.133791219130735],[-118.35894777897029,34.134046065736655],[-118.35897686317108,34.13405474499897],[-118.35896005881551,34.134093666414714],[-118.35895876954227,34.13409664891715],[-118.35913042984801,34.13414790881938],[-118.35913318116195,34.134141531295775],[-118.35915958228222,34.13408036209397],[-118.35922502638975,34.134098935795194],[-118.35923610881787,34.13410173278054],[-118.35924598868597,34.13410170341836],[-118.35925682708228,34.134101451231956],[-118.35926496573292,34.134099897137176],[-118.35927218035428,34.13409852068621],[-118.35928320271952,34.1340951630618],[-118.3592897337586,34.13409239576894],[-118.35929221453736,34.13409067908366],[-118.35929503906067,34.1340887251742],[-118.35930225131787,34.1340830159481],[-118.3593088308863,34.134076153735],[-118.35931261004636,34.13407130666421],[-118.35931595432488,34.13406516808384],[-118.35931867029451,34.13405889523922],[-118.35934686153173,34.13407219383109],[-118.35935224665062,34.13407473277417],[-118.35955969045318,34.134002094018136],[-118.3595588367827,34.134000481005515]]]},"properties":{"building_pk":7041,"building_key":"dpw:452946871318@374669,3777855","source_tile":"cty-e374-n3777","source_tile_ids":["cty-e374-n3777"],"source_bld_id":"452946871318","height_m":10.826,"receiver_ids":[5943,5944,5945,5946,5947,5948,5949,5950,5951,5952,5953,5954,5955,5956,5957,5958],"receiver_keys":["cty-e374-n3777:la-e374-n3777:facade:452946871318:0","cty-e374-n3777:la-e374-n3777:facade:452946871318:1","cty-e374-n3777:la-e374-n3777:facade:452946871318:10","cty-e374-n3777:la-e374-n3777:facade:452946871318:11","cty-e374-n3777:la-e374-n3777:facade:452946871318:12","cty-e374-n3777:la-e374-n3777:facade:452946871318:13","cty-e374-n3777:la-e374-n3777:facade:452946871318:14","cty-e374-n3777:la-e374-n3777:facade:452946871318:15","cty-e374-n3777:la-e374-n3777:facade:452946871318:16","cty-e374-n3777:la-e374-n3777:facade:452946871318:2","cty-e374-n3777:la-e374-n3777:facade:452946871318:3","cty-e374-n3777:la-e374-n3777:facade:452946871318:4","cty-e374-n3777:la-e374-n3777:facade:452946871318:5","cty-e374-n3777:la-e374-n3777:facade:452946871318:6","cty-e374-n3777:la-e374-n3777:facade:452946871318:7","cty-e374-n3777:la-e374-n3777:facade:452946871318:9"],"receiver_count":16,"periods":{"D":{"min":66.83264,"max":74.49187,"receiver_count":16,"unavailable_count":0},"E":{"min":64.61415,"max":72.273384,"receiver_count":16,"unavailable_count":0},"N":{"min":59.84294,"max":67.50217,"receiver_count":16,"unavailable_count":0}}}},{"type":"Feature","id":"dpw:450862871751@374034,3777978","geometry":{"type":"Polygon","coordinates":[[[-118.3661590024646,34.1351377977232],[-118.36620661457873,34.135106217836025],[-118.36616010554849,34.13505772086454],[-118.36611401188219,34.13508844508452],[-118.3661590024646,34.1351377977232]]]},"properties":{"building_pk":7071,"building_key":"dpw:450862871751@374034,3777978","source_tile":"cty-e374-n3777","source_tile_ids":["cty-e374-n3777"],"source_bld_id":"450862871751","height_m":2.768,"receiver_ids":[6502,6503],"receiver_keys":["cty-e374-n3777:la-e374-n3777:facade:450862871751:0","cty-e374-n3777:la-e374-n3777:facade:450862871751:2"],"receiver_count":2,"periods":{"D":{"min":58.43518,"max":61.264965,"receiver_count":2,"unavailable_count":0},"E":{"min":56.216694,"max":59.04648,"receiver_count":2,"unavailable_count":0},"N":{"min":51.44548,"max":54.27527,"receiver_count":2,"unavailable_count":0}}}},{"type":"Feature","id":"dpw:452268871653@374464,3777930","geometry":{"type":"Polygon","coordinates":[[[-118.36136651441493,34.13455986112636],[-118.36139292719525,34.13457044101993],[-118.36138580882877,34.13457502407234],[-118.36152275957058,34.13472225816783],[-118.36151221392046,34.13472904942203],[-118.36153558679607,34.13475417744292],[-118.36133779384105,34.13488141659593],[-118.36132916286982,34.13488696790818],[-118.3614246632958,34.134989714416726],[-118.3614333926455,34.134984096991396],[-118.36151236314478,34.134933252231285],[-118.36150629496018,34.13492672252502],[-118.36171746412032,34.13479092265539],[-118.36170687538606,34.13477998986264],[-118.36166146941837,34.13481038036017],[-118.36159421804564,34.134740949635415],[-118.36165089653022,34.134703131041945],[-118.36149158780638,34.134536841480546],[-118.36146765706835,34.13453537412202],[-118.36145176512319,34.13454385821439],[-118.36144498592812,34.134535111951784],[-118.36138742364889,34.13451269968531],[-118.36138153102306,34.13451040576448],[-118.36136555109182,34.134559476345814],[-118.36136651441493,34.13455986112636]]]},"properties":{"building_pk":7076,"building_key":"dpw:452268871653@374464,3777930","source_tile":"cty-e374-n3777","source_tile_ids":["cty-e374-n3777"],"source_bld_id":"452268871653","height_m":8.05,"receiver_ids":[6094,6095,6096,6097,6098,6099,6100,6101,6102,6103,6104,6105,6106],"receiver_keys":["cty-e374-n3777:la-e374-n3777:facade:452268871653:0","cty-e374-n3777:la-e374-n3777:facade:452268871653:1","cty-e374-n3777:la-e374-n3777:facade:452268871653:10","cty-e374-n3777:la-e374-n3777:facade:452268871653:11","cty-e374-n3777:la-e374-n3777:facade:452268871653:12","cty-e374-n3777:la-e374-n3777:facade:452268871653:13","cty-e374-n3777:la-e374-n3777:facade:452268871653:14","cty-e374-n3777:la-e374-n3777:facade:452268871653:15","cty-e374-n3777:la-e374-n3777:facade:452268871653:16","cty-e374-n3777:la-e374-n3777:facade:452268871653:3","cty-e374-n3777:la-e374-n3777:facade:452268871653:4","cty-e374-n3777:la-e374-n3777:facade:452268871653:5","cty-e374-n3777:la-e374-n3777:facade:452268871653:6"],"receiver_count":13,"periods":{"D":{"min":50.461975,"max":75.18141,"receiver_count":13,"unavailable_count":0},"E":{"min":48.24349,"max":72.96292,"receiver_count":13,"unavailable_count":0},"N":{"min":43.472275,"max":68.19171,"receiver_count":13,"unavailable_count":0}}}},{"type":"Feature","id":"dpw:452553871714@374547,3777966","geometry":{"type":"Polygon","coordinates":[[[-118.36069725173047,34.135022457326826],[-118.36068656610661,34.135011910591324],[-118.36069430871915,34.135006500812366],[-118.36068063582344,34.13499310512185],[-118.36068152512476,34.13499241549814],[-118.36063653707458,34.13496649985055],[-118.36063571852813,34.13496826028731],[-118.3606099721911,34.13495987347942],[-118.36060764716873,34.13496477214825],[-118.36059517127936,34.13496068754426],[-118.36059119304393,34.134965371169734],[-118.36058546167219,34.13496200750765],[-118.36056570227711,34.13498531435006],[-118.36057110214395,34.13498848517168],[-118.36057034594187,34.13498936732623],[-118.3605647471949,34.13498608620886],[-118.36053272331814,34.13502391009481],[-118.36054435229326,34.13503071806616],[-118.3605315142072,34.13504999152325],[-118.36050265865565,34.13511731772323],[-118.3604854024153,34.135154163562845],[-118.36049010570291,34.13515670539051],[-118.36048737769705,34.135160175423145],[-118.3605358043894,34.135186493773865],[-118.36055894156755,34.13515702207692],[-118.3605728701016,34.13516860403042],[-118.36059292373325,34.13515191989216],[-118.36058781640845,34.13514770331876],[-118.36059815595897,34.13513909887048],[-118.360624529843,34.13510923345126],[-118.36064889000737,34.13508003305679],[-118.36066406299254,34.13508880841235],[-118.36069568967305,34.13505090273533],[-118.36068068207948,34.13504226482528],[-118.36069725173047,34.135022457326826]]]},"properties":{"building_pk":7082,"building_key":"dpw:452553871714@374547,3777966","source_tile":"cty-e374-n3777","source_tile_ids":["cty-e374-n3777"],"source_bld_id":"452553871714","height_m":8.934,"receiver_ids":[6111,6112,6113,6114,6115,6116,6117,6118],"receiver_keys":["cty-e374-n3777:la-e374-n3777:facade:452553871714:0","cty-e374-n3777:la-e374-n3777:facade:452553871714:1","cty-e374-n3777:la-e374-n3777:facade:452553871714:2","cty-e374-n3777:la-e374-n3777:facade:452553871714:3","cty-e374-n3777:la-e374-n3777:facade:452553871714:4","cty-e374-n3777:la-e374-n3777:facade:452553871714:5","cty-e374-n3777:la-e374-n3777:facade:452553871714:6","cty-e374-n3777:la-e374-n3777:facade:452553871714:7"],"receiver_count":8,"periods":{"D":{"min":71.74064,"max":75.09115,"receiver_count":8,"unavailable_count":0},"E":{"min":69.522156,"max":72.87266,"receiver_count":8,"unavailable_count":0},"N":{"min":64.75094,"max":68.10145,"receiver_count":8,"unavailable_count":0}}}},{"type":"Feature","id":"dpw:451858868581@374326,3777011","geometry":{"type":"Polygon","coordinates":[[[-118.36281359268582,34.1263184319245],[-118.3627461380527,34.12637592787654],[-118.362808974888,34.12642690502649],[-118.36276416926233,34.126465097837105],[-118.36281022755837,34.1265024679807],[-118.36285391319684,34.126465240453804],[-118.36285805798413,34.126468579920164],[-118.36292436023015,34.12641207725177],[-118.36290705057368,34.12639800486729],[-118.36291702600627,34.1263894842531],[-118.36290100994547,34.12637647990942],[-118.36289327351952,34.12638309787053],[-118.36281359268582,34.1263184319245]]]},"properties":{"building_pk":7092,"building_key":"dpw:451858868581@374326,3777011","source_tile":"cty-e374-n3777","source_tile_ids":["cty-e374-n3777"],"source_bld_id":"451858868581","height_m":5.124,"receiver_ids":[2832,2833,2834,2835,2836],"receiver_keys":["cty-e374-n3777:la-e374-n3777:facade:451858868581:0","cty-e374-n3777:la-e374-n3777:facade:451858868581:1","cty-e374-n3777:la-e374-n3777:facade:451858868581:2","cty-e374-n3777:la-e374-n3777:facade:451858868581:5","cty-e374-n3777:la-e374-n3777:facade:451858868581:6"],"receiver_count":5,"periods":{"D":{"min":41.991318,"max":50.6357,"receiver_count":5,"unavailable_count":0},"E":{"min":39.772827,"max":48.417213,"receiver_count":5,"unavailable_count":0},"N":{"min":35.001617,"max":43.646,"receiver_count":5,"unavailable_count":0}}}},{"type":"Feature","id":"dpw:452444870091@374511,3777462","geometry":{"type":"Polygon","coordinates":[[[-118.361008087788,34.13059410749127],[-118.3610816111991,34.13044893717623],[-118.36097021658408,34.13040992056531],[-118.36093571584182,34.13047800568928],[-118.36087138023801,34.130455472773846],[-118.36084700349444,34.13050360641348],[-118.36083724136863,34.1305001736594],[-118.36082803442106,34.130518364382496],[-118.36083938496758,34.13052234233218],[-118.36083391337385,34.13053313021391],[-118.361008087788,34.13059410749127]]]},"properties":{"building_pk":7093,"building_key":"dpw:452444870091@374511,3777462","source_tile":"cty-e374-n3777","source_tile_ids":["cty-e374-n3777"],"source_bld_id":"452444870091","height_m":4.569,"receiver_ids":[4736,4737,4738,4739,4740,4741,4742],"receiver_keys":["cty-e374-n3777:la-e374-n3777:facade:452444870091:0","cty-e374-n3777:la-e374-n3777:facade:452444870091:1","cty-e374-n3777:la-e374-n3777:facade:452444870091:2","cty-e374-n3777:la-e374-n3777:facade:452444870091:3","cty-e374-n3777:la-e374-n3777:facade:452444870091:4","cty-e374-n3777:la-e374-n3777:facade:452444870091:6","cty-e374-n3777:la-e374-n3777:facade:452444870091:7"],"receiver_count":7,"periods":{"D":{"min":60.185738,"max":61.831238,"receiver_count":7,"unavailable_count":0},"E":{"min":57.96725,"max":59.61275,"receiver_count":7,"unavailable_count":0},"N":{"min":53.196037,"max":54.841537,"receiver_count":7,"unavailable_count":0}}}},{"type":"Feature","id":"dpw:452739871444@374604,3777882","geometry":{"type":"Polygon","coordinates":[[[-118.35985693214428,34.134367189702445],[-118.35998327464489,34.13440545964477],[-118.36002708012535,34.134308219363916],[-118.35998919217094,34.134296240807316],[-118.36001904884553,34.13423099970655],[-118.35992982946303,34.1342027867894],[-118.35985693214428,34.134367189702445]]]},"properties":{"building_pk":7104,"building_key":"dpw:452739871444@374604,3777882","source_tile":"cty-e374-n3777","source_tile_ids":["cty-e374-n3777"],"source_bld_id":"452739871444","height_m":3.075,"receiver_ids":[5982,5983,5984],"receiver_keys":["cty-e374-n3777:la-e374-n3777:facade:452739871444:0","cty-e374-n3777:la-e374-n3777:facade:452739871444:3","cty-e374-n3777:la-e374-n3777:facade:452739871444:4"],"receiver_count":3,"periods":{"D":{"min":69.00098,"max":74.13719,"receiver_count":3,"unavailable_count":0},"E":{"min":66.782486,"max":71.9187,"receiver_count":3,"unavailable_count":0},"N":{"min":62.011272,"max":67.14749,"receiver_count":3,"unavailable_count":0}}}},{"type":"Feature","id":"dpw:453011870594@374684,3777616","geometry":{"type":"Polygon","coordinates":[[[-118.35895192877094,34.13204199200703],[-118.35907434438435,34.13200013524357],[-118.35906895226537,34.13199113860986],[-118.3590830494347,34.13195735225468],[-118.35908738377239,34.131958604233084],[-118.35909590270604,34.13195704000415],[-118.35910147143929,34.1319533956812],[-118.35910319219627,34.13194638383435],[-118.35910105324844,34.13194059241338],[-118.35909608671928,34.13193829833528],[-118.35914253601184,34.131843550483815],[-118.3591264298529,34.131840466402416],[-118.3591262056229,34.13183420139612],[-118.35912258289905,34.13182951335581],[-118.35911525251231,34.13182307743474],[-118.35910649417706,34.131822664407224],[-118.35909682298464,34.131825276038306],[-118.35909392752824,34.13182811456042],[-118.35908092596468,34.13182469128777],[-118.3590232776812,34.13178949708961],[-118.35893890964627,34.1318804827003],[-118.35897156320407,34.13188942633027],[-118.35895505444057,34.13193118850705],[-118.3589154270898,34.131944825606915],[-118.35893322567236,34.13198049520295],[-118.3589230303825,34.13198401532121],[-118.35895192877094,34.13204199200703]]]},"properties":{"building_pk":7119,"building_key":"dpw:453011870594@374684,3777616","source_tile":"cty-e374-n3777","source_tile_ids":["cty-e374-n3777"],"source_bld_id":"453011870594","height_m":11.317,"receiver_ids":[4895,4896,4897,4898,4899,4900,4901,4902,4903],"receiver_keys":["cty-e374-n3777:la-e374-n3777:facade:453011870594:0","cty-e374-n3777:la-e374-n3777:facade:453011870594:1","cty-e374-n3777:la-e374-n3777:facade:453011870594:2","cty-e374-n3777:la-e374-n3777:facade:453011870594:3","cty-e374-n3777:la-e374-n3777:facade:453011870594:4","cty-e374-n3777:la-e374-n3777:facade:453011870594:5","cty-e374-n3777:la-e374-n3777:facade:453011870594:6","cty-e374-n3777:la-e374-n3777:facade:453011870594:7","cty-e374-n3777:la-e374-n3777:facade:453011870594:8"],"receiver_count":9,"periods":{"D":{"min":48.830143,"max":62.300495,"receiver_count":9,"unavailable_count":0},"E":{"min":46.611656,"max":60.08201,"receiver_count":9,"unavailable_count":0},"N":{"min":41.840446,"max":55.3108,"receiver_count":9,"unavailable_count":0}}}},{"type":"Feature","id":"dpw:452342870966@374482,3777730","geometry":{"type":"Polygon","coordinates":[[[-118.36122813727553,34.13297438415028],[-118.3612383493649,34.132989796938574],[-118.36131837826392,34.13295020751709],[-118.36130720695846,34.13293460557559],[-118.36136487975638,34.132906102415525],[-118.36134496600314,34.13287824318906],[-118.36134697713476,34.13287724819239],[-118.36131991474156,34.13283940869462],[-118.36126949686195,34.13286434531214],[-118.36127445116992,34.132871310194275],[-118.36126010702428,34.13287838684644],[-118.36125160631077,34.13286887761035],[-118.36120909237259,34.13289519156713],[-118.36122114567377,34.13290867587916],[-118.3611893751822,34.132928362989794],[-118.36122407510523,34.13296714163181],[-118.36121691899663,34.13297048788028],[-118.36122164130133,34.132977453457876],[-118.36122813727553,34.13297438415028]]]},"properties":{"building_pk":7126,"building_key":"dpw:452342870966@374482,3777730","source_tile":"cty-e374-n3777","source_tile_ids":["cty-e374-n3777"],"source_bld_id":"452342870966","height_m":5.998,"receiver_ids":[5043,5044,5045,5046,5047],"receiver_keys":["cty-e374-n3777:la-e374-n3777:facade:452342870966:0","cty-e374-n3777:la-e374-n3777:facade:452342870966:1","cty-e374-n3777:la-e374-n3777:facade:452342870966:3","cty-e374-n3777:la-e374-n3777:facade:452342870966:4","cty-e374-n3777:la-e374-n3777:facade:452342870966:5"],"receiver_count":5,"periods":{"D":{"min":64.1971,"max":64.88443,"receiver_count":5,"unavailable_count":0},"E":{"min":61.97861,"max":62.66594,"receiver_count":5,"unavailable_count":0},"N":{"min":57.207397,"max":57.89473,"receiver_count":5,"unavailable_count":0}}}},{"type":"Feature","id":"dpw:452805870065@374622,3777455","geometry":{"type":"Polygon","coordinates":[[[-118.35966950017348,34.1305463831991],[-118.35969898348047,34.13053294101858],[-118.35971747701183,34.130561051758626],[-118.35977740041929,34.13053380660941],[-118.35978072665182,34.13053888046812],[-118.35981149657144,34.13052488449377],[-118.35979353536939,34.13049754119337],[-118.359804583632,34.13049250748848],[-118.35973283733473,34.13038332780433],[-118.35974847005538,34.13037621864868],[-118.35966754429066,34.13025307982353],[-118.35959251618864,34.13028715661529],[-118.35965790775428,34.13038665566891],[-118.35961401310675,34.13040659841545],[-118.35964644317767,34.130455936729916],[-118.35961844324032,34.130468687514316],[-118.35966950017348,34.1305463831991]]]},"properties":{"building_pk":7161,"building_key":"dpw:452805870065@374622,3777455","source_tile":"cty-e374-n3777","source_tile_ids":["cty-e374-n3777"],"source_bld_id":"452805870065","height_m":3.426,"receiver_ids":[4649,4650,4651,4652,4653,4654,4655,4656,4657],"receiver_keys":["cty-e374-n3777:la-e374-n3777:facade:452805870065:0","cty-e374-n3777:la-e374-n3777:facade:452805870065:1","cty-e374-n3777:la-e374-n3777:facade:452805870065:2","cty-e374-n3777:la-e374-n3777:facade:452805870065:3","cty-e374-n3777:la-e374-n3777:facade:452805870065:4","cty-e374-n3777:la-e374-n3777:facade:452805870065:5","cty-e374-n3777:la-e374-n3777:facade:452805870065:6","cty-e374-n3777:la-e374-n3777:facade:452805870065:8","cty-e374-n3777:la-e374-n3777:facade:452805870065:9"],"receiver_count":9,"periods":{"D":{"min":58.631218,"max":58.997906,"receiver_count":9,"unavailable_count":0},"E":{"min":56.41273,"max":56.77942,"receiver_count":9,"unavailable_count":0},"N":{"min":51.641518,"max":52.008205,"receiver_count":9,"unavailable_count":0}}}},{"type":"Feature","id":"dpw:452337870006@374476,3777442","geometry":{"type":"Polygon","coordinates":[[[-118.36131635632852,34.13040330767153],[-118.36131842666629,34.13034705287086],[-118.36138670318618,34.1303487996801],[-118.36138892269129,34.13028894369887],[-118.3613763640005,34.130288624238325],[-118.36137822785055,34.1302380298948],[-118.3613085300444,34.13023625938197],[-118.36130669726536,34.13028627664858],[-118.36118346297815,34.13028310011237],[-118.36118222125252,34.130316875347816],[-118.3611721422537,34.130316630496154],[-118.3611690637404,34.13039951606304],[-118.36131635632852,34.13040330767153]]]},"properties":{"building_pk":7162,"building_key":"dpw:452337870006@374476,3777442","source_tile":"cty-e374-n3777","source_tile_ids":["cty-e374-n3777"],"source_bld_id":"452337870006","height_m":6.264,"receiver_ids":[4728,4729,4730,4731,4732,4733,4734,4735],"receiver_keys":["cty-e374-n3777:la-e374-n3777:facade:452337870006:0","cty-e374-n3777:la-e374-n3777:facade:452337870006:1","cty-e374-n3777:la-e374-n3777:facade:452337870006:2","cty-e374-n3777:la-e374-n3777:facade:452337870006:3","cty-e374-n3777:la-e374-n3777:facade:452337870006:4","cty-e374-n3777:la-e374-n3777:facade:452337870006:5","cty-e374-n3777:la-e374-n3777:facade:452337870006:6","cty-e374-n3777:la-e374-n3777:facade:452337870006:7"],"receiver_count":8,"periods":{"D":{"min":60.444256,"max":61.182087,"receiver_count":8,"unavailable_count":0},"E":{"min":58.22577,"max":58.9636,"receiver_count":8,"unavailable_count":0},"N":{"min":53.454556,"max":54.192387,"receiver_count":8,"unavailable_count":0}}}},{"type":"Feature","id":"dpw:453646870465@374880,3777582","geometry":{"type":"Polygon","coordinates":[[[-118.35684677261595,34.13158905326186],[-118.3569016976953,34.13165220323535],[-118.35688696411083,34.13166103941357],[-118.35693189438031,34.13171270447136],[-118.35705852556512,34.1316365717404],[-118.35695870375004,34.131521757609555],[-118.35684677261595,34.13158905326186]]]},"properties":{"building_pk":7164,"building_key":"dpw:453646870465@374880,3777582","source_tile":"cty-e374-n3777","source_tile_ids":["cty-e374-n3777"],"source_bld_id":"453646870465","height_m":4.84,"receiver_ids":[5694,5695,5696,5697,5698,5699],"receiver_keys":["cty-e374-n3777:la-e374-n3777:facade:453646870465:0","cty-e374-n3777:la-e374-n3777:facade:453646870465:1","cty-e374-n3777:la-e374-n3777:facade:453646870465:2","cty-e374-n3777:la-e374-n3777:facade:453646870465:3","cty-e374-n3777:la-e374-n3777:facade:453646870465:4","cty-e374-n3777:la-e374-n3777:facade:453646870465:6"],"receiver_count":6,"periods":{"D":{"min":56.75543,"max":65.411766,"receiver_count":6,"unavailable_count":0},"E":{"min":54.53694,"max":63.19328,"receiver_count":6,"unavailable_count":0},"N":{"min":49.765728,"max":58.42207,"receiver_count":6,"unavailable_count":0}}}},{"type":"Feature","id":"dpw:451664870872@374278,3777716","geometry":{"type":"Polygon","coordinates":[[[-118.363435293772,34.132689352260684],[-118.36345022096816,34.13273288851901],[-118.36343147048909,34.13273734168618],[-118.3634384993955,34.13275787466653],[-118.36341192621798,34.13276419228683],[-118.36341714637645,34.132779399925425],[-118.36338664498012,34.13278663629531],[-118.36340424957608,34.13283805114526],[-118.36342805026305,34.13283240178671],[-118.36343059458021,34.13283984082233],[-118.36352467544606,34.13281754692441],[-118.36352209824038,34.13281002594983],[-118.36354299424784,34.13280507137272],[-118.36351625173376,34.13272708421113],[-118.36355395095504,34.13271815020513],[-118.36354702211473,34.13269794689259],[-118.36354177378377,34.13269919868283],[-118.36353066218693,34.1326667524719],[-118.363435293772,34.132689352260684]]]},"properties":{"building_pk":7181,"building_key":"dpw:451664870872@374278,3777716","source_tile":"cty-e374-n3777","source_tile_ids":["cty-e374-n3777"],"source_bld_id":"451664870872","height_m":7.016,"receiver_ids":[4371,4372,4373,4374,4375],"receiver_keys":["cty-e374-n3777:la-e374-n3777:facade:451664870872:2","cty-e374-n3777:la-e374-n3777:facade:451664870872:3","cty-e374-n3777:la-e374-n3777:facade:451664870872:4","cty-e374-n3777:la-e374-n3777:facade:451664870872:5","cty-e374-n3777:la-e374-n3777:facade:451664870872:6"],"receiver_count":5,"periods":{"D":{"min":59.25733,"max":60.607567,"receiver_count":5,"unavailable_count":0},"E":{"min":57.038845,"max":58.38908,"receiver_count":5,"unavailable_count":0},"N":{"min":52.26763,"max":53.617867,"receiver_count":5,"unavailable_count":0}}}},{"type":"Feature","id":"dpw:452342871224@374486,3777813","geometry":{"type":"Polygon","coordinates":[[[-118.36125743870441,34.133721419055995],[-118.36126184640663,34.13371679002014],[-118.36128276394898,34.13373053001496],[-118.36130754788748,34.133704454746066],[-118.36130404732124,34.13370198959223],[-118.36133342364349,34.13367112605818],[-118.36123191783123,34.13360432543339],[-118.3612206341661,34.13361617558153],[-118.36119541535193,34.133599570726886],[-118.36116686144483,34.13362958072029],[-118.3611743841345,34.13363453201582],[-118.36117027218242,34.13363885815028],[-118.36118694082515,34.13364982781601],[-118.36117220367126,34.133665342202995],[-118.36125743870441,34.133721419055995]]]},"properties":{"building_pk":7193,"building_key":"dpw:452342871224@374486,3777813","source_tile":"cty-e374-n3777","source_tile_ids":["cty-e374-n3777"],"source_bld_id":"452342871224","height_m":5.267,"receiver_ids":[5177,5178,5179,5180],"receiver_keys":["cty-e374-n3777:la-e374-n3777:facade:452342871224:0","cty-e374-n3777:la-e374-n3777:facade:452342871224:1","cty-e374-n3777:la-e374-n3777:facade:452342871224:2","cty-e374-n3777:la-e374-n3777:facade:452342871224:3"],"receiver_count":4,"periods":{"D":{"min":62.174553,"max":66.05262,"receiver_count":4,"unavailable_count":0},"E":{"min":59.956066,"max":63.834137,"receiver_count":4,"unavailable_count":0},"N":{"min":55.184853,"max":59.062923,"receiver_count":4,"unavailable_count":0}}}},{"type":"Feature","id":"dpw:451770871188@374309,3777805","geometry":{"type":"Polygon","coordinates":[[[-118.36317026859348,34.13357812818246],[-118.36316583842239,34.13354711784357],[-118.3631367054479,34.13354998119597],[-118.36314113560826,34.133580991535936],[-118.36317026859348,34.13357812818246]]]},"properties":{"building_pk":7206,"building_key":"dpw:451770871188@374309,3777805","source_tile":"cty-e374-n3777","source_tile_ids":["cty-e374-n3777"],"source_bld_id":"451770871188","height_m":2.88,"receiver_ids":[5341,5342,5343,5344],"receiver_keys":["cty-e374-n3777:la-e374-n3777:facade:451770871188:0","cty-e374-n3777:la-e374-n3777:facade:451770871188:1","cty-e374-n3777:la-e374-n3777:facade:451770871188:2","cty-e374-n3777:la-e374-n3777:facade:451770871188:3"],"receiver_count":4,"periods":{"D":{"min":57.018417,"max":58.566803,"receiver_count":4,"unavailable_count":0},"E":{"min":54.79993,"max":56.348312,"receiver_count":4,"unavailable_count":0},"N":{"min":50.028717,"max":51.577103,"receiver_count":4,"unavailable_count":0}}}},{"type":"Feature","id":"dpw:452813869345@374621,3777240","geometry":{"type":"Polygon","coordinates":[[[-118.35968676466007,34.12858425865248],[-118.3597770197548,34.128502900520765],[-118.35968323111179,34.12843096485038],[-118.35959300973006,34.12851235075917],[-118.35968676466007,34.12858425865248]]]},"properties":{"building_pk":7213,"building_key":"dpw:452813869345@374621,3777240","source_tile":"cty-e374-n3777","source_tile_ids":["cty-e374-n3777"],"source_bld_id":"452813869345","height_m":9.427,"receiver_ids":[3381,3382,3383,3384,3385],"receiver_keys":["cty-e374-n3777:la-e374-n3777:facade:452813869345:0","cty-e374-n3777:la-e374-n3777:facade:452813869345:1","cty-e374-n3777:la-e374-n3777:facade:452813869345:2","cty-e374-n3777:la-e374-n3777:facade:452813869345:3","cty-e374-n3777:la-e374-n3777:facade:452813869345:4"],"receiver_count":5,"periods":{"D":{"min":57.13954,"max":60.96378,"receiver_count":5,"unavailable_count":0},"E":{"min":54.921055,"max":58.745293,"receiver_count":5,"unavailable_count":0},"N":{"min":50.14984,"max":53.97408,"receiver_count":5,"unavailable_count":0}}}},{"type":"Feature","id":"dpw:450928871177@374052,3777807","geometry":{"type":"Polygon","coordinates":[[[-118.36584054917677,34.133494124295005],[-118.36586256973379,34.13359498729111],[-118.36593003572379,34.13358480847928],[-118.36592551761534,34.133564158053204],[-118.36595405013632,34.13355986781345],[-118.3659641320581,34.13360600133576],[-118.36604117573998,34.13359439157625],[-118.36601359211356,34.1334680175674],[-118.36584054917677,34.133494124295005]]]},"properties":{"building_pk":7222,"building_key":"dpw:450928871177@374052,3777807","source_tile":"cty-e374-n3777","source_tile_ids":["cty-e374-n3777"],"source_bld_id":"450928871177","height_m":7.126,"receiver_ids":[6388,6389,6390,6391,6392,6393],"receiver_keys":["cty-e374-n3777:la-e374-n3777:facade:450928871177:0","cty-e374-n3777:la-e374-n3777:facade:450928871177:1","cty-e374-n3777:la-e374-n3777:facade:450928871177:3","cty-e374-n3777:la-e374-n3777:facade:450928871177:4","cty-e374-n3777:la-e374-n3777:facade:450928871177:5","cty-e374-n3777:la-e374-n3777:facade:450928871177:6"],"receiver_count":6,"periods":{"D":{"min":55.68687,"max":59.441715,"receiver_count":6,"unavailable_count":0},"E":{"min":53.468384,"max":57.223225,"receiver_count":6,"unavailable_count":0},"N":{"min":48.69717,"max":52.452015,"receiver_count":6,"unavailable_count":0}}}},{"type":"Feature","id":"dpw:452164871769@374435,3777979","geometry":{"type":"Polygon","coordinates":[[[-118.36163708823973,34.13520072182098],[-118.3616387122777,34.135202461434],[-118.36164701633069,34.13519702376974],[-118.36177515891269,34.13533233047481],[-118.36206108644119,34.13514505753991],[-118.3619347365459,34.13501166964768],[-118.36187894801145,34.13504821815078],[-118.36187706267553,34.135046225991594],[-118.36163708823973,34.13520072182098]]]},"properties":{"building_pk":7227,"building_key":"dpw:452164871769@374435,3777979","source_tile":"cty-e374-n3777","source_tile_ids":["cty-e374-n3777"],"source_bld_id":"452164871769","height_m":7.94,"receiver_ids":[5619,5620,5621,5622,5623,5624,5625,5626],"receiver_keys":["cty-e374-n3777:la-e374-n3777:facade:452164871769:0","cty-e374-n3777:la-e374-n3777:facade:452164871769:1","cty-e374-n3777:la-e374-n3777:facade:452164871769:2","cty-e374-n3777:la-e374-n3777:facade:452164871769:3","cty-e374-n3777:la-e374-n3777:facade:452164871769:4","cty-e374-n3777:la-e374-n3777:facade:452164871769:5","cty-e374-n3777:la-e374-n3777:facade:452164871769:6","cty-e374-n3777:la-e374-n3777:facade:452164871769:7"],"receiver_count":8,"periods":{"D":{"min":61.87834,"max":74.7133,"receiver_count":8,"unavailable_count":0},"E":{"min":59.65985,"max":72.49481,"receiver_count":8,"unavailable_count":0},"N":{"min":54.88864,"max":67.7236,"receiver_count":8,"unavailable_count":0}}}},{"type":"Feature","id":"dpw:452528869985@374534,3777437","geometry":{"type":"Polygon","coordinates":[[[-118.36071551045805,34.13026361343313],[-118.36070156429433,34.13025554934441],[-118.36072437841285,34.1302281674371],[-118.36069386917316,34.130210561338515],[-118.36069764938135,34.130206016235405],[-118.3606469329806,34.13017676578673],[-118.3605665237245,34.130273153547996],[-118.3605790123103,34.13028034390473],[-118.36052506600639,34.13034502502062],[-118.36062696306442,34.13040380048444],[-118.36069034323292,34.13032779673394],[-118.360671196707,34.13031675235678],[-118.36071551045805,34.13026361343313]]]},"properties":{"building_pk":7308,"building_key":"dpw:452528869985@374534,3777437","source_tile":"cty-e374-n3777","source_tile_ids":["cty-e374-n3777"],"source_bld_id":"452528869985","height_m":4.069,"receiver_ids":[3770,3771,3772,3773,3774,3775],"receiver_keys":["cty-e374-n3777:la-e374-n3777:facade:452528869985:1","cty-e374-n3777:la-e374-n3777:facade:452528869985:2","cty-e374-n3777:la-e374-n3777:facade:452528869985:3","cty-e374-n3777:la-e374-n3777:facade:452528869985:4","cty-e374-n3777:la-e374-n3777:facade:452528869985:5","cty-e374-n3777:la-e374-n3777:facade:452528869985:6"],"receiver_count":6,"periods":{"D":{"min":60.528976,"max":62.224995,"receiver_count":6,"unavailable_count":0},"E":{"min":58.310486,"max":60.006508,"receiver_count":6,"unavailable_count":0},"N":{"min":53.539276,"max":55.235294,"receiver_count":6,"unavailable_count":0}}}},{"type":"Feature","id":"dpw:451531869121@374229,3777175","geometry":{"type":"Polygon","coordinates":[[[-118.36392962585154,34.127994722390795],[-118.36407145945559,34.127876355458376],[-118.36392544151731,34.12775448745267],[-118.36378310949068,34.127872414862615],[-118.36392962585154,34.127994722390795]]]},"properties":{"building_pk":7350,"building_key":"dpw:451531869121@374229,3777175","source_tile":"cty-e374-n3777","source_tile_ids":["cty-e374-n3777"],"source_bld_id":"451531869121","height_m":4.883,"receiver_ids":[3143,3144,3145,3146,3147],"receiver_keys":["cty-e374-n3777:la-e374-n3777:facade:451531869121:2","cty-e374-n3777:la-e374-n3777:facade:451531869121:3","cty-e374-n3777:la-e374-n3777:facade:451531869121:5","cty-e374-n3777:la-e374-n3777:facade:451531869121:6","cty-e374-n3777:la-e374-n3777:facade:451531869121:7"],"receiver_count":5,"periods":{"D":{"min":39.64352,"max":52.01214,"receiver_count":5,"unavailable_count":0},"E":{"min":37.425034,"max":49.79365,"receiver_count":5,"unavailable_count":0},"N":{"min":32.65382,"max":45.022438,"receiver_count":5,"unavailable_count":0}}}},{"type":"Feature","id":"dpw:451576868783@374243,3777073","geometry":{"type":"Polygon","coordinates":[[[-118.36378533119279,34.12695930761874],[-118.36377941217707,34.126954330024496],[-118.36375649565753,34.12693507547957],[-118.36373361936053,34.1269554568239],[-118.36376359102198,34.12697869656474],[-118.36378533119279,34.12695930761874]]]},"properties":{"building_pk":7352,"building_key":"dpw:451576868783@374243,3777073","source_tile":"cty-e374-n3777","source_tile_ids":["cty-e374-n3777"],"source_bld_id":"451576868783","height_m":2.938,"receiver_ids":[3005,3006,3007],"receiver_keys":["cty-e374-n3777:la-e374-n3777:facade:451576868783:1","cty-e374-n3777:la-e374-n3777:facade:451576868783:2","cty-e374-n3777:la-e374-n3777:facade:451576868783:3"],"receiver_count":3,"periods":{"D":{"min":42.06332,"max":42.182434,"receiver_count":3,"unavailable_count":0},"E":{"min":39.844833,"max":39.963947,"receiver_count":3,"unavailable_count":0},"N":{"min":35.073624,"max":35.192734,"receiver_count":3,"unavailable_count":0}}}},{"type":"Feature","id":"dpw:452246868865@374447,3777095","geometry":{"type":"Polygon","coordinates":[[[-118.36155398194092,34.12721147747897],[-118.3615839248729,34.12717481351003],[-118.36155520701763,34.12715860957101],[-118.36152498770977,34.127194788431794],[-118.36155398194092,34.12721147747897]]]},"properties":{"building_pk":7374,"building_key":"dpw:452246868865@374447,3777095","source_tile":"cty-e374-n3777","source_tile_ids":["cty-e374-n3777"],"source_bld_id":"452246868865","height_m":1.536,"receiver_ids":[3260,3261,3262,3263],"receiver_keys":["cty-e374-n3777:la-e374-n3777:facade:452246868865:0","cty-e374-n3777:la-e374-n3777:facade:452246868865:1","cty-e374-n3777:la-e374-n3777:facade:452246868865:2","cty-e374-n3777:la-e374-n3777:facade:452246868865:3"],"receiver_count":4,"periods":{"D":{"min":51.4504,"max":55.75881,"receiver_count":4,"unavailable_count":0},"E":{"min":49.231915,"max":53.54032,"receiver_count":4,"unavailable_count":0},"N":{"min":44.4607,"max":48.769108,"receiver_count":4,"unavailable_count":0}}}},{"type":"Feature","id":"dpw:453090869448@374705,3777271","geometry":{"type":"Polygon","coordinates":[[[-118.3587724725889,34.12883373613501],[-118.35879109761595,34.12883101591122],[-118.35881116193606,34.128809769364565],[-118.35880239593314,34.12877668378965],[-118.35876950830855,34.128759140164156],[-118.35873067890037,34.128765877190006],[-118.35874446288746,34.12882087682685],[-118.3587724725889,34.12883373613501]]]},"properties":{"building_pk":7398,"building_key":"dpw:453090869448@374705,3777271","source_tile":"cty-e374-n3777","source_tile_ids":["cty-e374-n3777"],"source_bld_id":"453090869448","height_m":3.688,"receiver_ids":[3598,3599,3600],"receiver_keys":["cty-e374-n3777:la-e374-n3777:facade:453090869448:0","cty-e374-n3777:la-e374-n3777:facade:453090869448:2","cty-e374-n3777:la-e374-n3777:facade:453090869448:3"],"receiver_count":3,"periods":{"D":{"min":58.373642,"max":60.346394,"receiver_count":3,"unavailable_count":0},"E":{"min":56.155155,"max":58.127907,"receiver_count":3,"unavailable_count":0},"N":{"min":51.38394,"max":53.356693,"receiver_count":3,"unavailable_count":0}}}},{"type":"Feature","id":"dpw:451047869440@374083,3777274","geometry":{"type":"Polygon","coordinates":[[[-118.36554666310334,34.12877576559165],[-118.36555511217168,34.12874320541707],[-118.36549684400433,34.12873274711042],[-118.36548839599851,34.12876530727765],[-118.36554666310334,34.12877576559165]]]},"properties":{"building_pk":7399,"building_key":"dpw:451047869440@374083,3777274","source_tile":"cty-e374-n3777","source_tile_ids":["cty-e374-n3777"],"source_bld_id":"451047869440","height_m":4.657,"receiver_ids":[6248,6249,6250,6251],"receiver_keys":["cty-e374-n3777:la-e374-n3777:facade:451047869440:0","cty-e374-n3777:la-e374-n3777:facade:451047869440:1","cty-e374-n3777:la-e374-n3777:facade:451047869440:2","cty-e374-n3777:la-e374-n3777:facade:451047869440:3"],"receiver_count":4,"periods":{"D":{"min":49.260906,"max":58.912495,"receiver_count":4,"unavailable_count":0},"E":{"min":47.04242,"max":56.694008,"receiver_count":4,"unavailable_count":0},"N":{"min":42.271206,"max":51.922794,"receiver_count":4,"unavailable_count":0}}}},{"type":"Feature","id":"dpw:451336868784@374161,3777081","geometry":{"type":"Polygon","coordinates":[[[-118.36450157211904,34.126965206802325],[-118.36462259092252,34.12706747531214],[-118.36462199793272,34.127067972044046],[-118.36467158061002,34.12711005760198],[-118.36473934161366,34.12705486757893],[-118.36469599373132,34.127018066971125],[-118.36470211756145,34.12701307472121],[-118.36469465539214,34.127006749524234],[-118.36470031897015,34.12700211567128],[-118.36458075748483,34.12690066774883],[-118.36450157211904,34.126965206802325]]]},"properties":{"building_pk":7433,"building_key":"dpw:451336868784@374161,3777081","source_tile":"cty-e374-n3777","source_tile_ids":["cty-e374-n3777"],"source_bld_id":"451336868784","height_m":6.459,"receiver_ids":[2943,2944,2945,2946,2947,2948,2949],"receiver_keys":["cty-e374-n3777:la-e374-n3777:facade:451336868784:0","cty-e374-n3777:la-e374-n3777:facade:451336868784:1","cty-e374-n3777:la-e374-n3777:facade:451336868784:2","cty-e374-n3777:la-e374-n3777:facade:451336868784:3","cty-e374-n3777:la-e374-n3777:facade:451336868784:4","cty-e374-n3777:la-e374-n3777:facade:451336868784:5","cty-e374-n3777:la-e374-n3777:facade:451336868784:6"],"receiver_count":7,"periods":{"D":{"min":37.605484,"max":53.724766,"receiver_count":7,"unavailable_count":0},"E":{"min":35.386997,"max":51.50628,"receiver_count":7,"unavailable_count":0},"N":{"min":30.615784,"max":46.735065,"receiver_count":7,"unavailable_count":0}}}},{"type":"Feature","id":"dpw:452464869913@374517,3777414","geometry":{"type":"Polygon","coordinates":[[[-118.36081048211241,34.1301189292126],[-118.36088645936678,34.13008286995849],[-118.36086243199769,34.130035869814535],[-118.36084277931245,34.13004543608016],[-118.36083450012208,34.13003367321762],[-118.3607719147705,34.130064168759965],[-118.36081048211241,34.1301189292126]]]},"properties":{"building_pk":7434,"building_key":"dpw:452464869913@374517,3777414","source_tile":"cty-e374-n3777","source_tile_ids":["cty-e374-n3777"],"source_bld_id":"452464869913","height_m":3.264,"receiver_ids":[3752,3753,3754,3755],"receiver_keys":["cty-e374-n3777:la-e374-n3777:facade:452464869913:0","cty-e374-n3777:la-e374-n3777:facade:452464869913:1","cty-e374-n3777:la-e374-n3777:facade:452464869913:2","cty-e374-n3777:la-e374-n3777:facade:452464869913:3"],"receiver_count":4,"periods":{"D":{"min":60.182087,"max":62.115337,"receiver_count":4,"unavailable_count":0},"E":{"min":57.9636,"max":59.896847,"receiver_count":4,"unavailable_count":0},"N":{"min":53.192387,"max":55.125637,"receiver_count":4,"unavailable_count":0}}}},{"type":"Feature","id":"dpw:451212870403@374139,3777565","geometry":{"type":"Polygon","coordinates":[[[-118.3648586380228,34.13139572843528],[-118.36497744491284,34.13146656764689],[-118.36501285441321,34.13142551657454],[-118.36510715424393,34.13148409214497],[-118.36516299200834,34.13142195821219],[-118.36495049268996,34.131295318460374],[-118.36494158289429,34.13130564991489],[-118.36490540469576,34.13128410514994],[-118.36484402201566,34.13135529630074],[-118.36487668833398,34.13137476282685],[-118.3648586380228,34.13139572843528]]]},"properties":{"building_pk":7438,"building_key":"dpw:451212870403@374139,3777565","source_tile":"cty-e374-n3777","source_tile_ids":["cty-e374-n3777"],"source_bld_id":"451212870403","height_m":4.218,"receiver_ids":[4169,4170,4171,4172,4173,4174,4175,4176,4177],"receiver_keys":["cty-e374-n3777:la-e374-n3777:facade:451212870403:0","cty-e374-n3777:la-e374-n3777:facade:451212870403:1","cty-e374-n3777:la-e374-n3777:facade:451212870403:2","cty-e374-n3777:la-e374-n3777:facade:451212870403:3","cty-e374-n3777:la-e374-n3777:facade:451212870403:4","cty-e374-n3777:la-e374-n3777:facade:451212870403:5","cty-e374-n3777:la-e374-n3777:facade:451212870403:6","cty-e374-n3777:la-e374-n3777:facade:451212870403:7","cty-e374-n3777:la-e374-n3777:facade:451212870403:8"],"receiver_count":9,"periods":{"D":{"min":51.151188,"max":60.13792,"receiver_count":9,"unavailable_count":0},"E":{"min":48.9327,"max":57.91943,"receiver_count":9,"unavailable_count":0},"N":{"min":44.161488,"max":53.14822,"receiver_count":9,"unavailable_count":0}}}},{"type":"Feature","id":"dpw:453811871263@374938,3777789","geometry":{"type":"Polygon","coordinates":[[[-118.35659536707824,34.133383758062834],[-118.35657361192878,34.133374749185926],[-118.35654320160407,34.133364891345394],[-118.35650596172428,34.13335771948067],[-118.35647382604373,34.13335410443585],[-118.35647257112987,34.13336185683476],[-118.35644592401923,34.13335888552038],[-118.35642278422313,34.13335694783664],[-118.35640111103162,34.13335800072541],[-118.35639024395057,34.133359132639306],[-118.35638888348171,34.13335001311068],[-118.35633755429856,34.13335538522843],[-118.35629271852129,34.13336466797828],[-118.35622188236697,34.13335229131458],[-118.3562056845104,34.13335088306814],[-118.35617684631157,34.13335324893088],[-118.35615840913316,34.13336138191639],[-118.35614731322654,34.133370895157064],[-118.3561371391856,34.13338735742125],[-118.35603559608349,34.13368310868109],[-118.3560353867844,34.133703966322415],[-118.35604093951258,34.13371966733795],[-118.35605382980461,34.1337358696308],[-118.35607513090076,34.13374822734045],[-118.35637915307282,34.13381938120891],[-118.35639914677013,34.133819541333914],[-118.3564177581927,34.13381360664334],[-118.3564426116098,34.133798887012],[-118.35650342282597,34.13364576036687],[-118.35650662593366,34.13364664073558],[-118.35659536707824,34.133383758062834]]]},"properties":{"building_pk":7463,"building_key":"dpw:453811871263@374938,3777789","source_tile":"cty-e374-n3777","source_tile_ids":["cty-e374-n3777"],"source_bld_id":"453811871263","height_m":16.078,"receiver_ids":[5866,5867,5868,5869,5870,5871,5872,5873,5874,5875,5876,5877,5878,5879,5880],"receiver_keys":["cty-e374-n3777:la-e374-n3777:facade:453811871263:0","cty-e374-n3777:la-e374-n3777:facade:453811871263:1","cty-e374-n3777:la-e374-n3777:facade:453811871263:10","cty-e374-n3777:la-e374-n3777:facade:453811871263:11","cty-e374-n3777:la-e374-n3777:facade:453811871263:12","cty-e374-n3777:la-e374-n3777:facade:453811871263:13","cty-e374-n3777:la-e374-n3777:facade:453811871263:14","cty-e374-n3777:la-e374-n3777:facade:453811871263:2","cty-e374-n3777:la-e374-n3777:facade:453811871263:3","cty-e374-n3777:la-e374-n3777:facade:453811871263:4","cty-e374-n3777:la-e374-n3777:facade:453811871263:5","cty-e374-n3777:la-e374-n3777:facade:453811871263:6","cty-e374-n3777:la-e374-n3777:facade:453811871263:7","cty-e374-n3777:la-e374-n3777:facade:453811871263:8","cty-e374-n3777:la-e374-n3777:facade:453811871263:9"],"receiver_count":15,"periods":{"D":{"min":67.7719,"max":82.93076,"receiver_count":15,"unavailable_count":0},"E":{"min":65.553406,"max":80.71227,"receiver_count":15,"unavailable_count":0},"N":{"min":60.782192,"max":75.94106,"receiver_count":15,"unavailable_count":0}}}},{"type":"Feature","id":"dpw:452956870935@374670,3777721","geometry":{"type":"Polygon","coordinates":[[[-118.35933022305285,34.13294898937702],[-118.35934890017994,34.13291203039446],[-118.3593204040653,34.13290186554716],[-118.3592461118248,34.1328156372134],[-118.35923473526933,34.13274436406346],[-118.3591659345721,34.13275176727547],[-118.35917755689306,34.13282625547908],[-118.3591623630926,34.13282789454054],[-118.35916671380056,34.132856157376594],[-118.35917903389839,34.13285485681574],[-118.35918515033892,34.13289388595212],[-118.35920328302807,34.132891936140105],[-118.35920542552107,34.13290586120347],[-118.35933022305285,34.13294898937702]]]},"properties":{"building_pk":7513,"building_key":"dpw:452956870935@374670,3777721","source_tile":"cty-e374-n3777","source_tile_ids":["cty-e374-n3777"],"source_bld_id":"452956870935","height_m":4.103,"receiver_ids":[5075,5076,5077,5078,5079,5080],"receiver_keys":["cty-e374-n3777:la-e374-n3777:facade:452956870935:0","cty-e374-n3777:la-e374-n3777:facade:452956870935:1","cty-e374-n3777:la-e374-n3777:facade:452956870935:2","cty-e374-n3777:la-e374-n3777:facade:452956870935:3","cty-e374-n3777:la-e374-n3777:facade:452956870935:4","cty-e374-n3777:la-e374-n3777:facade:452956870935:6"],"receiver_count":6,"periods":{"D":{"min":65.29285,"max":66.97613,"receiver_count":6,"unavailable_count":0},"E":{"min":63.074356,"max":64.75764,"receiver_count":6,"unavailable_count":0},"N":{"min":58.303143,"max":59.986427,"receiver_count":6,"unavailable_count":0}}}},{"type":"Feature","id":"dpw:452371869373@374487,3777247","geometry":{"type":"Polygon","coordinates":[[[-118.36120116782169,34.12869856139044],[-118.36121657307686,34.12866199594935],[-118.36124654819655,34.1286707549383],[-118.3612808595194,34.12858942493076],[-118.36128879965248,34.128591736174734],[-118.36133282467986,34.128487405088464],[-118.36125371853136,34.128464339553574],[-118.36122467374418,34.12853312337084],[-118.3611371313204,34.128507582111624],[-118.36112068441203,34.128471413861135],[-118.36108865049032,34.12847565933191],[-118.3610600966832,34.12846689605845],[-118.36104347223494,34.12850431707218],[-118.36104939491787,34.12850614031653],[-118.36103447222783,34.128539737341015],[-118.36103883929032,34.1285410702894],[-118.36102044907153,34.128582563401366],[-118.36102656929941,34.12858444105047],[-118.36101181102546,34.12861770761907],[-118.36107957322159,34.128638498368495],[-118.36107070501141,34.12865850198763],[-118.36120116782169,34.12869856139044]]]},"properties":{"building_pk":7514,"building_key":"dpw:452371869373@374487,3777247","source_tile":"cty-e374-n3777","source_tile_ids":["cty-e374-n3777"],"source_bld_id":"452371869373","height_m":9.092,"receiver_ids":[3328,3329,3330,3331,3332,3333,3334,3335,3336],"receiver_keys":["cty-e374-n3777:la-e374-n3777:facade:452371869373:1","cty-e374-n3777:la-e374-n3777:facade:452371869373:10","cty-e374-n3777:la-e374-n3777:facade:452371869373:2","cty-e374-n3777:la-e374-n3777:facade:452371869373:3","cty-e374-n3777:la-e374-n3777:facade:452371869373:4","cty-e374-n3777:la-e374-n3777:facade:452371869373:5","cty-e374-n3777:la-e374-n3777:facade:452371869373:6","cty-e374-n3777:la-e374-n3777:facade:452371869373:7","cty-e374-n3777:la-e374-n3777:facade:452371869373:8"],"receiver_count":9,"periods":{"D":{"min":48.57531,"max":59.928734,"receiver_count":9,"unavailable_count":0},"E":{"min":46.356823,"max":57.710247,"receiver_count":9,"unavailable_count":0},"N":{"min":41.58561,"max":52.939034,"receiver_count":9,"unavailable_count":0}}}},{"type":"Feature","id":"dpw:453293870384@374765,3777557","geometry":{"type":"Polygon","coordinates":[[[-118.35823404494198,34.13141993994026],[-118.35818485596926,34.131376971575314],[-118.35822045602369,34.131348754395255],[-118.35815730346238,34.13129362691981],[-118.35805040468713,34.13137830390753],[-118.3581627462112,34.131476399832984],[-118.35823404494198,34.13141993994026]]]},"properties":{"building_pk":7516,"building_key":"dpw:453293870384@374765,3777557","source_tile":"cty-e374-n3777","source_tile_ids":["cty-e374-n3777"],"source_bld_id":"453293870384","height_m":11.494,"receiver_ids":[4795,4796,4797,4798,4799,4800],"receiver_keys":["cty-e374-n3777:la-e374-n3777:facade:453293870384:0","cty-e374-n3777:la-e374-n3777:facade:453293870384:1","cty-e374-n3777:la-e374-n3777:facade:453293870384:2","cty-e374-n3777:la-e374-n3777:facade:453293870384:3","cty-e374-n3777:la-e374-n3777:facade:453293870384:4","cty-e374-n3777:la-e374-n3777:facade:453293870384:5"],"receiver_count":6,"periods":{"D":{"min":49.074287,"max":57.429398,"receiver_count":6,"unavailable_count":0},"E":{"min":46.8558,"max":55.21091,"receiver_count":6,"unavailable_count":0},"N":{"min":42.084587,"max":50.439697,"receiver_count":6,"unavailable_count":0}}}},{"type":"Feature","id":"dpw:451441870967@374202,3777731","geometry":{"type":"Polygon","coordinates":[[[-118.36423179002661,34.13287512969939],[-118.36415958084673,34.132911592606966],[-118.36416649556564,34.132921051424006],[-118.36415666979224,34.132925999805025],[-118.36422022334163,34.13301896131433],[-118.36437821640453,34.1329442923645],[-118.36434694809496,34.13289695862225],[-118.36436116234705,34.13289048512194],[-118.36436056308553,34.13288955293726],[-118.36439753273758,34.13287267923835],[-118.36439775785924,34.132848469618914],[-118.3643871045095,34.132830448479965],[-118.36436618544354,34.1328253781946],[-118.36433165268309,34.13284342915696],[-118.36432981493112,34.1328419092975],[-118.36424785183127,34.132875658283034],[-118.36425004616568,34.13287864747407],[-118.36423857189297,34.132884452780715],[-118.36423179002661,34.13287512969939]]]},"properties":{"building_pk":7525,"building_key":"dpw:451441870967@374202,3777731","source_tile":"cty-e374-n3777","source_tile_ids":["cty-e374-n3777"],"source_bld_id":"451441870967","height_m":7.858,"receiver_ids":[4435,4436,4437,4438,4439,4440,4441,4442],"receiver_keys":["cty-e374-n3777:la-e374-n3777:facade:451441870967:0","cty-e374-n3777:la-e374-n3777:facade:451441870967:1","cty-e374-n3777:la-e374-n3777:facade:451441870967:2","cty-e374-n3777:la-e374-n3777:facade:451441870967:3","cty-e374-n3777:la-e374-n3777:facade:451441870967:4","cty-e374-n3777:la-e374-n3777:facade:451441870967:5","cty-e374-n3777:la-e374-n3777:facade:451441870967:6","cty-e374-n3777:la-e374-n3777:facade:451441870967:7"],"receiver_count":8,"periods":{"D":{"min":53.249794,"max":60.677452,"receiver_count":8,"unavailable_count":0},"E":{"min":51.031307,"max":58.458965,"receiver_count":8,"unavailable_count":0},"N":{"min":46.260094,"max":53.68775,"receiver_count":8,"unavailable_count":0}}}},{"type":"Feature","id":"dpw:451741868904@374289,3777108","geometry":{"type":"Polygon","coordinates":[[[-118.36308750178918,34.12730470526661],[-118.36315114117325,34.12735779573594],[-118.36317178468921,34.12734069649014],[-118.36325482478756,34.127409995919805],[-118.36336321170116,34.127320144033824],[-118.36332726227896,34.12729013540223],[-118.36333378118687,34.127284730032564],[-118.36330264210376,34.12725877376093],[-118.36329678099962,34.12726362721503],[-118.36327091428538,34.12724202392974],[-118.36332751055104,34.127195112799605],[-118.36327381989284,34.1271502911582],[-118.36308750178918,34.12730470526661]]]},"properties":{"building_pk":7534,"building_key":"dpw:451741868904@374289,3777108","source_tile":"cty-e374-n3777","source_tile_ids":["cty-e374-n3777"],"source_bld_id":"451741868904","height_m":3.277,"receiver_ids":[3023,3024,3025,3026,3027,3028,3029,3030,3031],"receiver_keys":["cty-e374-n3777:la-e374-n3777:facade:451741868904:0","cty-e374-n3777:la-e374-n3777:facade:451741868904:1","cty-e374-n3777:la-e374-n3777:facade:451741868904:2","cty-e374-n3777:la-e374-n3777:facade:451741868904:3","cty-e374-n3777:la-e374-n3777:facade:451741868904:4","cty-e374-n3777:la-e374-n3777:facade:451741868904:5","cty-e374-n3777:la-e374-n3777:facade:451741868904:6","cty-e374-n3777:la-e374-n3777:facade:451741868904:7","cty-e374-n3777:la-e374-n3777:facade:451741868904:8"],"receiver_count":9,"periods":{"D":{"min":43.90385,"max":53.571106,"receiver_count":9,"unavailable_count":0},"E":{"min":41.685364,"max":51.35262,"receiver_count":9,"unavailable_count":0},"N":{"min":36.91415,"max":46.581406,"receiver_count":9,"unavailable_count":0}}}},{"type":"Feature","id":"dpw:452049871345@374396,3777853","geometry":{"type":"Polygon","coordinates":[[[-118.36218821831861,34.13404794040079],[-118.36221674691078,34.134042662071245],[-118.3622227925621,34.13406525897946],[-118.36225482130489,34.13405933727431],[-118.36225354525617,34.13405458730041],[-118.36230505502164,34.134045090307836],[-118.36228624368587,34.133974552833365],[-118.36227590900222,34.133976452690725],[-118.362268880467,34.13394995958879],[-118.36218036229728,34.13396683563893],[-118.36218184563704,34.13397288771162],[-118.36216943104874,34.133975177846025],[-118.36217571309676,34.13399879098057],[-118.36215596789998,34.1340024499717],[-118.3621626862929,34.134027682760895],[-118.36218187038232,34.13402413543717],[-118.36218821831861,34.13404794040079]]]},"properties":{"building_pk":7552,"building_key":"dpw:452049871345@374396,3777853","source_tile":"cty-e374-n3777","source_tile_ids":["cty-e374-n3777"],"source_bld_id":"452049871345","height_m":5.803,"receiver_ids":[5381,5382,5383,5384,5385],"receiver_keys":["cty-e374-n3777:la-e374-n3777:facade:452049871345:0","cty-e374-n3777:la-e374-n3777:facade:452049871345:1","cty-e374-n3777:la-e374-n3777:facade:452049871345:2","cty-e374-n3777:la-e374-n3777:facade:452049871345:3","cty-e374-n3777:la-e374-n3777:facade:452049871345:4"],"receiver_count":5,"periods":{"D":{"min":48.179897,"max":58.58054,"receiver_count":5,"unavailable_count":0},"E":{"min":45.96141,"max":56.362053,"receiver_count":5,"unavailable_count":0},"N":{"min":41.190197,"max":51.59084,"receiver_count":5,"unavailable_count":0}}}},{"type":"Feature","id":"dpw:452209870811@374437,3777692","geometry":{"type":"Polygon","coordinates":[[[-118.36162749604318,34.1325413869008],[-118.36168780479431,34.13264109210751],[-118.36173292874408,34.13262221685598],[-118.36172028051197,34.13260128769034],[-118.36173149623664,34.13259658327047],[-118.36172374108185,34.13258374607128],[-118.36174293799913,34.13257571994866],[-118.36174636678642,34.13258139747616],[-118.36178086909273,34.13256697782929],[-118.36177654152034,34.13255979111736],[-118.36179705880731,34.132551239045206],[-118.36178238078436,34.13252699199926],[-118.36181652047154,34.13251271046088],[-118.36179222432976,34.13247252690976],[-118.36162749604318,34.1325413869008]]]},"properties":{"building_pk":7567,"building_key":"dpw:452209870811@374437,3777692","source_tile":"cty-e374-n3777","source_tile_ids":["cty-e374-n3777"],"source_bld_id":"452209870811","height_m":10.769,"receiver_ids":[5020,5021,5022,5023,5024,5025],"receiver_keys":["cty-e374-n3777:la-e374-n3777:facade:452209870811:0","cty-e374-n3777:la-e374-n3777:facade:452209870811:1","cty-e374-n3777:la-e374-n3777:facade:452209870811:3","cty-e374-n3777:la-e374-n3777:facade:452209870811:4","cty-e374-n3777:la-e374-n3777:facade:452209870811:5","cty-e374-n3777:la-e374-n3777:facade:452209870811:6"],"receiver_count":6,"periods":{"D":{"min":45.548847,"max":63.486816,"receiver_count":6,"unavailable_count":0},"E":{"min":43.33036,"max":61.26833,"receiver_count":6,"unavailable_count":0},"N":{"min":38.559147,"max":56.497116,"receiver_count":6,"unavailable_count":0}}}},{"type":"Feature","id":"dpw:453658870630@374883,3777629","geometry":{"type":"Polygon","coordinates":[[[-118.35691520479814,34.13213787914595],[-118.35699509743081,34.13208919830302],[-118.35688890514847,34.131968632197406],[-118.35680898004544,34.13201731306599],[-118.35691520479814,34.13213787914595]]]},"properties":{"building_pk":7604,"building_key":"dpw:453658870630@374883,3777629","source_tile":"cty-e374-n3777","source_tile_ids":["cty-e374-n3777"],"source_bld_id":"453658870630","height_m":0.32,"receiver_ids":[5759,5760,5761,5762,5763,5764],"receiver_keys":["cty-e374-n3777:la-e374-n3777:facade:453658870630:0","cty-e374-n3777:la-e374-n3777:facade:453658870630:1","cty-e374-n3777:la-e374-n3777:facade:453658870630:2","cty-e374-n3777:la-e374-n3777:facade:453658870630:3","cty-e374-n3777:la-e374-n3777:facade:453658870630:4","cty-e374-n3777:la-e374-n3777:facade:453658870630:5"],"receiver_count":6,"periods":{"D":{"min":61.227596,"max":63.00566,"receiver_count":6,"unavailable_count":0},"E":{"min":59.009106,"max":60.787174,"receiver_count":6,"unavailable_count":0},"N":{"min":54.237896,"max":56.01596,"receiver_count":6,"unavailable_count":0}}}},{"type":"Feature","id":"dpw:451326868617@374164,3777023","geometry":{"type":"Polygon","coordinates":[[[-118.36457215094882,34.12663195043379],[-118.36462480677365,34.126583345775025],[-118.36461884012137,34.12657888494546],[-118.36469268964063,34.12651070708874],[-118.36469726511238,34.12651410018639],[-118.36473079993554,34.12648311328576],[-118.3646622102805,34.12643174248601],[-118.36462772098886,34.12646361214583],[-118.36460014003032,34.12644294830742],[-118.36461402845191,34.12643012894693],[-118.36456085373548,34.12639030804088],[-118.36446225586478,34.1264813125006],[-118.36453664574614,34.126537035663645],[-118.3644958052433,34.12657472221651],[-118.36457215094882,34.12663195043379]]]},"properties":{"building_pk":7627,"building_key":"dpw:451326868617@374164,3777023","source_tile":"cty-e374-n3777","source_tile_ids":["cty-e374-n3777"],"source_bld_id":"451326868617","height_m":3.834,"receiver_ids":[2895,2896,2897,2898,2899,2900,2901,2902],"receiver_keys":["cty-e374-n3777:la-e374-n3777:facade:451326868617:0","cty-e374-n3777:la-e374-n3777:facade:451326868617:1","cty-e374-n3777:la-e374-n3777:facade:451326868617:2","cty-e374-n3777:la-e374-n3777:facade:451326868617:3","cty-e374-n3777:la-e374-n3777:facade:451326868617:4","cty-e374-n3777:la-e374-n3777:facade:451326868617:5","cty-e374-n3777:la-e374-n3777:facade:451326868617:6","cty-e374-n3777:la-e374-n3777:facade:451326868617:8"],"receiver_count":8,"periods":{"D":{"min":44.087215,"max":52.770046,"receiver_count":8,"unavailable_count":0},"E":{"min":41.86873,"max":50.551556,"receiver_count":8,"unavailable_count":0},"N":{"min":37.097515,"max":45.780346,"receiver_count":8,"unavailable_count":0}}}},{"type":"Feature","id":"dpw:451519870903@374233,3777719","geometry":{"type":"Polygon","coordinates":[[[-118.36392199622863,34.13276175075564],[-118.36394331233491,34.13282290987247],[-118.36401062054009,34.132806961875445],[-118.36399174528981,34.13274466940211],[-118.36392199622863,34.13276175075564]]]},"properties":{"building_pk":7628,"building_key":"dpw:451519870903@374233,3777719","source_tile":"cty-e374-n3777","source_tile_ids":["cty-e374-n3777"],"source_bld_id":"451519870903","height_m":3.112,"receiver_ids":[4376,4377,4378,4379],"receiver_keys":["cty-e374-n3777:la-e374-n3777:facade:451519870903:0","cty-e374-n3777:la-e374-n3777:facade:451519870903:1","cty-e374-n3777:la-e374-n3777:facade:451519870903:2","cty-e374-n3777:la-e374-n3777:facade:451519870903:3"],"receiver_count":4,"periods":{"D":{"min":56.85408,"max":60.01085,"receiver_count":4,"unavailable_count":0},"E":{"min":54.63559,"max":57.79236,"receiver_count":4,"unavailable_count":0},"N":{"min":49.86438,"max":53.02115,"receiver_count":4,"unavailable_count":0}}}},{"type":"Feature","id":"dpw:451858870384@374330,3777560","geometry":{"type":"Polygon","coordinates":[[[-118.36291819852269,34.13144671805947],[-118.36293317944009,34.13142658596203],[-118.36294271764689,34.13143158608887],[-118.36296972565408,34.13139591957268],[-118.36296002110247,34.13139080996005],[-118.36296728230315,34.131381253514355],[-118.36287795846903,34.13133450481593],[-118.36288600859274,34.131323874080664],[-118.3628296063838,34.13129431074869],[-118.36282214809671,34.13130417069377],[-118.36279916226019,34.131292149191395],[-118.36274912254642,34.13135819351955],[-118.36291819852269,34.13144671805947]]]},"properties":{"building_pk":7667,"building_key":"dpw:451858870384@374330,3777560","source_tile":"cty-e374-n3777","source_tile_ids":["cty-e374-n3777"],"source_bld_id":"451858870384","height_m":6.843,"receiver_ids":[4286,4287,4288,4289,4290,4291],"receiver_keys":["cty-e374-n3777:la-e374-n3777:facade:451858870384:0","cty-e374-n3777:la-e374-n3777:facade:451858870384:1","cty-e374-n3777:la-e374-n3777:facade:451858870384:2","cty-e374-n3777:la-e374-n3777:facade:451858870384:3","cty-e374-n3777:la-e374-n3777:facade:451858870384:4","cty-e374-n3777:la-e374-n3777:facade:451858870384:5"],"receiver_count":6,"periods":{"D":{"min":58.639,"max":62.28645,"receiver_count":6,"unavailable_count":0},"E":{"min":56.420513,"max":60.06796,"receiver_count":6,"unavailable_count":0},"N":{"min":51.6493,"max":55.29675,"receiver_count":6,"unavailable_count":0}}}},{"type":"Feature","id":"dpw:453974870837@374981,3777692","geometry":{"type":"Polygon","coordinates":[[[-118.35582370045485,34.1325141669701],[-118.35578234682603,34.13263667124034],[-118.35578411344328,34.132637053700805],[-118.35576324367065,34.13269946712581],[-118.35588787489458,34.1327287274094],[-118.35601176039485,34.13255513885911],[-118.35582370045485,34.1325141669701]]]},"properties":{"building_pk":7680,"building_key":"dpw:453974870837@374981,3777692","source_tile":"cty-e374-n3777","source_tile_ids":["cty-e374-n3777"],"source_bld_id":"453974870837","height_m":0.573,"receiver_ids":[5814,5815,5816,5817,5818,5819],"receiver_keys":["cty-e374-n3777:la-e374-n3777:facade:453974870837:2","cty-e374-n3777:la-e374-n3777:facade:453974870837:3","cty-e374-n3777:la-e374-n3777:facade:453974870837:4","cty-e374-n3777:la-e374-n3777:facade:453974870837:5","cty-e374-n3777:la-e374-n3777:facade:453974870837:6","cty-e374-n3777:la-e374-n3777:facade:453974870837:7"],"receiver_count":6,"periods":{"D":{"min":70.144745,"max":73.78045,"receiver_count":6,"unavailable_count":0},"E":{"min":67.92626,"max":71.56196,"receiver_count":6,"unavailable_count":0},"N":{"min":63.15505,"max":66.79075,"receiver_count":6,"unavailable_count":0}}}},{"type":"Feature","id":"dpw:452668869076@374580,3777157","geometry":{"type":"Polygon","coordinates":[[[-118.36020769302141,34.12782547247459],[-118.36023844160884,34.12775319398251],[-118.36011003601679,34.12771461134571],[-118.3601058810208,34.12772424130595],[-118.36008669177059,34.127718473653765],[-118.36006339612949,34.12777212671914],[-118.36008457075832,34.12777849339075],[-118.3600807104422,34.12778732551483],[-118.36020769302141,34.12782547247459]]]},"properties":{"building_pk":7714,"building_key":"dpw:452668869076@374580,3777157","source_tile":"cty-e374-n3777","source_tile_ids":["cty-e374-n3777"],"source_bld_id":"452668869076","height_m":6.09,"receiver_ids":[3234,3235,3236,3237,3238],"receiver_keys":["cty-e374-n3777:la-e374-n3777:facade:452668869076:0","cty-e374-n3777:la-e374-n3777:facade:452668869076:1","cty-e374-n3777:la-e374-n3777:facade:452668869076:2","cty-e374-n3777:la-e374-n3777:facade:452668869076:3","cty-e374-n3777:la-e374-n3777:facade:452668869076:4"],"receiver_count":5,"periods":{"D":{"min":52.921814,"max":55.160236,"receiver_count":5,"unavailable_count":0},"E":{"min":50.703327,"max":52.94175,"receiver_count":5,"unavailable_count":0},"N":{"min":45.932114,"max":48.17054,"receiver_count":5,"unavailable_count":0}}}},{"type":"Feature","id":"dpw:450978870250@374066,3777523","geometry":{"type":"Polygon","coordinates":[[[-118.36557479838777,34.13097019797174],[-118.36557816511957,34.131044929614454],[-118.36565179012906,34.131030528463086],[-118.36565736203572,34.13105024081704],[-118.36575627769548,34.13103092635285],[-118.36575956679603,34.13104253990139],[-118.36577207998499,34.131040111163436],[-118.36577677984006,34.13105674920915],[-118.36586182835912,34.131040142462396],[-118.36585489929709,34.13093675998289],[-118.36585150263559,34.130923113799334],[-118.36582317204892,34.130928008336696],[-118.36582068276273,34.13091806832445],[-118.36567757816924,34.13094279232114],[-118.36567989868718,34.13095207382427],[-118.36557479838777,34.13097019797174]]]},"properties":{"building_pk":7720,"building_key":"dpw:450978870250@374066,3777523","source_tile":"cty-e374-n3777","source_tile_ids":["cty-e374-n3777"],"source_bld_id":"450978870250","height_m":7.599,"receiver_ids":[6271,6272,6273,6274,6275,6276,6277,6278,6279],"receiver_keys":["cty-e374-n3777:la-e374-n3777:facade:450978870250:0","cty-e374-n3777:la-e374-n3777:facade:450978870250:1","cty-e374-n3777:la-e374-n3777:facade:450978870250:2","cty-e374-n3777:la-e374-n3777:facade:450978870250:3","cty-e374-n3777:la-e374-n3777:facade:450978870250:4","cty-e374-n3777:la-e374-n3777:facade:450978870250:5","cty-e374-n3777:la-e374-n3777:facade:450978870250:6","cty-e374-n3777:la-e374-n3777:facade:450978870250:7","cty-e374-n3777:la-e374-n3777:facade:450978870250:8"],"receiver_count":9,"periods":{"D":{"min":43.82461,"max":57.045025,"receiver_count":9,"unavailable_count":0},"E":{"min":41.606125,"max":54.826538,"receiver_count":9,"unavailable_count":0},"N":{"min":36.83491,"max":50.055325,"receiver_count":9,"unavailable_count":0}}}},{"type":"Feature","id":"dpw:451711869172@374284,3777190","geometry":{"type":"Polygon","coordinates":[[[-118.36338223441024,34.12810627371446],[-118.36342720524051,34.12812264742717],[-118.36343084541414,34.12811562163302],[-118.36347950940844,34.12802172280405],[-118.36341469898183,34.12799816762912],[-118.36342128528861,34.12798556238834],[-118.36327924218344,34.12793424665123],[-118.3632730862249,34.127947097611575],[-118.36327043799535,34.12794614363221],[-118.36326463779767,34.12795729052207],[-118.36325103614196,34.12795238467393],[-118.36323556821098,34.127982025869706],[-118.36324682144308,34.1279861147737],[-118.36321323155438,34.128050350962255],[-118.3633258205882,34.12809103876351],[-118.36332814717235,34.12808657998686],[-118.36338223441024,34.12810627371446]]]},"properties":{"building_pk":7751,"building_key":"dpw:451711869172@374284,3777190","source_tile":"cty-e374-n3777","source_tile_ids":["cty-e374-n3777"],"source_bld_id":"451711869172","height_m":9.083,"receiver_ids":[3152,3153,3154,3155,3156,3157,3158],"receiver_keys":["cty-e374-n3777:la-e374-n3777:facade:451711869172:0","cty-e374-n3777:la-e374-n3777:facade:451711869172:1","cty-e374-n3777:la-e374-n3777:facade:451711869172:3","cty-e374-n3777:la-e374-n3777:facade:451711869172:4","cty-e374-n3777:la-e374-n3777:facade:451711869172:5","cty-e374-n3777:la-e374-n3777:facade:451711869172:6","cty-e374-n3777:la-e374-n3777:facade:451711869172:7"],"receiver_count":7,"periods":{"D":{"min":41.53128,"max":57.757687,"receiver_count":7,"unavailable_count":0},"E":{"min":39.31279,"max":55.5392,"receiver_count":7,"unavailable_count":0},"N":{"min":34.54158,"max":50.767986,"receiver_count":7,"unavailable_count":0}}}},{"type":"Feature","id":"dpw:451608871047@374259,3777762","geometry":{"type":"Polygon","coordinates":[[[-118.36372978861321,34.133160085964],[-118.36366672356664,34.13314142550403],[-118.3636445117039,34.133193317112074],[-118.36370787444831,34.1332118676022],[-118.36372978861321,34.133160085964]]]},"properties":{"building_pk":7787,"building_key":"dpw:451608871047@374259,3777762","source_tile":"cty-e374-n3777","source_tile_ids":["cty-e374-n3777"],"source_bld_id":"451608871047","height_m":3.06,"receiver_ids":[4477,4478,4479,4480],"receiver_keys":["cty-e374-n3777:la-e374-n3777:facade:451608871047:0","cty-e374-n3777:la-e374-n3777:facade:451608871047:1","cty-e374-n3777:la-e374-n3777:facade:451608871047:2","cty-e374-n3777:la-e374-n3777:facade:451608871047:3"],"receiver_count":4,"periods":{"D":{"min":54.783344,"max":57.76135,"receiver_count":4,"unavailable_count":0},"E":{"min":52.564854,"max":55.542862,"receiver_count":4,"unavailable_count":0},"N":{"min":47.793644,"max":50.77165,"receiver_count":4,"unavailable_count":0}}}},{"type":"Feature","id":"dpw:452771871238@374621,3777820","geometry":{"type":"Polygon","coordinates":[[[-118.35983326236988,34.13366199872381],[-118.3597949129762,34.133658101043714],[-118.35976391501731,34.13365767131647],[-118.35973550152153,34.13365896483839],[-118.35973329126874,34.133644435055054],[-118.35969950132312,34.13364797046028],[-118.35970167798271,34.1336622533234],[-118.35967523884236,34.13366936577779],[-118.35963821027688,34.1336806604029],[-118.35961349791096,34.13368947160867],[-118.35959134029808,34.13370091400432],[-118.35958299551618,34.13368906830825],[-118.35955288759338,34.13370374922305],[-118.35956203081498,34.13371671946569],[-118.35953928236384,34.13373648929107],[-118.35952525624235,34.13372531951202],[-118.35950260500049,34.1337450070016],[-118.35951567050935,34.13375540972885],[-118.35948629679747,34.133787042722794],[-118.3594608468657,34.13382654256144],[-118.35958122828703,34.13388814706404],[-118.35960901678098,34.13384614208742],[-118.35964315541102,34.1338160338081],[-118.35967578879436,34.13379716854168],[-118.35971673139912,34.133781631350715],[-118.35974327833158,34.133776633569106],[-118.35977102852759,34.13377487502423],[-118.35981030215717,34.133778632025994],[-118.35996942615274,34.133804208140134],[-118.3600072935431,34.13381121299108],[-118.3600130182682,34.133789899865434],[-118.36006613142914,34.13379974330291],[-118.36006847264468,34.133791053638866],[-118.36008385068746,34.13379389274438],[-118.36009422505076,34.13375514448852],[-118.36007712722119,34.133751980545306],[-118.36008893365774,34.13370792428964],[-118.36000552669816,34.13369248149717],[-118.36000877909966,34.133680381315706],[-118.35995490544138,34.133670402183014],[-118.35995129576044,34.13368387736725],[-118.35983326236988,34.13366199872381]]]},"properties":{"building_pk":7793,"building_key":"dpw:452771871238@374621,3777820","source_tile":"cty-e374-n3777","source_tile_ids":["cty-e374-n3777"],"source_bld_id":"452771871238","height_m":10.064,"receiver_ids":[5923,5924,5925,5926,5927,5928,5929,5930,5931,5932,5933,5934,5935,5936],"receiver_keys":["cty-e374-n3777:la-e374-n3777:facade:452771871238:0","cty-e374-n3777:la-e374-n3777:facade:452771871238:11","cty-e374-n3777:la-e374-n3777:facade:452771871238:12","cty-e374-n3777:la-e374-n3777:facade:452771871238:13","cty-e374-n3777:la-e374-n3777:facade:452771871238:14","cty-e374-n3777:la-e374-n3777:facade:452771871238:15","cty-e374-n3777:la-e374-n3777:facade:452771871238:2","cty-e374-n3777:la-e374-n3777:facade:452771871238:3","cty-e374-n3777:la-e374-n3777:facade:452771871238:4","cty-e374-n3777:la-e374-n3777:facade:452771871238:5","cty-e374-n3777:la-e374-n3777:facade:452771871238:6","cty-e374-n3777:la-e374-n3777:facade:452771871238:7","cty-e374-n3777:la-e374-n3777:facade:452771871238:8","cty-e374-n3777:la-e374-n3777:facade:452771871238:9"],"receiver_count":14,"periods":{"D":{"min":49.828037,"max":69.98366,"receiver_count":14,"unavailable_count":0},"E":{"min":47.60955,"max":67.76517,"receiver_count":14,"unavailable_count":0},"N":{"min":42.838337,"max":62.993958,"receiver_count":14,"unavailable_count":0}}}},{"type":"Feature","id":"dpw:452016869137@374371,3777176","geometry":{"type":"Polygon","coordinates":[[[-118.36250092901282,34.12797554867213],[-118.36249908706537,34.127954780110855],[-118.36259954447108,34.127948681012654],[-118.36259109709799,34.1278524196439],[-118.36247911130002,34.12785918618681],[-118.3624803287735,34.127873196906975],[-118.36235605375816,34.12788071330437],[-118.36235129035866,34.12782620992243],[-118.36226196578866,34.12783161642603],[-118.36227013587806,34.127925019878234],[-118.3620949883023,34.12793562928044],[-118.36210061842289,34.12799980355277],[-118.36250092901282,34.12797554867213]]]},"properties":{"building_pk":7821,"building_key":"dpw:452016869137@374371,3777176","source_tile":"cty-e374-n3777","source_tile_ids":["cty-e374-n3777"],"source_bld_id":"452016869137","height_m":7.739,"receiver_ids":[3957,3958,3959,3960,3961,3962,3963,3964,3965,3966,3967,3968,3969],"receiver_keys":["cty-e374-n3777:la-e374-n3777:facade:452016869137:0","cty-e374-n3777:la-e374-n3777:facade:452016869137:1","cty-e374-n3777:la-e374-n3777:facade:452016869137:10","cty-e374-n3777:la-e374-n3777:facade:452016869137:11","cty-e374-n3777:la-e374-n3777:facade:452016869137:12","cty-e374-n3777:la-e374-n3777:facade:452016869137:13","cty-e374-n3777:la-e374-n3777:facade:452016869137:2","cty-e374-n3777:la-e374-n3777:facade:452016869137:3","cty-e374-n3777:la-e374-n3777:facade:452016869137:4","cty-e374-n3777:la-e374-n3777:facade:452016869137:5","cty-e374-n3777:la-e374-n3777:facade:452016869137:6","cty-e374-n3777:la-e374-n3777:facade:452016869137:8","cty-e374-n3777:la-e374-n3777:facade:452016869137:9"],"receiver_count":13,"periods":{"D":{"min":39.91424,"max":53.96269,"receiver_count":13,"unavailable_count":0},"E":{"min":37.695755,"max":51.744198,"receiver_count":13,"unavailable_count":0},"N":{"min":32.92454,"max":46.97299,"receiver_count":13,"unavailable_count":0}}}},{"type":"Feature","id":"dpw:452439868683@374507,3777038","geometry":{"type":"Polygon","coordinates":[[[-118.36078116094197,34.12682446582994],[-118.3609045969632,34.126859984746325],[-118.36092184705193,34.12681462115905],[-118.36092588292794,34.12681559809196],[-118.36097214524187,34.12669400326598],[-118.36097879519576,34.1266958243413],[-118.36101819300511,34.12659128721753],[-118.36097290578138,34.12657916700255],[-118.36097189109057,34.126573894246924],[-118.3609448651452,34.12656683028779],[-118.36093581847562,34.12657608992888],[-118.36088302276053,34.12656215116638],[-118.36087763884626,34.126562552197086],[-118.36087381903829,34.12656566849035],[-118.36084750532125,34.12664724947149],[-118.36083538072872,34.1266551993475],[-118.36083201273618,34.12666353508293],[-118.36083212356134,34.126681423921916],[-118.36083318072866,34.126689004482934],[-118.36083883782324,34.12669060945681],[-118.36081689802074,34.12674425862059],[-118.36081425080677,34.12674352455933],[-118.36078116094197,34.12682446582994]]]},"properties":{"building_pk":7822,"building_key":"dpw:452439868683@374507,3777038","source_tile":"cty-e374-n3777","source_tile_ids":["cty-e374-n3777"],"source_bld_id":"452439868683","height_m":12.146,"receiver_ids":[2773,2774,2775,2776,2777,2778,2779,2780,2781,2782],"receiver_keys":["cty-e374-n3777:la-e374-n3777:facade:452439868683:0","cty-e374-n3777:la-e374-n3777:facade:452439868683:1","cty-e374-n3777:la-e374-n3777:facade:452439868683:2","cty-e374-n3777:la-e374-n3777:facade:452439868683:3","cty-e374-n3777:la-e374-n3777:facade:452439868683:4","cty-e374-n3777:la-e374-n3777:facade:452439868683:5","cty-e374-n3777:la-e374-n3777:facade:452439868683:6","cty-e374-n3777:la-e374-n3777:facade:452439868683:7","cty-e374-n3777:la-e374-n3777:facade:452439868683:8","cty-e374-n3777:la-e374-n3777:facade:452439868683:9"],"receiver_count":10,"periods":{"D":{"min":39.467205,"max":53.883842,"receiver_count":10,"unavailable_count":0},"E":{"min":37.248714,"max":51.665356,"receiver_count":10,"unavailable_count":0},"N":{"min":32.477505,"max":46.894142,"receiver_count":10,"unavailable_count":0}}}},{"type":"Feature","id":"dpw:453670870527@374888,3777597","geometry":{"type":"Polygon","coordinates":[[[-118.35692467761203,34.131787166472066],[-118.35684537698447,34.131688009020095],[-118.35678135601329,34.13172339845939],[-118.35682341503407,34.13177597897715],[-118.35683452496502,34.131769818443146],[-118.35687166632421,34.13181628572457],[-118.35692467761203,34.131787166472066]]]},"properties":{"building_pk":7854,"building_key":"dpw:453670870527@374888,3777597","source_tile":"cty-e374-n3777","source_tile_ids":["cty-e374-n3777"],"source_bld_id":"453670870527","height_m":0.344,"receiver_ids":[5720,5721,5722,5723],"receiver_keys":["cty-e374-n3777:la-e374-n3777:facade:453670870527:0","cty-e374-n3777:la-e374-n3777:facade:453670870527:1","cty-e374-n3777:la-e374-n3777:facade:453670870527:3","cty-e374-n3777:la-e374-n3777:facade:453670870527:4"],"receiver_count":4,"periods":{"D":{"min":61.898144,"max":65.20052,"receiver_count":4,"unavailable_count":0},"E":{"min":59.679657,"max":62.98204,"receiver_count":4,"unavailable_count":0},"N":{"min":54.908443,"max":58.210827,"receiver_count":4,"unavailable_count":0}}}},{"type":"Feature","id":"dpw:452447871313@374518,3777838","geometry":{"type":"Polygon","coordinates":[[[-118.36095038572982,34.13399020061729],[-118.36100593476431,34.133928894382834],[-118.36088764280325,34.133854806901915],[-118.36089017519632,34.13385199646681],[-118.3608627727015,34.1338348490269],[-118.36082784592841,34.13387742463717],[-118.36083349891896,34.133881733330895],[-118.36081314120686,34.133904244141036],[-118.36095038572982,34.13399020061729]]]},"properties":{"building_pk":7866,"building_key":"dpw:452447871313@374518,3777838","source_tile":"cty-e374-n3777","source_tile_ids":["cty-e374-n3777"],"source_bld_id":"452447871313","height_m":7.416,"receiver_ids":[5209,5210],"receiver_keys":["cty-e374-n3777:la-e374-n3777:facade:452447871313:2","cty-e374-n3777:la-e374-n3777:facade:452447871313:3"],"receiver_count":2,"periods":{"D":{"min":66.71026,"max":68.688644,"receiver_count":2,"unavailable_count":0},"E":{"min":64.491776,"max":66.47015,"receiver_count":2,"unavailable_count":0},"N":{"min":59.720562,"max":61.698944,"receiver_count":2,"unavailable_count":0}}}},{"type":"Feature","id":"dpw:453347869834@374790,3777384","geometry":{"type":"Polygon","coordinates":[[[-118.35772191662623,34.12976436581301],[-118.3577202745086,34.12982852844781],[-118.35779870533077,34.129826466190295],[-118.35780227989895,34.12992048846842],[-118.35801452920632,34.12991491326432],[-118.35801083995158,34.12981745648113],[-118.35796075209687,34.12981875969253],[-118.35796034277101,34.12980823637903],[-118.35788706088275,34.12981015728132],[-118.35788739674781,34.12981922393114],[-118.35783261630755,34.12982065006926],[-118.35783038035413,34.12976152226929],[-118.35772191662623,34.12976436581301]]]},"properties":{"building_pk":7869,"building_key":"dpw:453347869834@374790,3777384","source_tile":"cty-e374-n3777","source_tile_ids":["cty-e374-n3777"],"source_bld_id":"453347869834","height_m":7.504,"receiver_ids":[3672,3673,3674,3675,3676,3677,3678,3679],"receiver_keys":["cty-e374-n3777:la-e374-n3777:facade:453347869834:2","cty-e374-n3777:la-e374-n3777:facade:453347869834:3","cty-e374-n3777:la-e374-n3777:facade:453347869834:4","cty-e374-n3777:la-e374-n3777:facade:453347869834:5","cty-e374-n3777:la-e374-n3777:facade:453347869834:6","cty-e374-n3777:la-e374-n3777:facade:453347869834:7","cty-e374-n3777:la-e374-n3777:facade:453347869834:8","cty-e374-n3777:la-e374-n3777:facade:453347869834:9"],"receiver_count":8,"periods":{"D":{"min":45.844833,"max":61.009026,"receiver_count":8,"unavailable_count":0},"E":{"min":43.626343,"max":58.79054,"receiver_count":8,"unavailable_count":0},"N":{"min":38.855133,"max":54.019325,"receiver_count":8,"unavailable_count":0}}}},{"type":"Feature","id":"dpw:452500869591@374526,3777314","geometry":{"type":"Polygon","coordinates":[[[-118.36073260165564,34.12927764849159],[-118.36082839417323,34.12920083391503],[-118.36077635439752,34.12915595214171],[-118.3608052334877,34.1291327830226],[-118.36072977900906,34.129067719025336],[-118.36062845499458,34.129148945914984],[-118.36065226927143,34.12916951191232],[-118.36062892144305,34.12918821180764],[-118.36073260165564,34.12927764849159]]]},"properties":{"building_pk":7880,"building_key":"dpw:452500869591@374526,3777314","source_tile":"cty-e374-n3777","source_tile_ids":["cty-e374-n3777"],"source_bld_id":"452500869591","height_m":13.207,"receiver_ids":[3485,3486,3487,3488,3489,3490,3491],"receiver_keys":["cty-e374-n3777:la-e374-n3777:facade:452500869591:0","cty-e374-n3777:la-e374-n3777:facade:452500869591:1","cty-e374-n3777:la-e374-n3777:facade:452500869591:2","cty-e374-n3777:la-e374-n3777:facade:452500869591:3","cty-e374-n3777:la-e374-n3777:facade:452500869591:4","cty-e374-n3777:la-e374-n3777:facade:452500869591:5","cty-e374-n3777:la-e374-n3777:facade:452500869591:6"],"receiver_count":7,"periods":{"D":{"min":57.030716,"max":61.136246,"receiver_count":7,"unavailable_count":0},"E":{"min":54.81223,"max":58.91776,"receiver_count":7,"unavailable_count":0},"N":{"min":50.041016,"max":54.146545,"receiver_count":7,"unavailable_count":0}}}},{"type":"Feature","id":"dpw:452345870247@374478,3777516","geometry":{"type":"Polygon","coordinates":[[[-118.36119511533776,34.13103733238704],[-118.3612560265319,34.13101692620801],[-118.36126339786632,34.13103281447837],[-118.3613782322568,34.13099584181787],[-118.3613556855743,34.130947409309975],[-118.36136066775789,34.130945800500484],[-118.36133925480557,34.13089980956495],[-118.36130906177114,34.13090954534986],[-118.36131309773977,34.13091827187086],[-118.36114586250918,34.13097210740071],[-118.36117590268404,34.131034119926795],[-118.36119111476731,34.131029018659696],[-118.36119511533776,34.13103733238704]]]},"properties":{"building_pk":7882,"building_key":"dpw:452345870247@374478,3777516","source_tile":"cty-e374-n3777","source_tile_ids":["cty-e374-n3777"],"source_bld_id":"452345870247","height_m":3.895,"receiver_ids":[4752,4753,4754,4755,4756,4757],"receiver_keys":["cty-e374-n3777:la-e374-n3777:facade:452345870247:1","cty-e374-n3777:la-e374-n3777:facade:452345870247:2","cty-e374-n3777:la-e374-n3777:facade:452345870247:3","cty-e374-n3777:la-e374-n3777:facade:452345870247:4","cty-e374-n3777:la-e374-n3777:facade:452345870247:5","cty-e374-n3777:la-e374-n3777:facade:452345870247:6"],"receiver_count":6,"periods":{"D":{"min":60.4618,"max":60.87832,"receiver_count":6,"unavailable_count":0},"E":{"min":58.243313,"max":58.659832,"receiver_count":6,"unavailable_count":0},"N":{"min":53.4721,"max":53.88862,"receiver_count":6,"unavailable_count":0}}}},{"type":"Feature","id":"dpw:453312870639@374777,3777633","geometry":{"type":"Polygon","coordinates":[[[-118.35807453793605,34.13206729228176],[-118.3580532200233,34.13205097813546],[-118.35802849975194,34.13207330937021],[-118.3580498165815,34.13208962352409],[-118.35807453793605,34.13206729228176]]]},"properties":{"building_pk":7883,"building_key":"dpw:453312870639@374777,3777633","source_tile":"cty-e374-n3777","source_tile_ids":["cty-e374-n3777"],"source_bld_id":"453312870639","height_m":5.544,"receiver_ids":[4851,4852,4853],"receiver_keys":["cty-e374-n3777:la-e374-n3777:facade:453312870639:0","cty-e374-n3777:la-e374-n3777:facade:453312870639:1","cty-e374-n3777:la-e374-n3777:facade:453312870639:2"],"receiver_count":3,"periods":{"D":{"min":56.61883,"max":61.506783,"receiver_count":3,"unavailable_count":0},"E":{"min":54.400345,"max":59.288296,"receiver_count":3,"unavailable_count":0},"N":{"min":49.62913,"max":54.517082,"receiver_count":3,"unavailable_count":0}}}},{"type":"Feature","id":"dpw:453978870619@374980,3777625","geometry":{"type":"Polygon","coordinates":[[[-118.35588204017498,34.13200026152108],[-118.35584037117236,34.13199257960304],[-118.35582264505419,34.13205893881972],[-118.3558643130003,34.13206661984555],[-118.35588204017498,34.13200026152108]]]},"properties":{"building_pk":7884,"building_key":"dpw:453978870619@374980,3777625","source_tile":"cty-e374-n3777","source_tile_ids":["cty-e374-n3777"],"source_bld_id":"453978870619","height_m":1.811,"receiver_ids":[5747,5748,5749,5750],"receiver_keys":["cty-e374-n3777:la-e374-n3777:facade:453978870619:0","cty-e374-n3777:la-e374-n3777:facade:453978870619:1","cty-e374-n3777:la-e374-n3777:facade:453978870619:2","cty-e374-n3777:la-e374-n3777:facade:453978870619:3"],"receiver_count":4,"periods":{"D":{"min":66.69814,"max":67.115746,"receiver_count":4,"unavailable_count":0},"E":{"min":64.47966,"max":64.89726,"receiver_count":4,"unavailable_count":0},"N":{"min":59.708447,"max":60.12605,"receiver_count":4,"unavailable_count":0}}}},{"type":"Feature","id":"dpw:450888871606@374042,3777933","geometry":{"type":"Polygon","coordinates":[[[-118.36612430937203,34.13464861403335],[-118.36618299033614,34.13457886025128],[-118.36611603487209,34.1345399327991],[-118.36606504601787,34.134600513566646],[-118.36603642145053,34.13458386503783],[-118.36601958933986,34.13460383904781],[-118.36600834212018,34.13463874361017],[-118.36603758266382,34.134645276850875],[-118.36602574425224,34.134673671411356],[-118.36601792757602,34.13475244964931],[-118.36602508248117,34.134816673235036],[-118.36602022604582,34.13481707289612],[-118.36602270360572,34.13483940545351],[-118.36612802180211,34.13484741309035],[-118.36611725174264,34.13474992296704],[-118.36612430937203,34.13464861403335]]]},"properties":{"building_pk":7886,"building_key":"dpw:450888871606@374042,3777933","source_tile":"cty-e374-n3777","source_tile_ids":["cty-e374-n3777"],"source_bld_id":"450888871606","height_m":2.81,"receiver_ids":[6477,6478,6479,6480,6481,6482,6483,6484,6485,6486],"receiver_keys":["cty-e374-n3777:la-e374-n3777:facade:450888871606:0","cty-e374-n3777:la-e374-n3777:facade:450888871606:1","cty-e374-n3777:la-e374-n3777:facade:450888871606:2","cty-e374-n3777:la-e374-n3777:facade:450888871606:3","cty-e374-n3777:la-e374-n3777:facade:450888871606:4","cty-e374-n3777:la-e374-n3777:facade:450888871606:5","cty-e374-n3777:la-e374-n3777:facade:450888871606:6","cty-e374-n3777:la-e374-n3777:facade:450888871606:7","cty-e374-n3777:la-e374-n3777:facade:450888871606:8","cty-e374-n3777:la-e374-n3777:facade:450888871606:9"],"receiver_count":10,"periods":{"D":{"min":62.52618,"max":65.30934,"receiver_count":10,"unavailable_count":0},"E":{"min":60.307693,"max":63.09085,"receiver_count":10,"unavailable_count":0},"N":{"min":55.536484,"max":58.319637,"receiver_count":10,"unavailable_count":0}}}},{"type":"Feature","id":"dpw:452412871330@374505,3777846","geometry":{"type":"Polygon","coordinates":[[[-118.36103668353638,34.1339938447425],[-118.36107441674366,34.13395443770038],[-118.36102762266349,34.133923443835165],[-118.36098988933134,34.13396282381692],[-118.36103668353638,34.1339938447425]]]},"properties":{"building_pk":7894,"building_key":"dpw:452412871330@374505,3777846","source_tile":"cty-e374-n3777","source_tile_ids":["cty-e374-n3777"],"source_bld_id":"452412871330","height_m":2.664,"receiver_ids":[5211,5212],"receiver_keys":["cty-e374-n3777:la-e374-n3777:facade:452412871330:0","cty-e374-n3777:la-e374-n3777:facade:452412871330:3"],"receiver_count":2,"periods":{"D":{"min":61.762684,"max":65.867584,"receiver_count":2,"unavailable_count":0},"E":{"min":59.544197,"max":63.649097,"receiver_count":2,"unavailable_count":0},"N":{"min":54.772984,"max":58.877884,"receiver_count":2,"unavailable_count":0}}}},{"type":"Feature","id":"dpw:453182870691@374732,3777646","geometry":{"type":"Polygon","coordinates":[[[-118.35844711243796,34.132266893278306],[-118.35850145865763,34.13227178882023],[-118.35851004707875,34.132255578079295],[-118.35864251196533,34.132252849245816],[-118.35864119849171,34.132208749119904],[-118.35864585771532,34.13220865325601],[-118.35864535553601,34.13219167251998],[-118.35864162107697,34.13219176654158],[-118.35864073152939,34.1321615695414],[-118.35863471835513,34.13216169736986],[-118.35858373424969,34.13210098325472],[-118.35854744818404,34.13212323891861],[-118.35854491999667,34.13211945365758],[-118.35848626829932,34.132120012573345],[-118.35845829670805,34.13207786038735],[-118.3583619294449,34.132122030175076],[-118.35842652073133,34.13221947136136],[-118.35841646045392,34.132231481698604],[-118.35844711243796,34.132266893278306]]]},"properties":{"building_pk":7908,"building_key":"dpw:453182870691@374732,3777646","source_tile":"cty-e374-n3777","source_tile_ids":["cty-e374-n3777"],"source_bld_id":"453182870691","height_m":11.058,"receiver_ids":[4857,4858,4859,4860,4861,4862,4863,4864,4865],"receiver_keys":["cty-e374-n3777:la-e374-n3777:facade:453182870691:0","cty-e374-n3777:la-e374-n3777:facade:453182870691:1","cty-e374-n3777:la-e374-n3777:facade:453182870691:2","cty-e374-n3777:la-e374-n3777:facade:453182870691:3","cty-e374-n3777:la-e374-n3777:facade:453182870691:4","cty-e374-n3777:la-e374-n3777:facade:453182870691:5","cty-e374-n3777:la-e374-n3777:facade:453182870691:6","cty-e374-n3777:la-e374-n3777:facade:453182870691:7","cty-e374-n3777:la-e374-n3777:facade:453182870691:8"],"receiver_count":9,"periods":{"D":{"min":49.894104,"max":65.61991,"receiver_count":9,"unavailable_count":0},"E":{"min":47.675617,"max":63.401424,"receiver_count":9,"unavailable_count":0},"N":{"min":42.904404,"max":58.630215,"receiver_count":9,"unavailable_count":0}}}},{"type":"Feature","id":"dpw:453640870587@374877,3777616","geometry":{"type":"Polygon","coordinates":[[[-118.35701375026497,34.13194584053168],[-118.35696256679796,34.13189246302204],[-118.35691699506346,34.1319226592958],[-118.35696821116292,34.13197606467602],[-118.35701375026497,34.13194584053168]]]},"properties":{"building_pk":7946,"building_key":"dpw:453640870587@374877,3777616","source_tile":"cty-e374-n3777","source_tile_ids":["cty-e374-n3777"],"source_bld_id":"453640870587","height_m":0.43,"receiver_ids":[5743,5744,5745,5746],"receiver_keys":["cty-e374-n3777:la-e374-n3777:facade:453640870587:0","cty-e374-n3777:la-e374-n3777:facade:453640870587:1","cty-e374-n3777:la-e374-n3777:facade:453640870587:2","cty-e374-n3777:la-e374-n3777:facade:453640870587:3"],"receiver_count":4,"periods":{"D":{"min":62.235268,"max":62.85439,"receiver_count":4,"unavailable_count":0},"E":{"min":60.01678,"max":60.635902,"receiver_count":4,"unavailable_count":0},"N":{"min":55.245567,"max":55.86469,"receiver_count":4,"unavailable_count":0}}}},{"type":"Feature","id":"dpw:452591870822@374565,3777696","geometry":{"type":"Polygon","coordinates":[[[-118.36048445049249,34.13250459988448],[-118.36037579069144,34.132540976298415],[-118.3603674212528,34.132523662015124],[-118.36027697690555,34.13255393833503],[-118.3602797773909,34.132559755711455],[-118.36017854186316,34.13259366395272],[-118.36021545135914,34.132669835603515],[-118.3602302665127,34.13266487267446],[-118.3602334673422,34.13267151286249],[-118.36032176821244,34.13264192993514],[-118.36031670041439,34.13263150255414],[-118.36035649503621,34.13261816651075],[-118.3603733987003,34.13265304160801],[-118.36041339148235,34.132639649961426],[-118.36045776930258,34.13273126962274],[-118.36055356060436,34.132699191276714],[-118.3604960451875,34.132580461987004],[-118.36051769145516,34.13257322481047],[-118.36048445049249,34.13250459988448]]]},"properties":{"building_pk":7951,"building_key":"dpw:452591870822@374565,3777696","source_tile":"cty-e374-n3777","source_tile_ids":["cty-e374-n3777"],"source_bld_id":"452591870822","height_m":9.757,"receiver_ids":[4946,4947,4948,4949,4950,4951,4952,4953,4954,4955,4956,4957],"receiver_keys":["cty-e374-n3777:la-e374-n3777:facade:452591870822:0","cty-e374-n3777:la-e374-n3777:facade:452591870822:1","cty-e374-n3777:la-e374-n3777:facade:452591870822:10","cty-e374-n3777:la-e374-n3777:facade:452591870822:11","cty-e374-n3777:la-e374-n3777:facade:452591870822:2","cty-e374-n3777:la-e374-n3777:facade:452591870822:3","cty-e374-n3777:la-e374-n3777:facade:452591870822:4","cty-e374-n3777:la-e374-n3777:facade:452591870822:5","cty-e374-n3777:la-e374-n3777:facade:452591870822:6","cty-e374-n3777:la-e374-n3777:facade:452591870822:7","cty-e374-n3777:la-e374-n3777:facade:452591870822:8","cty-e374-n3777:la-e374-n3777:facade:452591870822:9"],"receiver_count":12,"periods":{"D":{"min":52.679108,"max":64.15876,"receiver_count":12,"unavailable_count":0},"E":{"min":50.460617,"max":61.94027,"receiver_count":12,"unavailable_count":0},"N":{"min":45.689407,"max":57.169056,"receiver_count":12,"unavailable_count":0}}}},{"type":"Feature","id":"dpw:452642870279@374573,3777521","geometry":{"type":"Polygon","coordinates":[[[-118.36018225534612,34.131139526386264],[-118.36023890335017,34.13110360717754],[-118.36023219685383,34.13109629046765],[-118.36025562813076,34.13108146429987],[-118.36025848309004,34.131084588627154],[-118.36027364220638,34.13107498085701],[-118.36027091889845,34.131071966124985],[-118.36030202867681,34.13105228122469],[-118.36028403303109,34.131032604757635],[-118.36030766208256,34.13101764095676],[-118.36028455370625,34.130992429876706],[-118.36027681038595,34.13099734378744],[-118.3602728259955,34.13099301386767],[-118.36032710195755,34.13095864060866],[-118.36028138497531,34.13090871100365],[-118.36010656230049,34.13101939420341],[-118.36013913209638,34.13105499256894],[-118.36011741547263,34.13106871463373],[-118.36018225534612,34.131139526386264]]]},"properties":{"building_pk":7975,"building_key":"dpw:452642870279@374573,3777521","source_tile":"cty-e374-n3777","source_tile_ids":["cty-e374-n3777"],"source_bld_id":"452642870279","height_m":7.882,"receiver_ids":[4689,4690,4691,4692,4693,4694,4695,4696],"receiver_keys":["cty-e374-n3777:la-e374-n3777:facade:452642870279:0","cty-e374-n3777:la-e374-n3777:facade:452642870279:1","cty-e374-n3777:la-e374-n3777:facade:452642870279:2","cty-e374-n3777:la-e374-n3777:facade:452642870279:3","cty-e374-n3777:la-e374-n3777:facade:452642870279:4","cty-e374-n3777:la-e374-n3777:facade:452642870279:5","cty-e374-n3777:la-e374-n3777:facade:452642870279:6","cty-e374-n3777:la-e374-n3777:facade:452642870279:7"],"receiver_count":8,"periods":{"D":{"min":58.55332,"max":61.845276,"receiver_count":8,"unavailable_count":0},"E":{"min":56.334835,"max":59.62679,"receiver_count":8,"unavailable_count":0},"N":{"min":51.56362,"max":54.85558,"receiver_count":8,"unavailable_count":0}}}},{"type":"Feature","id":"dpw:452200869882@374441,3777408","geometry":{"type":"Polygon","coordinates":[[[-118.36159550538241,34.13010377792339],[-118.36164814561192,34.13008900203618],[-118.36162673696298,34.130036223477966],[-118.36179360367942,34.12998942306324],[-118.36176815256155,34.12992668203931],[-118.36166131940503,34.12995662439903],[-118.361663222574,34.1299612625147],[-118.36162609346033,34.12997167815555],[-118.36162813163705,34.129976700823576],[-118.361552552323,34.12999789303193],[-118.36159550538241,34.13010377792339]]]},"properties":{"building_pk":7978,"building_key":"dpw:452200869882@374441,3777408","source_tile":"cty-e374-n3777","source_tile_ids":["cty-e374-n3777"],"source_bld_id":"452200869882","height_m":4.968,"receiver_ids":[3740,3741,3742,3743,3744,3745],"receiver_keys":["cty-e374-n3777:la-e374-n3777:facade:452200869882:1","cty-e374-n3777:la-e374-n3777:facade:452200869882:2","cty-e374-n3777:la-e374-n3777:facade:452200869882:3","cty-e374-n3777:la-e374-n3777:facade:452200869882:4","cty-e374-n3777:la-e374-n3777:facade:452200869882:5","cty-e374-n3777:la-e374-n3777:facade:452200869882:6"],"receiver_count":6,"periods":{"D":{"min":59.401077,"max":60.767082,"receiver_count":6,"unavailable_count":0},"E":{"min":57.182587,"max":58.548595,"receiver_count":6,"unavailable_count":0},"N":{"min":52.411377,"max":53.77738,"receiver_count":6,"unavailable_count":0}}}},{"type":"Feature","id":"dpw:451778868853@374309,3777092","geometry":{"type":"Polygon","coordinates":[[[-118.36298690047383,34.1271861065999],[-118.36299681068708,34.12717802522294],[-118.36300171890312,34.12718215934924],[-118.36302384568164,34.12716412168321],[-118.36311412094605,34.1272407370761],[-118.36325082969242,34.12712928415367],[-118.3631841354317,34.12707268512475],[-118.36314202295276,34.12710699608458],[-118.36307055222039,34.127046372464214],[-118.36299386752339,34.12710889709784],[-118.36298736724463,34.12710336586454],[-118.36297775299528,34.12711119842968],[-118.36298425327404,34.1271167296635],[-118.36294388536213,34.127149633426846],[-118.36298690047383,34.1271861065999]]]},"properties":{"building_pk":8023,"building_key":"dpw:451778868853@374309,3777092","source_tile":"cty-e374-n3777","source_tile_ids":["cty-e374-n3777"],"source_bld_id":"451778868853","height_m":4.051,"receiver_ids":[3016,3017,3018,3019,3020,3021,3022],"receiver_keys":["cty-e374-n3777:la-e374-n3777:facade:451778868853:1","cty-e374-n3777:la-e374-n3777:facade:451778868853:2","cty-e374-n3777:la-e374-n3777:facade:451778868853:3","cty-e374-n3777:la-e374-n3777:facade:451778868853:4","cty-e374-n3777:la-e374-n3777:facade:451778868853:5","cty-e374-n3777:la-e374-n3777:facade:451778868853:6","cty-e374-n3777:la-e374-n3777:facade:451778868853:8"],"receiver_count":7,"periods":{"D":{"min":43.165916,"max":53.508907,"receiver_count":7,"unavailable_count":0},"E":{"min":40.94743,"max":51.29042,"receiver_count":7,"unavailable_count":0},"N":{"min":36.176216,"max":46.519207,"receiver_count":7,"unavailable_count":0}}}},{"type":"Feature","id":"dpw:451835871412@374341,3777860","geometry":{"type":"Polygon","coordinates":[[[-118.3628734709689,34.13413686822619],[-118.36285649713903,34.13413958411965],[-118.36284664164279,34.13413024404245],[-118.36282075033384,34.13414914402261],[-118.36280387970481,34.134152657457975],[-118.36288886968865,34.13424257124383],[-118.36300487928398,34.13422296340807],[-118.36296773118623,34.13418596414118],[-118.36299821158718,34.13418125674932],[-118.3630074778739,34.13419197252419],[-118.36307992549706,34.13417958240086],[-118.36277803624913,34.13385535894038],[-118.36258626861851,34.133892095819554],[-118.36262942337468,34.1339372523093],[-118.36262256954093,34.13394180669367],[-118.36264693511269,34.13396731647739],[-118.36265332744324,34.13396309253679],[-118.3626786895571,34.13398964330274],[-118.36270409457417,34.13397286071662],[-118.36274280161089,34.13401338579969],[-118.36275281871778,34.13400676010331],[-118.36279019813398,34.13404588816886],[-118.36277873026687,34.134053479259414],[-118.36283536300266,34.13411274573126],[-118.36284458986974,34.13410664529013],[-118.3628734709689,34.13413686822619]]]},"properties":{"building_pk":8036,"building_key":"dpw:451835871412@374341,3777860","source_tile":"cty-e374-n3777","source_tile_ids":["cty-e374-n3777"],"source_bld_id":"451835871412","height_m":8.117,"receiver_ids":[5386,5387,5388,5389,5390,5391,5392,5393,5394,5395,5396,5397],"receiver_keys":["cty-e374-n3777:la-e374-n3777:facade:451835871412:0","cty-e374-n3777:la-e374-n3777:facade:451835871412:10","cty-e374-n3777:la-e374-n3777:facade:451835871412:11","cty-e374-n3777:la-e374-n3777:facade:451835871412:12","cty-e374-n3777:la-e374-n3777:facade:451835871412:13","cty-e374-n3777:la-e374-n3777:facade:451835871412:2","cty-e374-n3777:la-e374-n3777:facade:451835871412:4","cty-e374-n3777:la-e374-n3777:facade:451835871412:5","cty-e374-n3777:la-e374-n3777:facade:451835871412:6","cty-e374-n3777:la-e374-n3777:facade:451835871412:7","cty-e374-n3777:la-e374-n3777:facade:451835871412:8","cty-e374-n3777:la-e374-n3777:facade:451835871412:9"],"receiver_count":12,"periods":{"D":{"min":50.32987,"max":63.210796,"receiver_count":12,"unavailable_count":0},"E":{"min":48.11138,"max":60.99231,"receiver_count":12,"unavailable_count":0},"N":{"min":43.340168,"max":56.221096,"receiver_count":12,"unavailable_count":0}}}},{"type":"Feature","id":"dpw:453445870202@374816,3777499","geometry":{"type":"Polygon","coordinates":[[[-118.35763328921819,34.130892586048496],[-118.35763873207098,34.13086712410389],[-118.35760874083098,34.13086229405962],[-118.35760994017046,34.130857042672986],[-118.35757779978485,34.130851861069765],[-118.35757062806032,34.13088246687846],[-118.35763328921819,34.130892586048496]]]},"properties":{"building_pk":8068,"building_key":"dpw:453445870202@374816,3777499","source_tile":"cty-e374-n3777","source_tile_ids":["cty-e374-n3777"],"source_bld_id":"453445870202","height_m":3.719,"receiver_ids":[3798,3799,3800],"receiver_keys":["cty-e374-n3777:la-e374-n3777:facade:453445870202:0","cty-e374-n3777:la-e374-n3777:facade:453445870202:2","cty-e374-n3777:la-e374-n3777:facade:453445870202:3"],"receiver_count":3,"periods":{"D":{"min":62.885685,"max":63.27649,"receiver_count":3,"unavailable_count":0},"E":{"min":60.6672,"max":61.058002,"receiver_count":3,"unavailable_count":0},"N":{"min":55.895985,"max":56.286793,"receiver_count":3,"unavailable_count":0}}}},{"type":"Feature","id":"dpw:451563871724@374247,3777968","geometry":{"type":"Polygon","coordinates":[[[-118.36388040509202,34.13503719185897],[-118.3638680759022,34.135003089613804],[-118.363802682692,34.13501927878431],[-118.36381462529334,34.13505274571529],[-118.36388040509202,34.13503719185897]]]},"properties":{"building_pk":8071,"building_key":"dpw:451563871724@374247,3777968","source_tile":"cty-e374-n3777","source_tile_ids":["cty-e374-n3777"],"source_bld_id":"451563871724","height_m":1.875,"receiver_ids":[5641,5642,5643,5644],"receiver_keys":["cty-e374-n3777:la-e374-n3777:facade:451563871724:0","cty-e374-n3777:la-e374-n3777:facade:451563871724:1","cty-e374-n3777:la-e374-n3777:facade:451563871724:2","cty-e374-n3777:la-e374-n3777:facade:451563871724:3"],"receiver_count":4,"periods":{"D":{"min":69.343864,"max":69.68761,"receiver_count":4,"unavailable_count":0},"E":{"min":67.125374,"max":67.46912,"receiver_count":4,"unavailable_count":0},"N":{"min":62.354164,"max":62.697906,"receiver_count":4,"unavailable_count":0}}}},{"type":"Feature","id":"dpw:451424869422@374209,3777264","geometry":{"type":"Polygon","coordinates":[[[-118.36423794303286,34.128656487322885],[-118.36422346716084,34.128637090228494],[-118.36420947830939,34.128646365007825],[-118.36420799846574,34.12864734763317],[-118.36420678775605,34.12864540847185],[-118.36419483786197,34.12862626701123],[-118.36417775301051,34.12863508411987],[-118.36415375849496,34.12864746688183],[-118.36408113160061,34.12861009433315],[-118.36404311081166,34.12861270971171],[-118.36401959220649,34.12859945314158],[-118.36400279717343,34.12862005783335],[-118.36396238377382,34.12861993251106],[-118.36396243969871,34.12860240107962],[-118.36386601927401,34.12860214144304],[-118.36386576356645,34.12867265312201],[-118.36396505558828,34.12867185923233],[-118.36396465281803,34.12866276485153],[-118.36397294447762,34.12866238287533],[-118.36397418566418,34.12868177928436],[-118.36399288487279,34.12868095396466],[-118.36399387743766,34.12869653131548],[-118.36405720890303,34.12869372973324],[-118.36413332751364,34.1287285638714],[-118.36416985611042,34.12877758571302],[-118.36418627475295,34.12876912762093],[-118.36418986462256,34.12877395354355],[-118.36421633825503,34.12876027140367],[-118.36421304830597,34.12875585748143],[-118.36422504840581,34.12874969358347],[-118.36424914548826,34.12878199060772],[-118.36426856466394,34.12877198544236],[-118.36427185581853,34.128776426405516],[-118.3643392446462,34.1287416827577],[-118.36433568873737,34.12873693967838],[-118.36434945754303,34.12872866535079],[-118.36432050011375,34.12868584674854],[-118.36430662861824,34.12866533444578],[-118.36428874655165,34.12867455515635],[-118.36428727548687,34.128675313273796],[-118.36428597239262,34.12867356912343],[-118.36426922725288,34.12865113078146],[-118.36425030026581,34.128660882935385],[-118.36424374211666,34.1286642600175],[-118.36423794303286,34.128656487322885]]]},"properties":{"building_pk":8077,"building_key":"dpw:451424869422@374209,3777264","source_tile":"cty-e374-n3777","source_tile_ids":["cty-e374-n3777"],"source_bld_id":"451424869422","height_m":5.492,"receiver_ids":[4141,4142,4143,4144,4145,4146,4147,4148,4149,4150],"receiver_keys":["cty-e374-n3777:la-e374-n3777:facade:451424869422:1","cty-e374-n3777:la-e374-n3777:facade:451424869422:10","cty-e374-n3777:la-e374-n3777:facade:451424869422:11","cty-e374-n3777:la-e374-n3777:facade:451424869422:12","cty-e374-n3777:la-e374-n3777:facade:451424869422:2","cty-e374-n3777:la-e374-n3777:facade:451424869422:3","cty-e374-n3777:la-e374-n3777:facade:451424869422:5","cty-e374-n3777:la-e374-n3777:facade:451424869422:6","cty-e374-n3777:la-e374-n3777:facade:451424869422:7","cty-e374-n3777:la-e374-n3777:facade:451424869422:8"],"receiver_count":10,"periods":{"D":{"min":56.696453,"max":60.140717,"receiver_count":10,"unavailable_count":0},"E":{"min":54.477966,"max":57.92223,"receiver_count":10,"unavailable_count":0},"N":{"min":49.706753,"max":53.151016,"receiver_count":10,"unavailable_count":0}}}},{"type":"Feature","id":"dpw:452933870706@374662,3777654","geometry":{"type":"Polygon","coordinates":[[[-118.35932740725367,34.13227103934875],[-118.35931546921971,34.132222739905544],[-118.35928469692865,34.13221869332684],[-118.35929438761191,34.1322768505328],[-118.35932740725367,34.13227103934875]]]},"properties":{"building_pk":8091,"building_key":"dpw:452933870706@374662,3777654","source_tile":"cty-e374-n3777","source_tile_ids":["cty-e374-n3777"],"source_bld_id":"452933870706","height_m":3.429,"receiver_ids":[4928,4929,4930,4931],"receiver_keys":["cty-e374-n3777:la-e374-n3777:facade:452933870706:0","cty-e374-n3777:la-e374-n3777:facade:452933870706:1","cty-e374-n3777:la-e374-n3777:facade:452933870706:2","cty-e374-n3777:la-e374-n3777:facade:452933870706:3"],"receiver_count":4,"periods":{"D":{"min":65.30698,"max":65.5495,"receiver_count":4,"unavailable_count":0},"E":{"min":63.08849,"max":63.33101,"receiver_count":4,"unavailable_count":0},"N":{"min":58.317276,"max":58.559795,"receiver_count":4,"unavailable_count":0}}}},{"type":"Feature","id":"dpw:452354870289@374483,3777528","geometry":{"type":"Polygon","coordinates":[[[-118.3612640797387,34.1311369028459],[-118.36126353196647,34.13107914309344],[-118.36124780391124,34.13107924509344],[-118.36124750018361,34.131047096338115],[-118.36117216093527,34.13104756849614],[-118.36117301246009,34.131137504050265],[-118.3612640797387,34.1311369028459]]]},"properties":{"building_pk":8092,"building_key":"dpw:452354870289@374483,3777528","source_tile":"cty-e374-n3777","source_tile_ids":["cty-e374-n3777"],"source_bld_id":"452354870289","height_m":6.218,"receiver_ids":[4758,4759],"receiver_keys":["cty-e374-n3777:la-e374-n3777:facade:452354870289:2","cty-e374-n3777:la-e374-n3777:facade:452354870289:3"],"receiver_count":2,"periods":{"D":{"min":60.580593,"max":60.878864,"receiver_count":2,"unavailable_count":0},"E":{"min":58.362106,"max":58.660374,"receiver_count":2,"unavailable_count":0},"N":{"min":53.590893,"max":53.889164,"receiver_count":2,"unavailable_count":0}}}},{"type":"Feature","id":"dpw:452084870300@374404,3777531","geometry":{"type":"Polygon","coordinates":[[[-118.3620426132429,34.13107095932902],[-118.36201320232917,34.13110858375673],[-118.3620333404619,34.13111945997161],[-118.36200905507603,34.131150529306744],[-118.36206211618666,34.131179223129315],[-118.36207309186905,34.1311652029265],[-118.36214082476829,34.13120146443093],[-118.36219642400957,34.13112960592122],[-118.36212034277202,34.131088450679954],[-118.36212780243108,34.13107889278878],[-118.36208881815004,34.13105782348726],[-118.36208129247485,34.13106740861977],[-118.36207609274284,34.131064594275095],[-118.362062652478,34.13108178084152],[-118.3620426132429,34.13107095932902]]]},"properties":{"building_pk":8136,"building_key":"dpw:452084870300@374404,3777531","source_tile":"cty-e374-n3777","source_tile_ids":["cty-e374-n3777"],"source_bld_id":"452084870300","height_m":8.013,"receiver_ids":[4272,4273,4274,4275,4276,4277],"receiver_keys":["cty-e374-n3777:la-e374-n3777:facade:452084870300:0","cty-e374-n3777:la-e374-n3777:facade:452084870300:1","cty-e374-n3777:la-e374-n3777:facade:452084870300:2","cty-e374-n3777:la-e374-n3777:facade:452084870300:3","cty-e374-n3777:la-e374-n3777:facade:452084870300:4","cty-e374-n3777:la-e374-n3777:facade:452084870300:5"],"receiver_count":6,"periods":{"D":{"min":59.892887,"max":61.779655,"receiver_count":6,"unavailable_count":0},"E":{"min":57.6744,"max":59.56117,"receiver_count":6,"unavailable_count":0},"N":{"min":52.903187,"max":54.789955,"receiver_count":6,"unavailable_count":0}}}},{"type":"Feature","id":"dpw:452230871688@374453,3777958","geometry":{"type":"Polygon","coordinates":[[[-118.36153573712679,34.13509221954206],[-118.36177115641392,34.13494063688573],[-118.36167431355287,34.1348384247696],[-118.36144147382466,34.134991304947974],[-118.36153573712679,34.13509221954206]]]},"properties":{"building_pk":8142,"building_key":"dpw:452230871688@374453,3777958","source_tile":"cty-e374-n3777","source_tile_ids":["cty-e374-n3777"],"source_bld_id":"452230871688","height_m":3.889,"receiver_ids":[6107,6108,6109,6110],"receiver_keys":["cty-e374-n3777:la-e374-n3777:facade:452230871688:3","cty-e374-n3777:la-e374-n3777:facade:452230871688:4","cty-e374-n3777:la-e374-n3777:facade:452230871688:7","cty-e374-n3777:la-e374-n3777:facade:452230871688:8"],"receiver_count":4,"periods":{"D":{"min":63.748974,"max":74.9664,"receiver_count":4,"unavailable_count":0},"E":{"min":61.530487,"max":72.74791,"receiver_count":4,"unavailable_count":0},"N":{"min":56.759274,"max":67.9767,"receiver_count":4,"unavailable_count":0}}}},{"type":"Feature","id":"dpw:450948868753@374050,3777064","geometry":{"type":"Polygon","coordinates":[[[-118.36579381523784,34.126915522902216],[-118.36582215101491,34.126904445620475],[-118.36582824490857,34.126915171679016],[-118.36589424935805,34.1268893340146],[-118.36588469217574,34.12687249070502],[-118.36591431458488,34.1268608875176],[-118.36589829721923,34.126832605247486],[-118.36592861124291,34.126820752942045],[-118.36590656623434,34.12678177236663],[-118.36583653699982,34.12680916023993],[-118.36584706004662,34.12682773157832],[-118.36579015800241,34.126849969785745],[-118.36579648579742,34.12686113418592],[-118.36576907425415,34.12687185165665],[-118.36579381523784,34.126915522902216]]]},"properties":{"building_pk":8165,"building_key":"dpw:450948868753@374050,3777064","source_tile":"cty-e374-n3777","source_tile_ids":["cty-e374-n3777"],"source_bld_id":"450948868753","height_m":5.758,"receiver_ids":[6145,6146,6147,6148,6149,6150],"receiver_keys":["cty-e374-n3777:la-e374-n3777:facade:450948868753:0","cty-e374-n3777:la-e374-n3777:facade:450948868753:1","cty-e374-n3777:la-e374-n3777:facade:450948868753:2","cty-e374-n3777:la-e374-n3777:facade:450948868753:3","cty-e374-n3777:la-e374-n3777:facade:450948868753:4","cty-e374-n3777:la-e374-n3777:facade:450948868753:5"],"receiver_count":6,"periods":{"D":{"min":41.712124,"max":47.36288,"receiver_count":6,"unavailable_count":0},"E":{"min":39.493637,"max":45.144394,"receiver_count":6,"unavailable_count":0},"N":{"min":34.722424,"max":40.373184,"receiver_count":6,"unavailable_count":0}}}},{"type":"Feature","id":"dpw:453709870647@374898,3777638","geometry":{"type":"Polygon","coordinates":[[[-118.35677141810721,34.132027261493874],[-118.35665746318388,34.13210066453506],[-118.35669288385871,34.13213870037942],[-118.35668517297951,34.132143668957184],[-118.35669802019221,34.13215742544162],[-118.35670599489454,34.1321522911035],[-118.35672876748767,34.13217673484728],[-118.35680301344058,34.13212892274718],[-118.35681569432968,34.13214256972278],[-118.35685514060953,34.13211714536838],[-118.35677141810721,34.132027261493874]]]},"properties":{"building_pk":8167,"building_key":"dpw:453709870647@374898,3777638","source_tile":"cty-e374-n3777","source_tile_ids":["cty-e374-n3777"],"source_bld_id":"453709870647","height_m":2.521,"receiver_ids":[5765,5766,5767,5768,5769,5770],"receiver_keys":["cty-e374-n3777:la-e374-n3777:facade:453709870647:0","cty-e374-n3777:la-e374-n3777:facade:453709870647:1","cty-e374-n3777:la-e374-n3777:facade:453709870647:2","cty-e374-n3777:la-e374-n3777:facade:453709870647:3","cty-e374-n3777:la-e374-n3777:facade:453709870647:4","cty-e374-n3777:la-e374-n3777:facade:453709870647:5"],"receiver_count":6,"periods":{"D":{"min":60.205112,"max":63.815613,"receiver_count":6,"unavailable_count":0},"E":{"min":57.986626,"max":61.597126,"receiver_count":6,"unavailable_count":0},"N":{"min":53.215412,"max":56.825912,"receiver_count":6,"unavailable_count":0}}}},{"type":"Feature","id":"dpw:453274869359@374760,3777240","geometry":{"type":"Polygon","coordinates":[[[-118.35814735138419,34.12863922657148],[-118.35827170775674,34.12855018299944],[-118.35823646974117,34.128516131868984],[-118.3582253031905,34.128524133636255],[-118.35817692597794,34.12847742510412],[-118.35815643557953,34.128492105121545],[-118.35814160463919,34.12847780473546],[-118.358048937652,34.128544138386154],[-118.35814735138419,34.12863922657148]]]},"properties":{"building_pk":8187,"building_key":"dpw:453274869359@374760,3777240","source_tile":"cty-e374-n3777","source_tile_ids":["cty-e374-n3777"],"source_bld_id":"453274869359","height_m":6.248,"receiver_ids":[3422,3423,3424,3425,3426,3427],"receiver_keys":["cty-e374-n3777:la-e374-n3777:facade:453274869359:0","cty-e374-n3777:la-e374-n3777:facade:453274869359:1","cty-e374-n3777:la-e374-n3777:facade:453274869359:2","cty-e374-n3777:la-e374-n3777:facade:453274869359:3","cty-e374-n3777:la-e374-n3777:facade:453274869359:4","cty-e374-n3777:la-e374-n3777:facade:453274869359:5"],"receiver_count":6,"periods":{"D":{"min":41.40369,"max":56.33998,"receiver_count":6,"unavailable_count":0},"E":{"min":39.185204,"max":54.12149,"receiver_count":6,"unavailable_count":0},"N":{"min":34.41399,"max":49.35028,"receiver_count":6,"unavailable_count":0}}}},{"type":"Feature","id":"dpw:451982871604@374378,3777934","geometry":{"type":"Polygon","coordinates":[[[-118.36247721231314,34.13482799614525],[-118.3625997707969,34.13474980890457],[-118.36244956599253,34.13458700747679],[-118.36232674498893,34.13466538737918],[-118.36234922261653,34.13468977686446],[-118.36233103167662,34.13470137195179],[-118.36236483022788,34.134738010023085],[-118.36237745191542,34.13472994851758],[-118.36241570014066,34.134771382027],[-118.36240416613666,34.13477875330536],[-118.36243932747016,34.13481687119819],[-118.36245669443262,34.13480577260687],[-118.36247721231314,34.13482799614525]]]},"properties":{"building_pk":8203,"building_key":"dpw:451982871604@374378,3777934","source_tile":"cty-e374-n3777","source_tile_ids":["cty-e374-n3777"],"source_bld_id":"451982871604","height_m":8.989,"receiver_ids":[5575,5576,5577,5578,5579,5580,5581,5582,5583],"receiver_keys":["cty-e374-n3777:la-e374-n3777:facade:451982871604:0","cty-e374-n3777:la-e374-n3777:facade:451982871604:1","cty-e374-n3777:la-e374-n3777:facade:451982871604:2","cty-e374-n3777:la-e374-n3777:facade:451982871604:3","cty-e374-n3777:la-e374-n3777:facade:451982871604:4","cty-e374-n3777:la-e374-n3777:facade:451982871604:5","cty-e374-n3777:la-e374-n3777:facade:451982871604:6","cty-e374-n3777:la-e374-n3777:facade:451982871604:7","cty-e374-n3777:la-e374-n3777:facade:451982871604:8"],"receiver_count":9,"periods":{"D":{"min":61.329517,"max":70.05332,"receiver_count":9,"unavailable_count":0},"E":{"min":59.11103,"max":67.83483,"receiver_count":9,"unavailable_count":0},"N":{"min":54.33982,"max":63.06362,"receiver_count":9,"unavailable_count":0}}}},{"type":"Feature","id":"dpw:452588869418@374553,3777263","geometry":{"type":"Polygon","coordinates":[[[-118.36042343376744,34.12879961467943],[-118.36052747344525,34.12871969790664],[-118.36052070632073,34.12871361830133],[-118.36052679942121,34.12870895541598],[-118.36045760180961,34.12864664751497],[-118.36045980935845,34.12864496497696],[-118.3604027192653,34.12859352951783],[-118.36029104040217,34.128679321723176],[-118.36036239281235,34.12874357511956],[-118.36036848580729,34.12873888519649],[-118.36039532181542,34.128763096158345],[-118.36038860315024,34.1287682549437],[-118.36042343376744,34.12879961467943]]]},"properties":{"building_pk":8230,"building_key":"dpw:452588869418@374553,3777263","source_tile":"cty-e374-n3777","source_tile_ids":["cty-e374-n3777"],"source_bld_id":"452588869418","height_m":12.6,"receiver_ids":[3593,3594,3595,3596,3597],"receiver_keys":["cty-e374-n3777:la-e374-n3777:facade:452588869418:1","cty-e374-n3777:la-e374-n3777:facade:452588869418:2","cty-e374-n3777:la-e374-n3777:facade:452588869418:3","cty-e374-n3777:la-e374-n3777:facade:452588869418:5","cty-e374-n3777:la-e374-n3777:facade:452588869418:6"],"receiver_count":5,"periods":{"D":{"min":54.408043,"max":59.690746,"receiver_count":5,"unavailable_count":0},"E":{"min":52.189556,"max":57.47226,"receiver_count":5,"unavailable_count":0},"N":{"min":47.418343,"max":52.701046,"receiver_count":5,"unavailable_count":0}}}},{"type":"Feature","id":"dpw:453441870501@374816,3777589","geometry":{"type":"Polygon","coordinates":[[[-118.35770763807739,34.13169532589586],[-118.3576284375584,34.13161216189982],[-118.35754431275636,34.131667560401795],[-118.35762354576775,34.13175072435682],[-118.35770763807739,34.13169532589586]]]},"properties":{"building_pk":8233,"building_key":"dpw:453441870501@374816,3777589","source_tile":"cty-e374-n3777","source_tile_ids":["cty-e374-n3777"],"source_bld_id":"453441870501","height_m":0.314,"receiver_ids":[4828,4829,4830,4831],"receiver_keys":["cty-e374-n3777:la-e374-n3777:facade:453441870501:1","cty-e374-n3777:la-e374-n3777:facade:453441870501:2","cty-e374-n3777:la-e374-n3777:facade:453441870501:3","cty-e374-n3777:la-e374-n3777:facade:453441870501:4"],"receiver_count":4,"periods":{"D":{"min":54.050323,"max":56.140602,"receiver_count":4,"unavailable_count":0},"E":{"min":51.831837,"max":53.922115,"receiver_count":4,"unavailable_count":0},"N":{"min":47.060623,"max":49.1509,"receiver_count":4,"unavailable_count":0}}}},{"type":"Feature","id":"dpw:451554871010@374238,3777744","geometry":{"type":"Polygon","coordinates":[[[-118.36389423684669,34.13297397110592],[-118.3638899917202,34.132970329059525],[-118.363833648732,34.133015729614016],[-118.363825191244,34.133008500411876],[-118.36374592942407,34.13307238016825],[-118.36384294812011,34.13315559653674],[-118.36396202138374,34.13305966625605],[-118.36394076090859,34.133041429093225],[-118.36396433472068,34.13302176593835],[-118.36396497913815,34.133002693811484],[-118.36398137793064,34.13298948201053],[-118.36398507731587,34.13296638885024],[-118.36396296072765,34.13294897827305],[-118.36393361511563,34.132948517594464],[-118.36391458132792,34.13296385322644],[-118.36391080092095,34.132960621783496],[-118.36389423684669,34.13297397110592]]]},"properties":{"building_pk":8242,"building_key":"dpw:451554871010@374238,3777744","source_tile":"cty-e374-n3777","source_tile_ids":["cty-e374-n3777"],"source_bld_id":"451554871010","height_m":8.842,"receiver_ids":[4460,4461,4462,4463,4464,4465,4466,4467],"receiver_keys":["cty-e374-n3777:la-e374-n3777:facade:451554871010:0","cty-e374-n3777:la-e374-n3777:facade:451554871010:1","cty-e374-n3777:la-e374-n3777:facade:451554871010:2","cty-e374-n3777:la-e374-n3777:facade:451554871010:3","cty-e374-n3777:la-e374-n3777:facade:451554871010:4","cty-e374-n3777:la-e374-n3777:facade:451554871010:5","cty-e374-n3777:la-e374-n3777:facade:451554871010:6","cty-e374-n3777:la-e374-n3777:facade:451554871010:7"],"receiver_count":8,"periods":{"D":{"min":47.360233,"max":60.391457,"receiver_count":8,"unavailable_count":0},"E":{"min":45.141747,"max":58.172966,"receiver_count":8,"unavailable_count":0},"N":{"min":40.370533,"max":53.401756,"receiver_count":8,"unavailable_count":0}}}},{"type":"Feature","id":"dpw:452420871239@374509,3777815","geometry":{"type":"Polygon","coordinates":[[[-118.36103242264528,34.133772433086015],[-118.36108856309036,34.13371054716251],[-118.36098693809842,34.13364674249151],[-118.36097966983219,34.13365476081874],[-118.3609710219612,34.13364934587576],[-118.36095388713959,34.133668247253325],[-118.36096236878285,34.133673580654154],[-118.3609306313885,34.13370854592281],[-118.36103242264528,34.133772433086015]]]},"properties":{"building_pk":8244,"building_key":"dpw:452420871239@374509,3777815","source_tile":"cty-e374-n3777","source_tile_ids":["cty-e374-n3777"],"source_bld_id":"452420871239","height_m":7.346,"receiver_ids":[5181,5182,5183,5184],"receiver_keys":["cty-e374-n3777:la-e374-n3777:facade:452420871239:1","cty-e374-n3777:la-e374-n3777:facade:452420871239:2","cty-e374-n3777:la-e374-n3777:facade:452420871239:3","cty-e374-n3777:la-e374-n3777:facade:452420871239:4"],"receiver_count":4,"periods":{"D":{"min":59.542904,"max":68.17936,"receiver_count":4,"unavailable_count":0},"E":{"min":57.324417,"max":65.96088,"receiver_count":4,"unavailable_count":0},"N":{"min":52.553204,"max":61.189663,"receiver_count":4,"unavailable_count":0}}}},{"type":"Feature","id":"dpw:450814871521@374021,3777910","geometry":{"type":"Polygon","coordinates":[[[-118.3661928035634,34.13456360718832],[-118.36624162584803,34.134536612438346],[-118.36626651380567,34.13456772566413],[-118.36643974878112,34.13447193082834],[-118.36641489343467,34.13444084548696],[-118.36642465227443,34.13443545717571],[-118.36636537361731,34.13436136201683],[-118.36620034789841,34.13445265214484],[-118.36621074780402,34.13446564512719],[-118.36614399237928,34.13450255969291],[-118.3661928035634,34.13456360718832]]]},"properties":{"building_pk":8245,"building_key":"dpw:450814871521@374021,3777910","source_tile":"cty-e374-n3777","source_tile_ids":["cty-e374-n3777"],"source_bld_id":"450814871521","height_m":6.248,"receiver_ids":[6458,6459,6460,6461,6462,6463],"receiver_keys":["cty-e374-n3777:la-e374-n3777:facade:450814871521:1","cty-e374-n3777:la-e374-n3777:facade:450814871521:2","cty-e374-n3777:la-e374-n3777:facade:450814871521:3","cty-e374-n3777:la-e374-n3777:facade:450814871521:4","cty-e374-n3777:la-e374-n3777:facade:450814871521:5","cty-e374-n3777:la-e374-n3777:facade:450814871521:7"],"receiver_count":6,"periods":{"D":{"min":57.306236,"max":63.01061,"receiver_count":6,"unavailable_count":0},"E":{"min":55.087746,"max":60.792118,"receiver_count":6,"unavailable_count":0},"N":{"min":50.316536,"max":56.02091,"receiver_count":6,"unavailable_count":0}}}},{"type":"Feature","id":"dpw:451625871425@374265,3777877","geometry":{"type":"Polygon","coordinates":[[[-118.36362481866225,34.134249609376184],[-118.36367491486573,34.134218984052715],[-118.3636415402539,34.134181191105974],[-118.3635914115362,34.13421181651335],[-118.36362481866225,34.134249609376184]]]},"properties":{"building_pk":8268,"building_key":"dpw:451625871425@374265,3777877","source_tile":"cty-e374-n3777","source_tile_ids":["cty-e374-n3777"],"source_bld_id":"451625871425","height_m":1.881,"receiver_ids":[5511,5512,5513,5514],"receiver_keys":["cty-e374-n3777:la-e374-n3777:facade:451625871425:0","cty-e374-n3777:la-e374-n3777:facade:451625871425:1","cty-e374-n3777:la-e374-n3777:facade:451625871425:2","cty-e374-n3777:la-e374-n3777:facade:451625871425:3"],"receiver_count":4,"periods":{"D":{"min":58.912422,"max":60.118206,"receiver_count":4,"unavailable_count":0},"E":{"min":56.693935,"max":57.89972,"receiver_count":4,"unavailable_count":0},"N":{"min":51.92272,"max":53.128506,"receiver_count":4,"unavailable_count":0}}}},{"type":"Feature","id":"dpw:451574868777@374242,3777071","geometry":{"type":"Polygon","coordinates":[[[-118.36379103735165,34.12694476850826],[-118.3637667653728,34.12692592734214],[-118.36375649565753,34.12693507547957],[-118.36377941217707,34.126954330024496],[-118.36379103735165,34.12694476850826]]]},"properties":{"building_pk":8272,"building_key":"dpw:451574868777@374242,3777071","source_tile":"cty-e374-n3777","source_tile_ids":["cty-e374-n3777"],"source_bld_id":"451574868777","height_m":2.371,"receiver_ids":[3002,3003,3004],"receiver_keys":["cty-e374-n3777:la-e374-n3777:facade:451574868777:0","cty-e374-n3777:la-e374-n3777:facade:451574868777:1","cty-e374-n3777:la-e374-n3777:facade:451574868777:3"],"receiver_count":3,"periods":{"D":{"min":41.80766,"max":43.4685,"receiver_count":3,"unavailable_count":0},"E":{"min":39.589172,"max":41.250008,"receiver_count":3,"unavailable_count":0},"N":{"min":34.81796,"max":36.478798,"receiver_count":3,"unavailable_count":0}}}},{"type":"Feature","id":"dpw:450988871369@374069,3777863","geometry":{"type":"Polygon","coordinates":[[[-118.36572270677456,34.13415051140867],[-118.36577263080683,34.134110956021544],[-118.36576420508352,34.1341036168706],[-118.36578165917304,34.134089769655034],[-118.36581025249964,34.134114689027854],[-118.36587489701688,34.134063437599835],[-118.36584825936384,34.134040216226104],[-118.36584384697012,34.13404371942584],[-118.36576224380072,34.13397254850549],[-118.36575776539611,34.133976079849425],[-118.36574572431793,34.13396559175341],[-118.3656284559827,34.134058577526055],[-118.36564152566733,34.13406999651351],[-118.36563569687178,34.134074630909886],[-118.36572270677456,34.13415051140867]]]},"properties":{"building_pk":8291,"building_key":"dpw:450988871369@374069,3777863","source_tile":"cty-e374-n3777","source_tile_ids":["cty-e374-n3777"],"source_bld_id":"450988871369","height_m":7.894,"receiver_ids":[6420,6421,6422,6423,6424,6425],"receiver_keys":["cty-e374-n3777:la-e374-n3777:facade:450988871369:0","cty-e374-n3777:la-e374-n3777:facade:450988871369:1","cty-e374-n3777:la-e374-n3777:facade:450988871369:2","cty-e374-n3777:la-e374-n3777:facade:450988871369:4","cty-e374-n3777:la-e374-n3777:facade:450988871369:5","cty-e374-n3777:la-e374-n3777:facade:450988871369:6"],"receiver_count":6,"periods":{"D":{"min":46.265423,"max":55.04175,"receiver_count":6,"unavailable_count":0},"E":{"min":44.046936,"max":52.823265,"receiver_count":6,"unavailable_count":0},"N":{"min":39.275723,"max":48.05205,"receiver_count":6,"unavailable_count":0}}}},{"type":"Feature","id":"dpw:452543871516@374544,3777892","geometry":{"type":"Polygon","coordinates":[[[-118.3604772578627,34.13455682217401],[-118.36063155415356,34.1346036420832],[-118.36075282058468,34.13433001935188],[-118.36059968576778,34.134283677554244],[-118.36060750794921,34.13426606706077],[-118.3606063365611,34.134265702728676],[-118.3604772578627,34.13455682217401]]]},"properties":{"building_pk":8294,"building_key":"dpw:452543871516@374544,3777892","source_tile":"cty-e374-n3777","source_tile_ids":["cty-e374-n3777"],"source_bld_id":"452543871516","height_m":5.587,"receiver_ids":[6021,6022,6023,6024,6025,6026,6027],"receiver_keys":["cty-e374-n3777:la-e374-n3777:facade:452543871516:0","cty-e374-n3777:la-e374-n3777:facade:452543871516:1","cty-e374-n3777:la-e374-n3777:facade:452543871516:2","cty-e374-n3777:la-e374-n3777:facade:452543871516:3","cty-e374-n3777:la-e374-n3777:facade:452543871516:4","cty-e374-n3777:la-e374-n3777:facade:452543871516:5","cty-e374-n3777:la-e374-n3777:facade:452543871516:6"],"receiver_count":7,"periods":{"D":{"min":69.42917,"max":73.96289,"receiver_count":7,"unavailable_count":0},"E":{"min":67.21068,"max":71.7444,"receiver_count":7,"unavailable_count":0},"N":{"min":62.439465,"max":66.97319,"receiver_count":7,"unavailable_count":0}}}},{"type":"Feature","id":"dpw:454039870347@374995,3777541","geometry":{"type":"Polygon","coordinates":[[[-118.35574669084318,34.13124749194722],[-118.35568127168732,34.13124936041968],[-118.35567821083879,34.131174626725695],[-118.35560988341558,34.131176586658576],[-118.35561423153489,34.13128201024396],[-118.35561974880285,34.13128968771579],[-118.355627445008,34.131296562720784],[-118.35563952355571,34.131300703997546],[-118.35565089774929,34.131302374433716],[-118.35565951384503,34.13130020523077],[-118.35566662987746,34.13129532050854],[-118.35566727673546,34.1313074640912],[-118.35571974246452,34.131305523760275],[-118.35571909668302,34.13129338017464],[-118.3557490952297,34.13129227495682],[-118.35574669084318,34.13124749194722]]]},"properties":{"building_pk":8315,"building_key":"dpw:454039870347@374995,3777541","source_tile":"cty-e374-n3777","source_tile_ids":["cty-e374-n3777"],"source_bld_id":"454039870347","height_m":9.516,"receiver_ids":[4606,4607,4608,4609,4610,4611],"receiver_keys":["cty-e374-n3777:la-e374-n3777:facade:454039870347:0","cty-e374-n3777:la-e374-n3777:facade:454039870347:1","cty-e374-n3777:la-e374-n3777:facade:454039870347:2","cty-e374-n3777:la-e374-n3777:facade:454039870347:3","cty-e374-n3777:la-e374-n3777:facade:454039870347:4","cty-e374-n3777:la-e374-n3777:facade:454039870347:5"],"receiver_count":6,"periods":{"D":{"min":48.690502,"max":62.41912,"receiver_count":6,"unavailable_count":0},"E":{"min":46.472015,"max":60.200634,"receiver_count":6,"unavailable_count":0},"N":{"min":41.7008,"max":55.42942,"receiver_count":6,"unavailable_count":0}}}},{"type":"Feature","id":"dpw:453733870546@374906,3777601","geometry":{"type":"Polygon","coordinates":[[[-118.35672727241392,34.13187290555731],[-118.35671857134241,34.131862791665505],[-118.35675997755997,34.131839889463585],[-118.35668287064247,34.131743611245845],[-118.3566881424215,34.13173996881217],[-118.3566520734493,34.13172806678881],[-118.35659649016102,34.13175862244308],[-118.35659074276285,34.131751412689724],[-118.35653888018021,34.13178018762678],[-118.35656682167111,34.13181477195157],[-118.35657358102729,34.13181065273009],[-118.35665481072175,34.13191274457554],[-118.35672727241392,34.13187290555731]]]},"properties":{"building_pk":8318,"building_key":"dpw:453733870546@374906,3777601","source_tile":"cty-e374-n3777","source_tile_ids":["cty-e374-n3777"],"source_bld_id":"453733870546","height_m":1.768,"receiver_ids":[5727,5728,5729,5730,5731,5732],"receiver_keys":["cty-e374-n3777:la-e374-n3777:facade:453733870546:0","cty-e374-n3777:la-e374-n3777:facade:453733870546:1","cty-e374-n3777:la-e374-n3777:facade:453733870546:2","cty-e374-n3777:la-e374-n3777:facade:453733870546:3","cty-e374-n3777:la-e374-n3777:facade:453733870546:5","cty-e374-n3777:la-e374-n3777:facade:453733870546:6"],"receiver_count":6,"periods":{"D":{"min":55.70174,"max":65.4891,"receiver_count":6,"unavailable_count":0},"E":{"min":53.483253,"max":63.270615,"receiver_count":6,"unavailable_count":0},"N":{"min":48.71204,"max":58.4994,"receiver_count":6,"unavailable_count":0}}}},{"type":"Feature","id":"dpw:452501869812@374527,3777383","geometry":{"type":"Polygon","coordinates":[[[-118.36065177471856,34.129813205300906],[-118.36070561945297,34.12985522477693],[-118.36071670970408,34.12985241675445],[-118.3607565629187,34.12988362347288],[-118.36080571007625,34.12984019765928],[-118.36079053545916,34.129823040753635],[-118.36079949554721,34.12982427886293],[-118.36080665931627,34.129799910608334],[-118.36078968496238,34.129786743862326],[-118.36079126496968,34.129777808534385],[-118.36073848164084,34.12973655584033],[-118.36072811609164,34.12973897764786],[-118.36067619533023,34.1296986283959],[-118.3606403160048,34.129730611047044],[-118.36066017626754,34.129746050087995],[-118.36064392108811,34.129762117975524],[-118.3606634062142,34.12977478320873],[-118.36065177471856,34.129813205300906]]]},"properties":{"building_pk":8354,"building_key":"dpw:452501869812@374527,3777383","source_tile":"cty-e374-n3777","source_tile_ids":["cty-e374-n3777"],"source_bld_id":"452501869812","height_m":4.045,"receiver_ids":[3720,3721,3722,3723,3724,3725],"receiver_keys":["cty-e374-n3777:la-e374-n3777:facade:452501869812:0","cty-e374-n3777:la-e374-n3777:facade:452501869812:1","cty-e374-n3777:la-e374-n3777:facade:452501869812:2","cty-e374-n3777:la-e374-n3777:facade:452501869812:3","cty-e374-n3777:la-e374-n3777:facade:452501869812:4","cty-e374-n3777:la-e374-n3777:facade:452501869812:5"],"receiver_count":6,"periods":{"D":{"min":61.230568,"max":61.90696,"receiver_count":6,"unavailable_count":0},"E":{"min":59.012077,"max":59.688473,"receiver_count":6,"unavailable_count":0},"N":{"min":54.240868,"max":54.91726,"receiver_count":6,"unavailable_count":0}}}},{"type":"Feature","id":"dpw:453908870363@374960,3777549","geometry":{"type":"Polygon","coordinates":[[[-118.35615833624833,34.13130472717696],[-118.35606355576545,34.13124809788509],[-118.3559755608766,34.13134953368605],[-118.35600444966337,34.131366842830985],[-118.35602033110017,34.131348522832404],[-118.35608612586189,34.13138798126046],[-118.35615833624833,34.13130472717696]]]},"properties":{"building_pk":8356,"building_key":"dpw:453908870363@374960,3777549","source_tile":"cty-e374-n3777","source_tile_ids":["cty-e374-n3777"],"source_bld_id":"453908870363","height_m":4.273,"receiver_ids":[4618,4619,4620,4621,4622],"receiver_keys":["cty-e374-n3777:la-e374-n3777:facade:453908870363:0","cty-e374-n3777:la-e374-n3777:facade:453908870363:1","cty-e374-n3777:la-e374-n3777:facade:453908870363:2","cty-e374-n3777:la-e374-n3777:facade:453908870363:3","cty-e374-n3777:la-e374-n3777:facade:453908870363:4"],"receiver_count":5,"periods":{"D":{"min":62.726437,"max":64.98938,"receiver_count":5,"unavailable_count":0},"E":{"min":60.50795,"max":62.77089,"receiver_count":5,"unavailable_count":0},"N":{"min":55.736736,"max":57.999676,"receiver_count":5,"unavailable_count":0}}}},{"type":"Feature","id":"dpw:452661871083@374579,3777771","geometry":{"type":"Polygon","coordinates":[[[-118.3602892324582,34.133334988701506],[-118.36037713440574,34.133312550693134],[-118.36035503373071,34.13325265814759],[-118.36028891671266,34.13326953454655],[-118.36014237819074,34.13324263036042],[-118.3601256322725,34.13330577152131],[-118.36013049313019,34.13330666398431],[-118.36012779526138,34.1333168665874],[-118.3601541524034,34.13332170683777],[-118.36015704643366,34.133310733738185],[-118.3602892324582,34.133334988701506]]]},"properties":{"building_pk":8365,"building_key":"dpw:452661871083@374579,3777771","source_tile":"cty-e374-n3777","source_tile_ids":["cty-e374-n3777"],"source_bld_id":"452661871083","height_m":2.95,"receiver_ids":[5113,5114,5115,5116,5117,5118],"receiver_keys":["cty-e374-n3777:la-e374-n3777:facade:452661871083:0","cty-e374-n3777:la-e374-n3777:facade:452661871083:1","cty-e374-n3777:la-e374-n3777:facade:452661871083:2","cty-e374-n3777:la-e374-n3777:facade:452661871083:3","cty-e374-n3777:la-e374-n3777:facade:452661871083:4","cty-e374-n3777:la-e374-n3777:facade:452661871083:6"],"receiver_count":6,"periods":{"D":{"min":67.80391,"max":68.196434,"receiver_count":6,"unavailable_count":0},"E":{"min":65.58543,"max":65.97794,"receiver_count":6,"unavailable_count":0},"N":{"min":60.81421,"max":61.206734,"receiver_count":6,"unavailable_count":0}}}},{"type":"Feature","id":"dpw:451344871034@374176,3777757","geometry":{"type":"Polygon","coordinates":[[[-118.36459000620226,34.133218195742806],[-118.3646699704294,34.13314123292906],[-118.36466167696608,34.13312639252503],[-118.36461333109135,34.13309576173552],[-118.36459372965393,34.133117143984585],[-118.36457752551343,34.13310686125862],[-118.36460492184429,34.13307699188231],[-118.36453732346426,34.133034135707554],[-118.3644499714674,34.13312942098329],[-118.36459000620226,34.133218195742806]]]},"properties":{"building_pk":8395,"building_key":"dpw:451344871034@374176,3777757","source_tile":"cty-e374-n3777","source_tile_ids":["cty-e374-n3777"],"source_bld_id":"451344871034","height_m":5.136,"receiver_ids":[5232,5233,5234,5235,5236,5237],"receiver_keys":["cty-e374-n3777:la-e374-n3777:facade:451344871034:0","cty-e374-n3777:la-e374-n3777:facade:451344871034:1","cty-e374-n3777:la-e374-n3777:facade:451344871034:3","cty-e374-n3777:la-e374-n3777:facade:451344871034:4","cty-e374-n3777:la-e374-n3777:facade:451344871034:5","cty-e374-n3777:la-e374-n3777:facade:451344871034:6"],"receiver_count":6,"periods":{"D":{"min":54.294456,"max":58.221596,"receiver_count":6,"unavailable_count":0},"E":{"min":52.07597,"max":56.00311,"receiver_count":6,"unavailable_count":0},"N":{"min":47.30476,"max":51.231895,"receiver_count":6,"unavailable_count":0}}}},{"type":"Feature","id":"dpw:451570871386@374250,3777868","geometry":{"type":"Polygon","coordinates":[[[-118.36386980336452,34.13410960922948],[-118.36384498790214,34.13401870093328],[-118.36376785657694,34.13403324946299],[-118.36378142302526,34.13408289047086],[-118.36377561111325,34.13409890120669],[-118.36378193535047,34.13410196001742],[-118.36371070155093,34.13420340602548],[-118.36377961486102,34.134236888144855],[-118.3638159044991,34.13418517321457],[-118.36378990982583,34.13417255602229],[-118.3638228832262,34.13412563281613],[-118.36384950801227,34.1341385501191],[-118.36386980336452,34.13410960922948]]]},"properties":{"building_pk":8433,"building_key":"dpw:451570871386@374250,3777868","source_tile":"cty-e374-n3777","source_tile_ids":["cty-e374-n3777"],"source_bld_id":"451570871386","height_m":2.728,"receiver_ids":[5504,5505,5506,5507,5508,5509,5510],"receiver_keys":["cty-e374-n3777:la-e374-n3777:facade:451570871386:0","cty-e374-n3777:la-e374-n3777:facade:451570871386:1","cty-e374-n3777:la-e374-n3777:facade:451570871386:2","cty-e374-n3777:la-e374-n3777:facade:451570871386:3","cty-e374-n3777:la-e374-n3777:facade:451570871386:4","cty-e374-n3777:la-e374-n3777:facade:451570871386:5","cty-e374-n3777:la-e374-n3777:facade:451570871386:6"],"receiver_count":7,"periods":{"D":{"min":57.944965,"max":58.76297,"receiver_count":7,"unavailable_count":0},"E":{"min":55.72648,"max":56.54448,"receiver_count":7,"unavailable_count":0},"N":{"min":50.955265,"max":51.77327,"receiver_count":7,"unavailable_count":0}}}},{"type":"Feature","id":"dpw:451296871073@374163,3777767","geometry":{"type":"Polygon","coordinates":[[[-118.36471685034377,34.13326523297141],[-118.36474387537142,34.13316021265818],[-118.36473424901729,34.13315769126024],[-118.364695797955,34.133259204812326],[-118.36471685034377,34.13326523297141]]]},"properties":{"building_pk":8436,"building_key":"dpw:451296871073@374163,3777767","source_tile":"cty-e374-n3777","source_tile_ids":["cty-e374-n3777"],"source_bld_id":"451296871073","height_m":5.148,"receiver_ids":[5238,5239],"receiver_keys":["cty-e374-n3777:la-e374-n3777:facade:451296871073:2","cty-e374-n3777:la-e374-n3777:facade:451296871073:3"],"receiver_count":2,"periods":{"D":{"min":54.6507,"max":55.438557,"receiver_count":2,"unavailable_count":0},"E":{"min":52.432213,"max":53.22007,"receiver_count":2,"unavailable_count":0},"N":{"min":47.661,"max":48.448856,"receiver_count":2,"unavailable_count":0}}}},{"type":"Feature","id":"dpw:451376868964@374179,3777127","geometry":{"type":"Polygon","coordinates":[[[-118.36430597469736,34.127506882889136],[-118.36440423134508,34.12757228881556],[-118.36446672903058,34.12750725021101],[-118.36445410299775,34.127498851711806],[-118.36452229098056,34.12742786111095],[-118.36457890717023,34.127423430595776],[-118.36457083043167,34.12735176303698],[-118.36447986074114,34.127358879144495],[-118.36444940766562,34.12739189144871],[-118.36442591539537,34.127376903029486],[-118.36430597469736,34.127506882889136]]]},"properties":{"building_pk":8463,"building_key":"dpw:451376868964@374179,3777127","source_tile":"cty-e374-n3777","source_tile_ids":["cty-e374-n3777"],"source_bld_id":"451376868964","height_m":5.096,"receiver_ids":[3048,3049,3050,3051,3052,3053,3054,3055],"receiver_keys":["cty-e374-n3777:la-e374-n3777:facade:451376868964:0","cty-e374-n3777:la-e374-n3777:facade:451376868964:1","cty-e374-n3777:la-e374-n3777:facade:451376868964:2","cty-e374-n3777:la-e374-n3777:facade:451376868964:3","cty-e374-n3777:la-e374-n3777:facade:451376868964:4","cty-e374-n3777:la-e374-n3777:facade:451376868964:5","cty-e374-n3777:la-e374-n3777:facade:451376868964:6","cty-e374-n3777:la-e374-n3777:facade:451376868964:7"],"receiver_count":8,"periods":{"D":{"min":42.72999,"max":53.13968,"receiver_count":8,"unavailable_count":0},"E":{"min":40.5115,"max":50.92119,"receiver_count":8,"unavailable_count":0},"N":{"min":35.740288,"max":46.14998,"receiver_count":8,"unavailable_count":0}}}},{"type":"Feature","id":"dpw:450788870601@374005,3777631","geometry":{"type":"Polygon","coordinates":[[[-118.36647502334054,34.13192799527858],[-118.36647847422677,34.131931227640464],[-118.36650495594748,34.131911582217505],[-118.36644191385629,34.13185283093691],[-118.36641457532355,34.1318731388675],[-118.36641716396451,34.13187554893954],[-118.36630283837978,34.131960365749975],[-118.36632493555277,34.13198096288737],[-118.3662975645406,34.13200129703436],[-118.36638585335707,34.13208264188826],[-118.36641190619797,34.13206308072709],[-118.36641930546483,34.13207001004029],[-118.36650444879606,34.13200682560826],[-118.36644432617878,34.13195078631154],[-118.36647502334054,34.13192799527858]]]},"properties":{"building_pk":8465,"building_key":"dpw:450788870601@374005,3777631","source_tile":"cty-e374-n3777","source_tile_ids":["cty-e374-n3777"],"source_bld_id":"450788870601","height_m":7.541,"receiver_ids":[6329,6330,6331,6332,6333,6334],"receiver_keys":["cty-e374-n3777:la-e374-n3777:facade:450788870601:0","cty-e374-n3777:la-e374-n3777:facade:450788870601:1","cty-e374-n3777:la-e374-n3777:facade:450788870601:2","cty-e374-n3777:la-e374-n3777:facade:450788870601:4","cty-e374-n3777:la-e374-n3777:facade:450788870601:5","cty-e374-n3777:la-e374-n3777:facade:450788870601:6"],"receiver_count":6,"periods":{"D":{"min":52.89904,"max":55.74756,"receiver_count":6,"unavailable_count":0},"E":{"min":50.680553,"max":53.529068,"receiver_count":6,"unavailable_count":0},"N":{"min":45.90934,"max":48.75786,"receiver_count":6,"unavailable_count":0}}}},{"type":"Feature","id":"dpw:451348871294@374179,3777837","geometry":{"type":"Polygon","coordinates":[[[-118.36455800148076,34.13390364250437],[-118.36463306014014,34.13381564799204],[-118.36460400477159,34.13379853433153],[-118.36457504007454,34.1338325302595],[-118.36454074979638,34.133812299535464],[-118.36449468953425,34.133866325033026],[-118.36455800148076,34.13390364250437]]]},"properties":{"building_pk":8487,"building_key":"dpw:451348871294@374179,3777837","source_tile":"cty-e374-n3777","source_tile_ids":["cty-e374-n3777"],"source_bld_id":"451348871294","height_m":0.552,"receiver_ids":[5443,5444,5445,5446],"receiver_keys":["cty-e374-n3777:la-e374-n3777:facade:451348871294:0","cty-e374-n3777:la-e374-n3777:facade:451348871294:1","cty-e374-n3777:la-e374-n3777:facade:451348871294:2","cty-e374-n3777:la-e374-n3777:facade:451348871294:3"],"receiver_count":4,"periods":{"D":{"min":61.439865,"max":63.00004,"receiver_count":4,"unavailable_count":0},"E":{"min":59.22138,"max":60.78155,"receiver_count":4,"unavailable_count":0},"N":{"min":54.450165,"max":56.010338,"receiver_count":4,"unavailable_count":0}}}},{"type":"Feature","id":"dpw:452199869552@374435,3777304","geometry":{"type":"Polygon","coordinates":[[[-118.36184199332448,34.12907665007769],[-118.36183024648737,34.129011642151404],[-118.36172704090012,34.129024564440165],[-118.36172815764792,34.129030605894485],[-118.3616756798553,34.12903716563803],[-118.36167432601846,34.12902969595867],[-118.36162317009243,34.12903608674302],[-118.36163464571412,34.12909958362516],[-118.36166360908072,34.12909595212817],[-118.36166892484945,34.12912536595158],[-118.36176866219716,34.129112866996685],[-118.36176388826851,34.12908641850965],[-118.36184199332448,34.12907665007769]]]},"properties":{"building_pk":8489,"building_key":"dpw:452199869552@374435,3777304","source_tile":"cty-e374-n3777","source_tile_ids":["cty-e374-n3777"],"source_bld_id":"452199869552","height_m":4.243,"receiver_ids":[4014,4015,4016,4017,4018,4019,4020],"receiver_keys":["cty-e374-n3777:la-e374-n3777:facade:452199869552:0","cty-e374-n3777:la-e374-n3777:facade:452199869552:1","cty-e374-n3777:la-e374-n3777:facade:452199869552:2","cty-e374-n3777:la-e374-n3777:facade:452199869552:3","cty-e374-n3777:la-e374-n3777:facade:452199869552:4","cty-e374-n3777:la-e374-n3777:facade:452199869552:5","cty-e374-n3777:la-e374-n3777:facade:452199869552:6"],"receiver_count":7,"periods":{"D":{"min":60.061066,"max":60.403706,"receiver_count":7,"unavailable_count":0},"E":{"min":57.842575,"max":58.185215,"receiver_count":7,"unavailable_count":0},"N":{"min":53.071365,"max":53.414005,"receiver_count":7,"unavailable_count":0}}}},{"type":"Feature","id":"dpw:451253868667@374143,3777039","geometry":{"type":"Polygon","coordinates":[[[-118.36474682638156,34.12664252494623],[-118.3648137815006,34.12671302581019],[-118.36477289270893,34.12673988606085],[-118.36481451922938,34.12678369947286],[-118.36496733176891,34.126683352498155],[-118.36491923269605,34.126632688978745],[-118.3649238786455,34.1266296250566],[-118.36488899012922,34.12659288101777],[-118.3648844100677,34.12659588974597],[-118.36484036043538,34.12654952872057],[-118.36477769598605,34.12651550638204],[-118.36469978551189,34.12661472018968],[-118.36474682638156,34.12664252494623]]]},"properties":{"building_pk":8520,"building_key":"dpw:451253868667@374143,3777039","source_tile":"cty-e374-n3777","source_tile_ids":["cty-e374-n3777"],"source_bld_id":"451253868667","height_m":2.761,"receiver_ids":[2910,2911,2912,2913,2914,2915,2916,2917,2918],"receiver_keys":["cty-e374-n3777:la-e374-n3777:facade:451253868667:0","cty-e374-n3777:la-e374-n3777:facade:451253868667:1","cty-e374-n3777:la-e374-n3777:facade:451253868667:2","cty-e374-n3777:la-e374-n3777:facade:451253868667:3","cty-e374-n3777:la-e374-n3777:facade:451253868667:4","cty-e374-n3777:la-e374-n3777:facade:451253868667:5","cty-e374-n3777:la-e374-n3777:facade:451253868667:6","cty-e374-n3777:la-e374-n3777:facade:451253868667:7","cty-e374-n3777:la-e374-n3777:facade:451253868667:8"],"receiver_count":9,"periods":{"D":{"min":45.25803,"max":53.338165,"receiver_count":9,"unavailable_count":0},"E":{"min":43.039543,"max":51.11968,"receiver_count":9,"unavailable_count":0},"N":{"min":38.26833,"max":46.348465,"receiver_count":9,"unavailable_count":0}}}},{"type":"Feature","id":"dpw:452857870090@374638,3777462","geometry":{"type":"Polygon","coordinates":[[[-118.35955535179379,34.13061231492724],[-118.35960591258723,34.130582239845495],[-118.35957628922694,34.13054775949238],[-118.35959484518202,34.13053671276845],[-118.35956744693067,34.130504863686745],[-118.35955511946705,34.13051218296169],[-118.35953957790878,34.13049412004589],[-118.35956568163702,34.130478572046435],[-118.35952566301178,34.130432059156156],[-118.35947589492011,34.130461664851474],[-118.35949342944711,34.13048208477283],[-118.35947658742255,34.130492109451815],[-118.35949209608702,34.130510089532265],[-118.35947766004406,34.13051867812173],[-118.35950625343807,34.13055189760929],[-118.35950437519445,34.13055303011513],[-118.35955535179379,34.13061231492724]]]},"properties":{"building_pk":8524,"building_key":"dpw:452857870090@374638,3777462","source_tile":"cty-e374-n3777","source_tile_ids":["cty-e374-n3777"],"source_bld_id":"452857870090","height_m":4.932,"receiver_ids":[4661,4662,4663,4664,4665,4666],"receiver_keys":["cty-e374-n3777:la-e374-n3777:facade:452857870090:0","cty-e374-n3777:la-e374-n3777:facade:452857870090:1","cty-e374-n3777:la-e374-n3777:facade:452857870090:2","cty-e374-n3777:la-e374-n3777:facade:452857870090:3","cty-e374-n3777:la-e374-n3777:facade:452857870090:4","cty-e374-n3777:la-e374-n3777:facade:452857870090:5"],"receiver_count":6,"periods":{"D":{"min":58.710373,"max":59.09374,"receiver_count":6,"unavailable_count":0},"E":{"min":56.491886,"max":56.87525,"receiver_count":6,"unavailable_count":0},"N":{"min":51.720676,"max":52.10404,"receiver_count":6,"unavailable_count":0}}}},{"type":"Feature","id":"dpw:453444870307@374819,3777531","geometry":{"type":"Polygon","coordinates":[[[-118.35748782498085,34.13114661829636],[-118.35753962138176,34.13121203017025],[-118.35756631313488,34.131202525660505],[-118.35758294109473,34.13123487405243],[-118.35768974277563,34.13119685673873],[-118.35765295643002,34.131125465708315],[-118.35763906602854,34.13113039853947],[-118.3576252370236,34.131103564681],[-118.35753704443688,34.131134986254644],[-118.35753447875399,34.13113002097368],[-118.35748782498085,34.13114661829636]]]},"properties":{"building_pk":8526,"building_key":"dpw:453444870307@374819,3777531","source_tile":"cty-e374-n3777","source_tile_ids":["cty-e374-n3777"],"source_bld_id":"453444870307","height_m":0.573,"receiver_ids":[3824,3825,3826,3827,3828],"receiver_keys":["cty-e374-n3777:la-e374-n3777:facade:453444870307:1","cty-e374-n3777:la-e374-n3777:facade:453444870307:2","cty-e374-n3777:la-e374-n3777:facade:453444870307:3","cty-e374-n3777:la-e374-n3777:facade:453444870307:4","cty-e374-n3777:la-e374-n3777:facade:453444870307:5"],"receiver_count":5,"periods":{"D":{"min":61.85781,"max":63.046196,"receiver_count":5,"unavailable_count":0},"E":{"min":59.63932,"max":60.82771,"receiver_count":5,"unavailable_count":0},"N":{"min":54.86811,"max":56.056496,"receiver_count":5,"unavailable_count":0}}}},{"type":"Feature","id":"dpw:451380870814@374188,3777693","geometry":{"type":"Polygon","coordinates":[[[-118.36452383730277,34.132571157507805],[-118.36452383045268,34.1325014715161],[-118.36447885161282,34.13250026025498],[-118.36447897093542,34.13249729203935],[-118.36446280994161,34.13249687377304],[-118.36444188154186,34.13250182860723],[-118.3644413127732,34.1325001814131],[-118.36441239500527,34.13250705535801],[-118.36440744172255,34.132492671862764],[-118.36435310650235,34.132505586076384],[-118.3643947418696,34.132626669351666],[-118.36444844645472,34.132613070050645],[-118.36443610586696,34.132579308680626],[-118.3644466659846,34.13257595197795],[-118.36444372958466,34.13256961311772],[-118.36445613803618,34.13256572885222],[-118.364460706637,34.13256772099444],[-118.36446072125221,34.13257107286041],[-118.36452383730277,34.132571157507805]]]},"properties":{"building_pk":8550,"building_key":"dpw:451380870814@374188,3777693","source_tile":"cty-e374-n3777","source_tile_ids":["cty-e374-n3777"],"source_bld_id":"451380870814","height_m":5.474,"receiver_ids":[4402,4403,4404,4405,4406,4407],"receiver_keys":["cty-e374-n3777:la-e374-n3777:facade:451380870814:0","cty-e374-n3777:la-e374-n3777:facade:451380870814:1","cty-e374-n3777:la-e374-n3777:facade:451380870814:2","cty-e374-n3777:la-e374-n3777:facade:451380870814:3","cty-e374-n3777:la-e374-n3777:facade:451380870814:4","cty-e374-n3777:la-e374-n3777:facade:451380870814:5"],"receiver_count":6,"periods":{"D":{"min":51.178257,"max":56.939793,"receiver_count":6,"unavailable_count":0},"E":{"min":48.95977,"max":54.721302,"receiver_count":6,"unavailable_count":0},"N":{"min":44.188557,"max":49.950092,"receiver_count":6,"unavailable_count":0}}}},{"type":"Feature","id":"dpw:453612870420@374869,3777565","geometry":{"type":"Polygon","coordinates":[[[-118.3570013485811,34.131533557178464],[-118.357023368313,34.13152085171199],[-118.35703456079665,34.1315342830858],[-118.35704524125376,34.131528096754835],[-118.35705241582313,34.131536676211105],[-118.35711949580413,34.131497952726875],[-118.3571119888152,34.13148896225497],[-118.35712639403569,34.13148067605446],[-118.35707152388119,34.131414916075556],[-118.3570615355149,34.131420688362745],[-118.3570583469582,34.13141685092955],[-118.35702202165777,34.131437814350285],[-118.35698930528844,34.13139858870353],[-118.35692140110866,34.131437754498535],[-118.3570013485811,34.131533557178464]]]},"properties":{"building_pk":8552,"building_key":"dpw:453612870420@374869,3777565","source_tile":"cty-e374-n3777","source_tile_ids":["cty-e374-n3777"],"source_bld_id":"453612870420","height_m":4.09,"receiver_ids":[4804,4805,4806,4807,4808],"receiver_keys":["cty-e374-n3777:la-e374-n3777:facade:453612870420:0","cty-e374-n3777:la-e374-n3777:facade:453612870420:1","cty-e374-n3777:la-e374-n3777:facade:453612870420:3","cty-e374-n3777:la-e374-n3777:facade:453612870420:4","cty-e374-n3777:la-e374-n3777:facade:453612870420:5"],"receiver_count":5,"periods":{"D":{"min":58.395786,"max":65.2282,"receiver_count":5,"unavailable_count":0},"E":{"min":56.1773,"max":63.009716,"receiver_count":5,"unavailable_count":0},"N":{"min":51.406086,"max":58.238506,"receiver_count":5,"unavailable_count":0}}}},{"type":"Feature","id":"dpw:452681868908@374585,3777100","geometry":{"type":"Polygon","coordinates":[[[-118.36017082799485,34.12727127049801],[-118.36017321307344,34.12716990194735],[-118.36016858377917,34.12716983370225],[-118.36011376625537,34.127169035098646],[-118.36011417175142,34.12716351108388],[-118.36009754702138,34.12716265366946],[-118.36009711184523,34.12716883769665],[-118.36005493963414,34.127166682445775],[-118.36005007215878,34.127171972731304],[-118.3600203290498,34.12714015869026],[-118.35995931748847,34.12718274052201],[-118.3600148833943,34.127241516519625],[-118.36002242565033,34.12723580626665],[-118.36001845085252,34.12725656424172],[-118.36000930119438,34.127257306412076],[-118.36001043270781,34.12726681063558],[-118.3599806724841,34.12726929014574],[-118.35998325795909,34.1272866487244],[-118.35994375646291,34.12729069615857],[-118.35998148078936,34.127434078516984],[-118.36011329013962,34.127373067531956],[-118.36011280996154,34.12736905712948],[-118.36016919389974,34.127340621480975],[-118.36017082799485,34.12727127049801]]]},"properties":{"building_pk":8596,"building_key":"dpw:452681868908@374585,3777100","source_tile":"cty-e374-n3777","source_tile_ids":["cty-e374-n3777"],"source_bld_id":"452681868908","height_m":8.242,"receiver_ids":[3216,3217,3218,3219,3220,3221,3222,3223,3224,3225,3226],"receiver_keys":["cty-e374-n3777:la-e374-n3777:facade:452681868908:0","cty-e374-n3777:la-e374-n3777:facade:452681868908:1","cty-e374-n3777:la-e374-n3777:facade:452681868908:10","cty-e374-n3777:la-e374-n3777:facade:452681868908:2","cty-e374-n3777:la-e374-n3777:facade:452681868908:3","cty-e374-n3777:la-e374-n3777:facade:452681868908:4","cty-e374-n3777:la-e374-n3777:facade:452681868908:5","cty-e374-n3777:la-e374-n3777:facade:452681868908:6","cty-e374-n3777:la-e374-n3777:facade:452681868908:7","cty-e374-n3777:la-e374-n3777:facade:452681868908:8","cty-e374-n3777:la-e374-n3777:facade:452681868908:9"],"receiver_count":11,"periods":{"D":{"min":45.99127,"max":57.866558,"receiver_count":11,"unavailable_count":0},"E":{"min":43.77278,"max":55.64807,"receiver_count":11,"unavailable_count":0},"N":{"min":39.001568,"max":50.876858,"receiver_count":11,"unavailable_count":0}}}},{"type":"Feature","id":"dpw:453771870441@374915,3777572","geometry":{"type":"Polygon","coordinates":[[[-118.35657019392363,34.13155873673442],[-118.35657902756488,34.1315381836134],[-118.35652086153407,34.13152085097475],[-118.35651199415355,34.1315413762433],[-118.35657019392363,34.13155873673442]]]},"properties":{"building_pk":8629,"building_key":"dpw:453771870441@374915,3777572","source_tile":"cty-e374-n3777","source_tile_ids":["cty-e374-n3777"],"source_bld_id":"453771870441","height_m":4.563,"receiver_ids":[4640,4641,4642,4643],"receiver_keys":["cty-e374-n3777:la-e374-n3777:facade:453771870441:0","cty-e374-n3777:la-e374-n3777:facade:453771870441:1","cty-e374-n3777:la-e374-n3777:facade:453771870441:2","cty-e374-n3777:la-e374-n3777:facade:453771870441:3"],"receiver_count":4,"periods":{"D":{"min":64.72136,"max":64.96086,"receiver_count":4,"unavailable_count":0},"E":{"min":62.502872,"max":62.74238,"receiver_count":4,"unavailable_count":0},"N":{"min":57.731663,"max":57.971165,"receiver_count":4,"unavailable_count":0}}}},{"type":"Feature","id":"dpw:453416870483@374809,3777584","geometry":{"type":"Polygon","coordinates":[[[-118.35773576808789,34.13165124861333],[-118.3576902881263,34.13160247039347],[-118.35766207987338,34.131620663008036],[-118.3577075598246,34.131669440336964],[-118.35773576808789,34.13165124861333]]]},"properties":{"building_pk":8636,"building_key":"dpw:453416870483@374809,3777584","source_tile":"cty-e374-n3777","source_tile_ids":["cty-e374-n3777"],"source_bld_id":"453416870483","height_m":3.328,"receiver_ids":[4819,4820],"receiver_keys":["cty-e374-n3777:la-e374-n3777:facade:453416870483:1","cty-e374-n3777:la-e374-n3777:facade:453416870483:3"],"receiver_count":2,"periods":{"D":{"min":53.957275,"max":55.59001,"receiver_count":2,"unavailable_count":0},"E":{"min":51.73879,"max":53.371525,"receiver_count":2,"unavailable_count":0},"N":{"min":46.967575,"max":48.60031,"receiver_count":2,"unavailable_count":0}}}},{"type":"Feature","id":"dpw:452188871054@374435,3777763","geometry":{"type":"Polygon","coordinates":[[[-118.36182073584384,34.13321928908048],[-118.3618018794972,34.13317628637246],[-118.36179104908211,34.13316307432761],[-118.36177176478007,34.133173985633384],[-118.36174920780354,34.13314640935203],[-118.36170384950113,34.1331720729727],[-118.36175138839096,34.13323015910058],[-118.36176252996218,34.133223833037185],[-118.36178658225104,34.13325321782906],[-118.36181113986731,34.13323929493376],[-118.36180296781264,34.13322934480291],[-118.36182073584384,34.13321928908048]]]},"properties":{"building_pk":8644,"building_key":"dpw:452188871054@374435,3777763","source_tile":"cty-e374-n3777","source_tile_ids":["cty-e374-n3777"],"source_bld_id":"452188871054","height_m":4.011,"receiver_ids":[5061,5062],"receiver_keys":["cty-e374-n3777:la-e374-n3777:facade:452188871054:0","cty-e374-n3777:la-e374-n3777:facade:452188871054:3"],"receiver_count":2,"periods":{"D":{"min":52.599255,"max":52.628506,"receiver_count":2,"unavailable_count":0},"E":{"min":50.380764,"max":50.410015,"receiver_count":2,"unavailable_count":0},"N":{"min":45.609554,"max":45.638805,"receiver_count":2,"unavailable_count":0}}}},{"type":"Feature","id":"dpw:453035869169@374688,3777187","geometry":{"type":"Polygon","coordinates":[[[-118.35896868795534,34.127988398549554],[-118.35889260913514,34.12803135454934],[-118.35893472761501,34.12808250431421],[-118.3589665361627,34.128064411596434],[-118.35895849791787,34.12805462586065],[-118.35900256888644,34.128029544073904],[-118.35896868795534,34.127988398549554]]]},"properties":{"building_pk":8669,"building_key":"dpw:453035869169@374688,3777187","source_tile":"cty-e374-n3777","source_tile_ids":["cty-e374-n3777"],"source_bld_id":"453035869169","height_m":3.892,"receiver_ids":[3337,3338,3339,3340],"receiver_keys":["cty-e374-n3777:la-e374-n3777:facade:453035869169:0","cty-e374-n3777:la-e374-n3777:facade:453035869169:1","cty-e374-n3777:la-e374-n3777:facade:453035869169:2","cty-e374-n3777:la-e374-n3777:facade:453035869169:3"],"receiver_count":4,"periods":{"D":{"min":52.368835,"max":53.946922,"receiver_count":4,"unavailable_count":0},"E":{"min":50.15035,"max":51.728436,"receiver_count":4,"unavailable_count":0},"N":{"min":45.379135,"max":46.957222,"receiver_count":4,"unavailable_count":0}}}},{"type":"Feature","id":"dpw:451302871310@374161,3777844","geometry":{"type":"Polygon","coordinates":[[[-118.36461846605845,34.13393962253859],[-118.36475126335445,34.13399733940215],[-118.36478805149292,34.133938780918484],[-118.36476278911859,34.1339277826868],[-118.36478129827977,34.13389829709633],[-118.36478795356794,34.13390118987441],[-118.3648077419271,34.133869694502245],[-118.36480198165857,34.13386718398],[-118.3648084137412,34.133856942053455],[-118.36470001754448,34.13380984114595],[-118.36461846605845,34.13393962253859]]]},"properties":{"building_pk":8675,"building_key":"dpw:451302871310@374161,3777844","source_tile":"cty-e374-n3777","source_tile_ids":["cty-e374-n3777"],"source_bld_id":"451302871310","height_m":6.834,"receiver_ids":[5447,5448,5449,5450,5451],"receiver_keys":["cty-e374-n3777:la-e374-n3777:facade:451302871310:2","cty-e374-n3777:la-e374-n3777:facade:451302871310:3","cty-e374-n3777:la-e374-n3777:facade:451302871310:4","cty-e374-n3777:la-e374-n3777:facade:451302871310:5","cty-e374-n3777:la-e374-n3777:facade:451302871310:6"],"receiver_count":5,"periods":{"D":{"min":50.18859,"max":63.325443,"receiver_count":5,"unavailable_count":0},"E":{"min":47.970104,"max":61.106956,"receiver_count":5,"unavailable_count":0},"N":{"min":43.19889,"max":56.335743,"receiver_count":5,"unavailable_count":0}}}},{"type":"Feature","id":"dpw:452550869747@374542,3777363","geometry":{"type":"Polygon","coordinates":[[[-118.36052441522874,34.129657753009155],[-118.36060879372762,34.12964675680321],[-118.36059486225227,34.12957296259952],[-118.3605373629058,34.12956680894863],[-118.36051586559306,34.129616947962354],[-118.36052441522874,34.129657753009155]]]},"properties":{"building_pk":8754,"building_key":"dpw:452550869747@374542,3777363","source_tile":"cty-e374-n3777","source_tile_ids":["cty-e374-n3777"],"source_bld_id":"452550869747","height_m":2.53,"receiver_ids":[3518,3519,3520,3521],"receiver_keys":["cty-e374-n3777:la-e374-n3777:facade:452550869747:0","cty-e374-n3777:la-e374-n3777:facade:452550869747:1","cty-e374-n3777:la-e374-n3777:facade:452550869747:2","cty-e374-n3777:la-e374-n3777:facade:452550869747:3"],"receiver_count":4,"periods":{"D":{"min":60.704315,"max":61.47136,"receiver_count":4,"unavailable_count":0},"E":{"min":58.48583,"max":59.252872,"receiver_count":4,"unavailable_count":0},"N":{"min":53.714615,"max":54.48166,"receiver_count":4,"unavailable_count":0}}}},{"type":"Feature","id":"dpw:451951869481@374363,3777282","geometry":{"type":"Polygon","coordinates":[[[-118.36259578644909,34.12884200231646],[-118.36252338602432,34.12883372882304],[-118.3625238597581,34.128828725682425],[-118.36249692362976,34.12882732254027],[-118.36249641890728,34.12883292980261],[-118.36248792502509,34.12883243328663],[-118.3624794509004,34.128767993492026],[-118.36241433655377,34.12880092981572],[-118.3624194409982,34.128842806167555],[-118.36242511908978,34.12884221215939],[-118.36243216599283,34.128912783975174],[-118.36243142892498,34.128918061971916],[-118.36243124411438,34.12893644573945],[-118.36253533441977,34.12893734253984],[-118.36253562643769,34.12891318772079],[-118.3625948747066,34.12891372491727],[-118.36259578644909,34.12884200231646]]]},"properties":{"building_pk":8755,"building_key":"dpw:451951869481@374363,3777282","source_tile":"cty-e374-n3777","source_tile_ids":["cty-e374-n3777"],"source_bld_id":"451951869481","height_m":7.952,"receiver_ids":[4008,4009,4010,4011,4012,4013],"receiver_keys":["cty-e374-n3777:la-e374-n3777:facade:451951869481:0","cty-e374-n3777:la-e374-n3777:facade:451951869481:1","cty-e374-n3777:la-e374-n3777:facade:451951869481:2","cty-e374-n3777:la-e374-n3777:facade:451951869481:3","cty-e374-n3777:la-e374-n3777:facade:451951869481:4","cty-e374-n3777:la-e374-n3777:facade:451951869481:6"],"receiver_count":6,"periods":{"D":{"min":56.811874,"max":58.820736,"receiver_count":6,"unavailable_count":0},"E":{"min":54.593388,"max":56.60225,"receiver_count":6,"unavailable_count":0},"N":{"min":49.822174,"max":51.831036,"receiver_count":6,"unavailable_count":0}}}},{"type":"Feature","id":"dpw:451803871521@374320,3777906","geometry":{"type":"Polygon","coordinates":[[[-118.36310992946756,34.13439987269795],[-118.36294091381637,34.134455997833584],[-118.36298746635343,34.13455296787879],[-118.36315648216944,34.13449684267797],[-118.36310992946756,34.13439987269795]]]},"properties":{"building_pk":8758,"building_key":"dpw:451803871521@374320,3777906","source_tile":"cty-e374-n3777","source_tile_ids":["cty-e374-n3777"],"source_bld_id":"451803871521","height_m":5.389,"receiver_ids":[5437,5438,5439,5440,5441,5442],"receiver_keys":["cty-e374-n3777:la-e374-n3777:facade:451803871521:0","cty-e374-n3777:la-e374-n3777:facade:451803871521:1","cty-e374-n3777:la-e374-n3777:facade:451803871521:2","cty-e374-n3777:la-e374-n3777:facade:451803871521:3","cty-e374-n3777:la-e374-n3777:facade:451803871521:4","cty-e374-n3777:la-e374-n3777:facade:451803871521:5"],"receiver_count":6,"periods":{"D":{"min":51.92413,"max":66.39532,"receiver_count":6,"unavailable_count":0},"E":{"min":49.70564,"max":64.176834,"receiver_count":6,"unavailable_count":0},"N":{"min":44.93443,"max":59.40562,"receiver_count":6,"unavailable_count":0}}}},{"type":"Feature","id":"dpw:451729870315@374299,3777541","geometry":{"type":"Polygon","coordinates":[[[-118.36329852934219,34.1311435141948],[-118.36310327504198,34.1312166745168],[-118.36310430432474,34.13121852408072],[-118.3632443094901,34.131164601789365],[-118.36325836441571,34.1311898674624],[-118.36331269780429,34.13116895802436],[-118.36329852934219,34.1311435141948]]]},"properties":{"building_pk":8764,"building_key":"dpw:451729870315@374299,3777541","source_tile":"cty-e374-n3777","source_tile_ids":["cty-e374-n3777"],"source_bld_id":"451729870315","height_m":8.65,"receiver_ids":[4315,4316,4317],"receiver_keys":["cty-e374-n3777:la-e374-n3777:facade:451729870315:2","cty-e374-n3777:la-e374-n3777:facade:451729870315:3","cty-e374-n3777:la-e374-n3777:facade:451729870315:4"],"receiver_count":3,"periods":{"D":{"min":61.656532,"max":61.84357,"receiver_count":3,"unavailable_count":0},"E":{"min":59.438046,"max":59.625084,"receiver_count":3,"unavailable_count":0},"N":{"min":54.666832,"max":54.85387,"receiver_count":3,"unavailable_count":0}}}},{"type":"Feature","id":"dpw:2014102391320000@374005,3777756","geometry":{"type":"Polygon","coordinates":[[[-118.36667585396458,34.1331062696816],[-118.36663474605051,34.133028881220824],[-118.36655667415394,34.133057558749336],[-118.36654270445415,34.13303126003622],[-118.3665244539779,34.13303796420391],[-118.36650946107623,34.13300973840132],[-118.3664962351359,34.133014596310446],[-118.36648742196424,34.132998005020745],[-118.36644030799869,34.133015310394974],[-118.36642954134159,34.13299504224912],[-118.36641755583936,34.132999444719864],[-118.36641070821237,34.132986554581926],[-118.36638811078292,34.132994855002714],[-118.36639151710828,34.13300126812087],[-118.36635512113301,34.13301463732356],[-118.36635820278501,34.13302043928385],[-118.36632616890189,34.133032205849226],[-118.36636690375474,34.133108891445275],[-118.36629695301423,34.13313458535021],[-118.36630494955514,34.13314963750216],[-118.3662950552413,34.133153271825734],[-118.36630633677454,34.13317451027901],[-118.36631428924717,34.13317158954483],[-118.36631878655284,34.133180054860595],[-118.36637351322766,34.13315995333623],[-118.36638216898169,34.133176249407605],[-118.3664098960012,34.13316606455517],[-118.36642357708989,34.13319182143402],[-118.3664497356982,34.133182212900564],[-118.36645231559709,34.13318707066847],[-118.36655117424442,34.133150759076926],[-118.36654936175528,34.13314734685067],[-118.36660653459471,34.13312634618375],[-118.36660892757124,34.13313085291624],[-118.36667585396458,34.1331062696816]]]},"properties":{"building_pk":8797,"building_key":"dpw:2014102391320000@374005,3777756","source_tile":"cty-e374-n3777","source_tile_ids":["cty-e374-n3777"],"source_bld_id":"2014102391320000","height_m":5.852,"receiver_ids":[6362,6363,6364,6365,6366,6367,6368,6369,6370,6371,6372],"receiver_keys":["cty-e374-n3777:la-e374-n3777:facade:2014102391320000:0","cty-e374-n3777:la-e374-n3777:facade:2014102391320000:1","cty-e374-n3777:la-e374-n3777:facade:2014102391320000:10","cty-e374-n3777:la-e374-n3777:facade:2014102391320000:11","cty-e374-n3777:la-e374-n3777:facade:2014102391320000:2","cty-e374-n3777:la-e374-n3777:facade:2014102391320000:4","cty-e374-n3777:la-e374-n3777:facade:2014102391320000:5","cty-e374-n3777:la-e374-n3777:facade:2014102391320000:6","cty-e374-n3777:la-e374-n3777:facade:2014102391320000:7","cty-e374-n3777:la-e374-n3777:facade:2014102391320000:8","cty-e374-n3777:la-e374-n3777:facade:2014102391320000:9"],"receiver_count":11,"periods":{"D":{"min":57.127632,"max":62.54471,"receiver_count":11,"unavailable_count":0},"E":{"min":54.909145,"max":60.32622,"receiver_count":11,"unavailable_count":0},"N":{"min":50.13793,"max":55.555008,"receiver_count":11,"unavailable_count":0}}}},{"type":"Feature","id":"dpw:2014102429230000@374033,3777599","geometry":{"type":"Polygon","coordinates":[[[-118.3660709751282,34.131614324868146],[-118.36605770358281,34.131603525895194],[-118.36596733274841,34.13168035525787],[-118.3660416504188,34.131740830634385],[-118.36603434137477,34.131747063448174],[-118.3661078962976,34.131806882071416],[-118.36619141897766,34.13173581613335],[-118.36619566438061,34.131739265169394],[-118.36625472601555,34.131689074426774],[-118.36618574714653,34.131632951850115],[-118.36612182216408,34.131580938453055],[-118.36609689101809,34.1316021261312],[-118.3660909842115,34.131597319902944],[-118.3660709751282,34.131614324868146]]]},"properties":{"building_pk":8855,"building_key":"dpw:2014102429230000@374033,3777599","source_tile":"cty-e374-n3777","source_tile_ids":["cty-e374-n3777"],"source_bld_id":"2014102429230000","height_m":8.047,"receiver_ids":[6315,6316,6317,6318,6319,6320,6321,6322],"receiver_keys":["cty-e374-n3777:la-e374-n3777:facade:2014102429230000:0","cty-e374-n3777:la-e374-n3777:facade:2014102429230000:1","cty-e374-n3777:la-e374-n3777:facade:2014102429230000:2","cty-e374-n3777:la-e374-n3777:facade:2014102429230000:3","cty-e374-n3777:la-e374-n3777:facade:2014102429230000:4","cty-e374-n3777:la-e374-n3777:facade:2014102429230000:5","cty-e374-n3777:la-e374-n3777:facade:2014102429230000:6","cty-e374-n3777:la-e374-n3777:facade:2014102429230000:7"],"receiver_count":8,"periods":{"D":{"min":52.23821,"max":55.07561,"receiver_count":8,"unavailable_count":0},"E":{"min":50.01972,"max":52.857124,"receiver_count":8,"unavailable_count":0},"N":{"min":45.24851,"max":48.08591,"receiver_count":8,"unavailable_count":0}}}},{"type":"Feature","id":"dpw:2014102505520000@374656,3777398","geometry":{"type":"Polygon","coordinates":[[[-118.35927517378244,34.129837147679076],[-118.35927733708219,34.12983221976629],[-118.35920372814769,34.12981202146081],[-118.35917229524173,34.12987932885171],[-118.35918407529998,34.129883140698986],[-118.35915775047502,34.12993955047106],[-118.35921367180715,34.12995763047317],[-118.35920754974309,34.12997072814483],[-118.35929047246096,34.12999749349652],[-118.35929679124914,34.12998401028023],[-118.3594277277553,34.130026295183875],[-118.35942199787635,34.130038568598216],[-118.35948440483232,34.13005874419247],[-118.35950722673162,34.13000990143846],[-118.35947867020509,34.13000058876289],[-118.35948728198319,34.12998234491998],[-118.35942030707602,34.12996050605438],[-118.35942381149792,34.12995307599597],[-118.35932027239043,34.12991928234854],[-118.35933628411797,34.1298853532393],[-118.35931484939599,34.12987836244386],[-118.35932640690851,34.12985385680511],[-118.35927517378244,34.129837147679076]]]},"properties":{"building_pk":8952,"building_key":"dpw:2014102505520000@374656,3777398","source_tile":"cty-e374-n3777","source_tile_ids":["cty-e374-n3777"],"source_bld_id":"2014102505520000","height_m":3.368,"receiver_ids":[3616,3617,3618,3619,3620,3621,3622,3623,3624,3625,3626],"receiver_keys":["cty-e374-n3777:la-e374-n3777:facade:2014102505520000:0","cty-e374-n3777:la-e374-n3777:facade:2014102505520000:1","cty-e374-n3777:la-e374-n3777:facade:2014102505520000:10","cty-e374-n3777:la-e374-n3777:facade:2014102505520000:2","cty-e374-n3777:la-e374-n3777:facade:2014102505520000:3","cty-e374-n3777:la-e374-n3777:facade:2014102505520000:4","cty-e374-n3777:la-e374-n3777:facade:2014102505520000:5","cty-e374-n3777:la-e374-n3777:facade:2014102505520000:6","cty-e374-n3777:la-e374-n3777:facade:2014102505520000:7","cty-e374-n3777:la-e374-n3777:facade:2014102505520000:8","cty-e374-n3777:la-e374-n3777:facade:2014102505520000:9"],"receiver_count":11,"periods":{"D":{"min":59.70555,"max":60.991272,"receiver_count":11,"unavailable_count":0},"E":{"min":57.487064,"max":58.772785,"receiver_count":11,"unavailable_count":0},"N":{"min":52.71585,"max":54.00157,"receiver_count":11,"unavailable_count":0}}}},{"type":"Feature","id":"dpw:2014102510770000@374098,3777526","geometry":{"type":"Polygon","coordinates":[[[-118.36526563435254,34.130912906932004],[-118.36526270649583,34.13094846694172],[-118.36524480098184,34.13094744731898],[-118.36523780252347,34.13103244903212],[-118.36530659763633,34.13103636656643],[-118.36530608389418,34.131042598632895],[-118.36534409736976,34.131044762824985],[-118.36534242655121,34.1310650605441],[-118.36539602822626,34.131068112496166],[-118.36539542496111,34.13107544019964],[-118.36541659453525,34.13107664556586],[-118.36541606848137,34.1310830354388],[-118.3654454675369,34.13108470906109],[-118.36544595855365,34.13107873670501],[-118.36546955066922,34.13108007988498],[-118.36547010861182,34.131073297747285],[-118.36548352258703,34.13107406135854],[-118.36548709065241,34.13103071915345],[-118.3654755407556,34.13103006079529],[-118.36547609872501,34.1310232849682],[-118.3654499290199,34.131021795420104],[-118.36545249957997,34.13099057467605],[-118.36547106550242,34.130991631938855],[-118.36547655868439,34.13092491610569],[-118.36526563435254,34.130912906932004]]]},"properties":{"building_pk":8981,"building_key":"dpw:2014102510770000@374098,3777526","source_tile":"cty-e374-n3777","source_tile_ids":["cty-e374-n3777"],"source_bld_id":"2014102510770000","height_m":9.144,"receiver_ids":[6280,6281,6282,6283,6284,6285],"receiver_keys":["cty-e374-n3777:la-e374-n3777:facade:2014102510770000:1","cty-e374-n3777:la-e374-n3777:facade:2014102510770000:2","cty-e374-n3777:la-e374-n3777:facade:2014102510770000:4","cty-e374-n3777:la-e374-n3777:facade:2014102510770000:6","cty-e374-n3777:la-e374-n3777:facade:2014102510770000:7","cty-e374-n3777:la-e374-n3777:facade:2014102510770000:8"],"receiver_count":6,"periods":{"D":{"min":43.850475,"max":57.760292,"receiver_count":6,"unavailable_count":0},"E":{"min":41.631985,"max":55.541805,"receiver_count":6,"unavailable_count":0},"N":{"min":36.860775,"max":50.77059,"receiver_count":6,"unavailable_count":0}}}},{"type":"Feature","id":"dpw:2014102510780000@374250,3777271","geometry":{"type":"Polygon","coordinates":[[[-118.36360504655075,34.12855306014435],[-118.3636023077894,34.12856494431261],[-118.36357054709366,34.128558210718055],[-118.36355053849104,34.1286061848175],[-118.36356451999595,34.12860966235892],[-118.36356036041855,34.12861741004645],[-118.36357877555965,34.12861508368676],[-118.36370921038089,34.12865417762994],[-118.36370379646267,34.12879645715328],[-118.36374016729522,34.128809773376446],[-118.3637402306646,34.12883430126723],[-118.3637084972884,34.12882465386299],[-118.3637145662687,34.128862572222644],[-118.3637247687631,34.128864329266975],[-118.36373601018079,34.12891126184209],[-118.36382456117418,34.128933366040805],[-118.36382176830523,34.12885709551244],[-118.36379847120371,34.128850652039155],[-118.36379836941117,34.12883025239589],[-118.3638306915334,34.128839417485864],[-118.3638312763543,34.12877676530578],[-118.36383507405857,34.12877654291494],[-118.36383684805605,34.128617485944254],[-118.36360504655075,34.12855306014435]]]},"properties":{"building_pk":8982,"building_key":"dpw:2014102510780000@374250,3777271","source_tile":"cty-e374-n3777","source_tile_ids":["cty-e374-n3777"],"source_bld_id":"2014102510780000","height_m":17.556,"receiver_ids":[4063,4064,4065,4066,4067,4068,4069,4070,4071,4072,4073,4074],"receiver_keys":["cty-e374-n3777:la-e374-n3777:facade:2014102510780000:0","cty-e374-n3777:la-e374-n3777:facade:2014102510780000:1","cty-e374-n3777:la-e374-n3777:facade:2014102510780000:10","cty-e374-n3777:la-e374-n3777:facade:2014102510780000:12","cty-e374-n3777:la-e374-n3777:facade:2014102510780000:13","cty-e374-n3777:la-e374-n3777:facade:2014102510780000:2","cty-e374-n3777:la-e374-n3777:facade:2014102510780000:3","cty-e374-n3777:la-e374-n3777:facade:2014102510780000:4","cty-e374-n3777:la-e374-n3777:facade:2014102510780000:5","cty-e374-n3777:la-e374-n3777:facade:2014102510780000:6","cty-e374-n3777:la-e374-n3777:facade:2014102510780000:7","cty-e374-n3777:la-e374-n3777:facade:2014102510780000:9"],"receiver_count":12,"periods":{"D":{"min":52.32352,"max":57.134327,"receiver_count":12,"unavailable_count":0},"E":{"min":50.105034,"max":54.915836,"receiver_count":12,"unavailable_count":0},"N":{"min":45.33382,"max":50.144627,"receiver_count":12,"unavailable_count":0}}}},{"type":"Feature","id":"dpw:2014102511200000@374286,3777839","geometry":{"type":"Polygon","coordinates":[[[-118.36351921621511,34.13395340376406],[-118.36354247746607,34.13391588671574],[-118.36353207069781,34.133911424759326],[-118.36354602679071,34.13388891471164],[-118.36332976055523,34.13379619829532],[-118.36331768849867,34.13381567079029],[-118.36330567419994,34.13381051946362],[-118.36327911628278,34.13385335461636],[-118.36334477949086,34.13388150605158],[-118.36334619308572,34.133879226326165],[-118.36351921621511,34.13395340376406]]]},"properties":{"building_pk":9006,"building_key":"dpw:2014102511200000@374286,3777839","source_tile":"cty-e374-n3777","source_tile_ids":["cty-e374-n3777"],"source_bld_id":"2014102511200000","height_m":10.607,"receiver_ids":[5363,5364,5365,5366,5367,5368],"receiver_keys":["cty-e374-n3777:la-e374-n3777:facade:2014102511200000:0","cty-e374-n3777:la-e374-n3777:facade:2014102511200000:1","cty-e374-n3777:la-e374-n3777:facade:2014102511200000:2","cty-e374-n3777:la-e374-n3777:facade:2014102511200000:3","cty-e374-n3777:la-e374-n3777:facade:2014102511200000:4","cty-e374-n3777:la-e374-n3777:facade:2014102511200000:5"],"receiver_count":6,"periods":{"D":{"min":47.36516,"max":56.08336,"receiver_count":6,"unavailable_count":0},"E":{"min":45.146675,"max":53.864872,"receiver_count":6,"unavailable_count":0},"N":{"min":40.37546,"max":49.093662,"receiver_count":6,"unavailable_count":0}}}},{"type":"Feature","id":"dpw:2014102511210000@374290,3777861","geometry":{"type":"Polygon","coordinates":[[[-118.3633466542579,34.13409255715635],[-118.36334743848717,34.13409339232578],[-118.3633426329457,34.13409651436443],[-118.36335328644383,34.13410785070748],[-118.36335766494517,34.134105005821986],[-118.36336359565543,34.13411131587404],[-118.36338733036581,34.13409589317322],[-118.36339650037368,34.13410565087528],[-118.36344034589375,34.13407716124642],[-118.36339368657188,34.134027507901294],[-118.36339133191343,34.134029037673955],[-118.36335137341959,34.13398651514995],[-118.36328657275094,34.134028621415645],[-118.3633466542579,34.13409255715635]]]},"properties":{"building_pk":9007,"building_key":"dpw:2014102511210000@374290,3777861","source_tile":"cty-e374-n3777","source_tile_ids":["cty-e374-n3777"],"source_bld_id":"2014102511210000","height_m":10.607,"receiver_ids":[5375,5376],"receiver_keys":["cty-e374-n3777:la-e374-n3777:facade:2014102511210000:0","cty-e374-n3777:la-e374-n3777:facade:2014102511210000:1"],"receiver_count":2,"periods":{"D":{"min":56.64884,"max":56.91256,"receiver_count":2,"unavailable_count":0},"E":{"min":54.430355,"max":54.694073,"receiver_count":2,"unavailable_count":0},"N":{"min":49.65914,"max":49.92286,"receiver_count":2,"unavailable_count":0}}}},{"type":"Feature","id":"dpw:2014102511220000@374300,3777841","geometry":{"type":"Polygon","coordinates":[[[-118.363272145404,34.13401207110692],[-118.36336688375508,34.13395017179375],[-118.36335072804266,34.13393307495],[-118.3633566989162,34.133929174087264],[-118.3633208585802,34.13389124331759],[-118.36328896960488,34.133912078992],[-118.36321952729523,34.133838588026194],[-118.3632045920049,34.133848346049916],[-118.36319775092744,34.13384110653755],[-118.36318218103746,34.13385128027022],[-118.36317688222809,34.13384567331187],[-118.36313856937825,34.13387070596358],[-118.363272145404,34.13401207110692]]]},"properties":{"building_pk":9008,"building_key":"dpw:2014102511220000@374300,3777841","source_tile":"cty-e374-n3777","source_tile_ids":["cty-e374-n3777"],"source_bld_id":"2014102511220000","height_m":10.607,"receiver_ids":[5369,5370,5371],"receiver_keys":["cty-e374-n3777:la-e374-n3777:facade:2014102511220000:1","cty-e374-n3777:la-e374-n3777:facade:2014102511220000:3","cty-e374-n3777:la-e374-n3777:facade:2014102511220000:4"],"receiver_count":3,"periods":{"D":{"min":44.849197,"max":51.23385,"receiver_count":3,"unavailable_count":0},"E":{"min":42.63071,"max":49.015358,"receiver_count":3,"unavailable_count":0},"N":{"min":37.859497,"max":44.24415,"receiver_count":3,"unavailable_count":0}}}},{"type":"Feature","id":"dpw:2014102511240000@374311,3777865","geometry":{"type":"Polygon","coordinates":[[[-118.36311619661258,34.13402917661559],[-118.36305151718587,34.13407127517842],[-118.36312641217962,34.134150840636934],[-118.36314973925398,34.13413565721289],[-118.36315794850073,34.13414437834864],[-118.36319930087464,34.13411746226535],[-118.36311619661258,34.13402917661559]]]},"properties":{"building_pk":9010,"building_key":"dpw:2014102511240000@374311,3777865","source_tile":"cty-e374-n3777","source_tile_ids":["cty-e374-n3777"],"source_bld_id":"2014102511240000","height_m":10.607,"receiver_ids":[5502,5503],"receiver_keys":["cty-e374-n3777:la-e374-n3777:facade:2014102511240000:1","cty-e374-n3777:la-e374-n3777:facade:2014102511240000:2"],"receiver_count":2,"periods":{"D":{"min":56.972237,"max":59.465664,"receiver_count":2,"unavailable_count":0},"E":{"min":54.75375,"max":57.247177,"receiver_count":2,"unavailable_count":0},"N":{"min":49.982536,"max":52.475967,"receiver_count":2,"unavailable_count":0}}}},{"type":"Feature","id":"dpw:2014102511250000@374325,3777845","geometry":{"type":"Polygon","coordinates":[[[-118.36303886289794,34.134056566763434],[-118.36310494777118,34.134013805864456],[-118.36295975495578,34.133858645860684],[-118.36294367539817,34.13386905098444],[-118.36293970085016,34.13386480406322],[-118.3628896966681,34.133897159753865],[-118.36303886289794,34.134056566763434]]]},"properties":{"building_pk":9011,"building_key":"dpw:2014102511250000@374325,3777845","source_tile":"cty-e374-n3777","source_tile_ids":["cty-e374-n3777"],"source_bld_id":"2014102511250000","height_m":10.607,"receiver_ids":[5377,5378,5379,5380],"receiver_keys":["cty-e374-n3777:la-e374-n3777:facade:2014102511250000:3","cty-e374-n3777:la-e374-n3777:facade:2014102511250000:4","cty-e374-n3777:la-e374-n3777:facade:2014102511250000:5","cty-e374-n3777:la-e374-n3777:facade:2014102511250000:6"],"receiver_count":4,"periods":{"D":{"min":49.95634,"max":53.767822,"receiver_count":4,"unavailable_count":0},"E":{"min":47.737854,"max":51.549335,"receiver_count":4,"unavailable_count":0},"N":{"min":42.96664,"max":46.778122,"receiver_count":4,"unavailable_count":0}}}},{"type":"Feature","id":"dpw:2014102511260000@374313,3777845","geometry":{"type":"Polygon","coordinates":[[[-118.36315464388191,34.13403206953964],[-118.36322086672372,34.133988393103785],[-118.36307444384842,34.13383487682702],[-118.36300822105173,34.13387855318246],[-118.36315464388191,34.13403206953964]]]},"properties":{"building_pk":9012,"building_key":"dpw:2014102511260000@374313,3777845","source_tile":"cty-e374-n3777","source_tile_ids":["cty-e374-n3777"],"source_bld_id":"2014102511260000","height_m":10.607,"receiver_ids":[5372,5373],"receiver_keys":["cty-e374-n3777:la-e374-n3777:facade:2014102511260000:2","cty-e374-n3777:la-e374-n3777:facade:2014102511260000:3"],"receiver_count":2,"periods":{"D":{"min":50.353127,"max":52.86683,"receiver_count":2,"unavailable_count":0},"E":{"min":48.13464,"max":50.648342,"receiver_count":2,"unavailable_count":0},"N":{"min":43.363426,"max":45.87713,"receiver_count":2,"unavailable_count":0}}}},{"type":"Feature","id":"dpw:2014102511310000@374282,3777851","geometry":{"type":"Polygon","coordinates":[[[-118.36348071876596,34.134066114140005],[-118.36351391836786,34.13402779639915],[-118.3635085496918,34.1340245796367],[-118.36353567698353,34.133993268855946],[-118.3634868252256,34.13396400135701],[-118.36348583816904,34.1339651402602],[-118.36346727555167,34.13395401883655],[-118.36346575317978,34.133955716498356],[-118.36346271723153,34.13395315625],[-118.36345923366505,34.13395087772512],[-118.36345536352192,34.13394895646916],[-118.36345119272823,34.13394745623268],[-118.36344682121762,34.13394642089053],[-118.36344236399223,34.133945869029155],[-118.36343793271145,34.13394579850968],[-118.36343363349631,34.13394618016391],[-118.36341634702417,34.13393582390568],[-118.36337570187713,34.13398273490285],[-118.36340477681365,34.13400015351839],[-118.36340067432373,34.13400488809637],[-118.36341351391013,34.13401258016502],[-118.36341074907492,34.13401577180015],[-118.36343628151481,34.1340310689262],[-118.36343147783987,34.13403661338951],[-118.36348071876596,34.134066114140005]]]},"properties":{"building_pk":9014,"building_key":"dpw:2014102511310000@374282,3777851","source_tile":"cty-e374-n3777","source_tile_ids":["cty-e374-n3777"],"source_bld_id":"2014102511310000","height_m":10.607,"receiver_ids":[5374],"receiver_keys":["cty-e374-n3777:la-e374-n3777:facade:2014102511310000:0"],"receiver_count":1,"periods":{"D":{"min":57.314648,"max":57.314648,"receiver_count":1,"unavailable_count":0},"E":{"min":55.096157,"max":55.096157,"receiver_count":1,"unavailable_count":0},"N":{"min":50.324947,"max":50.324947,"receiver_count":1,"unavailable_count":0}}}},{"type":"Feature","id":"dpw:2014102525920000@374116,3777323","geometry":{"type":"Polygon","coordinates":[[[-118.36513035680574,34.12917003217582],[-118.36513159099604,34.12915649278992],[-118.36511871230664,34.12915659119495],[-118.36498111301536,34.12910897113845],[-118.36496332549179,34.12914158831879],[-118.3649746225597,34.12921972006044],[-118.36512505421439,34.12927073801628],[-118.36515315749088,34.12925264223843],[-118.36529663885467,34.12925398291818],[-118.36529715241286,34.129215958194436],[-118.365312393337,34.12921610055342],[-118.36531265294936,34.12919686910977],[-118.36529609804415,34.12919671449429],[-118.36529643703858,34.12917158406234],[-118.36513035680574,34.12917003217582]]]},"properties":{"building_pk":9015,"building_key":"dpw:2014102525920000@374116,3777323","source_tile":"cty-e374-n3777","source_tile_ids":["cty-e374-n3777"],"source_bld_id":"2014102525920000","height_m":8.364,"receiver_ids":[6252,6253,6254,6255,6256,6257,6258,6259,6260],"receiver_keys":["cty-e374-n3777:la-e374-n3777:facade:2014102525920000:0","cty-e374-n3777:la-e374-n3777:facade:2014102525920000:1","cty-e374-n3777:la-e374-n3777:facade:2014102525920000:2","cty-e374-n3777:la-e374-n3777:facade:2014102525920000:3","cty-e374-n3777:la-e374-n3777:facade:2014102525920000:4","cty-e374-n3777:la-e374-n3777:facade:2014102525920000:5","cty-e374-n3777:la-e374-n3777:facade:2014102525920000:6","cty-e374-n3777:la-e374-n3777:facade:2014102525920000:7","cty-e374-n3777:la-e374-n3777:facade:2014102525920000:8"],"receiver_count":9,"periods":{"D":{"min":58.322254,"max":58.614056,"receiver_count":9,"unavailable_count":0},"E":{"min":56.103767,"max":56.395565,"receiver_count":9,"unavailable_count":0},"N":{"min":51.332554,"max":51.624355,"receiver_count":9,"unavailable_count":0}}}},{"type":"Feature","id":"dpw:2014102525930000@374279,3777280","geometry":{"type":"Polygon","coordinates":[[[-118.36348879645513,34.12878726093632],[-118.3634340726952,34.12875093222916],[-118.36331561865602,34.128874320010254],[-118.36337034679724,34.12891065236421],[-118.36348879645513,34.12878726093632]]]},"properties":{"building_pk":9016,"building_key":"dpw:2014102525930000@374279,3777280","source_tile":"cty-e374-n3777","source_tile_ids":["cty-e374-n3777"],"source_bld_id":"2014102525930000","height_m":6.102,"receiver_ids":[4075,4076,4077,4078,4079],"receiver_keys":["cty-e374-n3777:la-e374-n3777:facade:2014102525930000:0","cty-e374-n3777:la-e374-n3777:facade:2014102525930000:1","cty-e374-n3777:la-e374-n3777:facade:2014102525930000:2","cty-e374-n3777:la-e374-n3777:facade:2014102525930000:3","cty-e374-n3777:la-e374-n3777:facade:2014102525930000:4"],"receiver_count":5,"periods":{"D":{"min":40.283314,"max":52.343502,"receiver_count":5,"unavailable_count":0},"E":{"min":38.064827,"max":50.12501,"receiver_count":5,"unavailable_count":0},"N":{"min":33.293613,"max":45.3538,"receiver_count":5,"unavailable_count":0}}}},{"type":"Feature","id":"dpw:2014102525940000@374560,3777477","geometry":{"type":"Polygon","coordinates":[[[-118.3602747178056,34.13049096738451],[-118.3602158270128,34.1305225686282],[-118.36024987640043,34.13056644856742],[-118.36026742131732,34.13055703382816],[-118.36033078340081,34.130638690869695],[-118.3603377035888,34.13063497664864],[-118.36036581380571,34.130671203995774],[-118.36035741828373,34.13067570875594],[-118.36038919478891,34.13071666003255],[-118.36039836907447,34.13071173643881],[-118.36040479459353,34.13072001862023],[-118.36041232265762,34.13071597893106],[-118.36042107897134,34.13072726258622],[-118.36044256531937,34.13071573278629],[-118.36044746458711,34.13072204695674],[-118.36048775378018,34.13070042878847],[-118.36047271692723,34.130681049146176],[-118.36049925332765,34.130666809585605],[-118.36045437828847,34.130608976477355],[-118.36042848438046,34.13062287152866],[-118.3603656476787,34.13054189182805],[-118.36032934645425,34.130561370443445],[-118.3602747178056,34.13049096738451]]]},"properties":{"building_pk":9017,"building_key":"dpw:2014102525940000@374560,3777477","source_tile":"cty-e374-n3777","source_tile_ids":["cty-e374-n3777"],"source_bld_id":"2014102525940000","height_m":4.496,"receiver_ids":[4667,4668,4669,4670,4671,4672,4673],"receiver_keys":["cty-e374-n3777:la-e374-n3777:facade:2014102525940000:0","cty-e374-n3777:la-e374-n3777:facade:2014102525940000:2","cty-e374-n3777:la-e374-n3777:facade:2014102525940000:3","cty-e374-n3777:la-e374-n3777:facade:2014102525940000:4","cty-e374-n3777:la-e374-n3777:facade:2014102525940000:5","cty-e374-n3777:la-e374-n3777:facade:2014102525940000:7","cty-e374-n3777:la-e374-n3777:facade:2014102525940000:8"],"receiver_count":7,"periods":{"D":{"min":57.57017,"max":62.16982,"receiver_count":7,"unavailable_count":0},"E":{"min":55.351685,"max":59.951332,"receiver_count":7,"unavailable_count":0},"N":{"min":50.58047,"max":55.18012,"receiver_count":7,"unavailable_count":0}}}},{"type":"Feature","id":"dpw:2014102525950000@374582,3777448","geometry":{"type":"Polygon","coordinates":[[[-118.36013929441859,34.13026457794942],[-118.3600233648034,34.13032504130423],[-118.36005053397372,34.13036106507505],[-118.36005958985103,34.13035634200059],[-118.3600974357052,34.130406522323845],[-118.36006545347381,34.13042320314947],[-118.36009695027253,34.13046496401261],[-118.36010584282398,34.13046032616561],[-118.36010946495273,34.1304651286731],[-118.36016276723777,34.130437328779855],[-118.36017509033881,34.13045366845473],[-118.36023631377789,34.1304217366276],[-118.36019863466075,34.13037177852997],[-118.36021539321037,34.130363037785536],[-118.36020305594764,34.13034668102781],[-118.3602068548262,34.13034469985175],[-118.36017442249783,34.13030169768588],[-118.3601693039648,34.13030436705864],[-118.36013929441859,34.13026457794942]]]},"properties":{"building_pk":9018,"building_key":"dpw:2014102525950000@374582,3777448","source_tile":"cty-e374-n3777","source_tile_ids":["cty-e374-n3777"],"source_bld_id":"2014102525950000","height_m":6.017,"receiver_ids":[3644,3645,3646,3647,3648,3649,3650],"receiver_keys":["cty-e374-n3777:la-e374-n3777:facade:2014102525950000:0","cty-e374-n3777:la-e374-n3777:facade:2014102525950000:1","cty-e374-n3777:la-e374-n3777:facade:2014102525950000:2","cty-e374-n3777:la-e374-n3777:facade:2014102525950000:3","cty-e374-n3777:la-e374-n3777:facade:2014102525950000:5","cty-e374-n3777:la-e374-n3777:facade:2014102525950000:6","cty-e374-n3777:la-e374-n3777:facade:2014102525950000:7"],"receiver_count":7,"periods":{"D":{"min":57.80935,"max":59.091568,"receiver_count":7,"unavailable_count":0},"E":{"min":55.590862,"max":56.87308,"receiver_count":7,"unavailable_count":0},"N":{"min":50.81965,"max":52.10187,"receiver_count":7,"unavailable_count":0}}}},{"type":"Feature","id":"dpw:202000151611@374653,3776999","geometry":{"type":"Polygon","coordinates":[[[-118.35922920956858,34.12639402170829],[-118.35935068775751,34.126437910669374],[-118.35937557365618,34.12639027437071],[-118.35939875227976,34.12639864923285],[-118.35942620036371,34.1263461054596],[-118.35940069499253,34.12633689097957],[-118.359398041363,34.12634197090881],[-118.35933200710637,34.12631811337465],[-118.35934520859848,34.12629284014829],[-118.35931404541148,34.12628158156081],[-118.35931088749385,34.126287624925666],[-118.35927177445352,34.12627349332663],[-118.35923257195364,34.126320020894454],[-118.3591138252055,34.12632140602422],[-118.359113446829,34.126392809660146],[-118.35922920956858,34.12639402170829]]]},"properties":{"building_pk":9313,"building_key":"dpw:202000151611@374653,3776999","source_tile":"cty-e374-n3777","source_tile_ids":["cty-e374-n3777"],"source_bld_id":"202000151611","height_m":3.624,"receiver_ids":[3178,3179,3180,3181,3182,3183,3184,3185,3186],"receiver_keys":["cty-e374-n3777:la-e374-n3777:facade:202000151611:0","cty-e374-n3777:la-e374-n3777:facade:202000151611:1","cty-e374-n3777:la-e374-n3777:facade:202000151611:2","cty-e374-n3777:la-e374-n3777:facade:202000151611:3","cty-e374-n3777:la-e374-n3777:facade:202000151611:4","cty-e374-n3777:la-e374-n3777:facade:202000151611:5","cty-e374-n3777:la-e374-n3777:facade:202000151611:6","cty-e374-n3777:la-e374-n3777:facade:202000151611:7","cty-e374-n3777:la-e374-n3777:facade:202000151611:8"],"receiver_count":9,"periods":{"D":{"min":51.86692,"max":52.032063,"receiver_count":9,"unavailable_count":0},"E":{"min":49.648434,"max":49.813572,"receiver_count":9,"unavailable_count":0},"N":{"min":44.87722,"max":45.042362,"receiver_count":9,"unavailable_count":0}}}},{"type":"Feature","id":"dpw:202000151616@374100,3777026","geometry":{"type":"Polygon","coordinates":[[[-118.36530924141317,34.126574642880875],[-118.36538529901263,34.12658393590279],[-118.36539915634067,34.12650549736892],[-118.36533588353112,34.126497766840615],[-118.36533753068328,34.12648844539204],[-118.36532985898718,34.12648750844497],[-118.36533084282188,34.12648193758689],[-118.36515997107641,34.12646106049644],[-118.36514371428107,34.12655310050755],[-118.36530946884675,34.126573352095924],[-118.36530924141317,34.126574642880875]]]},"properties":{"building_pk":9316,"building_key":"dpw:202000151616@374100,3777026","source_tile":"cty-e374-n3777","source_tile_ids":["cty-e374-n3777"],"source_bld_id":"202000151616","height_m":5.7,"receiver_ids":[6138,6139,6140,6141,6142,6143,6144],"receiver_keys":["cty-e374-n3777:la-e374-n3777:facade:202000151616:0","cty-e374-n3777:la-e374-n3777:facade:202000151616:1","cty-e374-n3777:la-e374-n3777:facade:202000151616:2","cty-e374-n3777:la-e374-n3777:facade:202000151616:3","cty-e374-n3777:la-e374-n3777:facade:202000151616:4","cty-e374-n3777:la-e374-n3777:facade:202000151616:5","cty-e374-n3777:la-e374-n3777:facade:202000151616:6"],"receiver_count":7,"periods":{"D":{"min":39.82529,"max":49.483265,"receiver_count":7,"unavailable_count":0},"E":{"min":37.606804,"max":47.26478,"receiver_count":7,"unavailable_count":0},"N":{"min":32.83559,"max":42.493565,"receiver_count":7,"unavailable_count":0}}}},{"type":"Feature","id":"dpw:202000151630@374445,3777060","geometry":{"type":"Polygon","coordinates":[[[-118.36141961857011,34.126925441639685],[-118.36152364199415,34.12698540090222],[-118.36156165615964,34.12693980292102],[-118.36154344388669,34.12692930762997],[-118.36157072194145,34.126896622899665],[-118.3615763091037,34.12689984810777],[-118.36160832814011,34.12686148303521],[-118.36160285183372,34.12685832240751],[-118.36162998208691,34.12682581390537],[-118.36161270874031,34.12681584411556],[-118.36161599163923,34.126811911712515],[-118.36160112987045,34.12680333388915],[-118.36159761402783,34.1268075473663],[-118.36154379868614,34.12677648547074],[-118.36141961857011,34.126925441639685]]]},"properties":{"building_pk":9325,"building_key":"dpw:202000151630@374445,3777060","source_tile":"cty-e374-n3777","source_tile_ids":["cty-e374-n3777"],"source_bld_id":"202000151630","height_m":3.456,"receiver_ids":[2783,2784,2785,2786,2787,2788,2789],"receiver_keys":["cty-e374-n3777:la-e374-n3777:facade:202000151630:0","cty-e374-n3777:la-e374-n3777:facade:202000151630:1","cty-e374-n3777:la-e374-n3777:facade:202000151630:2","cty-e374-n3777:la-e374-n3777:facade:202000151630:3","cty-e374-n3777:la-e374-n3777:facade:202000151630:4","cty-e374-n3777:la-e374-n3777:facade:202000151630:5","cty-e374-n3777:la-e374-n3777:facade:202000151630:6"],"receiver_count":7,"periods":{"D":{"min":45.74012,"max":54.575058,"receiver_count":7,"unavailable_count":0},"E":{"min":43.521633,"max":52.35657,"receiver_count":7,"unavailable_count":0},"N":{"min":38.75042,"max":47.58536,"receiver_count":7,"unavailable_count":0}}}},{"type":"Feature","id":"dpw:202000151660@374101,3777166","geometry":{"type":"Polygon","coordinates":[[[-118.36516679689733,34.12779503412995],[-118.36516790927925,34.12782334980904],[-118.36543257965394,34.12781616342466],[-118.3654435084079,34.12776981759107],[-118.36544322170747,34.12776251151092],[-118.36523875971466,34.127726373007114],[-118.36516679689733,34.12779503412995]]]},"properties":{"building_pk":9343,"building_key":"dpw:202000151660@374101,3777166","source_tile":"cty-e374-n3777","source_tile_ids":["cty-e374-n3777"],"source_bld_id":"202000151660","height_m":5.121,"receiver_ids":[6183,6184,6185,6186,6187,6188,6189],"receiver_keys":["cty-e374-n3777:la-e374-n3777:facade:202000151660:0","cty-e374-n3777:la-e374-n3777:facade:202000151660:1","cty-e374-n3777:la-e374-n3777:facade:202000151660:2","cty-e374-n3777:la-e374-n3777:facade:202000151660:3","cty-e374-n3777:la-e374-n3777:facade:202000151660:4","cty-e374-n3777:la-e374-n3777:facade:202000151660:5","cty-e374-n3777:la-e374-n3777:facade:202000151660:6"],"receiver_count":7,"periods":{"D":{"min":46.479115,"max":50.23862,"receiver_count":7,"unavailable_count":0},"E":{"min":44.260628,"max":48.020134,"receiver_count":7,"unavailable_count":0},"N":{"min":39.489414,"max":43.24892,"receiver_count":7,"unavailable_count":0}}}},{"type":"Feature","id":"dpw:202000151664@374412,3777168","geometry":{"type":"Polygon","coordinates":[[[-118.36187339522175,34.127906922687146],[-118.36193306959439,34.12792666794941],[-118.3619480752115,34.12789530637308],[-118.36195477686711,34.12789752391594],[-118.36197519187483,34.12785485620676],[-118.36199465522046,34.12786129618587],[-118.36200564376827,34.12783832911114],[-118.36199855237287,34.127835982917226],[-118.36201564006033,34.127800270596644],[-118.36200204894466,34.12779577297232],[-118.36201979733525,34.127758675716706],[-118.36195643406138,34.127737709145435],[-118.36193897571079,34.127774196986564],[-118.36193377333097,34.12777247530563],[-118.3619200344036,34.1278011897849],[-118.36191032770903,34.127797977828855],[-118.36189580340259,34.127828331845585],[-118.36190431047027,34.12783114711292],[-118.3619009659873,34.127838138618564],[-118.3619042815291,34.12783923577704],[-118.36188748387401,34.12787434408608],[-118.36188877795513,34.127874772047115],[-118.36187339522175,34.127906922687146]]]},"properties":{"building_pk":9347,"building_key":"dpw:202000151664@374412,3777168","source_tile":"cty-e374-n3777","source_tile_ids":["cty-e374-n3777"],"source_bld_id":"202000151664","height_m":8.257,"receiver_ids":[3950,3951,3952,3953,3954,3955,3956],"receiver_keys":["cty-e374-n3777:la-e374-n3777:facade:202000151664:0","cty-e374-n3777:la-e374-n3777:facade:202000151664:1","cty-e374-n3777:la-e374-n3777:facade:202000151664:2","cty-e374-n3777:la-e374-n3777:facade:202000151664:3","cty-e374-n3777:la-e374-n3777:facade:202000151664:4","cty-e374-n3777:la-e374-n3777:facade:202000151664:5","cty-e374-n3777:la-e374-n3777:facade:202000151664:6"],"receiver_count":7,"periods":{"D":{"min":42.96999,"max":50.633507,"receiver_count":7,"unavailable_count":0},"E":{"min":40.7515,"max":48.41502,"receiver_count":7,"unavailable_count":0},"N":{"min":35.98029,"max":43.643806,"receiver_count":7,"unavailable_count":0}}}},{"type":"Feature","id":"dpw:202000151676@374579,3777185","geometry":{"type":"Polygon","coordinates":[[[-118.36013404303047,34.12820830543112],[-118.36017037391771,34.128219085022224],[-118.3602187951208,34.12812206982893],[-118.36021051728575,34.12811961347256],[-118.36023536433254,34.128061701408335],[-118.3602428834167,34.128063932837435],[-118.36026918260698,34.12800263658145],[-118.36020026154401,34.12798218690947],[-118.36019037852981,34.12800521904084],[-118.36015032998627,34.127993336235534],[-118.36017941658967,34.127925541539256],[-118.36011161473377,34.12790542385317],[-118.36011873827404,34.12788882068618],[-118.360070001531,34.12786023124002],[-118.36007703276611,34.12784384201438],[-118.36003492710736,34.12778774948856],[-118.35998790756389,34.12789734136128],[-118.36003213944782,34.12791046579535],[-118.36000409061418,34.12797583944658],[-118.36006300031407,34.127993320546516],[-118.36001940348464,34.12809493446455],[-118.36012790969603,34.128127130511565],[-118.36009770780855,34.128197524038995],[-118.36013404303047,34.12820830543112]]]},"properties":{"building_pk":9356,"building_key":"dpw:202000151676@374579,3777185","source_tile":"cty-e374-n3777","source_tile_ids":["cty-e374-n3777"],"source_bld_id":"202000151676","height_m":4.767,"receiver_ids":[3239,3240,3241,3242,3243,3244,3245,3246,3247,3248,3249,3250,3251],"receiver_keys":["cty-e374-n3777:la-e374-n3777:facade:202000151676:0","cty-e374-n3777:la-e374-n3777:facade:202000151676:10","cty-e374-n3777:la-e374-n3777:facade:202000151676:11","cty-e374-n3777:la-e374-n3777:facade:202000151676:12","cty-e374-n3777:la-e374-n3777:facade:202000151676:13","cty-e374-n3777:la-e374-n3777:facade:202000151676:14","cty-e374-n3777:la-e374-n3777:facade:202000151676:3","cty-e374-n3777:la-e374-n3777:facade:202000151676:4","cty-e374-n3777:la-e374-n3777:facade:202000151676:5","cty-e374-n3777:la-e374-n3777:facade:202000151676:6","cty-e374-n3777:la-e374-n3777:facade:202000151676:7","cty-e374-n3777:la-e374-n3777:facade:202000151676:8","cty-e374-n3777:la-e374-n3777:facade:202000151676:9"],"receiver_count":13,"periods":{"D":{"min":54.945087,"max":59.751564,"receiver_count":13,"unavailable_count":0},"E":{"min":52.7266,"max":57.533077,"receiver_count":13,"unavailable_count":0},"N":{"min":47.955387,"max":52.761864,"receiver_count":13,"unavailable_count":0}}}},{"type":"Feature","id":"dpw:202000151677@374072,3777203","geometry":{"type":"Polygon","coordinates":[[[-118.36563461107636,34.12818358276642],[-118.36566250380456,34.12820618463231],[-118.36570147330357,34.12817292627974],[-118.36574105276203,34.12820499856073],[-118.36580544346863,34.12815004442263],[-118.36579092483443,34.1281382800464],[-118.3658120182845,34.12812027745091],[-118.36580407519484,34.128113841085266],[-118.36583245143744,34.128089623796114],[-118.36577616987783,34.12804401774978],[-118.36574292043242,34.12807239413148],[-118.36571467414542,34.12804950576412],[-118.36569699041712,34.12806459688435],[-118.36567281848903,34.128045009323884],[-118.36568831834853,34.12803178197809],[-118.36566557163758,34.1280133494792],[-118.36572627301531,34.12796035746779],[-118.36564395064481,34.127893650372776],[-118.3654191790724,34.128086665557205],[-118.36544075294444,34.12810414692205],[-118.3654294112567,34.1281138258414],[-118.36543499007337,34.128131455635014],[-118.36545681419192,34.128149140889064],[-118.36547732965482,34.12815463772704],[-118.3654929818483,34.12814127922307],[-118.36550258838592,34.12814906468568],[-118.36553579150169,34.12812072817805],[-118.36556805445127,34.12814687160442],[-118.36557840895115,34.128138034086014],[-118.36559576817729,34.12815210053186],[-118.36558884501656,34.12815800940204],[-118.36562769115224,34.128189488022905],[-118.36563461107636,34.12818358276642]]]},"properties":{"building_pk":9357,"building_key":"dpw:202000151677@374072,3777203","source_tile":"cty-e374-n3777","source_tile_ids":["cty-e374-n3777"],"source_bld_id":"202000151677","height_m":11.387,"receiver_ids":[6202,6203,6204,6205,6206,6207,6208,6209,6210,6211,6212,6213],"receiver_keys":["cty-e374-n3777:la-e374-n3777:facade:202000151677:0","cty-e374-n3777:la-e374-n3777:facade:202000151677:1","cty-e374-n3777:la-e374-n3777:facade:202000151677:10","cty-e374-n3777:la-e374-n3777:facade:202000151677:11","cty-e374-n3777:la-e374-n3777:facade:202000151677:13","cty-e374-n3777:la-e374-n3777:facade:202000151677:3","cty-e374-n3777:la-e374-n3777:facade:202000151677:4","cty-e374-n3777:la-e374-n3777:facade:202000151677:5","cty-e374-n3777:la-e374-n3777:facade:202000151677:6","cty-e374-n3777:la-e374-n3777:facade:202000151677:7","cty-e374-n3777:la-e374-n3777:facade:202000151677:8","cty-e374-n3777:la-e374-n3777:facade:202000151677:9"],"receiver_count":12,"periods":{"D":{"min":39.199368,"max":51.129,"receiver_count":12,"unavailable_count":0},"E":{"min":36.98088,"max":48.91051,"receiver_count":12,"unavailable_count":0},"N":{"min":32.209667,"max":44.1393,"receiver_count":12,"unavailable_count":0}}}},{"type":"Feature","id":"dpw:202000151678@374140,3777207","geometry":{"type":"Polygon","coordinates":[[[-118.36485856049515,34.12816930442916],[-118.36486409567917,34.128214219358824],[-118.36492421384285,34.1282139765639],[-118.36492561040752,34.1282110558794],[-118.36492706405193,34.12820780055285],[-118.36492827561301,34.12820446932658],[-118.36492924080584,34.12820107393363],[-118.36492995426906,34.12819762791314],[-118.36493041605776,34.128194143886475],[-118.36493062189864,34.12819063629102],[-118.36493061519013,34.12818711310973],[-118.36493018251534,34.12818360834369],[-118.36492974981692,34.12818009816848],[-118.36492889668682,34.12817663253636],[-118.36492783557989,34.12817320539666],[-118.36492653080438,34.12816983578936],[-118.36492498457963,34.128166535427745],[-118.36492320562941,34.128163316005406],[-118.36492354698234,34.128162788477944],[-118.36492466560304,34.12816076566068],[-118.36492553886092,34.12815866064291],[-118.36492615817393,34.12815649418584],[-118.3649265182162,34.12815428794249],[-118.36492660282504,34.12815206449998],[-118.364926330813,34.128149851149466],[-118.36492605772479,34.12814763960537],[-118.36492588237904,34.128146213003724],[-118.36492549803972,34.1281431020628],[-118.36492466294237,34.12814004206734],[-118.36492366433886,34.12813702583915],[-118.36492241342971,34.128134075283285],[-118.36492322679804,34.12808249326502],[-118.36486314520248,34.12808761506058],[-118.36486139401063,34.12812502866951],[-118.36486981782474,34.12812538098427],[-118.36486738908,34.12812777558248],[-118.36485801725532,34.128137239345364],[-118.36485659522062,34.12813904400475],[-118.36485539047278,34.1281409561924],[-118.36485441593017,34.12814295513422],[-118.36485368234301,34.128145020062334],[-118.36485319612528,34.128147130222025],[-118.36485296259899,34.12814926305888],[-118.36485299359056,34.128151395998856],[-118.36485325323905,34.128153509316334],[-118.36485349174706,34.12815351130091],[-118.36485362883614,34.128154617972996],[-118.36485390869055,34.12815688989971],[-118.36485443666008,34.12815912952381],[-118.36485524408069,34.12816131331066],[-118.36485630051169,34.128163421518366],[-118.36485759503366,34.128165436149196],[-118.3648591167193,34.12816733740234],[-118.36485856049515,34.12816930442916]]]},"properties":{"building_pk":9358,"building_key":"dpw:202000151678@374140,3777207","source_tile":"cty-e374-n3777","source_tile_ids":["cty-e374-n3777"],"source_bld_id":"202000151678","height_m":5.157,"receiver_ids":[3102,3103,3104,3105,3106],"receiver_keys":["cty-e374-n3777:la-e374-n3777:facade:202000151678:0","cty-e374-n3777:la-e374-n3777:facade:202000151678:1","cty-e374-n3777:la-e374-n3777:facade:202000151678:2","cty-e374-n3777:la-e374-n3777:facade:202000151678:3","cty-e374-n3777:la-e374-n3777:facade:202000151678:4"],"receiver_count":5,"periods":{"D":{"min":45.16355,"max":50.168785,"receiver_count":5,"unavailable_count":0},"E":{"min":42.94506,"max":47.950294,"receiver_count":5,"unavailable_count":0},"N":{"min":38.17385,"max":43.179085,"receiver_count":5,"unavailable_count":0}}}},{"type":"Feature","id":"dpw:202000151690@374826,3777229","geometry":{"type":"Polygon","coordinates":[[[-118.35731062654168,34.12842885492489],[-118.3573315585015,34.12851642319477],[-118.35767783717061,34.128459179236394],[-118.35765691135913,34.128371609204315],[-118.35731274660921,34.128428504271135],[-118.35731062654168,34.12842885492489]]]},"properties":{"building_pk":9365,"building_key":"dpw:202000151690@374826,3777229","source_tile":"cty-e374-n3777","source_tile_ids":["cty-e374-n3777"],"source_bld_id":"202000151690","height_m":8.291,"receiver_ids":[3402,3403,3404,3405,3406,3407,3408,3409,3410],"receiver_keys":["cty-e374-n3777:la-e374-n3777:facade:202000151690:0","cty-e374-n3777:la-e374-n3777:facade:202000151690:1","cty-e374-n3777:la-e374-n3777:facade:202000151690:2","cty-e374-n3777:la-e374-n3777:facade:202000151690:3","cty-e374-n3777:la-e374-n3777:facade:202000151690:4","cty-e374-n3777:la-e374-n3777:facade:202000151690:5","cty-e374-n3777:la-e374-n3777:facade:202000151690:6","cty-e374-n3777:la-e374-n3777:facade:202000151690:7","cty-e374-n3777:la-e374-n3777:facade:202000151690:8"],"receiver_count":9,"periods":{"D":{"min":47.94886,"max":57.715656,"receiver_count":9,"unavailable_count":0},"E":{"min":45.730373,"max":55.497166,"receiver_count":9,"unavailable_count":0},"N":{"min":40.95916,"max":50.725956,"receiver_count":9,"unavailable_count":0}}}},{"type":"Feature","id":"dpw:202000151697@374975,3777246","geometry":{"type":"Polygon","coordinates":[[[-118.35583244087421,34.128629220240214],[-118.35585507518016,34.1286428569433],[-118.35589951324782,34.128588107482535],[-118.35585300220428,34.128550373624996],[-118.35580941888965,34.128600401014474],[-118.35584093626574,34.12861939013087],[-118.35583244087421,34.128629220240214]]]},"properties":{"building_pk":9371,"building_key":"dpw:202000151697@374975,3777246","source_tile":"cty-e374-n3777","source_tile_ids":["cty-e374-n3777"],"source_bld_id":"202000151697","height_m":2.88,"receiver_ids":[3832,3833,3834],"receiver_keys":["cty-e374-n3777:la-e374-n3777:facade:202000151697:1","cty-e374-n3777:la-e374-n3777:facade:202000151697:2","cty-e374-n3777:la-e374-n3777:facade:202000151697:3"],"receiver_count":3,"periods":{"D":{"min":54.410915,"max":56.93844,"receiver_count":3,"unavailable_count":0},"E":{"min":52.19243,"max":54.719948,"receiver_count":3,"unavailable_count":0},"N":{"min":47.421215,"max":49.94874,"receiver_count":3,"unavailable_count":0}}}},{"type":"Feature","id":"dpw:202000151701@374013,3777256","geometry":{"type":"Polygon","coordinates":[[[-118.3661478742096,34.12854922545871],[-118.36617851228611,34.128698570310775],[-118.36629791183559,34.12868163109059],[-118.36629897639223,34.12868682071046],[-118.36639107694216,34.128673754181165],[-118.36634077911349,34.12842857892084],[-118.36628046089699,34.128437136087314],[-118.36629905565272,34.128527776038084],[-118.3661478742096,34.12854922545871]]]},"properties":{"building_pk":9372,"building_key":"dpw:202000151701@374013,3777256","source_tile":"cty-e374-n3777","source_tile_ids":["cty-e374-n3777"],"source_bld_id":"202000151701","height_m":6.401,"receiver_ids":[6238,6239,6240,6241,6242,6243,6244,6245,6246,6247],"receiver_keys":["cty-e374-n3777:la-e374-n3777:facade:202000151701:0","cty-e374-n3777:la-e374-n3777:facade:202000151701:1","cty-e374-n3777:la-e374-n3777:facade:202000151701:2","cty-e374-n3777:la-e374-n3777:facade:202000151701:3","cty-e374-n3777:la-e374-n3777:facade:202000151701:4","cty-e374-n3777:la-e374-n3777:facade:202000151701:5","cty-e374-n3777:la-e374-n3777:facade:202000151701:6","cty-e374-n3777:la-e374-n3777:facade:202000151701:7","cty-e374-n3777:la-e374-n3777:facade:202000151701:8","cty-e374-n3777:la-e374-n3777:facade:202000151701:9"],"receiver_count":10,"periods":{"D":{"min":47.85703,"max":57.89575,"receiver_count":10,"unavailable_count":0},"E":{"min":45.638542,"max":55.67726,"receiver_count":10,"unavailable_count":0},"N":{"min":40.86733,"max":50.906048,"receiver_count":10,"unavailable_count":0}}}},{"type":"Feature","id":"dpw:202000151706@374698,3777256","geometry":{"type":"Polygon","coordinates":[[[-118.35875792572811,34.12872653174477],[-118.35886890624376,34.12882237720018],[-118.35897110705324,34.128740537945006],[-118.35896278503027,34.12873335127739],[-118.35900629731576,34.12869850751932],[-118.35896309418837,34.12866119596299],[-118.3589882194755,34.12864107570051],[-118.35896385625416,34.1286200349967],[-118.35893986860559,34.128639244029486],[-118.35893666732238,34.12863647770815],[-118.35890544328133,34.12866148165648],[-118.35884710762568,34.12861110215732],[-118.35885336410607,34.12860609268197],[-118.35883022833708,34.12858611211908],[-118.35882363910197,34.12859138853411],[-118.35877441986531,34.128548882092105],[-118.35870839783016,34.1286017511585],[-118.35877488120893,34.12866546188735],[-118.35874780240522,34.12867019238125],[-118.3587496486432,34.128680302130164],[-118.35874303490591,34.12868063008501],[-118.35875413359764,34.1287232560016],[-118.35875792572811,34.12872653174477]]]},"properties":{"building_pk":9376,"building_key":"dpw:202000151706@374698,3777256","source_tile":"cty-e374-n3777","source_tile_ids":["cty-e374-n3777"],"source_bld_id":"202000151706","height_m":7.809,"receiver_ids":[3584,3585,3586,3587,3588,3589,3590,3591,3592],"receiver_keys":["cty-e374-n3777:la-e374-n3777:facade:202000151706:1","cty-e374-n3777:la-e374-n3777:facade:202000151706:10","cty-e374-n3777:la-e374-n3777:facade:202000151706:2","cty-e374-n3777:la-e374-n3777:facade:202000151706:3","cty-e374-n3777:la-e374-n3777:facade:202000151706:5","cty-e374-n3777:la-e374-n3777:facade:202000151706:6","cty-e374-n3777:la-e374-n3777:facade:202000151706:7","cty-e374-n3777:la-e374-n3777:facade:202000151706:8","cty-e374-n3777:la-e374-n3777:facade:202000151706:9"],"receiver_count":9,"periods":{"D":{"min":41.61605,"max":60.21832,"receiver_count":9,"unavailable_count":0},"E":{"min":39.397564,"max":57.999832,"receiver_count":9,"unavailable_count":0},"N":{"min":34.62635,"max":53.22862,"receiver_count":9,"unavailable_count":0}}}},{"type":"Feature","id":"dpw:202000151709@374821,3777261","geometry":{"type":"Polygon","coordinates":[[[-118.35744793691534,34.12881836573744],[-118.35746385885746,34.128834548092776],[-118.35755365498751,34.12882983071407],[-118.3575649575697,34.12883333039647],[-118.35765537565585,34.128631419146096],[-118.35759415707604,34.12861245977597],[-118.35756159729893,34.12868517027488],[-118.35752576515318,34.12867792064072],[-118.35752497592657,34.128692113143714],[-118.357502037009,34.12869248931795],[-118.35750270978555,34.128711902796255],[-118.35748208052257,34.12871367221994],[-118.357483219148,34.12872338109419],[-118.35744387231595,34.1287260091364],[-118.35744793691534,34.12881836573744]]]},"properties":{"building_pk":9378,"building_key":"dpw:202000151709@374821,3777261","source_tile":"cty-e374-n3777","source_tile_ids":["cty-e374-n3777"],"source_bld_id":"202000151709","height_m":4.084,"receiver_ids":[3437,3438,3439,3440,3441,3442,3443],"receiver_keys":["cty-e374-n3777:la-e374-n3777:facade:202000151709:0","cty-e374-n3777:la-e374-n3777:facade:202000151709:1","cty-e374-n3777:la-e374-n3777:facade:202000151709:2","cty-e374-n3777:la-e374-n3777:facade:202000151709:3","cty-e374-n3777:la-e374-n3777:facade:202000151709:4","cty-e374-n3777:la-e374-n3777:facade:202000151709:5","cty-e374-n3777:la-e374-n3777:facade:202000151709:7"],"receiver_count":7,"periods":{"D":{"min":56.022423,"max":61.137047,"receiver_count":7,"unavailable_count":0},"E":{"min":53.803936,"max":58.91856,"receiver_count":7,"unavailable_count":0},"N":{"min":49.032722,"max":54.14735,"receiver_count":7,"unavailable_count":0}}}},{"type":"Feature","id":"dpw:202000151732@374931,3777314","geometry":{"type":"Polygon","coordinates":[[[-118.35626509864787,34.129299523859146],[-118.35645173962054,34.12935564321491],[-118.35649286484909,34.129261029292465],[-118.35647759412133,34.12925643773333],[-118.3564805335658,34.12924967836664],[-118.35646509892818,34.12924503680343],[-118.35649073580502,34.129186071996415],[-118.35643003504987,34.129167820017166],[-118.35641076119495,34.129212147651394],[-118.35641013423805,34.12921359195681],[-118.3563527833136,34.1291963478947],[-118.3563509571675,34.12920054902457],[-118.35630442922621,34.129150840292894],[-118.35627154866054,34.12917098195299],[-118.35625473450006,34.12915170709946],[-118.35624816718547,34.129155307354516],[-118.35622969396982,34.12913746722259],[-118.35617512312643,34.12917042860465],[-118.35619221510447,34.12919028323936],[-118.356191146902,34.12919274216978],[-118.35623812228968,34.12924544633001],[-118.3562674382974,34.12922859497168],[-118.3562863801749,34.129250575370456],[-118.35626509864787,34.129299523859146]]]},"properties":{"building_pk":9393,"building_key":"dpw:202000151732@374931,3777314","source_tile":"cty-e374-n3777","source_tile_ids":["cty-e374-n3777"],"source_bld_id":"202000151732","height_m":4.429,"receiver_ids":[3876,3877,3878,3879,3880,3881,3882,3883,3884,3885],"receiver_keys":["cty-e374-n3777:la-e374-n3777:facade:202000151732:0","cty-e374-n3777:la-e374-n3777:facade:202000151732:1","cty-e374-n3777:la-e374-n3777:facade:202000151732:10","cty-e374-n3777:la-e374-n3777:facade:202000151732:2","cty-e374-n3777:la-e374-n3777:facade:202000151732:4","cty-e374-n3777:la-e374-n3777:facade:202000151732:5","cty-e374-n3777:la-e374-n3777:facade:202000151732:6","cty-e374-n3777:la-e374-n3777:facade:202000151732:7","cty-e374-n3777:la-e374-n3777:facade:202000151732:8","cty-e374-n3777:la-e374-n3777:facade:202000151732:9"],"receiver_count":10,"periods":{"D":{"min":56.367023,"max":63.699978,"receiver_count":10,"unavailable_count":0},"E":{"min":54.148537,"max":61.48149,"receiver_count":10,"unavailable_count":0},"N":{"min":49.377323,"max":56.710278,"receiver_count":10,"unavailable_count":0}}}},{"type":"Feature","id":"dpw:202000151745@374496,3777352","geometry":{"type":"Polygon","coordinates":[[[-118.36085910410335,34.12953144532952],[-118.36109114505786,34.12960725035842],[-118.36112705499909,34.12953121574645],[-118.36112746537,34.12953134975071],[-118.36115623459322,34.129470449807144],[-118.36109341203932,34.12944992652221],[-118.36107036440711,34.129498715258926],[-118.36090074347396,34.129443302284685],[-118.36085910410335,34.12953144532952]]]},"properties":{"building_pk":9401,"building_key":"dpw:202000151745@374496,3777352","source_tile":"cty-e374-n3777","source_tile_ids":["cty-e374-n3777"],"source_bld_id":"202000151745","height_m":3.566,"receiver_ids":[3508,3509,3510,3511,3512,3513,3514],"receiver_keys":["cty-e374-n3777:la-e374-n3777:facade:202000151745:0","cty-e374-n3777:la-e374-n3777:facade:202000151745:1","cty-e374-n3777:la-e374-n3777:facade:202000151745:3","cty-e374-n3777:la-e374-n3777:facade:202000151745:4","cty-e374-n3777:la-e374-n3777:facade:202000151745:5","cty-e374-n3777:la-e374-n3777:facade:202000151745:6","cty-e374-n3777:la-e374-n3777:facade:202000151745:7"],"receiver_count":7,"periods":{"D":{"min":61.08444,"max":61.589554,"receiver_count":7,"unavailable_count":0},"E":{"min":58.865948,"max":59.371067,"receiver_count":7,"unavailable_count":0},"N":{"min":54.094738,"max":54.599857,"receiver_count":7,"unavailable_count":0}}}},{"type":"Feature","id":"dpw:202000151758@374284,3777387","geometry":{"type":"Polygon","coordinates":[[[-118.3632712010551,34.12990855911957],[-118.36333361379369,34.12992014468244],[-118.3633448027477,34.12987845919793],[-118.36345087205412,34.12989814718544],[-118.36349699412798,34.1297263065103],[-118.36340326781584,34.12970891282659],[-118.36340600316267,34.129698721756974],[-118.36335242993971,34.129688777501045],[-118.36335090651127,34.12969445454319],[-118.36333668346909,34.12969181522918],[-118.36329479106557,34.1298478914978],[-118.36328783197104,34.12984659977793],[-118.3632712010551,34.12990855911957]]]},"properties":{"building_pk":9408,"building_key":"dpw:202000151758@374284,3777387","source_tile":"cty-e374-n3777","source_tile_ids":["cty-e374-n3777"],"source_bld_id":"202000151758","height_m":9.482,"receiver_ids":[4087,4088,4089,4090,4091,4092,4093,4094,4095],"receiver_keys":["cty-e374-n3777:la-e374-n3777:facade:202000151758:0","cty-e374-n3777:la-e374-n3777:facade:202000151758:1","cty-e374-n3777:la-e374-n3777:facade:202000151758:2","cty-e374-n3777:la-e374-n3777:facade:202000151758:3","cty-e374-n3777:la-e374-n3777:facade:202000151758:4","cty-e374-n3777:la-e374-n3777:facade:202000151758:5","cty-e374-n3777:la-e374-n3777:facade:202000151758:6","cty-e374-n3777:la-e374-n3777:facade:202000151758:7","cty-e374-n3777:la-e374-n3777:facade:202000151758:8"],"receiver_count":9,"periods":{"D":{"min":45.54557,"max":60.716927,"receiver_count":9,"unavailable_count":0},"E":{"min":43.327084,"max":58.49844,"receiver_count":9,"unavailable_count":0},"N":{"min":38.55587,"max":53.727226,"receiver_count":9,"unavailable_count":0}}}},{"type":"Feature","id":"dpw:202000151763@374413,3777411","geometry":{"type":"Polygon","coordinates":[[[-118.36188609284369,34.13005310744117],[-118.36214387527319,34.1300673711921],[-118.36215052200644,34.129984305418645],[-118.36185030513491,34.129967693107126],[-118.36184400635867,34.1300463096446],[-118.36188644868407,34.13004865819891],[-118.36188609284369,34.13005310744117]]]},"properties":{"building_pk":9412,"building_key":"dpw:202000151763@374413,3777411","source_tile":"cty-e374-n3777","source_tile_ids":["cty-e374-n3777"],"source_bld_id":"202000151763","height_m":8.065,"receiver_ids":[4201,4202,4203,4204,4205,4206,4207,4208],"receiver_keys":["cty-e374-n3777:la-e374-n3777:facade:202000151763:0","cty-e374-n3777:la-e374-n3777:facade:202000151763:1","cty-e374-n3777:la-e374-n3777:facade:202000151763:2","cty-e374-n3777:la-e374-n3777:facade:202000151763:3","cty-e374-n3777:la-e374-n3777:facade:202000151763:4","cty-e374-n3777:la-e374-n3777:facade:202000151763:5","cty-e374-n3777:la-e374-n3777:facade:202000151763:6","cty-e374-n3777:la-e374-n3777:facade:202000151763:7"],"receiver_count":8,"periods":{"D":{"min":48.105583,"max":59.974678,"receiver_count":8,"unavailable_count":0},"E":{"min":45.887096,"max":57.75619,"receiver_count":8,"unavailable_count":0},"N":{"min":41.115883,"max":52.984978,"receiver_count":8,"unavailable_count":0}}}},{"type":"Feature","id":"dpw:202000151767@374549,3777416","geometry":{"type":"Polygon","coordinates":[[[-118.3604196293751,34.13013210645153],[-118.36046615475391,34.13016519020163],[-118.36051215970187,34.13011706245358],[-118.36058717882447,34.13007248132491],[-118.36055020606697,34.130025942557516],[-118.36046098038771,34.13007496372092],[-118.36046044082366,34.13007428467062],[-118.36045955178997,34.130074773249525],[-118.3604196293751,34.13013210645153]]]},"properties":{"building_pk":9413,"building_key":"dpw:202000151767@374549,3777416","source_tile":"cty-e374-n3777","source_tile_ids":["cty-e374-n3777"],"source_bld_id":"202000151767","height_m":3.84,"receiver_ids":[3756,3757,3758,3759,3760],"receiver_keys":["cty-e374-n3777:la-e374-n3777:facade:202000151767:0","cty-e374-n3777:la-e374-n3777:facade:202000151767:1","cty-e374-n3777:la-e374-n3777:facade:202000151767:2","cty-e374-n3777:la-e374-n3777:facade:202000151767:3","cty-e374-n3777:la-e374-n3777:facade:202000151767:4"],"receiver_count":5,"periods":{"D":{"min":57.81759,"max":61.457275,"receiver_count":5,"unavailable_count":0},"E":{"min":55.599102,"max":59.23879,"receiver_count":5,"unavailable_count":0},"N":{"min":50.82789,"max":54.467575,"receiver_count":5,"unavailable_count":0}}}},{"type":"Feature","id":"dpw:202000151777@374660,3777429","geometry":{"type":"Polygon","coordinates":[[[-118.35928625127437,34.1302840951873],[-118.35935983291694,34.13031347836971],[-118.35942071234129,34.13020804848793],[-118.35934966220252,34.13017968015823],[-118.35932708017612,34.130218785584994],[-118.35931972809968,34.130215849502555],[-118.35931595420465,34.13022238513413],[-118.35929708315447,34.130214849399046],[-118.3593053411744,34.13020054813427],[-118.35914056472448,34.13013474882541],[-118.35910653820666,34.13019367331386],[-118.35929500646478,34.130268933282],[-118.35928625127437,34.1302840951873]]]},"properties":{"building_pk":9420,"building_key":"dpw:202000151777@374660,3777429","source_tile":"cty-e374-n3777","source_tile_ids":["cty-e374-n3777"],"source_bld_id":"202000151777","height_m":4.651,"receiver_ids":[3627,3628,3629,3630,3631,3632,3633,3634],"receiver_keys":["cty-e374-n3777:la-e374-n3777:facade:202000151777:0","cty-e374-n3777:la-e374-n3777:facade:202000151777:1","cty-e374-n3777:la-e374-n3777:facade:202000151777:2","cty-e374-n3777:la-e374-n3777:facade:202000151777:4","cty-e374-n3777:la-e374-n3777:facade:202000151777:5","cty-e374-n3777:la-e374-n3777:facade:202000151777:6","cty-e374-n3777:la-e374-n3777:facade:202000151777:7","cty-e374-n3777:la-e374-n3777:facade:202000151777:8"],"receiver_count":8,"periods":{"D":{"min":58.783092,"max":60.88222,"receiver_count":8,"unavailable_count":0},"E":{"min":56.564606,"max":58.663734,"receiver_count":8,"unavailable_count":0},"N":{"min":51.793392,"max":53.89252,"receiver_count":8,"unavailable_count":0}}}},{"type":"Feature","id":"dpw:202000151793@374349,3777474","geometry":{"type":"Polygon","coordinates":[[[-118.36261167225078,34.13062146076255],[-118.36270847752957,34.130702381552126],[-118.36276508544746,34.13065554458027],[-118.3626978320347,34.13059932649529],[-118.3627044398759,34.13059386049023],[-118.36271579275406,34.130603349344725],[-118.36274624908113,34.13057815378495],[-118.36269404260022,34.13053451474504],[-118.36268396178606,34.130542853546196],[-118.36264808393491,34.13051286252272],[-118.3626343681119,34.130524209831705],[-118.36261920267206,34.13051153285717],[-118.36254439048334,34.130573422311],[-118.36260673985798,34.130625540583715],[-118.36261167225078,34.13062146076255]]]},"properties":{"building_pk":9428,"building_key":"dpw:202000151793@374349,3777474","source_tile":"cty-e374-n3777","source_tile_ids":["cty-e374-n3777"],"source_bld_id":"202000151793","height_m":11.79,"receiver_ids":[4227,4228,4229,4230,4231,4232],"receiver_keys":["cty-e374-n3777:la-e374-n3777:facade:202000151793:0","cty-e374-n3777:la-e374-n3777:facade:202000151793:1","cty-e374-n3777:la-e374-n3777:facade:202000151793:2","cty-e374-n3777:la-e374-n3777:facade:202000151793:4","cty-e374-n3777:la-e374-n3777:facade:202000151793:5","cty-e374-n3777:la-e374-n3777:facade:202000151793:6"],"receiver_count":6,"periods":{"D":{"min":44.269966,"max":60.915882,"receiver_count":6,"unavailable_count":0},"E":{"min":42.05148,"max":58.69739,"receiver_count":6,"unavailable_count":0},"N":{"min":37.280266,"max":53.92618,"receiver_count":6,"unavailable_count":0}}}},{"type":"Feature","id":"dpw:202000151795@374758,3777472","geometry":{"type":"Polygon","coordinates":[[[-118.35820766202099,34.13076179709879],[-118.35829632190847,34.13078010775946],[-118.3583102417168,34.13073349948124],[-118.35831745859574,34.130734989962896],[-118.35833001248271,34.1306929547137],[-118.35833135364459,34.13069323201694],[-118.35835533381896,34.13061293688212],[-118.35830797224075,34.130603155887606],[-118.35831005849984,34.13059617091651],[-118.35828770802611,34.130591555494654],[-118.35825673314683,34.1305684192416],[-118.35825460306546,34.130575551291926],[-118.35824265308396,34.130573083145386],[-118.35824807715474,34.13055492276504],[-118.35823880661889,34.130546014220656],[-118.35821420787656,34.130540933945454],[-118.35821741102114,34.130530209702776],[-118.35817134291749,34.13052069528221],[-118.35817264042392,34.13051635144532],[-118.35816479965003,34.130514732982604],[-118.35814563206368,34.130578913296176],[-118.35815286303126,34.13058040645047],[-118.35815385485816,34.13057708405775],[-118.35815842413194,34.130578028850984],[-118.3581493854258,34.1306082967415],[-118.35822918296002,34.13067301681231],[-118.35821654246442,34.13071534440506],[-118.35822124520752,34.13071631584644],[-118.35820766202099,34.13076179709879]]]},"properties":{"building_pk":9430,"building_key":"dpw:202000151795@374758,3777472","source_tile":"cty-e374-n3777","source_tile_ids":["cty-e374-n3777"],"source_bld_id":"202000151795","height_m":9.12,"receiver_ids":[3776,3777,3778,3779,3780,3781,3782,3783,3784],"receiver_keys":["cty-e374-n3777:la-e374-n3777:facade:202000151795:0","cty-e374-n3777:la-e374-n3777:facade:202000151795:1","cty-e374-n3777:la-e374-n3777:facade:202000151795:2","cty-e374-n3777:la-e374-n3777:facade:202000151795:3","cty-e374-n3777:la-e374-n3777:facade:202000151795:4","cty-e374-n3777:la-e374-n3777:facade:202000151795:5","cty-e374-n3777:la-e374-n3777:facade:202000151795:6","cty-e374-n3777:la-e374-n3777:facade:202000151795:7","cty-e374-n3777:la-e374-n3777:facade:202000151795:8"],"receiver_count":9,"periods":{"D":{"min":61.452576,"max":63.30096,"receiver_count":9,"unavailable_count":0},"E":{"min":59.23409,"max":61.08247,"receiver_count":9,"unavailable_count":0},"N":{"min":54.46288,"max":56.31126,"receiver_count":9,"unavailable_count":0}}}},{"type":"Feature","id":"dpw:202000151799@374890,3777487","geometry":{"type":"Polygon","coordinates":[[[-118.35666247951592,34.13079014975671],[-118.35681533155834,34.13085277186668],[-118.35684779902914,34.13079795912476],[-118.35688360407345,34.130812627778504],[-118.35687817919265,34.130821784464125],[-118.356947923538,34.130850357341565],[-118.35698426371289,34.13078901682764],[-118.3568781909153,34.130745560503584],[-118.35687214390427,34.130755768413],[-118.35676828885957,34.13071322050361],[-118.35677104865897,34.13070856133617],[-118.35668249464167,34.13067228164296],[-118.35664131493694,34.13074178983181],[-118.3566814010097,34.13075821202195],[-118.35666247951592,34.13079014975671]]]},"properties":{"building_pk":9431,"building_key":"dpw:202000151799@374890,3777487","source_tile":"cty-e374-n3777","source_tile_ids":["cty-e374-n3777"],"source_bld_id":"202000151799","height_m":4.545,"receiver_ids":[4557,4558,4559,4560,4561,4562,4563,4564],"receiver_keys":["cty-e374-n3777:la-e374-n3777:facade:202000151799:0","cty-e374-n3777:la-e374-n3777:facade:202000151799:1","cty-e374-n3777:la-e374-n3777:facade:202000151799:3","cty-e374-n3777:la-e374-n3777:facade:202000151799:4","cty-e374-n3777:la-e374-n3777:facade:202000151799:5","cty-e374-n3777:la-e374-n3777:facade:202000151799:6","cty-e374-n3777:la-e374-n3777:facade:202000151799:7","cty-e374-n3777:la-e374-n3777:facade:202000151799:8"],"receiver_count":8,"periods":{"D":{"min":63.156895,"max":64.820045,"receiver_count":8,"unavailable_count":0},"E":{"min":60.938408,"max":62.60156,"receiver_count":8,"unavailable_count":0},"N":{"min":56.167194,"max":57.830345,"receiver_count":8,"unavailable_count":0}}}},{"type":"Feature","id":"dpw:202000151804@374762,3777509","geometry":{"type":"Polygon","coordinates":[[[-118.35816923788829,34.1310224835864],[-118.35822447558549,34.13103650195156],[-118.35824118484192,34.13100606256844],[-118.35830681169415,34.131017042582016],[-118.35832748297979,34.13097006899996],[-118.35826652860386,34.13095678164228],[-118.35827045935304,34.130940780356944],[-118.35821635781537,34.13092345992729],[-118.35821461427157,34.13092440810053],[-118.35821098548216,34.13092637879286],[-118.35820746237611,34.13092189417722],[-118.35820032161827,34.13092577391069],[-118.35818300041144,34.130903724996855],[-118.3581738219083,34.13090871154199],[-118.35814685034212,34.130874379849125],[-118.3580768758626,34.13091239575972],[-118.35811078133824,34.13095555369387],[-118.35811354378355,34.13095658858624],[-118.35813583954918,34.130985357241734],[-118.35817691025878,34.13099010383901],[-118.35816923788829,34.1310224835864]]]},"properties":{"building_pk":9433,"building_key":"dpw:202000151804@374762,3777509","source_tile":"cty-e374-n3777","source_tile_ids":["cty-e374-n3777"],"source_bld_id":"202000151804","height_m":6.809,"receiver_ids":[3801,3802,3803,3804,3805,3806,3807],"receiver_keys":["cty-e374-n3777:la-e374-n3777:facade:202000151804:0","cty-e374-n3777:la-e374-n3777:facade:202000151804:1","cty-e374-n3777:la-e374-n3777:facade:202000151804:2","cty-e374-n3777:la-e374-n3777:facade:202000151804:3","cty-e374-n3777:la-e374-n3777:facade:202000151804:4","cty-e374-n3777:la-e374-n3777:facade:202000151804:5","cty-e374-n3777:la-e374-n3777:facade:202000151804:6"],"receiver_count":7,"periods":{"D":{"min":59.003807,"max":63.058464,"receiver_count":7,"unavailable_count":0},"E":{"min":56.785316,"max":60.839977,"receiver_count":7,"unavailable_count":0},"N":{"min":52.014107,"max":56.068764,"receiver_count":7,"unavailable_count":0}}}},{"type":"Feature","id":"dpw:202000151824@374896,3777565","geometry":{"type":"Polygon","coordinates":[[[-118.35670379972034,34.13146362180433],[-118.3567420135047,34.13151425375859],[-118.35680575717664,34.13148098556994],[-118.35676754336882,34.131430353635885],[-118.35670379972034,34.13146362180433]]]},"properties":{"building_pk":9448,"building_key":"dpw:202000151824@374896,3777565","source_tile":"cty-e374-n3777","source_tile_ids":["cty-e374-n3777"],"source_bld_id":"202000151824","height_m":3.813,"receiver_ids":[4628,4629,4630,4631],"receiver_keys":["cty-e374-n3777:la-e374-n3777:facade:202000151824:0","cty-e374-n3777:la-e374-n3777:facade:202000151824:1","cty-e374-n3777:la-e374-n3777:facade:202000151824:2","cty-e374-n3777:la-e374-n3777:facade:202000151824:3"],"receiver_count":4,"periods":{"D":{"min":65.14827,"max":65.34791,"receiver_count":4,"unavailable_count":0},"E":{"min":62.929783,"max":63.12942,"receiver_count":4,"unavailable_count":0},"N":{"min":58.15857,"max":58.358208,"receiver_count":4,"unavailable_count":0}}}},{"type":"Feature","id":"dpw:202000151845@374616,3777647","geometry":{"type":"Polygon","coordinates":[[[-118.35970331753089,34.132218023496954],[-118.35983512411562,34.13224246128855],[-118.35984685940612,34.13221010359603],[-118.35986534799771,34.132190131828864],[-118.35988341849892,34.132173777363086],[-118.35989908774204,34.13212144434771],[-118.35971859608836,34.13208798019812],[-118.35969513354428,34.13217549086117],[-118.35971379347033,34.132178950420084],[-118.35970331753089,34.132218023496954]]]},"properties":{"building_pk":9458,"building_key":"dpw:202000151845@374616,3777647","source_tile":"cty-e374-n3777","source_tile_ids":["cty-e374-n3777"],"source_bld_id":"202000151845","height_m":6.276,"receiver_ids":[4914,4915,4916,4917,4918,4919,4920],"receiver_keys":["cty-e374-n3777:la-e374-n3777:facade:202000151845:0","cty-e374-n3777:la-e374-n3777:facade:202000151845:1","cty-e374-n3777:la-e374-n3777:facade:202000151845:2","cty-e374-n3777:la-e374-n3777:facade:202000151845:3","cty-e374-n3777:la-e374-n3777:facade:202000151845:4","cty-e374-n3777:la-e374-n3777:facade:202000151845:5","cty-e374-n3777:la-e374-n3777:facade:202000151845:6"],"receiver_count":7,"periods":{"D":{"min":63.509937,"max":65.90408,"receiver_count":7,"unavailable_count":0},"E":{"min":61.29145,"max":63.685596,"receiver_count":7,"unavailable_count":0},"N":{"min":56.520237,"max":58.914383,"receiver_count":7,"unavailable_count":0}}}},{"type":"Feature","id":"dpw:202000151870@374798,3777709","geometry":{"type":"Polygon","coordinates":[[[-118.35771730991752,34.13279609384025],[-118.35782179211729,34.13286488910059],[-118.35792405857231,34.1327574911107],[-118.35786470221441,34.13271840768431],[-118.35785230544444,34.132731427399214],[-118.35780717964235,34.13270171384615],[-118.35771730991752,34.13279609384025]]]},"properties":{"building_pk":9476,"building_key":"dpw:202000151870@374798,3777709","source_tile":"cty-e374-n3777","source_tile_ids":["cty-e374-n3777"],"source_bld_id":"202000151870","height_m":5.959,"receiver_ids":[4975,4976,4977,4978,4979,4980],"receiver_keys":["cty-e374-n3777:la-e374-n3777:facade:202000151870:0","cty-e374-n3777:la-e374-n3777:facade:202000151870:1","cty-e374-n3777:la-e374-n3777:facade:202000151870:2","cty-e374-n3777:la-e374-n3777:facade:202000151870:3","cty-e374-n3777:la-e374-n3777:facade:202000151870:4","cty-e374-n3777:la-e374-n3777:facade:202000151870:5"],"receiver_count":6,"periods":{"D":{"min":63.288525,"max":67.38584,"receiver_count":6,"unavailable_count":0},"E":{"min":61.070034,"max":65.16735,"receiver_count":6,"unavailable_count":0},"N":{"min":56.298824,"max":60.39614,"receiver_count":6,"unavailable_count":0}}}},{"type":"Feature","id":"dpw:202000151875@374726,3777748","geometry":{"type":"Polygon","coordinates":[[[-118.35857084881782,34.13310899237692],[-118.35863723136153,34.13314257958674],[-118.35866440783892,34.13310544583838],[-118.35859802096942,34.13307185685333],[-118.35857084881782,34.13310899237692]]]},"properties":{"building_pk":9480,"building_key":"dpw:202000151875@374726,3777748","source_tile":"cty-e374-n3777","source_tile_ids":["cty-e374-n3777"],"source_bld_id":"202000151875","height_m":3.871,"receiver_ids":[5012,5013,5014,5015],"receiver_keys":["cty-e374-n3777:la-e374-n3777:facade:202000151875:0","cty-e374-n3777:la-e374-n3777:facade:202000151875:1","cty-e374-n3777:la-e374-n3777:facade:202000151875:2","cty-e374-n3777:la-e374-n3777:facade:202000151875:3"],"receiver_count":4,"periods":{"D":{"min":64.483086,"max":67.1939,"receiver_count":4,"unavailable_count":0},"E":{"min":62.264595,"max":64.97542,"receiver_count":4,"unavailable_count":0},"N":{"min":57.493385,"max":60.2042,"receiver_count":4,"unavailable_count":0}}}},{"type":"Feature","id":"dpw:202000151876@374429,3777740","geometry":{"type":"Polygon","coordinates":[[[-118.361765348432,34.1329970622245],[-118.36183731167253,34.13313618999246],[-118.36192293227745,34.13310556633364],[-118.36188509088223,34.13303241182204],[-118.36189440881613,34.13296672688202],[-118.36188597559321,34.13296556300444],[-118.36188493258422,34.13296354668702],[-118.36184209234601,34.13295952967457],[-118.36184201941737,34.132962217370874],[-118.36183280182038,34.132961430876406],[-118.3618319769561,34.13296873398179],[-118.36182863473907,34.132962272762946],[-118.36179966123322,34.13297263609332],[-118.36180496592524,34.132982892313564],[-118.36176846271312,34.13299594852266],[-118.361765348432,34.1329970622245]]]},"properties":{"building_pk":9481,"building_key":"dpw:202000151876@374429,3777740","source_tile":"cty-e374-n3777","source_tile_ids":["cty-e374-n3777"],"source_bld_id":"202000151876","height_m":5.377,"receiver_ids":[4513,4514,4515],"receiver_keys":["cty-e374-n3777:la-e374-n3777:facade:202000151876:1","cty-e374-n3777:la-e374-n3777:facade:202000151876:3","cty-e374-n3777:la-e374-n3777:facade:202000151876:4"],"receiver_count":3,"periods":{"D":{"min":54.574814,"max":57.103336,"receiver_count":3,"unavailable_count":0},"E":{"min":52.356327,"max":54.88485,"receiver_count":3,"unavailable_count":0},"N":{"min":47.585114,"max":50.113636,"receiver_count":3,"unavailable_count":0}}}},{"type":"Feature","id":"dpw:202000151877@374324,3777750","geometry":{"type":"Polygon","coordinates":[[[-118.36286638924399,34.133048299475426],[-118.36289786165048,34.1331390770922],[-118.36295508436314,34.1331253588082],[-118.36295404244869,34.133122352610386],[-118.36306113624411,34.13309667800711],[-118.36304862222833,34.13306056581216],[-118.36307729744532,34.1330536911198],[-118.36306528525463,34.133019045119504],[-118.36299532194532,34.13303581825547],[-118.36300248467847,34.13305647977881],[-118.36294644468535,34.133069915058094],[-118.36293338185517,34.133032238531655],[-118.36286638924399,34.133048299475426]]]},"properties":{"building_pk":9482,"building_key":"dpw:202000151877@374324,3777750","source_tile":"cty-e374-n3777","source_tile_ids":["cty-e374-n3777"],"source_bld_id":"202000151877","height_m":7.245,"receiver_ids":[4523,4524,4525,4526,4527,4528],"receiver_keys":["cty-e374-n3777:la-e374-n3777:facade:202000151877:0","cty-e374-n3777:la-e374-n3777:facade:202000151877:1","cty-e374-n3777:la-e374-n3777:facade:202000151877:2","cty-e374-n3777:la-e374-n3777:facade:202000151877:4","cty-e374-n3777:la-e374-n3777:facade:202000151877:5","cty-e374-n3777:la-e374-n3777:facade:202000151877:6"],"receiver_count":6,"periods":{"D":{"min":58.767677,"max":62.06531,"receiver_count":6,"unavailable_count":0},"E":{"min":56.549187,"max":59.846825,"receiver_count":6,"unavailable_count":0},"N":{"min":51.777977,"max":55.07561,"receiver_count":6,"unavailable_count":0}}}},{"type":"Feature","id":"dpw:202000151880@374717,3777752","geometry":{"type":"Polygon","coordinates":[[[-118.35866767687556,34.13315706167413],[-118.35872487313496,34.13318476111811],[-118.35876360025388,34.13312946589149],[-118.3587064040118,34.133101764662804],[-118.35866767687556,34.13315706167413]]]},"properties":{"building_pk":9484,"building_key":"dpw:202000151880@374717,3777752","source_tile":"cty-e374-n3777","source_tile_ids":["cty-e374-n3777"],"source_bld_id":"202000151880","height_m":4.563,"receiver_ids":[5016,5017,5018,5019],"receiver_keys":["cty-e374-n3777:la-e374-n3777:facade:202000151880:0","cty-e374-n3777:la-e374-n3777:facade:202000151880:1","cty-e374-n3777:la-e374-n3777:facade:202000151880:2","cty-e374-n3777:la-e374-n3777:facade:202000151880:3"],"receiver_count":4,"periods":{"D":{"min":63.22203,"max":66.62296,"receiver_count":4,"unavailable_count":0},"E":{"min":61.00354,"max":64.40447,"receiver_count":4,"unavailable_count":0},"N":{"min":56.23233,"max":59.633263,"receiver_count":4,"unavailable_count":0}}}},{"type":"Feature","id":"dpw:202000151881@374619,3777756","geometry":{"type":"Polygon","coordinates":[[[-118.35973533943954,34.13319029569769],[-118.35980980672895,34.13319484498399],[-118.35981573156322,34.13312783874073],[-118.35974550990645,34.133123549086626],[-118.35973533943954,34.13319029569769]]]},"properties":{"building_pk":9485,"building_key":"dpw:202000151881@374619,3777756","source_tile":"cty-e374-n3777","source_tile_ids":["cty-e374-n3777"],"source_bld_id":"202000151881","height_m":3.868,"receiver_ids":[5094,5095,5096,5097],"receiver_keys":["cty-e374-n3777:la-e374-n3777:facade:202000151881:0","cty-e374-n3777:la-e374-n3777:facade:202000151881:1","cty-e374-n3777:la-e374-n3777:facade:202000151881:2","cty-e374-n3777:la-e374-n3777:facade:202000151881:3"],"receiver_count":4,"periods":{"D":{"min":62.992744,"max":68.044556,"receiver_count":4,"unavailable_count":0},"E":{"min":60.774258,"max":65.826065,"receiver_count":4,"unavailable_count":0},"N":{"min":56.003044,"max":61.054855,"receiver_count":4,"unavailable_count":0}}}},{"type":"Feature","id":"dpw:202000151888@374244,3777771","geometry":{"type":"Polygon","coordinates":[[[-118.36382476745543,34.13327055199557],[-118.36387865817797,34.1333045742137],[-118.36391467337184,34.13326513268636],[-118.3638409162367,34.133218567715154],[-118.36382479583612,34.13323622413196],[-118.36384466008123,34.13324876420573],[-118.36382476745543,34.13327055199557]]]},"properties":{"building_pk":9491,"building_key":"dpw:202000151888@374244,3777771","source_tile":"cty-e374-n3777","source_tile_ids":["cty-e374-n3777"],"source_bld_id":"202000151888","height_m":3.609,"receiver_ids":[4481,4482],"receiver_keys":["cty-e374-n3777:la-e374-n3777:facade:202000151888:1","cty-e374-n3777:la-e374-n3777:facade:202000151888:2"],"receiver_count":2,"periods":{"D":{"min":53.731384,"max":55.79252,"receiver_count":2,"unavailable_count":0},"E":{"min":51.512894,"max":53.57403,"receiver_count":2,"unavailable_count":0},"N":{"min":46.741684,"max":48.80282,"receiver_count":2,"unavailable_count":0}}}},{"type":"Feature","id":"dpw:202000151890@374419,3777768","geometry":{"type":"Polygon","coordinates":[[[-118.36184400942612,34.13315794563682],[-118.36194243873263,34.13334275606855],[-118.36200851884001,34.133318421371264],[-118.36198748104712,34.13327892138031],[-118.36199148711343,34.13327744619096],[-118.36197633099101,34.13324898862449],[-118.36198041715747,34.13324748434641],[-118.36192460366614,34.13312826470331],[-118.36184400942612,34.13315794563682]]]},"properties":{"building_pk":9492,"building_key":"dpw:202000151890@374419,3777768","source_tile":"cty-e374-n3777","source_tile_ids":["cty-e374-n3777"],"source_bld_id":"202000151890","height_m":10.647,"receiver_ids":[4529,4530,4531,4532,4533],"receiver_keys":["cty-e374-n3777:la-e374-n3777:facade:202000151890:0","cty-e374-n3777:la-e374-n3777:facade:202000151890:1","cty-e374-n3777:la-e374-n3777:facade:202000151890:3","cty-e374-n3777:la-e374-n3777:facade:202000151890:4","cty-e374-n3777:la-e374-n3777:facade:202000151890:5"],"receiver_count":5,"periods":{"D":{"min":47.355324,"max":57.161446,"receiver_count":5,"unavailable_count":0},"E":{"min":45.136837,"max":54.94296,"receiver_count":5,"unavailable_count":0},"N":{"min":40.365623,"max":50.171745,"receiver_count":5,"unavailable_count":0}}}},{"type":"Feature","id":"dpw:202000151891@374624,3777770","geometry":{"type":"Polygon","coordinates":[[[-118.35962294332703,34.1333329654908],[-118.3596597936351,34.13335385081407],[-118.359674878611,34.13335260057598],[-118.35968846802066,34.13334896301227],[-118.35969760651457,34.13334169197999],[-118.35971772670989,34.13330703116775],[-118.35986224158573,34.13332548909484],[-118.35986903823529,34.13327187256545],[-118.35974486975542,34.1332544197104],[-118.35974798579471,34.13324337834486],[-118.35973746868231,34.13323915710117],[-118.3597486361501,34.133219920254646],[-118.35969991904071,34.13320036487699],[-118.35962294332703,34.1333329654908]]]},"properties":{"building_pk":9493,"building_key":"dpw:202000151891@374624,3777770","source_tile":"cty-e374-n3777","source_tile_ids":["cty-e374-n3777"],"source_bld_id":"202000151891","height_m":8.705,"receiver_ids":[5106,5107,5108,5109,5110,5111,5112],"receiver_keys":["cty-e374-n3777:la-e374-n3777:facade:202000151891:0","cty-e374-n3777:la-e374-n3777:facade:202000151891:1","cty-e374-n3777:la-e374-n3777:facade:202000151891:2","cty-e374-n3777:la-e374-n3777:facade:202000151891:3","cty-e374-n3777:la-e374-n3777:facade:202000151891:4","cty-e374-n3777:la-e374-n3777:facade:202000151891:5","cty-e374-n3777:la-e374-n3777:facade:202000151891:6"],"receiver_count":7,"periods":{"D":{"min":53.078384,"max":67.567986,"receiver_count":7,"unavailable_count":0},"E":{"min":50.859898,"max":65.349495,"receiver_count":7,"unavailable_count":0},"N":{"min":46.088684,"max":60.578285,"receiver_count":7,"unavailable_count":0}}}},{"type":"Feature","id":"dpw:202000151892@374425,3777778","geometry":{"type":"Polygon","coordinates":[[[-118.36182658965376,34.133314066236395],[-118.36187651995598,34.133371308532304],[-118.36192343853578,34.133353685480095],[-118.36192666190864,34.13335247498323],[-118.36189237651075,34.13328935654009],[-118.36182658965376,34.133314066236395]]]},"properties":{"building_pk":9494,"building_key":"dpw:202000151892@374425,3777778","source_tile":"cty-e374-n3777","source_tile_ids":["cty-e374-n3777"],"source_bld_id":"202000151892","height_m":5.773,"receiver_ids":[4534,4535,4536],"receiver_keys":["cty-e374-n3777:la-e374-n3777:facade:202000151892:0","cty-e374-n3777:la-e374-n3777:facade:202000151892:1","cty-e374-n3777:la-e374-n3777:facade:202000151892:3"],"receiver_count":3,"periods":{"D":{"min":46.92677,"max":59.897938,"receiver_count":3,"unavailable_count":0},"E":{"min":44.708282,"max":57.67945,"receiver_count":3,"unavailable_count":0},"N":{"min":39.93707,"max":52.908237,"receiver_count":3,"unavailable_count":0}}}},{"type":"Feature","id":"dpw:202000151895@374360,3777784","geometry":{"type":"Polygon","coordinates":[[[-118.36259133077733,34.13340854644011],[-118.36260224961889,34.133447353650055],[-118.36267872530071,34.13343544482253],[-118.36266988032251,34.13338837062505],[-118.36265651754883,34.13338699350255],[-118.36264566094057,34.133342293673095],[-118.3626433181203,34.133342052779504],[-118.36264450855266,34.133334063404384],[-118.36240211654008,34.13330908487312],[-118.36241341758023,34.13337255246413],[-118.36260256368381,34.13339204439117],[-118.3626005409871,34.133405617670256],[-118.36259133077733,34.13340854644011]]]},"properties":{"building_pk":9496,"building_key":"dpw:202000151895@374360,3777784","source_tile":"cty-e374-n3777","source_tile_ids":["cty-e374-n3777"],"source_bld_id":"202000151895","height_m":7.44,"receiver_ids":[5279,5280,5281,5282,5283,5284,5285],"receiver_keys":["cty-e374-n3777:la-e374-n3777:facade:202000151895:0","cty-e374-n3777:la-e374-n3777:facade:202000151895:2","cty-e374-n3777:la-e374-n3777:facade:202000151895:3","cty-e374-n3777:la-e374-n3777:facade:202000151895:4","cty-e374-n3777:la-e374-n3777:facade:202000151895:5","cty-e374-n3777:la-e374-n3777:facade:202000151895:6","cty-e374-n3777:la-e374-n3777:facade:202000151895:7"],"receiver_count":7,"periods":{"D":{"min":46.524708,"max":60.118164,"receiver_count":7,"unavailable_count":0},"E":{"min":44.306217,"max":57.899677,"receiver_count":7,"unavailable_count":0},"N":{"min":39.535007,"max":53.128464,"receiver_count":7,"unavailable_count":0}}}},{"type":"Feature","id":"dpw:202000151899@374245,3777783","geometry":{"type":"Polygon","coordinates":[[[-118.36371392309627,34.133446602108464],[-118.36381951788911,34.13350715422713],[-118.36392035609644,34.13338555805497],[-118.36393262685216,34.13339259456116],[-118.36397516475313,34.13334129801539],[-118.36389806884762,34.13329709523892],[-118.36388293867071,34.133315340089965],[-118.36384458854032,34.13329334897195],[-118.36382621101232,34.13331551084652],[-118.36381113290236,34.13330686542388],[-118.36374921326544,34.133381532149805],[-118.36376186658914,34.1333887892999],[-118.36371392309627,34.133446602108464]]]},"properties":{"building_pk":9498,"building_key":"dpw:202000151899@374245,3777783","source_tile":"cty-e374-n3777","source_tile_ids":["cty-e374-n3777"],"source_bld_id":"202000151899","height_m":4.822,"receiver_ids":[5334,5335,5336,5337,5338,5339,5340],"receiver_keys":["cty-e374-n3777:la-e374-n3777:facade:202000151899:0","cty-e374-n3777:la-e374-n3777:facade:202000151899:1","cty-e374-n3777:la-e374-n3777:facade:202000151899:2","cty-e374-n3777:la-e374-n3777:facade:202000151899:3","cty-e374-n3777:la-e374-n3777:facade:202000151899:4","cty-e374-n3777:la-e374-n3777:facade:202000151899:6","cty-e374-n3777:la-e374-n3777:facade:202000151899:7"],"receiver_count":7,"periods":{"D":{"min":55.014072,"max":60.57179,"receiver_count":7,"unavailable_count":0},"E":{"min":52.795586,"max":58.3533,"receiver_count":7,"unavailable_count":0},"N":{"min":48.024372,"max":53.58209,"receiver_count":7,"unavailable_count":0}}}},{"type":"Feature","id":"dpw:202000151906@374375,3777818","geometry":{"type":"Polygon","coordinates":[[[-118.36240820298192,34.13376492006205],[-118.3624155132928,34.13378538103685],[-118.36248441812413,34.133768358982586],[-118.36248136712939,34.133759820671244],[-118.36251716245344,34.133750978345304],[-118.3624728746669,34.13362701566289],[-118.36246785496523,34.13362825500073],[-118.3624584199301,34.13360184575665],[-118.3623621251095,34.13362563479558],[-118.36236551962209,34.133635140329396],[-118.36235322216417,34.133638177504864],[-118.362399289888,34.13376712219009],[-118.36240820298192,34.13376492006205]]]},"properties":{"building_pk":9500,"building_key":"dpw:202000151906@374375,3777818","source_tile":"cty-e374-n3777","source_tile_ids":["cty-e374-n3777"],"source_bld_id":"202000151906","height_m":8.092,"receiver_ids":[5324,5325,5326,5327],"receiver_keys":["cty-e374-n3777:la-e374-n3777:facade:202000151906:0","cty-e374-n3777:la-e374-n3777:facade:202000151906:1","cty-e374-n3777:la-e374-n3777:facade:202000151906:2","cty-e374-n3777:la-e374-n3777:facade:202000151906:3"],"receiver_count":4,"periods":{"D":{"min":47.86248,"max":58.464226,"receiver_count":4,"unavailable_count":0},"E":{"min":45.643993,"max":56.24574,"receiver_count":4,"unavailable_count":0},"N":{"min":40.87278,"max":51.474525,"receiver_count":4,"unavailable_count":0}}}},{"type":"Feature","id":"dpw:202000151907@374149,3777826","geometry":{"type":"Polygon","coordinates":[[[-118.3648190860102,34.13376175634343],[-118.36493627619264,34.13379577635614],[-118.36496978709056,34.133715955071324],[-118.36502524713902,34.13373205491946],[-118.36505261286484,34.133666868768906],[-118.36487989229056,34.133616728457504],[-118.36482281173633,34.133752691876055],[-118.36478152555004,34.1337407061443],[-118.36476887587104,34.13377083578029],[-118.36481023479872,34.13378284203216],[-118.3648190860102,34.13376175634343]]]},"properties":{"building_pk":9501,"building_key":"dpw:202000151907@374149,3777826","source_tile":"cty-e374-n3777","source_tile_ids":["cty-e374-n3777"],"source_bld_id":"202000151907","height_m":6.913,"receiver_ids":[5271,5272,5273,5274,5275,5276,5277,5278],"receiver_keys":["cty-e374-n3777:la-e374-n3777:facade:202000151907:0","cty-e374-n3777:la-e374-n3777:facade:202000151907:1","cty-e374-n3777:la-e374-n3777:facade:202000151907:2","cty-e374-n3777:la-e374-n3777:facade:202000151907:3","cty-e374-n3777:la-e374-n3777:facade:202000151907:4","cty-e374-n3777:la-e374-n3777:facade:202000151907:5","cty-e374-n3777:la-e374-n3777:facade:202000151907:6","cty-e374-n3777:la-e374-n3777:facade:202000151907:8"],"receiver_count":8,"periods":{"D":{"min":50.199165,"max":59.00641,"receiver_count":8,"unavailable_count":0},"E":{"min":47.98068,"max":56.787918,"receiver_count":8,"unavailable_count":0},"N":{"min":43.209465,"max":52.01671,"receiver_count":8,"unavailable_count":0}}}},{"type":"Feature","id":"dpw:202000151908@374106,3777821","geometry":{"type":"Polygon","coordinates":[[[-118.3652774266611,34.13373243717824],[-118.36544116281782,34.13380107114579],[-118.36546172092865,34.133767157222664],[-118.36548089910511,34.13377519593151],[-118.36553472846286,34.133712899312805],[-118.36550247738066,34.133699380038124],[-118.36548975492994,34.13370908747875],[-118.36541559149435,34.133678000456925],[-118.36543041885719,34.133653541140376],[-118.36534653445797,34.13361837877116],[-118.36534082201412,34.133627801759985],[-118.36530872957279,34.13361434866807],[-118.36530754015503,34.133616311300024],[-118.36529842845104,34.13361249108137],[-118.36528098110456,34.13364127304954],[-118.36529172094238,34.133645774418085],[-118.3652836565593,34.133659077509705],[-118.36525263180322,34.1336460728459],[-118.36521516983599,34.133707871824534],[-118.36525814442753,34.13372588538421],[-118.3652433805091,34.133750239909666],[-118.36526192218089,34.133758012820216],[-118.3652774266611,34.13373243717824]]]},"properties":{"building_pk":9502,"building_key":"dpw:202000151908@374106,3777821","source_tile":"cty-e374-n3777","source_tile_ids":["cty-e374-n3777"],"source_bld_id":"202000151908","height_m":5.194,"receiver_ids":[6394,6395,6396,6397,6398,6399,6400,6401,6402],"receiver_keys":["cty-e374-n3777:la-e374-n3777:facade:202000151908:0","cty-e374-n3777:la-e374-n3777:facade:202000151908:1","cty-e374-n3777:la-e374-n3777:facade:202000151908:2","cty-e374-n3777:la-e374-n3777:facade:202000151908:3","cty-e374-n3777:la-e374-n3777:facade:202000151908:4","cty-e374-n3777:la-e374-n3777:facade:202000151908:5","cty-e374-n3777:la-e374-n3777:facade:202000151908:6","cty-e374-n3777:la-e374-n3777:facade:202000151908:8","cty-e374-n3777:la-e374-n3777:facade:202000151908:9"],"receiver_count":9,"periods":{"D":{"min":48.6895,"max":56.048004,"receiver_count":9,"unavailable_count":0},"E":{"min":46.471012,"max":53.829517,"receiver_count":9,"unavailable_count":0},"N":{"min":41.6998,"max":49.058304,"receiver_count":9,"unavailable_count":0}}}},{"type":"Feature","id":"dpw:202000151911@374486,3777846","geometry":{"type":"Polygon","coordinates":[[[-118.36115807386376,34.13398250501698],[-118.3612411068891,34.13403648608066],[-118.36128200543027,34.13399298555711],[-118.36125382146932,34.13397466313539],[-118.36127326868463,34.133953977877184],[-118.36128222953437,34.1339598029636],[-118.36129328595563,34.133948043642434],[-118.36123859347026,34.133912487353776],[-118.36122652261389,34.133925329741174],[-118.36122052444136,34.133921431394484],[-118.3612014279599,34.133941743261936],[-118.3611983054721,34.13393971331858],[-118.36115807386376,34.13398250501698]]]},"properties":{"building_pk":9505,"building_key":"dpw:202000151911@374486,3777846","source_tile":"cty-e374-n3777","source_tile_ids":["cty-e374-n3777"],"source_bld_id":"202000151911","height_m":4.255,"receiver_ids":[5213,5214,5215],"receiver_keys":["cty-e374-n3777:la-e374-n3777:facade:202000151911:0","cty-e374-n3777:la-e374-n3777:facade:202000151911:2","cty-e374-n3777:la-e374-n3777:facade:202000151911:4"],"receiver_count":3,"periods":{"D":{"min":52.06867,"max":63.807533,"receiver_count":3,"unavailable_count":0},"E":{"min":49.85018,"max":61.589046,"receiver_count":3,"unavailable_count":0},"N":{"min":45.078968,"max":56.817833,"receiver_count":3,"unavailable_count":0}}}},{"type":"Feature","id":"dpw:202000151920@374064,3777893","geometry":{"type":"Polygon","coordinates":[[[-118.36570101935608,34.134339632700666],[-118.36579407304971,34.13444555657863],[-118.36593758362876,34.134360401280944],[-118.36585185301817,34.13426281258712],[-118.36580928253494,34.1342886730604],[-118.36580080221225,34.13427901983451],[-118.36570101935608,34.134339632700666]]]},"properties":{"building_pk":9511,"building_key":"dpw:202000151920@374064,3777893","source_tile":"cty-e374-n3777","source_tile_ids":["cty-e374-n3777"],"source_bld_id":"202000151920","height_m":8.272,"receiver_ids":[6453,6454,6455,6456,6457],"receiver_keys":["cty-e374-n3777:la-e374-n3777:facade:202000151920:0","cty-e374-n3777:la-e374-n3777:facade:202000151920:1","cty-e374-n3777:la-e374-n3777:facade:202000151920:2","cty-e374-n3777:la-e374-n3777:facade:202000151920:3","cty-e374-n3777:la-e374-n3777:facade:202000151920:6"],"receiver_count":5,"periods":{"D":{"min":51.07063,"max":63.964996,"receiver_count":5,"unavailable_count":0},"E":{"min":48.852142,"max":61.74651,"receiver_count":5,"unavailable_count":0},"N":{"min":44.08093,"max":56.975296,"receiver_count":5,"unavailable_count":0}}}},{"type":"Feature","id":"dpw:202000151929@374008,3777949","geometry":{"type":"Polygon","coordinates":[[[-118.36642617071584,34.13487777673823],[-118.36645418172192,34.13489811251423],[-118.36649865388048,34.13486135459277],[-118.3664822513914,34.13485195712815],[-118.36650017983901,34.1348303200018],[-118.36644134268809,34.1347865304723],[-118.36643815042062,34.134790382495495],[-118.36641862348623,34.13476815301633],[-118.36639635096473,34.13479503400921],[-118.36639289523286,34.13479294841283],[-118.3663540612073,34.134835742119755],[-118.36642657406173,34.134877289587756],[-118.36642617071584,34.13487777673823]]]},"properties":{"building_pk":9516,"building_key":"dpw:202000151929@374008,3777949","source_tile":"cty-e374-n3777","source_tile_ids":["cty-e374-n3777"],"source_bld_id":"202000151929","height_m":9.687,"receiver_ids":[6487,6488,6489,6490,6491],"receiver_keys":["cty-e374-n3777:la-e374-n3777:facade:202000151929:0","cty-e374-n3777:la-e374-n3777:facade:202000151929:1","cty-e374-n3777:la-e374-n3777:facade:202000151929:2","cty-e374-n3777:la-e374-n3777:facade:202000151929:3","cty-e374-n3777:la-e374-n3777:facade:202000151929:4"],"receiver_count":5,"periods":{"D":{"min":44.7587,"max":61.04639,"receiver_count":5,"unavailable_count":0},"E":{"min":42.540215,"max":58.827904,"receiver_count":5,"unavailable_count":0},"N":{"min":37.769,"max":54.05669,"receiver_count":5,"unavailable_count":0}}}},{"type":"Feature","id":"dpw:202300111492@374499,3777150","geometry":{"type":"Polygon","coordinates":[[[-118.36099320548104,34.12776413971162],[-118.36097515090923,34.12779320053989],[-118.36102611067129,34.12781509989866],[-118.36105048274825,34.12777587971968],[-118.36104274429177,34.12777255363038],[-118.3610571287363,34.12774940520721],[-118.36108859192646,34.127762925306065],[-118.36111035105453,34.12772790956896],[-118.36112124462466,34.127732591152274],[-118.36122162853712,34.12757104524448],[-118.36109031175367,34.12749450778439],[-118.36104349166838,34.12756985464692],[-118.3610883952019,34.12760194229198],[-118.36099763177586,34.12769585771043],[-118.36097228009292,34.127684963540254],[-118.36098140857665,34.12767027190027],[-118.36092773367048,34.12764720502843],[-118.3609355853219,34.12763457090278],[-118.3608595379692,34.12760189011757],[-118.36085123952724,34.12761524499746],[-118.36084111494289,34.12761089376084],[-118.36080865321986,34.127663131878265],[-118.36086530835068,34.12768747910116],[-118.3608546672138,34.127704603985045],[-118.36099320548104,34.12776413971162]]]},"properties":{"building_pk":9834,"building_key":"dpw:202300111492@374499,3777150","source_tile":"cty-e374-n3777","source_tile_ids":["cty-e374-n3777"],"source_bld_id":"202300111492","height_m":7.83,"receiver_ids":[3294,3295,3296,3297,3298,3299,3300,3301,3302,3303,3304,3305,3306],"receiver_keys":["cty-e374-n3777:la-e374-n3777:facade:202300111492:0","cty-e374-n3777:la-e374-n3777:facade:202300111492:10","cty-e374-n3777:la-e374-n3777:facade:202300111492:11","cty-e374-n3777:la-e374-n3777:facade:202300111492:12","cty-e374-n3777:la-e374-n3777:facade:202300111492:13","cty-e374-n3777:la-e374-n3777:facade:202300111492:14","cty-e374-n3777:la-e374-n3777:facade:202300111492:2","cty-e374-n3777:la-e374-n3777:facade:202300111492:3","cty-e374-n3777:la-e374-n3777:facade:202300111492:4","cty-e374-n3777:la-e374-n3777:facade:202300111492:5","cty-e374-n3777:la-e374-n3777:facade:202300111492:6","cty-e374-n3777:la-e374-n3777:facade:202300111492:7","cty-e374-n3777:la-e374-n3777:facade:202300111492:8"],"receiver_count":13,"periods":{"D":{"min":42.882687,"max":54.815895,"receiver_count":13,"unavailable_count":0},"E":{"min":40.6642,"max":52.597404,"receiver_count":13,"unavailable_count":0},"N":{"min":35.892986,"max":47.826195,"receiver_count":13,"unavailable_count":0}}}},{"type":"Feature","id":"dpw:202300111508@374276,3777160","geometry":{"type":"Polygon","coordinates":[[[-118.36344386932149,34.12777695215569],[-118.36345806366863,34.12773541809827],[-118.36339486071125,34.127720486677575],[-118.36338067175946,34.127762021612796],[-118.36344386932149,34.12777695215569]]]},"properties":{"building_pk":9840,"building_key":"dpw:202300111508@374276,3777160","source_tile":"cty-e374-n3777","source_tile_ids":["cty-e374-n3777"],"source_bld_id":"202300111508","height_m":4.535,"receiver_ids":[3139,3140,3141,3142],"receiver_keys":["cty-e374-n3777:la-e374-n3777:facade:202300111508:0","cty-e374-n3777:la-e374-n3777:facade:202300111508:1","cty-e374-n3777:la-e374-n3777:facade:202300111508:2","cty-e374-n3777:la-e374-n3777:facade:202300111508:3"],"receiver_count":4,"periods":{"D":{"min":41.514248,"max":45.00526,"receiver_count":4,"unavailable_count":0},"E":{"min":39.295757,"max":42.786774,"receiver_count":4,"unavailable_count":0},"N":{"min":34.524548,"max":38.015564,"receiver_count":4,"unavailable_count":0}}}},{"type":"Feature","id":"dpw:202300111618@374418,3777874","geometry":{"type":"Polygon","coordinates":[[[-118.36167501186958,34.13415468805523],[-118.36194376274726,34.13444017893862],[-118.36197608721896,34.13441914127391],[-118.36197959437739,34.13442286673566],[-118.3620143405461,34.134400253136505],[-118.36202095187693,34.13440727793676],[-118.36205818244065,34.134383046741526],[-118.3620519022223,34.13437637435355],[-118.36208181250167,34.134356908055835],[-118.3620892842846,34.13436484623526],[-118.36212571694199,34.1343411339892],[-118.36211932998613,34.13433434923257],[-118.36215039378854,34.134314132088946],[-118.36215667291803,34.13432080267202],[-118.36218685342975,34.13430115973906],[-118.3621798096961,34.13429367736175],[-118.36228236559734,34.13422692955723],[-118.3620787544075,34.13401060758363],[-118.36203417133657,34.134039622718504],[-118.36204001150098,34.13404582762665],[-118.36201135974456,34.13406447515686],[-118.36199448404858,34.134046545466774],[-118.3619802035781,34.13405584069292],[-118.36195945805218,34.134033799863396],[-118.3619255963771,34.13405583832357],[-118.36191275936514,34.1340422004613],[-118.36186861083443,34.13407093385629],[-118.36185635326316,34.134057910002326],[-118.36180917216922,34.134088617801524],[-118.36179972140454,34.134078575934645],[-118.36176022379317,34.13410428243672],[-118.36176672724882,34.134111192176974],[-118.36172282080253,34.134139767926776],[-118.36171336786633,34.13412972425651],[-118.36167501186958,34.13415468805523]]]},"properties":{"building_pk":9854,"building_key":"dpw:202300111618@374418,3777874","source_tile":"cty-e374-n3777","source_tile_ids":["cty-e374-n3777"],"source_bld_id":"202300111618","height_m":19.586,"receiver_ids":[5410,5411,5412,5413,5414,5415,5416,5417,5418,5419,5420,5421,5422,5423],"receiver_keys":["cty-e374-n3777:la-e374-n3777:facade:202300111618:1","cty-e374-n3777:la-e374-n3777:facade:202300111618:10","cty-e374-n3777:la-e374-n3777:facade:202300111618:11","cty-e374-n3777:la-e374-n3777:facade:202300111618:12","cty-e374-n3777:la-e374-n3777:facade:202300111618:13","cty-e374-n3777:la-e374-n3777:facade:202300111618:15","cty-e374-n3777:la-e374-n3777:facade:202300111618:2","cty-e374-n3777:la-e374-n3777:facade:202300111618:3","cty-e374-n3777:la-e374-n3777:facade:202300111618:4","cty-e374-n3777:la-e374-n3777:facade:202300111618:5","cty-e374-n3777:la-e374-n3777:facade:202300111618:6","cty-e374-n3777:la-e374-n3777:facade:202300111618:7","cty-e374-n3777:la-e374-n3777:facade:202300111618:8","cty-e374-n3777:la-e374-n3777:facade:202300111618:9"],"receiver_count":14,"periods":{"D":{"min":48.994175,"max":69.13202,"receiver_count":14,"unavailable_count":0},"E":{"min":46.77569,"max":66.91353,"receiver_count":14,"unavailable_count":0},"N":{"min":42.004475,"max":62.14232,"receiver_count":14,"unavailable_count":0}}}},{"type":"Feature","id":"dpw:202300111644@374897,3777737","geometry":{"type":"Polygon","coordinates":[[[-118.35687518592704,34.132990800349795],[-118.35677220630933,34.13292921302397],[-118.35669870689317,34.133014183294875],[-118.35673293960565,34.133034658919456],[-118.35673672629324,34.133030281607375],[-118.35677012861264,34.13305026112299],[-118.35676581437995,34.13305524852962],[-118.35680115361805,34.133076386202305],[-118.35687518592704,34.132990800349795]]]},"properties":{"building_pk":9876,"building_key":"dpw:202300111644@374897,3777737","source_tile":"cty-e374-n3777","source_tile_ids":["cty-e374-n3777"],"source_bld_id":"202300111644","height_m":8.8,"receiver_ids":[5844,5845,5846,5847],"receiver_keys":["cty-e374-n3777:la-e374-n3777:facade:202300111644:0","cty-e374-n3777:la-e374-n3777:facade:202300111644:1","cty-e374-n3777:la-e374-n3777:facade:202300111644:2","cty-e374-n3777:la-e374-n3777:facade:202300111644:3"],"receiver_count":4,"periods":{"D":{"min":60.04814,"max":70.7044,"receiver_count":4,"unavailable_count":0},"E":{"min":57.82965,"max":68.485916,"receiver_count":4,"unavailable_count":0},"N":{"min":53.05844,"max":63.714703,"receiver_count":4,"unavailable_count":0}}}},{"type":"Feature","id":"dpw:202300111645@374883,3777717","geometry":{"type":"Polygon","coordinates":[[[-118.3568693969523,34.13275372260525],[-118.35681410038534,34.132814760232144],[-118.35685454102739,34.13284009570566],[-118.3568161910962,34.13288242602382],[-118.3569151632819,34.13294442993445],[-118.35698873486697,34.13286322322903],[-118.35697849152946,34.132856806599726],[-118.35699306102083,34.132840725254034],[-118.35696527040882,34.13282331393066],[-118.35697077793898,34.13281723483946],[-118.3568693969523,34.13275372260525]]]},"properties":{"building_pk":9877,"building_key":"dpw:202300111645@374883,3777717","source_tile":"cty-e374-n3777","source_tile_ids":["cty-e374-n3777"],"source_bld_id":"202300111645","height_m":16.377,"receiver_ids":[5839,5840,5841,5842,5843],"receiver_keys":["cty-e374-n3777:la-e374-n3777:facade:202300111645:0","cty-e374-n3777:la-e374-n3777:facade:202300111645:1","cty-e374-n3777:la-e374-n3777:facade:202300111645:2","cty-e374-n3777:la-e374-n3777:facade:202300111645:5","cty-e374-n3777:la-e374-n3777:facade:202300111645:6"],"receiver_count":5,"periods":{"D":{"min":56.856613,"max":68.30069,"receiver_count":5,"unavailable_count":0},"E":{"min":54.638126,"max":66.08221,"receiver_count":5,"unavailable_count":0},"N":{"min":49.866913,"max":61.310993,"receiver_count":5,"unavailable_count":0}}}},{"type":"Feature","id":"dpw:202300111646@374900,3777704","geometry":{"type":"Polygon","coordinates":[[[-118.3567277139683,34.13275674445372],[-118.35672665889513,34.132757968246565],[-118.35677689808169,34.132787892493475],[-118.35682610112814,34.13273077201304],[-118.35667215451818,34.132639075006054],[-118.35662400649439,34.132694971631786],[-118.3567277139683,34.13275674445372]]]},"properties":{"building_pk":9878,"building_key":"dpw:202300111646@374900,3777704","source_tile":"cty-e374-n3777","source_tile_ids":["cty-e374-n3777"],"source_bld_id":"202300111646","height_m":14.941,"receiver_ids":[5820,5821,5822,5823,5824,5825],"receiver_keys":["cty-e374-n3777:la-e374-n3777:facade:202300111646:0","cty-e374-n3777:la-e374-n3777:facade:202300111646:1","cty-e374-n3777:la-e374-n3777:facade:202300111646:2","cty-e374-n3777:la-e374-n3777:facade:202300111646:3","cty-e374-n3777:la-e374-n3777:facade:202300111646:4","cty-e374-n3777:la-e374-n3777:facade:202300111646:5"],"receiver_count":6,"periods":{"D":{"min":56.771355,"max":69.97598,"receiver_count":6,"unavailable_count":0},"E":{"min":54.552864,"max":67.75749,"receiver_count":6,"unavailable_count":0},"N":{"min":49.781654,"max":62.98628,"receiver_count":6,"unavailable_count":0}}}},{"type":"Feature","id":"dpw:202300111647@374987,3777651","geometry":{"type":"Polygon","coordinates":[[[-118.35580698205573,34.13228804977216],[-118.35582103369518,34.132247066977285],[-118.3557444941916,34.132228920770956],[-118.35573044360179,34.13226990355374],[-118.35580698205573,34.13228804977216]]]},"properties":{"building_pk":9879,"building_key":"dpw:202300111647@374987,3777651","source_tile":"cty-e374-n3777","source_tile_ids":["cty-e374-n3777"],"source_bld_id":"202300111647","height_m":2.865,"receiver_ids":[5776,5777,5778,5779],"receiver_keys":["cty-e374-n3777:la-e374-n3777:facade:202300111647:0","cty-e374-n3777:la-e374-n3777:facade:202300111647:1","cty-e374-n3777:la-e374-n3777:facade:202300111647:2","cty-e374-n3777:la-e374-n3777:facade:202300111647:3"],"receiver_count":4,"periods":{"D":{"min":68.50072,"max":69.00994,"receiver_count":4,"unavailable_count":0},"E":{"min":66.28223,"max":66.79146,"receiver_count":4,"unavailable_count":0},"N":{"min":61.511017,"max":62.02024,"receiver_count":4,"unavailable_count":0}}}},{"type":"Feature","id":"dpw:202300111692@374255,3777615","geometry":{"type":"Polygon","coordinates":[[[-118.3637380032707,34.13172284554662],[-118.36374402890746,34.13169046318219],[-118.3636396724817,34.13167703416134],[-118.36360759321994,34.13179671847952],[-118.363699205191,34.13183916393939],[-118.36367857382153,34.13187124586029],[-118.36368770944918,34.13187589103331],[-118.36364430593476,34.13194887742606],[-118.36366631000257,34.13196666614218],[-118.36370754279042,34.13198381009793],[-118.36371280120693,34.13197865822633],[-118.3637239404556,34.13198009240816],[-118.36383604093403,34.13180913578853],[-118.36384943120252,34.13173718448328],[-118.3637380032707,34.13172284554662]]]},"properties":{"building_pk":9901,"building_key":"dpw:202300111692@374255,3777615","source_tile":"cty-e374-n3777","source_tile_ids":["cty-e374-n3777"],"source_bld_id":"202300111692","height_m":4.368,"receiver_ids":[4335,4336,4337,4338,4339,4340,4341,4342,4343,4344],"receiver_keys":["cty-e374-n3777:la-e374-n3777:facade:202300111692:0","cty-e374-n3777:la-e374-n3777:facade:202300111692:1","cty-e374-n3777:la-e374-n3777:facade:202300111692:2","cty-e374-n3777:la-e374-n3777:facade:202300111692:3","cty-e374-n3777:la-e374-n3777:facade:202300111692:4","cty-e374-n3777:la-e374-n3777:facade:202300111692:5","cty-e374-n3777:la-e374-n3777:facade:202300111692:6","cty-e374-n3777:la-e374-n3777:facade:202300111692:7","cty-e374-n3777:la-e374-n3777:facade:202300111692:8","cty-e374-n3777:la-e374-n3777:facade:202300111692:9"],"receiver_count":10,"periods":{"D":{"min":60.90157,"max":62.913,"receiver_count":10,"unavailable_count":0},"E":{"min":58.683083,"max":60.694508,"receiver_count":10,"unavailable_count":0},"N":{"min":53.91187,"max":55.923298,"receiver_count":10,"unavailable_count":0}}}},{"type":"Feature","id":"dpw:202300119709@374474,3777109","geometry":{"type":"Polygon","coordinates":[[[-118.36112875056065,34.127416357828125],[-118.3612421788726,34.12745551965827],[-118.3612600243949,34.12741976551307],[-118.36125703329782,34.12741873317937],[-118.36130968737871,34.127313235869245],[-118.36133957444115,34.12732355204859],[-118.36136364171415,34.12727532998297],[-118.3613044745277,34.12725490677401],[-118.36131269758329,34.12723843187346],[-118.3612773571066,34.12722623335412],[-118.3612688116163,34.12724335471539],[-118.36120726788843,34.127222110952594],[-118.36118117781355,34.12727438422145],[-118.36119690194239,34.12727981135739],[-118.36112875056065,34.127416357828125]]]},"properties":{"building_pk":9967,"building_key":"dpw:202300119709@374474,3777109","source_tile":"cty-e374-n3777","source_tile_ids":["cty-e374-n3777"],"source_bld_id":"202300119709","height_m":4.197,"receiver_ids":[3264,3265,3266,3267,3268,3269,3270,3271,3272],"receiver_keys":["cty-e374-n3777:la-e374-n3777:facade:202300119709:0","cty-e374-n3777:la-e374-n3777:facade:202300119709:1","cty-e374-n3777:la-e374-n3777:facade:202300119709:2","cty-e374-n3777:la-e374-n3777:facade:202300119709:3","cty-e374-n3777:la-e374-n3777:facade:202300119709:4","cty-e374-n3777:la-e374-n3777:facade:202300119709:5","cty-e374-n3777:la-e374-n3777:facade:202300119709:6","cty-e374-n3777:la-e374-n3777:facade:202300119709:7","cty-e374-n3777:la-e374-n3777:facade:202300119709:8"],"receiver_count":9,"periods":{"D":{"min":47.220882,"max":56.651993,"receiver_count":9,"unavailable_count":0},"E":{"min":45.002396,"max":54.433502,"receiver_count":9,"unavailable_count":0},"N":{"min":40.231182,"max":49.662292,"receiver_count":9,"unavailable_count":0}}}},{"type":"Feature","id":"dpw:202300119711@374904,3777324","geometry":{"type":"Polygon","coordinates":[[[-118.3566776965393,34.129380668612754],[-118.35667762763696,34.12938433806551],[-118.35673465035471,34.12938508935124],[-118.35673552536097,34.129339142717924],[-118.35675754039497,34.12933943294667],[-118.35676514853252,34.12919031094798],[-118.35664931633998,34.129180578124675],[-118.35665220243392,34.12927641815529],[-118.35665950643836,34.12927651380296],[-118.35665915570686,34.12929492869988],[-118.35660531507104,34.12929421937825],[-118.35660583153211,34.12926712941832],[-118.35656947195962,34.12926665068592],[-118.35656967111201,34.12925615532406],[-118.35651391153498,34.129255420970374],[-118.3565131896956,34.12929333446887],[-118.35652056742708,34.12929343171054],[-118.35652002781976,34.12932170996208],[-118.35655931466039,34.12932222785565],[-118.35655823028574,34.12937909360114],[-118.3566776965393,34.129380668612754]]]},"properties":{"building_pk":9969,"building_key":"dpw:202300119711@374904,3777324","source_tile":"cty-e374-n3777","source_tile_ids":["cty-e374-n3777"],"source_bld_id":"202300119711","height_m":7.818,"receiver_ids":[3895,3896,3897,3898,3899,3900,3901,3902,3903,3904],"receiver_keys":["cty-e374-n3777:la-e374-n3777:facade:202300119711:0","cty-e374-n3777:la-e374-n3777:facade:202300119711:1","cty-e374-n3777:la-e374-n3777:facade:202300119711:10","cty-e374-n3777:la-e374-n3777:facade:202300119711:2","cty-e374-n3777:la-e374-n3777:facade:202300119711:3","cty-e374-n3777:la-e374-n3777:facade:202300119711:4","cty-e374-n3777:la-e374-n3777:facade:202300119711:5","cty-e374-n3777:la-e374-n3777:facade:202300119711:7","cty-e374-n3777:la-e374-n3777:facade:202300119711:8","cty-e374-n3777:la-e374-n3777:facade:202300119711:9"],"receiver_count":10,"periods":{"D":{"min":48.165474,"max":63.166245,"receiver_count":10,"unavailable_count":0},"E":{"min":45.946987,"max":60.947754,"receiver_count":10,"unavailable_count":0},"N":{"min":41.175774,"max":56.176544,"receiver_count":10,"unavailable_count":0}}}},{"type":"Feature","id":"dpw:202300119716@374562,3777431","geometry":{"type":"Polygon","coordinates":[[[-118.36034725837733,34.130319977764955],[-118.36039180368577,34.130231736981294],[-118.36038599927149,34.130229710506185],[-118.36041157304683,34.13017905900834],[-118.36036052333021,34.13016123459449],[-118.36034180869223,34.130198299325585],[-118.36033108366948,34.13019455476549],[-118.36027967262172,34.13029637959434],[-118.36034725837733,34.130319977764955]]]},"properties":{"building_pk":9971,"building_key":"dpw:202300119716@374562,3777431","source_tile":"cty-e374-n3777","source_tile_ids":["cty-e374-n3777"],"source_bld_id":"202300119716","height_m":7.297,"receiver_ids":[3635,3636,3637,3638,3639],"receiver_keys":["cty-e374-n3777:la-e374-n3777:facade:202300119716:0","cty-e374-n3777:la-e374-n3777:facade:202300119716:1","cty-e374-n3777:la-e374-n3777:facade:202300119716:2","cty-e374-n3777:la-e374-n3777:facade:202300119716:3","cty-e374-n3777:la-e374-n3777:facade:202300119716:4"],"receiver_count":5,"periods":{"D":{"min":57.582817,"max":62.066235,"receiver_count":5,"unavailable_count":0},"E":{"min":55.36433,"max":59.847748,"receiver_count":5,"unavailable_count":0},"N":{"min":50.593117,"max":55.076534,"receiver_count":5,"unavailable_count":0}}}},{"type":"Feature","id":"dpw:202300119752@374703,3777311","geometry":{"type":"Polygon","coordinates":[[[-118.3589234701501,34.129204935052435],[-118.35890391637685,34.12913276118608],[-118.35884852652056,34.12914313463104],[-118.35884087394778,34.12911487257424],[-118.35865797926795,34.129149122922406],[-118.3586851766912,34.129249559823144],[-118.3589234701501,34.129204935052435]]]},"properties":{"building_pk":9992,"building_key":"dpw:202300119752@374703,3777311","source_tile":"cty-e374-n3777","source_tile_ids":["cty-e374-n3777"],"source_bld_id":"202300119752","height_m":4.828,"receiver_ids":[3601,3602,3603,3604,3605,3606,3607],"receiver_keys":["cty-e374-n3777:la-e374-n3777:facade:202300119752:0","cty-e374-n3777:la-e374-n3777:facade:202300119752:1","cty-e374-n3777:la-e374-n3777:facade:202300119752:2","cty-e374-n3777:la-e374-n3777:facade:202300119752:3","cty-e374-n3777:la-e374-n3777:facade:202300119752:4","cty-e374-n3777:la-e374-n3777:facade:202300119752:5","cty-e374-n3777:la-e374-n3777:facade:202300119752:6"],"receiver_count":7,"periods":{"D":{"min":59.37879,"max":60.877434,"receiver_count":7,"unavailable_count":0},"E":{"min":57.160305,"max":58.658947,"receiver_count":7,"unavailable_count":0},"N":{"min":52.38909,"max":53.887733,"receiver_count":7,"unavailable_count":0}}}},{"type":"Feature","id":"dpw:202300119773@374183,3777228","geometry":{"type":"Polygon","coordinates":[[[-118.36437369355446,34.12847125703931],[-118.3644133604365,34.12843767605463],[-118.3644182301739,34.12844165427432],[-118.36449562830421,34.12837613258393],[-118.36449812300751,34.12837816974388],[-118.36451908349548,34.12836042561515],[-118.36451179630346,34.12835447401598],[-118.36459656813034,34.128282709426955],[-118.36453315605763,34.128230906419994],[-118.36451208219792,34.1282487473575],[-118.364440259165,34.12819007472198],[-118.36429989216838,34.12830890376179],[-118.36435748134033,34.12835594360009],[-118.36433658778444,34.128373630702285],[-118.36435793365543,34.12839106877203],[-118.36431746857139,34.128425324689964],[-118.36437369355446,34.12847125703931]]]},"properties":{"building_pk":10006,"building_key":"dpw:202300119773@374183,3777228","source_tile":"cty-e374-n3777","source_tile_ids":["cty-e374-n3777"],"source_bld_id":"202300119773","height_m":4.596,"receiver_ids":[4132,4133,4134,4135,4136,4137,4138,4139,4140],"receiver_keys":["cty-e374-n3777:la-e374-n3777:facade:202300119773:0","cty-e374-n3777:la-e374-n3777:facade:202300119773:1","cty-e374-n3777:la-e374-n3777:facade:202300119773:2","cty-e374-n3777:la-e374-n3777:facade:202300119773:3","cty-e374-n3777:la-e374-n3777:facade:202300119773:5","cty-e374-n3777:la-e374-n3777:facade:202300119773:6","cty-e374-n3777:la-e374-n3777:facade:202300119773:7","cty-e374-n3777:la-e374-n3777:facade:202300119773:8","cty-e374-n3777:la-e374-n3777:facade:202300119773:9"],"receiver_count":9,"periods":{"D":{"min":49.666176,"max":57.969234,"receiver_count":9,"unavailable_count":0},"E":{"min":47.44769,"max":55.750748,"receiver_count":9,"unavailable_count":0},"N":{"min":42.676476,"max":50.979534,"receiver_count":9,"unavailable_count":0}}}},{"type":"Feature","id":"dpw:202300120012@374664,3777571","geometry":{"type":"Polygon","coordinates":[[[-118.359340843941,34.13149125764675],[-118.35932157411351,34.13149190183094],[-118.35931832490716,34.13142480208091],[-118.35930935718741,34.131425101903794],[-118.35930809485066,34.13139902964038],[-118.35923672709747,34.13140141897321],[-118.35923854868821,34.13143906348923],[-118.3592305652165,34.13143933063043],[-118.359231718035,34.13146313315334],[-118.35922310585845,34.13146342199628],[-118.35922566259664,34.13151622815654],[-118.35917237111381,34.131518011989435],[-118.35917525038121,34.131577511094264],[-118.3592309461585,34.13157564618888],[-118.35923154346632,34.13158799545154],[-118.3592975110104,34.13158578715532],[-118.35929786198582,34.13159303535983],[-118.35934569352618,34.13159143448765],[-118.359340843941,34.13149125764675]]]},"properties":{"building_pk":10048,"building_key":"dpw:202300120012@374664,3777571","source_tile":"cty-e374-n3777","source_tile_ids":["cty-e374-n3777"],"source_bld_id":"202300120012","height_m":6.361,"receiver_ids":[4706,4707,4708,4709,4710,4711,4712],"receiver_keys":["cty-e374-n3777:la-e374-n3777:facade:202300120012:0","cty-e374-n3777:la-e374-n3777:facade:202300120012:1","cty-e374-n3777:la-e374-n3777:facade:202300120012:2","cty-e374-n3777:la-e374-n3777:facade:202300120012:3","cty-e374-n3777:la-e374-n3777:facade:202300120012:4","cty-e374-n3777:la-e374-n3777:facade:202300120012:6","cty-e374-n3777:la-e374-n3777:facade:202300120012:7"],"receiver_count":7,"periods":{"D":{"min":54.915527,"max":60.266544,"receiver_count":7,"unavailable_count":0},"E":{"min":52.69704,"max":58.048054,"receiver_count":7,"unavailable_count":0},"N":{"min":47.925827,"max":53.276844,"receiver_count":7,"unavailable_count":0}}}},{"type":"Feature","id":"dpw:202300120020@374590,3777671","geometry":{"type":"Polygon","coordinates":[[[-118.36005124031067,34.132533231023636],[-118.36011000676737,34.132482492434676],[-118.3600770804812,34.13245612504243],[-118.36016779042492,34.13237779623044],[-118.36014176141984,34.13235695184704],[-118.36019395512349,34.13231188182219],[-118.36015217776139,34.13227842590595],[-118.36006177995999,34.13232500078948],[-118.35997459304555,34.132381085357906],[-118.3599172768144,34.13242595236885],[-118.36005124031067,34.132533231023636]]]},"properties":{"building_pk":10054,"building_key":"dpw:202300120020@374590,3777671","source_tile":"cty-e374-n3777","source_tile_ids":["cty-e374-n3777"],"source_bld_id":"202300120020","height_m":19.565,"receiver_ids":[4937,4938,4939,4940,4941,4942,4943,4944,4945],"receiver_keys":["cty-e374-n3777:la-e374-n3777:facade:202300120020:0","cty-e374-n3777:la-e374-n3777:facade:202300120020:1","cty-e374-n3777:la-e374-n3777:facade:202300120020:2","cty-e374-n3777:la-e374-n3777:facade:202300120020:3","cty-e374-n3777:la-e374-n3777:facade:202300120020:4","cty-e374-n3777:la-e374-n3777:facade:202300120020:5","cty-e374-n3777:la-e374-n3777:facade:202300120020:6","cty-e374-n3777:la-e374-n3777:facade:202300120020:7","cty-e374-n3777:la-e374-n3777:facade:202300120020:8"],"receiver_count":9,"periods":{"D":{"min":51.24886,"max":64.76985,"receiver_count":9,"unavailable_count":0},"E":{"min":49.030373,"max":62.551365,"receiver_count":9,"unavailable_count":0},"N":{"min":44.25916,"max":57.780155,"receiver_count":9,"unavailable_count":0}}}},{"type":"Feature","id":"dpw:202300120042@374452,3777513","geometry":{"type":"Polygon","coordinates":[[[-118.36143001520982,34.13093560775297],[-118.36144203271408,34.130946887893955],[-118.36142608618846,34.13095863841116],[-118.36147111264538,34.13100089668042],[-118.3614445278819,34.13102048541033],[-118.36150941594977,34.13108138302385],[-118.3616057175886,34.1310104235864],[-118.36157556056781,34.13098212173733],[-118.36160167519024,34.1309628787716],[-118.36161397138095,34.13097441860571],[-118.36167741695668,34.13092766897191],[-118.36164213180744,34.130894552957166],[-118.36168623426516,34.13086205586871],[-118.36161744816998,34.13079749986073],[-118.36143001520982,34.13093560775297]]]},"properties":{"building_pk":10065,"building_key":"dpw:202300120042@374452,3777513","source_tile":"cty-e374-n3777","source_tile_ids":["cty-e374-n3777"],"source_bld_id":"202300120042","height_m":10.82,"receiver_ids":[4743,4744,4745,4746,4747,4748,4749,4750,4751],"receiver_keys":["cty-e374-n3777:la-e374-n3777:facade:202300120042:0","cty-e374-n3777:la-e374-n3777:facade:202300120042:1","cty-e374-n3777:la-e374-n3777:facade:202300120042:2","cty-e374-n3777:la-e374-n3777:facade:202300120042:3","cty-e374-n3777:la-e374-n3777:facade:202300120042:5","cty-e374-n3777:la-e374-n3777:facade:202300120042:6","cty-e374-n3777:la-e374-n3777:facade:202300120042:7","cty-e374-n3777:la-e374-n3777:facade:202300120042:8","cty-e374-n3777:la-e374-n3777:facade:202300120042:9"],"receiver_count":9,"periods":{"D":{"min":48.010223,"max":61.85817,"receiver_count":9,"unavailable_count":0},"E":{"min":45.791737,"max":59.639683,"receiver_count":9,"unavailable_count":0},"N":{"min":41.020523,"max":54.86847,"receiver_count":9,"unavailable_count":0}}}},{"type":"Feature","id":"dpw:202300120043@374474,3777529","geometry":{"type":"Polygon","coordinates":[[[-118.36136142114404,34.131119566542004],[-118.36135502381424,34.13107821149099],[-118.36127742327247,34.13108651039495],[-118.36128381840015,34.13112786635812],[-118.36136142114404,34.131119566542004]]]},"properties":{"building_pk":10066,"building_key":"dpw:202300120043@374474,3777529","source_tile":"cty-e374-n3777","source_tile_ids":["cty-e374-n3777"],"source_bld_id":"202300120043","height_m":3.719,"receiver_ids":[4760,4761,4762],"receiver_keys":["cty-e374-n3777:la-e374-n3777:facade:202300120043:0","cty-e374-n3777:la-e374-n3777:facade:202300120043:1","cty-e374-n3777:la-e374-n3777:facade:202300120043:3"],"receiver_count":3,"periods":{"D":{"min":60.74101,"max":61.45003,"receiver_count":3,"unavailable_count":0},"E":{"min":58.522522,"max":59.231544,"receiver_count":3,"unavailable_count":0},"N":{"min":53.75131,"max":54.46033,"receiver_count":3,"unavailable_count":0}}}},{"type":"Feature","id":"dpw:202300120089@374444,3777769","geometry":{"type":"Polygon","coordinates":[[[-118.36172332529338,34.13342987464458],[-118.36177932871297,34.13339837056242],[-118.36178971598713,34.133411139477694],[-118.36183967582913,34.13338303601802],[-118.36169839821589,34.13320936508187],[-118.36167530558072,34.13322235498909],[-118.36162186531602,34.13315666129739],[-118.36161106308626,34.133162737508776],[-118.3615682117587,34.133110061845244],[-118.36149614244478,34.133150601286964],[-118.36172332529338,34.13342987464458]]]},"properties":{"building_pk":10093,"building_key":"dpw:202300120089@374444,3777769","source_tile":"cty-e374-n3777","source_tile_ids":["cty-e374-n3777"],"source_bld_id":"202300120089","height_m":11.552,"receiver_ids":[5128,5129,5130,5131,5132,5133,5134,5135,5136],"receiver_keys":["cty-e374-n3777:la-e374-n3777:facade:202300120089:0","cty-e374-n3777:la-e374-n3777:facade:202300120089:1","cty-e374-n3777:la-e374-n3777:facade:202300120089:10","cty-e374-n3777:la-e374-n3777:facade:202300120089:2","cty-e374-n3777:la-e374-n3777:facade:202300120089:4","cty-e374-n3777:la-e374-n3777:facade:202300120089:5","cty-e374-n3777:la-e374-n3777:facade:202300120089:6","cty-e374-n3777:la-e374-n3777:facade:202300120089:7","cty-e374-n3777:la-e374-n3777:facade:202300120089:8"],"receiver_count":9,"periods":{"D":{"min":45.220097,"max":63.17008,"receiver_count":9,"unavailable_count":0},"E":{"min":43.00161,"max":60.95159,"receiver_count":9,"unavailable_count":0},"N":{"min":38.230396,"max":56.180378,"receiver_count":9,"unavailable_count":0}}}},{"type":"Feature","id":"dpw:202300120090@374388,3777782","geometry":{"type":"Polygon","coordinates":[[[-118.36216552944546,34.133224102980876],[-118.36211741589311,34.13326791932026],[-118.36214239457978,34.1332868849227],[-118.36212171569807,34.133305717749245],[-118.3622361115793,34.13339257603487],[-118.36224407687769,34.133385322749774],[-118.36235739286913,34.133471360154026],[-118.3623627664152,34.13346646583561],[-118.36239893369122,34.133493927273854],[-118.36242869012833,34.13346682624445],[-118.36239321900754,34.13343989373262],[-118.36241328232381,34.13342162165716],[-118.36236598862268,34.13338571283186],[-118.36237772813135,34.133375022387725],[-118.36221752115142,34.13325338233694],[-118.36221141544294,34.1332589432747],[-118.36216552944546,34.133224102980876]]]},"properties":{"building_pk":10094,"building_key":"dpw:202300120090@374388,3777782","source_tile":"cty-e374-n3777","source_tile_ids":["cty-e374-n3777"],"source_bld_id":"202300120090","height_m":11.186,"receiver_ids":[4537,4538,4539,4540,4541,4542,4543,4544,4545,4546],"receiver_keys":["cty-e374-n3777:la-e374-n3777:facade:202300120090:0","cty-e374-n3777:la-e374-n3777:facade:202300120090:1","cty-e374-n3777:la-e374-n3777:facade:202300120090:2","cty-e374-n3777:la-e374-n3777:facade:202300120090:3","cty-e374-n3777:la-e374-n3777:facade:202300120090:4","cty-e374-n3777:la-e374-n3777:facade:202300120090:5","cty-e374-n3777:la-e374-n3777:facade:202300120090:6","cty-e374-n3777:la-e374-n3777:facade:202300120090:7","cty-e374-n3777:la-e374-n3777:facade:202300120090:8","cty-e374-n3777:la-e374-n3777:facade:202300120090:9"],"receiver_count":10,"periods":{"D":{"min":50.470333,"max":58.620518,"receiver_count":10,"unavailable_count":0},"E":{"min":48.251846,"max":56.40203,"receiver_count":10,"unavailable_count":0},"N":{"min":43.480633,"max":51.630817,"receiver_count":10,"unavailable_count":0}}}},{"type":"Feature","id":"dpw:202300120091@374406,3777911","geometry":{"type":"Polygon","coordinates":[[[-118.3620952893496,34.13467438858033],[-118.36220964542991,34.13460027510305],[-118.36220258410376,34.13459274229367],[-118.36224861448886,34.13456290957448],[-118.36217372829692,34.13448301538729],[-118.36216198718076,34.134490624367],[-118.36215014425684,34.13447798966506],[-118.36213527650199,34.13448762564636],[-118.36212318415863,34.13447472573596],[-118.36207336872617,34.13450701200527],[-118.362088996629,34.13452368507561],[-118.36206790260333,34.134537356942424],[-118.3620589526126,34.134527808538564],[-118.36205001811271,34.13453359971861],[-118.36203574845331,34.13451837585094],[-118.36198181815863,34.13455332942911],[-118.3620952893496,34.13467438858033]]]},"properties":{"building_pk":10095,"building_key":"dpw:202300120091@374406,3777911","source_tile":"cty-e374-n3777","source_tile_ids":["cty-e374-n3777"],"source_bld_id":"202300120091","height_m":13.868,"receiver_ids":[5560,5561,5562,5563,5564,5565,5566,5567],"receiver_keys":["cty-e374-n3777:la-e374-n3777:facade:202300120091:0","cty-e374-n3777:la-e374-n3777:facade:202300120091:1","cty-e374-n3777:la-e374-n3777:facade:202300120091:2","cty-e374-n3777:la-e374-n3777:facade:202300120091:3","cty-e374-n3777:la-e374-n3777:facade:202300120091:4","cty-e374-n3777:la-e374-n3777:facade:202300120091:5","cty-e374-n3777:la-e374-n3777:facade:202300120091:6","cty-e374-n3777:la-e374-n3777:facade:202300120091:7"],"receiver_count":8,"periods":{"D":{"min":58.94508,"max":70.1078,"receiver_count":8,"unavailable_count":0},"E":{"min":56.726593,"max":67.88931,"receiver_count":8,"unavailable_count":0},"N":{"min":51.95538,"max":63.1181,"receiver_count":8,"unavailable_count":0}}}},{"type":"Feature","id":"dpw:202300120092@374452,3777877","geometry":{"type":"Polygon","coordinates":[[[-118.36153653191656,34.134246296260486],[-118.36157590573234,34.13428893202008],[-118.36169389806129,34.13421357124723],[-118.36165451989982,34.13417093914522],[-118.36153653191656,34.134246296260486]]]},"properties":{"building_pk":10096,"building_key":"dpw:202300120092@374452,3777877","source_tile":"cty-e374-n3777","source_tile_ids":["cty-e374-n3777"],"source_bld_id":"202300120092","height_m":3.569,"receiver_ids":[6006,6007],"receiver_keys":["cty-e374-n3777:la-e374-n3777:facade:202300120092:0","cty-e374-n3777:la-e374-n3777:facade:202300120092:3"],"receiver_count":2,"periods":{"D":{"min":66.8388,"max":67.68656,"receiver_count":2,"unavailable_count":0},"E":{"min":64.62031,"max":65.46808,"receiver_count":2,"unavailable_count":0},"N":{"min":59.8491,"max":60.69686,"receiver_count":2,"unavailable_count":0}}}},{"type":"Feature","id":"dpw:202300120099@374018,3777615","geometry":{"type":"Polygon","coordinates":[[[-118.36641700458094,34.13182756698058],[-118.3663557961948,34.131770864697096],[-118.36633386434075,34.131787235443134],[-118.36627993627958,34.13173727618184],[-118.3662306565796,34.13177406031092],[-118.36622847511858,34.131772039366226],[-118.36617538516981,34.131811666741],[-118.36617972523018,34.13181568706466],[-118.36617423901441,34.13181978223259],[-118.36623405179677,34.13187519423084],[-118.3662425658591,34.1318688387511],[-118.36629283970171,34.131915413017424],[-118.36639202375727,34.13184137850407],[-118.36639491387189,34.131844055418924],[-118.36641700458094,34.13182756698058]]]},"properties":{"building_pk":10103,"building_key":"dpw:202300120099@374018,3777615","source_tile":"cty-e374-n3777","source_tile_ids":["cty-e374-n3777"],"source_bld_id":"202300120099","height_m":6.681,"receiver_ids":[6323,6324,6325,6326,6327,6328],"receiver_keys":["cty-e374-n3777:la-e374-n3777:facade:202300120099:0","cty-e374-n3777:la-e374-n3777:facade:202300120099:1","cty-e374-n3777:la-e374-n3777:facade:202300120099:2","cty-e374-n3777:la-e374-n3777:facade:202300120099:3","cty-e374-n3777:la-e374-n3777:facade:202300120099:5","cty-e374-n3777:la-e374-n3777:facade:202300120099:6"],"receiver_count":6,"periods":{"D":{"min":52.243214,"max":54.18935,"receiver_count":6,"unavailable_count":0},"E":{"min":50.024727,"max":51.970863,"receiver_count":6,"unavailable_count":0},"N":{"min":45.253513,"max":47.19965,"receiver_count":6,"unavailable_count":0}}}},{"type":"Feature","id":"dpw:202300120100@374094,3777588","geometry":{"type":"Polygon","coordinates":[[[-118.36556017624926,34.131670612002445],[-118.36550388890029,34.13148238377301],[-118.3654192644033,34.13149988240664],[-118.36543779645986,34.13156185655145],[-118.3653595819693,34.131578029438245],[-118.36539733697603,34.131704284488286],[-118.36556017624926,34.131670612002445]]]},"properties":{"building_pk":10104,"building_key":"dpw:202300120100@374094,3777588","source_tile":"cty-e374-n3777","source_tile_ids":["cty-e374-n3777"],"source_bld_id":"202300120100","height_m":5.578,"receiver_ids":[6307,6308,6309,6310,6311,6312,6313,6314],"receiver_keys":["cty-e374-n3777:la-e374-n3777:facade:202300120100:0","cty-e374-n3777:la-e374-n3777:facade:202300120100:1","cty-e374-n3777:la-e374-n3777:facade:202300120100:2","cty-e374-n3777:la-e374-n3777:facade:202300120100:3","cty-e374-n3777:la-e374-n3777:facade:202300120100:4","cty-e374-n3777:la-e374-n3777:facade:202300120100:5","cty-e374-n3777:la-e374-n3777:facade:202300120100:6","cty-e374-n3777:la-e374-n3777:facade:202300120100:7"],"receiver_count":8,"periods":{"D":{"min":55.352158,"max":61.99552,"receiver_count":8,"unavailable_count":0},"E":{"min":53.13367,"max":59.77703,"receiver_count":8,"unavailable_count":0},"N":{"min":48.362457,"max":55.00582,"receiver_count":8,"unavailable_count":0}}}},{"type":"Feature","id":"dpw:202300120217@374973,3777661","geometry":{"type":"Polygon","coordinates":[[[-118.35585727839647,34.13224648967715],[-118.35584055204758,34.132297114158796],[-118.35584717175131,34.13229862728157],[-118.3558435785783,34.13230950046085],[-118.35588989914415,34.132320086052],[-118.35587779667648,34.13235670779826],[-118.35587362734398,34.13235575452883],[-118.35586334874151,34.13238685621126],[-118.35587135533602,34.132388686196315],[-118.35586597360808,34.1324049729535],[-118.35589882799584,34.13241248067596],[-118.35590401920341,34.132396772362554],[-118.35596695964568,34.13241115584016],[-118.35596348100326,34.132421680693106],[-118.35601636167547,34.132433765102995],[-118.35603048384445,34.13239103309674],[-118.35601990858257,34.13238861657596],[-118.35603744085994,34.13233556456477],[-118.35604434923259,34.13233714354014],[-118.35605771676919,34.13229669283528],[-118.35591869214494,34.132264922863904],[-118.35592004400027,34.132260833124455],[-118.35585727839647,34.13224648967715]]]},"properties":{"building_pk":10140,"building_key":"dpw:202300120217@374973,3777661","source_tile":"cty-e374-n3777","source_tile_ids":["cty-e374-n3777"],"source_bld_id":"202300120217","height_m":5.694,"receiver_ids":[5788,5789,5790,5791,5792,5793,5794],"receiver_keys":["cty-e374-n3777:la-e374-n3777:facade:202300120217:0","cty-e374-n3777:la-e374-n3777:facade:202300120217:1","cty-e374-n3777:la-e374-n3777:facade:202300120217:2","cty-e374-n3777:la-e374-n3777:facade:202300120217:3","cty-e374-n3777:la-e374-n3777:facade:202300120217:4","cty-e374-n3777:la-e374-n3777:facade:202300120217:5","cty-e374-n3777:la-e374-n3777:facade:202300120217:7"],"receiver_count":7,"periods":{"D":{"min":67.648674,"max":70.334175,"receiver_count":7,"unavailable_count":0},"E":{"min":65.43018,"max":68.115685,"receiver_count":7,"unavailable_count":0},"N":{"min":60.65897,"max":63.344475,"receiver_count":7,"unavailable_count":0}}}}],"metadata":{"model":"tarzana-combined-road-study-r02-v1","study_model":"county-v1","tile_id":"cty-e374-n3777","status":"candidate_pending_owner_review","coordinate_crs":"OGC:CRS84","source_projected_crs":"EPSG:26911","bbox_wgs84":[-118.36667500160915,34.12621002128466,-118.35552778799948,34.135380500593826],"receiver_count":6520,"numeric_rows":19560,"numeric_laeq_min":29.920944,"numeric_laeq_max":94.585846,"masked_ids":[],"receiver_height_counts_m":{"1.5":2764,"4.0":3756},"building_count":594,"facade_receiver_count":3756,"attempt_id":"phase1-county-la-e374-n3777-g20a50f10-nv-mac8-v1","source_hashes":{"export":"b16c2227f4a8c328f6e0589e43629ab5911aac9f7f71bb9132ca22a349c964f4"},"shared_building_source_ids":[],"quality_flags":{"physical_ceiling_margin_db":6.0,"physical_ceiling_masked_ids":[],"on_road_distance_m":3.0,"on_road_count":364,"method":"science/qa/physical_ceiling.py; science/pipeline/build_tile_assets.py"},"assumptions":{"source_scenario":"County model v1: Census TIGER 2025 roads; FHWA HPMS 2024 AADT where available (50/50 on divided carriageways), documented functional-class defaults elsewhere.","traffic":"Evening flow = 0.6 × day, night = 0.2 × day. Not observed or current traffic.","method":"Direct union export copied as emitted; physically impossible receivers masked, on-road receivers labelled.","calibration":"Uncalibrated modeled exterior LAeq; not a measurement, interior level, or quietness rating."}}}
