{"type":"FeatureCollection","features":[{"type":"Feature","id":"lariac:397014890329","geometry":{"type":"Polygon","coordinates":[[[-118.54456552792172,34.18549905286622],[-118.5445619044284,34.185440291219685],[-118.54454193811793,34.1854411501283],[-118.54453890726451,34.1853920864259],[-118.54456118800238,34.18539113415551],[-118.5445569028589,34.18532223582313],[-118.54450057412586,34.185324632383974],[-118.54449946546279,34.1853068309806],[-118.54446650859467,34.18530824330394],[-118.54446706310006,34.185317254444165],[-118.54441056965929,34.18531967965244],[-118.54440458755765,34.1853099789187],[-118.54438075823158,34.185311680100774],[-118.54437297454146,34.18531484709665],[-118.54431096050774,34.18531746208731],[-118.54431399856755,34.18536765269233],[-118.54434169991808,34.18536648403954],[-118.5443434759047,34.185395466995026],[-118.54433296444942,34.185395898358536],[-118.5443353716615,34.185435513085636],[-118.54436608157002,34.18543421999776],[-118.54436689578185,34.185447626799345],[-118.54431688092271,34.18544971988676],[-118.54432024900625,34.185504772836005],[-118.54439079197425,34.18550179039067],[-118.54439108674896,34.185506404968905],[-118.54456552792172,34.18549905286622]]]},"properties":{"building_pk":2480,"building_key":"lariac:397014890329","source_tile":"r04-c05","source_tile_ids":["r04-c05"],"source_bld_id":"397014890329","height_m":5.176,"receiver_ids":[146084,146085,146086,146087,146088,146089,146090,146091,146092,146093,146094,146095,146096,146097,146098,146099,146100,146101,146102],"receiver_keys":["r04-c05:expanded-facade-max4m:2480:0:1","r04-c05:expanded-facade-max4m:2480:0:10","r04-c05:expanded-facade-max4m:2480:0:11","r04-c05:expanded-facade-max4m:2480:0:12","r04-c05:expanded-facade-max4m:2480:0:13","r04-c05:expanded-facade-max4m:2480:0:14","r04-c05:expanded-facade-max4m:2480:0:15","r04-c05:expanded-facade-max4m:2480:0:16","r04-c05:expanded-facade-max4m:2480:0:17","r04-c05:expanded-facade-max4m:2480:0:2","r04-c05:expanded-facade-max4m:2480:0:20","r04-c05:expanded-facade-max4m:2480:0:21","r04-c05:expanded-facade-max4m:2480:0:22","r04-c05:expanded-facade-max4m:2480:0:23","r04-c05:expanded-facade-max4m:2480:0:3","r04-c05:expanded-facade-max4m:2480:0:5","r04-c05:expanded-facade-max4m:2480:0:6","r04-c05:expanded-facade-max4m:2480:0:7","r04-c05:expanded-facade-max4m:2480:0:9"],"receiver_count":19,"periods":{"D":{"min":48.18091,"max":67.58413,"receiver_count":19,"unavailable_count":0},"E":{"min":45.96242,"max":65.36565,"receiver_count":19,"unavailable_count":0},"N":{"min":41.191208,"max":60.594433,"receiver_count":19,"unavailable_count":0}}}},{"type":"Feature","id":"lariac:396698889823","geometry":{"type":"Polygon","coordinates":[[[-118.54544629858998,34.184206340586876],[-118.54550508854528,34.184206185440104],[-118.54550505969766,34.18421190135899],[-118.54554589669391,34.18421204713773],[-118.54554628220545,34.184144501723736],[-118.54559366624503,34.18414467294999],[-118.54559396973286,34.18408998752911],[-118.54556368075917,34.18408987713152],[-118.54556379093471,34.18406621741581],[-118.54552543384084,34.1840660604584],[-118.54552554653519,34.184042784789234],[-118.54548854562248,34.184042649651246],[-118.5454885604126,34.184039764643806],[-118.54544722666672,34.18403962108635],[-118.54544629858998,34.184206340586876]]]},"properties":{"building_pk":2482,"building_key":"lariac:396698889823","source_tile":"r04-c05","source_tile_ids":["r04-c05"],"source_bld_id":"396698889823","height_m":5.282,"receiver_ids":[146103,146104,146105,146106,146107,146108,146109,146110,146111,146112,146113,146114,146115,146116],"receiver_keys":["r04-c05:expanded-facade-max4m:2482:0:1","r04-c05:expanded-facade-max4m:2482:0:11","r04-c05:expanded-facade-max4m:2482:0:12","r04-c05:expanded-facade-max4m:2482:0:13","r04-c05:expanded-facade-max4m:2482:0:14","r04-c05:expanded-facade-max4m:2482:0:15","r04-c05:expanded-facade-max4m:2482:0:16","r04-c05:expanded-facade-max4m:2482:0:17","r04-c05:expanded-facade-max4m:2482:0:3","r04-c05:expanded-facade-max4m:2482:0:4","r04-c05:expanded-facade-max4m:2482:0:6","r04-c05:expanded-facade-max4m:2482:0:7","r04-c05:expanded-facade-max4m:2482:0:8","r04-c05:expanded-facade-max4m:2482:0:9"],"receiver_count":14,"periods":{"D":{"min":50.492973,"max":60.50238,"receiver_count":14,"unavailable_count":0},"E":{"min":48.274487,"max":58.283894,"receiver_count":14,"unavailable_count":0},"N":{"min":43.503273,"max":53.51268,"receiver_count":14,"unavailable_count":0}}}},{"type":"Feature","id":"lariac:396778890161","geometry":{"type":"Polygon","coordinates":[[[-118.54527741218828,34.18497300065129],[-118.54519844747949,34.18497255964863],[-118.54519832732852,34.18498456785435],[-118.5451121221021,34.184984077391455],[-118.54511147494276,34.18506228564106],[-118.54516279497867,34.185062576334275],[-118.54516266738928,34.185078432363134],[-118.54527651657381,34.185079101088476],[-118.54527741218828,34.18497300065129]]]},"properties":{"building_pk":2588,"building_key":"lariac:396778890161","source_tile":"r04-c05","source_tile_ids":["r04-c05"],"source_bld_id":"396778890161","height_m":5.694,"receiver_ids":[146305,146306,146307,146308,146309,146310,146311,146312,146313,146314,146315,146316,146317,146318],"receiver_keys":["r04-c05:expanded-facade-max4m:2588:0:1","r04-c05:expanded-facade-max4m:2588:0:10","r04-c05:expanded-facade-max4m:2588:0:11","r04-c05:expanded-facade-max4m:2588:0:12","r04-c05:expanded-facade-max4m:2588:0:13","r04-c05:expanded-facade-max4m:2588:0:14","r04-c05:expanded-facade-max4m:2588:0:2","r04-c05:expanded-facade-max4m:2588:0:3","r04-c05:expanded-facade-max4m:2588:0:4","r04-c05:expanded-facade-max4m:2588:0:5","r04-c05:expanded-facade-max4m:2588:0:6","r04-c05:expanded-facade-max4m:2588:0:7","r04-c05:expanded-facade-max4m:2588:0:8","r04-c05:expanded-facade-max4m:2588:0:9"],"receiver_count":14,"periods":{"D":{"min":57.238815,"max":69.01909,"receiver_count":14,"unavailable_count":0},"E":{"min":55.020325,"max":66.8006,"receiver_count":14,"unavailable_count":0},"N":{"min":50.249115,"max":62.029385,"receiver_count":14,"unavailable_count":0}}}},{"type":"Feature","id":"lariac:396983889572","geometry":{"type":"Polygon","coordinates":[[[-118.54447040226701,34.18303223845857],[-118.54433781914726,34.18303241510563],[-118.54433793048044,34.18306265238749],[-118.54440485238658,34.18306248821988],[-118.54440578952708,34.183312819307965],[-118.54448504576763,34.183312626624776],[-118.54448518041848,34.183348596719654],[-118.54446368837324,34.183348638474925],[-118.54446374913869,34.18336295471887],[-118.54441071363793,34.18336311140873],[-118.544411041476,34.18344903698575],[-118.54446139997003,34.18344892029452],[-118.54446143068529,34.18346378571399],[-118.54460810505347,34.183463428285386],[-118.5446075314142,34.18330954723639],[-118.5446211217298,34.18330951398981],[-118.54462054723362,34.18316049677428],[-118.54456175801262,34.18316065149117],[-118.54456154727005,34.18310302935838],[-118.54451902668261,34.18310313785237],[-118.54451888265602,34.18306073889009],[-118.54447050953895,34.18306084666888],[-118.54447040226701,34.18303223845857]]]},"properties":{"building_pk":2629,"building_key":"lariac:396983889572","source_tile":"r04-c05","source_tile_ids":["r04-c05"],"source_bld_id":"396983889572","height_m":9.613,"receiver_ids":[146367,146368,146369,146370,146371,146372,146373,146374,146375,146376,146377,146378,146379,146380,146381,146382,146383,146384,146385,146386,146387,146388,146389,146390,146391,146392,146393,146394,146395,146396],"receiver_keys":["r04-c05:expanded-facade-max4m:2629:0:10","r04-c05:expanded-facade-max4m:2629:0:11","r04-c05:expanded-facade-max4m:2629:0:12","r04-c05:expanded-facade-max4m:2629:0:13","r04-c05:expanded-facade-max4m:2629:0:14","r04-c05:expanded-facade-max4m:2629:0:18","r04-c05:expanded-facade-max4m:2629:0:19","r04-c05:expanded-facade-max4m:2629:0:20","r04-c05:expanded-facade-max4m:2629:0:21","r04-c05:expanded-facade-max4m:2629:0:22","r04-c05:expanded-facade-max4m:2629:0:23","r04-c05:expanded-facade-max4m:2629:0:24","r04-c05:expanded-facade-max4m:2629:0:25","r04-c05:expanded-facade-max4m:2629:0:26","r04-c05:expanded-facade-max4m:2629:0:27","r04-c05:expanded-facade-max4m:2629:0:28","r04-c05:expanded-facade-max4m:2629:0:29","r04-c05:expanded-facade-max4m:2629:0:31","r04-c05:expanded-facade-max4m:2629:0:32","r04-c05:expanded-facade-max4m:2629:0:33","r04-c05:expanded-facade-max4m:2629:0:34","r04-c05:expanded-facade-max4m:2629:0:38","r04-c05:expanded-facade-max4m:2629:0:39","r04-c05:expanded-facade-max4m:2629:0:4","r04-c05:expanded-facade-max4m:2629:0:40","r04-c05:expanded-facade-max4m:2629:0:41","r04-c05:expanded-facade-max4m:2629:0:5","r04-c05:expanded-facade-max4m:2629:0:7","r04-c05:expanded-facade-max4m:2629:0:8","r04-c05:expanded-facade-max4m:2629:0:9"],"receiver_count":30,"periods":{"D":{"min":46.704426,"max":69.58102,"receiver_count":30,"unavailable_count":0},"E":{"min":44.485935,"max":67.362526,"receiver_count":30,"unavailable_count":0},"N":{"min":39.714725,"max":62.591312,"receiver_count":30,"unavailable_count":0}}}},{"type":"Feature","id":"lariac:396734890579","geometry":{"type":"Polygon","coordinates":[[[-118.54534568319093,34.18614154372438],[-118.54534556949658,34.18617979584678],[-118.54533257392038,34.18617977149708],[-118.54533236119391,34.18624855304993],[-118.5454139041054,34.18624873442029],[-118.54541423043939,34.18614170254785],[-118.54534568319093,34.18614154372438]]]},"properties":{"building_pk":2735,"building_key":"lariac:396734890579","source_tile":"r04-c05","source_tile_ids":["r04-c05"],"source_bld_id":"396734890579","height_m":3.981,"receiver_ids":[146492,146493,146494,146495,146496,146497,146498,146499,146500],"receiver_keys":["r04-c05:expanded-facade-max4m:2735:0:1","r04-c05:expanded-facade-max4m:2735:0:10","r04-c05:expanded-facade-max4m:2735:0:2","r04-c05:expanded-facade-max4m:2735:0:3","r04-c05:expanded-facade-max4m:2735:0:4","r04-c05:expanded-facade-max4m:2735:0:6","r04-c05:expanded-facade-max4m:2735:0:7","r04-c05:expanded-facade-max4m:2735:0:8","r04-c05:expanded-facade-max4m:2735:0:9"],"receiver_count":9,"periods":{"D":{"min":57.56034,"max":59.752586,"receiver_count":9,"unavailable_count":0},"E":{"min":55.34185,"max":57.5341,"receiver_count":9,"unavailable_count":0},"N":{"min":50.57064,"max":52.762886,"receiver_count":9,"unavailable_count":0}}}},{"type":"Feature","id":"lariac:396737889338","geometry":{"type":"Polygon","coordinates":[[[-118.54531876645858,34.182757400632404],[-118.54531880171608,34.1827633001771],[-118.54539154265538,34.18276302718582],[-118.54539150874058,34.18275733408859],[-118.54531876645858,34.182757400632404]]]},"properties":{"building_pk":3255,"building_key":"lariac:396737889338","source_tile":"r04-c05","source_tile_ids":["r04-c05"],"source_bld_id":"396737889338","height_m":4.929,"receiver_ids":[147354,147355,147356,147357],"receiver_keys":["r04-c05:expanded-facade-max4m:3255:0:1","r04-c05:expanded-facade-max4m:3255:0:2","r04-c05:expanded-facade-max4m:3255:0:3","r04-c05:expanded-facade-max4m:3255:0:4"],"receiver_count":4,"periods":{"D":{"min":55.492554,"max":58.020626,"receiver_count":4,"unavailable_count":0},"E":{"min":53.274067,"max":55.80214,"receiver_count":4,"unavailable_count":0},"N":{"min":48.502853,"max":51.030926,"receiver_count":4,"unavailable_count":0}}}},{"type":"Feature","id":"lariac:396683889317","geometry":{"type":"Polygon","coordinates":[[[-118.54552807518695,34.182728639611774],[-118.54552824586202,34.18273965841391],[-118.54555591969788,34.18273939565488],[-118.54555578156827,34.182728377607475],[-118.54555769944724,34.182728368956646],[-118.54555762616012,34.18272229648707],[-118.54560566697113,34.18272183185863],[-118.54560507307356,34.182676577030186],[-118.54555779379295,34.18267703732197],[-118.54555773629657,34.182673382722065],[-118.54548470089851,34.18267406914729],[-118.54548542316566,34.18272902491169],[-118.54552807518695,34.182728639611774]]]},"properties":{"building_pk":3698,"building_key":"lariac:396683889317","source_tile":"r04-c05","source_tile_ids":["r04-c05"],"source_bld_id":"396683889317","height_m":5.273,"receiver_ids":[147832,147833,147834,147835,147836,147837,147838],"receiver_keys":["r04-c05:expanded-facade-max4m:3698:0:1","r04-c05:expanded-facade-max4m:3698:0:10","r04-c05:expanded-facade-max4m:3698:0:3","r04-c05:expanded-facade-max4m:3698:0:6","r04-c05:expanded-facade-max4m:3698:0:7","r04-c05:expanded-facade-max4m:3698:0:8","r04-c05:expanded-facade-max4m:3698:0:9"],"receiver_count":7,"periods":{"D":{"min":50.982044,"max":60.53243,"receiver_count":7,"unavailable_count":0},"E":{"min":48.763557,"max":58.313942,"receiver_count":7,"unavailable_count":0},"N":{"min":43.992344,"max":53.54273,"receiver_count":7,"unavailable_count":0}}}},{"type":"Feature","id":"lariac:396766890465","geometry":{"type":"Polygon","coordinates":[[[-118.54531244132768,34.18580570708704],[-118.5452358638105,34.18580629933068],[-118.5452359611087,34.185816053597925],[-118.5451457937724,34.18581665295127],[-118.54514653860691,34.18589537692182],[-118.54519368952553,34.185895082360126],[-118.54519404272966,34.18593407344664],[-118.5452819950065,34.18593348494532],[-118.54528179807068,34.18591345352585],[-118.54531347429625,34.185913255725566],[-118.54531244132768,34.18580570708704]]]},"properties":{"building_pk":3890,"building_key":"lariac:396766890465","source_tile":"r04-c05","source_tile_ids":["r04-c05"],"source_bld_id":"396766890465","height_m":5.599,"receiver_ids":[148090,148091,148092,148093,148094,148095,148096,148097,148098,148099,148100,148101,148102],"receiver_keys":["r04-c05:expanded-facade-max4m:3890:0:1","r04-c05:expanded-facade-max4m:3890:0:10","r04-c05:expanded-facade-max4m:3890:0:11","r04-c05:expanded-facade-max4m:3890:0:12","r04-c05:expanded-facade-max4m:3890:0:13","r04-c05:expanded-facade-max4m:3890:0:14","r04-c05:expanded-facade-max4m:3890:0:15","r04-c05:expanded-facade-max4m:3890:0:2","r04-c05:expanded-facade-max4m:3890:0:3","r04-c05:expanded-facade-max4m:3890:0:4","r04-c05:expanded-facade-max4m:3890:0:7","r04-c05:expanded-facade-max4m:3890:0:8","r04-c05:expanded-facade-max4m:3890:0:9"],"receiver_count":13,"periods":{"D":{"min":50.81955,"max":63.05017,"receiver_count":13,"unavailable_count":0},"E":{"min":48.601063,"max":60.831684,"receiver_count":13,"unavailable_count":0},"N":{"min":43.82985,"max":56.06047,"receiver_count":13,"unavailable_count":0}}}},{"type":"Feature","id":"lariac:397019890170","geometry":{"type":"Polygon","coordinates":[[[-118.54454734608244,34.185114152021406],[-118.54454666121217,34.18505469016804],[-118.54455740709862,34.185054614741695],[-118.54455730199358,34.185043650637496],[-118.54456147583123,34.18503972996371],[-118.54456173321623,34.18500815493296],[-118.54455498570574,34.18500285448266],[-118.54455492050661,34.184992853047724],[-118.54450393531765,34.18499316462382],[-118.54450387196349,34.18498843811413],[-118.54435531329604,34.184989381774386],[-118.54435551806775,34.18501065007719],[-118.54434328383721,34.18501073218386],[-118.54434346371485,34.185028180757065],[-118.54429899166733,34.18502846383589],[-118.54429960615067,34.18509729575265],[-118.54434212685459,34.18509704940356],[-118.54434219306063,34.185102214952344],[-118.54435679495481,34.18511536677186],[-118.54454734608244,34.185114152021406]]]},"properties":{"building_pk":4116,"building_key":"lariac:397019890170","source_tile":"r04-c05","source_tile_ids":["r04-c05"],"source_bld_id":"397019890170","height_m":8.94,"receiver_ids":[148287,148288,148289,148290,148291,148292,148293,148294,148295,148296,148297,148298,148299,148300,148301],"receiver_keys":["r04-c05:expanded-facade-max4m:4116:0:1","r04-c05:expanded-facade-max4m:4116:0:10","r04-c05:expanded-facade-max4m:4116:0:11","r04-c05:expanded-facade-max4m:4116:0:12","r04-c05:expanded-facade-max4m:4116:0:13","r04-c05:expanded-facade-max4m:4116:0:14","r04-c05:expanded-facade-max4m:4116:0:15","r04-c05:expanded-facade-max4m:4116:0:2","r04-c05:expanded-facade-max4m:4116:0:3","r04-c05:expanded-facade-max4m:4116:0:4","r04-c05:expanded-facade-max4m:4116:0:5","r04-c05:expanded-facade-max4m:4116:0:6","r04-c05:expanded-facade-max4m:4116:0:7","r04-c05:expanded-facade-max4m:4116:0:8","r04-c05:expanded-facade-max4m:4116:0:9"],"receiver_count":15,"periods":{"D":{"min":46.523495,"max":67.760315,"receiver_count":15,"unavailable_count":0},"E":{"min":44.305008,"max":65.54183,"receiver_count":15,"unavailable_count":0},"N":{"min":39.533794,"max":60.77062,"receiver_count":15,"unavailable_count":0}}}},{"type":"Feature","id":"lariac:201700286529","geometry":{"type":"Polygon","coordinates":[[[-118.54551882652697,34.1834828733461],[-118.54566586219218,34.18348251841456],[-118.54566576163518,34.18345350628137],[-118.54567433912872,34.18345348561471],[-118.54567427884776,34.183436452114634],[-118.5456759299101,34.183436448271905],[-118.5456758532639,34.183414418488965],[-118.5456897733817,34.183414385437544],[-118.54568974227564,34.18340547201252],[-118.545750903118,34.18340532407786],[-118.54575077213435,34.183368006157146],[-118.54575765624578,34.1833679886177],[-118.54575757792419,34.18334553962428],[-118.54568735798846,34.18334570860049],[-118.5456874145348,34.18336183786877],[-118.54556756515949,34.18336212699916],[-118.54556783602357,34.18343964503629],[-118.54551867615645,34.18343974686512],[-118.54551882652697,34.1834828733461]]]},"properties":{"building_pk":4479,"building_key":"lariac:201700286529","source_tile":"r04-c05","source_tile_ids":["r04-c05"],"source_bld_id":"201700286529","height_m":5.014,"receiver_ids":[148699,148700,148701,148702,148703,148704,148705,148706,148707,148708,148709,148710,148711,148712,148713,148714],"receiver_keys":["r04-c05:expanded-facade-max4m:4479:0:1","r04-c05:expanded-facade-max4m:4479:0:10","r04-c05:expanded-facade-max4m:4479:0:11","r04-c05:expanded-facade-max4m:4479:0:13","r04-c05:expanded-facade-max4m:4479:0:14","r04-c05:expanded-facade-max4m:4479:0:15","r04-c05:expanded-facade-max4m:4479:0:16","r04-c05:expanded-facade-max4m:4479:0:18","r04-c05:expanded-facade-max4m:4479:0:19","r04-c05:expanded-facade-max4m:4479:0:2","r04-c05:expanded-facade-max4m:4479:0:3","r04-c05:expanded-facade-max4m:4479:0:4","r04-c05:expanded-facade-max4m:4479:0:5","r04-c05:expanded-facade-max4m:4479:0:7","r04-c05:expanded-facade-max4m:4479:0:8","r04-c05:expanded-facade-max4m:4479:0:9"],"receiver_count":16,"periods":{"D":{"min":49.36076,"max":60.172066,"receiver_count":16,"unavailable_count":0},"E":{"min":47.14227,"max":57.95358,"receiver_count":16,"unavailable_count":0},"N":{"min":42.37106,"max":53.182365,"receiver_count":16,"unavailable_count":0}}}},{"type":"Feature","id":"lariac:201700286822","geometry":{"type":"Polygon","coordinates":[[[-118.53633650683149,34.1860322590093],[-118.53656959743259,34.186033314088036],[-118.53656960120809,34.186028835202855],[-118.53660108109025,34.186028969618825],[-118.53660116584942,34.18601649458455],[-118.53662441270225,34.18601661052505],[-118.53662490389198,34.1859437888691],[-118.53662146485328,34.18594377708038],[-118.5366216501513,34.18591604928599],[-118.53662604834489,34.18591608476716],[-118.53662797663529,34.18562435835222],[-118.53661772572642,34.185624321790954],[-118.53661775906288,34.18561920989105],[-118.53662470347236,34.18561926202357],[-118.5366251928931,34.18554616540487],[-118.53659857457514,34.18554606352081],[-118.53659866126846,34.18553388959356],[-118.53657058805037,34.18553376711154],[-118.5365706415821,34.18552673212971],[-118.53652276066587,34.185526504575016],[-118.53652269468193,34.1855368374584],[-118.53635454916171,34.18553607130911],[-118.53635489646729,34.18548726741369],[-118.53637166614133,34.18547260156687],[-118.53640047324888,34.18547365574101],[-118.5364011803379,34.18546010511034],[-118.5363867604245,34.18545956412281],[-118.53638814360323,34.18543304088848],[-118.53641248547008,34.18543392193113],[-118.53641263309429,34.18543106338339],[-118.53646541864427,34.18543300019155],[-118.53647179757169,34.18542220025649],[-118.53652238671873,34.18542200381252],[-118.53652244195833,34.18543060429301],[-118.53657174253127,34.18543044059058],[-118.53657173430217,34.185424092858895],[-118.5365997084376,34.185423995803454],[-118.53659966684936,34.18541245532881],[-118.53662443320202,34.18541237249865],[-118.53662361014008,34.18524321502448],[-118.53659788471433,34.18524310917926],[-118.53659795192794,34.185232969220685],[-118.53657149860038,34.18523286659911],[-118.53657153194528,34.18522775560077],[-118.5363347071723,34.185226663001416],[-118.53633467381289,34.1852317739997],[-118.53628861138098,34.18523156623737],[-118.5362886426249,34.18522612528351],[-118.5362408607727,34.18522592422514],[-118.53624031198908,34.18530520388942],[-118.53625059558226,34.18530526828544],[-118.5362505194236,34.18531909108866],[-118.53624248372311,34.18531904377295],[-118.5362420366804,34.185388485343125],[-118.536250369625,34.18538853134102],[-118.53625025771896,34.185402024337805],[-118.53624374417615,34.18540199822147],[-118.53624232053173,34.18561301620853],[-118.53625138140121,34.18561305807767],[-118.53625127778837,34.185627842949636],[-118.53624310989062,34.1856278241678],[-118.53624158326853,34.185858627886354],[-118.53625123864293,34.185858667119966],[-118.53625115310564,34.185871198052915],[-118.53624368037659,34.185871149142656],[-118.53624261082487,34.18603424221031],[-118.53629224526875,34.186034489148554],[-118.53629230693889,34.186028718094896],[-118.53633655165781,34.18602893391787],[-118.53633650683149,34.1860322590093]],[[-118.53651546106325,34.18582297890032],[-118.5365154157351,34.185841088406825],[-118.53646820818467,34.1858410074992],[-118.53646830452743,34.185802630165824],[-118.53642520209561,34.18580255627712],[-118.53642531461853,34.18575723518373],[-118.53639944646939,34.18573746185444],[-118.53651483171781,34.185737660511194],[-118.536514803627,34.185749332920246],[-118.53652688677708,34.185749357756706],[-118.53652670343536,34.185822998450845],[-118.53651546106325,34.18582297890032]]]},"properties":{"building_pk":4489,"building_key":"lariac:201700286822","source_tile":"r04-c05","source_tile_ids":["r04-c05"],"source_bld_id":"201700286822","height_m":10.226,"receiver_ids":[148742,148743,148744,148745,148746,148747,148748,148749,148750,148751,148752,148753,148754,148755,148756,148757,148758,148759,148760,148761,148762,148763,148764,148765,148766,148767,148768,148769,148770,148771,148772,148773,148774,148775,148776,148777,148778,148779,148780,148781,148782,148783,148784,148785,148786,148787,148788,148789,148790,148791,148792,148793,148794,148795,148796,148797,148798,148799,148800,148801,148802,148803,148804,148805,148806,148807,148808,148809,148810,148811],"receiver_keys":["r04-c05:expanded-facade-max4m:4489:0:1","r04-c05:expanded-facade-max4m:4489:0:10","r04-c05:expanded-facade-max4m:4489:0:11","r04-c05:expanded-facade-max4m:4489:0:12","r04-c05:expanded-facade-max4m:4489:0:13","r04-c05:expanded-facade-max4m:4489:0:14","r04-c05:expanded-facade-max4m:4489:0:15","r04-c05:expanded-facade-max4m:4489:0:16","r04-c05:expanded-facade-max4m:4489:0:17","r04-c05:expanded-facade-max4m:4489:0:18","r04-c05:expanded-facade-max4m:4489:0:19","r04-c05:expanded-facade-max4m:4489:0:2","r04-c05:expanded-facade-max4m:4489:0:20","r04-c05:expanded-facade-max4m:4489:0:21","r04-c05:expanded-facade-max4m:4489:0:24","r04-c05:expanded-facade-max4m:4489:0:25","r04-c05:expanded-facade-max4m:4489:0:26","r04-c05:expanded-facade-max4m:4489:0:27","r04-c05:expanded-facade-max4m:4489:0:28","r04-c05:expanded-facade-max4m:4489:0:29","r04-c05:expanded-facade-max4m:4489:0:3","r04-c05:expanded-facade-max4m:4489:0:30","r04-c05:expanded-facade-max4m:4489:0:31","r04-c05:expanded-facade-max4m:4489:0:32","r04-c05:expanded-facade-max4m:4489:0:34","r04-c05:expanded-facade-max4m:4489:0:35","r04-c05:expanded-facade-max4m:4489:0:36","r04-c05:expanded-facade-max4m:4489:0:37","r04-c05:expanded-facade-max4m:4489:0:39","r04-c05:expanded-facade-max4m:4489:0:4","r04-c05:expanded-facade-max4m:4489:0:40","r04-c05:expanded-facade-max4m:4489:0:41","r04-c05:expanded-facade-max4m:4489:0:42","r04-c05:expanded-facade-max4m:4489:0:43","r04-c05:expanded-facade-max4m:4489:0:45","r04-c05:expanded-facade-max4m:4489:0:46","r04-c05:expanded-facade-max4m:4489:0:47","r04-c05:expanded-facade-max4m:4489:0:48","r04-c05:expanded-facade-max4m:4489:0:49","r04-c05:expanded-facade-max4m:4489:0:5","r04-c05:expanded-facade-max4m:4489:0:50","r04-c05:expanded-facade-max4m:4489:0:51","r04-c05:expanded-facade-max4m:4489:0:52","r04-c05:expanded-facade-max4m:4489:0:53","r04-c05:expanded-facade-max4m:4489:0:54","r04-c05:expanded-facade-max4m:4489:0:55","r04-c05:expanded-facade-max4m:4489:0:57","r04-c05:expanded-facade-max4m:4489:0:58","r04-c05:expanded-facade-max4m:4489:0:59","r04-c05:expanded-facade-max4m:4489:0:60","r04-c05:expanded-facade-max4m:4489:0:61","r04-c05:expanded-facade-max4m:4489:0:62","r04-c05:expanded-facade-max4m:4489:0:63","r04-c05:expanded-facade-max4m:4489:0:64","r04-c05:expanded-facade-max4m:4489:0:65","r04-c05:expanded-facade-max4m:4489:0:66","r04-c05:expanded-facade-max4m:4489:0:67","r04-c05:expanded-facade-max4m:4489:0:68","r04-c05:expanded-facade-max4m:4489:0:69","r04-c05:expanded-facade-max4m:4489:0:70","r04-c05:expanded-facade-max4m:4489:0:71","r04-c05:expanded-facade-max4m:4489:0:73","r04-c05:expanded-facade-max4m:4489:0:74","r04-c05:expanded-facade-max4m:4489:0:75","r04-c05:expanded-facade-max4m:4489:0:76","r04-c05:expanded-facade-max4m:4489:0:77","r04-c05:expanded-facade-max4m:4489:0:78","r04-c05:expanded-facade-max4m:4489:0:79","r04-c05:expanded-facade-max4m:4489:0:8","r04-c05:expanded-facade-max4m:4489:0:9"],"receiver_count":70,"periods":{"D":{"min":43.945606,"max":69.518295,"receiver_count":70,"unavailable_count":0},"E":{"min":41.72712,"max":67.29981,"receiver_count":70,"unavailable_count":0},"N":{"min":36.955906,"max":62.5286,"receiver_count":70,"unavailable_count":0}}}},{"type":"Feature","id":"lariac:399752888833","geometry":{"type":"Polygon","coordinates":[[[-118.53533582575399,34.18177706410567],[-118.5353950097048,34.181777211434124],[-118.5353934511509,34.18131060918291],[-118.53533406733176,34.18131070705813],[-118.53533582575399,34.18177706410567]]]},"properties":{"building_pk":4744,"building_key":"lariac:399752888833","source_tile":"r04-c05","source_tile_ids":["r04-c05"],"source_bld_id":"399752888833","height_m":3.944,"receiver_ids":[148900,148901,148902,148903,148904,148905,148906,148907,148908,148909,148910,148911,148912,148913,148914,148915,148916,148917,148918,148919,148920,148921,148922,148923,148924,148925,148926,148927,148928],"receiver_keys":["r04-c05:expanded-facade-max4m:4744:0:1","r04-c05:expanded-facade-max4m:4744:0:10","r04-c05:expanded-facade-max4m:4744:0:11","r04-c05:expanded-facade-max4m:4744:0:12","r04-c05:expanded-facade-max4m:4744:0:13","r04-c05:expanded-facade-max4m:4744:0:14","r04-c05:expanded-facade-max4m:4744:0:15","r04-c05:expanded-facade-max4m:4744:0:16","r04-c05:expanded-facade-max4m:4744:0:17","r04-c05:expanded-facade-max4m:4744:0:18","r04-c05:expanded-facade-max4m:4744:0:19","r04-c05:expanded-facade-max4m:4744:0:2","r04-c05:expanded-facade-max4m:4744:0:20","r04-c05:expanded-facade-max4m:4744:0:21","r04-c05:expanded-facade-max4m:4744:0:22","r04-c05:expanded-facade-max4m:4744:0:23","r04-c05:expanded-facade-max4m:4744:0:24","r04-c05:expanded-facade-max4m:4744:0:25","r04-c05:expanded-facade-max4m:4744:0:26","r04-c05:expanded-facade-max4m:4744:0:27","r04-c05:expanded-facade-max4m:4744:0:28","r04-c05:expanded-facade-max4m:4744:0:29","r04-c05:expanded-facade-max4m:4744:0:3","r04-c05:expanded-facade-max4m:4744:0:4","r04-c05:expanded-facade-max4m:4744:0:5","r04-c05:expanded-facade-max4m:4744:0:6","r04-c05:expanded-facade-max4m:4744:0:7","r04-c05:expanded-facade-max4m:4744:0:8","r04-c05:expanded-facade-max4m:4744:0:9"],"receiver_count":29,"periods":{"D":{"min":59.201164,"max":61.917915,"receiver_count":29,"unavailable_count":0},"E":{"min":56.982677,"max":59.699425,"receiver_count":29,"unavailable_count":0},"N":{"min":52.211464,"max":54.928215,"receiver_count":29,"unavailable_count":0}}}},{"type":"Feature","id":"lariac:399342889990","geometry":{"type":"Polygon","coordinates":[[[-118.53669562538231,34.18471276895228],[-118.53675937611985,34.18471270603414],[-118.53675931213637,34.18466678799985],[-118.53681360647346,34.18466673997167],[-118.53681334687913,34.184430860364444],[-118.53669530308382,34.18443094426023],[-118.53669562538231,34.18471276895228]]]},"properties":{"building_pk":4841,"building_key":"lariac:399342889990","source_tile":"r04-c05","source_tile_ids":["r04-c05"],"source_bld_id":"399342889990","height_m":4.197,"receiver_ids":[149092,149093,149094,149095,149096,149097,149098,149099,149100,149101,149102,149103,149104,149105,149106,149107,149108,149109,149110,149111],"receiver_keys":["r04-c05:expanded-facade-max4m:4841:0:10","r04-c05:expanded-facade-max4m:4841:0:11","r04-c05:expanded-facade-max4m:4841:0:12","r04-c05:expanded-facade-max4m:4841:0:13","r04-c05:expanded-facade-max4m:4841:0:14","r04-c05:expanded-facade-max4m:4841:0:15","r04-c05:expanded-facade-max4m:4841:0:16","r04-c05:expanded-facade-max4m:4841:0:17","r04-c05:expanded-facade-max4m:4841:0:18","r04-c05:expanded-facade-max4m:4841:0:19","r04-c05:expanded-facade-max4m:4841:0:20","r04-c05:expanded-facade-max4m:4841:0:21","r04-c05:expanded-facade-max4m:4841:0:22","r04-c05:expanded-facade-max4m:4841:0:3","r04-c05:expanded-facade-max4m:4841:0:4","r04-c05:expanded-facade-max4m:4841:0:5","r04-c05:expanded-facade-max4m:4841:0:6","r04-c05:expanded-facade-max4m:4841:0:7","r04-c05:expanded-facade-max4m:4841:0:8","r04-c05:expanded-facade-max4m:4841:0:9"],"receiver_count":20,"periods":{"D":{"min":55.089573,"max":58.931458,"receiver_count":20,"unavailable_count":0},"E":{"min":52.871086,"max":56.712967,"receiver_count":20,"unavailable_count":0},"N":{"min":48.099873,"max":51.941757,"receiver_count":20,"unavailable_count":0}}}},{"type":"Feature","id":"lariac:396756888715","geometry":{"type":"Polygon","coordinates":[[[-118.54533473076646,34.18108557406174],[-118.54536689738356,34.18104429247335],[-118.54521838020048,34.180964420836204],[-118.54519893690065,34.18098940461941],[-118.5451808202809,34.18097964863587],[-118.54514370208688,34.18102732731],[-118.54516128846784,34.18103678367189],[-118.54514348340321,34.18105964413814],[-118.5452130964159,34.181097086110476],[-118.54526470799624,34.18108674082281],[-118.54528039099189,34.18109343079631],[-118.54533473076646,34.18108557406174]]]},"properties":{"building_pk":8556,"building_key":"lariac:396756888715","source_tile":"r04-c05","source_tile_ids":["r04-c05"],"source_bld_id":"396756888715","height_m":6.364,"receiver_ids":[150096,150097,150098,150099,150100,150101,150102,150103,150104,150105,150106,150107,150108],"receiver_keys":["r04-c05:expanded-facade-max4m:8556:0:1","r04-c05:expanded-facade-max4m:8556:0:10","r04-c05:expanded-facade-max4m:8556:0:11","r04-c05:expanded-facade-max4m:8556:0:12","r04-c05:expanded-facade-max4m:8556:0:13","r04-c05:expanded-facade-max4m:8556:0:14","r04-c05:expanded-facade-max4m:8556:0:15","r04-c05:expanded-facade-max4m:8556:0:2","r04-c05:expanded-facade-max4m:8556:0:4","r04-c05:expanded-facade-max4m:8556:0:5","r04-c05:expanded-facade-max4m:8556:0:6","r04-c05:expanded-facade-max4m:8556:0:8","r04-c05:expanded-facade-max4m:8556:0:9"],"receiver_count":13,"periods":{"D":{"min":52.944645,"max":64.04784,"receiver_count":13,"unavailable_count":0},"E":{"min":50.72616,"max":61.82935,"receiver_count":13,"unavailable_count":0},"N":{"min":45.954945,"max":57.058136,"receiver_count":13,"unavailable_count":0}}}},{"type":"Feature","id":"lariac:396572889881","geometry":{"type":"Polygon","coordinates":[[[-118.5458420829035,34.18439199060379],[-118.54590513497799,34.1843914581156],[-118.54590477776708,34.18436202972551],[-118.54601200374137,34.18436113371745],[-118.54601057904385,34.18424440913268],[-118.54600097532726,34.18423714276747],[-118.54598927005428,34.18423714061278],[-118.54598925513025,34.18421460839088],[-118.54591231190035,34.18421462573208],[-118.54591231374393,34.18420976189389],[-118.54591548802317,34.18420977461312],[-118.54591547297193,34.18416198834132],[-118.54590118898274,34.18416197077092],[-118.54590119854397,34.18415845380462],[-118.54585487433069,34.18415844289834],[-118.54585486152659,34.18416162991417],[-118.54584252816976,34.18416163057989],[-118.54584253594746,34.18421345670301],[-118.54585569592376,34.18421345230673],[-118.54585570194686,34.1842801160489],[-118.54584207875331,34.18428012253556],[-118.5458420829035,34.18439199060379]]]},"properties":{"building_pk":8615,"building_key":"lariac:396572889881","source_tile":"r04-c05","source_tile_ids":["r04-c05"],"source_bld_id":"396572889881","height_m":5.91,"receiver_ids":[150252,150253,150254,150255,150256,150257,150258,150259,150260,150261,150262,150263,150264,150265],"receiver_keys":["r04-c05:expanded-facade-max4m:8615:0:1","r04-c05:expanded-facade-max4m:8615:0:10","r04-c05:expanded-facade-max4m:8615:0:11","r04-c05:expanded-facade-max4m:8615:0:13","r04-c05:expanded-facade-max4m:8615:0:14","r04-c05:expanded-facade-max4m:8615:0:15","r04-c05:expanded-facade-max4m:8615:0:18","r04-c05:expanded-facade-max4m:8615:0:2","r04-c05:expanded-facade-max4m:8615:0:4","r04-c05:expanded-facade-max4m:8615:0:5","r04-c05:expanded-facade-max4m:8615:0:6","r04-c05:expanded-facade-max4m:8615:0:7","r04-c05:expanded-facade-max4m:8615:0:8","r04-c05:expanded-facade-max4m:8615:0:9"],"receiver_count":14,"periods":{"D":{"min":49.28322,"max":60.07412,"receiver_count":14,"unavailable_count":0},"E":{"min":47.06473,"max":57.855633,"receiver_count":14,"unavailable_count":0},"N":{"min":42.293518,"max":53.08442,"receiver_count":14,"unavailable_count":0}}}},{"type":"Feature","id":"lariac:397123889845","geometry":{"type":"Polygon","coordinates":[[[-118.54414090555782,34.184216480174854],[-118.54415397802511,34.18420820469203],[-118.54415440785957,34.184187758446924],[-118.54414017547239,34.184175511894665],[-118.54413445554013,34.18417556467387],[-118.54413333776156,34.18410538811505],[-118.5439837601882,34.184107050834115],[-118.5439837054426,34.18410380822694],[-118.54396118932569,34.18410404652664],[-118.54396299298655,34.18421843441947],[-118.54414090555782,34.184216480174854]]]},"properties":{"building_pk":8620,"building_key":"lariac:397123889845","source_tile":"r04-c05","source_tile_ids":["r04-c05"],"source_bld_id":"397123889845","height_m":8.449,"receiver_ids":[150280,150281,150282,150283,150284,150285],"receiver_keys":["r04-c05:expanded-facade-max4m:8620:0:1","r04-c05:expanded-facade-max4m:8620:0:10","r04-c05:expanded-facade-max4m:8620:0:11","r04-c05:expanded-facade-max4m:8620:0:3","r04-c05:expanded-facade-max4m:8620:0:4","r04-c05:expanded-facade-max4m:8620:0:9"],"receiver_count":6,"periods":{"D":{"min":53.61004,"max":55.278492,"receiver_count":6,"unavailable_count":0},"E":{"min":51.391552,"max":53.060005,"receiver_count":6,"unavailable_count":0},"N":{"min":46.62034,"max":48.28879,"receiver_count":6,"unavailable_count":0}}}},{"type":"Feature","id":"lariac:397142890598","geometry":{"type":"Polygon","coordinates":[[[-118.54414235589572,34.18629702696077],[-118.54414280490005,34.186249211558575],[-118.54413665470305,34.18624918423244],[-118.54413723743437,34.18619142059296],[-118.54411604064113,34.18619126802451],[-118.54411626498099,34.1861699157505],[-118.54398442390115,34.186169024827905],[-118.54398446216486,34.18616473871602],[-118.54394574015625,34.186164499952504],[-118.5439451342433,34.18622888643629],[-118.54395376577723,34.18622895760735],[-118.54395310944089,34.18629576225884],[-118.54414235589572,34.18629702696077]]]},"properties":{"building_pk":9436,"building_key":"lariac:397142890598","source_tile":"r04-c05","source_tile_ids":["r04-c05"],"source_bld_id":"397142890598","height_m":4.441,"receiver_ids":[151149,151150,151151,151152,151153,151154,151155,151156],"receiver_keys":["r04-c05:expanded-facade-max4m:9436:0:1","r04-c05:expanded-facade-max4m:9436:0:10","r04-c05:expanded-facade-max4m:9436:0:12","r04-c05:expanded-facade-max4m:9436:0:13","r04-c05:expanded-facade-max4m:9436:0:15","r04-c05:expanded-facade-max4m:9436:0:16","r04-c05:expanded-facade-max4m:9436:0:17","r04-c05:expanded-facade-max4m:9436:0:3"],"receiver_count":8,"periods":{"D":{"min":52.53091,"max":64.63427,"receiver_count":8,"unavailable_count":0},"E":{"min":50.31242,"max":62.41578,"receiver_count":8,"unavailable_count":0},"N":{"min":45.54121,"max":57.64457,"receiver_count":8,"unavailable_count":0}}}},{"type":"Feature","id":"lariac:396831888715","geometry":{"type":"Polygon","coordinates":[[[-118.54495126891184,34.180956446940115],[-118.54495297928027,34.18109707738197],[-118.54509868590759,34.181095842891594],[-118.54509762161514,34.181008711663765],[-118.54508793388761,34.18100878327308],[-118.54508766151646,34.1809873232472],[-118.54505602132073,34.18098760287497],[-118.54505580265828,34.18096938546058],[-118.54503375021883,34.180969566880044],[-118.54503359387435,34.18095574601451],[-118.54495126891184,34.180956446940115]]]},"properties":{"building_pk":9896,"building_key":"lariac:396831888715","source_tile":"r04-c05","source_tile_ids":["r04-c05"],"source_bld_id":"396831888715","height_m":5.776,"receiver_ids":[151561,151562,151563,151564,151565,151566,151567,151568,151569,151570,151571,151572,151573],"receiver_keys":["r04-c05:expanded-facade-max4m:9896:0:1","r04-c05:expanded-facade-max4m:9896:0:10","r04-c05:expanded-facade-max4m:9896:0:11","r04-c05:expanded-facade-max4m:9896:0:14","r04-c05:expanded-facade-max4m:9896:0:15","r04-c05:expanded-facade-max4m:9896:0:2","r04-c05:expanded-facade-max4m:9896:0:3","r04-c05:expanded-facade-max4m:9896:0:4","r04-c05:expanded-facade-max4m:9896:0:5","r04-c05:expanded-facade-max4m:9896:0:6","r04-c05:expanded-facade-max4m:9896:0:7","r04-c05:expanded-facade-max4m:9896:0:8","r04-c05:expanded-facade-max4m:9896:0:9"],"receiver_count":13,"periods":{"D":{"min":57.122807,"max":67.85742,"receiver_count":13,"unavailable_count":0},"E":{"min":54.904316,"max":65.63894,"receiver_count":13,"unavailable_count":0},"N":{"min":50.133106,"max":60.867725,"receiver_count":13,"unavailable_count":0}}}},{"type":"Feature","id":"lariac:397029890006","geometry":{"type":"Polygon","coordinates":[[[-118.54434852023363,34.184515287690495],[-118.54435154167486,34.18463384695269],[-118.54442771624593,34.18463251420572],[-118.54442780838872,34.18463649861518],[-118.54456124551827,34.184634139004146],[-118.54455955636378,34.184567729867354],[-118.54449670533566,34.18456883683495],[-118.54449524811263,34.18451270425431],[-118.54434852023363,34.184515287690495]]]},"properties":{"building_pk":10256,"building_key":"lariac:397029890006","source_tile":"r04-c05","source_tile_ids":["r04-c05"],"source_bld_id":"397029890006","height_m":7.815,"receiver_ids":[152038,152039,152040,152041,152042,152043,152044,152045,152046],"receiver_keys":["r04-c05:expanded-facade-max4m:10256:0:1","r04-c05:expanded-facade-max4m:10256:0:10","r04-c05:expanded-facade-max4m:10256:0:11","r04-c05:expanded-facade-max4m:10256:0:12","r04-c05:expanded-facade-max4m:10256:0:13","r04-c05:expanded-facade-max4m:10256:0:14","r04-c05:expanded-facade-max4m:10256:0:2","r04-c05:expanded-facade-max4m:10256:0:3","r04-c05:expanded-facade-max4m:10256:0:9"],"receiver_count":9,"periods":{"D":{"min":54.101685,"max":67.860344,"receiver_count":9,"unavailable_count":0},"E":{"min":51.883198,"max":65.64186,"receiver_count":9,"unavailable_count":0},"N":{"min":47.111984,"max":60.870647,"receiver_count":9,"unavailable_count":0}}}},{"type":"Feature","id":"lariac:397130890400","geometry":{"type":"Polygon","coordinates":[[[-118.5441301943281,34.18573455702839],[-118.54415064020952,34.18570588610507],[-118.5441326236423,34.185675988117204],[-118.54413222522187,34.1856199869026],[-118.54399560143473,34.18562068439521],[-118.54399551787876,34.185613018041565],[-118.54392796580659,34.185613348888346],[-118.54392845641168,34.185683528269614],[-118.54396370393518,34.18568334271005],[-118.54396378138985,34.18569023917265],[-118.54395482084504,34.18569027947051],[-118.54395485109012,34.1856949240888],[-118.5439443036413,34.18569499856879],[-118.54394459975059,34.18573547385429],[-118.5441301943281,34.18573455702839]]]},"properties":{"building_pk":10752,"building_key":"lariac:397130890400","source_tile":"r04-c05","source_tile_ids":["r04-c05"],"source_bld_id":"397130890400","height_m":3.466,"receiver_ids":[152734,152735,152736,152737,152738,152739,152740,152741],"receiver_keys":["r04-c05:expanded-facade-max4m:10752:0:1","r04-c05:expanded-facade-max4m:10752:0:10","r04-c05:expanded-facade-max4m:10752:0:11","r04-c05:expanded-facade-max4m:10752:0:13","r04-c05:expanded-facade-max4m:10752:0:14","r04-c05:expanded-facade-max4m:10752:0:2","r04-c05:expanded-facade-max4m:10752:0:3","r04-c05:expanded-facade-max4m:10752:0:4"],"receiver_count":8,"periods":{"D":{"min":55.352596,"max":56.77145,"receiver_count":8,"unavailable_count":0},"E":{"min":53.134106,"max":54.552963,"receiver_count":8,"unavailable_count":0},"N":{"min":48.362896,"max":49.78175,"receiver_count":8,"unavailable_count":0}}}},{"type":"Feature","id":"lariac:396777889546","geometry":{"type":"Polygon","coordinates":[[[-118.54511700531268,34.183284993915066],[-118.54511767246049,34.18335182055858],[-118.54517222738647,34.18335143763486],[-118.54517239451934,34.18336690737581],[-118.54519507603277,34.18336677719097],[-118.54519537382163,34.18339711280287],[-118.54520922739434,34.183397023309446],[-118.54520947764995,34.183420241446065],[-118.54528969061356,34.18341968781361],[-118.54528930625996,34.183381081827655],[-118.54529185224257,34.18338107034939],[-118.54529124781118,34.18331888727646],[-118.54526221853224,34.183319101090476],[-118.54526193937326,34.183291623289016],[-118.54517762714693,34.183292195380986],[-118.54517754510503,34.18328461106141],[-118.54511700531268,34.183284993915066]]]},"properties":{"building_pk":11038,"building_key":"lariac:396777889546","source_tile":"r04-c05","source_tile_ids":["r04-c05"],"source_bld_id":"396777889546","height_m":4.825,"receiver_ids":[153051,153052,153053,153054,153055,153056,153057,153058,153059,153060,153061,153062,153063],"receiver_keys":["r04-c05:expanded-facade-max4m:11038:0:1","r04-c05:expanded-facade-max4m:11038:0:10","r04-c05:expanded-facade-max4m:11038:0:11","r04-c05:expanded-facade-max4m:11038:0:13","r04-c05:expanded-facade-max4m:11038:0:14","r04-c05:expanded-facade-max4m:11038:0:16","r04-c05:expanded-facade-max4m:11038:0:2","r04-c05:expanded-facade-max4m:11038:0:3","r04-c05:expanded-facade-max4m:11038:0:4","r04-c05:expanded-facade-max4m:11038:0:5","r04-c05:expanded-facade-max4m:11038:0:7","r04-c05:expanded-facade-max4m:11038:0:8","r04-c05:expanded-facade-max4m:11038:0:9"],"receiver_count":13,"periods":{"D":{"min":58.974987,"max":69.00636,"receiver_count":13,"unavailable_count":0},"E":{"min":56.7565,"max":66.78787,"receiver_count":13,"unavailable_count":0},"N":{"min":51.985287,"max":62.01666,"receiver_count":13,"unavailable_count":0}}}},{"type":"Feature","id":"lariac:201700286613","geometry":{"type":"Polygon","coordinates":[[[-118.54523240870695,34.18427756588924],[-118.54529887107718,34.184277484441786],[-118.54529886813667,34.18427537213751],[-118.54532419534652,34.18427534089154],[-118.54532410827963,34.18422627565498],[-118.54533994116939,34.18422625655908],[-118.54533981012261,34.18415234316583],[-118.54532549490573,34.18415236082847],[-118.54532550624606,34.18415875092101],[-118.54530756557165,34.18415877230566],[-118.54530754275835,34.184145971385696],[-118.54525717371732,34.18414603257918],[-118.54525719349108,34.18415703944031],[-118.54518125427006,34.18415713202795],[-118.54518122833638,34.184142354036176],[-118.54510933115017,34.18414244188258],[-118.54510943629555,34.184201611541944],[-118.54517659830823,34.18420152881136],[-118.54517663462357,34.18422205319754],[-118.54520382227777,34.18422201990177],[-118.5452038791031,34.184254495062326],[-118.54523236854884,34.184254460399906],[-118.54523240870695,34.18427756588924]]]},"properties":{"building_pk":11698,"building_key":"lariac:201700286613","source_tile":"r04-c05","source_tile_ids":["r04-c05"],"source_bld_id":"201700286613","height_m":5.471,"receiver_ids":[153960,153961,153962,153963,153964,153965,153966,153967,153968,153969,153970,153971,153972,153973,153974],"receiver_keys":["r04-c05:expanded-facade-max4m:11698:0:1","r04-c05:expanded-facade-max4m:11698:0:10","r04-c05:expanded-facade-max4m:11698:0:11","r04-c05:expanded-facade-max4m:11698:0:12","r04-c05:expanded-facade-max4m:11698:0:13","r04-c05:expanded-facade-max4m:11698:0:14","r04-c05:expanded-facade-max4m:11698:0:15","r04-c05:expanded-facade-max4m:11698:0:16","r04-c05:expanded-facade-max4m:11698:0:19","r04-c05:expanded-facade-max4m:11698:0:2","r04-c05:expanded-facade-max4m:11698:0:3","r04-c05:expanded-facade-max4m:11698:0:5","r04-c05:expanded-facade-max4m:11698:0:6","r04-c05:expanded-facade-max4m:11698:0:7","r04-c05:expanded-facade-max4m:11698:0:9"],"receiver_count":15,"periods":{"D":{"min":54.84591,"max":69.102104,"receiver_count":15,"unavailable_count":0},"E":{"min":52.627422,"max":66.88361,"receiver_count":15,"unavailable_count":0},"N":{"min":47.85621,"max":62.112404,"receiver_count":15,"unavailable_count":0}}}},{"type":"Feature","id":"lariac:201700286848","geometry":{"type":"Polygon","coordinates":[[[-118.54412686520365,34.18614612410225],[-118.54412694404971,34.18615789520666],[-118.54417988963108,34.186157651604006],[-118.54417966901244,34.18612445233978],[-118.5441627936056,34.186124530065065],[-118.5441626693165,34.186105783919785],[-118.54414243424064,34.18610587765857],[-118.54414232582398,34.186089567413596],[-118.5441616626852,34.18606699861947],[-118.54416186942493,34.18609806849931],[-118.54421624367222,34.18609781845312],[-118.54421576950925,34.18602686998082],[-118.54416039511354,34.186027125428055],[-118.54416055579986,34.186051292393216],[-118.54414139134616,34.18603021486695],[-118.54397744644983,34.18603096943087],[-118.54397783263956,34.18608893967266],[-118.54393611061099,34.18608913181325],[-118.54393649597982,34.18614698035031],[-118.54412686520365,34.18614612410225]]]},"properties":{"building_pk":11705,"building_key":"lariac:201700286848","source_tile":"r04-c05","source_tile_ids":["r04-c05"],"source_bld_id":"201700286848","height_m":5.34,"receiver_ids":[153975,153976,153977,153978,153979,153980,153981,153982,153983,153984,153985],"receiver_keys":["r04-c05:expanded-facade-max4m:11705:0:1","r04-c05:expanded-facade-max4m:11705:0:10","r04-c05:expanded-facade-max4m:11705:0:11","r04-c05:expanded-facade-max4m:11705:0:17","r04-c05:expanded-facade-max4m:11705:0:18","r04-c05:expanded-facade-max4m:11705:0:19","r04-c05:expanded-facade-max4m:11705:0:2","r04-c05:expanded-facade-max4m:11705:0:20","r04-c05:expanded-facade-max4m:11705:0:3","r04-c05:expanded-facade-max4m:11705:0:8","r04-c05:expanded-facade-max4m:11705:0:9"],"receiver_count":11,"periods":{"D":{"min":52.441875,"max":60.490135,"receiver_count":11,"unavailable_count":0},"E":{"min":50.22339,"max":58.27165,"receiver_count":11,"unavailable_count":0},"N":{"min":45.452175,"max":53.500435,"receiver_count":11,"unavailable_count":0}}}},{"type":"Feature","id":"lariac:399754889297","geometry":{"type":"Polygon","coordinates":[[[-118.53533769114217,34.182785714409626],[-118.53539662825796,34.182785659084054],[-118.53539461961275,34.1823183997928],[-118.53533586442195,34.18231852283088],[-118.53533769114217,34.182785714409626]]]},"properties":{"building_pk":12498,"building_key":"lariac:399754889297","source_tile":"r04-c05","source_tile_ids":["r04-c05"],"source_bld_id":"399754889297","height_m":3.429,"receiver_ids":[154131,154132,154133,154134,154135,154136,154137,154138,154139,154140,154141,154142,154143,154144,154145,154146,154147,154148,154149,154150,154151,154152,154153,154154,154155,154156,154157,154158,154159],"receiver_keys":["r04-c05:expanded-facade-max4m:12498:0:1","r04-c05:expanded-facade-max4m:12498:0:10","r04-c05:expanded-facade-max4m:12498:0:11","r04-c05:expanded-facade-max4m:12498:0:12","r04-c05:expanded-facade-max4m:12498:0:13","r04-c05:expanded-facade-max4m:12498:0:14","r04-c05:expanded-facade-max4m:12498:0:15","r04-c05:expanded-facade-max4m:12498:0:16","r04-c05:expanded-facade-max4m:12498:0:17","r04-c05:expanded-facade-max4m:12498:0:18","r04-c05:expanded-facade-max4m:12498:0:19","r04-c05:expanded-facade-max4m:12498:0:2","r04-c05:expanded-facade-max4m:12498:0:20","r04-c05:expanded-facade-max4m:12498:0:21","r04-c05:expanded-facade-max4m:12498:0:22","r04-c05:expanded-facade-max4m:12498:0:23","r04-c05:expanded-facade-max4m:12498:0:24","r04-c05:expanded-facade-max4m:12498:0:25","r04-c05:expanded-facade-max4m:12498:0:26","r04-c05:expanded-facade-max4m:12498:0:27","r04-c05:expanded-facade-max4m:12498:0:28","r04-c05:expanded-facade-max4m:12498:0:29","r04-c05:expanded-facade-max4m:12498:0:3","r04-c05:expanded-facade-max4m:12498:0:4","r04-c05:expanded-facade-max4m:12498:0:5","r04-c05:expanded-facade-max4m:12498:0:6","r04-c05:expanded-facade-max4m:12498:0:7","r04-c05:expanded-facade-max4m:12498:0:8","r04-c05:expanded-facade-max4m:12498:0:9"],"receiver_count":29,"periods":{"D":{"min":53.87372,"max":58.744392,"receiver_count":29,"unavailable_count":0},"E":{"min":51.65523,"max":56.525906,"receiver_count":29,"unavailable_count":0},"N":{"min":46.884018,"max":51.754692,"receiver_count":29,"unavailable_count":0}}}},{"type":"Feature","id":"lariac:399397889328","geometry":{"type":"Polygon","coordinates":[[[-118.53706948539495,34.182684168156],[-118.53693230211347,34.18268466724532],[-118.53693232076391,34.1826928008885],[-118.53637234732709,34.182694873485374],[-118.5363717098859,34.182574984546214],[-118.53625172059066,34.18257543456112],[-118.53625191521559,34.182610991476224],[-118.53623528457334,34.18261106521024],[-118.53623683766992,34.18289931424412],[-118.53625059154388,34.18289925326474],[-118.53625090180154,34.18295789278773],[-118.53707092722289,34.18295483127589],[-118.53706948539495,34.182684168156]],[[-118.53680855151518,34.18285627362002],[-118.53656781221949,34.18285725980913],[-118.53656770720067,34.18284090988141],[-118.53655811887316,34.18284095241766],[-118.53655794474123,34.182808775298184],[-118.53656862452796,34.18280875586775],[-118.53656854968985,34.18279710465107],[-118.53662082389182,34.182796872735594],[-118.53662078541512,34.18279088305103],[-118.53680964734937,34.182790127013796],[-118.53680975894443,34.18280749295192],[-118.53698430406415,34.182806801085114],[-118.53698448701242,34.18284032417009],[-118.53680848714504,34.18284102339503],[-118.53680855151518,34.18285627362002]],[[-118.53636616771918,34.18283957789063],[-118.5363664894287,34.18280723358984],[-118.53653750748704,34.182808343966784],[-118.5365371869285,34.1828406882632],[-118.53636616771918,34.18283957789063]]]},"properties":{"building_pk":12513,"building_key":"lariac:399397889328","source_tile":"r04-c05","source_tile_ids":["r04-c05"],"source_bld_id":"399397889328","height_m":6.648,"receiver_ids":[154209,154210,154211,154212,154213,154214,154215,154216,154217,154218,154219,154220,154221,154222,154223,154224,154225,154226,154227,154228,154229,154230,154231,154232,154233,154234,154235,154236,154237,154238,154239,154240,154241,154242,154243,154244,154245,154246,154247,154248,154249,154250,154251,154252,154253,154254,154255,154256,154257,154258,154259,154260,154261,154262,154263],"receiver_keys":["r04-c05:expanded-facade-max4m:12513:0:1","r04-c05:expanded-facade-max4m:12513:0:10","r04-c05:expanded-facade-max4m:12513:0:11","r04-c05:expanded-facade-max4m:12513:0:12","r04-c05:expanded-facade-max4m:12513:0:13","r04-c05:expanded-facade-max4m:12513:0:14","r04-c05:expanded-facade-max4m:12513:0:15","r04-c05:expanded-facade-max4m:12513:0:16","r04-c05:expanded-facade-max4m:12513:0:18","r04-c05:expanded-facade-max4m:12513:0:19","r04-c05:expanded-facade-max4m:12513:0:2","r04-c05:expanded-facade-max4m:12513:0:20","r04-c05:expanded-facade-max4m:12513:0:25","r04-c05:expanded-facade-max4m:12513:0:26","r04-c05:expanded-facade-max4m:12513:0:27","r04-c05:expanded-facade-max4m:12513:0:28","r04-c05:expanded-facade-max4m:12513:0:29","r04-c05:expanded-facade-max4m:12513:0:3","r04-c05:expanded-facade-max4m:12513:0:30","r04-c05:expanded-facade-max4m:12513:0:31","r04-c05:expanded-facade-max4m:12513:0:32","r04-c05:expanded-facade-max4m:12513:0:34","r04-c05:expanded-facade-max4m:12513:0:35","r04-c05:expanded-facade-max4m:12513:0:36","r04-c05:expanded-facade-max4m:12513:0:37","r04-c05:expanded-facade-max4m:12513:0:38","r04-c05:expanded-facade-max4m:12513:0:39","r04-c05:expanded-facade-max4m:12513:0:4","r04-c05:expanded-facade-max4m:12513:0:40","r04-c05:expanded-facade-max4m:12513:0:41","r04-c05:expanded-facade-max4m:12513:0:42","r04-c05:expanded-facade-max4m:12513:0:43","r04-c05:expanded-facade-max4m:12513:0:44","r04-c05:expanded-facade-max4m:12513:0:45","r04-c05:expanded-facade-max4m:12513:0:46","r04-c05:expanded-facade-max4m:12513:0:47","r04-c05:expanded-facade-max4m:12513:0:48","r04-c05:expanded-facade-max4m:12513:0:49","r04-c05:expanded-facade-max4m:12513:0:5","r04-c05:expanded-facade-max4m:12513:0:50","r04-c05:expanded-facade-max4m:12513:0:51","r04-c05:expanded-facade-max4m:12513:0:52","r04-c05:expanded-facade-max4m:12513:0:53","r04-c05:expanded-facade-max4m:12513:0:54","r04-c05:expanded-facade-max4m:12513:0:55","r04-c05:expanded-facade-max4m:12513:0:56","r04-c05:expanded-facade-max4m:12513:0:57","r04-c05:expanded-facade-max4m:12513:0:58","r04-c05:expanded-facade-max4m:12513:0:59","r04-c05:expanded-facade-max4m:12513:0:6","r04-c05:expanded-facade-max4m:12513:0:60","r04-c05:expanded-facade-max4m:12513:0:61","r04-c05:expanded-facade-max4m:12513:0:7","r04-c05:expanded-facade-max4m:12513:0:8","r04-c05:expanded-facade-max4m:12513:0:9"],"receiver_count":55,"periods":{"D":{"min":44.502937,"max":68.88878,"receiver_count":55,"unavailable_count":0},"E":{"min":42.28445,"max":66.67029,"receiver_count":55,"unavailable_count":0},"N":{"min":37.513237,"max":61.899075,"receiver_count":55,"unavailable_count":0}}}},{"type":"Feature","id":"lariac:399397889583","geometry":{"type":"Polygon","coordinates":[[[-118.53692064041192,34.18326238485171],[-118.53624912962239,34.183263825015615],[-118.53624947559115,34.183369260800276],[-118.53624163895219,34.18336926849852],[-118.53624177968925,34.18341164042034],[-118.53624958270399,34.183411632871135],[-118.53624992391099,34.18351632670679],[-118.5369214367303,34.18351488653842],[-118.53692064041192,34.18326238485171]],[[-118.53634264224401,34.183419051952285],[-118.53634220840382,34.18336178783098],[-118.53682345675433,34.18335932286055],[-118.53682389075054,34.183416559934585],[-118.53634264224401,34.183419051952285]]]},"properties":{"building_pk":12575,"building_key":"lariac:399397889583","source_tile":"r04-c05","source_tile_ids":["r04-c05"],"source_bld_id":"399397889583","height_m":7.434,"receiver_ids":[154362,154363,154364,154365,154366,154367,154368,154369,154370,154371,154372,154373,154374,154375],"receiver_keys":["r04-c05:expanded-facade-max4m:12575:0:17","r04-c05:expanded-facade-max4m:12575:0:18","r04-c05:expanded-facade-max4m:12575:0:19","r04-c05:expanded-facade-max4m:12575:0:20","r04-c05:expanded-facade-max4m:12575:0:21","r04-c05:expanded-facade-max4m:12575:0:22","r04-c05:expanded-facade-max4m:12575:0:23","r04-c05:expanded-facade-max4m:12575:0:40","r04-c05:expanded-facade-max4m:12575:0:41","r04-c05:expanded-facade-max4m:12575:0:42","r04-c05:expanded-facade-max4m:12575:0:43","r04-c05:expanded-facade-max4m:12575:0:44","r04-c05:expanded-facade-max4m:12575:0:45","r04-c05:expanded-facade-max4m:12575:0:46"],"receiver_count":14,"periods":{"D":{"min":49.120647,"max":68.729576,"receiver_count":14,"unavailable_count":0},"E":{"min":46.902157,"max":66.511086,"receiver_count":14,"unavailable_count":0},"N":{"min":42.130947,"max":61.739872,"receiver_count":14,"unavailable_count":0}}}},{"type":"Feature","id":"lariac:399752889065","geometry":{"type":"Polygon","coordinates":[[[-118.53533713375127,34.18228129969488],[-118.53539557933233,34.18228145029273],[-118.53539330619654,34.18181421922069],[-118.5353349812785,34.181814395349384],[-118.53533713375127,34.18228129969488]]]},"properties":{"building_pk":12678,"building_key":"lariac:399752889065","source_tile":"r04-c05","source_tile_ids":["r04-c05"],"source_bld_id":"399752889065","height_m":4.304,"receiver_ids":[154583,154584,154585,154586,154587,154588,154589,154590,154591,154592,154593,154594,154595,154596,154597,154598,154599,154600,154601,154602,154603,154604,154605,154606,154607,154608,154609,154610,154611],"receiver_keys":["r04-c05:expanded-facade-max4m:12678:0:1","r04-c05:expanded-facade-max4m:12678:0:10","r04-c05:expanded-facade-max4m:12678:0:11","r04-c05:expanded-facade-max4m:12678:0:12","r04-c05:expanded-facade-max4m:12678:0:13","r04-c05:expanded-facade-max4m:12678:0:14","r04-c05:expanded-facade-max4m:12678:0:15","r04-c05:expanded-facade-max4m:12678:0:16","r04-c05:expanded-facade-max4m:12678:0:17","r04-c05:expanded-facade-max4m:12678:0:18","r04-c05:expanded-facade-max4m:12678:0:19","r04-c05:expanded-facade-max4m:12678:0:2","r04-c05:expanded-facade-max4m:12678:0:20","r04-c05:expanded-facade-max4m:12678:0:21","r04-c05:expanded-facade-max4m:12678:0:22","r04-c05:expanded-facade-max4m:12678:0:23","r04-c05:expanded-facade-max4m:12678:0:24","r04-c05:expanded-facade-max4m:12678:0:25","r04-c05:expanded-facade-max4m:12678:0:26","r04-c05:expanded-facade-max4m:12678:0:27","r04-c05:expanded-facade-max4m:12678:0:28","r04-c05:expanded-facade-max4m:12678:0:29","r04-c05:expanded-facade-max4m:12678:0:3","r04-c05:expanded-facade-max4m:12678:0:4","r04-c05:expanded-facade-max4m:12678:0:5","r04-c05:expanded-facade-max4m:12678:0:6","r04-c05:expanded-facade-max4m:12678:0:7","r04-c05:expanded-facade-max4m:12678:0:8","r04-c05:expanded-facade-max4m:12678:0:9"],"receiver_count":29,"periods":{"D":{"min":53.889065,"max":60.198208,"receiver_count":29,"unavailable_count":0},"E":{"min":51.670578,"max":57.97972,"receiver_count":29,"unavailable_count":0},"N":{"min":46.899364,"max":53.208508,"receiver_count":29,"unavailable_count":0}}}},{"type":"Feature","id":"lariac:396789889299","geometry":{"type":"Polygon","coordinates":[[[-118.54511318628595,34.182664340488834],[-118.54512637982857,34.18266436396739],[-118.54512631605868,34.18270030700911],[-118.54516301860723,34.182700360657925],[-118.54516295566941,34.1827312757853],[-118.54524330461548,34.182731380596316],[-118.54524332083578,34.18272887964023],[-118.54525747332227,34.1827288978801],[-118.54525772620221,34.182605597982366],[-118.5452144769163,34.18260554592613],[-118.5452144978114,34.182603594890814],[-118.54511328467666,34.182603446160854],[-118.54511318628595,34.182664340488834]]]},"properties":{"building_pk":16111,"building_key":"lariac:396789889299","source_tile":"r04-c05","source_tile_ids":["r04-c05"],"source_bld_id":"396789889299","height_m":5.621,"receiver_ids":[155787,155788,155789,155790,155791,155792,155793,155794,155795,155796,155797,155798,155799,155800],"receiver_keys":["r04-c05:expanded-facade-max4m:16111:0:1","r04-c05:expanded-facade-max4m:16111:0:10","r04-c05:expanded-facade-max4m:16111:0:11","r04-c05:expanded-facade-max4m:16111:0:12","r04-c05:expanded-facade-max4m:16111:0:13","r04-c05:expanded-facade-max4m:16111:0:14","r04-c05:expanded-facade-max4m:16111:0:2","r04-c05:expanded-facade-max4m:16111:0:3","r04-c05:expanded-facade-max4m:16111:0:4","r04-c05:expanded-facade-max4m:16111:0:5","r04-c05:expanded-facade-max4m:16111:0:6","r04-c05:expanded-facade-max4m:16111:0:7","r04-c05:expanded-facade-max4m:16111:0:8","r04-c05:expanded-facade-max4m:16111:0:9"],"receiver_count":14,"periods":{"D":{"min":54.38712,"max":69.18081,"receiver_count":14,"unavailable_count":0},"E":{"min":52.16863,"max":66.96232,"receiver_count":14,"unavailable_count":0},"N":{"min":47.39742,"max":62.191105,"receiver_count":14,"unavailable_count":0}}}},{"type":"Feature","id":"lariac:397143890656","geometry":{"type":"Polygon","coordinates":[[[-118.54409799748306,34.18644676830515],[-118.54409653762367,34.186390194876815],[-118.5441189322331,34.186361049095204],[-118.54410215963107,34.186339443316335],[-118.54409180846365,34.18633935194334],[-118.54409192307811,34.18633146562308],[-118.54400111631195,34.18633058215409],[-118.54400132391143,34.18631664966215],[-118.54397520002732,34.186316382194015],[-118.54397498956438,34.18632987564689],[-118.54392968661934,34.18632944739929],[-118.54392930162683,34.18635679025302],[-118.54389127292808,34.1863564122207],[-118.54388996470665,34.18645006687926],[-118.5439374843655,34.186450540167584],[-118.54393754945734,34.18644520904568],[-118.54409799748306,34.18644676830515]]]},"properties":{"building_pk":16176,"building_key":"lariac:397143890656","source_tile":"r04-c05","source_tile_ids":["r04-c05"],"source_bld_id":"397143890656","height_m":5.617,"receiver_ids":[155873,155874],"receiver_keys":["r04-c05:expanded-facade-max4m:16176:0:5","r04-c05:expanded-facade-max4m:16176:0:6"],"receiver_count":2,"periods":{"D":{"min":53.060272,"max":57.669254,"receiver_count":2,"unavailable_count":0},"E":{"min":50.841785,"max":55.450768,"receiver_count":2,"unavailable_count":0},"N":{"min":46.07057,"max":50.679554,"receiver_count":2,"unavailable_count":0}}}},{"type":"Feature","id":"lariac:396766888796","geometry":{"type":"Polygon","coordinates":[[[-118.54522205856559,34.18125942008495],[-118.54522199500988,34.181279101075724],[-118.54525613533856,34.18127925729978],[-118.54525634798594,34.18125965046492],[-118.54522205856559,34.18125942008495]]]},"properties":{"building_pk":16445,"building_key":"lariac:396766888796","source_tile":"r04-c05","source_tile_ids":["r04-c05"],"source_bld_id":"396766888796","height_m":3.021,"receiver_ids":[156120,156121,156122,156123],"receiver_keys":["r04-c05:expanded-facade-max4m:16445:0:1","r04-c05:expanded-facade-max4m:16445:0:2","r04-c05:expanded-facade-max4m:16445:0:3","r04-c05:expanded-facade-max4m:16445:0:4"],"receiver_count":4,"periods":{"D":{"min":57.93896,"max":59.29991,"receiver_count":4,"unavailable_count":0},"E":{"min":55.720474,"max":57.081425,"receiver_count":4,"unavailable_count":0},"N":{"min":50.94926,"max":52.31021,"receiver_count":4,"unavailable_count":0}}}},{"type":"Feature","id":"lariac:397059889415","geometry":{"type":"Polygon","coordinates":[[[-118.5443053945794,34.18301715544658],[-118.54430602175304,34.182940761202204],[-118.54425741405508,34.182940484992535],[-118.54425678792765,34.18301688013327],[-118.5443053945794,34.18301715544658]]]},"properties":{"building_pk":16761,"building_key":"lariac:397059889415","source_tile":"r04-c05","source_tile_ids":["r04-c05"],"source_bld_id":"397059889415","height_m":2.38,"receiver_ids":[156557,156558,156559,156560,156561,156562,156563],"receiver_keys":["r04-c05:expanded-facade-max4m:16761:0:1","r04-c05:expanded-facade-max4m:16761:0:2","r04-c05:expanded-facade-max4m:16761:0:3","r04-c05:expanded-facade-max4m:16761:0:4","r04-c05:expanded-facade-max4m:16761:0:5","r04-c05:expanded-facade-max4m:16761:0:6","r04-c05:expanded-facade-max4m:16761:0:7"],"receiver_count":7,"periods":{"D":{"min":53.534084,"max":61.89834,"receiver_count":7,"unavailable_count":0},"E":{"min":51.315598,"max":59.67985,"receiver_count":7,"unavailable_count":0},"N":{"min":46.544384,"max":54.90864,"receiver_count":7,"unavailable_count":0}}}},{"type":"Feature","id":"lariac:396750888347","geometry":{"type":"Polygon","coordinates":[[[-118.54535543824429,34.17997774192799],[-118.5453305404556,34.17997771715748],[-118.54533056953963,34.17994661105587],[-118.54534019043152,34.17994662266996],[-118.54534024085125,34.179918785470456],[-118.5453301231531,34.17991877609636],[-118.54533014471615,34.179896820699604],[-118.5452670584493,34.17989674721994],[-118.5452669892187,34.1799519535749],[-118.54523633889433,34.17995192677169],[-118.5452362007075,34.180032138659996],[-118.54521619724126,34.180032091801614],[-118.54521611943898,34.180070864852325],[-118.54535525322295,34.180071034529206],[-118.54535543824429,34.17997774192799]]]},"properties":{"building_pk":17177,"building_key":"lariac:396750888347","source_tile":"r04-c05","source_tile_ids":["r03-c05","r04-c05"],"source_bld_id":"396750888347","height_m":5.389,"receiver_ids":[157009,157010,157011],"receiver_keys":["r04-c05:expanded-facade-max4m:17177:0:12","r04-c05:expanded-facade-max4m:17177:0:13","r04-c05:expanded-facade-max4m:17177:0:14"],"receiver_count":3,"periods":{"D":{"min":69.93034,"max":70.04058,"receiver_count":3,"unavailable_count":0},"E":{"min":67.71186,"max":67.82209,"receiver_count":3,"unavailable_count":0},"N":{"min":62.940643,"max":63.05088,"receiver_count":3,"unavailable_count":0}}}},{"type":"Feature","id":"lariac:396828888784","geometry":{"type":"Polygon","coordinates":[[[-118.5450879352727,34.18127250019444],[-118.54508869871214,34.181186843768934],[-118.54515982340845,34.18118729311929],[-118.54516021638754,34.1811411259874],[-118.54509054765082,34.18114069802352],[-118.54509062638358,34.18113248189881],[-118.54502518945027,34.18113206187144],[-118.54502503700084,34.181149264918226],[-118.54496479113742,34.18114890440748],[-118.54496426837308,34.18120562379319],[-118.54498166147746,34.18120573745085],[-118.54498134085328,34.181242890619444],[-118.54499026909548,34.18124296037733],[-118.54499002830251,34.18127189741638],[-118.5450879352727,34.18127250019444]]]},"properties":{"building_pk":17269,"building_key":"lariac:396828888784","source_tile":"r04-c05","source_tile_ids":["r04-c05"],"source_bld_id":"396828888784","height_m":5.517,"receiver_ids":[157068,157069,157070,157071,157072,157073,157074,157075,157076,157077,157078,157079,157080],"receiver_keys":["r04-c05:expanded-facade-max4m:17269:0:1","r04-c05:expanded-facade-max4m:17269:0:10","r04-c05:expanded-facade-max4m:17269:0:11","r04-c05:expanded-facade-max4m:17269:0:12","r04-c05:expanded-facade-max4m:17269:0:14","r04-c05:expanded-facade-max4m:17269:0:15","r04-c05:expanded-facade-max4m:17269:0:2","r04-c05:expanded-facade-max4m:17269:0:4","r04-c05:expanded-facade-max4m:17269:0:5","r04-c05:expanded-facade-max4m:17269:0:6","r04-c05:expanded-facade-max4m:17269:0:7","r04-c05:expanded-facade-max4m:17269:0:8","r04-c05:expanded-facade-max4m:17269:0:9"],"receiver_count":13,"periods":{"D":{"min":52.524567,"max":67.38905,"receiver_count":13,"unavailable_count":0},"E":{"min":50.306076,"max":65.17057,"receiver_count":13,"unavailable_count":0},"N":{"min":45.534866,"max":60.399353,"receiver_count":13,"unavailable_count":0}}}},{"type":"Feature","id":"lariac:396628889507","geometry":{"type":"Polygon","coordinates":[[[-118.54571514060984,34.18330826473965],[-118.54571524188394,34.183288396957984],[-118.54573190717605,34.18328845879932],[-118.54573203979275,34.183263260046594],[-118.54575475634843,34.18326335047685],[-118.54575519975575,34.183179454399],[-118.54566258298566,34.18317913030175],[-118.5456621284081,34.183271627158824],[-118.54561438146223,34.183271457598714],[-118.5456142225961,34.18330792306465],[-118.54571514060984,34.18330826473965]]]},"properties":{"building_pk":17430,"building_key":"lariac:396628889507","source_tile":"r04-c05","source_tile_ids":["r04-c05"],"source_bld_id":"396628889507","height_m":5.014,"receiver_ids":[157203,157204,157205,157206,157207,157208,157209,157210,157211,157212,157213],"receiver_keys":["r04-c05:expanded-facade-max4m:17430:0:11","r04-c05:expanded-facade-max4m:17430:0:12","r04-c05:expanded-facade-max4m:17430:0:13","r04-c05:expanded-facade-max4m:17430:0:14","r04-c05:expanded-facade-max4m:17430:0:3","r04-c05:expanded-facade-max4m:17430:0:4","r04-c05:expanded-facade-max4m:17430:0:5","r04-c05:expanded-facade-max4m:17430:0:6","r04-c05:expanded-facade-max4m:17430:0:7","r04-c05:expanded-facade-max4m:17430:0:8","r04-c05:expanded-facade-max4m:17430:0:9"],"receiver_count":11,"periods":{"D":{"min":50.323166,"max":59.238396,"receiver_count":11,"unavailable_count":0},"E":{"min":48.10468,"max":57.01991,"receiver_count":11,"unavailable_count":0},"N":{"min":43.333466,"max":52.248695,"receiver_count":11,"unavailable_count":0}}}},{"type":"Feature","id":"lariac:397126890202","geometry":{"type":"Polygon","coordinates":[[[-118.54416512947769,34.18518399287154],[-118.54418551317212,34.18515579012286],[-118.54416820511167,34.185128223952034],[-118.54414221609422,34.185128285879884],[-118.54414196646772,34.18506964698015],[-118.54398718723678,34.185070095277055],[-118.54398715127198,34.185064572580764],[-118.54393788455856,34.18506473915454],[-118.54393818450306,34.18513112749921],[-118.5439758785617,34.185131012973194],[-118.54397612680503,34.18518429310198],[-118.54416512947769,34.18518399287154]]]},"properties":{"building_pk":17616,"building_key":"lariac:397126890202","source_tile":"r04-c05","source_tile_ids":["r04-c05"],"source_bld_id":"397126890202","height_m":6.258,"receiver_ids":[157594,157595,157596,157597,157598,157599,157600,157601],"receiver_keys":["r04-c05:expanded-facade-max4m:17616:0:1","r04-c05:expanded-facade-max4m:17616:0:10","r04-c05:expanded-facade-max4m:17616:0:11","r04-c05:expanded-facade-max4m:17616:0:12","r04-c05:expanded-facade-max4m:17616:0:13","r04-c05:expanded-facade-max4m:17616:0:18","r04-c05:expanded-facade-max4m:17616:0:2","r04-c05:expanded-facade-max4m:17616:0:4"],"receiver_count":8,"periods":{"D":{"min":45.33495,"max":56.11313,"receiver_count":8,"unavailable_count":0},"E":{"min":43.11646,"max":53.89464,"receiver_count":8,"unavailable_count":0},"N":{"min":38.34525,"max":49.123432,"receiver_count":8,"unavailable_count":0}}}},{"type":"Feature","id":"lariac:396791889357","geometry":{"type":"Polygon","coordinates":[[[-118.54523332038812,34.182878520615475],[-118.54527354692982,34.18287133247036],[-118.54527444037548,34.18277520672713],[-118.54511343997062,34.18277420149125],[-118.54511273848881,34.18285422298925],[-118.54513631551791,34.18285436465121],[-118.54513625660024,34.18286062974565],[-118.54511406934843,34.1828605097679],[-118.54511368503812,34.18290285701937],[-118.54523308711026,34.182903610733874],[-118.54523332038812,34.182878520615475]]]},"properties":{"building_pk":17729,"building_key":"lariac:396791889357","source_tile":"r04-c05","source_tile_ids":["r04-c05"],"source_bld_id":"396791889357","height_m":5.441,"receiver_ids":[157675,157676,157677,157678,157679,157680,157681,157682,157683,157684,157685,157686,157687,157688,157689],"receiver_keys":["r04-c05:expanded-facade-max4m:17729:0:1","r04-c05:expanded-facade-max4m:17729:0:10","r04-c05:expanded-facade-max4m:17729:0:12","r04-c05:expanded-facade-max4m:17729:0:13","r04-c05:expanded-facade-max4m:17729:0:14","r04-c05:expanded-facade-max4m:17729:0:15","r04-c05:expanded-facade-max4m:17729:0:16","r04-c05:expanded-facade-max4m:17729:0:2","r04-c05:expanded-facade-max4m:17729:0:3","r04-c05:expanded-facade-max4m:17729:0:4","r04-c05:expanded-facade-max4m:17729:0:5","r04-c05:expanded-facade-max4m:17729:0:6","r04-c05:expanded-facade-max4m:17729:0:7","r04-c05:expanded-facade-max4m:17729:0:8","r04-c05:expanded-facade-max4m:17729:0:9"],"receiver_count":15,"periods":{"D":{"min":54.099277,"max":69.160545,"receiver_count":15,"unavailable_count":0},"E":{"min":51.880787,"max":66.942055,"receiver_count":15,"unavailable_count":0},"N":{"min":47.109577,"max":62.17084,"receiver_count":15,"unavailable_count":0}}}},{"type":"Feature","id":"lariac:396777889174","geometry":{"type":"Polygon","coordinates":[[[-118.54529371099612,34.18239947983803],[-118.5452934260701,34.18235067874519],[-118.5453471211913,34.18235046369703],[-118.5453466661777,34.18227561325841],[-118.54517499795585,34.18227630423093],[-118.54517485503455,34.18225440456952],[-118.54511474465654,34.182254647553634],[-118.54511515572574,34.182322629326876],[-118.54517083486986,34.18232240541493],[-118.54517096792962,34.1823427941331],[-118.54519857654691,34.18234269763326],[-118.54519876171969,34.182376056629444],[-118.54522868397697,34.182375921745766],[-118.54522880692613,34.182399745392],[-118.54529371099612,34.18239947983803]]]},"properties":{"building_pk":17865,"building_key":"lariac:396777889174","source_tile":"r04-c05","source_tile_ids":["r04-c05"],"source_bld_id":"396777889174","height_m":5.566,"receiver_ids":[157846,157847,157848,157849,157850,157851,157852,157853,157854,157855,157856,157857,157858,157859,157860,157861,157862],"receiver_keys":["r04-c05:expanded-facade-max4m:17865:0:1","r04-c05:expanded-facade-max4m:17865:0:10","r04-c05:expanded-facade-max4m:17865:0:11","r04-c05:expanded-facade-max4m:17865:0:12","r04-c05:expanded-facade-max4m:17865:0:13","r04-c05:expanded-facade-max4m:17865:0:14","r04-c05:expanded-facade-max4m:17865:0:15","r04-c05:expanded-facade-max4m:17865:0:16","r04-c05:expanded-facade-max4m:17865:0:17","r04-c05:expanded-facade-max4m:17865:0:18","r04-c05:expanded-facade-max4m:17865:0:19","r04-c05:expanded-facade-max4m:17865:0:3","r04-c05:expanded-facade-max4m:17865:0:4","r04-c05:expanded-facade-max4m:17865:0:5","r04-c05:expanded-facade-max4m:17865:0:6","r04-c05:expanded-facade-max4m:17865:0:7","r04-c05:expanded-facade-max4m:17865:0:8"],"receiver_count":17,"periods":{"D":{"min":51.892437,"max":69.03826,"receiver_count":17,"unavailable_count":0},"E":{"min":49.67395,"max":66.81978,"receiver_count":17,"unavailable_count":0},"N":{"min":44.902737,"max":62.048565,"receiver_count":17,"unavailable_count":0}}}},{"type":"Feature","id":"lariac:397288888695","geometry":{"type":"Polygon","coordinates":[[[-118.54360512284916,34.181149170351716],[-118.54359892891141,34.18074610711119],[-118.543415336205,34.18074805816503],[-118.54342152925707,34.18115112141495],[-118.54360512284916,34.181149170351716]]]},"properties":{"building_pk":18277,"building_key":"lariac:397288888695","source_tile":"r04-c05","source_tile_ids":["r04-c05"],"source_bld_id":"397288888695","height_m":6.206,"receiver_ids":[158298,158299,158300,158301,158302,158303,158304,158305,158306,158307,158308,158309,158310,158311,158312,158313,158314,158315,158316,158317,158318,158319,158320],"receiver_keys":["r04-c05:expanded-facade-max4m:18277:0:10","r04-c05:expanded-facade-max4m:18277:0:11","r04-c05:expanded-facade-max4m:18277:0:12","r04-c05:expanded-facade-max4m:18277:0:13","r04-c05:expanded-facade-max4m:18277:0:14","r04-c05:expanded-facade-max4m:18277:0:15","r04-c05:expanded-facade-max4m:18277:0:16","r04-c05:expanded-facade-max4m:18277:0:17","r04-c05:expanded-facade-max4m:18277:0:18","r04-c05:expanded-facade-max4m:18277:0:19","r04-c05:expanded-facade-max4m:18277:0:20","r04-c05:expanded-facade-max4m:18277:0:21","r04-c05:expanded-facade-max4m:18277:0:22","r04-c05:expanded-facade-max4m:18277:0:23","r04-c05:expanded-facade-max4m:18277:0:24","r04-c05:expanded-facade-max4m:18277:0:25","r04-c05:expanded-facade-max4m:18277:0:3","r04-c05:expanded-facade-max4m:18277:0:4","r04-c05:expanded-facade-max4m:18277:0:5","r04-c05:expanded-facade-max4m:18277:0:6","r04-c05:expanded-facade-max4m:18277:0:7","r04-c05:expanded-facade-max4m:18277:0:8","r04-c05:expanded-facade-max4m:18277:0:9"],"receiver_count":23,"periods":{"D":{"min":54.68886,"max":66.196205,"receiver_count":23,"unavailable_count":0},"E":{"min":52.47037,"max":63.977715,"receiver_count":23,"unavailable_count":0},"N":{"min":47.69916,"max":59.206505,"receiver_count":23,"unavailable_count":0}}}},{"type":"Feature","id":"lariac:397122889797","geometry":{"type":"Polygon","coordinates":[[[-118.54413293739756,34.184084560645665],[-118.54413297493628,34.18408016454868],[-118.54417480174949,34.18408005841241],[-118.54417434576932,34.18396942930557],[-118.54414438895283,34.183969509087156],[-118.54414089166649,34.18396570588095],[-118.54398114535343,34.1839645555494],[-118.5439811054879,34.18396859554696],[-118.54397082187137,34.183968503861124],[-118.54397029749583,34.18402008444777],[-118.54396249406693,34.18402003750242],[-118.5439618486587,34.184083352227304],[-118.54413293739756,34.184084560645665]]]},"properties":{"building_pk":18410,"building_key":"lariac:397122889797","source_tile":"r04-c05","source_tile_ids":["r04-c05"],"source_bld_id":"397122889797","height_m":8.348,"receiver_ids":[158544,158545,158546,158547,158548,158549,158550,158551,158552,158553,158554,158555,158556],"receiver_keys":["r04-c05:expanded-facade-max4m:18410:0:1","r04-c05:expanded-facade-max4m:18410:0:10","r04-c05:expanded-facade-max4m:18410:0:11","r04-c05:expanded-facade-max4m:18410:0:12","r04-c05:expanded-facade-max4m:18410:0:13","r04-c05:expanded-facade-max4m:18410:0:2","r04-c05:expanded-facade-max4m:18410:0:3","r04-c05:expanded-facade-max4m:18410:0:4","r04-c05:expanded-facade-max4m:18410:0:5","r04-c05:expanded-facade-max4m:18410:0:6","r04-c05:expanded-facade-max4m:18410:0:7","r04-c05:expanded-facade-max4m:18410:0:8","r04-c05:expanded-facade-max4m:18410:0:9"],"receiver_count":13,"periods":{"D":{"min":45.557995,"max":59.294678,"receiver_count":13,"unavailable_count":0},"E":{"min":43.339508,"max":57.07619,"receiver_count":13,"unavailable_count":0},"N":{"min":38.568295,"max":52.304977,"receiver_count":13,"unavailable_count":0}}}},{"type":"Feature","id":"lariac:396835888561","geometry":{"type":"Polygon","coordinates":[[[-118.5449489331807,34.1806998293792],[-118.54503112932986,34.18069954194166],[-118.54503103430923,34.18068497792768],[-118.54505239315331,34.18068490962248],[-118.54505227535961,34.18066685583455],[-118.545085603291,34.180666733583465],[-118.54508551319134,34.18064793770006],[-118.54509480422465,34.18064792377443],[-118.54509436513871,34.18056034977573],[-118.5449482250404,34.180560843345944],[-118.5449489331807,34.1806998293792]]]},"properties":{"building_pk":18551,"building_key":"lariac:396835888561","source_tile":"r04-c05","source_tile_ids":["r04-c05"],"source_bld_id":"396835888561","height_m":6.386,"receiver_ids":[158646,158647,158648,158649,158650,158651,158652,158653,158654,158655,158656,158657,158658],"receiver_keys":["r04-c05:expanded-facade-max4m:18551:0:1","r04-c05:expanded-facade-max4m:18551:0:10","r04-c05:expanded-facade-max4m:18551:0:11","r04-c05:expanded-facade-max4m:18551:0:12","r04-c05:expanded-facade-max4m:18551:0:13","r04-c05:expanded-facade-max4m:18551:0:14","r04-c05:expanded-facade-max4m:18551:0:15","r04-c05:expanded-facade-max4m:18551:0:2","r04-c05:expanded-facade-max4m:18551:0:5","r04-c05:expanded-facade-max4m:18551:0:6","r04-c05:expanded-facade-max4m:18551:0:7","r04-c05:expanded-facade-max4m:18551:0:8","r04-c05:expanded-facade-max4m:18551:0:9"],"receiver_count":13,"periods":{"D":{"min":62.1986,"max":69.494995,"receiver_count":13,"unavailable_count":0},"E":{"min":59.980114,"max":67.276505,"receiver_count":13,"unavailable_count":0},"N":{"min":55.2089,"max":62.50529,"receiver_count":13,"unavailable_count":0}}}},{"type":"Feature","id":"lariac:2014121100720000","geometry":{"type":"Polygon","coordinates":[[[-118.5455278254583,34.183804365712994],[-118.54571599480283,34.183803516861836],[-118.54571586160775,34.183783128143965],[-118.5457336499425,34.183783047883786],[-118.5457334862232,34.18375798750273],[-118.54575491184183,34.18375789082786],[-118.54575435227257,34.18367224126457],[-118.54560166130817,34.18367295718731],[-118.54560197646127,34.1837212091042],[-118.54563302412284,34.18372106904603],[-118.54563317632342,34.18374437056674],[-118.54552743695565,34.18374487547966],[-118.54547797178203,34.1837450985735],[-118.54547831525034,34.18379769760778],[-118.5455278254583,34.183804365712994]]]},"properties":{"building_pk":18790,"building_key":"lariac:2014121100720000","source_tile":"r04-c05","source_tile_ids":["r04-c05"],"source_bld_id":"2014121100720000","height_m":4.883,"receiver_ids":[158921,158922,158923,158924,158925,158926,158927,158928,158929,158930,158931,158932,158933,158934,158935,158936,158937,158938,158939],"receiver_keys":["r04-c05:expanded-facade-max4m:18790:0:1","r04-c05:expanded-facade-max4m:18790:0:10","r04-c05:expanded-facade-max4m:18790:0:11","r04-c05:expanded-facade-max4m:18790:0:12","r04-c05:expanded-facade-max4m:18790:0:13","r04-c05:expanded-facade-max4m:18790:0:14","r04-c05:expanded-facade-max4m:18790:0:18","r04-c05:expanded-facade-max4m:18790:0:19","r04-c05:expanded-facade-max4m:18790:0:2","r04-c05:expanded-facade-max4m:18790:0:20","r04-c05:expanded-facade-max4m:18790:0:21","r04-c05:expanded-facade-max4m:18790:0:22","r04-c05:expanded-facade-max4m:18790:0:3","r04-c05:expanded-facade-max4m:18790:0:4","r04-c05:expanded-facade-max4m:18790:0:5","r04-c05:expanded-facade-max4m:18790:0:6","r04-c05:expanded-facade-max4m:18790:0:7","r04-c05:expanded-facade-max4m:18790:0:8","r04-c05:expanded-facade-max4m:18790:0:9"],"receiver_count":19,"periods":{"D":{"min":50.622913,"max":60.827675,"receiver_count":19,"unavailable_count":0},"E":{"min":48.404427,"max":58.609188,"receiver_count":19,"unavailable_count":0},"N":{"min":43.633213,"max":53.837975,"receiver_count":19,"unavailable_count":0}}}},{"type":"Feature","id":"lariac:201700286705","geometry":{"type":"Polygon","coordinates":[[[-118.54394093279461,34.18496092438506],[-118.5439417757872,34.185052232567365],[-118.54398833397259,34.1850519474499],[-118.54398829728687,34.18504797992013],[-118.54414501799398,34.18504698015784],[-118.54414449219189,34.18499007707112],[-118.54416234783325,34.18496115454733],[-118.54413972976563,34.184932121108474],[-118.54397784568158,34.184933154003936],[-118.54397809983713,34.184960687815014],[-118.54394093279461,34.18496092438506]]]},"properties":{"building_pk":19217,"building_key":"lariac:201700286705","source_tile":"r04-c05","source_tile_ids":["r04-c05"],"source_bld_id":"201700286705","height_m":6.328,"receiver_ids":[159790,159791,159792,159793,159794,159795,159796,159797],"receiver_keys":["r04-c05:expanded-facade-max4m:19217:0:1","r04-c05:expanded-facade-max4m:19217:0:10","r04-c05:expanded-facade-max4m:19217:0:11","r04-c05:expanded-facade-max4m:19217:0:16","r04-c05:expanded-facade-max4m:19217:0:17","r04-c05:expanded-facade-max4m:19217:0:2","r04-c05:expanded-facade-max4m:19217:0:3","r04-c05:expanded-facade-max4m:19217:0:9"],"receiver_count":8,"periods":{"D":{"min":53.01187,"max":57.681206,"receiver_count":8,"unavailable_count":0},"E":{"min":50.793385,"max":55.46272,"receiver_count":8,"unavailable_count":0},"N":{"min":46.02217,"max":50.691505,"receiver_count":8,"unavailable_count":0}}}},{"type":"Feature","id":"lariac:399408888716","geometry":{"type":"Polygon","coordinates":[[[-118.53668875071239,34.18113109046446],[-118.53668854661709,34.18100155759565],[-118.53668745837977,34.18083166203875],[-118.5365375476903,34.18082886523084],[-118.5365385143372,34.18099845570384],[-118.53628971253902,34.18099955916979],[-118.53628965909148,34.18099123365244],[-118.5361922679638,34.18099166545447],[-118.53618792353542,34.18099168471444],[-118.5361859772091,34.180992325325],[-118.53618370567534,34.18099384638217],[-118.53618243195747,34.180996352910505],[-118.53618310903512,34.18110184221917],[-118.53619244658543,34.18110180082354],[-118.53619352374476,34.181101796048175],[-118.53619371918269,34.18113224481367],[-118.53668875071239,34.18113109046446]]]},"properties":{"building_pk":19599,"building_key":"lariac:399408888716","source_tile":"r04-c05","source_tile_ids":["r04-c05"],"source_bld_id":"399408888716","height_m":5.95,"receiver_ids":[159931,159932,159933,159934,159935,159936,159937,159938,159939,159940,159941,159942,159943,159944,159945,159946,159947,159948,159949,159950,159951,159952,159953,159954],"receiver_keys":["r04-c05:expanded-facade-max4m:19599:0:10","r04-c05:expanded-facade-max4m:19599:0:11","r04-c05:expanded-facade-max4m:19599:0:12","r04-c05:expanded-facade-max4m:19599:0:13","r04-c05:expanded-facade-max4m:19599:0:14","r04-c05:expanded-facade-max4m:19599:0:15","r04-c05:expanded-facade-max4m:19599:0:16","r04-c05:expanded-facade-max4m:19599:0:18","r04-c05:expanded-facade-max4m:19599:0:19","r04-c05:expanded-facade-max4m:19599:0:20","r04-c05:expanded-facade-max4m:19599:0:21","r04-c05:expanded-facade-max4m:19599:0:22","r04-c05:expanded-facade-max4m:19599:0:23","r04-c05:expanded-facade-max4m:19599:0:24","r04-c05:expanded-facade-max4m:19599:0:25","r04-c05:expanded-facade-max4m:19599:0:26","r04-c05:expanded-facade-max4m:19599:0:27","r04-c05:expanded-facade-max4m:19599:0:28","r04-c05:expanded-facade-max4m:19599:0:4","r04-c05:expanded-facade-max4m:19599:0:5","r04-c05:expanded-facade-max4m:19599:0:6","r04-c05:expanded-facade-max4m:19599:0:7","r04-c05:expanded-facade-max4m:19599:0:8","r04-c05:expanded-facade-max4m:19599:0:9"],"receiver_count":24,"periods":{"D":{"min":62.25787,"max":70.90389,"receiver_count":24,"unavailable_count":0},"E":{"min":60.03938,"max":68.68541,"receiver_count":24,"unavailable_count":0},"N":{"min":55.26817,"max":63.914196,"receiver_count":24,"unavailable_count":0}}}},{"type":"Feature","id":"lariac:398100888618","geometry":{"type":"Polygon","coordinates":[[[-118.54084964175588,34.18091449437153],[-118.54084964484986,34.180913966954556],[-118.54086459730574,34.18091410834591],[-118.54086460335294,34.180730572947986],[-118.54082497674315,34.180730293967926],[-118.5408250772424,34.18072018090256],[-118.54073223019512,34.18071971703724],[-118.54073168692966,34.18079935372465],[-118.54079560205142,34.18079967288992],[-118.54079536816403,34.18082990089375],[-118.54071125049951,34.180829480019845],[-118.54071064455675,34.18091468762595],[-118.54084964175588,34.18091449437153]]]},"properties":{"building_pk":19619,"building_key":"lariac:398100888618","source_tile":"r04-c05","source_tile_ids":["r04-c05"],"source_bld_id":"398100888618","height_m":7.486,"receiver_ids":[159955,159956,159957,159958,159959,159960,159961,159962,159963,159964,159965,159966,159967,159968,159969,159970],"receiver_keys":["r04-c05:expanded-facade-max4m:19619:0:1","r04-c05:expanded-facade-max4m:19619:0:10","r04-c05:expanded-facade-max4m:19619:0:11","r04-c05:expanded-facade-max4m:19619:0:12","r04-c05:expanded-facade-max4m:19619:0:15","r04-c05:expanded-facade-max4m:19619:0:16","r04-c05:expanded-facade-max4m:19619:0:17","r04-c05:expanded-facade-max4m:19619:0:18","r04-c05:expanded-facade-max4m:19619:0:19","r04-c05:expanded-facade-max4m:19619:0:2","r04-c05:expanded-facade-max4m:19619:0:3","r04-c05:expanded-facade-max4m:19619:0:4","r04-c05:expanded-facade-max4m:19619:0:5","r04-c05:expanded-facade-max4m:19619:0:6","r04-c05:expanded-facade-max4m:19619:0:8","r04-c05:expanded-facade-max4m:19619:0:9"],"receiver_count":16,"periods":{"D":{"min":50.47187,"max":65.55508,"receiver_count":16,"unavailable_count":0},"E":{"min":48.253384,"max":63.33659,"receiver_count":16,"unavailable_count":0},"N":{"min":43.48217,"max":58.565376,"receiver_count":16,"unavailable_count":0}}}},{"type":"Feature","id":"lariac:399378888869","geometry":{"type":"Polygon","coordinates":[[[-118.53667512398073,34.18146496725724],[-118.53630757600526,34.18146445373196],[-118.53630759287731,34.18146184368864],[-118.53623832197319,34.18146173882554],[-118.53623820052893,34.18152004939532],[-118.53623648118753,34.181520057018254],[-118.53623615037363,34.18169007156061],[-118.53623863013547,34.181690060566275],[-118.53623848353637,34.181759830767234],[-118.53634415834004,34.181759967134056],[-118.5363441728046,34.18176222002715],[-118.5364403579415,34.18176237044362],[-118.536440371278,34.18175921047439],[-118.53652796023782,34.18175931690699],[-118.53652804450496,34.18171078824817],[-118.53652430841615,34.18171077777516],[-118.53652444192896,34.18164914135659],[-118.53631775399346,34.18164887612374],[-118.53631786525379,34.18158374992978],[-118.53629984453393,34.1815837198493],[-118.53629987704933,34.18155786253553],[-118.53659164011731,34.1815582444329],[-118.5365914412828,34.18167151434258],[-118.53659967496415,34.181671532807364],[-118.5365995103234,34.181759219464745],[-118.53667995703672,34.181759329526614],[-118.53668003576725,34.18170978395067],[-118.53667464650354,34.18170978081795],[-118.53667512398073,34.18146496725724]]]},"properties":{"building_pk":19630,"building_key":"lariac:399378888869","source_tile":"r04-c05","source_tile_ids":["r04-c05"],"source_bld_id":"399378888869","height_m":6.434,"receiver_ids":[159971,159972,159973,159974,159975,159976,159977,159978,159979,159980,159981,159982,159983,159984,159985,159986,159987,159988,159989,159990,159991,159992,159993,159994,159995,159996,159997,159998,159999,160000,160001,160002,160003,160004,160005,160006,160007,160008,160009,160010,160011,160012,160013,160014,160015,160016,160017,160018,160019,160020,160021,160022,160023,160024,160025,160026],"receiver_keys":["r04-c05:expanded-facade-max4m:19630:0:1","r04-c05:expanded-facade-max4m:19630:0:10","r04-c05:expanded-facade-max4m:19630:0:11","r04-c05:expanded-facade-max4m:19630:0:12","r04-c05:expanded-facade-max4m:19630:0:13","r04-c05:expanded-facade-max4m:19630:0:14","r04-c05:expanded-facade-max4m:19630:0:15","r04-c05:expanded-facade-max4m:19630:0:16","r04-c05:expanded-facade-max4m:19630:0:17","r04-c05:expanded-facade-max4m:19630:0:18","r04-c05:expanded-facade-max4m:19630:0:19","r04-c05:expanded-facade-max4m:19630:0:2","r04-c05:expanded-facade-max4m:19630:0:20","r04-c05:expanded-facade-max4m:19630:0:21","r04-c05:expanded-facade-max4m:19630:0:22","r04-c05:expanded-facade-max4m:19630:0:23","r04-c05:expanded-facade-max4m:19630:0:24","r04-c05:expanded-facade-max4m:19630:0:25","r04-c05:expanded-facade-max4m:19630:0:26","r04-c05:expanded-facade-max4m:19630:0:27","r04-c05:expanded-facade-max4m:19630:0:28","r04-c05:expanded-facade-max4m:19630:0:29","r04-c05:expanded-facade-max4m:19630:0:3","r04-c05:expanded-facade-max4m:19630:0:30","r04-c05:expanded-facade-max4m:19630:0:31","r04-c05:expanded-facade-max4m:19630:0:32","r04-c05:expanded-facade-max4m:19630:0:33","r04-c05:expanded-facade-max4m:19630:0:35","r04-c05:expanded-facade-max4m:19630:0:38","r04-c05:expanded-facade-max4m:19630:0:39","r04-c05:expanded-facade-max4m:19630:0:4","r04-c05:expanded-facade-max4m:19630:0:40","r04-c05:expanded-facade-max4m:19630:0:41","r04-c05:expanded-facade-max4m:19630:0:42","r04-c05:expanded-facade-max4m:19630:0:43","r04-c05:expanded-facade-max4m:19630:0:44","r04-c05:expanded-facade-max4m:19630:0:45","r04-c05:expanded-facade-max4m:19630:0:46","r04-c05:expanded-facade-max4m:19630:0:47","r04-c05:expanded-facade-max4m:19630:0:48","r04-c05:expanded-facade-max4m:19630:0:49","r04-c05:expanded-facade-max4m:19630:0:5","r04-c05:expanded-facade-max4m:19630:0:50","r04-c05:expanded-facade-max4m:19630:0:51","r04-c05:expanded-facade-max4m:19630:0:52","r04-c05:expanded-facade-max4m:19630:0:53","r04-c05:expanded-facade-max4m:19630:0:54","r04-c05:expanded-facade-max4m:19630:0:55","r04-c05:expanded-facade-max4m:19630:0:56","r04-c05:expanded-facade-max4m:19630:0:57","r04-c05:expanded-facade-max4m:19630:0:58","r04-c05:expanded-facade-max4m:19630:0:59","r04-c05:expanded-facade-max4m:19630:0:6","r04-c05:expanded-facade-max4m:19630:0:7","r04-c05:expanded-facade-max4m:19630:0:8","r04-c05:expanded-facade-max4m:19630:0:9"],"receiver_count":56,"periods":{"D":{"min":47.726406,"max":69.55632,"receiver_count":56,"unavailable_count":0},"E":{"min":45.507915,"max":67.33783,"receiver_count":56,"unavailable_count":0},"N":{"min":40.736706,"max":62.56662,"receiver_count":56,"unavailable_count":0}}}},{"type":"Feature","id":"lariac:399762890629","geometry":{"type":"Polygon","coordinates":[[[-118.53543970726173,34.18645679241374],[-118.53543987436656,34.18631158637166],[-118.53534865672268,34.18631139962709],[-118.5353479989334,34.18645640950053],[-118.53543970726173,34.18645679241374]]]},"properties":{"building_pk":20417,"building_key":"lariac:399762890629","source_tile":"r04-c05","source_tile_ids":["r04-c05"],"source_bld_id":"399762890629","height_m":6.501,"receiver_ids":[160080,160081,160082,160083,160084],"receiver_keys":["r04-c05:expanded-facade-max4m:20417:0:2","r04-c05:expanded-facade-max4m:20417:0:3","r04-c05:expanded-facade-max4m:20417:0:4","r04-c05:expanded-facade-max4m:20417:0:5","r04-c05:expanded-facade-max4m:20417:0:6"],"receiver_count":5,"periods":{"D":{"min":57.08773,"max":68.8933,"receiver_count":5,"unavailable_count":0},"E":{"min":54.869244,"max":66.67481,"receiver_count":5,"unavailable_count":0},"N":{"min":50.09803,"max":61.9036,"receiver_count":5,"unavailable_count":0}}}},{"type":"Feature","id":"lariac:399235890235","geometry":{"type":"Polygon","coordinates":[[[-118.53702441553952,34.18518859396238],[-118.53702461980549,34.185318239529714],[-118.53718379801958,34.18531805467716],[-118.53718359350655,34.185188409110125],[-118.53702441553952,34.18518859396238]]]},"properties":{"building_pk":20469,"building_key":"lariac:399235890235","source_tile":"r04-c05","source_tile_ids":["r04-c05"],"source_bld_id":"399235890235","height_m":5.294,"receiver_ids":[160106,160107,160108,160109,160110,160111],"receiver_keys":["r04-c05:expanded-facade-max4m:20469:0:1","r04-c05:expanded-facade-max4m:20469:0:2","r04-c05:expanded-facade-max4m:20469:0:3","r04-c05:expanded-facade-max4m:20469:0:4","r04-c05:expanded-facade-max4m:20469:0:5","r04-c05:expanded-facade-max4m:20469:0:6"],"receiver_count":6,"periods":{"D":{"min":56.159916,"max":58.455475,"receiver_count":6,"unavailable_count":0},"E":{"min":53.94143,"max":56.236988,"receiver_count":6,"unavailable_count":0},"N":{"min":49.170216,"max":51.465775,"receiver_count":6,"unavailable_count":0}}}},{"type":"Feature","id":"lariac:399794889151","geometry":{"type":"Polygon","coordinates":[[[-118.5352681873169,34.18231077608446],[-118.53526824797456,34.18226251168625],[-118.53519742807106,34.18226269345927],[-118.53519734502082,34.182311194160725],[-118.5352681873169,34.18231077608446]]]},"properties":{"building_pk":20508,"building_key":"lariac:399794889151","source_tile":"r04-c05","source_tile_ids":["r04-c05"],"source_bld_id":"399794889151","height_m":4.078,"receiver_ids":[160169,160170],"receiver_keys":["r04-c05:expanded-facade-max4m:20508:0:1","r04-c05:expanded-facade-max4m:20508:0:2"],"receiver_count":2,"periods":{"D":{"min":58.096535,"max":59.840355,"receiver_count":2,"unavailable_count":0},"E":{"min":55.878048,"max":57.621864,"receiver_count":2,"unavailable_count":0},"N":{"min":51.106834,"max":52.850655,"receiver_count":2,"unavailable_count":0}}}},{"type":"Feature","id":"lariac:398462888687","geometry":{"type":"Polygon","coordinates":[[[-118.53981470108621,34.18084252554403],[-118.53944729828748,34.18084358780708],[-118.5394484765766,34.18112331982997],[-118.53981584697824,34.181122257713426],[-118.53981470108621,34.18084252554403]]]},"properties":{"building_pk":20542,"building_key":"lariac:398462888687","source_tile":"r04-c05","source_tile_ids":["r04-c05"],"source_bld_id":"398462888687","height_m":7.928,"receiver_ids":[160183,160184,160185,160186,160187,160188,160189,160190,160191,160192,160193,160194],"receiver_keys":["r04-c05:expanded-facade-max4m:20542:0:1","r04-c05:expanded-facade-max4m:20542:0:10","r04-c05:expanded-facade-max4m:20542:0:2","r04-c05:expanded-facade-max4m:20542:0:3","r04-c05:expanded-facade-max4m:20542:0:32","r04-c05:expanded-facade-max4m:20542:0:33","r04-c05:expanded-facade-max4m:20542:0:4","r04-c05:expanded-facade-max4m:20542:0:5","r04-c05:expanded-facade-max4m:20542:0:6","r04-c05:expanded-facade-max4m:20542:0:7","r04-c05:expanded-facade-max4m:20542:0:8","r04-c05:expanded-facade-max4m:20542:0:9"],"receiver_count":12,"periods":{"D":{"min":62.322716,"max":65.120674,"receiver_count":12,"unavailable_count":0},"E":{"min":60.10423,"max":62.902184,"receiver_count":12,"unavailable_count":0},"N":{"min":55.333015,"max":58.130974,"receiver_count":12,"unavailable_count":0}}}},{"type":"Feature","id":"lariac:399790889016","geometry":{"type":"Polygon","coordinates":[[[-118.53522719830177,34.18194982170242],[-118.53526485822053,34.18194968298964],[-118.53526456908436,34.181894231231965],[-118.53522687664777,34.181894370088706],[-118.53522719830177,34.18194982170242]]]},"properties":{"building_pk":20557,"building_key":"lariac:399790889016","source_tile":"r04-c05","source_tile_ids":["r04-c05"],"source_bld_id":"399790889016","height_m":3.837,"receiver_ids":[160206,160207],"receiver_keys":["r04-c05:expanded-facade-max4m:20557:0:2","r04-c05:expanded-facade-max4m:20557:0:3"],"receiver_count":2,"periods":{"D":{"min":59.90889,"max":60.18452,"receiver_count":2,"unavailable_count":0},"E":{"min":57.690403,"max":57.966034,"receiver_count":2,"unavailable_count":0},"N":{"min":52.91919,"max":53.19482,"receiver_count":2,"unavailable_count":0}}}},{"type":"Feature","id":"lariac:2014113121480000","geometry":{"type":"Polygon","coordinates":[[[-118.53682884789029,34.18612600540978],[-118.53682860551471,34.186055204662395],[-118.53677172238288,34.18605533901007],[-118.53677196145581,34.18612613977193],[-118.53682884789029,34.18612600540978]]]},"properties":{"building_pk":20584,"building_key":"lariac:2014113121480000","source_tile":"r04-c05","source_tile_ids":["r04-c05"],"source_bld_id":"2014113121480000","height_m":3.463,"receiver_ids":[160246,160247,160248,160249,160250,160251],"receiver_keys":["r04-c05:expanded-facade-max4m:20584:0:1","r04-c05:expanded-facade-max4m:20584:0:2","r04-c05:expanded-facade-max4m:20584:0:4","r04-c05:expanded-facade-max4m:20584:0:5","r04-c05:expanded-facade-max4m:20584:0:6","r04-c05:expanded-facade-max4m:20584:0:7"],"receiver_count":6,"periods":{"D":{"min":62.675617,"max":64.569534,"receiver_count":6,"unavailable_count":0},"E":{"min":60.45713,"max":62.351048,"receiver_count":6,"unavailable_count":0},"N":{"min":55.68592,"max":57.579834,"receiver_count":6,"unavailable_count":0}}}},{"type":"Feature","id":"lariac:2014113121510000","geometry":{"type":"Polygon","coordinates":[[[-118.5353234876695,34.18050547542922],[-118.53532357077052,34.180553315465176],[-118.53526866741352,34.18055338175944],[-118.53526875438291,34.180603523418576],[-118.53542555117329,34.180603335151794],[-118.53542557037736,34.18061428611528],[-118.53546253929392,34.18061424145315],[-118.53546244571446,34.18056020966282],[-118.53552395097614,34.180560135686],[-118.53552405201661,34.18061820185052],[-118.53564866049123,34.180618052135614],[-118.53564846334615,34.18050508510342],[-118.5353234876695,34.18050547542922]]]},"properties":{"building_pk":20585,"building_key":"lariac:2014113121510000","source_tile":"r04-c05","source_tile_ids":["r04-c05"],"source_bld_id":"2014113121510000","height_m":4.883,"receiver_ids":[160252,160253,160254,160255,160256,160257,160258,160259,160260,160261,160262,160263,160264,160265,160266,160267,160268,160269,160270,160271,160272,160273,160274,160275,160276],"receiver_keys":["r04-c05:expanded-facade-max4m:20585:0:1","r04-c05:expanded-facade-max4m:20585:0:10","r04-c05:expanded-facade-max4m:20585:0:12","r04-c05:expanded-facade-max4m:20585:0:13","r04-c05:expanded-facade-max4m:20585:0:14","r04-c05:expanded-facade-max4m:20585:0:15","r04-c05:expanded-facade-max4m:20585:0:16","r04-c05:expanded-facade-max4m:20585:0:17","r04-c05:expanded-facade-max4m:20585:0:18","r04-c05:expanded-facade-max4m:20585:0:19","r04-c05:expanded-facade-max4m:20585:0:20","r04-c05:expanded-facade-max4m:20585:0:21","r04-c05:expanded-facade-max4m:20585:0:22","r04-c05:expanded-facade-max4m:20585:0:23","r04-c05:expanded-facade-max4m:20585:0:24","r04-c05:expanded-facade-max4m:20585:0:25","r04-c05:expanded-facade-max4m:20585:0:26","r04-c05:expanded-facade-max4m:20585:0:27","r04-c05:expanded-facade-max4m:20585:0:3","r04-c05:expanded-facade-max4m:20585:0:4","r04-c05:expanded-facade-max4m:20585:0:5","r04-c05:expanded-facade-max4m:20585:0:6","r04-c05:expanded-facade-max4m:20585:0:7","r04-c05:expanded-facade-max4m:20585:0:8","r04-c05:expanded-facade-max4m:20585:0:9"],"receiver_count":25,"periods":{"D":{"min":54.97558,"max":68.62432,"receiver_count":25,"unavailable_count":0},"E":{"min":52.75709,"max":66.40583,"receiver_count":25,"unavailable_count":0},"N":{"min":47.985878,"max":61.63462,"receiver_count":25,"unavailable_count":0}}}},{"type":"Feature","id":"lariac:396672890169","geometry":{"type":"Polygon","coordinates":[[[-118.545661922185,34.18510789198169],[-118.54566184231584,34.185080386234795],[-118.54565985820982,34.18508039518577],[-118.54565970718811,34.185001640589945],[-118.54564509236721,34.185001651527465],[-118.54564509045038,34.18499637570066],[-118.54558365465458,34.184996460807206],[-118.54558365010242,34.185000746767834],[-118.54557505286462,34.185000758500934],[-118.54557504914548,34.18501032119483],[-118.54553857844195,34.18501037570755],[-118.54553859577605,34.18501817939415],[-118.54550635706767,34.18501824275708],[-118.54550649773611,34.18508031703235],[-118.54551390495834,34.18508031157281],[-118.54551396177058,34.1850941608353],[-118.5455250388797,34.18509413792176],[-118.54552507362915,34.18510444241284],[-118.54560476151448,34.18510430295249],[-118.5456047517568,34.18510795785589],[-118.545661922185,34.18510789198169]]]},"properties":{"building_pk":23725,"building_key":"lariac:396672890169","source_tile":"r04-c05","source_tile_ids":["r04-c05"],"source_bld_id":"396672890169","height_m":5.602,"receiver_ids":[161454,161455,161456,161457,161458,161459,161460,161461],"receiver_keys":["r04-c05:expanded-facade-max4m:23725:0:11","r04-c05:expanded-facade-max4m:23725:0:12","r04-c05:expanded-facade-max4m:23725:0:13","r04-c05:expanded-facade-max4m:23725:0:14","r04-c05:expanded-facade-max4m:23725:0:5","r04-c05:expanded-facade-max4m:23725:0:7","r04-c05:expanded-facade-max4m:23725:0:8","r04-c05:expanded-facade-max4m:23725:0:9"],"receiver_count":8,"periods":{"D":{"min":50.565598,"max":59.82246,"receiver_count":8,"unavailable_count":0},"E":{"min":48.34711,"max":57.60397,"receiver_count":8,"unavailable_count":0},"N":{"min":43.575897,"max":52.83276,"receiver_count":8,"unavailable_count":0}}}},{"type":"Feature","id":"lariac:396825888894","geometry":{"type":"Polygon","coordinates":[[[-118.54496297892462,34.18144895721194],[-118.54496282014489,34.18148531268645],[-118.54496549750175,34.181485327669165],[-118.54496533344398,34.18151588533843],[-118.54499251329473,34.181515954897364],[-118.5449923821483,34.18154656741263],[-118.54502425720563,34.18154667170338],[-118.54502414885106,34.181570633426425],[-118.54508852705335,34.18157083825068],[-118.54508908941455,34.18144937791364],[-118.54496297892462,34.18144895721194]]]},"properties":{"building_pk":24143,"building_key":"lariac:396825888894","source_tile":"r04-c05","source_tile_ids":["r04-c05"],"source_bld_id":"396825888894","height_m":5.938,"receiver_ids":[162054,162055,162056,162057,162058,162059,162060,162061,162062],"receiver_keys":["r04-c05:expanded-facade-max4m:24143:0:1","r04-c05:expanded-facade-max4m:24143:0:10","r04-c05:expanded-facade-max4m:24143:0:13","r04-c05:expanded-facade-max4m:24143:0:2","r04-c05:expanded-facade-max4m:24143:0:4","r04-c05:expanded-facade-max4m:24143:0:6","r04-c05:expanded-facade-max4m:24143:0:7","r04-c05:expanded-facade-max4m:24143:0:8","r04-c05:expanded-facade-max4m:24143:0:9"],"receiver_count":9,"periods":{"D":{"min":57.94417,"max":67.587425,"receiver_count":9,"unavailable_count":0},"E":{"min":55.725685,"max":65.36894,"receiver_count":9,"unavailable_count":0},"N":{"min":50.95447,"max":60.59773,"receiver_count":9,"unavailable_count":0}}}},{"type":"Feature","id":"lariac:396609890527","geometry":{"type":"Polygon","coordinates":[[[-118.54582591682058,34.18605738031461],[-118.54582390527665,34.18599242863848],[-118.5458205665738,34.18599249869901],[-118.54581926115002,34.18594961002755],[-118.54575485617292,34.18595097167974],[-118.54575615348843,34.18599262437152],[-118.5457528473299,34.18599269428337],[-118.54575490070565,34.186058909736374],[-118.54582591682058,34.18605738031461]]]},"properties":{"building_pk":24275,"building_key":"lariac:396609890527","source_tile":"r04-c05","source_tile_ids":["r04-c05"],"source_bld_id":"396609890527","height_m":4.633,"receiver_ids":[162200,162201,162202,162203,162204,162205,162206,162207],"receiver_keys":["r04-c05:expanded-facade-max4m:24275:0:1","r04-c05:expanded-facade-max4m:24275:0:10","r04-c05:expanded-facade-max4m:24275:0:2","r04-c05:expanded-facade-max4m:24275:0:3","r04-c05:expanded-facade-max4m:24275:0:4","r04-c05:expanded-facade-max4m:24275:0:5","r04-c05:expanded-facade-max4m:24275:0:6","r04-c05:expanded-facade-max4m:24275:0:9"],"receiver_count":8,"periods":{"D":{"min":53.662163,"max":60.19522,"receiver_count":8,"unavailable_count":0},"E":{"min":51.443676,"max":57.976734,"receiver_count":8,"unavailable_count":0},"N":{"min":46.672462,"max":53.20552,"receiver_count":8,"unavailable_count":0}}}},{"type":"Feature","id":"lariac:397362888674","geometry":{"type":"Polygon","coordinates":[[[-118.5433776257234,34.180984328404605],[-118.5433769788196,34.18090505405235],[-118.54318448582345,34.18090611074064],[-118.54318513362935,34.1809853850891],[-118.5433776257234,34.180984328404605]]]},"properties":{"building_pk":24307,"building_key":"lariac:397362888674","source_tile":"r04-c05","source_tile_ids":["r04-c05"],"source_bld_id":"397362888674","height_m":8.309,"receiver_ids":[162232,162233,162234,162235],"receiver_keys":["r04-c05:expanded-facade-max4m:24307:0:1","r04-c05:expanded-facade-max4m:24307:0:2","r04-c05:expanded-facade-max4m:24307:0:8","r04-c05:expanded-facade-max4m:24307:0:9"],"receiver_count":4,"periods":{"D":{"min":55.182003,"max":57.130875,"receiver_count":4,"unavailable_count":0},"E":{"min":52.963516,"max":54.912388,"receiver_count":4,"unavailable_count":0},"N":{"min":48.192303,"max":50.14118,"receiver_count":4,"unavailable_count":0}}}},{"type":"Feature","id":"lariac:397040888853","geometry":{"type":"Polygon","coordinates":[[[-118.54426963826083,34.18142460291236],[-118.54426877385815,34.181461425855076],[-118.54431090268463,34.18146208822528],[-118.54431129045261,34.18144551610326],[-118.5443481281968,34.181446092283934],[-118.54434863268217,34.181424626056184],[-118.54426963826083,34.18142460291236]]]},"properties":{"building_pk":24354,"building_key":"lariac:397040888853","source_tile":"r04-c05","source_tile_ids":["r04-c05"],"source_bld_id":"397040888853","height_m":6.23,"receiver_ids":[162383,162384],"receiver_keys":["r04-c05:expanded-facade-max4m:24354:0:1","r04-c05:expanded-facade-max4m:24354:0:4"],"receiver_count":2,"periods":{"D":{"min":59.01031,"max":64.45696,"receiver_count":2,"unavailable_count":0},"E":{"min":56.791824,"max":62.238472,"receiver_count":2,"unavailable_count":0},"N":{"min":52.02061,"max":57.467262,"receiver_count":2,"unavailable_count":0}}}},{"type":"Feature","id":"lariac:397127890047","geometry":{"type":"Polygon","coordinates":[[[-118.54412935518017,34.184656444998566],[-118.54396442554672,34.184656829846304],[-118.54396456535171,34.18469345894656],[-118.54395117332884,34.1846934912266],[-118.54395142824511,34.18476812349112],[-118.54412217714618,34.18476774043126],[-118.54412194731637,34.18469698288932],[-118.54412829573516,34.184696981376135],[-118.54414200424775,34.184684582076294],[-118.54414142343627,34.18466653037077],[-118.54412935518017,34.184656444998566]]]},"properties":{"building_pk":24356,"building_key":"lariac:397127890047","source_tile":"r04-c05","source_tile_ids":["r04-c05"],"source_bld_id":"397127890047","height_m":8.412,"receiver_ids":[162385,162386,162387,162388,162389,162390],"receiver_keys":["r04-c05:expanded-facade-max4m:24356:0:12","r04-c05:expanded-facade-max4m:24356:0:13","r04-c05:expanded-facade-max4m:24356:0:15","r04-c05:expanded-facade-max4m:24356:0:5","r04-c05:expanded-facade-max4m:24356:0:6","r04-c05:expanded-facade-max4m:24356:0:7"],"receiver_count":6,"periods":{"D":{"min":53.639412,"max":55.106926,"receiver_count":6,"unavailable_count":0},"E":{"min":51.420925,"max":52.88844,"receiver_count":6,"unavailable_count":0},"N":{"min":46.64971,"max":48.117226,"receiver_count":6,"unavailable_count":0}}}},{"type":"Feature","id":"lariac:397164888695","geometry":{"type":"Polygon","coordinates":[[[-118.54398714661417,34.181047483219295],[-118.54398712757538,34.18102423609435],[-118.54399539355506,34.1810242259622],[-118.54399537670204,34.18101147640443],[-118.54401379305337,34.18101147561042],[-118.54401375907642,34.180965613324325],[-118.54400499736575,34.180965624785955],[-118.54400498854791,34.18094894536231],[-118.5438588774476,34.18094899843086],[-118.54385895723598,34.18104756566706],[-118.54398714661417,34.181047483219295]]]},"properties":{"building_pk":24465,"building_key":"lariac:397164888695","source_tile":"r04-c05","source_tile_ids":["r04-c05"],"source_bld_id":"397164888695","height_m":8.995,"receiver_ids":[162531,162532,162533,162534,162535,162536,162537],"receiver_keys":["r04-c05:expanded-facade-max4m:24465:0:1","r04-c05:expanded-facade-max4m:24465:0:10","r04-c05:expanded-facade-max4m:24465:0:2","r04-c05:expanded-facade-max4m:24465:0:3","r04-c05:expanded-facade-max4m:24465:0:4","r04-c05:expanded-facade-max4m:24465:0:8","r04-c05:expanded-facade-max4m:24465:0:9"],"receiver_count":7,"periods":{"D":{"min":50.19544,"max":62.253716,"receiver_count":7,"unavailable_count":0},"E":{"min":47.976948,"max":60.03523,"receiver_count":7,"unavailable_count":0},"N":{"min":43.205738,"max":55.264015,"receiver_count":7,"unavailable_count":0}}}},{"type":"Feature","id":"lariac:396648889632","geometry":{"type":"Polygon","coordinates":[[[-118.54566686677292,34.18363248842869],[-118.54566672341575,34.18360555995668],[-118.54568927409356,34.18360548526385],[-118.54568904128509,34.1835698464774],[-118.5457505411256,34.183569596041096],[-118.54575017872452,34.183509143742725],[-118.54568884490034,34.18350939343001],[-118.54568898454878,34.18353077111245],[-118.54562391362917,34.18353103762726],[-118.54562380779511,34.18350985182116],[-118.54553655198205,34.18351021746442],[-118.54553690908635,34.18356489900371],[-118.54553337052083,34.183564914964],[-118.54553378283207,34.183633033767244],[-118.54566686677292,34.18363248842869]]]},"properties":{"building_pk":24603,"building_key":"lariac:396648889632","source_tile":"r04-c05","source_tile_ids":["r04-c05"],"source_bld_id":"396648889632","height_m":5.447,"receiver_ids":[162725,162726,162727,162728,162729,162730,162731,162732,162733,162734,162735,162736,162737,162738,162739,162740],"receiver_keys":["r04-c05:expanded-facade-max4m:24603:0:1","r04-c05:expanded-facade-max4m:24603:0:11","r04-c05:expanded-facade-max4m:24603:0:12","r04-c05:expanded-facade-max4m:24603:0:13","r04-c05:expanded-facade-max4m:24603:0:14","r04-c05:expanded-facade-max4m:24603:0:15","r04-c05:expanded-facade-max4m:24603:0:16","r04-c05:expanded-facade-max4m:24603:0:17","r04-c05:expanded-facade-max4m:24603:0:18","r04-c05:expanded-facade-max4m:24603:0:19","r04-c05:expanded-facade-max4m:24603:0:2","r04-c05:expanded-facade-max4m:24603:0:4","r04-c05:expanded-facade-max4m:24603:0:5","r04-c05:expanded-facade-max4m:24603:0:6","r04-c05:expanded-facade-max4m:24603:0:7","r04-c05:expanded-facade-max4m:24603:0:9"],"receiver_count":16,"periods":{"D":{"min":48.461437,"max":59.87523,"receiver_count":16,"unavailable_count":0},"E":{"min":46.242947,"max":57.656742,"receiver_count":16,"unavailable_count":0},"N":{"min":41.471737,"max":52.88553,"receiver_count":16,"unavailable_count":0}}}},{"type":"Feature","id":"lariac:396674890333","geometry":{"type":"Polygon","coordinates":[[[-118.54553490404362,34.185445249318725],[-118.54552382616966,34.18544516224797],[-118.54552396493186,34.18543601095065],[-118.54551202770843,34.18543589980684],[-118.54551188876246,34.185445023157094],[-118.54549409846048,34.18544485636888],[-118.54549386377205,34.185459585951456],[-118.54549998172621,34.185459668347946],[-118.54549888165748,34.18553425173268],[-118.54551028968443,34.18553439231089],[-118.545510218961,34.18553867947155],[-118.545574272229,34.18553932547001],[-118.54557434384421,34.18553517534001],[-118.54558426424414,34.18553526852874],[-118.54558437835158,34.185527326312936],[-118.54561539592892,34.18552762635148],[-118.54561560575847,34.18551424288587],[-118.54565181594116,34.18551462857815],[-118.54565293280594,34.18543765512257],[-118.54563299331744,34.1854374701024],[-118.5456332467048,34.18542062451139],[-118.54553526618147,34.185419637525236],[-118.54553490404362,34.185445249318725]]]},"properties":{"building_pk":25110,"building_key":"lariac:396674890333","source_tile":"r04-c05","source_tile_ids":["r04-c05"],"source_bld_id":"396674890333","height_m":5.611,"receiver_ids":[163328,163329,163330,163331,163332,163333,163334,163335,163336,163337,163338,163339],"receiver_keys":["r04-c05:expanded-facade-max4m:25110:0:10","r04-c05:expanded-facade-max4m:25110:0:11","r04-c05:expanded-facade-max4m:25110:0:13","r04-c05:expanded-facade-max4m:25110:0:14","r04-c05:expanded-facade-max4m:25110:0:2","r04-c05:expanded-facade-max4m:25110:0:3","r04-c05:expanded-facade-max4m:25110:0:4","r04-c05:expanded-facade-max4m:25110:0:5","r04-c05:expanded-facade-max4m:25110:0:6","r04-c05:expanded-facade-max4m:25110:0:7","r04-c05:expanded-facade-max4m:25110:0:8","r04-c05:expanded-facade-max4m:25110:0:9"],"receiver_count":12,"periods":{"D":{"min":50.692783,"max":58.3871,"receiver_count":12,"unavailable_count":0},"E":{"min":48.474297,"max":56.168613,"receiver_count":12,"unavailable_count":0},"N":{"min":43.703083,"max":51.3974,"receiver_count":12,"unavailable_count":0}}}},{"type":"Feature","id":"lariac:397434888674","geometry":{"type":"Polygon","coordinates":[[[-118.5431277036624,34.180985807982076],[-118.54312730862114,34.180904691546004],[-118.54293292783177,34.18090537225364],[-118.54293332268422,34.18098648869035],[-118.5431277036624,34.180985807982076]]]},"properties":{"building_pk":25155,"building_key":"lariac:397434888674","source_tile":"r04-c05","source_tile_ids":["r04-c05"],"source_bld_id":"397434888674","height_m":8.272,"receiver_ids":[163377,163378,163379,163380],"receiver_keys":["r04-c05:expanded-facade-max4m:25155:0:1","r04-c05:expanded-facade-max4m:25155:0:2","r04-c05:expanded-facade-max4m:25155:0:8","r04-c05:expanded-facade-max4m:25155:0:9"],"receiver_count":4,"periods":{"D":{"min":57.298946,"max":63.07193,"receiver_count":4,"unavailable_count":0},"E":{"min":55.08046,"max":60.853443,"receiver_count":4,"unavailable_count":0},"N":{"min":50.309246,"max":56.08223,"receiver_count":4,"unavailable_count":0}}}},{"type":"Feature","id":"lariac:397825888611","geometry":{"type":"Polygon","coordinates":[[[-118.54174583575717,34.18090709544967],[-118.5417444890733,34.18086269504169],[-118.54176591181407,34.18086226911803],[-118.54176245595954,34.18074739456429],[-118.5417487364128,34.18074767599497],[-118.54174700893547,34.18069038972452],[-118.5417130902957,34.18069109159095],[-118.541714821833,34.18074917480821],[-118.54171211814948,34.18074978013369],[-118.54171390102537,34.18086211802516],[-118.54171681105075,34.180862049997096],[-118.54171816465018,34.180907686390896],[-118.54174583575717,34.18090709544967]]]},"properties":{"building_pk":25335,"building_key":"lariac:397825888611","source_tile":"r04-c05","source_tile_ids":["r04-c05"],"source_bld_id":"397825888611","height_m":3.548,"receiver_ids":[163456,163457,163458,163459,163460,163461,163462,163463,163464,163465,163466,163467,163468],"receiver_keys":["r04-c05:expanded-facade-max4m:25335:0:1","r04-c05:expanded-facade-max4m:25335:0:10","r04-c05:expanded-facade-max4m:25335:0:11","r04-c05:expanded-facade-max4m:25335:0:12","r04-c05:expanded-facade-max4m:25335:0:13","r04-c05:expanded-facade-max4m:25335:0:14","r04-c05:expanded-facade-max4m:25335:0:15","r04-c05:expanded-facade-max4m:25335:0:3","r04-c05:expanded-facade-max4m:25335:0:4","r04-c05:expanded-facade-max4m:25335:0:5","r04-c05:expanded-facade-max4m:25335:0:7","r04-c05:expanded-facade-max4m:25335:0:8","r04-c05:expanded-facade-max4m:25335:0:9"],"receiver_count":13,"periods":{"D":{"min":64.44092,"max":66.51252,"receiver_count":13,"unavailable_count":0},"E":{"min":62.222427,"max":64.29403,"receiver_count":13,"unavailable_count":0},"N":{"min":57.451214,"max":59.522816,"receiver_count":13,"unavailable_count":0}}}},{"type":"Feature","id":"lariac:396764888844","geometry":{"type":"Polygon","coordinates":[[[-118.54524845182753,34.1813467391456],[-118.54524846157337,34.18132296989555],[-118.54521410739264,34.181322959781866],[-118.54521409764291,34.181346729933466],[-118.54521135321215,34.18134674230495],[-118.54521135119964,34.18143253143272],[-118.54528263811707,34.181432540027046],[-118.54528267367792,34.181346749846185],[-118.54524845182753,34.1813467391456]]]},"properties":{"building_pk":25399,"building_key":"lariac:396764888844","source_tile":"r04-c05","source_tile_ids":["r04-c05"],"source_bld_id":"396764888844","height_m":4.822,"receiver_ids":[163526,163527,163528,163529,163530,163531,163532,163533,163534,163535],"receiver_keys":["r04-c05:expanded-facade-max4m:25399:0:1","r04-c05:expanded-facade-max4m:25399:0:10","r04-c05:expanded-facade-max4m:25399:0:2","r04-c05:expanded-facade-max4m:25399:0:3","r04-c05:expanded-facade-max4m:25399:0:4","r04-c05:expanded-facade-max4m:25399:0:5","r04-c05:expanded-facade-max4m:25399:0:6","r04-c05:expanded-facade-max4m:25399:0:7","r04-c05:expanded-facade-max4m:25399:0:8","r04-c05:expanded-facade-max4m:25399:0:9"],"receiver_count":10,"periods":{"D":{"min":53.116158,"max":60.236713,"receiver_count":10,"unavailable_count":0},"E":{"min":50.89767,"max":58.018227,"receiver_count":10,"unavailable_count":0},"N":{"min":46.126457,"max":53.247013,"receiver_count":10,"unavailable_count":0}}}},{"type":"Feature","id":"lariac:397072890403","geometry":{"type":"Polygon","coordinates":[[[-118.5442874622031,34.185740581259225],[-118.5442873929722,34.18558777077601],[-118.54422946158034,34.185587811475074],[-118.5442295529273,34.185718556570684],[-118.54423920793093,34.18571854017404],[-118.54423921934652,34.1857406063119],[-118.5442874622031,34.185740581259225]]]},"properties":{"building_pk":25449,"building_key":"lariac:397072890403","source_tile":"r04-c05","source_tile_ids":["r04-c05"],"source_bld_id":"397072890403","height_m":2.899,"receiver_ids":[163637,163638,163639,163640,163641,163642,163643,163644,163645],"receiver_keys":["r04-c05:expanded-facade-max4m:25449:0:1","r04-c05:expanded-facade-max4m:25449:0:10","r04-c05:expanded-facade-max4m:25449:0:11","r04-c05:expanded-facade-max4m:25449:0:12","r04-c05:expanded-facade-max4m:25449:0:2","r04-c05:expanded-facade-max4m:25449:0:6","r04-c05:expanded-facade-max4m:25449:0:7","r04-c05:expanded-facade-max4m:25449:0:8","r04-c05:expanded-facade-max4m:25449:0:9"],"receiver_count":9,"periods":{"D":{"min":55.52331,"max":56.958923,"receiver_count":9,"unavailable_count":0},"E":{"min":53.304825,"max":54.740437,"receiver_count":9,"unavailable_count":0},"N":{"min":48.53361,"max":49.969223,"receiver_count":9,"unavailable_count":0}}}},{"type":"Feature","id":"lariac:396612889869","geometry":{"type":"Polygon","coordinates":[[[-118.54581034057952,34.18431623646637],[-118.54581039117531,34.18414682710594],[-118.54574697137883,34.18414683830921],[-118.54574698737807,34.18416439760939],[-118.5457313139468,34.1841644133345],[-118.54573130675702,34.18414803591881],[-118.54571639359106,34.18414802116545],[-118.54571639947885,34.18410342265922],[-118.5456422668623,34.18410339920007],[-118.54564226141345,34.18415321944688],[-118.54566137380878,34.18415321526508],[-118.54566137321206,34.184203776559194],[-118.54567393763585,34.184203774869474],[-118.54567393327682,34.1842080896787],[-118.54569039969951,34.184208070383335],[-118.54569042818524,34.184217412955164],[-118.54572964342668,34.18421740100602],[-118.54572963495617,34.184251639881985],[-118.54574157237693,34.184251641014306],[-118.5457415646683,34.184316216842156],[-118.54581034057952,34.18431623646637]]]},"properties":{"building_pk":25489,"building_key":"lariac:396612889869","source_tile":"r04-c05","source_tile_ids":["r04-c05"],"source_bld_id":"396612889869","height_m":5.602,"receiver_ids":[163693,163694,163695,163696,163697,163698,163699,163700,163701,163702,163703,163704,163705,163706],"receiver_keys":["r04-c05:expanded-facade-max4m:25489:0:10","r04-c05:expanded-facade-max4m:25489:0:11","r04-c05:expanded-facade-max4m:25489:0:12","r04-c05:expanded-facade-max4m:25489:0:13","r04-c05:expanded-facade-max4m:25489:0:14","r04-c05:expanded-facade-max4m:25489:0:15","r04-c05:expanded-facade-max4m:25489:0:16","r04-c05:expanded-facade-max4m:25489:0:19","r04-c05:expanded-facade-max4m:25489:0:2","r04-c05:expanded-facade-max4m:25489:0:20","r04-c05:expanded-facade-max4m:25489:0:3","r04-c05:expanded-facade-max4m:25489:0:5","r04-c05:expanded-facade-max4m:25489:0:6","r04-c05:expanded-facade-max4m:25489:0:9"],"receiver_count":14,"periods":{"D":{"min":50.520763,"max":60.121803,"receiver_count":14,"unavailable_count":0},"E":{"min":48.302273,"max":57.903316,"receiver_count":14,"unavailable_count":0},"N":{"min":43.531063,"max":53.132103,"receiver_count":14,"unavailable_count":0}}}},{"type":"Feature","id":"lariac:399723890266","geometry":{"type":"Polygon","coordinates":[[[-118.53535410453247,34.185592961642065],[-118.53578547782237,34.1855919585187],[-118.53578546199132,34.18559473353981],[-118.53582699234104,34.185594632508575],[-118.53582480565596,34.184949652717606],[-118.53535084797088,34.184950761545],[-118.53535123842732,34.18506331481769],[-118.53540662397764,34.18506320669667],[-118.53540804515143,34.18548110278169],[-118.53535371935628,34.18548123325781],[-118.53535410453247,34.185592961642065]],[[-118.53568335433431,34.185476118948735],[-118.53554037973332,34.18547658709354],[-118.53554009480625,34.18542182229158],[-118.53563350387748,34.185421491613965],[-118.53563323774044,34.18536966666215],[-118.53556310672327,34.185369923119744],[-118.53556212111569,34.185174908296744],[-118.53563380667464,34.18517467290271],[-118.53563353329118,34.18512188693774],[-118.53553916558751,34.185122221861356],[-118.53553891922725,34.18506822680702],[-118.5356813299367,34.185067733210346],[-118.53568335433431,34.185476118948735]]]},"properties":{"building_pk":27244,"building_key":"lariac:399723890266","source_tile":"r04-c05","source_tile_ids":["r04-c05"],"source_bld_id":"399723890266","height_m":8.172,"receiver_ids":[165608,165609,165610,165611,165612,165613,165614,165615,165616,165617,165618,165619,165620,165621,165622,165623,165624,165625,165626,165627,165628,165629,165630,165631,165632,165633,165634,165635,165636,165637,165638,165639,165640,165641,165642,165643,165644,165645,165646,165647,165648,165649,165650,165651,165652,165653,165654,165655,165656,165657,165658,165659,165660,165661,165662,165663,165664,165665,165666,165667],"receiver_keys":["r04-c05:expanded-facade-max4m:27244:0:1","r04-c05:expanded-facade-max4m:27244:0:10","r04-c05:expanded-facade-max4m:27244:0:11","r04-c05:expanded-facade-max4m:27244:0:12","r04-c05:expanded-facade-max4m:27244:0:13","r04-c05:expanded-facade-max4m:27244:0:14","r04-c05:expanded-facade-max4m:27244:0:15","r04-c05:expanded-facade-max4m:27244:0:16","r04-c05:expanded-facade-max4m:27244:0:17","r04-c05:expanded-facade-max4m:27244:0:18","r04-c05:expanded-facade-max4m:27244:0:19","r04-c05:expanded-facade-max4m:27244:0:2","r04-c05:expanded-facade-max4m:27244:0:20","r04-c05:expanded-facade-max4m:27244:0:21","r04-c05:expanded-facade-max4m:27244:0:22","r04-c05:expanded-facade-max4m:27244:0:23","r04-c05:expanded-facade-max4m:27244:0:24","r04-c05:expanded-facade-max4m:27244:0:25","r04-c05:expanded-facade-max4m:27244:0:26","r04-c05:expanded-facade-max4m:27244:0:27","r04-c05:expanded-facade-max4m:27244:0:28","r04-c05:expanded-facade-max4m:27244:0:29","r04-c05:expanded-facade-max4m:27244:0:3","r04-c05:expanded-facade-max4m:27244:0:30","r04-c05:expanded-facade-max4m:27244:0:31","r04-c05:expanded-facade-max4m:27244:0:32","r04-c05:expanded-facade-max4m:27244:0:33","r04-c05:expanded-facade-max4m:27244:0:34","r04-c05:expanded-facade-max4m:27244:0:35","r04-c05:expanded-facade-max4m:27244:0:36","r04-c05:expanded-facade-max4m:27244:0:37","r04-c05:expanded-facade-max4m:27244:0:38","r04-c05:expanded-facade-max4m:27244:0:39","r04-c05:expanded-facade-max4m:27244:0:4","r04-c05:expanded-facade-max4m:27244:0:40","r04-c05:expanded-facade-max4m:27244:0:41","r04-c05:expanded-facade-max4m:27244:0:42","r04-c05:expanded-facade-max4m:27244:0:43","r04-c05:expanded-facade-max4m:27244:0:44","r04-c05:expanded-facade-max4m:27244:0:45","r04-c05:expanded-facade-max4m:27244:0:46","r04-c05:expanded-facade-max4m:27244:0:47","r04-c05:expanded-facade-max4m:27244:0:48","r04-c05:expanded-facade-max4m:27244:0:49","r04-c05:expanded-facade-max4m:27244:0:5","r04-c05:expanded-facade-max4m:27244:0:50","r04-c05:expanded-facade-max4m:27244:0:51","r04-c05:expanded-facade-max4m:27244:0:52","r04-c05:expanded-facade-max4m:27244:0:53","r04-c05:expanded-facade-max4m:27244:0:54","r04-c05:expanded-facade-max4m:27244:0:55","r04-c05:expanded-facade-max4m:27244:0:56","r04-c05:expanded-facade-max4m:27244:0:58","r04-c05:expanded-facade-max4m:27244:0:59","r04-c05:expanded-facade-max4m:27244:0:6","r04-c05:expanded-facade-max4m:27244:0:60","r04-c05:expanded-facade-max4m:27244:0:61","r04-c05:expanded-facade-max4m:27244:0:7","r04-c05:expanded-facade-max4m:27244:0:8","r04-c05:expanded-facade-max4m:27244:0:9"],"receiver_count":60,"periods":{"D":{"min":46.635094,"max":68.88626,"receiver_count":60,"unavailable_count":0},"E":{"min":44.416607,"max":66.66777,"receiver_count":60,"unavailable_count":0},"N":{"min":39.645393,"max":61.89656,"receiver_count":60,"unavailable_count":0}}}},{"type":"Feature","id":"lariac:399237890189","geometry":{"type":"Polygon","coordinates":[[[-118.53716617995792,34.18510291643771],[-118.53701139553502,34.185102394785005],[-118.53701108664481,34.18516757685549],[-118.53716587118849,34.18516809850855],[-118.53716617995792,34.18510291643771]]]},"properties":{"building_pk":27249,"building_key":"lariac:399237890189","source_tile":"r04-c05","source_tile_ids":["r04-c05"],"source_bld_id":"399237890189","height_m":5.111,"receiver_ids":[165668,165669,165670,165671,165672],"receiver_keys":["r04-c05:expanded-facade-max4m:27249:0:2","r04-c05:expanded-facade-max4m:27249:0:3","r04-c05:expanded-facade-max4m:27249:0:4","r04-c05:expanded-facade-max4m:27249:0:5","r04-c05:expanded-facade-max4m:27249:0:6"],"receiver_count":5,"periods":{"D":{"min":49.33593,"max":55.78651,"receiver_count":5,"unavailable_count":0},"E":{"min":47.117443,"max":53.568024,"receiver_count":5,"unavailable_count":0},"N":{"min":42.34623,"max":48.79681,"receiver_count":5,"unavailable_count":0}}}},{"type":"Feature","id":"lariac:398745888450","geometry":{"type":"Polygon","coordinates":[[[-118.53871994589335,34.18034203024466],[-118.53865448632364,34.180342200991454],[-118.53865440305577,34.18035906473573],[-118.53871983846776,34.180359351179234],[-118.53871994589335,34.18034203024466]]]},"properties":{"building_pk":27255,"building_key":"lariac:398745888450","source_tile":"r04-c05","source_tile_ids":["r04-c05"],"source_bld_id":"398745888450","height_m":9.76,"receiver_ids":[165673,165674],"receiver_keys":["r04-c05:expanded-facade-max4m:27255:0:3","r04-c05:expanded-facade-max4m:27255:0:4"],"receiver_count":2,"periods":{"D":{"min":52.94588,"max":53.00757,"receiver_count":2,"unavailable_count":0},"E":{"min":50.727394,"max":50.789078,"receiver_count":2,"unavailable_count":0},"N":{"min":45.95618,"max":46.017868,"receiver_count":2,"unavailable_count":0}}}},{"type":"Feature","id":"lariac:399036888687","geometry":{"type":"Polygon","coordinates":[[[-118.53733100862567,34.18110405761249],[-118.53752880023387,34.18110317872272],[-118.53752762956752,34.1809212443192],[-118.53754121823282,34.18092118392591],[-118.53754239953304,34.1811047663038],[-118.53796736326558,34.181102876829705],[-118.53796563123758,34.180833919821886],[-118.53787302079087,34.18083433171379],[-118.53787346752267,34.1809037143245],[-118.53753843708135,34.180905203805146],[-118.53753827971858,34.18088074833211],[-118.53752829459815,34.18088079270981],[-118.5375281239719,34.18085427546558],[-118.5374974743805,34.18085441167888],[-118.53749742010504,34.18084597617694],[-118.53745149616333,34.18084618025815],[-118.53745155520755,34.18085535770924],[-118.53733243731064,34.18085429304646],[-118.53733169923656,34.18103046514956],[-118.53733089543559,34.181030468720614],[-118.53733100862567,34.18110405761249]]]},"properties":{"building_pk":27263,"building_key":"lariac:399036888687","source_tile":"r04-c05","source_tile_ids":["r04-c05"],"source_bld_id":"399036888687","height_m":7.081,"receiver_ids":[165675,165676,165677,165678,165679,165680,165681,165682,165683,165684,165685,165686,165687,165688,165689,165690,165691,165692],"receiver_keys":["r04-c05:expanded-facade-max4m:27263:0:32","r04-c05:expanded-facade-max4m:27263:0:33","r04-c05:expanded-facade-max4m:27263:0:34","r04-c05:expanded-facade-max4m:27263:0:35","r04-c05:expanded-facade-max4m:27263:0:36","r04-c05:expanded-facade-max4m:27263:0:38","r04-c05:expanded-facade-max4m:27263:0:39","r04-c05:expanded-facade-max4m:27263:0:40","r04-c05:expanded-facade-max4m:27263:0:41","r04-c05:expanded-facade-max4m:27263:0:42","r04-c05:expanded-facade-max4m:27263:0:43","r04-c05:expanded-facade-max4m:27263:0:44","r04-c05:expanded-facade-max4m:27263:0:46","r04-c05:expanded-facade-max4m:27263:0:47","r04-c05:expanded-facade-max4m:27263:0:48","r04-c05:expanded-facade-max4m:27263:0:49","r04-c05:expanded-facade-max4m:27263:0:50","r04-c05:expanded-facade-max4m:27263:0:51"],"receiver_count":18,"periods":{"D":{"min":63.101707,"max":65.07315,"receiver_count":18,"unavailable_count":0},"E":{"min":60.88322,"max":62.85466,"receiver_count":18,"unavailable_count":0},"N":{"min":56.112007,"max":58.083447,"receiver_count":18,"unavailable_count":0}}}},{"type":"Feature","id":"lariac:399195888712","geometry":{"type":"Polygon","coordinates":[[[-118.53733100862567,34.18110405761249],[-118.53733089543559,34.181030468720614],[-118.5373200283941,34.18103051699912],[-118.53731876327795,34.18083382745192],[-118.53710831545321,34.18083476220624],[-118.53710949862948,34.181018784528966],[-118.53668866929324,34.1810206526448],[-118.53668854661709,34.18100155759565],[-118.53668875071239,34.18113109046446],[-118.53732678186499,34.181129623430536],[-118.53732661754735,34.18110407712061],[-118.53733100862567,34.18110405761249]]]},"properties":{"building_pk":27284,"building_key":"lariac:399195888712","source_tile":"r04-c05","source_tile_ids":["r04-c05"],"source_bld_id":"399195888712","height_m":6.575,"receiver_ids":[165745,165746,165747,165748,165749,165750,165751,165752,165753,165754,165755,165756,165757,165758,165759,165760,165761,165762,165763,165764,165765],"receiver_keys":["r04-c05:expanded-facade-max4m:27284:0:10","r04-c05:expanded-facade-max4m:27284:0:11","r04-c05:expanded-facade-max4m:27284:0:12","r04-c05:expanded-facade-max4m:27284:0:13","r04-c05:expanded-facade-max4m:27284:0:14","r04-c05:expanded-facade-max4m:27284:0:15","r04-c05:expanded-facade-max4m:27284:0:16","r04-c05:expanded-facade-max4m:27284:0:17","r04-c05:expanded-facade-max4m:27284:0:18","r04-c05:expanded-facade-max4m:27284:0:19","r04-c05:expanded-facade-max4m:27284:0:20","r04-c05:expanded-facade-max4m:27284:0:21","r04-c05:expanded-facade-max4m:27284:0:22","r04-c05:expanded-facade-max4m:27284:0:23","r04-c05:expanded-facade-max4m:27284:0:24","r04-c05:expanded-facade-max4m:27284:0:25","r04-c05:expanded-facade-max4m:27284:0:26","r04-c05:expanded-facade-max4m:27284:0:27","r04-c05:expanded-facade-max4m:27284:0:28","r04-c05:expanded-facade-max4m:27284:0:29","r04-c05:expanded-facade-max4m:27284:0:9"],"receiver_count":21,"periods":{"D":{"min":61.86176,"max":64.99117,"receiver_count":21,"unavailable_count":0},"E":{"min":59.643272,"max":62.772682,"receiver_count":21,"unavailable_count":0},"N":{"min":54.872063,"max":58.001472,"receiver_count":21,"unavailable_count":0}}}},{"type":"Feature","id":"lariac:399229889616","geometry":{"type":"Polygon","coordinates":[[[-118.53724364931054,34.18358569823893],[-118.53724356722134,34.18353700623498],[-118.53694122157518,34.18353733188807],[-118.53694130240912,34.18358602479852],[-118.53724364931054,34.18358569823893]]]},"properties":{"building_pk":27293,"building_key":"lariac:399229889616","source_tile":"r04-c05","source_tile_ids":["r04-c05"],"source_bld_id":"399229889616","height_m":2.813,"receiver_ids":[165780,165781,165782,165783,165784,165785,165786,165787,165788],"receiver_keys":["r04-c05:expanded-facade-max4m:27293:0:11","r04-c05:expanded-facade-max4m:27293:0:12","r04-c05:expanded-facade-max4m:27293:0:13","r04-c05:expanded-facade-max4m:27293:0:14","r04-c05:expanded-facade-max4m:27293:0:5","r04-c05:expanded-facade-max4m:27293:0:6","r04-c05:expanded-facade-max4m:27293:0:7","r04-c05:expanded-facade-max4m:27293:0:8","r04-c05:expanded-facade-max4m:27293:0:9"],"receiver_count":9,"periods":{"D":{"min":53.754974,"max":58.136776,"receiver_count":9,"unavailable_count":0},"E":{"min":51.536488,"max":55.91829,"receiver_count":9,"unavailable_count":0},"N":{"min":46.765274,"max":51.147076,"receiver_count":9,"unavailable_count":0}}}},{"type":"Feature","id":"lariac:399270889676","geometry":{"type":"Polygon","coordinates":[[[-118.53724428205938,34.18364815526887],[-118.53699576539782,34.18364843487493],[-118.536995779489,34.18365568953343],[-118.53692852461567,34.18365576813553],[-118.53692857196403,34.183678493133925],[-118.53687775084892,34.18367855374748],[-118.53687778751109,34.18370485070884],[-118.53667916522394,34.1837050452163],[-118.5366792723249,34.183788581766485],[-118.5368531284067,34.18378838720132],[-118.5368531031009,34.183774152842346],[-118.53690782625387,34.18377407491813],[-118.53690783443507,34.183785643488775],[-118.53695280318729,34.18378560884414],[-118.5369527949999,34.18377404027348],[-118.53702838130832,34.183773951712865],[-118.53702838456248,34.18378475128886],[-118.53707613036987,34.18378470426805],[-118.53707612710954,34.183773904692046],[-118.53715819520103,34.18377381521608],[-118.53715819793871,34.18378453185232],[-118.53720475373416,34.18378449006577],[-118.53720475346607,34.18377415837755],[-118.53724449769702,34.18377411888122],[-118.53724428205938,34.18364815526887]]]},"properties":{"building_pk":27327,"building_key":"lariac:399270889676","source_tile":"r04-c05","source_tile_ids":["r04-c05"],"source_bld_id":"399270889676","height_m":6.559,"receiver_ids":[165845,165846,165847,165848,165849,165850,165851,165852,165853,165854,165855,165856,165857,165858,165859,165860,165861,165862,165863,165864,165865,165866,165867],"receiver_keys":["r04-c05:expanded-facade-max4m:27327:0:10","r04-c05:expanded-facade-max4m:27327:0:11","r04-c05:expanded-facade-max4m:27327:0:12","r04-c05:expanded-facade-max4m:27327:0:13","r04-c05:expanded-facade-max4m:27327:0:14","r04-c05:expanded-facade-max4m:27327:0:15","r04-c05:expanded-facade-max4m:27327:0:16","r04-c05:expanded-facade-max4m:27327:0:17","r04-c05:expanded-facade-max4m:27327:0:18","r04-c05:expanded-facade-max4m:27327:0:19","r04-c05:expanded-facade-max4m:27327:0:20","r04-c05:expanded-facade-max4m:27327:0:21","r04-c05:expanded-facade-max4m:27327:0:23","r04-c05:expanded-facade-max4m:27327:0:24","r04-c05:expanded-facade-max4m:27327:0:26","r04-c05:expanded-facade-max4m:27327:0:27","r04-c05:expanded-facade-max4m:27327:0:28","r04-c05:expanded-facade-max4m:27327:0:29","r04-c05:expanded-facade-max4m:27327:0:4","r04-c05:expanded-facade-max4m:27327:0:5","r04-c05:expanded-facade-max4m:27327:0:6","r04-c05:expanded-facade-max4m:27327:0:7","r04-c05:expanded-facade-max4m:27327:0:8"],"receiver_count":23,"periods":{"D":{"min":45.635437,"max":58.06797,"receiver_count":23,"unavailable_count":0},"E":{"min":43.41695,"max":55.849483,"receiver_count":23,"unavailable_count":0},"N":{"min":38.645737,"max":51.078274,"receiver_count":23,"unavailable_count":0}}}},{"type":"Feature","id":"lariac:399213888761","geometry":{"type":"Polygon","coordinates":[[[-118.53668875071239,34.18113109046446],[-118.53619371918269,34.18113224481367],[-118.53619471073081,34.18128672530715],[-118.53672944502524,34.181284353492224],[-118.5367293871142,34.18127534011697],[-118.53732770205022,34.18127268348725],[-118.53732678186499,34.181129623430536],[-118.53668875071239,34.18113109046446]]]},"properties":{"building_pk":27330,"building_key":"lariac:399213888761","source_tile":"r04-c05","source_tile_ids":["r04-c05"],"source_bld_id":"399213888761","height_m":5.026,"receiver_ids":[165868,165869,165870,165871,165872,165873,165874,165875,165876,165877,165878,165879,165880,165881,165882,165883,165884,165885,165886,165887,165888,165889,165890,165891,165892,165893],"receiver_keys":["r04-c05:expanded-facade-max4m:27330:0:12","r04-c05:expanded-facade-max4m:27330:0:13","r04-c05:expanded-facade-max4m:27330:0:14","r04-c05:expanded-facade-max4m:27330:0:15","r04-c05:expanded-facade-max4m:27330:0:16","r04-c05:expanded-facade-max4m:27330:0:17","r04-c05:expanded-facade-max4m:27330:0:18","r04-c05:expanded-facade-max4m:27330:0:19","r04-c05:expanded-facade-max4m:27330:0:20","r04-c05:expanded-facade-max4m:27330:0:21","r04-c05:expanded-facade-max4m:27330:0:22","r04-c05:expanded-facade-max4m:27330:0:23","r04-c05:expanded-facade-max4m:27330:0:24","r04-c05:expanded-facade-max4m:27330:0:25","r04-c05:expanded-facade-max4m:27330:0:26","r04-c05:expanded-facade-max4m:27330:0:27","r04-c05:expanded-facade-max4m:27330:0:28","r04-c05:expanded-facade-max4m:27330:0:29","r04-c05:expanded-facade-max4m:27330:0:30","r04-c05:expanded-facade-max4m:27330:0:31","r04-c05:expanded-facade-max4m:27330:0:32","r04-c05:expanded-facade-max4m:27330:0:33","r04-c05:expanded-facade-max4m:27330:0:34","r04-c05:expanded-facade-max4m:27330:0:35","r04-c05:expanded-facade-max4m:27330:0:36","r04-c05:expanded-facade-max4m:27330:0:37"],"receiver_count":26,"periods":{"D":{"min":55.16674,"max":70.278725,"receiver_count":26,"unavailable_count":0},"E":{"min":52.94825,"max":68.06024,"receiver_count":26,"unavailable_count":0},"N":{"min":48.17704,"max":63.28903,"receiver_count":26,"unavailable_count":0}}}},{"type":"Feature","id":"lariac:399793888745","geometry":{"type":"Polygon","coordinates":[[[-118.53526326332113,34.18116408957916],[-118.53519824471249,34.181161904374115],[-118.53519687407764,34.18119043347124],[-118.5352323257734,34.18119159554879],[-118.53523212218619,34.18119588328884],[-118.53526168786472,34.18119687937649],[-118.53526326332113,34.18116408957916]]]},"properties":{"building_pk":27335,"building_key":"lariac:399793888745","source_tile":"r04-c05","source_tile_ids":["r04-c05"],"source_bld_id":"399793888745","height_m":3.636,"receiver_ids":[165894,165895],"receiver_keys":["r04-c05:expanded-facade-max4m:27335:0:1","r04-c05:expanded-facade-max4m:27335:0:5"],"receiver_count":2,"periods":{"D":{"min":63.084854,"max":63.266987,"receiver_count":2,"unavailable_count":0},"E":{"min":60.866367,"max":61.0485,"receiver_count":2,"unavailable_count":0},"N":{"min":56.095154,"max":56.277287,"receiver_count":2,"unavailable_count":0}}}},{"type":"Feature","id":"lariac:396603889926","geometry":{"type":"Polygon","coordinates":[[[-118.5457671289056,34.18441572480798],[-118.54582731548285,34.18441627993076],[-118.54582716102881,34.18433602788577],[-118.54576728547705,34.18433591311629],[-118.5457671289056,34.18441572480798]]]},"properties":{"building_pk":31057,"building_key":"lariac:396603889926","source_tile":"r04-c05","source_tile_ids":["r04-c05"],"source_bld_id":"396603889926","height_m":4.554,"receiver_ids":[166973,166974,166975,166976],"receiver_keys":["r04-c05:expanded-facade-max4m:31057:0:1","r04-c05:expanded-facade-max4m:31057:0:2","r04-c05:expanded-facade-max4m:31057:0:7","r04-c05:expanded-facade-max4m:31057:0:8"],"receiver_count":4,"periods":{"D":{"min":51.600513,"max":56.26658,"receiver_count":4,"unavailable_count":0},"E":{"min":49.382027,"max":54.048088,"receiver_count":4,"unavailable_count":0},"N":{"min":44.610813,"max":49.27688,"receiver_count":4,"unavailable_count":0}}}},{"type":"Feature","id":"lariac:397431888710","geometry":{"type":"Polygon","coordinates":[[[-118.54312728595342,34.18108440539686],[-118.54312604553992,34.18100540777879],[-118.54293256655299,34.181007513382134],[-118.54293380786247,34.18108651009581],[-118.54312728595342,34.18108440539686]]]},"properties":{"building_pk":31088,"building_key":"lariac:397431888710","source_tile":"r04-c05","source_tile_ids":["r04-c05"],"source_bld_id":"397431888710","height_m":8.397,"receiver_ids":[167047,167048,167049,167050],"receiver_keys":["r04-c05:expanded-facade-max4m:31088:0:1","r04-c05:expanded-facade-max4m:31088:0:2","r04-c05:expanded-facade-max4m:31088:0:8","r04-c05:expanded-facade-max4m:31088:0:9"],"receiver_count":4,"periods":{"D":{"min":54.20349,"max":62.252487,"receiver_count":4,"unavailable_count":0},"E":{"min":51.985,"max":60.034,"receiver_count":4,"unavailable_count":0},"N":{"min":47.21379,"max":55.262787,"receiver_count":4,"unavailable_count":0}}}},{"type":"Feature","id":"lariac:397281889850","geometry":{"type":"Polygon","coordinates":[[[-118.54367827539498,34.184245434708686],[-118.54367911471549,34.184176211297505],[-118.54366757489032,34.18417612613401],[-118.54366828274892,34.18411737204155],[-118.54350860125716,34.18411605671223],[-118.54350780831226,34.184182092054],[-118.54352202667177,34.18418219314406],[-118.54352127236984,34.18424416234946],[-118.54367827539498,34.184245434708686]]]},"properties":{"building_pk":31124,"building_key":"lariac:397281889850","source_tile":"r04-c05","source_tile_ids":["r04-c05"],"source_bld_id":"397281889850","height_m":8.266,"receiver_ids":[167106,167107,167108,167109],"receiver_keys":["r04-c05:expanded-facade-max4m:31124:0:1","r04-c05:expanded-facade-max4m:31124:0:2","r04-c05:expanded-facade-max4m:31124:0:3","r04-c05:expanded-facade-max4m:31124:0:4"],"receiver_count":4,"periods":{"D":{"min":55.82447,"max":56.041542,"receiver_count":4,"unavailable_count":0},"E":{"min":53.60598,"max":53.823055,"receiver_count":4,"unavailable_count":0},"N":{"min":48.83477,"max":49.05184,"receiver_count":4,"unavailable_count":0}}}},{"type":"Feature","id":"lariac:397131890495","geometry":{"type":"Polygon","coordinates":[[[-118.54413181989231,34.18600958822848],[-118.54415192370634,34.18597902289712],[-118.54413236685686,34.185951329802485],[-118.54413276323581,34.18589543500051],[-118.54398068682576,34.18589469100206],[-118.54398072096818,34.18588977202491],[-118.54395866526077,34.185889651239975],[-118.54395861180036,34.18589676826804],[-118.54392957929164,34.18589662385977],[-118.5439289458938,34.18598211470843],[-118.54396627888993,34.185982303828],[-118.54396608670835,34.18600876680939],[-118.54413181989231,34.18600958822848]]]},"properties":{"building_pk":31153,"building_key":"lariac:397131890495","source_tile":"r04-c05","source_tile_ids":["r04-c05"],"source_bld_id":"397131890495","height_m":5.374,"receiver_ids":[167194,167195,167196,167197,167198,167199,167200,167201],"receiver_keys":["r04-c05:expanded-facade-max4m:31153:0:1","r04-c05:expanded-facade-max4m:31153:0:10","r04-c05:expanded-facade-max4m:31153:0:11","r04-c05:expanded-facade-max4m:31153:0:12","r04-c05:expanded-facade-max4m:31153:0:13","r04-c05:expanded-facade-max4m:31153:0:2","r04-c05:expanded-facade-max4m:31153:0:3","r04-c05:expanded-facade-max4m:31153:0:4"],"receiver_count":8,"periods":{"D":{"min":56.43425,"max":58.46896,"receiver_count":8,"unavailable_count":0},"E":{"min":54.215763,"max":56.25047,"receiver_count":8,"unavailable_count":0},"N":{"min":49.44455,"max":51.47926,"receiver_count":8,"unavailable_count":0}}}},{"type":"Feature","id":"lariac:396997890047","geometry":{"type":"Polygon","coordinates":[[[-118.54433836316618,34.1846513276974],[-118.54433886102728,34.18473788449236],[-118.54444132827544,34.184737478295055],[-118.54444151798687,34.18477157924189],[-118.54456316345065,34.18477108661331],[-118.54456265245685,34.184682550988434],[-118.54455141068898,34.18468260160168],[-118.54455123400905,34.184650506531455],[-118.54433836316618,34.1846513276974]]]},"properties":{"building_pk":31993,"building_key":"lariac:396997890047","source_tile":"r04-c05","source_tile_ids":["r04-c05"],"source_bld_id":"396997890047","height_m":6.8,"receiver_ids":[168198,168199,168200,168201,168202,168203,168204,168205,168206,168207],"receiver_keys":["r04-c05:expanded-facade-max4m:31993:0:1","r04-c05:expanded-facade-max4m:31993:0:10","r04-c05:expanded-facade-max4m:31993:0:11","r04-c05:expanded-facade-max4m:31993:0:12","r04-c05:expanded-facade-max4m:31993:0:13","r04-c05:expanded-facade-max4m:31993:0:2","r04-c05:expanded-facade-max4m:31993:0:3","r04-c05:expanded-facade-max4m:31993:0:4","r04-c05:expanded-facade-max4m:31993:0:5","r04-c05:expanded-facade-max4m:31993:0:6"],"receiver_count":10,"periods":{"D":{"min":48.54951,"max":67.91024,"receiver_count":10,"unavailable_count":0},"E":{"min":46.33102,"max":65.69175,"receiver_count":10,"unavailable_count":0},"N":{"min":41.55981,"max":60.92054,"receiver_count":10,"unavailable_count":0}}}},{"type":"Feature","id":"lariac:396781889501","geometry":{"type":"Polygon","coordinates":[[[-118.5452403828231,34.18323607446945],[-118.54524039948842,34.18322865558905],[-118.54525088207339,34.183228663327554],[-118.54525089999906,34.18322127148779],[-118.54526369533318,34.18322126879907],[-118.5452637301633,34.183180901109644],[-118.5452919678625,34.1831809117421],[-118.54529201043323,34.18311663777651],[-118.54511494719455,34.183116556915515],[-118.54511489875763,34.18314969698802],[-118.5451185360205,34.18314968059501],[-118.54511850398556,34.183180346756984],[-118.54514690783226,34.183180383720796],[-118.54514688926271,34.18321311165316],[-118.54517449887955,34.183213124242435],[-118.54517448355838,34.183236042460415],[-118.5452403828231,34.18323607446945]]]},"properties":{"building_pk":32352,"building_key":"lariac:396781889501","source_tile":"r04-c05","source_tile_ids":["r04-c05"],"source_bld_id":"396781889501","height_m":5.121,"receiver_ids":[168661,168662,168663,168664,168665,168666,168667,168668,168669,168670,168671,168672,168673,168674],"receiver_keys":["r04-c05:expanded-facade-max4m:32352:0:1","r04-c05:expanded-facade-max4m:32352:0:10","r04-c05:expanded-facade-max4m:32352:0:11","r04-c05:expanded-facade-max4m:32352:0:13","r04-c05:expanded-facade-max4m:32352:0:14","r04-c05:expanded-facade-max4m:32352:0:15","r04-c05:expanded-facade-max4m:32352:0:2","r04-c05:expanded-facade-max4m:32352:0:3","r04-c05:expanded-facade-max4m:32352:0:4","r04-c05:expanded-facade-max4m:32352:0:5","r04-c05:expanded-facade-max4m:32352:0:6","r04-c05:expanded-facade-max4m:32352:0:7","r04-c05:expanded-facade-max4m:32352:0:8","r04-c05:expanded-facade-max4m:32352:0:9"],"receiver_count":14,"periods":{"D":{"min":55.437504,"max":69.07367,"receiver_count":14,"unavailable_count":0},"E":{"min":53.219013,"max":66.85518,"receiver_count":14,"unavailable_count":0},"N":{"min":48.447803,"max":62.083965,"receiver_count":14,"unavailable_count":0}}}},{"type":"Feature","id":"lariac:396695890217","geometry":{"type":"Polygon","coordinates":[[[-118.54553798617593,34.185142442853056],[-118.54547605055927,34.1851420902053],[-118.54547489467133,34.18520812810583],[-118.54553683285087,34.1852088657021],[-118.54553798617593,34.185142442853056]]]},"properties":{"building_pk":32633,"building_key":"lariac:396695890217","source_tile":"r04-c05","source_tile_ids":["r04-c05"],"source_bld_id":"396695890217","height_m":4.813,"receiver_ids":[168938,168939,168940,168941,168942,168943,168944],"receiver_keys":["r04-c05:expanded-facade-max4m:32633:0:1","r04-c05:expanded-facade-max4m:32633:0:2","r04-c05:expanded-facade-max4m:32633:0:3","r04-c05:expanded-facade-max4m:32633:0:4","r04-c05:expanded-facade-max4m:32633:0:5","r04-c05:expanded-facade-max4m:32633:0:6","r04-c05:expanded-facade-max4m:32633:0:7"],"receiver_count":7,"periods":{"D":{"min":52.134857,"max":57.565826,"receiver_count":7,"unavailable_count":0},"E":{"min":49.91637,"max":55.34734,"receiver_count":7,"unavailable_count":0},"N":{"min":45.145157,"max":50.576126,"receiver_count":7,"unavailable_count":0}}}},{"type":"Feature","id":"lariac:397128890248","geometry":{"type":"Polygon","coordinates":[[[-118.5441374227137,34.18526559274942],[-118.54415506563723,34.18523797932416],[-118.54413009922987,34.18520734268439],[-118.54397572127232,34.18520831205568],[-118.54397625102361,34.1852643397258],[-118.54393072115714,34.18526462652457],[-118.54393126770749,34.18532307206002],[-118.54413792110427,34.185321785543024],[-118.5441374227137,34.18526559274942]]]},"properties":{"building_pk":32882,"building_key":"lariac:397128890248","source_tile":"r04-c05","source_tile_ids":["r04-c05"],"source_bld_id":"397128890248","height_m":5.992,"receiver_ids":[169300,169301,169302,169303,169304,169305,169306,169307,169308],"receiver_keys":["r04-c05:expanded-facade-max4m:32882:0:1","r04-c05:expanded-facade-max4m:32882:0:10","r04-c05:expanded-facade-max4m:32882:0:15","r04-c05:expanded-facade-max4m:32882:0:16","r04-c05:expanded-facade-max4m:32882:0:2","r04-c05:expanded-facade-max4m:32882:0:6","r04-c05:expanded-facade-max4m:32882:0:7","r04-c05:expanded-facade-max4m:32882:0:8","r04-c05:expanded-facade-max4m:32882:0:9"],"receiver_count":9,"periods":{"D":{"min":51.472,"max":55.94013,"receiver_count":9,"unavailable_count":0},"E":{"min":49.253513,"max":53.72164,"receiver_count":9,"unavailable_count":0},"N":{"min":44.4823,"max":48.950428,"receiver_count":9,"unavailable_count":0}}}},{"type":"Feature","id":"lariac:396593890230","geometry":{"type":"Polygon","coordinates":[[[-118.54580496108221,34.18524387288561],[-118.54586904271763,34.18524391366294],[-118.54586914258913,34.18517818344189],[-118.54580506100412,34.18517814266459],[-118.54580496108221,34.18524387288561]]]},"properties":{"building_pk":32918,"building_key":"lariac:396593890230","source_tile":"r04-c05","source_tile_ids":["r04-c05"],"source_bld_id":"396593890230","height_m":4.401,"receiver_ids":[169336,169337,169338,169339,169340,169341,169342],"receiver_keys":["r04-c05:expanded-facade-max4m:32918:0:1","r04-c05:expanded-facade-max4m:32918:0:2","r04-c05:expanded-facade-max4m:32918:0:3","r04-c05:expanded-facade-max4m:32918:0:4","r04-c05:expanded-facade-max4m:32918:0:5","r04-c05:expanded-facade-max4m:32918:0:6","r04-c05:expanded-facade-max4m:32918:0:7"],"receiver_count":7,"periods":{"D":{"min":49.903873,"max":55.677807,"receiver_count":7,"unavailable_count":0},"E":{"min":47.685387,"max":53.45932,"receiver_count":7,"unavailable_count":0},"N":{"min":42.914173,"max":48.688107,"receiver_count":7,"unavailable_count":0}}}},{"type":"Feature","id":"lariac:396761890525","geometry":{"type":"Polygon","coordinates":[[[-118.54525014836389,34.18605948224804],[-118.54532143976556,34.1860595728576],[-118.54532160157368,34.185993293318994],[-118.54525027767825,34.185993201954695],[-118.54525014836389,34.18605948224804]]]},"properties":{"building_pk":33015,"building_key":"lariac:396761890525","source_tile":"r04-c05","source_tile_ids":["r04-c05"],"source_bld_id":"396761890525","height_m":4.56,"receiver_ids":[169501,169502,169503,169504,169505,169506,169507],"receiver_keys":["r04-c05:expanded-facade-max4m:33015:0:1","r04-c05:expanded-facade-max4m:33015:0:2","r04-c05:expanded-facade-max4m:33015:0:3","r04-c05:expanded-facade-max4m:33015:0:4","r04-c05:expanded-facade-max4m:33015:0:5","r04-c05:expanded-facade-max4m:33015:0:6","r04-c05:expanded-facade-max4m:33015:0:7"],"receiver_count":7,"periods":{"D":{"min":56.035316,"max":58.76497,"receiver_count":7,"unavailable_count":0},"E":{"min":53.81683,"max":56.546482,"receiver_count":7,"unavailable_count":0},"N":{"min":49.045616,"max":51.77527,"receiver_count":7,"unavailable_count":0}}}},{"type":"Feature","id":"lariac:396698889171","geometry":{"type":"Polygon","coordinates":[[[-118.54545656665564,34.182315072302615],[-118.54548995458448,34.182314069765525],[-118.54548894149515,34.18229049715691],[-118.54545551994792,34.18229149984529],[-118.54545656665564,34.182315072302615]]]},"properties":{"building_pk":33529,"building_key":"lariac:396698889171","source_tile":"r04-c05","source_tile_ids":["r04-c05"],"source_bld_id":"396698889171","height_m":3.975,"receiver_ids":[170101,170102,170103,170104],"receiver_keys":["r04-c05:expanded-facade-max4m:33529:0:1","r04-c05:expanded-facade-max4m:33529:0:2","r04-c05:expanded-facade-max4m:33529:0:3","r04-c05:expanded-facade-max4m:33529:0:4"],"receiver_count":4,"periods":{"D":{"min":56.52844,"max":60.04658,"receiver_count":4,"unavailable_count":0},"E":{"min":54.309948,"max":57.828094,"receiver_count":4,"unavailable_count":0},"N":{"min":49.53874,"max":53.05688,"receiver_count":4,"unavailable_count":0}}}},{"type":"Feature","id":"lariac:399240889549","geometry":{"type":"Polygon","coordinates":[[[-118.53712849254751,34.18348948308253],[-118.5371281165712,34.18325099402251],[-118.53700485032054,34.18325112936789],[-118.53700519340148,34.183489618572835],[-118.53712849254751,34.18348948308253]]]},"properties":{"building_pk":35094,"building_key":"lariac:399240889549","source_tile":"r04-c05","source_tile_ids":["r04-c05"],"source_bld_id":"399240889549","height_m":3.124,"receiver_ids":[171404,171405,171406,171407,171408,171409,171410,171411,171412],"receiver_keys":["r04-c05:expanded-facade-max4m:35094:0:11","r04-c05:expanded-facade-max4m:35094:0:12","r04-c05:expanded-facade-max4m:35094:0:13","r04-c05:expanded-facade-max4m:35094:0:14","r04-c05:expanded-facade-max4m:35094:0:15","r04-c05:expanded-facade-max4m:35094:0:16","r04-c05:expanded-facade-max4m:35094:0:17","r04-c05:expanded-facade-max4m:35094:0:18","r04-c05:expanded-facade-max4m:35094:0:19"],"receiver_count":9,"periods":{"D":{"min":49.862568,"max":56.68167,"receiver_count":9,"unavailable_count":0},"E":{"min":47.64408,"max":54.463184,"receiver_count":9,"unavailable_count":0},"N":{"min":42.872868,"max":49.69197,"receiver_count":9,"unavailable_count":0}}}},{"type":"Feature","id":"lariac:399744890453","geometry":{"type":"Polygon","coordinates":[[[-118.53546266159084,34.18593874503612],[-118.53546253801741,34.18590406681062],[-118.53548174918518,34.185904009709226],[-118.53548135960654,34.18579162141402],[-118.53536324894979,34.18579189722757],[-118.53536372826684,34.185938962996055],[-118.53546266159084,34.18593874503612]]]},"properties":{"building_pk":35188,"building_key":"lariac:399744890453","source_tile":"r04-c05","source_tile_ids":["r04-c05"],"source_bld_id":"399744890453","height_m":3.56,"receiver_ids":[171682,171683,171684,171685,171686,171687,171688,171689,171690,171691,171692,171693],"receiver_keys":["r04-c05:expanded-facade-max4m:35188:0:10","r04-c05:expanded-facade-max4m:35188:0:11","r04-c05:expanded-facade-max4m:35188:0:12","r04-c05:expanded-facade-max4m:35188:0:13","r04-c05:expanded-facade-max4m:35188:0:14","r04-c05:expanded-facade-max4m:35188:0:3","r04-c05:expanded-facade-max4m:35188:0:4","r04-c05:expanded-facade-max4m:35188:0:5","r04-c05:expanded-facade-max4m:35188:0:6","r04-c05:expanded-facade-max4m:35188:0:7","r04-c05:expanded-facade-max4m:35188:0:8","r04-c05:expanded-facade-max4m:35188:0:9"],"receiver_count":12,"periods":{"D":{"min":52.688156,"max":58.589405,"receiver_count":12,"unavailable_count":0},"E":{"min":50.46967,"max":56.37092,"receiver_count":12,"unavailable_count":0},"N":{"min":45.698456,"max":51.599705,"receiver_count":12,"unavailable_count":0}}}},{"type":"Feature","id":"lariac:396686889137","geometry":{"type":"Polygon","coordinates":[[[-118.54554865451631,34.18223455478677],[-118.5455487600635,34.18217978821929],[-118.54545796373016,34.18217964868949],[-118.545457857906,34.18222424764504],[-118.54547663918872,34.18222427293159],[-118.54547663940843,34.18223444054342],[-118.54554865451631,34.18223455478677]]]},"properties":{"building_pk":38641,"building_key":"lariac:396686889137","source_tile":"r04-c05","source_tile_ids":["r04-c05"],"source_bld_id":"396686889137","height_m":5.465,"receiver_ids":[172863,172864,172865,172866,172867,172868,172869,172870],"receiver_keys":["r04-c05:expanded-facade-max4m:38641:0:1","r04-c05:expanded-facade-max4m:38641:0:2","r04-c05:expanded-facade-max4m:38641:0:3","r04-c05:expanded-facade-max4m:38641:0:4","r04-c05:expanded-facade-max4m:38641:0:5","r04-c05:expanded-facade-max4m:38641:0:6","r04-c05:expanded-facade-max4m:38641:0:7","r04-c05:expanded-facade-max4m:38641:0:8"],"receiver_count":8,"periods":{"D":{"min":51.80508,"max":61.189514,"receiver_count":8,"unavailable_count":0},"E":{"min":49.586594,"max":58.971027,"receiver_count":8,"unavailable_count":0},"N":{"min":44.81538,"max":54.199814,"receiver_count":8,"unavailable_count":0}}}},{"type":"Feature","id":"lariac:396641888595","geometry":{"type":"Polygon","coordinates":[[[-118.54581141509593,34.1807611479881],[-118.5457409271293,34.18067578693576],[-118.54572865783307,34.180685514962505],[-118.54568256884932,34.1806454933181],[-118.54564592546713,34.18067462164046],[-118.54563425426412,34.18066447963507],[-118.545595209495,34.18069548677458],[-118.54560694831112,34.1807056834729],[-118.54558053425895,34.18072665984709],[-118.54575205258307,34.18087570189058],[-118.54581198460295,34.1808280571098],[-118.5457715159035,34.18079287486639],[-118.54581141509593,34.1807611479881]]]},"properties":{"building_pk":38650,"building_key":"lariac:396641888595","source_tile":"r04-c05","source_tile_ids":["r04-c05"],"source_bld_id":"396641888595","height_m":3.466,"receiver_ids":[172876,172877,172878,172879,172880,172881,172882,172883,172884,172885,172886,172887,172888,172889,172890,172891],"receiver_keys":["r04-c05:expanded-facade-max4m:38650:0:1","r04-c05:expanded-facade-max4m:38650:0:10","r04-c05:expanded-facade-max4m:38650:0:11","r04-c05:expanded-facade-max4m:38650:0:12","r04-c05:expanded-facade-max4m:38650:0:13","r04-c05:expanded-facade-max4m:38650:0:14","r04-c05:expanded-facade-max4m:38650:0:15","r04-c05:expanded-facade-max4m:38650:0:16","r04-c05:expanded-facade-max4m:38650:0:17","r04-c05:expanded-facade-max4m:38650:0:18","r04-c05:expanded-facade-max4m:38650:0:2","r04-c05:expanded-facade-max4m:38650:0:20","r04-c05:expanded-facade-max4m:38650:0:3","r04-c05:expanded-facade-max4m:38650:0:5","r04-c05:expanded-facade-max4m:38650:0:6","r04-c05:expanded-facade-max4m:38650:0:8"],"receiver_count":16,"periods":{"D":{"min":64.0512,"max":66.375916,"receiver_count":16,"unavailable_count":0},"E":{"min":61.832714,"max":64.157425,"receiver_count":16,"unavailable_count":0},"N":{"min":57.0615,"max":59.386215,"receiver_count":16,"unavailable_count":0}}}},{"type":"Feature","id":"lariac:396823890524","geometry":{"type":"Polygon","coordinates":[[[-118.54511874038208,34.185993272847696],[-118.5450444386906,34.185992865718866],[-118.545043879082,34.186059230892255],[-118.54511818191726,34.18605963801657],[-118.54511874038208,34.185993272847696]]]},"properties":{"building_pk":38716,"building_key":"lariac:396823890524","source_tile":"r04-c05","source_tile_ids":["r04-c05"],"source_bld_id":"396823890524","height_m":4.7,"receiver_ids":[173033,173034,173035,173036,173037,173038,173039,173040],"receiver_keys":["r04-c05:expanded-facade-max4m:38716:0:1","r04-c05:expanded-facade-max4m:38716:0:2","r04-c05:expanded-facade-max4m:38716:0:3","r04-c05:expanded-facade-max4m:38716:0:4","r04-c05:expanded-facade-max4m:38716:0:5","r04-c05:expanded-facade-max4m:38716:0:6","r04-c05:expanded-facade-max4m:38716:0:7","r04-c05:expanded-facade-max4m:38716:0:8"],"receiver_count":8,"periods":{"D":{"min":55.671005,"max":64.96213,"receiver_count":8,"unavailable_count":0},"E":{"min":53.45252,"max":62.74364,"receiver_count":8,"unavailable_count":0},"N":{"min":48.681305,"max":57.97243,"receiver_count":8,"unavailable_count":0}}}},{"type":"Feature","id":"lariac:397087889223","geometry":{"type":"Polygon","coordinates":[[[-118.544431874676,34.18248536044942],[-118.54443181195496,34.18245026993793],[-118.54445125355446,34.18245023741742],[-118.54445115495027,34.1823843431149],[-118.54442989402673,34.18238435587705],[-118.54442981750739,34.18234731448667],[-118.54437939423292,34.18234737646515],[-118.54437909588087,34.182189895216084],[-118.54413808925588,34.182190182761126],[-118.54413801857119,34.18214885450372],[-118.54407989123396,34.18214892397128],[-118.54407986502838,34.182129743742806],[-118.54406346518576,34.182129762521285],[-118.54406334359312,34.18205529464101],[-118.54401903765789,34.18205535599853],[-118.54401904161035,34.18206112676322],[-118.54389964665832,34.18206127877677],[-118.5438996602803,34.18207353430312],[-118.54385833003282,34.1820736110695],[-118.54385847091757,34.18214090617928],[-118.54389550227805,34.18214084964629],[-118.54389556228374,34.18217539112898],[-118.54394558842448,34.182175330236205],[-118.54394559951065,34.182171868257804],[-118.54400438748645,34.182171795883455],[-118.54400442063267,34.1821870471524],[-118.54406208480128,34.18218697980467],[-118.54406208424545,34.18218173101862],[-118.54409422332853,34.18218169643169],[-118.54409424822502,34.18219068200774],[-118.5440211756756,34.18219076368375],[-118.54402128488404,34.182263335672864],[-118.54403556819013,34.182263298472705],[-118.54403564498136,34.18232073007951],[-118.54399097424714,34.182320766020695],[-118.54399134603301,34.18250979285966],[-118.54397878096114,34.1825098223265],[-118.54397885981889,34.18255741537552],[-118.54406770435715,34.18255729072796],[-118.54406786337218,34.1826426671214],[-118.5443811511023,34.18264227439],[-118.54438085577942,34.182485425109185],[-118.544431874676,34.18248536044942]]]},"properties":{"building_pk":38750,"building_key":"lariac:397087889223","source_tile":"r04-c05","source_tile_ids":["r04-c05"],"source_bld_id":"397087889223","height_m":10.253,"receiver_ids":[173205,173206,173207,173208,173209,173210,173211,173212,173213,173214,173215,173216,173217,173218,173219,173220,173221,173222,173223,173224,173225,173226,173227,173228,173229,173230,173231,173232,173233,173234,173235,173236,173237,173238,173239,173240,173241,173242,173243,173244,173245,173246,173247,173248,173249,173250,173251,173252,173253,173254,173255,173256,173257,173258,173259,173260,173261],"receiver_keys":["r04-c05:expanded-facade-max4m:38750:0:1","r04-c05:expanded-facade-max4m:38750:0:10","r04-c05:expanded-facade-max4m:38750:0:11","r04-c05:expanded-facade-max4m:38750:0:12","r04-c05:expanded-facade-max4m:38750:0:13","r04-c05:expanded-facade-max4m:38750:0:14","r04-c05:expanded-facade-max4m:38750:0:15","r04-c05:expanded-facade-max4m:38750:0:16","r04-c05:expanded-facade-max4m:38750:0:17","r04-c05:expanded-facade-max4m:38750:0:18","r04-c05:expanded-facade-max4m:38750:0:2","r04-c05:expanded-facade-max4m:38750:0:21","r04-c05:expanded-facade-max4m:38750:0:22","r04-c05:expanded-facade-max4m:38750:0:23","r04-c05:expanded-facade-max4m:38750:0:24","r04-c05:expanded-facade-max4m:38750:0:25","r04-c05:expanded-facade-max4m:38750:0:26","r04-c05:expanded-facade-max4m:38750:0:27","r04-c05:expanded-facade-max4m:38750:0:28","r04-c05:expanded-facade-max4m:38750:0:29","r04-c05:expanded-facade-max4m:38750:0:3","r04-c05:expanded-facade-max4m:38750:0:32","r04-c05:expanded-facade-max4m:38750:0:33","r04-c05:expanded-facade-max4m:38750:0:34","r04-c05:expanded-facade-max4m:38750:0:39","r04-c05:expanded-facade-max4m:38750:0:4","r04-c05:expanded-facade-max4m:38750:0:40","r04-c05:expanded-facade-max4m:38750:0:41","r04-c05:expanded-facade-max4m:38750:0:43","r04-c05:expanded-facade-max4m:38750:0:44","r04-c05:expanded-facade-max4m:38750:0:45","r04-c05:expanded-facade-max4m:38750:0:46","r04-c05:expanded-facade-max4m:38750:0:47","r04-c05:expanded-facade-max4m:38750:0:48","r04-c05:expanded-facade-max4m:38750:0:49","r04-c05:expanded-facade-max4m:38750:0:5","r04-c05:expanded-facade-max4m:38750:0:50","r04-c05:expanded-facade-max4m:38750:0:51","r04-c05:expanded-facade-max4m:38750:0:53","r04-c05:expanded-facade-max4m:38750:0:54","r04-c05:expanded-facade-max4m:38750:0:55","r04-c05:expanded-facade-max4m:38750:0:56","r04-c05:expanded-facade-max4m:38750:0:57","r04-c05:expanded-facade-max4m:38750:0:58","r04-c05:expanded-facade-max4m:38750:0:59","r04-c05:expanded-facade-max4m:38750:0:6","r04-c05:expanded-facade-max4m:38750:0:60","r04-c05:expanded-facade-max4m:38750:0:61","r04-c05:expanded-facade-max4m:38750:0:62","r04-c05:expanded-facade-max4m:38750:0:63","r04-c05:expanded-facade-max4m:38750:0:64","r04-c05:expanded-facade-max4m:38750:0:65","r04-c05:expanded-facade-max4m:38750:0:66","r04-c05:expanded-facade-max4m:38750:0:67","r04-c05:expanded-facade-max4m:38750:0:7","r04-c05:expanded-facade-max4m:38750:0:8","r04-c05:expanded-facade-max4m:38750:0:9"],"receiver_count":57,"periods":{"D":{"min":47.75224,"max":66.708115,"receiver_count":57,"unavailable_count":0},"E":{"min":45.533752,"max":64.489624,"receiver_count":57,"unavailable_count":0},"N":{"min":40.76254,"max":59.71841,"receiver_count":57,"unavailable_count":0}}}},{"type":"Feature","id":"lariac:396575890581","geometry":{"type":"Polygon","coordinates":[[[-118.54593565308582,34.18614179518148],[-118.54586542793594,34.18614285409793],[-118.54586683335809,34.18620618753292],[-118.54587116485496,34.18620614003688],[-118.54587176467123,34.186232187444176],[-118.54592859979644,34.18623132689725],[-118.54592803808143,34.186205966294814],[-118.5459370966802,34.18620581542007],[-118.54593565308582,34.18614179518148]]]},"properties":{"building_pk":39031,"building_key":"lariac:396575890581","source_tile":"r04-c05","source_tile_ids":["r04-c05"],"source_bld_id":"396575890581","height_m":4.273,"receiver_ids":[173452,173453,173454,173455],"receiver_keys":["r04-c05:expanded-facade-max4m:39031:0:2","r04-c05:expanded-facade-max4m:39031:0:3","r04-c05:expanded-facade-max4m:39031:0:4","r04-c05:expanded-facade-max4m:39031:0:5"],"receiver_count":4,"periods":{"D":{"min":56.280468,"max":57.728096,"receiver_count":4,"unavailable_count":0},"E":{"min":54.06198,"max":55.50961,"receiver_count":4,"unavailable_count":0},"N":{"min":49.290768,"max":50.738396,"receiver_count":4,"unavailable_count":0}}}},{"type":"Feature","id":"lariac:396796889917","geometry":{"type":"Polygon","coordinates":[[[-118.54525508414144,34.18442970108871],[-118.54526490460863,34.18442979475357],[-118.54526511234567,34.18441591635074],[-118.54525529080121,34.18441582359234],[-118.5452563475026,34.18434470323728],[-118.54524692299535,34.184344607786834],[-118.54524698387705,34.18433864470058],[-118.54521404864995,34.184338326167456],[-118.54521419121005,34.18432975184172],[-118.54520734544217,34.18432967271188],[-118.54520766984042,34.18430840292588],[-118.54511541127923,34.184307471853295],[-118.545114147414,34.18439258059481],[-118.54513653430796,34.18439280966294],[-118.54513630744881,34.184408748179614],[-118.5451554537056,34.184408936855775],[-118.54515504591264,34.18443754378222],[-118.54525497610055,34.18443857727618],[-118.54525508414144,34.18442970108871]]]},"properties":{"building_pk":39111,"building_key":"lariac:396796889917","source_tile":"r04-c05","source_tile_ids":["r04-c05"],"source_bld_id":"396796889917","height_m":5.8,"receiver_ids":[173561,173562,173563,173564,173565,173566,173567,173568,173569,173570,173571,173572],"receiver_keys":["r04-c05:expanded-facade-max4m:39111:0:1","r04-c05:expanded-facade-max4m:39111:0:10","r04-c05:expanded-facade-max4m:39111:0:13","r04-c05:expanded-facade-max4m:39111:0:14","r04-c05:expanded-facade-max4m:39111:0:15","r04-c05:expanded-facade-max4m:39111:0:2","r04-c05:expanded-facade-max4m:39111:0:3","r04-c05:expanded-facade-max4m:39111:0:4","r04-c05:expanded-facade-max4m:39111:0:6","r04-c05:expanded-facade-max4m:39111:0:7","r04-c05:expanded-facade-max4m:39111:0:8","r04-c05:expanded-facade-max4m:39111:0:9"],"receiver_count":12,"periods":{"D":{"min":54.540234,"max":69.00484,"receiver_count":12,"unavailable_count":0},"E":{"min":52.321747,"max":66.78635,"receiver_count":12,"unavailable_count":0},"N":{"min":47.550533,"max":62.015133,"receiver_count":12,"unavailable_count":0}}}},{"type":"Feature","id":"lariac:396697888632","geometry":{"type":"Polygon","coordinates":[[[-118.5455220543945,34.1808750905772],[-118.54552294152457,34.18075777857793],[-118.54541782718344,34.18075723570351],[-118.54541777420972,34.18076440772451],[-118.54539400035186,34.18076426790923],[-118.54539378147756,34.18079155592689],[-118.5453724213529,34.18079143226917],[-118.54537230510998,34.18080901921113],[-118.54535325893136,34.18080891306378],[-118.54535275967716,34.18087417808121],[-118.5455220543945,34.1808750905772]]]},"properties":{"building_pk":39517,"building_key":"lariac:396697888632","source_tile":"r04-c05","source_tile_ids":["r04-c05"],"source_bld_id":"396697888632","height_m":6.145,"receiver_ids":[174024,174025,174026,174027,174028,174029,174030,174031,174032],"receiver_keys":["r04-c05:expanded-facade-max4m:39517:0:1","r04-c05:expanded-facade-max4m:39517:0:10","r04-c05:expanded-facade-max4m:39517:0:11","r04-c05:expanded-facade-max4m:39517:0:15","r04-c05:expanded-facade-max4m:39517:0:2","r04-c05:expanded-facade-max4m:39517:0:3","r04-c05:expanded-facade-max4m:39517:0:4","r04-c05:expanded-facade-max4m:39517:0:5","r04-c05:expanded-facade-max4m:39517:0:6"],"receiver_count":9,"periods":{"D":{"min":57.527946,"max":63.704453,"receiver_count":9,"unavailable_count":0},"E":{"min":55.30946,"max":61.485966,"receiver_count":9,"unavailable_count":0},"N":{"min":50.538246,"max":56.714752,"receiver_count":9,"unavailable_count":0}}}},{"type":"Feature","id":"lariac:396697890031","geometry":{"type":"Polygon","coordinates":[[[-118.54543958275714,34.1847121244231],[-118.54553805532949,34.184712669310166],[-118.54553819093218,34.1846978851803],[-118.54554649017825,34.18469792978791],[-118.54554604497972,34.184751186900755],[-118.54562378474253,34.18475163320138],[-118.54562432647526,34.18468260314045],[-118.54558815153044,34.18468240840995],[-118.5455885835474,34.184632120140705],[-118.54553875103238,34.18463182292008],[-118.54553915699356,34.18458252376246],[-118.54544068348395,34.1845819779796],[-118.54543958275714,34.1847121244231]]]},"properties":{"building_pk":39955,"building_key":"lariac:396697890031","source_tile":"r04-c05","source_tile_ids":["r04-c05"],"source_bld_id":"396697890031","height_m":5.663,"receiver_ids":[174647,174648,174649,174650,174651,174652,174653,174654,174655,174656,174657,174658,174659,174660],"receiver_keys":["r04-c05:expanded-facade-max4m:39955:0:1","r04-c05:expanded-facade-max4m:39955:0:10","r04-c05:expanded-facade-max4m:39955:0:11","r04-c05:expanded-facade-max4m:39955:0:13","r04-c05:expanded-facade-max4m:39955:0:14","r04-c05:expanded-facade-max4m:39955:0:15","r04-c05:expanded-facade-max4m:39955:0:16","r04-c05:expanded-facade-max4m:39955:0:17","r04-c05:expanded-facade-max4m:39955:0:18","r04-c05:expanded-facade-max4m:39955:0:19","r04-c05:expanded-facade-max4m:39955:0:2","r04-c05:expanded-facade-max4m:39955:0:5","r04-c05:expanded-facade-max4m:39955:0:6","r04-c05:expanded-facade-max4m:39955:0:9"],"receiver_count":14,"periods":{"D":{"min":55.465813,"max":60.061314,"receiver_count":14,"unavailable_count":0},"E":{"min":53.247326,"max":57.842827,"receiver_count":14,"unavailable_count":0},"N":{"min":48.476112,"max":53.071613,"receiver_count":14,"unavailable_count":0}}}},{"type":"Feature","id":"lariac:396651889285","geometry":{"type":"Polygon","coordinates":[[[-118.54555854361814,34.18252359025443],[-118.54555881848603,34.18257066132992],[-118.54558526972153,34.18257056906116],[-118.54558573422938,34.182651823124054],[-118.54568168611729,34.18265147230048],[-118.5456817579156,34.18266246360065],[-118.54575502813482,34.18266218800243],[-118.54575482425129,34.182625999143966],[-118.54574550063745,34.1826260412142],[-118.5457453800625,34.182602437533774],[-118.54568788156548,34.182602669016234],[-118.54568780815283,34.18259143070028],[-118.54567524324595,34.1825914873889],[-118.54567510557538,34.182570411714906],[-118.5456555654109,34.182570471923036],[-118.54565539741277,34.18254475253287],[-118.54563790638629,34.1825448034936],[-118.54563779839478,34.18252328773228],[-118.54555854361814,34.18252359025443]]]},"properties":{"building_pk":40192,"building_key":"lariac:396651889285","source_tile":"r04-c05","source_tile_ids":["r04-c05"],"source_bld_id":"396651889285","height_m":6.09,"receiver_ids":[174881,174882,174883,174884,174885,174886,174887,174888,174889,174890,174891,174892],"receiver_keys":["r04-c05:expanded-facade-max4m:40192:0:1","r04-c05:expanded-facade-max4m:40192:0:10","r04-c05:expanded-facade-max4m:40192:0:11","r04-c05:expanded-facade-max4m:40192:0:12","r04-c05:expanded-facade-max4m:40192:0:13","r04-c05:expanded-facade-max4m:40192:0:16","r04-c05:expanded-facade-max4m:40192:0:17","r04-c05:expanded-facade-max4m:40192:0:2","r04-c05:expanded-facade-max4m:40192:0:3","r04-c05:expanded-facade-max4m:40192:0:4","r04-c05:expanded-facade-max4m:40192:0:8","r04-c05:expanded-facade-max4m:40192:0:9"],"receiver_count":12,"periods":{"D":{"min":48.58739,"max":60.55054,"receiver_count":12,"unavailable_count":0},"E":{"min":46.368904,"max":58.33205,"receiver_count":12,"unavailable_count":0},"N":{"min":41.59769,"max":53.56084,"receiver_count":12,"unavailable_count":0}}}},{"type":"Feature","id":"lariac:396569888316","geometry":{"type":"Polygon","coordinates":[[[-118.54582833434787,34.18005636987481],[-118.54593664999656,34.18005607392693],[-118.54593648092248,34.18002007694097],[-118.54595459947762,34.18002002220048],[-118.54595446846815,34.17998985081986],[-118.54592990223946,34.17998993466439],[-118.54592984140858,34.17997548048456],[-118.54593671882628,34.17997547738856],[-118.54593639579942,34.179900817482995],[-118.54582768442916,34.179901116118934],[-118.54582833434787,34.18005636987481]]]},"properties":{"building_pk":40729,"building_key":"lariac:396569888316","source_tile":"r04-c05","source_tile_ids":["r03-c05","r04-c05"],"source_bld_id":"396569888316","height_m":5.794,"receiver_ids":[175523,175524,175525],"receiver_keys":["r04-c05:expanded-facade-max4m:40729:0:1","r04-c05:expanded-facade-max4m:40729:0:2","r04-c05:expanded-facade-max4m:40729:0:3"],"receiver_count":3,"periods":{"D":{"min":69.14041,"max":69.56733,"receiver_count":3,"unavailable_count":0},"E":{"min":66.92192,"max":67.34884,"receiver_count":3,"unavailable_count":0},"N":{"min":62.15071,"max":62.57763,"receiver_count":3,"unavailable_count":0}}}},{"type":"Feature","id":"lariac:396728889453","geometry":{"type":"Polygon","coordinates":[[[-118.5454221581614,34.183097832546416],[-118.54542180881982,34.183048481801876],[-118.54533289902588,34.18304882771278],[-118.54533319280665,34.183097818090204],[-118.5454221581614,34.183097832546416]]]},"properties":{"building_pk":40751,"building_key":"lariac:396728889453","source_tile":"r04-c05","source_tile_ids":["r04-c05"],"source_bld_id":"396728889453","height_m":4.478,"receiver_ids":[175539,175540,175541,175542,175543,175544,175545],"receiver_keys":["r04-c05:expanded-facade-max4m:40751:0:1","r04-c05:expanded-facade-max4m:40751:0:2","r04-c05:expanded-facade-max4m:40751:0:3","r04-c05:expanded-facade-max4m:40751:0:4","r04-c05:expanded-facade-max4m:40751:0:5","r04-c05:expanded-facade-max4m:40751:0:6","r04-c05:expanded-facade-max4m:40751:0:7"],"receiver_count":7,"periods":{"D":{"min":56.363262,"max":60.176903,"receiver_count":7,"unavailable_count":0},"E":{"min":54.144775,"max":57.958412,"receiver_count":7,"unavailable_count":0},"N":{"min":49.37356,"max":53.187202,"receiver_count":7,"unavailable_count":0}}}},{"type":"Feature","id":"lariac:396627890031","geometry":{"type":"Polygon","coordinates":[[[-118.54582170491103,34.18468410258364],[-118.54582058206266,34.18461851491556],[-118.5457784266337,34.184619008061844],[-118.5457783209617,34.18461296278463],[-118.54577438658337,34.18461300848575],[-118.54577416159847,34.18459883001698],[-118.5457090269018,34.18459959090768],[-118.54570919150432,34.18460950985361],[-118.5456555965223,34.184610164557675],[-118.54565707935706,34.18469550793922],[-118.54564239949467,34.18469568415262],[-118.54564340559465,34.18475355062418],[-118.54572249238376,34.184752616831545],[-118.54572165854846,34.18470585029437],[-118.5457843785657,34.18470510029326],[-118.54578401321245,34.1846845476403],[-118.54582170491103,34.18468410258364]]]},"properties":{"building_pk":40795,"building_key":"lariac:396627890031","source_tile":"r04-c05","source_tile_ids":["r04-c05"],"source_bld_id":"396627890031","height_m":5.919,"receiver_ids":[175546,175547,175548,175549,175550,175551,175552,175553,175554,175555,175556,175557,175558,175559],"receiver_keys":["r04-c05:expanded-facade-max4m:40795:0:12","r04-c05:expanded-facade-max4m:40795:0:13","r04-c05:expanded-facade-max4m:40795:0:14","r04-c05:expanded-facade-max4m:40795:0:15","r04-c05:expanded-facade-max4m:40795:0:16","r04-c05:expanded-facade-max4m:40795:0:17","r04-c05:expanded-facade-max4m:40795:0:2","r04-c05:expanded-facade-max4m:40795:0:3","r04-c05:expanded-facade-max4m:40795:0:4","r04-c05:expanded-facade-max4m:40795:0:5","r04-c05:expanded-facade-max4m:40795:0:6","r04-c05:expanded-facade-max4m:40795:0:7","r04-c05:expanded-facade-max4m:40795:0:8","r04-c05:expanded-facade-max4m:40795:0:9"],"receiver_count":14,"periods":{"D":{"min":46.39087,"max":58.7579,"receiver_count":14,"unavailable_count":0},"E":{"min":44.17238,"max":56.539413,"receiver_count":14,"unavailable_count":0},"N":{"min":39.40117,"max":51.7682,"receiver_count":14,"unavailable_count":0}}}},{"type":"Feature","id":"lariac:396791889801","geometry":{"type":"Polygon","coordinates":[[[-118.54520447266938,34.18411240815627],[-118.54529298548547,34.1841118991521],[-118.54529189972479,34.18398096650573],[-118.54515306311508,34.18398178438092],[-118.54515322495962,34.18400143099899],[-118.54513798149445,34.18400149970364],[-118.54513818655344,34.184027768868894],[-118.54511474333776,34.1840279024752],[-118.54511544545367,34.184110061519654],[-118.54520445401737,34.18410955034596],[-118.54520447266938,34.18411240815627]]]},"properties":{"building_pk":40893,"building_key":"lariac:396791889801","source_tile":"r04-c05","source_tile_ids":["r04-c05"],"source_bld_id":"396791889801","height_m":5.282,"receiver_ids":[175657,175658,175659,175660,175661,175662,175663,175664,175665,175666,175667,175668,175669,175670,175671,175672],"receiver_keys":["r04-c05:expanded-facade-max4m:40893:0:1","r04-c05:expanded-facade-max4m:40893:0:10","r04-c05:expanded-facade-max4m:40893:0:11","r04-c05:expanded-facade-max4m:40893:0:12","r04-c05:expanded-facade-max4m:40893:0:13","r04-c05:expanded-facade-max4m:40893:0:14","r04-c05:expanded-facade-max4m:40893:0:15","r04-c05:expanded-facade-max4m:40893:0:16","r04-c05:expanded-facade-max4m:40893:0:2","r04-c05:expanded-facade-max4m:40893:0:3","r04-c05:expanded-facade-max4m:40893:0:4","r04-c05:expanded-facade-max4m:40893:0:5","r04-c05:expanded-facade-max4m:40893:0:6","r04-c05:expanded-facade-max4m:40893:0:7","r04-c05:expanded-facade-max4m:40893:0:8","r04-c05:expanded-facade-max4m:40893:0:9"],"receiver_count":16,"periods":{"D":{"min":54.899693,"max":69.03609,"receiver_count":16,"unavailable_count":0},"E":{"min":52.681206,"max":66.8176,"receiver_count":16,"unavailable_count":0},"N":{"min":47.909992,"max":62.046383,"receiver_count":16,"unavailable_count":0}}}},{"type":"Feature","id":"lariac:396823890578","geometry":{"type":"Polygon","coordinates":[[[-118.54504611299475,34.18614305900581],[-118.54504604766143,34.18624959565286],[-118.54512176944908,34.186249639370196],[-118.54512182981493,34.186203199666494],[-118.54511601066713,34.18620319794442],[-118.54511604809267,34.18614310175588],[-118.54504611299475,34.18614305900581]]]},"properties":{"building_pk":41030,"building_key":"lariac:396823890578","source_tile":"r04-c05","source_tile_ids":["r04-c05"],"source_bld_id":"396823890578","height_m":4.615,"receiver_ids":[175823,175824,175825,175826,175827,175828,175829,175830],"receiver_keys":["r04-c05:expanded-facade-max4m:41030:0:1","r04-c05:expanded-facade-max4m:41030:0:10","r04-c05:expanded-facade-max4m:41030:0:2","r04-c05:expanded-facade-max4m:41030:0:3","r04-c05:expanded-facade-max4m:41030:0:4","r04-c05:expanded-facade-max4m:41030:0:5","r04-c05:expanded-facade-max4m:41030:0:6","r04-c05:expanded-facade-max4m:41030:0:9"],"receiver_count":8,"periods":{"D":{"min":58.659058,"max":65.53537,"receiver_count":8,"unavailable_count":0},"E":{"min":56.44057,"max":63.316883,"receiver_count":8,"unavailable_count":0},"N":{"min":51.669357,"max":58.54567,"receiver_count":8,"unavailable_count":0}}}},{"type":"Feature","id":"lariac:201700286348","geometry":{"type":"Polygon","coordinates":[[[-118.54556264063187,34.181477089289],[-118.54566311459966,34.18147688305859],[-118.5456629613441,34.18142535420152],[-118.5456856168432,34.181425307883245],[-118.54568530741683,34.18132130987183],[-118.54557868950194,34.181321531214685],[-118.54557867086277,34.1813150230529],[-118.5455634374096,34.18131505480488],[-118.5455634532612,34.18132063799515],[-118.54555582080216,34.18132065349064],[-118.5455558510514,34.181330766874325],[-118.54549887229687,34.18133088413504],[-118.54549906755133,34.18139666801548],[-118.54556240095661,34.181396538318666],[-118.54556264063187,34.181477089289]]]},"properties":{"building_pk":41724,"building_key":"lariac:201700286348","source_tile":"r04-c05","source_tile_ids":["r04-c05"],"source_bld_id":"201700286348","height_m":6.386,"receiver_ids":[176608,176609,176610,176611,176612,176613,176614,176615,176616,176617,176618,176619,176620,176621,176622,176623,176624],"receiver_keys":["r04-c05:expanded-facade-max4m:41724:0:1","r04-c05:expanded-facade-max4m:41724:0:10","r04-c05:expanded-facade-max4m:41724:0:11","r04-c05:expanded-facade-max4m:41724:0:12","r04-c05:expanded-facade-max4m:41724:0:13","r04-c05:expanded-facade-max4m:41724:0:14","r04-c05:expanded-facade-max4m:41724:0:15","r04-c05:expanded-facade-max4m:41724:0:17","r04-c05:expanded-facade-max4m:41724:0:18","r04-c05:expanded-facade-max4m:41724:0:2","r04-c05:expanded-facade-max4m:41724:0:3","r04-c05:expanded-facade-max4m:41724:0:4","r04-c05:expanded-facade-max4m:41724:0:5","r04-c05:expanded-facade-max4m:41724:0:6","r04-c05:expanded-facade-max4m:41724:0:7","r04-c05:expanded-facade-max4m:41724:0:8","r04-c05:expanded-facade-max4m:41724:0:9"],"receiver_count":17,"periods":{"D":{"min":50.33516,"max":60.684963,"receiver_count":17,"unavailable_count":0},"E":{"min":48.11667,"max":58.466473,"receiver_count":17,"unavailable_count":0},"N":{"min":43.34546,"max":53.695263,"receiver_count":17,"unavailable_count":0}}}},{"type":"Feature","id":"lariac:201700286801","geometry":{"type":"Polygon","coordinates":[[[-118.54444942863775,34.185766590297725],[-118.54444948949153,34.18577176578757],[-118.54446060530925,34.185771676083434],[-118.54446054166007,34.18576623825688],[-118.54450195992315,34.18576590305517],[-118.5445019885547,34.1857682983285],[-118.544524185475,34.18576811906589],[-118.54452416500199,34.18576630975935],[-118.5445580212121,34.185766035628255],[-118.54455549706498,34.1855507429723],[-118.54454783198061,34.185550805429585],[-118.54454749969923,34.18552246599017],[-118.54439857619964,34.185523671888],[-118.54439884529071,34.185546651031764],[-118.54438569445259,34.185546758003476],[-118.5443857695311,34.185553118057996],[-118.54429528222643,34.18555384984412],[-118.54429648244424,34.18565630040313],[-118.54444140691163,34.18565517844543],[-118.54444203526545,34.18570880936757],[-118.54438962055022,34.185709233710305],[-118.54439029796958,34.18576706921265],[-118.54444942863775,34.185766590297725]]]},"properties":{"building_pk":41745,"building_key":"lariac:201700286801","source_tile":"r04-c05","source_tile_ids":["r04-c05"],"source_bld_id":"201700286801","height_m":5.569,"receiver_ids":[176663,176664,176665,176666,176667,176668,176669,176670,176671,176672,176673,176674,176675,176676,176677,176678,176679,176680,176681,176682],"receiver_keys":["r04-c05:expanded-facade-max4m:41745:0:10","r04-c05:expanded-facade-max4m:41745:0:16","r04-c05:expanded-facade-max4m:41745:0:17","r04-c05:expanded-facade-max4m:41745:0:18","r04-c05:expanded-facade-max4m:41745:0:2","r04-c05:expanded-facade-max4m:41745:0:21","r04-c05:expanded-facade-max4m:41745:0:22","r04-c05:expanded-facade-max4m:41745:0:23","r04-c05:expanded-facade-max4m:41745:0:24","r04-c05:expanded-facade-max4m:41745:0:26","r04-c05:expanded-facade-max4m:41745:0:27","r04-c05:expanded-facade-max4m:41745:0:28","r04-c05:expanded-facade-max4m:41745:0:29","r04-c05:expanded-facade-max4m:41745:0:3","r04-c05:expanded-facade-max4m:41745:0:4","r04-c05:expanded-facade-max4m:41745:0:5","r04-c05:expanded-facade-max4m:41745:0:6","r04-c05:expanded-facade-max4m:41745:0:7","r04-c05:expanded-facade-max4m:41745:0:8","r04-c05:expanded-facade-max4m:41745:0:9"],"receiver_count":20,"periods":{"D":{"min":49.05621,"max":67.366295,"receiver_count":20,"unavailable_count":0},"E":{"min":46.837723,"max":65.147804,"receiver_count":20,"unavailable_count":0},"N":{"min":42.06651,"max":60.376595,"receiver_count":20,"unavailable_count":0}}}},{"type":"Feature","id":"lariac:398155888692","geometry":{"type":"Polygon","coordinates":[[[-118.54084964175588,34.18091449437153],[-118.54071064455675,34.18091468762595],[-118.54071059391491,34.18092211476955],[-118.54077054075906,34.180922396695046],[-118.54077035879435,34.18094539769212],[-118.54057947348414,34.18094446415725],[-118.54057920160585,34.180984255905905],[-118.5405896831799,34.18098431904576],[-118.54058954421536,34.181003747032435],[-118.54060359696732,34.18100382125551],[-118.54060325341108,34.181052818085995],[-118.54058420735794,34.18105273823323],[-118.5405842552339,34.1810447142801],[-118.54056977182866,34.181044641979625],[-118.54056914800334,34.181132137782456],[-118.54056842121898,34.181132141030794],[-118.54056811160996,34.181176328875246],[-118.540663042071,34.181176811503306],[-118.540663350387,34.18113243163531],[-118.54070339218637,34.1811326375911],[-118.54070377607972,34.181079490773925],[-118.54066376684841,34.18107928467275],[-118.54066392286471,34.18105746571573],[-118.54070958616767,34.181057701533774],[-118.54070975143145,34.181032117688744],[-118.54084290525692,34.18103278629735],[-118.54084327091253,34.180982030454935],[-118.54083689005253,34.18098200399416],[-118.54083714010207,34.18094924798925],[-118.54084944097917,34.18094933091904],[-118.54084964175588,34.18091449437153]]]},"properties":{"building_pk":42114,"building_key":"lariac:398155888692","source_tile":"r04-c05","source_tile_ids":["r04-c05"],"source_bld_id":"398155888692","height_m":4.633,"receiver_ids":[176765,176766,176767,176768,176769,176770,176771,176772,176773,176774,176775,176776,176777,176778,176779,176780,176781,176782],"receiver_keys":["r04-c05:expanded-facade-max4m:42114:0:10","r04-c05:expanded-facade-max4m:42114:0:11","r04-c05:expanded-facade-max4m:42114:0:12","r04-c05:expanded-facade-max4m:42114:0:13","r04-c05:expanded-facade-max4m:42114:0:15","r04-c05:expanded-facade-max4m:42114:0:16","r04-c05:expanded-facade-max4m:42114:0:24","r04-c05:expanded-facade-max4m:42114:0:27","r04-c05:expanded-facade-max4m:42114:0:28","r04-c05:expanded-facade-max4m:42114:0:29","r04-c05:expanded-facade-max4m:42114:0:3","r04-c05:expanded-facade-max4m:42114:0:30","r04-c05:expanded-facade-max4m:42114:0:31","r04-c05:expanded-facade-max4m:42114:0:32","r04-c05:expanded-facade-max4m:42114:0:33","r04-c05:expanded-facade-max4m:42114:0:34","r04-c05:expanded-facade-max4m:42114:0:8","r04-c05:expanded-facade-max4m:42114:0:9"],"receiver_count":18,"periods":{"D":{"min":50.476963,"max":63.95282,"receiver_count":18,"unavailable_count":0},"E":{"min":48.258476,"max":61.734333,"receiver_count":18,"unavailable_count":0},"N":{"min":43.487263,"max":56.96312,"receiver_count":18,"unavailable_count":0}}}},{"type":"Feature","id":"lariac:399248890059","geometry":{"type":"Polygon","coordinates":[[[-118.53711324213755,34.184722455820285],[-118.53703558640356,34.18470958311112],[-118.53700502680942,34.18483700232162],[-118.53708268157227,34.18484987505529],[-118.53711324213755,34.184722455820285]]]},"properties":{"building_pk":42170,"building_key":"lariac:399248890059","source_tile":"r04-c05","source_tile_ids":["r04-c05"],"source_bld_id":"399248890059","height_m":5.447,"receiver_ids":[176836,176837,176838,176839,176840,176841,176842,176843,176844],"receiver_keys":["r04-c05:expanded-facade-max4m:42170:0:1","r04-c05:expanded-facade-max4m:42170:0:2","r04-c05:expanded-facade-max4m:42170:0:3","r04-c05:expanded-facade-max4m:42170:0:4","r04-c05:expanded-facade-max4m:42170:0:5","r04-c05:expanded-facade-max4m:42170:0:6","r04-c05:expanded-facade-max4m:42170:0:7","r04-c05:expanded-facade-max4m:42170:0:8","r04-c05:expanded-facade-max4m:42170:0:9"],"receiver_count":9,"periods":{"D":{"min":49.16072,"max":57.127487,"receiver_count":9,"unavailable_count":0},"E":{"min":46.942234,"max":54.909,"receiver_count":9,"unavailable_count":0},"N":{"min":42.17102,"max":50.137787,"receiver_count":9,"unavailable_count":0}}}},{"type":"Feature","id":"lariac:399368890146","geometry":{"type":"Polygon","coordinates":[[[-118.53668845995685,34.18499726388458],[-118.53663617820435,34.18499653481124],[-118.5366353307825,34.185039570146586],[-118.53668761256775,34.18504030012182],[-118.53668845995685,34.18499726388458]]]},"properties":{"building_pk":43100,"building_key":"lariac:399368890146","source_tile":"r04-c05","source_tile_ids":["r04-c05"],"source_bld_id":"399368890146","height_m":3.487,"receiver_ids":[176980,176981,176982],"receiver_keys":["r04-c05:expanded-facade-max4m:43100:0:1","r04-c05:expanded-facade-max4m:43100:0:4","r04-c05:expanded-facade-max4m:43100:0:5"],"receiver_count":3,"periods":{"D":{"min":56.503124,"max":57.14455,"receiver_count":3,"unavailable_count":0},"E":{"min":54.284637,"max":54.926064,"receiver_count":3,"unavailable_count":0},"N":{"min":49.513424,"max":50.15485,"receiver_count":3,"unavailable_count":0}}}},{"type":"Feature","id":"lariac:396999890090","geometry":{"type":"Polygon","coordinates":[[[-118.54455669128629,34.18494481081414],[-118.54455804279303,34.18485808071012],[-118.54454286481852,34.184857902021136],[-118.54454384746178,34.18479562976049],[-118.54434163676656,34.18479343505403],[-118.54433930115536,34.18494243741961],[-118.54455669128629,34.18494481081414]]]},"properties":{"building_pk":46187,"building_key":"lariac:396999890090","source_tile":"r04-c05","source_tile_ids":["r04-c05"],"source_bld_id":"396999890090","height_m":5.572,"receiver_ids":[178266,178267,178268,178269,178270,178271,178272,178273,178274,178275,178276,178277,178278,178279,178280,178281,178282],"receiver_keys":["r04-c05:expanded-facade-max4m:46187:0:1","r04-c05:expanded-facade-max4m:46187:0:10","r04-c05:expanded-facade-max4m:46187:0:11","r04-c05:expanded-facade-max4m:46187:0:12","r04-c05:expanded-facade-max4m:46187:0:13","r04-c05:expanded-facade-max4m:46187:0:14","r04-c05:expanded-facade-max4m:46187:0:15","r04-c05:expanded-facade-max4m:46187:0:16","r04-c05:expanded-facade-max4m:46187:0:17","r04-c05:expanded-facade-max4m:46187:0:18","r04-c05:expanded-facade-max4m:46187:0:19","r04-c05:expanded-facade-max4m:46187:0:2","r04-c05:expanded-facade-max4m:46187:0:3","r04-c05:expanded-facade-max4m:46187:0:4","r04-c05:expanded-facade-max4m:46187:0:5","r04-c05:expanded-facade-max4m:46187:0:8","r04-c05:expanded-facade-max4m:46187:0:9"],"receiver_count":17,"periods":{"D":{"min":53.6735,"max":67.7444,"receiver_count":17,"unavailable_count":0},"E":{"min":51.455013,"max":65.52591,"receiver_count":17,"unavailable_count":0},"N":{"min":46.6838,"max":60.754696,"receiver_count":17,"unavailable_count":0}}}},{"type":"Feature","id":"lariac:396705889551","geometry":{"type":"Polygon","coordinates":[[[-118.54553758514477,34.1833287211836],[-118.54546531442752,34.18332881363414],[-118.54546535337533,34.18333162176796],[-118.54543364521902,34.183331929744874],[-118.54543397661442,34.18335726434059],[-118.54546889139395,34.18335694190228],[-118.5454689988316,34.18336326124103],[-118.54550437555375,34.183362909662854],[-118.54550426164947,34.18335560045804],[-118.54553306061356,34.183355333532134],[-118.54553285170812,34.183338627061495],[-118.54550345829567,34.183338897569875],[-118.54550338950544,34.18333334707392],[-118.54553764255827,34.1833330276002],[-118.54553758514477,34.1833287211836]]]},"properties":{"building_pk":47364,"building_key":"lariac:396705889551","source_tile":"r04-c05","source_tile_ids":["r04-c05"],"source_bld_id":"396705889551","height_m":3.99,"receiver_ids":[179608,179609,179610,179611],"receiver_keys":["r04-c05:expanded-facade-max4m:47364:0:3","r04-c05:expanded-facade-max4m:47364:0:4","r04-c05:expanded-facade-max4m:47364:0:6","r04-c05:expanded-facade-max4m:47364:0:7"],"receiver_count":4,"periods":{"D":{"min":58.426186,"max":60.84324,"receiver_count":4,"unavailable_count":0},"E":{"min":56.2077,"max":58.624752,"receiver_count":4,"unavailable_count":0},"N":{"min":51.436485,"max":53.85354,"receiver_count":4,"unavailable_count":0}}}},{"type":"Feature","id":"lariac:397093888695","geometry":{"type":"Polygon","coordinates":[[[-118.5442224949676,34.18104702939192],[-118.54422106347405,34.18094901727647],[-118.54407456574621,34.18095050129233],[-118.54407478165054,34.18096349787937],[-118.54406783942457,34.18096355615481],[-118.544068519222,34.1810121363952],[-118.54408501774981,34.181011980136496],[-118.54408520218786,34.181025141847506],[-118.54409399699185,34.181025047289225],[-118.54409434708572,34.181048319971225],[-118.5442224949676,34.18104702939192]]]},"properties":{"building_pk":47406,"building_key":"lariac:397093888695","source_tile":"r04-c05","source_tile_ids":["r04-c05"],"source_bld_id":"397093888695","height_m":8.672,"receiver_ids":[179628,179629,179630,179631,179632,179633],"receiver_keys":["r04-c05:expanded-facade-max4m:47406:0:1","r04-c05:expanded-facade-max4m:47406:0:10","r04-c05:expanded-facade-max4m:47406:0:2","r04-c05:expanded-facade-max4m:47406:0:3","r04-c05:expanded-facade-max4m:47406:0:7","r04-c05:expanded-facade-max4m:47406:0:8"],"receiver_count":6,"periods":{"D":{"min":52.012638,"max":64.1806,"receiver_count":6,"unavailable_count":0},"E":{"min":49.79415,"max":61.962116,"receiver_count":6,"unavailable_count":0},"N":{"min":45.022938,"max":57.190903,"receiver_count":6,"unavailable_count":0}}}},{"type":"Feature","id":"lariac:396592890463","geometry":{"type":"Polygon","coordinates":[[[-118.54592668547821,34.18580678313537],[-118.54579720846857,34.18580832940981],[-118.54579753931226,34.18582858020149],[-118.54576113584962,34.18582901853399],[-118.5457622620779,34.185895128181855],[-118.54580451795975,34.185894635492325],[-118.54580458336152,34.18589966400968],[-118.54586525506005,34.18589892321364],[-118.54586536163546,34.18590510552149],[-118.54592838087574,34.18590435409935],[-118.54592668547821,34.18580678313537]]]},"properties":{"building_pk":47441,"building_key":"lariac:396592890463","source_tile":"r04-c05","source_tile_ids":["r04-c05"],"source_bld_id":"396592890463","height_m":6.398,"receiver_ids":[179688,179689,179690,179691,179692,179693,179694,179695,179696,179697,179698,179699,179700],"receiver_keys":["r04-c05:expanded-facade-max4m:47441:0:1","r04-c05:expanded-facade-max4m:47441:0:11","r04-c05:expanded-facade-max4m:47441:0:12","r04-c05:expanded-facade-max4m:47441:0:13","r04-c05:expanded-facade-max4m:47441:0:14","r04-c05:expanded-facade-max4m:47441:0:2","r04-c05:expanded-facade-max4m:47441:0:3","r04-c05:expanded-facade-max4m:47441:0:4","r04-c05:expanded-facade-max4m:47441:0:5","r04-c05:expanded-facade-max4m:47441:0:6","r04-c05:expanded-facade-max4m:47441:0:7","r04-c05:expanded-facade-max4m:47441:0:8","r04-c05:expanded-facade-max4m:47441:0:9"],"receiver_count":13,"periods":{"D":{"min":53.285454,"max":58.444553,"receiver_count":13,"unavailable_count":0},"E":{"min":51.066967,"max":56.226067,"receiver_count":13,"unavailable_count":0},"N":{"min":46.295753,"max":51.454853,"receiver_count":13,"unavailable_count":0}}}},{"type":"Feature","id":"lariac:396562888562","geometry":{"type":"Polygon","coordinates":[[[-118.54590103913706,34.18076423337322],[-118.54598284892269,34.18076556800916],[-118.54598391301516,34.180721074714945],[-118.54599925674958,34.1807213354134],[-118.54600002735884,34.18064505229872],[-118.54598437374278,34.18064484528878],[-118.5459864715426,34.18055602382016],[-118.54585955867411,34.18055395875763],[-118.54585870191309,34.18058985038521],[-118.54581029067589,34.18058905192511],[-118.54580847170094,34.18066495751427],[-118.54590334352496,34.18066650732564],[-118.54590103913706,34.18076423337322]]]},"properties":{"building_pk":47533,"building_key":"lariac:396562888562","source_tile":"r04-c05","source_tile_ids":["r04-c05"],"source_bld_id":"396562888562","height_m":4.27,"receiver_ids":[179789,179790,179791,179792,179793,179794,179795,179796,179797,179798,179799,179800,179801,179802,179803,179804,179805,179806],"receiver_keys":["r04-c05:expanded-facade-max4m:47533:0:1","r04-c05:expanded-facade-max4m:47533:0:10","r04-c05:expanded-facade-max4m:47533:0:11","r04-c05:expanded-facade-max4m:47533:0:12","r04-c05:expanded-facade-max4m:47533:0:14","r04-c05:expanded-facade-max4m:47533:0:15","r04-c05:expanded-facade-max4m:47533:0:16","r04-c05:expanded-facade-max4m:47533:0:17","r04-c05:expanded-facade-max4m:47533:0:18","r04-c05:expanded-facade-max4m:47533:0:19","r04-c05:expanded-facade-max4m:47533:0:2","r04-c05:expanded-facade-max4m:47533:0:20","r04-c05:expanded-facade-max4m:47533:0:21","r04-c05:expanded-facade-max4m:47533:0:3","r04-c05:expanded-facade-max4m:47533:0:4","r04-c05:expanded-facade-max4m:47533:0:7","r04-c05:expanded-facade-max4m:47533:0:8","r04-c05:expanded-facade-max4m:47533:0:9"],"receiver_count":18,"periods":{"D":{"min":60.09938,"max":67.24853,"receiver_count":18,"unavailable_count":0},"E":{"min":57.880894,"max":65.030045,"receiver_count":18,"unavailable_count":0},"N":{"min":53.10968,"max":60.25883,"receiver_count":18,"unavailable_count":0}}}},{"type":"Feature","id":"lariac:396795890580","geometry":{"type":"Polygon","coordinates":[[[-118.54513993545858,34.18620594801245],[-118.54528378406492,34.186207553462935],[-118.54528496129986,34.18615489798712],[-118.54521032375186,34.18615375050298],[-118.54521052082481,34.186143554955244],[-118.5451413731824,34.18614249267069],[-118.54513993545858,34.18620594801245]]]},"properties":{"building_pk":47619,"building_key":"lariac:396795890580","source_tile":"r04-c05","source_tile_ids":["r04-c05"],"source_bld_id":"396795890580","height_m":4.084,"receiver_ids":[179867,179868,179869,179870,179871,179872,179873,179874,179875],"receiver_keys":["r04-c05:expanded-facade-max4m:47619:0:1","r04-c05:expanded-facade-max4m:47619:0:2","r04-c05:expanded-facade-max4m:47619:0:3","r04-c05:expanded-facade-max4m:47619:0:4","r04-c05:expanded-facade-max4m:47619:0:5","r04-c05:expanded-facade-max4m:47619:0:6","r04-c05:expanded-facade-max4m:47619:0:7","r04-c05:expanded-facade-max4m:47619:0:8","r04-c05:expanded-facade-max4m:47619:0:9"],"receiver_count":9,"periods":{"D":{"min":57.80659,"max":61.38219,"receiver_count":9,"unavailable_count":0},"E":{"min":55.588104,"max":59.163704,"receiver_count":9,"unavailable_count":0},"N":{"min":50.81689,"max":54.39249,"receiver_count":9,"unavailable_count":0}}}},{"type":"Feature","id":"lariac:397067890525","geometry":{"type":"Polygon","coordinates":[[[-118.5442320860768,34.18602311015249],[-118.54423250058721,34.186033948451616],[-118.54430063780848,34.186032130861726],[-118.54430029103118,34.18602303133628],[-118.5442320860768,34.18602311015249]]]},"properties":{"building_pk":47814,"building_key":"lariac:397067890525","source_tile":"r04-c05","source_tile_ids":["r04-c05"],"source_bld_id":"397067890525","height_m":1.695,"receiver_ids":[180229,180230],"receiver_keys":["r04-c05:expanded-facade-max4m:47814:0:1","r04-c05:expanded-facade-max4m:47814:0:2"],"receiver_count":2,"periods":{"D":{"min":59.204098,"max":59.3197,"receiver_count":2,"unavailable_count":0},"E":{"min":56.98561,"max":57.10121,"receiver_count":2,"unavailable_count":0},"N":{"min":52.2144,"max":52.329998,"receiver_count":2,"unavailable_count":0}}}},{"type":"Feature","id":"lariac:397163889151","geometry":{"type":"Polygon","coordinates":[[[-118.54382982220632,34.18225500456958],[-118.54391264658311,34.182255168550924],[-118.54391256060752,34.18227245333702],[-118.54396887192733,34.18227269413502],[-118.54396899043437,34.182255409202575],[-118.54397160273558,34.18225542540153],[-118.5439717485959,34.182232012552184],[-118.543829784633,34.18223140322119],[-118.54382982220632,34.18225500456958]]]},"properties":{"building_pk":48426,"building_key":"lariac:397163889151","source_tile":"r04-c05","source_tile_ids":["r04-c05"],"source_bld_id":"397163889151","height_m":3.368,"receiver_ids":[180853,180854,180855,180856,180857,180858,180859,180860,180861],"receiver_keys":["r04-c05:expanded-facade-max4m:48426:0:1","r04-c05:expanded-facade-max4m:48426:0:2","r04-c05:expanded-facade-max4m:48426:0:3","r04-c05:expanded-facade-max4m:48426:0:4","r04-c05:expanded-facade-max4m:48426:0:5","r04-c05:expanded-facade-max4m:48426:0:6","r04-c05:expanded-facade-max4m:48426:0:7","r04-c05:expanded-facade-max4m:48426:0:8","r04-c05:expanded-facade-max4m:48426:0:9"],"receiver_count":9,"periods":{"D":{"min":48.42908,"max":57.457554,"receiver_count":9,"unavailable_count":0},"E":{"min":46.21059,"max":55.239067,"receiver_count":9,"unavailable_count":0},"N":{"min":41.43938,"max":50.467854,"receiver_count":9,"unavailable_count":0}}}},{"type":"Feature","id":"lariac:397093888653","geometry":{"type":"Polygon","coordinates":[[[-118.54422233774596,34.180931480120094],[-118.54422229204879,34.18083304976356],[-118.54407442928228,34.18083311097535],[-118.54407443937038,34.18084998332382],[-118.54406574384154,34.1808499944922],[-118.54406577999589,34.18089618673359],[-118.54409431396198,34.180896168361556],[-118.54409434669115,34.18093150603003],[-118.54422233774596,34.180931480120094]]]},"properties":{"building_pk":48573,"building_key":"lariac:397093888653","source_tile":"r04-c05","source_tile_ids":["r04-c05"],"source_bld_id":"397093888653","height_m":8.449,"receiver_ids":[180983,180984,180985,180986,180987,180988,180989],"receiver_keys":["r04-c05:expanded-facade-max4m:48573:0:1","r04-c05:expanded-facade-max4m:48573:0:10","r04-c05:expanded-facade-max4m:48573:0:2","r04-c05:expanded-facade-max4m:48573:0:3","r04-c05:expanded-facade-max4m:48573:0:7","r04-c05:expanded-facade-max4m:48573:0:8","r04-c05:expanded-facade-max4m:48573:0:9"],"receiver_count":7,"periods":{"D":{"min":53.22123,"max":64.477554,"receiver_count":7,"unavailable_count":0},"E":{"min":51.002743,"max":62.25907,"receiver_count":7,"unavailable_count":0},"N":{"min":46.23153,"max":57.487858,"receiver_count":7,"unavailable_count":0}}}},{"type":"Feature","id":"lariac:399652888875","geometry":{"type":"Polygon","coordinates":[[[-118.53581239936045,34.18129361339264],[-118.53544783769772,34.181294485928305],[-118.53544808461234,34.18136397941227],[-118.53547658584479,34.181363908224874],[-118.53547670391274,34.181392650711224],[-118.53544800416006,34.18139272277753],[-118.53544841695624,34.181513820777155],[-118.53547695078252,34.18151374944563],[-118.53547707065702,34.181547850698415],[-118.5354483372235,34.18154792291364],[-118.5354487422778,34.18166781287951],[-118.53547611980257,34.181667746667436],[-118.53547620829407,34.18169712126677],[-118.53544883184443,34.18169718747405],[-118.53544907488374,34.181766076039786],[-118.53581400199951,34.18176520189044],[-118.53581239936045,34.18129361339264]],[[-118.53563012889404,34.18161026477624],[-118.53563013692494,34.1816011970163],[-118.53559168367903,34.18160125731619],[-118.53559170818679,34.18161032493198],[-118.53553589644612,34.181610435035005],[-118.53553546231717,34.18144998655963],[-118.53559058079084,34.18144987952636],[-118.53559060811911,34.18145938708291],[-118.53562962428866,34.18145932429008],[-118.53562959569784,34.18144978969287],[-118.53568239929956,34.181449692869364],[-118.53568283280512,34.181610169296086],[-118.53563012889404,34.18161026477624]]]},"properties":{"building_pk":49842,"building_key":"lariac:399652888875","source_tile":"r04-c05","source_tile_ids":["r04-c05"],"source_bld_id":"399652888875","height_m":13.076,"receiver_ids":[182070,182071,182072,182073,182074,182075,182076,182077,182078,182079,182080,182081,182082,182083,182084,182085,182086,182087,182088,182089,182090,182091,182092,182093,182094,182095,182096,182097,182098,182099,182100,182101,182102,182103,182104,182105,182106],"receiver_keys":["r04-c05:expanded-facade-max4m:49842:0:10","r04-c05:expanded-facade-max4m:49842:0:11","r04-c05:expanded-facade-max4m:49842:0:12","r04-c05:expanded-facade-max4m:49842:0:13","r04-c05:expanded-facade-max4m:49842:0:14","r04-c05:expanded-facade-max4m:49842:0:15","r04-c05:expanded-facade-max4m:49842:0:16","r04-c05:expanded-facade-max4m:49842:0:19","r04-c05:expanded-facade-max4m:49842:0:20","r04-c05:expanded-facade-max4m:49842:0:21","r04-c05:expanded-facade-max4m:49842:0:22","r04-c05:expanded-facade-max4m:49842:0:23","r04-c05:expanded-facade-max4m:49842:0:24","r04-c05:expanded-facade-max4m:49842:0:25","r04-c05:expanded-facade-max4m:49842:0:26","r04-c05:expanded-facade-max4m:49842:0:27","r04-c05:expanded-facade-max4m:49842:0:28","r04-c05:expanded-facade-max4m:49842:0:29","r04-c05:expanded-facade-max4m:49842:0:30","r04-c05:expanded-facade-max4m:49842:0:31","r04-c05:expanded-facade-max4m:49842:0:32","r04-c05:expanded-facade-max4m:49842:0:33","r04-c05:expanded-facade-max4m:49842:0:34","r04-c05:expanded-facade-max4m:49842:0:35","r04-c05:expanded-facade-max4m:49842:0:36","r04-c05:expanded-facade-max4m:49842:0:37","r04-c05:expanded-facade-max4m:49842:0:38","r04-c05:expanded-facade-max4m:49842:0:39","r04-c05:expanded-facade-max4m:49842:0:40","r04-c05:expanded-facade-max4m:49842:0:41","r04-c05:expanded-facade-max4m:49842:0:42","r04-c05:expanded-facade-max4m:49842:0:43","r04-c05:expanded-facade-max4m:49842:0:44","r04-c05:expanded-facade-max4m:49842:0:45","r04-c05:expanded-facade-max4m:49842:0:46","r04-c05:expanded-facade-max4m:49842:0:47","r04-c05:expanded-facade-max4m:49842:0:9"],"receiver_count":37,"periods":{"D":{"min":48.439056,"max":69.10975,"receiver_count":37,"unavailable_count":0},"E":{"min":46.220566,"max":66.89126,"receiver_count":37,"unavailable_count":0},"N":{"min":41.449356,"max":62.120045,"receiver_count":37,"unavailable_count":0}}}},{"type":"Feature","id":"lariac:399658888754","geometry":{"type":"Polygon","coordinates":[[[-118.5358614209423,34.18127198365118],[-118.53586098397199,34.18112708591101],[-118.53546813602247,34.18112894390382],[-118.53546923070405,34.181272476498336],[-118.5358614209423,34.18127198365118]]]},"properties":{"building_pk":49843,"building_key":"lariac:399658888754","source_tile":"r04-c05","source_tile_ids":["r04-c05"],"source_bld_id":"399658888754","height_m":5.767,"receiver_ids":[182107,182108,182109,182110,182111,182112,182113,182114,182115,182116,182117,182118,182119,182120],"receiver_keys":["r04-c05:expanded-facade-max4m:49843:0:1","r04-c05:expanded-facade-max4m:49843:0:15","r04-c05:expanded-facade-max4m:49843:0:16","r04-c05:expanded-facade-max4m:49843:0:17","r04-c05:expanded-facade-max4m:49843:0:18","r04-c05:expanded-facade-max4m:49843:0:2","r04-c05:expanded-facade-max4m:49843:0:27","r04-c05:expanded-facade-max4m:49843:0:3","r04-c05:expanded-facade-max4m:49843:0:4","r04-c05:expanded-facade-max4m:49843:0:5","r04-c05:expanded-facade-max4m:49843:0:6","r04-c05:expanded-facade-max4m:49843:0:7","r04-c05:expanded-facade-max4m:49843:0:8","r04-c05:expanded-facade-max4m:49843:0:9"],"receiver_count":14,"periods":{"D":{"min":61.080513,"max":70.671875,"receiver_count":14,"unavailable_count":0},"E":{"min":58.862026,"max":68.453384,"receiver_count":14,"unavailable_count":0},"N":{"min":54.090813,"max":63.68217,"receiver_count":14,"unavailable_count":0}}}},{"type":"Feature","id":"lariac:399484889229","geometry":{"type":"Polygon","coordinates":[[[-118.53679466460149,34.18255269177995],[-118.5367946148044,34.18254494233263],[-118.53685284043628,34.182544766844586],[-118.53685159947428,34.182269294001344],[-118.53679360509571,34.18226946936486],[-118.53679354841681,34.182260648914415],[-118.53630330731605,34.18226216377451],[-118.53630327962176,34.182257850011545],[-118.5362455824706,34.18225802289285],[-118.53624574049816,34.18229294888967],[-118.5362359537208,34.18229299228053],[-118.53623697150606,34.18252353678768],[-118.53624355064247,34.182523507618406],[-118.53624369702602,34.182556619761414],[-118.5363022207999,34.18255641526868],[-118.53630220651,34.18255418942111],[-118.53679466460149,34.18255269177995]],[[-118.53679849736605,34.18235672067335],[-118.53679812434567,34.18245820277509],[-118.53629539865003,34.1824569160153],[-118.53629577210755,34.18235540686953],[-118.53679849736605,34.18235672067335]]]},"properties":{"building_pk":49913,"building_key":"lariac:399484889229","source_tile":"r04-c05","source_tile_ids":["r04-c05"],"source_bld_id":"399484889229","height_m":8.26,"receiver_ids":[182149,182150,182151,182152,182153,182154,182155,182156,182157,182158,182159,182160,182161,182162,182163,182164,182165,182166,182167,182168,182169,182170,182171,182172,182173,182174,182175,182176,182177,182178,182179,182180,182181,182182,182183,182184,182185,182186,182187,182188,182189,182190],"receiver_keys":["r04-c05:expanded-facade-max4m:49913:0:1","r04-c05:expanded-facade-max4m:49913:0:10","r04-c05:expanded-facade-max4m:49913:0:11","r04-c05:expanded-facade-max4m:49913:0:12","r04-c05:expanded-facade-max4m:49913:0:13","r04-c05:expanded-facade-max4m:49913:0:14","r04-c05:expanded-facade-max4m:49913:0:15","r04-c05:expanded-facade-max4m:49913:0:16","r04-c05:expanded-facade-max4m:49913:0:17","r04-c05:expanded-facade-max4m:49913:0:18","r04-c05:expanded-facade-max4m:49913:0:19","r04-c05:expanded-facade-max4m:49913:0:2","r04-c05:expanded-facade-max4m:49913:0:20","r04-c05:expanded-facade-max4m:49913:0:21","r04-c05:expanded-facade-max4m:49913:0:22","r04-c05:expanded-facade-max4m:49913:0:23","r04-c05:expanded-facade-max4m:49913:0:24","r04-c05:expanded-facade-max4m:49913:0:25","r04-c05:expanded-facade-max4m:49913:0:26","r04-c05:expanded-facade-max4m:49913:0:27","r04-c05:expanded-facade-max4m:49913:0:28","r04-c05:expanded-facade-max4m:49913:0:29","r04-c05:expanded-facade-max4m:49913:0:3","r04-c05:expanded-facade-max4m:49913:0:30","r04-c05:expanded-facade-max4m:49913:0:31","r04-c05:expanded-facade-max4m:49913:0:32","r04-c05:expanded-facade-max4m:49913:0:36","r04-c05:expanded-facade-max4m:49913:0:37","r04-c05:expanded-facade-max4m:49913:0:38","r04-c05:expanded-facade-max4m:49913:0:39","r04-c05:expanded-facade-max4m:49913:0:4","r04-c05:expanded-facade-max4m:49913:0:40","r04-c05:expanded-facade-max4m:49913:0:41","r04-c05:expanded-facade-max4m:49913:0:42","r04-c05:expanded-facade-max4m:49913:0:43","r04-c05:expanded-facade-max4m:49913:0:44","r04-c05:expanded-facade-max4m:49913:0:45","r04-c05:expanded-facade-max4m:49913:0:5","r04-c05:expanded-facade-max4m:49913:0:6","r04-c05:expanded-facade-max4m:49913:0:7","r04-c05:expanded-facade-max4m:49913:0:8","r04-c05:expanded-facade-max4m:49913:0:9"],"receiver_count":42,"periods":{"D":{"min":45.029602,"max":68.91078,"receiver_count":42,"unavailable_count":0},"E":{"min":42.811115,"max":66.6923,"receiver_count":42,"unavailable_count":0},"N":{"min":38.0399,"max":61.92108,"receiver_count":42,"unavailable_count":0}}}},{"type":"Feature","id":"lariac:399655889608","geometry":{"type":"Polygon","coordinates":[[[-118.53545191471537,34.18331308233326],[-118.53545208454611,34.18338087224254],[-118.53547979240608,34.183380804569694],[-118.53547988251718,34.18341026210433],[-118.53545233953434,34.18341032904718],[-118.53545264497663,34.183530246502336],[-118.5354797585978,34.183530208506724],[-118.53547984995662,34.183565106850814],[-118.53545227437918,34.183565173937794],[-118.53545255432253,34.18368619048747],[-118.53548102289804,34.183686147394965],[-118.53548110504815,34.18371453212812],[-118.53545177731777,34.183714579925656],[-118.53545192021816,34.1837834148433],[-118.53581963587177,34.18378277539398],[-118.53581847101627,34.18331247595867],[-118.53545191471537,34.18331308233326]],[[-118.5355400293092,34.183467179805696],[-118.53559653919329,34.18346747862011],[-118.5355965131938,34.18347374446257],[-118.53563467165482,34.18347393249331],[-118.53563473128554,34.18346766740349],[-118.53568819926437,34.18346795259998],[-118.53568697605208,34.18362788642549],[-118.5356350290135,34.18362762153878],[-118.53563510392107,34.18361866347084],[-118.53559585392074,34.18361845232563],[-118.53559578147701,34.18362779534167],[-118.53553884190366,34.18362749752741],[-118.5355400293092,34.183467179805696]]]},"properties":{"building_pk":49936,"building_key":"lariac:399655889608","source_tile":"r04-c05","source_tile_ids":["r04-c05"],"source_bld_id":"399655889608","height_m":12.094,"receiver_ids":[182223,182224,182225,182226,182227,182228,182229,182230,182231,182232,182233,182234,182235,182236,182237,182238,182239,182240,182241,182242,182243,182244,182245,182246,182247,182248,182249,182250,182251,182252,182253,182254,182255,182256,182257,182258,182259,182260,182261,182262,182263,182264,182265],"receiver_keys":["r04-c05:expanded-facade-max4m:49936:0:1","r04-c05:expanded-facade-max4m:49936:0:10","r04-c05:expanded-facade-max4m:49936:0:11","r04-c05:expanded-facade-max4m:49936:0:12","r04-c05:expanded-facade-max4m:49936:0:13","r04-c05:expanded-facade-max4m:49936:0:16","r04-c05:expanded-facade-max4m:49936:0:17","r04-c05:expanded-facade-max4m:49936:0:18","r04-c05:expanded-facade-max4m:49936:0:19","r04-c05:expanded-facade-max4m:49936:0:2","r04-c05:expanded-facade-max4m:49936:0:20","r04-c05:expanded-facade-max4m:49936:0:21","r04-c05:expanded-facade-max4m:49936:0:22","r04-c05:expanded-facade-max4m:49936:0:23","r04-c05:expanded-facade-max4m:49936:0:24","r04-c05:expanded-facade-max4m:49936:0:25","r04-c05:expanded-facade-max4m:49936:0:26","r04-c05:expanded-facade-max4m:49936:0:27","r04-c05:expanded-facade-max4m:49936:0:28","r04-c05:expanded-facade-max4m:49936:0:29","r04-c05:expanded-facade-max4m:49936:0:30","r04-c05:expanded-facade-max4m:49936:0:31","r04-c05:expanded-facade-max4m:49936:0:32","r04-c05:expanded-facade-max4m:49936:0:33","r04-c05:expanded-facade-max4m:49936:0:34","r04-c05:expanded-facade-max4m:49936:0:35","r04-c05:expanded-facade-max4m:49936:0:36","r04-c05:expanded-facade-max4m:49936:0:37","r04-c05:expanded-facade-max4m:49936:0:38","r04-c05:expanded-facade-max4m:49936:0:39","r04-c05:expanded-facade-max4m:49936:0:40","r04-c05:expanded-facade-max4m:49936:0:41","r04-c05:expanded-facade-max4m:49936:0:42","r04-c05:expanded-facade-max4m:49936:0:43","r04-c05:expanded-facade-max4m:49936:0:44","r04-c05:expanded-facade-max4m:49936:0:45","r04-c05:expanded-facade-max4m:49936:0:46","r04-c05:expanded-facade-max4m:49936:0:47","r04-c05:expanded-facade-max4m:49936:0:5","r04-c05:expanded-facade-max4m:49936:0:6","r04-c05:expanded-facade-max4m:49936:0:7","r04-c05:expanded-facade-max4m:49936:0:8","r04-c05:expanded-facade-max4m:49936:0:9"],"receiver_count":43,"periods":{"D":{"min":45.10377,"max":68.87479,"receiver_count":43,"unavailable_count":0},"E":{"min":42.885284,"max":66.6563,"receiver_count":43,"unavailable_count":0},"N":{"min":38.11407,"max":61.88509,"receiver_count":43,"unavailable_count":0}}}},{"type":"Feature","id":"lariac:398609888450","geometry":{"type":"Polygon","coordinates":[[[-118.5391124614147,34.18034100699953],[-118.53911239443097,34.18035735408734],[-118.53920163595667,34.18035758824555],[-118.539201698824,34.18034077417628],[-118.5391124614147,34.18034100699953]]]},"properties":{"building_pk":50001,"building_key":"lariac:398609888450","source_tile":"r04-c05","source_tile_ids":["r04-c05"],"source_bld_id":"398609888450","height_m":7.724,"receiver_ids":[182358,182359,182360,182361],"receiver_keys":["r04-c05:expanded-facade-max4m:50001:0:1","r04-c05:expanded-facade-max4m:50001:0:2","r04-c05:expanded-facade-max4m:50001:0:3","r04-c05:expanded-facade-max4m:50001:0:4"],"receiver_count":4,"periods":{"D":{"min":49.933575,"max":60.06534,"receiver_count":4,"unavailable_count":0},"E":{"min":47.715088,"max":57.84685,"receiver_count":4,"unavailable_count":0},"N":{"min":42.943874,"max":53.075638,"receiver_count":4,"unavailable_count":0}}}},{"type":"Feature","id":"lariac:396735889515","geometry":{"type":"Polygon","coordinates":[[[-118.54531957809618,34.18326826407156],[-118.54539035052092,34.183268154122274],[-118.54539036665676,34.183220944699706],[-118.5453195077858,34.183220934232004],[-118.54531957809618,34.18326826407156]]]},"properties":{"building_pk":53619,"building_key":"lariac:396735889515","source_tile":"r04-c05","source_tile_ids":["r04-c05"],"source_bld_id":"396735889515","height_m":4.27,"receiver_ids":[183368,183369,183370,183371,183372,183373],"receiver_keys":["r04-c05:expanded-facade-max4m:53619:0:1","r04-c05:expanded-facade-max4m:53619:0:2","r04-c05:expanded-facade-max4m:53619:0:3","r04-c05:expanded-facade-max4m:53619:0:4","r04-c05:expanded-facade-max4m:53619:0:5","r04-c05:expanded-facade-max4m:53619:0:6"],"receiver_count":6,"periods":{"D":{"min":55.754818,"max":60.367386,"receiver_count":6,"unavailable_count":0},"E":{"min":53.536327,"max":58.1489,"receiver_count":6,"unavailable_count":0},"N":{"min":48.765118,"max":53.377686,"receiver_count":6,"unavailable_count":0}}}},{"type":"Feature","id":"lariac:397164888653","geometry":{"type":"Polygon","coordinates":[[[-118.5439869920486,34.18093229184962],[-118.5439864675676,34.180897560427525],[-118.54401268615491,34.1808973054657],[-118.54401201748674,34.180850429092985],[-118.54400583459433,34.18085048394953],[-118.54400559560685,34.18083410757833],[-118.54385774213499,34.18083559652892],[-118.54385917392707,34.180933553651094],[-118.5439869920486,34.18093229184962]]]},"properties":{"building_pk":53638,"building_key":"lariac:397164888653","source_tile":"r04-c05","source_tile_ids":["r04-c05"],"source_bld_id":"397164888653","height_m":8.921,"receiver_ids":[183379,183380,183381,183382,183383,183384,183385,183386,183387,183388],"receiver_keys":["r04-c05:expanded-facade-max4m:53638:0:1","r04-c05:expanded-facade-max4m:53638:0:10","r04-c05:expanded-facade-max4m:53638:0:2","r04-c05:expanded-facade-max4m:53638:0:3","r04-c05:expanded-facade-max4m:53638:0:4","r04-c05:expanded-facade-max4m:53638:0:5","r04-c05:expanded-facade-max4m:53638:0:6","r04-c05:expanded-facade-max4m:53638:0:7","r04-c05:expanded-facade-max4m:53638:0:8","r04-c05:expanded-facade-max4m:53638:0:9"],"receiver_count":10,"periods":{"D":{"min":51.78082,"max":65.65928,"receiver_count":10,"unavailable_count":0},"E":{"min":49.562332,"max":63.440792,"receiver_count":10,"unavailable_count":0},"N":{"min":44.79112,"max":58.66958,"receiver_count":10,"unavailable_count":0}}}},{"type":"Feature","id":"lariac:396715888678","geometry":{"type":"Polygon","coordinates":[[[-118.54530386821594,34.180961864515126],[-118.5453212276427,34.18096197827559],[-118.54532104271203,34.18097918146942],[-118.54534170882087,34.180979335312074],[-118.54534139300382,34.18100706372016],[-118.5453668867963,34.18100727783119],[-118.54536679967066,34.18101403800059],[-118.5454719159475,34.18101482793514],[-118.54547317138523,34.18089825624607],[-118.54530456834834,34.180896955603686],[-118.54530386821594,34.180961864515126]]]},"properties":{"building_pk":53671,"building_key":"lariac:396715888678","source_tile":"r04-c05","source_tile_ids":["r04-c05"],"source_bld_id":"396715888678","height_m":6.16,"receiver_ids":[183429,183430,183431,183432,183433,183434,183435,183436,183437,183438],"receiver_keys":["r04-c05:expanded-facade-max4m:53671:0:13","r04-c05:expanded-facade-max4m:53671:0:14","r04-c05:expanded-facade-max4m:53671:0:15","r04-c05:expanded-facade-max4m:53671:0:3","r04-c05:expanded-facade-max4m:53671:0:4","r04-c05:expanded-facade-max4m:53671:0:5","r04-c05:expanded-facade-max4m:53671:0:6","r04-c05:expanded-facade-max4m:53671:0:7","r04-c05:expanded-facade-max4m:53671:0:8","r04-c05:expanded-facade-max4m:53671:0:9"],"receiver_count":10,"periods":{"D":{"min":53.58739,"max":61.26464,"receiver_count":10,"unavailable_count":0},"E":{"min":51.368904,"max":59.046154,"receiver_count":10,"unavailable_count":0},"N":{"min":46.59769,"max":54.27494,"receiver_count":10,"unavailable_count":0}}}},{"type":"Feature","id":"lariac:396758889613","geometry":{"type":"Polygon","coordinates":[[[-118.54534890441472,34.18359105588],[-118.54536745975959,34.18358168360766],[-118.54536763984855,34.183563739366015],[-118.54535297540554,34.18355611080951],[-118.54535232870923,34.18345705207424],[-118.54522985891818,34.183457604215306],[-118.54522988833304,34.183462110900926],[-118.54519067343797,34.183462287670615],[-118.54519056924305,34.183446322698316],[-118.54517473141843,34.18344639408713],[-118.54517478682975,34.18345488457838],[-118.54511315598981,34.18345516235905],[-118.54511324851592,34.18346934142535],[-118.54510947889564,34.18346935841466],[-118.54510967613594,34.18349958449148],[-118.54511308127039,34.18349956914488],[-118.5451131875978,34.18351586317109],[-118.54517789492832,34.183515571523564],[-118.54517801920744,34.183534614276454],[-118.54517226515607,34.183534585218204],[-118.5451719507109,34.18356236771267],[-118.54517753879226,34.18356239751901],[-118.54517716527113,34.18359625398139],[-118.54527196795391,34.183597007649794],[-118.54527189918917,34.183601762702665],[-118.5453315856226,34.18360223557913],[-118.54533171023105,34.1835909134281],[-118.54534890441472,34.18359105588]]]},"properties":{"building_pk":53675,"building_key":"lariac:396758889613","source_tile":"r04-c05","source_tile_ids":["r04-c05"],"source_bld_id":"396758889613","height_m":9.552,"receiver_ids":[183439,183440,183441,183442,183443,183444,183445,183446,183447,183448,183449,183450,183451,183452,183453,183454,183455,183456,183457],"receiver_keys":["r04-c05:expanded-facade-max4m:53675:0:1","r04-c05:expanded-facade-max4m:53675:0:10","r04-c05:expanded-facade-max4m:53675:0:11","r04-c05:expanded-facade-max4m:53675:0:12","r04-c05:expanded-facade-max4m:53675:0:13","r04-c05:expanded-facade-max4m:53675:0:14","r04-c05:expanded-facade-max4m:53675:0:15","r04-c05:expanded-facade-max4m:53675:0:17","r04-c05:expanded-facade-max4m:53675:0:18","r04-c05:expanded-facade-max4m:53675:0:19","r04-c05:expanded-facade-max4m:53675:0:2","r04-c05:expanded-facade-max4m:53675:0:20","r04-c05:expanded-facade-max4m:53675:0:3","r04-c05:expanded-facade-max4m:53675:0:4","r04-c05:expanded-facade-max4m:53675:0:5","r04-c05:expanded-facade-max4m:53675:0:6","r04-c05:expanded-facade-max4m:53675:0:7","r04-c05:expanded-facade-max4m:53675:0:8","r04-c05:expanded-facade-max4m:53675:0:9"],"receiver_count":19,"periods":{"D":{"min":54.54815,"max":69.3449,"receiver_count":19,"unavailable_count":0},"E":{"min":52.329662,"max":67.12641,"receiver_count":19,"unavailable_count":0},"N":{"min":47.55845,"max":62.355198,"receiver_count":19,"unavailable_count":0}}}},{"type":"Feature","id":"lariac:396688890281","geometry":{"type":"Polygon","coordinates":[[[-118.54553821098385,34.18538450549865],[-118.54553821930054,34.18538079560762],[-118.54556378007179,34.18538092824213],[-118.54556372675577,34.18538788028832],[-118.54557569724226,34.18538793628279],[-118.54557575073392,34.18538101128213],[-118.54558520862241,34.18538105066117],[-118.54558577987804,34.18531171844984],[-118.5455432894711,34.18531147105289],[-118.54554353205643,34.185282836020086],[-118.54547511642835,34.18528245760431],[-118.54547425835368,34.18538413490026],[-118.54553821098385,34.18538450549865]]]},"properties":{"building_pk":53705,"building_key":"lariac:396688890281","source_tile":"r04-c05","source_tile_ids":["r04-c05"],"source_bld_id":"396688890281","height_m":4.673,"receiver_ids":[183496,183497,183498,183499,183500,183501,183502,183503,183504,183505,183506,183507],"receiver_keys":["r04-c05:expanded-facade-max4m:53705:0:1","r04-c05:expanded-facade-max4m:53705:0:10","r04-c05:expanded-facade-max4m:53705:0:11","r04-c05:expanded-facade-max4m:53705:0:12","r04-c05:expanded-facade-max4m:53705:0:2","r04-c05:expanded-facade-max4m:53705:0:3","r04-c05:expanded-facade-max4m:53705:0:4","r04-c05:expanded-facade-max4m:53705:0:5","r04-c05:expanded-facade-max4m:53705:0:6","r04-c05:expanded-facade-max4m:53705:0:7","r04-c05:expanded-facade-max4m:53705:0:8","r04-c05:expanded-facade-max4m:53705:0:9"],"receiver_count":12,"periods":{"D":{"min":50.707943,"max":58.19563,"receiver_count":12,"unavailable_count":0},"E":{"min":48.489456,"max":55.97714,"receiver_count":12,"unavailable_count":0},"N":{"min":43.718243,"max":51.20593,"receiver_count":12,"unavailable_count":0}}}},{"type":"Feature","id":"lariac:396765888924","geometry":{"type":"Polygon","coordinates":[[[-118.54517153413435,34.181598602212866],[-118.54517320973008,34.18165272876781],[-118.5452133784018,34.18165188867186],[-118.5452144275451,34.18168598484227],[-118.54524742126527,34.181685287066884],[-118.54524880685082,34.181730374245696],[-118.54527657691267,34.18172978115016],[-118.54527523282879,34.181686068639024],[-118.54528138269808,34.18168593092475],[-118.54528028805423,34.18165002015193],[-118.54528425574436,34.18164994726978],[-118.5452826154912,34.18159626051018],[-118.54517153413435,34.181598602212866]]]},"properties":{"building_pk":53719,"building_key":"lariac:396765888924","source_tile":"r04-c05","source_tile_ids":["r04-c05"],"source_bld_id":"396765888924","height_m":4.691,"receiver_ids":[183512,183513,183514,183515,183516,183517,183518,183519,183520],"receiver_keys":["r04-c05:expanded-facade-max4m:53719:0:1","r04-c05:expanded-facade-max4m:53719:0:10","r04-c05:expanded-facade-max4m:53719:0:13","r04-c05:expanded-facade-max4m:53719:0:2","r04-c05:expanded-facade-max4m:53719:0:4","r04-c05:expanded-facade-max4m:53719:0:6","r04-c05:expanded-facade-max4m:53719:0:7","r04-c05:expanded-facade-max4m:53719:0:8","r04-c05:expanded-facade-max4m:53719:0:9"],"receiver_count":9,"periods":{"D":{"min":59.718178,"max":62.74551,"receiver_count":9,"unavailable_count":0},"E":{"min":57.49969,"max":60.52702,"receiver_count":9,"unavailable_count":0},"N":{"min":52.728477,"max":55.75581,"receiver_count":9,"unavailable_count":0}}}},{"type":"Feature","id":"lariac:396779889979","geometry":{"type":"Polygon","coordinates":[[[-118.54530541492029,34.18450135969552],[-118.54526210314083,34.18450202195644],[-118.54526225196388,34.18448426988475],[-118.54517836129976,34.18448379608341],[-118.54517841069928,34.18447623911921],[-118.54510949980526,34.18447583568571],[-118.54510911905969,34.18451889694437],[-118.54511500570642,34.18451895335623],[-118.54511482546549,34.184542036398675],[-118.54517305587245,34.18454237798223],[-118.54517292613826,34.18455790495717],[-118.54519534507928,34.184558050928146],[-118.54519527926867,34.18456824588398],[-118.54517705993332,34.184568135978004],[-118.54517689917033,34.18458904801494],[-118.54521059404463,34.18458922609974],[-118.5452104109586,34.184611869201746],[-118.54534939154247,34.18461267159239],[-118.54534962971337,34.18458335050534],[-118.54530472473644,34.184583085965194],[-118.54530541492029,34.18450135969552]]]},"properties":{"building_pk":53907,"building_key":"lariac:396779889979","source_tile":"r04-c05","source_tile_ids":["r04-c05"],"source_bld_id":"396779889979","height_m":5.435,"receiver_ids":[183785,183786,183787,183788,183789,183790,183791,183792,183793,183794,183795,183796,183797,183798,183799,183800,183801,183802],"receiver_keys":["r04-c05:expanded-facade-max4m:53907:0:1","r04-c05:expanded-facade-max4m:53907:0:11","r04-c05:expanded-facade-max4m:53907:0:12","r04-c05:expanded-facade-max4m:53907:0:13","r04-c05:expanded-facade-max4m:53907:0:14","r04-c05:expanded-facade-max4m:53907:0:15","r04-c05:expanded-facade-max4m:53907:0:16","r04-c05:expanded-facade-max4m:53907:0:17","r04-c05:expanded-facade-max4m:53907:0:19","r04-c05:expanded-facade-max4m:53907:0:2","r04-c05:expanded-facade-max4m:53907:0:20","r04-c05:expanded-facade-max4m:53907:0:3","r04-c05:expanded-facade-max4m:53907:0:4","r04-c05:expanded-facade-max4m:53907:0:5","r04-c05:expanded-facade-max4m:53907:0:6","r04-c05:expanded-facade-max4m:53907:0:7","r04-c05:expanded-facade-max4m:53907:0:8","r04-c05:expanded-facade-max4m:53907:0:9"],"receiver_count":18,"periods":{"D":{"min":57.73171,"max":69.161934,"receiver_count":18,"unavailable_count":0},"E":{"min":55.51322,"max":66.94344,"receiver_count":18,"unavailable_count":0},"N":{"min":50.74201,"max":62.17223,"receiver_count":18,"unavailable_count":0}}}},{"type":"Feature","id":"lariac:397009889806","geometry":{"type":"Polygon","coordinates":[[[-118.5443510371725,34.1839627813967],[-118.54435040503083,34.18408402206537],[-118.54442050580523,34.18408428353941],[-118.54442051972373,34.18408142558249],[-118.54449313305383,34.18408170365292],[-118.54449309177919,34.18408552368032],[-118.54455925783675,34.184085774839176],[-118.54455991613047,34.18396360005082],[-118.5443510371725,34.1839627813967]]]},"properties":{"building_pk":54129,"building_key":"lariac:397009889806","source_tile":"r04-c05","source_tile_ids":["r04-c05"],"source_bld_id":"397009889806","height_m":7.714,"receiver_ids":[184030,184031,184032,184033,184034,184035,184036,184037,184038,184039,184040],"receiver_keys":["r04-c05:expanded-facade-max4m:54129:0:1","r04-c05:expanded-facade-max4m:54129:0:10","r04-c05:expanded-facade-max4m:54129:0:11","r04-c05:expanded-facade-max4m:54129:0:12","r04-c05:expanded-facade-max4m:54129:0:13","r04-c05:expanded-facade-max4m:54129:0:14","r04-c05:expanded-facade-max4m:54129:0:15","r04-c05:expanded-facade-max4m:54129:0:16","r04-c05:expanded-facade-max4m:54129:0:17","r04-c05:expanded-facade-max4m:54129:0:2","r04-c05:expanded-facade-max4m:54129:0:3"],"receiver_count":11,"periods":{"D":{"min":54.51292,"max":67.96635,"receiver_count":11,"unavailable_count":0},"E":{"min":52.294434,"max":65.747856,"receiver_count":11,"unavailable_count":0},"N":{"min":47.52322,"max":60.976646,"receiver_count":11,"unavailable_count":0}}}},{"type":"Feature","id":"lariac:397078888822","geometry":{"type":"Polygon","coordinates":[[[-118.54419592756615,34.18133378309467],[-118.54419576077983,34.18134364943991],[-118.54418769273845,34.181343575753],[-118.54418750485026,34.181355365186356],[-118.5441955730689,34.181355465918784],[-118.5441954597379,34.18136338018105],[-118.54422244264315,34.18136369872349],[-118.5442229440893,34.1813341014857],[-118.54419592756615,34.18133378309467]]]},"properties":{"building_pk":54181,"building_key":"lariac:397078888822","source_tile":"r04-c05","source_tile_ids":["r04-c05"],"source_bld_id":"397078888822","height_m":3.078,"receiver_ids":[184088,184089,184090,184091],"receiver_keys":["r04-c05:expanded-facade-max4m:54181:0:1","r04-c05:expanded-facade-max4m:54181:0:2","r04-c05:expanded-facade-max4m:54181:0:3","r04-c05:expanded-facade-max4m:54181:0:4"],"receiver_count":4,"periods":{"D":{"min":62.430683,"max":63.440033,"receiver_count":4,"unavailable_count":0},"E":{"min":60.212196,"max":61.221542,"receiver_count":4,"unavailable_count":0},"N":{"min":55.440983,"max":56.450333,"receiver_count":4,"unavailable_count":0}}}},{"type":"Feature","id":"lariac:396477888728","geometry":{"type":"Polygon","coordinates":[[[-118.54632069307287,34.18111877023511],[-118.54632141941386,34.18100225591591],[-118.54623554895046,34.18100190179478],[-118.54623521318938,34.18105158559745],[-118.54607190320974,34.181050894100395],[-118.54607148268855,34.181122973539004],[-118.5461472016274,34.18112329157721],[-118.54614723330042,34.1811180146972],[-118.54632069307287,34.18111877023511]]]},"properties":{"building_pk":54319,"building_key":"lariac:396477888728","source_tile":"r04-c05","source_tile_ids":["r04-c04","r04-c05"],"source_bld_id":"396477888728","height_m":4.289,"receiver_ids":[184255,184256],"receiver_keys":["r04-c05:expanded-facade-max4m:54319:0:11","r04-c05:expanded-facade-max4m:54319:0:12"],"receiver_count":2,"periods":{"D":{"min":63.506317,"max":64.356575,"receiver_count":2,"unavailable_count":0},"E":{"min":61.28783,"max":62.138092,"receiver_count":2,"unavailable_count":0},"N":{"min":56.516617,"max":57.36688,"receiver_count":2,"unavailable_count":0}}}},{"type":"Feature","id":"lariac:396734889948","geometry":{"type":"Polygon","coordinates":[[[-118.54540624579597,34.18445889221185],[-118.54540576786256,34.1844101163301],[-118.5453324648188,34.1844105838867],[-118.54533285762051,34.184459121243236],[-118.54540624579597,34.18445889221185]]]},"properties":{"building_pk":54869,"building_key":"lariac:396734889948","source_tile":"r04-c05","source_tile_ids":["r04-c05"],"source_bld_id":"396734889948","height_m":4.368,"receiver_ids":[184780,184781,184782,184783,184784,184785,184786],"receiver_keys":["r04-c05:expanded-facade-max4m:54869:0:1","r04-c05:expanded-facade-max4m:54869:0:2","r04-c05:expanded-facade-max4m:54869:0:3","r04-c05:expanded-facade-max4m:54869:0:4","r04-c05:expanded-facade-max4m:54869:0:5","r04-c05:expanded-facade-max4m:54869:0:6","r04-c05:expanded-facade-max4m:54869:0:7"],"receiver_count":7,"periods":{"D":{"min":55.64832,"max":59.65197,"receiver_count":7,"unavailable_count":0},"E":{"min":53.429832,"max":57.433483,"receiver_count":7,"unavailable_count":0},"N":{"min":48.65862,"max":52.66227,"receiver_count":7,"unavailable_count":0}}}},{"type":"Feature","id":"lariac:397029889836","geometry":{"type":"Polygon","coordinates":[[[-118.54434987423772,34.18422081571374],[-118.54449450505795,34.184221126654606],[-118.54449467890483,34.1841665797595],[-118.54456011623789,34.18416669716403],[-118.54456035252684,34.184101433334824],[-118.54435025082147,34.18410097719442],[-118.54434987423772,34.18422081571374]]]},"properties":{"building_pk":55159,"building_key":"lariac:397029889836","source_tile":"r04-c05","source_tile_ids":["r04-c05"],"source_bld_id":"397029889836","height_m":7.361,"receiver_ids":[185020,185021,185022,185023,185024,185025,185026,185027,185028],"receiver_keys":["r04-c05:expanded-facade-max4m:55159:0:15","r04-c05:expanded-facade-max4m:55159:0:16","r04-c05:expanded-facade-max4m:55159:0:17","r04-c05:expanded-facade-max4m:55159:0:4","r04-c05:expanded-facade-max4m:55159:0:5","r04-c05:expanded-facade-max4m:55159:0:6","r04-c05:expanded-facade-max4m:55159:0:7","r04-c05:expanded-facade-max4m:55159:0:8","r04-c05:expanded-facade-max4m:55159:0:9"],"receiver_count":9,"periods":{"D":{"min":54.3821,"max":67.85934,"receiver_count":9,"unavailable_count":0},"E":{"min":52.16361,"max":65.640854,"receiver_count":9,"unavailable_count":0},"N":{"min":47.3924,"max":60.86964,"receiver_count":9,"unavailable_count":0}}}},{"type":"Feature","id":"lariac:397064890484","geometry":{"type":"Polygon","coordinates":[[[-118.54426002013238,34.18593374603564],[-118.5443112723769,34.18593370743247],[-118.54431126509247,34.18589196688267],[-118.54425997924426,34.1858920056371],[-118.54426002013238,34.18593374603564]]]},"properties":{"building_pk":55598,"building_key":"lariac:397064890484","source_tile":"r04-c05","source_tile_ids":["r04-c05"],"source_bld_id":"397064890484","height_m":2.067,"receiver_ids":[185410,185411,185412,185413,185414],"receiver_keys":["r04-c05:expanded-facade-max4m:55598:0:1","r04-c05:expanded-facade-max4m:55598:0:2","r04-c05:expanded-facade-max4m:55598:0:3","r04-c05:expanded-facade-max4m:55598:0:4","r04-c05:expanded-facade-max4m:55598:0:5"],"receiver_count":5,"periods":{"D":{"min":57.4485,"max":59.644176,"receiver_count":5,"unavailable_count":0},"E":{"min":55.230015,"max":57.42569,"receiver_count":5,"unavailable_count":0},"N":{"min":50.4588,"max":52.654476,"receiver_count":5,"unavailable_count":0}}}},{"type":"Feature","id":"lariac:397126890095","geometry":{"type":"Polygon","coordinates":[[[-118.54414008485243,34.18490769308007],[-118.54415914699787,34.18487979829818],[-118.54414101041773,34.18485193383404],[-118.5441411436888,34.18479112229409],[-118.54398394737086,34.18479081244615],[-118.54398395718903,34.18478732252555],[-118.543938689773,34.18478722409034],[-118.54393850899122,34.18485592254917],[-118.54397646886753,34.18485599885587],[-118.54397634027681,34.18490738563403],[-118.54414008485243,34.18490769308007]]]},"properties":{"building_pk":55720,"building_key":"lariac:397126890095","source_tile":"r04-c05","source_tile_ids":["r04-c05"],"source_bld_id":"397126890095","height_m":3.889,"receiver_ids":[185519,185520,185521,185522,185523,185524,185525],"receiver_keys":["r04-c05:expanded-facade-max4m:55720:0:1","r04-c05:expanded-facade-max4m:55720:0:10","r04-c05:expanded-facade-max4m:55720:0:11","r04-c05:expanded-facade-max4m:55720:0:13","r04-c05:expanded-facade-max4m:55720:0:2","r04-c05:expanded-facade-max4m:55720:0:3","r04-c05:expanded-facade-max4m:55720:0:4"],"receiver_count":7,"periods":{"D":{"min":53.82897,"max":56.887184,"receiver_count":7,"unavailable_count":0},"E":{"min":51.610485,"max":54.668694,"receiver_count":7,"unavailable_count":0},"N":{"min":46.83927,"max":49.897484,"receiver_count":7,"unavailable_count":0}}}},{"type":"Feature","id":"lariac:201700286811","geometry":{"type":"Polygon","coordinates":[[[-118.54496085348472,34.18592005049559],[-118.54504632382633,34.185919992637245],[-118.5450463104409,34.18590663542214],[-118.54511557866465,34.1859065892192],[-118.54511548016221,34.185806712114136],[-118.5450094205969,34.185806760021165],[-118.54500942609012,34.18581225761148],[-118.54495601722935,34.18581229360581],[-118.54495611027808,34.18590687416396],[-118.54496084127753,34.18590687178088],[-118.54496085348472,34.18592005049559]]]},"properties":{"building_pk":56763,"building_key":"lariac:201700286811","source_tile":"r04-c05","source_tile_ids":["r04-c05"],"source_bld_id":"201700286811","height_m":5.98,"receiver_ids":[187049,187050,187051,187052,187053,187054,187055,187056,187057],"receiver_keys":["r04-c05:expanded-facade-max4m:56763:0:1","r04-c05:expanded-facade-max4m:56763:0:11","r04-c05:expanded-facade-max4m:56763:0:12","r04-c05:expanded-facade-max4m:56763:0:13","r04-c05:expanded-facade-max4m:56763:0:14","r04-c05:expanded-facade-max4m:56763:0:2","r04-c05:expanded-facade-max4m:56763:0:4","r04-c05:expanded-facade-max4m:56763:0:8","r04-c05:expanded-facade-max4m:56763:0:9"],"receiver_count":9,"periods":{"D":{"min":60.727234,"max":67.74658,"receiver_count":9,"unavailable_count":0},"E":{"min":58.508743,"max":65.52809,"receiver_count":9,"unavailable_count":0},"N":{"min":53.737534,"max":60.75688,"receiver_count":9,"unavailable_count":0}}}},{"type":"Feature","id":"lariac:399141889924","geometry":{"type":"Polygon","coordinates":[[[-118.53758685602574,34.18456074513977],[-118.53758782077061,34.184561133924866],[-118.53765767021093,34.18446077194335],[-118.53765663816286,34.18446020765698],[-118.53765657940978,34.18446018087186],[-118.53715281808718,34.18421806657916],[-118.53708296824325,34.18431842826891],[-118.53758666993937,34.18456065491094],[-118.53758685602574,34.18456074513977]]]},"properties":{"building_pk":57756,"building_key":"lariac:399141889924","source_tile":"r04-c05","source_tile_ids":["r04-c05"],"source_bld_id":"399141889924","height_m":6.163,"receiver_ids":[187202,187203,187204,187205],"receiver_keys":["r04-c05:expanded-facade-max4m:57756:0:19","r04-c05:expanded-facade-max4m:57756:0:20","r04-c05:expanded-facade-max4m:57756:0:21","r04-c05:expanded-facade-max4m:57756:0:22"],"receiver_count":4,"periods":{"D":{"min":46.61672,"max":59.02262,"receiver_count":4,"unavailable_count":0},"E":{"min":44.398228,"max":56.804134,"receiver_count":4,"unavailable_count":0},"N":{"min":39.627018,"max":52.03292,"receiver_count":4,"unavailable_count":0}}}},{"type":"Feature","id":"lariac:399300888488","geometry":{"type":"Polygon","coordinates":[[[-118.53681752957158,34.18049718101537],[-118.53689413923304,34.18049728001216],[-118.53689422236162,34.180453671080805],[-118.5368176129082,34.180453598228084],[-118.53681752957158,34.18049718101537]]]},"properties":{"building_pk":57797,"building_key":"lariac:399300888488","source_tile":"r04-c05","source_tile_ids":["r04-c05"],"source_bld_id":"399300888488","height_m":4.081,"receiver_ids":[187241,187242,187243,187244,187245],"receiver_keys":["r04-c05:expanded-facade-max4m:57797:0:1","r04-c05:expanded-facade-max4m:57797:0:2","r04-c05:expanded-facade-max4m:57797:0:3","r04-c05:expanded-facade-max4m:57797:0:4","r04-c05:expanded-facade-max4m:57797:0:5"],"receiver_count":5,"periods":{"D":{"min":62.296764,"max":66.57313,"receiver_count":5,"unavailable_count":0},"E":{"min":60.078274,"max":64.35464,"receiver_count":5,"unavailable_count":0},"N":{"min":55.307064,"max":59.583427,"receiver_count":5,"unavailable_count":0}}}},{"type":"Feature","id":"lariac:399397889856","geometry":{"type":"Polygon","coordinates":[[[-118.53662185781081,34.18437837296749],[-118.53662312472689,34.183978629246795],[-118.53623734525848,34.183977811386036],[-118.53623613467595,34.184360931283514],[-118.5363713090184,34.18436121092152],[-118.53637214977134,34.18408531683912],[-118.5364904587961,34.1840855611435],[-118.53649025117532,34.18415610153597],[-118.53647748697729,34.18415607520998],[-118.5364767971692,34.18437805451809],[-118.53662185781081,34.18437837296749]]]},"properties":{"building_pk":57900,"building_key":"lariac:399397889856","source_tile":"r04-c05","source_tile_ids":["r04-c05"],"source_bld_id":"399397889856","height_m":7.605,"receiver_ids":[187342,187343,187344,187345,187346,187347,187348,187349,187350,187351,187352,187353,187354,187355,187356,187357,187358,187359,187360,187361,187362,187363,187364,187365,187366,187367,187368,187369,187370,187371,187372,187373,187374,187375,187376,187377,187378,187379,187380,187381,187382,187383,187384,187385,187386,187387,187388,187389,187390,187391,187392,187393,187394,187395,187396],"receiver_keys":["r04-c05:expanded-facade-max4m:57900:0:1","r04-c05:expanded-facade-max4m:57900:0:10","r04-c05:expanded-facade-max4m:57900:0:11","r04-c05:expanded-facade-max4m:57900:0:12","r04-c05:expanded-facade-max4m:57900:0:13","r04-c05:expanded-facade-max4m:57900:0:14","r04-c05:expanded-facade-max4m:57900:0:15","r04-c05:expanded-facade-max4m:57900:0:16","r04-c05:expanded-facade-max4m:57900:0:17","r04-c05:expanded-facade-max4m:57900:0:18","r04-c05:expanded-facade-max4m:57900:0:19","r04-c05:expanded-facade-max4m:57900:0:2","r04-c05:expanded-facade-max4m:57900:0:20","r04-c05:expanded-facade-max4m:57900:0:21","r04-c05:expanded-facade-max4m:57900:0:22","r04-c05:expanded-facade-max4m:57900:0:23","r04-c05:expanded-facade-max4m:57900:0:24","r04-c05:expanded-facade-max4m:57900:0:25","r04-c05:expanded-facade-max4m:57900:0:26","r04-c05:expanded-facade-max4m:57900:0:27","r04-c05:expanded-facade-max4m:57900:0:28","r04-c05:expanded-facade-max4m:57900:0:29","r04-c05:expanded-facade-max4m:57900:0:3","r04-c05:expanded-facade-max4m:57900:0:30","r04-c05:expanded-facade-max4m:57900:0:31","r04-c05:expanded-facade-max4m:57900:0:32","r04-c05:expanded-facade-max4m:57900:0:33","r04-c05:expanded-facade-max4m:57900:0:34","r04-c05:expanded-facade-max4m:57900:0:35","r04-c05:expanded-facade-max4m:57900:0:36","r04-c05:expanded-facade-max4m:57900:0:37","r04-c05:expanded-facade-max4m:57900:0:38","r04-c05:expanded-facade-max4m:57900:0:39","r04-c05:expanded-facade-max4m:57900:0:4","r04-c05:expanded-facade-max4m:57900:0:40","r04-c05:expanded-facade-max4m:57900:0:41","r04-c05:expanded-facade-max4m:57900:0:43","r04-c05:expanded-facade-max4m:57900:0:44","r04-c05:expanded-facade-max4m:57900:0:45","r04-c05:expanded-facade-max4m:57900:0:46","r04-c05:expanded-facade-max4m:57900:0:47","r04-c05:expanded-facade-max4m:57900:0:48","r04-c05:expanded-facade-max4m:57900:0:49","r04-c05:expanded-facade-max4m:57900:0:5","r04-c05:expanded-facade-max4m:57900:0:50","r04-c05:expanded-facade-max4m:57900:0:51","r04-c05:expanded-facade-max4m:57900:0:52","r04-c05:expanded-facade-max4m:57900:0:53","r04-c05:expanded-facade-max4m:57900:0:54","r04-c05:expanded-facade-max4m:57900:0:55","r04-c05:expanded-facade-max4m:57900:0:56","r04-c05:expanded-facade-max4m:57900:0:6","r04-c05:expanded-facade-max4m:57900:0:7","r04-c05:expanded-facade-max4m:57900:0:8","r04-c05:expanded-facade-max4m:57900:0:9"],"receiver_count":55,"periods":{"D":{"min":44.52412,"max":68.93993,"receiver_count":55,"unavailable_count":0},"E":{"min":42.305634,"max":66.72144,"receiver_count":55,"unavailable_count":0},"N":{"min":37.53442,"max":61.950233,"receiver_count":55,"unavailable_count":0}}}},{"type":"Feature","id":"lariac:396774889114","geometry":{"type":"Polygon","coordinates":[[[-118.54511319620174,34.18209332504649],[-118.5451135214014,34.18210758510443],[-118.5451064785567,34.18210769888678],[-118.54510724684893,34.18213932429037],[-118.54511428951386,34.18213918256098],[-118.54511461380562,34.18215346966936],[-118.54517690163497,34.18215244695158],[-118.54517762215906,34.18218190165237],[-118.54519375571661,34.18218163690012],[-118.5451944480129,34.182211585774134],[-118.54521021817938,34.182211322657864],[-118.54521072020569,34.18223256167184],[-118.54531251550287,34.182230893787015],[-118.54531174175331,34.18219844439774],[-118.54531904819764,34.1821983285135],[-118.54531654366222,34.18209317740782],[-118.54526232274011,34.182094081790126],[-118.54526251337239,34.1821030116251],[-118.54517602535822,34.182104445489266],[-118.54517571485881,34.18209227334091],[-118.54511319620174,34.18209332504649]]]},"properties":{"building_pk":61150,"building_key":"lariac:396774889114","source_tile":"r04-c05","source_tile_ids":["r04-c05"],"source_bld_id":"396774889114","height_m":5.697,"receiver_ids":[188713,188714,188715,188716,188717,188718,188719,188720,188721,188722,188723,188724,188725,188726,188727,188728,188729],"receiver_keys":["r04-c05:expanded-facade-max4m:61150:0:10","r04-c05:expanded-facade-max4m:61150:0:11","r04-c05:expanded-facade-max4m:61150:0:12","r04-c05:expanded-facade-max4m:61150:0:13","r04-c05:expanded-facade-max4m:61150:0:14","r04-c05:expanded-facade-max4m:61150:0:15","r04-c05:expanded-facade-max4m:61150:0:16","r04-c05:expanded-facade-max4m:61150:0:17","r04-c05:expanded-facade-max4m:61150:0:18","r04-c05:expanded-facade-max4m:61150:0:19","r04-c05:expanded-facade-max4m:61150:0:2","r04-c05:expanded-facade-max4m:61150:0:3","r04-c05:expanded-facade-max4m:61150:0:5","r04-c05:expanded-facade-max4m:61150:0:6","r04-c05:expanded-facade-max4m:61150:0:7","r04-c05:expanded-facade-max4m:61150:0:8","r04-c05:expanded-facade-max4m:61150:0:9"],"receiver_count":17,"periods":{"D":{"min":54.815155,"max":69.20554,"receiver_count":17,"unavailable_count":0},"E":{"min":52.59667,"max":66.98706,"receiver_count":17,"unavailable_count":0},"N":{"min":47.825455,"max":62.215847,"receiver_count":17,"unavailable_count":0}}}},{"type":"Feature","id":"lariac:397163888737","geometry":{"type":"Polygon","coordinates":[[[-118.54386481669233,34.181165451340966],[-118.54399255039465,34.18116133292226],[-118.54399082448288,34.181124847991725],[-118.54401627914879,34.18112404652361],[-118.54401581377476,34.18111355194134],[-118.54401954912149,34.1811134521978],[-118.54401836029679,34.18108831438775],[-118.5440145589574,34.18108844147447],[-118.54401413669251,34.18107940269172],[-118.54400835170053,34.18107959369472],[-118.54400758442748,34.181063384682204],[-118.54386028119623,34.18106814105882],[-118.54386481669233,34.181165451340966]]]},"properties":{"building_pk":61893,"building_key":"lariac:397163888737","source_tile":"r04-c05","source_tile_ids":["r04-c05"],"source_bld_id":"397163888737","height_m":9.897,"receiver_ids":[189899,189900,189901,189902,189903,189904,189905,189906,189907,189908],"receiver_keys":["r04-c05:expanded-facade-max4m:61893:0:1","r04-c05:expanded-facade-max4m:61893:0:11","r04-c05:expanded-facade-max4m:61893:0:12","r04-c05:expanded-facade-max4m:61893:0:13","r04-c05:expanded-facade-max4m:61893:0:2","r04-c05:expanded-facade-max4m:61893:0:3","r04-c05:expanded-facade-max4m:61893:0:4","r04-c05:expanded-facade-max4m:61893:0:5","r04-c05:expanded-facade-max4m:61893:0:6","r04-c05:expanded-facade-max4m:61893:0:7"],"receiver_count":10,"periods":{"D":{"min":53.416992,"max":61.45834,"receiver_count":10,"unavailable_count":0},"E":{"min":51.198505,"max":59.23985,"receiver_count":10,"unavailable_count":0},"N":{"min":46.42729,"max":54.46864,"receiver_count":10,"unavailable_count":0}}}},{"type":"Feature","id":"lariac:397123889999","geometry":{"type":"Polygon","coordinates":[[[-118.54414075758267,34.18463026064835],[-118.54415368667603,34.18462028279435],[-118.5441525889921,34.18459899146239],[-118.54413916689697,34.18458924214708],[-118.54413331441494,34.184589268476124],[-118.54413305417575,34.18451884013458],[-118.54398862565661,34.18451918777949],[-118.54398859362537,34.18451426909998],[-118.54396134860445,34.18451433663885],[-118.54396164538748,34.18459556350864],[-118.54397477270408,34.184595532417866],[-118.5439749028504,34.1846306776203],[-118.54414075758267,34.18463026064835]]]},"properties":{"building_pk":62866,"building_key":"lariac:397123889999","source_tile":"r04-c05","source_tile_ids":["r04-c05"],"source_bld_id":"397123889999","height_m":8.251,"receiver_ids":[191268,191269,191270,191271,191272,191273],"receiver_keys":["r04-c05:expanded-facade-max4m:62866:0:1","r04-c05:expanded-facade-max4m:62866:0:10","r04-c05:expanded-facade-max4m:62866:0:11","r04-c05:expanded-facade-max4m:62866:0:3","r04-c05:expanded-facade-max4m:62866:0:4","r04-c05:expanded-facade-max4m:62866:0:9"],"receiver_count":6,"periods":{"D":{"min":52.870205,"max":56.12763,"receiver_count":6,"unavailable_count":0},"E":{"min":50.65172,"max":53.90914,"receiver_count":6,"unavailable_count":0},"N":{"min":45.880505,"max":49.137928,"receiver_count":6,"unavailable_count":0}}}},{"type":"Feature","id":"lariac:396621890317","geometry":{"type":"Polygon","coordinates":[[[-118.54568570134835,34.185538767810705],[-118.54576495664001,34.18553827228539],[-118.54576451819823,34.185491422824995],[-118.54582757308913,34.185491028304504],[-118.54582737584094,34.18547096893897],[-118.54586421016307,34.185470747716536],[-118.54586388429428,34.185436153337484],[-118.54586910873114,34.18543612975941],[-118.54586895013318,34.18541684013808],[-118.5458629318007,34.185416895246846],[-118.54586281737582,34.18540436520309],[-118.54581900686004,34.18540464495288],[-118.54581880458936,34.185383816592996],[-118.54574873993494,34.18538427068584],[-118.54574884483156,34.18539517889498],[-118.54569779341082,34.185395519219895],[-118.54569858561753,34.18548141565946],[-118.54568516128398,34.18548150327088],[-118.54568570134835,34.185538767810705]]]},"properties":{"building_pk":62930,"building_key":"lariac:396621890317","source_tile":"r04-c05","source_tile_ids":["r04-c05"],"source_bld_id":"396621890317","height_m":5.895,"receiver_ids":[191291,191292,191293,191294,191295,191296,191297,191298,191299,191300,191301,191302,191303],"receiver_keys":["r04-c05:expanded-facade-max4m:62930:0:1","r04-c05:expanded-facade-max4m:62930:0:11","r04-c05:expanded-facade-max4m:62930:0:12","r04-c05:expanded-facade-max4m:62930:0:13","r04-c05:expanded-facade-max4m:62930:0:14","r04-c05:expanded-facade-max4m:62930:0:15","r04-c05:expanded-facade-max4m:62930:0:16","r04-c05:expanded-facade-max4m:62930:0:17","r04-c05:expanded-facade-max4m:62930:0:18","r04-c05:expanded-facade-max4m:62930:0:2","r04-c05:expanded-facade-max4m:62930:0:3","r04-c05:expanded-facade-max4m:62930:0:5","r04-c05:expanded-facade-max4m:62930:0:7"],"receiver_count":13,"periods":{"D":{"min":51.58262,"max":57.096497,"receiver_count":13,"unavailable_count":0},"E":{"min":49.36413,"max":54.87801,"receiver_count":13,"unavailable_count":0},"N":{"min":44.59292,"max":50.106796,"receiver_count":13,"unavailable_count":0}}}},{"type":"Feature","id":"lariac:201700286767","geometry":{"type":"Polygon","coordinates":[[[-118.54522717545646,34.18556399626234],[-118.54522720786034,34.18556763114161],[-118.54526252346314,34.18556741244082],[-118.54526249845881,34.18556457900083],[-118.54528297076972,34.18556445245055],[-118.54528289627646,34.18555619824968],[-118.54534339655015,34.18555582451397],[-118.5453429068505,34.185501253560076],[-118.54527743065546,34.18550165874348],[-118.54527701930127,34.18545575938782],[-118.54512102662626,34.185456725778295],[-118.54512188892735,34.18555295540006],[-118.5452041947505,34.18555245100161],[-118.54520429923015,34.185564137245194],[-118.54522717545646,34.18556399626234]]]},"properties":{"building_pk":64263,"building_key":"lariac:201700286767","source_tile":"r04-c05","source_tile_ids":["r04-c05"],"source_bld_id":"201700286767","height_m":5.197,"receiver_ids":[192784,192785,192786,192787,192788,192789,192790,192791,192792,192793,192794,192795,192796,192797,192798,192799],"receiver_keys":["r04-c05:expanded-facade-max4m:64263:0:1","r04-c05:expanded-facade-max4m:64263:0:10","r04-c05:expanded-facade-max4m:64263:0:11","r04-c05:expanded-facade-max4m:64263:0:12","r04-c05:expanded-facade-max4m:64263:0:13","r04-c05:expanded-facade-max4m:64263:0:14","r04-c05:expanded-facade-max4m:64263:0:15","r04-c05:expanded-facade-max4m:64263:0:16","r04-c05:expanded-facade-max4m:64263:0:17","r04-c05:expanded-facade-max4m:64263:0:2","r04-c05:expanded-facade-max4m:64263:0:3","r04-c05:expanded-facade-max4m:64263:0:4","r04-c05:expanded-facade-max4m:64263:0:5","r04-c05:expanded-facade-max4m:64263:0:6","r04-c05:expanded-facade-max4m:64263:0:8","r04-c05:expanded-facade-max4m:64263:0:9"],"receiver_count":16,"periods":{"D":{"min":51.68064,"max":68.378624,"receiver_count":16,"unavailable_count":0},"E":{"min":49.462154,"max":66.16013,"receiver_count":16,"unavailable_count":0},"N":{"min":44.69094,"max":61.38892,"receiver_count":16,"unavailable_count":0}}}},{"type":"Feature","id":"lariac:399655889424","geometry":{"type":"Polygon","coordinates":[[[-118.5354511313653,34.182809064391655],[-118.53545127496291,34.182878008392464],[-118.53547881777021,34.18287794144981],[-118.53547886790713,34.18290640926652],[-118.53545053176664,34.182906424727115],[-118.53545077667296,34.18302722235617],[-118.53547990691162,34.183027203380014],[-118.53547996272735,34.183061633980266],[-118.53545050179848,34.18306168236817],[-118.53545077011101,34.183180885063315],[-118.53547831319734,34.18318084606791],[-118.53547840591561,34.183210879677205],[-118.53545175577247,34.18321094266738],[-118.53545190098764,34.18327996960321],[-118.53581766361559,34.18327944968604],[-118.53581666068932,34.18280851665188],[-118.5354511313653,34.182809064391655]],[[-118.53563292988247,34.183114485799],[-118.53559388004382,34.18311449374438],[-118.53559387007834,34.183123260397466],[-118.53553974236233,34.183123252150644],[-118.53553981473827,34.182964313318884],[-118.53559357786047,34.18296432227816],[-118.53559356136921,34.18297207111752],[-118.53563102411266,34.18297207020047],[-118.53563100805711,34.18296432150527],[-118.53568668924397,34.18296434987677],[-118.53568665482827,34.18312392052371],[-118.53563295669005,34.183123911317566],[-118.53563292988247,34.183114485799]]]},"properties":{"building_pk":64598,"building_key":"lariac:399655889424","source_tile":"r04-c05","source_tile_ids":["r04-c05"],"source_bld_id":"399655889424","height_m":12.046,"receiver_ids":[192970,192971,192972,192973,192974,192975,192976,192977,192978,192979,192980,192981,192982,192983,192984,192985,192986,192987,192988,192989,192990,192991,192992,192993,192994,192995,192996,192997,192998,192999,193000,193001,193002,193003,193004,193005,193006,193007,193008,193009,193010,193011,193012],"receiver_keys":["r04-c05:expanded-facade-max4m:64598:0:1","r04-c05:expanded-facade-max4m:64598:0:10","r04-c05:expanded-facade-max4m:64598:0:11","r04-c05:expanded-facade-max4m:64598:0:12","r04-c05:expanded-facade-max4m:64598:0:13","r04-c05:expanded-facade-max4m:64598:0:16","r04-c05:expanded-facade-max4m:64598:0:17","r04-c05:expanded-facade-max4m:64598:0:18","r04-c05:expanded-facade-max4m:64598:0:19","r04-c05:expanded-facade-max4m:64598:0:2","r04-c05:expanded-facade-max4m:64598:0:20","r04-c05:expanded-facade-max4m:64598:0:21","r04-c05:expanded-facade-max4m:64598:0:22","r04-c05:expanded-facade-max4m:64598:0:23","r04-c05:expanded-facade-max4m:64598:0:24","r04-c05:expanded-facade-max4m:64598:0:25","r04-c05:expanded-facade-max4m:64598:0:26","r04-c05:expanded-facade-max4m:64598:0:27","r04-c05:expanded-facade-max4m:64598:0:28","r04-c05:expanded-facade-max4m:64598:0:29","r04-c05:expanded-facade-max4m:64598:0:30","r04-c05:expanded-facade-max4m:64598:0:31","r04-c05:expanded-facade-max4m:64598:0:32","r04-c05:expanded-facade-max4m:64598:0:33","r04-c05:expanded-facade-max4m:64598:0:34","r04-c05:expanded-facade-max4m:64598:0:35","r04-c05:expanded-facade-max4m:64598:0:36","r04-c05:expanded-facade-max4m:64598:0:37","r04-c05:expanded-facade-max4m:64598:0:38","r04-c05:expanded-facade-max4m:64598:0:39","r04-c05:expanded-facade-max4m:64598:0:40","r04-c05:expanded-facade-max4m:64598:0:41","r04-c05:expanded-facade-max4m:64598:0:42","r04-c05:expanded-facade-max4m:64598:0:43","r04-c05:expanded-facade-max4m:64598:0:44","r04-c05:expanded-facade-max4m:64598:0:45","r04-c05:expanded-facade-max4m:64598:0:46","r04-c05:expanded-facade-max4m:64598:0:47","r04-c05:expanded-facade-max4m:64598:0:5","r04-c05:expanded-facade-max4m:64598:0:6","r04-c05:expanded-facade-max4m:64598:0:7","r04-c05:expanded-facade-max4m:64598:0:8","r04-c05:expanded-facade-max4m:64598:0:9"],"receiver_count":43,"periods":{"D":{"min":45.07104,"max":68.816895,"receiver_count":43,"unavailable_count":0},"E":{"min":42.85255,"max":66.59841,"receiver_count":43,"unavailable_count":0},"N":{"min":38.08134,"max":61.827194,"receiver_count":43,"unavailable_count":0}}}},{"type":"Feature","id":"lariac:399418889691","geometry":{"type":"Polygon","coordinates":[[[-118.53655465249425,34.183789051718996],[-118.53655432299138,34.183748054586474],[-118.53641340354544,34.1837488175781],[-118.53641373297913,34.183789814710984],[-118.53655465249425,34.183789051718996]]]},"properties":{"building_pk":64644,"building_key":"lariac:399418889691","source_tile":"r04-c05","source_tile_ids":["r04-c05"],"source_bld_id":"399418889691","height_m":3.069,"receiver_ids":[193081,193082,193083,193084,193085,193086,193087],"receiver_keys":["r04-c05:expanded-facade-max4m:64644:0:1","r04-c05:expanded-facade-max4m:64644:0:2","r04-c05:expanded-facade-max4m:64644:0:3","r04-c05:expanded-facade-max4m:64644:0:4","r04-c05:expanded-facade-max4m:64644:0:7","r04-c05:expanded-facade-max4m:64644:0:8","r04-c05:expanded-facade-max4m:64644:0:9"],"receiver_count":7,"periods":{"D":{"min":53.917404,"max":61.45925,"receiver_count":7,"unavailable_count":0},"E":{"min":51.698917,"max":59.240765,"receiver_count":7,"unavailable_count":0},"N":{"min":46.927704,"max":54.46955,"receiver_count":7,"unavailable_count":0}}}},{"type":"Feature","id":"lariac:399693888676","geometry":{"type":"Polygon","coordinates":[[[-118.53546571671119,34.181112659216524],[-118.53564624552342,34.18111235477883],[-118.53564556157686,34.180825173837064],[-118.53562889748314,34.18082521968958],[-118.5356290448024,34.180822818226844],[-118.5354651429485,34.18082344751273],[-118.53546571671119,34.181112659216524]]]},"properties":{"building_pk":64655,"building_key":"lariac:399693888676","source_tile":"r04-c05","source_tile_ids":["r04-c05"],"source_bld_id":"399693888676","height_m":5.118,"receiver_ids":[193125,193126,193127,193128,193129,193130,193131,193132,193133,193134,193135,193136,193137,193138,193139,193140,193141,193142,193143,193144,193145],"receiver_keys":["r04-c05:expanded-facade-max4m:64655:0:10","r04-c05:expanded-facade-max4m:64655:0:11","r04-c05:expanded-facade-max4m:64655:0:12","r04-c05:expanded-facade-max4m:64655:0:13","r04-c05:expanded-facade-max4m:64655:0:14","r04-c05:expanded-facade-max4m:64655:0:15","r04-c05:expanded-facade-max4m:64655:0:16","r04-c05:expanded-facade-max4m:64655:0:17","r04-c05:expanded-facade-max4m:64655:0:18","r04-c05:expanded-facade-max4m:64655:0:19","r04-c05:expanded-facade-max4m:64655:0:20","r04-c05:expanded-facade-max4m:64655:0:21","r04-c05:expanded-facade-max4m:64655:0:22","r04-c05:expanded-facade-max4m:64655:0:23","r04-c05:expanded-facade-max4m:64655:0:24","r04-c05:expanded-facade-max4m:64655:0:25","r04-c05:expanded-facade-max4m:64655:0:5","r04-c05:expanded-facade-max4m:64655:0:6","r04-c05:expanded-facade-max4m:64655:0:7","r04-c05:expanded-facade-max4m:64655:0:8","r04-c05:expanded-facade-max4m:64655:0:9"],"receiver_count":21,"periods":{"D":{"min":61.776478,"max":67.65876,"receiver_count":21,"unavailable_count":0},"E":{"min":59.55799,"max":65.44028,"receiver_count":21,"unavailable_count":0},"N":{"min":54.786777,"max":60.66906,"receiver_count":21,"unavailable_count":0}}}},{"type":"Feature","id":"lariac:398640888420","geometry":{"type":"Polygon","coordinates":[[[-118.5391124614147,34.18034100699953],[-118.539201698824,34.18034077417628],[-118.53920225084131,34.18019672307175],[-118.53903584511427,34.18019746483004],[-118.53903559919168,34.18015935226736],[-118.53895112288005,34.18015972873531],[-118.53895135848114,34.180196247414855],[-118.53886760999278,34.18019662058103],[-118.53886793967756,34.18024773032503],[-118.53882962010489,34.180247901049874],[-118.53882987231265,34.18028700257797],[-118.53886293524428,34.1802868552737],[-118.5388629772534,34.18029336783769],[-118.53883596377118,34.18029329616191],[-118.53883580058027,34.180334762486574],[-118.53886731159844,34.18033484207187],[-118.53886729747003,34.180337865010614],[-118.53911247129216,34.180338503368766],[-118.5391124614147,34.18034100699953]]]},"properties":{"building_pk":64656,"building_key":"lariac:398640888420","source_tile":"r04-c05","source_tile_ids":["r03-c05","r04-c05"],"source_bld_id":"398640888420","height_m":7.821,"receiver_ids":[193146,193147,193148,193149,193150,193151,193152,193153,193154,193157,193158,193159,193160,193161,193162,193163,193164,193165,193166,193167],"receiver_keys":["r04-c05:expanded-facade-max4m:64656:0:10","r04-c05:expanded-facade-max4m:64656:0:11","r04-c05:expanded-facade-max4m:64656:0:14","r04-c05:expanded-facade-max4m:64656:0:15","r04-c05:expanded-facade-max4m:64656:0:16","r04-c05:expanded-facade-max4m:64656:0:17","r04-c05:expanded-facade-max4m:64656:0:23","r04-c05:expanded-facade-max4m:64656:0:24","r04-c05:expanded-facade-max4m:64656:0:25","r04-c05:expanded-facade-max4m:64656:0:26","r04-c05:expanded-facade-max4m:64656:0:27","r04-c05:expanded-facade-max4m:64656:0:28","r04-c05:expanded-facade-max4m:64656:0:29","r04-c05:expanded-facade-max4m:64656:0:3","r04-c05:expanded-facade-max4m:64656:0:4","r04-c05:expanded-facade-max4m:64656:0:5","r04-c05:expanded-facade-max4m:64656:0:6","r04-c05:expanded-facade-max4m:64656:0:7","r04-c05:expanded-facade-max4m:64656:0:8","r04-c05:expanded-facade-max4m:64656:0:9"],"receiver_count":20,"periods":{"D":{"min":49.941143,"max":67.51112,"receiver_count":20,"unavailable_count":0},"E":{"min":47.722652,"max":65.29263,"receiver_count":20,"unavailable_count":0},"N":{"min":42.951443,"max":60.521423,"receiver_count":20,"unavailable_count":0}}}},{"type":"Feature","id":"lariac:399654889060","geometry":{"type":"Polygon","coordinates":[[[-118.53581630170399,34.18179901851591],[-118.53544779513024,34.181798617507916],[-118.53544768411156,34.18186896453535],[-118.53547694663987,34.1818689999666],[-118.53547689803491,34.181897633202695],[-118.5354481984885,34.181897595279025],[-118.53544801734081,34.18201894383318],[-118.53547691526165,34.182018952930925],[-118.53547686567578,34.18205234091171],[-118.53544852838776,34.18205230138407],[-118.53544833702381,34.18217205605471],[-118.53547763328608,34.18217209133692],[-118.5354775887321,34.1822013565371],[-118.53544878928284,34.18220131905545],[-118.535448700591,34.18227007205539],[-118.53581562314051,34.182270453040964],[-118.53581630170399,34.18179901851591]],[[-118.53562963493113,34.182105577659705],[-118.53559184172857,34.18210558094291],[-118.53559183386689,34.182114675748416],[-118.53553740958434,34.182114669718295],[-118.53553744568919,34.18195531814159],[-118.53559173753247,34.18195532565931],[-118.53559171540573,34.18196219551863],[-118.53563023659918,34.181962216959036],[-118.53563022509509,34.18195534724862],[-118.53568369034268,34.181955357484135],[-118.535683652401,34.182114379105336],[-118.53562962496956,34.18211434431267],[-118.53562963493113,34.182105577659705]]]},"properties":{"building_pk":64724,"building_key":"lariac:399654889060","source_tile":"r04-c05","source_tile_ids":["r04-c05"],"source_bld_id":"399654889060","height_m":12.908,"receiver_ids":[193334,193335,193336,193337,193338,193339,193340,193341,193342,193343,193344,193345,193346,193347,193348,193349,193350,193351,193352,193353,193354,193355,193356,193357,193358,193359,193360,193361,193362,193363,193364,193365,193366,193367,193368,193369,193370,193371,193372,193373,193374,193375,193376,193377,193378],"receiver_keys":["r04-c05:expanded-facade-max4m:64724:0:1","r04-c05:expanded-facade-max4m:64724:0:10","r04-c05:expanded-facade-max4m:64724:0:11","r04-c05:expanded-facade-max4m:64724:0:13","r04-c05:expanded-facade-max4m:64724:0:14","r04-c05:expanded-facade-max4m:64724:0:15","r04-c05:expanded-facade-max4m:64724:0:16","r04-c05:expanded-facade-max4m:64724:0:17","r04-c05:expanded-facade-max4m:64724:0:18","r04-c05:expanded-facade-max4m:64724:0:19","r04-c05:expanded-facade-max4m:64724:0:2","r04-c05:expanded-facade-max4m:64724:0:20","r04-c05:expanded-facade-max4m:64724:0:21","r04-c05:expanded-facade-max4m:64724:0:22","r04-c05:expanded-facade-max4m:64724:0:25","r04-c05:expanded-facade-max4m:64724:0:26","r04-c05:expanded-facade-max4m:64724:0:27","r04-c05:expanded-facade-max4m:64724:0:28","r04-c05:expanded-facade-max4m:64724:0:29","r04-c05:expanded-facade-max4m:64724:0:3","r04-c05:expanded-facade-max4m:64724:0:30","r04-c05:expanded-facade-max4m:64724:0:31","r04-c05:expanded-facade-max4m:64724:0:32","r04-c05:expanded-facade-max4m:64724:0:33","r04-c05:expanded-facade-max4m:64724:0:34","r04-c05:expanded-facade-max4m:64724:0:35","r04-c05:expanded-facade-max4m:64724:0:36","r04-c05:expanded-facade-max4m:64724:0:37","r04-c05:expanded-facade-max4m:64724:0:38","r04-c05:expanded-facade-max4m:64724:0:39","r04-c05:expanded-facade-max4m:64724:0:4","r04-c05:expanded-facade-max4m:64724:0:40","r04-c05:expanded-facade-max4m:64724:0:41","r04-c05:expanded-facade-max4m:64724:0:42","r04-c05:expanded-facade-max4m:64724:0:43","r04-c05:expanded-facade-max4m:64724:0:44","r04-c05:expanded-facade-max4m:64724:0:45","r04-c05:expanded-facade-max4m:64724:0:46","r04-c05:expanded-facade-max4m:64724:0:47","r04-c05:expanded-facade-max4m:64724:0:48","r04-c05:expanded-facade-max4m:64724:0:5","r04-c05:expanded-facade-max4m:64724:0:6","r04-c05:expanded-facade-max4m:64724:0:7","r04-c05:expanded-facade-max4m:64724:0:8","r04-c05:expanded-facade-max4m:64724:0:9"],"receiver_count":45,"periods":{"D":{"min":45.504124,"max":69.085464,"receiver_count":45,"unavailable_count":0},"E":{"min":43.285633,"max":66.866974,"receiver_count":45,"unavailable_count":0},"N":{"min":38.514423,"max":62.09576,"receiver_count":45,"unavailable_count":0}}}},{"type":"Feature","id":"lariac:399478889452","geometry":{"type":"Polygon","coordinates":[[[-118.53692802630654,34.18323866490861],[-118.53692804923938,34.18313421647785],[-118.53699424548175,34.183134225516284],[-118.53699422492654,34.18323903094809],[-118.53714232354811,34.183239060305674],[-118.53714237455961,34.183030878342976],[-118.53699341607853,34.18303085280467],[-118.53699341114651,34.183112438011115],[-118.53692781047074,34.183112427230014],[-118.536927850766,34.182990089393456],[-118.53623712108923,34.18298993884717],[-118.5362371136535,34.183246832806034],[-118.5363265749039,34.18324685085313],[-118.53632630669945,34.18323853169717],[-118.53692802630654,34.18323866490861]],[[-118.53686787039867,34.1831239049001],[-118.53676325223476,34.1831238742823],[-118.53676325323724,34.18312909511658],[-118.53670836491358,34.183129063721914],[-118.53670837942686,34.18314162215912],[-118.53663027954494,34.18314161078462],[-118.53663027104895,34.18312998722142],[-118.53633890145933,34.18312990566514],[-118.5363389359855,34.183099294503045],[-118.53663162889816,34.18309937018743],[-118.53663165099947,34.18308744356986],[-118.53670674147611,34.18308744034942],[-118.53670675792955,34.18310030079512],[-118.53676310092229,34.18310032573476],[-118.53676307696986,34.183106727701784],[-118.53677782398293,34.18310674519721],[-118.53677783423421,34.18309297768018],[-118.536830110214,34.18309299359169],[-118.53683011298767,34.18309848938888],[-118.53686787319091,34.183098513815025],[-118.53686787039867,34.1831239049001]]]},"properties":{"building_pk":64736,"building_key":"lariac:399478889452","source_tile":"r04-c05","source_tile_ids":["r04-c05"],"source_bld_id":"399478889452","height_m":7.111,"receiver_ids":[193417,193418,193419,193420,193421,193422,193423,193424,193425,193426,193427,193428,193429,193430,193431,193432,193433,193434,193435,193436,193437,193438,193439,193440,193441,193442,193443,193444,193445,193446,193447,193448,193449,193450,193451,193452,193453,193454,193455],"receiver_keys":["r04-c05:expanded-facade-max4m:64736:0:1","r04-c05:expanded-facade-max4m:64736:0:18","r04-c05:expanded-facade-max4m:64736:0:19","r04-c05:expanded-facade-max4m:64736:0:2","r04-c05:expanded-facade-max4m:64736:0:20","r04-c05:expanded-facade-max4m:64736:0:21","r04-c05:expanded-facade-max4m:64736:0:22","r04-c05:expanded-facade-max4m:64736:0:24","r04-c05:expanded-facade-max4m:64736:0:25","r04-c05:expanded-facade-max4m:64736:0:26","r04-c05:expanded-facade-max4m:64736:0:27","r04-c05:expanded-facade-max4m:64736:0:28","r04-c05:expanded-facade-max4m:64736:0:29","r04-c05:expanded-facade-max4m:64736:0:3","r04-c05:expanded-facade-max4m:64736:0:30","r04-c05:expanded-facade-max4m:64736:0:31","r04-c05:expanded-facade-max4m:64736:0:32","r04-c05:expanded-facade-max4m:64736:0:33","r04-c05:expanded-facade-max4m:64736:0:34","r04-c05:expanded-facade-max4m:64736:0:35","r04-c05:expanded-facade-max4m:64736:0:36","r04-c05:expanded-facade-max4m:64736:0:37","r04-c05:expanded-facade-max4m:64736:0:38","r04-c05:expanded-facade-max4m:64736:0:39","r04-c05:expanded-facade-max4m:64736:0:4","r04-c05:expanded-facade-max4m:64736:0:40","r04-c05:expanded-facade-max4m:64736:0:41","r04-c05:expanded-facade-max4m:64736:0:42","r04-c05:expanded-facade-max4m:64736:0:43","r04-c05:expanded-facade-max4m:64736:0:44","r04-c05:expanded-facade-max4m:64736:0:45","r04-c05:expanded-facade-max4m:64736:0:46","r04-c05:expanded-facade-max4m:64736:0:47","r04-c05:expanded-facade-max4m:64736:0:48","r04-c05:expanded-facade-max4m:64736:0:49","r04-c05:expanded-facade-max4m:64736:0:50","r04-c05:expanded-facade-max4m:64736:0:51","r04-c05:expanded-facade-max4m:64736:0:6","r04-c05:expanded-facade-max4m:64736:0:7"],"receiver_count":39,"periods":{"D":{"min":43.845146,"max":68.84723,"receiver_count":39,"unavailable_count":0},"E":{"min":41.62666,"max":66.62874,"receiver_count":39,"unavailable_count":0},"N":{"min":36.855446,"max":61.85753,"receiver_count":39,"unavailable_count":0}}}},{"type":"Feature","id":"lariac:398606888687","geometry":{"type":"Polygon","coordinates":[[[-118.53904689267847,34.18083363944615],[-118.53904619477271,34.181125085471635],[-118.53923448157757,34.18112538660668],[-118.53923400565765,34.18083402785113],[-118.53904689267847,34.18083363944615]]]},"properties":{"building_pk":64787,"building_key":"lariac:398606888687","source_tile":"r04-c05","source_tile_ids":["r04-c05"],"source_bld_id":"398606888687","height_m":4.63,"receiver_ids":[193540,193541,193542,193543,193544,193545,193546,193547],"receiver_keys":["r04-c05:expanded-facade-max4m:64787:0:1","r04-c05:expanded-facade-max4m:64787:0:2","r04-c05:expanded-facade-max4m:64787:0:20","r04-c05:expanded-facade-max4m:64787:0:21","r04-c05:expanded-facade-max4m:64787:0:22","r04-c05:expanded-facade-max4m:64787:0:23","r04-c05:expanded-facade-max4m:64787:0:24","r04-c05:expanded-facade-max4m:64787:0:25"],"receiver_count":8,"periods":{"D":{"min":57.249718,"max":62.59869,"receiver_count":8,"unavailable_count":0},"E":{"min":55.031227,"max":60.380203,"receiver_count":8,"unavailable_count":0},"N":{"min":50.260017,"max":55.60899,"receiver_count":8,"unavailable_count":0}}}},{"type":"Feature","id":"lariac:397145888871","geometry":{"type":"Polygon","coordinates":[[[-118.54413230585904,34.1816019081138],[-118.54413383501198,34.181552383935916],[-118.54407543481871,34.18155113567205],[-118.54407562561525,34.18154478704321],[-118.5440271135201,34.18154374129766],[-118.54402787364853,34.1815183747444],[-118.5440319411208,34.18151846643698],[-118.54403420453147,34.181444591863695],[-118.54400308635347,34.18144393486766],[-118.54400489078145,34.18138586371915],[-118.54394721875376,34.18138463916503],[-118.54394696732503,34.18139184002523],[-118.54386938770996,34.181390182970475],[-118.54386840614613,34.18142220030598],[-118.54388265909587,34.18142252117268],[-118.54387990252397,34.18151214252251],[-118.54391538542194,34.18151288991017],[-118.54391410203127,34.18155436219259],[-118.54392296376112,34.18155454141532],[-118.54392195898282,34.18158798870434],[-118.54386101229984,34.181586668846776],[-118.54385904593329,34.1816503744686],[-118.54392984695771,34.18165186908575],[-118.54393143148947,34.18160066869176],[-118.54399003022598,34.181601916132365],[-118.54398962394934,34.18161582247105],[-118.54398181984676,34.18161563759481],[-118.54398089053944,34.181645511726515],[-118.54407523586124,34.18164750529818],[-118.5440761149044,34.181619912297705],[-118.54410035452672,34.18162040819077],[-118.54410092402524,34.18160125232878],[-118.54413230585904,34.1816019081138]]]},"properties":{"building_pk":68757,"building_key":"lariac:397145888871","source_tile":"r04-c05","source_tile_ids":["r04-c05"],"source_bld_id":"397145888871","height_m":5.179,"receiver_ids":[194821,194822,194823,194824,194825,194826,194827,194828,194829,194830,194831,194832,194833,194834,194835,194836,194837,194838,194839,194840,194841,194842,194843,194844,194845,194846,194847],"receiver_keys":["r04-c05:expanded-facade-max4m:68757:0:1","r04-c05:expanded-facade-max4m:68757:0:10","r04-c05:expanded-facade-max4m:68757:0:14","r04-c05:expanded-facade-max4m:68757:0:15","r04-c05:expanded-facade-max4m:68757:0:16","r04-c05:expanded-facade-max4m:68757:0:17","r04-c05:expanded-facade-max4m:68757:0:19","r04-c05:expanded-facade-max4m:68757:0:2","r04-c05:expanded-facade-max4m:68757:0:20","r04-c05:expanded-facade-max4m:68757:0:21","r04-c05:expanded-facade-max4m:68757:0:22","r04-c05:expanded-facade-max4m:68757:0:23","r04-c05:expanded-facade-max4m:68757:0:24","r04-c05:expanded-facade-max4m:68757:0:25","r04-c05:expanded-facade-max4m:68757:0:26","r04-c05:expanded-facade-max4m:68757:0:29","r04-c05:expanded-facade-max4m:68757:0:3","r04-c05:expanded-facade-max4m:68757:0:30","r04-c05:expanded-facade-max4m:68757:0:31","r04-c05:expanded-facade-max4m:68757:0:32","r04-c05:expanded-facade-max4m:68757:0:33","r04-c05:expanded-facade-max4m:68757:0:4","r04-c05:expanded-facade-max4m:68757:0:5","r04-c05:expanded-facade-max4m:68757:0:6","r04-c05:expanded-facade-max4m:68757:0:7","r04-c05:expanded-facade-max4m:68757:0:8","r04-c05:expanded-facade-max4m:68757:0:9"],"receiver_count":27,"periods":{"D":{"min":52.710438,"max":60.645485,"receiver_count":27,"unavailable_count":0},"E":{"min":50.491947,"max":58.427,"receiver_count":27,"unavailable_count":0},"N":{"min":45.720737,"max":53.655785,"receiver_count":27,"unavailable_count":0}}}},{"type":"Feature","id":"lariac:396692889536","geometry":{"type":"Polygon","coordinates":[[[-118.54553758514477,34.1833287211836],[-118.54553688788324,34.18327826491222],[-118.54546461238716,34.18327894789544],[-118.54546531442752,34.18332881363414],[-118.54553758514477,34.1833287211836]]]},"properties":{"building_pk":68822,"building_key":"lariac:396692889536","source_tile":"r04-c05","source_tile_ids":["r04-c05"],"source_bld_id":"396692889536","height_m":3.956,"receiver_ids":[195002,195003,195004,195005,195006],"receiver_keys":["r04-c05:expanded-facade-max4m:68822:0:1","r04-c05:expanded-facade-max4m:68822:0:2","r04-c05:expanded-facade-max4m:68822:0:3","r04-c05:expanded-facade-max4m:68822:0:4","r04-c05:expanded-facade-max4m:68822:0:5"],"receiver_count":5,"periods":{"D":{"min":58.39527,"max":61.29278,"receiver_count":5,"unavailable_count":0},"E":{"min":56.17678,"max":59.074295,"receiver_count":5,"unavailable_count":0},"N":{"min":51.40557,"max":54.30308,"receiver_count":5,"unavailable_count":0}}}},{"type":"Feature","id":"lariac:397123889897","geometry":{"type":"Polygon","coordinates":[[[-118.54413906205225,34.18428370217345],[-118.54415333347703,34.18427162940313],[-118.54415443003494,34.18425211415793],[-118.54414038490943,34.18424313666297],[-118.54397516529895,34.18424451182724],[-118.54397560431389,34.18428144250044],[-118.54396251121535,34.18428155637969],[-118.54396339780114,34.184356899825886],[-118.5441328166911,34.18435547783937],[-118.54413289489108,34.18436232020587],[-118.54417934887816,34.18436191918267],[-118.54417879455603,34.184317460235306],[-118.54413234041739,34.18431783421276],[-118.54413195340081,34.18428373415379],[-118.54413906205225,34.18428370217345]]]},"properties":{"building_pk":68823,"building_key":"lariac:397123889897","source_tile":"r04-c05","source_tile_ids":["r04-c05"],"source_bld_id":"397123889897","height_m":8.589,"receiver_ids":[195007,195008,195009,195010,195011,195012,195013,195014],"receiver_keys":["r04-c05:expanded-facade-max4m:68823:0:1","r04-c05:expanded-facade-max4m:68823:0:15","r04-c05:expanded-facade-max4m:68823:0:16","r04-c05:expanded-facade-max4m:68823:0:17","r04-c05:expanded-facade-max4m:68823:0:18","r04-c05:expanded-facade-max4m:68823:0:6","r04-c05:expanded-facade-max4m:68823:0:8","r04-c05:expanded-facade-max4m:68823:0:9"],"receiver_count":8,"periods":{"D":{"min":51.44501,"max":57.167503,"receiver_count":8,"unavailable_count":0},"E":{"min":49.226524,"max":54.949017,"receiver_count":8,"unavailable_count":0},"N":{"min":44.455315,"max":50.177803,"receiver_count":8,"unavailable_count":0}}}},{"type":"Feature","id":"lariac:397360888638","geometry":{"type":"Polygon","coordinates":[[[-118.54337861111756,34.18088666333821],[-118.54337796044896,34.18080697699746],[-118.54318351730122,34.18080804244671],[-118.54318413415714,34.18088772893956],[-118.54337861111756,34.18088666333821]]]},"properties":{"building_pk":68843,"building_key":"lariac:397360888638","source_tile":"r04-c05","source_tile_ids":["r04-c05"],"source_bld_id":"397360888638","height_m":8.178,"receiver_ids":[195015,195016,195017,195018],"receiver_keys":["r04-c05:expanded-facade-max4m:68843:0:1","r04-c05:expanded-facade-max4m:68843:0:2","r04-c05:expanded-facade-max4m:68843:0:8","r04-c05:expanded-facade-max4m:68843:0:9"],"receiver_count":4,"periods":{"D":{"min":57.09465,"max":59.716026,"receiver_count":4,"unavailable_count":0},"E":{"min":54.876163,"max":57.49754,"receiver_count":4,"unavailable_count":0},"N":{"min":50.10495,"max":52.72633,"receiver_count":4,"unavailable_count":0}}}},{"type":"Feature","id":"lariac:396502890026","geometry":{"type":"Polygon","coordinates":[[[-118.54603773244234,34.18454383626779],[-118.5460382750868,34.18474833375028],[-118.54610635708264,34.184748190456375],[-118.54610620422454,34.18469444199406],[-118.54614211268722,34.18469436280198],[-118.54614226520886,34.18474805627168],[-118.5462176545955,34.18474790786731],[-118.54621747599765,34.18468525677387],[-118.54620547360389,34.18468528302797],[-118.5462052072622,34.18458897048026],[-118.54616218890659,34.184589054750056],[-118.5461620648797,34.18454984265321],[-118.54610502753269,34.184549962257286],[-118.54610502038305,34.18454372450649],[-118.54603773244234,34.18454383626779]]]},"properties":{"building_pk":68862,"building_key":"lariac:396502890026","source_tile":"r04-c05","source_tile_ids":["r04-c05"],"source_bld_id":"396502890026","height_m":5.608,"receiver_ids":[195029,195030,195031],"receiver_keys":["r04-c05:expanded-facade-max4m:68862:0:1","r04-c05:expanded-facade-max4m:68862:0:2","r04-c05:expanded-facade-max4m:68862:0:3"],"receiver_count":3,"periods":{"D":{"min":54.22059,"max":54.60751,"receiver_count":3,"unavailable_count":0},"E":{"min":52.0021,"max":52.389023,"receiver_count":3,"unavailable_count":0},"N":{"min":47.23089,"max":47.61781,"receiver_count":3,"unavailable_count":0}}}},{"type":"Feature","id":"lariac:396486888573","geometry":{"type":"Polygon","coordinates":[[[-118.54611691007844,34.18061685079287],[-118.54602624167129,34.180615776218616],[-118.5460249279609,34.18069310847805],[-118.54612313615476,34.18069425809548],[-118.54612160291863,34.18078346287885],[-118.5462013598534,34.18078439372931],[-118.54620417292885,34.18061785773695],[-118.54619732854898,34.1806177786582],[-118.54619773935038,34.18059466662446],[-118.54611728835972,34.180593738906346],[-118.54611691007844,34.18061685079287]]]},"properties":{"building_pk":70758,"building_key":"lariac:396486888573","source_tile":"r04-c05","source_tile_ids":["r04-c04","r04-c05"],"source_bld_id":"396486888573","height_m":4.252,"receiver_ids":[197547,197548,197549,197550],"receiver_keys":["r04-c05:expanded-facade-max4m:70758:0:2","r04-c05:expanded-facade-max4m:70758:0:3","r04-c05:expanded-facade-max4m:70758:0:5","r04-c05:expanded-facade-max4m:70758:0:6"],"receiver_count":4,"periods":{"D":{"min":63.781315,"max":66.623604,"receiver_count":4,"unavailable_count":0},"E":{"min":61.562828,"max":64.40511,"receiver_count":4,"unavailable_count":0},"N":{"min":56.791615,"max":59.633904,"receiver_count":4,"unavailable_count":0}}}},{"type":"Feature","id":"lariac:397215889624","geometry":{"type":"Polygon","coordinates":[[[-118.5436919952724,34.18330006460152],[-118.54367754491979,34.18329996457495],[-118.5436776815594,34.1832852895309],[-118.54364306027789,34.18328503314497],[-118.54364210628678,34.18337731225247],[-118.54362729234298,34.18337718680779],[-118.54362608151385,34.183495847145096],[-118.54370246465307,34.183496382813345],[-118.54370286650918,34.18345645433269],[-118.54373828083817,34.1834567071367],[-118.54373778208152,34.18350707863597],[-118.5437328882657,34.183507045642045],[-118.54373255474785,34.18354213793418],[-118.54370871374857,34.183541970138],[-118.54370842028082,34.1835730503797],[-118.54373341875377,34.1835732129725],[-118.54373315818438,34.18359934629513],[-118.54380901421945,34.18359988516753],[-118.54380902476078,34.18359650523208],[-118.54383163210586,34.18359663708442],[-118.54383170985771,34.18356992128461],[-118.54380858637975,34.18356982511006],[-118.54380915841992,34.183515386416296],[-118.54381527478132,34.18351541300879],[-118.54381597252844,34.183449790097804],[-118.5437029167575,34.18344900735438],[-118.5437036399837,34.18337711859987],[-118.54369120640291,34.183377036555314],[-118.5436919952724,34.18330006460152]]]},"properties":{"building_pk":70876,"building_key":"lariac:397215889624","source_tile":"r04-c05","source_tile_ids":["r04-c05"],"source_bld_id":"397215889624","height_m":4.164,"receiver_ids":[197686,197687,197688,197689,197690,197691,197692,197693,197694,197695,197696,197697,197698,197699,197700,197701,197702,197703,197704],"receiver_keys":["r04-c05:expanded-facade-max4m:70876:0:10","r04-c05:expanded-facade-max4m:70876:0:12","r04-c05:expanded-facade-max4m:70876:0:13","r04-c05:expanded-facade-max4m:70876:0:14","r04-c05:expanded-facade-max4m:70876:0:15","r04-c05:expanded-facade-max4m:70876:0:16","r04-c05:expanded-facade-max4m:70876:0:17","r04-c05:expanded-facade-max4m:70876:0:18","r04-c05:expanded-facade-max4m:70876:0:19","r04-c05:expanded-facade-max4m:70876:0:20","r04-c05:expanded-facade-max4m:70876:0:22","r04-c05:expanded-facade-max4m:70876:0:23","r04-c05:expanded-facade-max4m:70876:0:24","r04-c05:expanded-facade-max4m:70876:0:25","r04-c05:expanded-facade-max4m:70876:0:26","r04-c05:expanded-facade-max4m:70876:0:28","r04-c05:expanded-facade-max4m:70876:0:29","r04-c05:expanded-facade-max4m:70876:0:30","r04-c05:expanded-facade-max4m:70876:0:31"],"receiver_count":19,"periods":{"D":{"min":52.504707,"max":58.81382,"receiver_count":19,"unavailable_count":0},"E":{"min":50.28622,"max":56.595333,"receiver_count":19,"unavailable_count":0},"N":{"min":45.515007,"max":51.82412,"receiver_count":19,"unavailable_count":0}}}},{"type":"Feature","id":"lariac:396795890063","geometry":{"type":"Polygon","coordinates":[[[-118.54529234231303,34.18477816107764],[-118.54529290467936,34.1847174016908],[-118.54520765707014,34.18471682493951],[-118.54520809604217,34.184672553545695],[-118.54523279652751,34.184672717173335],[-118.54523308020737,34.18464520978802],[-118.54520312135497,34.18464501486897],[-118.54520308620837,34.18464976886878],[-118.54511476416852,34.18464917796265],[-118.54511466436037,34.18465931807747],[-118.5451102336854,34.18465928305167],[-118.54510994996505,34.18468679043668],[-118.5451162998326,34.18468684476085],[-118.54511620970804,34.184698468773384],[-118.54512259193812,34.18469849500348],[-118.54512238004916,34.18472171522326],[-118.54510779710931,34.18472161686557],[-118.54510758199231,34.184744343053744],[-118.54512272577742,34.18474443888382],[-118.5451224146364,34.18477771807695],[-118.54518613501249,34.18477814490038],[-118.54518607610309,34.18478441089647],[-118.54521150560115,34.18478457034108],[-118.54521155948147,34.18477770033318],[-118.54529234231303,34.18477816107764]]]},"properties":{"building_pk":71108,"building_key":"lariac:396795890063","source_tile":"r04-c05","source_tile_ids":["r04-c05"],"source_bld_id":"396795890063","height_m":5.944,"receiver_ids":[197858,197859,197860,197861,197862,197863,197864,197865,197866,197867,197868,197869,197870,197871,197872,197873],"receiver_keys":["r04-c05:expanded-facade-max4m:71108:0:1","r04-c05:expanded-facade-max4m:71108:0:10","r04-c05:expanded-facade-max4m:71108:0:11","r04-c05:expanded-facade-max4m:71108:0:13","r04-c05:expanded-facade-max4m:71108:0:14","r04-c05:expanded-facade-max4m:71108:0:15","r04-c05:expanded-facade-max4m:71108:0:16","r04-c05:expanded-facade-max4m:71108:0:17","r04-c05:expanded-facade-max4m:71108:0:18","r04-c05:expanded-facade-max4m:71108:0:2","r04-c05:expanded-facade-max4m:71108:0:3","r04-c05:expanded-facade-max4m:71108:0:5","r04-c05:expanded-facade-max4m:71108:0:6","r04-c05:expanded-facade-max4m:71108:0:7","r04-c05:expanded-facade-max4m:71108:0:8","r04-c05:expanded-facade-max4m:71108:0:9"],"receiver_count":16,"periods":{"D":{"min":48.793026,"max":69.11336,"receiver_count":16,"unavailable_count":0},"E":{"min":46.574535,"max":66.894875,"receiver_count":16,"unavailable_count":0},"N":{"min":41.803326,"max":62.12366,"receiver_count":16,"unavailable_count":0}}}},{"type":"Feature","id":"lariac:201700286306","geometry":{"type":"Polygon","coordinates":[[[-118.54157431840841,34.18099705331486],[-118.54157444305643,34.18100088612081],[-118.54167419384066,34.180998651655536],[-118.54167049204223,34.18088447419293],[-118.54156989860229,34.180886721444345],[-118.54157129520227,34.18092979996719],[-118.54155211687868,34.180930229329924],[-118.5415542973173,34.1809975017778],[-118.54157431840841,34.18099705331486]]]},"properties":{"building_pk":72102,"building_key":"lariac:201700286306","source_tile":"r04-c05","source_tile_ids":["r04-c05"],"source_bld_id":"201700286306","height_m":4.023,"receiver_ids":[198675,198676,198677,198678,198679,198680,198681,198682,198683,198684,198685,198686],"receiver_keys":["r04-c05:expanded-facade-max4m:72102:0:1","r04-c05:expanded-facade-max4m:72102:0:10","r04-c05:expanded-facade-max4m:72102:0:11","r04-c05:expanded-facade-max4m:72102:0:12","r04-c05:expanded-facade-max4m:72102:0:2","r04-c05:expanded-facade-max4m:72102:0:3","r04-c05:expanded-facade-max4m:72102:0:4","r04-c05:expanded-facade-max4m:72102:0:5","r04-c05:expanded-facade-max4m:72102:0:6","r04-c05:expanded-facade-max4m:72102:0:7","r04-c05:expanded-facade-max4m:72102:0:8","r04-c05:expanded-facade-max4m:72102:0:9"],"receiver_count":12,"periods":{"D":{"min":63.517395,"max":65.41519,"receiver_count":12,"unavailable_count":0},"E":{"min":61.298904,"max":63.196705,"receiver_count":12,"unavailable_count":0},"N":{"min":56.527695,"max":58.42549,"receiver_count":12,"unavailable_count":0}}}},{"type":"Feature","id":"lariac:201700286764","geometry":{"type":"Polygon","coordinates":[[[-118.54539268400057,34.18555363871856],[-118.54545719282606,34.185553939236705],[-118.5454576616343,34.18548451823544],[-118.54539315296245,34.18548423304345],[-118.54539268400057,34.18555363871856]]]},"properties":{"building_pk":72115,"building_key":"lariac:201700286764","source_tile":"r04-c05","source_tile_ids":["r04-c05"],"source_bld_id":"201700286764","height_m":3.758,"receiver_ids":[198773,198774,198775,198776,198777,198778,198779],"receiver_keys":["r04-c05:expanded-facade-max4m:72115:0:1","r04-c05:expanded-facade-max4m:72115:0:2","r04-c05:expanded-facade-max4m:72115:0:3","r04-c05:expanded-facade-max4m:72115:0:4","r04-c05:expanded-facade-max4m:72115:0:5","r04-c05:expanded-facade-max4m:72115:0:6","r04-c05:expanded-facade-max4m:72115:0:7"],"receiver_count":7,"periods":{"D":{"min":56.210007,"max":59.80889,"receiver_count":7,"unavailable_count":0},"E":{"min":53.991516,"max":57.5904,"receiver_count":7,"unavailable_count":0},"N":{"min":49.220306,"max":52.81919,"receiver_count":7,"unavailable_count":0}}}},{"type":"Feature","id":"lariac:201700286847","geometry":{"type":"Polygon","coordinates":[[[-118.54436069906161,34.186046905532955],[-118.54436222092413,34.18615458450093],[-118.5445514706498,34.18615273731849],[-118.54455070403779,34.18609854445549],[-118.54456241857683,34.18609843040965],[-118.5445616770981,34.1860459305331],[-118.5444860721382,34.18604663872919],[-118.54448599752958,34.18604135060828],[-118.54447332297137,34.18604147437755],[-118.54447340795689,34.1860475224533],[-118.54441849101016,34.18604805814276],[-118.54441840929918,34.186042345426564],[-118.54440407828501,34.18604248565973],[-118.54440413470562,34.18604648195007],[-118.54436069906161,34.186046905532955]]]},"properties":{"building_pk":72121,"building_key":"lariac:201700286847","source_tile":"r04-c05","source_tile_ids":["r04-c05"],"source_bld_id":"201700286847","height_m":7.196,"receiver_ids":[198802,198803,198804,198805,198806,198807,198808,198809,198810],"receiver_keys":["r04-c05:expanded-facade-max4m:72121:0:1","r04-c05:expanded-facade-max4m:72121:0:10","r04-c05:expanded-facade-max4m:72121:0:11","r04-c05:expanded-facade-max4m:72121:0:2","r04-c05:expanded-facade-max4m:72121:0:3","r04-c05:expanded-facade-max4m:72121:0:5","r04-c05:expanded-facade-max4m:72121:0:7","r04-c05:expanded-facade-max4m:72121:0:8","r04-c05:expanded-facade-max4m:72121:0:9"],"receiver_count":9,"periods":{"D":{"min":55.773945,"max":67.7672,"receiver_count":9,"unavailable_count":0},"E":{"min":53.555458,"max":65.548706,"receiver_count":9,"unavailable_count":0},"N":{"min":48.784245,"max":60.777496,"receiver_count":9,"unavailable_count":0}}}},{"type":"Feature","id":"lariac:399210890139","geometry":{"type":"Polygon","coordinates":[[[-118.53745647883264,34.18494107544537],[-118.53700229107778,34.18492579938049],[-118.53699665356476,34.18504162137101],[-118.53745335825815,34.185056987248835],[-118.5374540868661,34.185046808288675],[-118.53745409277751,34.18504671540341],[-118.53745899513898,34.184941165236985],[-118.53745647883264,34.18494107544537]]]},"properties":{"building_pk":72484,"building_key":"lariac:399210890139","source_tile":"r04-c05","source_tile_ids":["r04-c05"],"source_bld_id":"399210890139","height_m":6.02,"receiver_ids":[198860,198861,198862,198863,198864,198865,198866,198867,198868],"receiver_keys":["r04-c05:expanded-facade-max4m:72484:0:10","r04-c05:expanded-facade-max4m:72484:0:11","r04-c05:expanded-facade-max4m:72484:0:12","r04-c05:expanded-facade-max4m:72484:0:13","r04-c05:expanded-facade-max4m:72484:0:14","r04-c05:expanded-facade-max4m:72484:0:15","r04-c05:expanded-facade-max4m:72484:0:16","r04-c05:expanded-facade-max4m:72484:0:17","r04-c05:expanded-facade-max4m:72484:0:9"],"receiver_count":9,"periods":{"D":{"min":49.37579,"max":57.76123,"receiver_count":9,"unavailable_count":0},"E":{"min":47.1573,"max":55.54274,"receiver_count":9,"unavailable_count":0},"N":{"min":42.38609,"max":50.77153,"receiver_count":9,"unavailable_count":0}}}},{"type":"Feature","id":"lariac:399325888487","geometry":{"type":"Polygon","coordinates":[[[-118.53680981034361,34.180453632859425],[-118.53673287179099,34.18045400226844],[-118.53673318224683,34.180497088360575],[-118.53681011958058,34.180496691910534],[-118.53680981034361,34.180453632859425]]]},"properties":{"building_pk":72491,"building_key":"lariac:399325888487","source_tile":"r04-c05","source_tile_ids":["r04-c05"],"source_bld_id":"399325888487","height_m":4.191,"receiver_ids":[198869,198870,198871,198872,198873],"receiver_keys":["r04-c05:expanded-facade-max4m:72491:0:1","r04-c05:expanded-facade-max4m:72491:0:2","r04-c05:expanded-facade-max4m:72491:0:3","r04-c05:expanded-facade-max4m:72491:0:4","r04-c05:expanded-facade-max4m:72491:0:5"],"receiver_count":5,"periods":{"D":{"min":61.597076,"max":66.76997,"receiver_count":5,"unavailable_count":0},"E":{"min":59.37859,"max":64.55148,"receiver_count":5,"unavailable_count":0},"N":{"min":54.607376,"max":59.780273,"receiver_count":5,"unavailable_count":0}}}},{"type":"Feature","id":"lariac:399241888936","geometry":{"type":"Polygon","coordinates":[[[-118.5368851268451,34.18173415481407],[-118.53712078110792,34.18173475744401],[-118.53712167305771,34.18148779816451],[-118.53703970524775,34.18148761311122],[-118.53703956443488,34.18152223751655],[-118.53702928057554,34.18152222818497],[-118.5370290514308,34.1815790552955],[-118.53704171543747,34.18157908200648],[-118.53704163094315,34.181607111370674],[-118.53700648206983,34.181607019511816],[-118.53700618364121,34.181689183909796],[-118.53697573083981,34.181689099139156],[-118.53697592742779,34.181637327128044],[-118.53696703295734,34.18163728457635],[-118.53696723454463,34.181581226605076],[-118.53697659202722,34.18158124005483],[-118.5369768346919,34.181521279119146],[-118.53696651828996,34.18152126992674],[-118.53696664389955,34.18148933849972],[-118.53688603185583,34.18148911937531],[-118.5368851268451,34.18173415481407]]]},"properties":{"building_pk":72577,"building_key":"lariac:399241888936","source_tile":"r04-c05","source_tile_ids":["r04-c05"],"source_bld_id":"399241888936","height_m":7.352,"receiver_ids":[199011,199012,199013,199014,199015,199016,199017,199018,199019,199020,199021,199022,199023,199024,199025,199026,199027,199028,199029,199030,199031,199032,199033],"receiver_keys":["r04-c05:expanded-facade-max4m:72577:0:1","r04-c05:expanded-facade-max4m:72577:0:14","r04-c05:expanded-facade-max4m:72577:0:15","r04-c05:expanded-facade-max4m:72577:0:17","r04-c05:expanded-facade-max4m:72577:0:19","r04-c05:expanded-facade-max4m:72577:0:2","r04-c05:expanded-facade-max4m:72577:0:20","r04-c05:expanded-facade-max4m:72577:0:25","r04-c05:expanded-facade-max4m:72577:0:26","r04-c05:expanded-facade-max4m:72577:0:27","r04-c05:expanded-facade-max4m:72577:0:28","r04-c05:expanded-facade-max4m:72577:0:29","r04-c05:expanded-facade-max4m:72577:0:3","r04-c05:expanded-facade-max4m:72577:0:30","r04-c05:expanded-facade-max4m:72577:0:31","r04-c05:expanded-facade-max4m:72577:0:32","r04-c05:expanded-facade-max4m:72577:0:33","r04-c05:expanded-facade-max4m:72577:0:34","r04-c05:expanded-facade-max4m:72577:0:35","r04-c05:expanded-facade-max4m:72577:0:36","r04-c05:expanded-facade-max4m:72577:0:37","r04-c05:expanded-facade-max4m:72577:0:4","r04-c05:expanded-facade-max4m:72577:0:5"],"receiver_count":23,"periods":{"D":{"min":50.03177,"max":62.423706,"receiver_count":23,"unavailable_count":0},"E":{"min":47.81328,"max":60.205215,"receiver_count":23,"unavailable_count":0},"N":{"min":43.04207,"max":55.434006,"receiver_count":23,"unavailable_count":0}}}},{"type":"Feature","id":"lariac:399180889989","geometry":{"type":"Polygon","coordinates":[[[-118.53750989292399,34.18471855620153],[-118.53751123163605,34.18471906683681],[-118.53756056348806,34.184610882340934],[-118.53755874152596,34.18461029361659],[-118.53755855563679,34.18461023403936],[-118.53701473496477,34.18443892412522],[-118.53696536888448,34.18454710944904],[-118.53750989292399,34.18471855620153]]]},"properties":{"building_pk":72608,"building_key":"lariac:399180889989","source_tile":"r04-c05","source_tile_ids":["r04-c05"],"source_bld_id":"399180889989","height_m":6.27,"receiver_ids":[199056,199057,199058,199059,199060,199061,199062,199063,199064],"receiver_keys":["r04-c05:expanded-facade-max4m:72608:0:16","r04-c05:expanded-facade-max4m:72608:0:17","r04-c05:expanded-facade-max4m:72608:0:18","r04-c05:expanded-facade-max4m:72608:0:19","r04-c05:expanded-facade-max4m:72608:0:20","r04-c05:expanded-facade-max4m:72608:0:21","r04-c05:expanded-facade-max4m:72608:0:22","r04-c05:expanded-facade-max4m:72608:0:23","r04-c05:expanded-facade-max4m:72608:0:24"],"receiver_count":9,"periods":{"D":{"min":47.584465,"max":58.333168,"receiver_count":9,"unavailable_count":0},"E":{"min":45.36598,"max":56.11468,"receiver_count":9,"unavailable_count":0},"N":{"min":40.594765,"max":51.343468,"receiver_count":9,"unavailable_count":0}}}},{"type":"Feature","id":"lariac:399799888674","geometry":{"type":"Polygon","coordinates":[[[-118.53525315712346,34.18099557813293],[-118.53522445244708,34.1809432200071],[-118.53516587211786,34.18096540746916],[-118.53519457676512,34.18101776560893],[-118.53525315712346,34.18099557813293]]]},"properties":{"building_pk":72673,"building_key":"lariac:399799888674","source_tile":"r04-c05","source_tile_ids":["r04-c05"],"source_bld_id":"399799888674","height_m":4.161,"receiver_ids":[199175,199176,199177],"receiver_keys":["r04-c05:expanded-facade-max4m:72673:0:1","r04-c05:expanded-facade-max4m:72673:0:2","r04-c05:expanded-facade-max4m:72673:0:7"],"receiver_count":3,"periods":{"D":{"min":62.213917,"max":64.29284,"receiver_count":3,"unavailable_count":0},"E":{"min":59.995426,"max":62.074352,"receiver_count":3,"unavailable_count":0},"N":{"min":55.224216,"max":57.30314,"receiver_count":3,"unavailable_count":0}}}},{"type":"Feature","id":"lariac:396785890641","geometry":{"type":"Polygon","coordinates":[[[-118.54531508724844,34.18632235739364],[-118.54533146096406,34.186322364711764],[-118.54533145736961,34.186295392334955],[-118.54531110771335,34.18629539032046],[-118.54531112862423,34.18630357895021],[-118.5452603391947,34.18630358884328],[-118.54526032814046,34.186286771491666],[-118.54519257503539,34.186286801931374],[-118.54519258059295,34.186277514200235],[-118.54515544723724,34.18627751658758],[-118.54515544185793,34.186286832265736],[-118.54514654706479,34.186286817361044],[-118.54514659080581,34.18639475451661],[-118.54522684257782,34.18639472275777],[-118.54522683234983,34.18638301715682],[-118.54531511864528,34.18638300321449],[-118.54531508724844,34.18632235739364]]]},"properties":{"building_pk":76127,"building_key":"lariac:396785890641","source_tile":"r04-c05","source_tile_ids":["r04-c05"],"source_bld_id":"396785890641","height_m":4.785,"receiver_ids":[200165,200166,200167,200168,200169,200170],"receiver_keys":["r04-c05:expanded-facade-max4m:76127:0:2","r04-c05:expanded-facade-max4m:76127:0:3","r04-c05:expanded-facade-max4m:76127:0:4","r04-c05:expanded-facade-max4m:76127:0:5","r04-c05:expanded-facade-max4m:76127:0:6","r04-c05:expanded-facade-max4m:76127:0:7"],"receiver_count":6,"periods":{"D":{"min":56.730755,"max":59.393665,"receiver_count":6,"unavailable_count":0},"E":{"min":54.512268,"max":57.175175,"receiver_count":6,"unavailable_count":0},"N":{"min":49.741055,"max":52.403965,"receiver_count":6,"unavailable_count":0}}}},{"type":"Feature","id":"lariac:397229889111","geometry":{"type":"Polygon","coordinates":[[[-118.5437936451238,34.18209750613722],[-118.54373912410415,34.18209780624986],[-118.54373882721109,34.18206235978075],[-118.5436619548151,34.182062787386435],[-118.54366298613633,34.18218575153209],[-118.54367313611787,34.1821856788613],[-118.54367338595154,34.18221389876621],[-118.54366892322174,34.182213918826434],[-118.54366909686549,34.18223559927461],[-118.54373615028688,34.182235242853935],[-118.54373581725977,34.182194244840105],[-118.5437830313564,34.18219397758131],[-118.5437828943551,34.18217793071616],[-118.54379430049478,34.18217785238749],[-118.5437936451238,34.18209750613722]]]},"properties":{"building_pk":76208,"building_key":"lariac:397229889111","source_tile":"r04-c05","source_tile_ids":["r04-c05"],"source_bld_id":"397229889111","height_m":5.809,"receiver_ids":[200330,200331,200332,200333,200334,200335,200336,200337,200338],"receiver_keys":["r04-c05:expanded-facade-max4m:76208:0:1","r04-c05:expanded-facade-max4m:76208:0:10","r04-c05:expanded-facade-max4m:76208:0:11","r04-c05:expanded-facade-max4m:76208:0:12","r04-c05:expanded-facade-max4m:76208:0:13","r04-c05:expanded-facade-max4m:76208:0:15","r04-c05:expanded-facade-max4m:76208:0:16","r04-c05:expanded-facade-max4m:76208:0:3","r04-c05:expanded-facade-max4m:76208:0:4"],"receiver_count":9,"periods":{"D":{"min":49.37913,"max":62.354023,"receiver_count":9,"unavailable_count":0},"E":{"min":47.160645,"max":60.135532,"receiver_count":9,"unavailable_count":0},"N":{"min":42.38943,"max":55.364323,"receiver_count":9,"unavailable_count":0}}}},{"type":"Feature","id":"lariac:397431888602","geometry":{"type":"Polygon","coordinates":[[[-118.54312800685372,34.18078834147341],[-118.54312805066309,34.180708652013806],[-118.5431044425973,34.18070864803869],[-118.54310444871285,34.18070441616445],[-118.54306857379565,34.18070438522493],[-118.54306856696331,34.18070850711406],[-118.54301801180459,34.180708487081105],[-118.54301801631883,34.18070400819104],[-118.54298058695343,34.18070398330299],[-118.54298059031329,34.18070950704696],[-118.54296620711243,34.18070948867642],[-118.54296618234596,34.180741227638165],[-118.54294369806942,34.180741218586604],[-118.54294364042829,34.18078826320543],[-118.54312800685372,34.18078834147341]]]},"properties":{"building_pk":76209,"building_key":"lariac:397431888602","source_tile":"r04-c05","source_tile_ids":["r04-c05"],"source_bld_id":"397431888602","height_m":8.013,"receiver_ids":[200339,200340,200341,200342,200343,200344,200345,200346,200347],"receiver_keys":["r04-c05:expanded-facade-max4m:76209:0:1","r04-c05:expanded-facade-max4m:76209:0:10","r04-c05:expanded-facade-max4m:76209:0:2","r04-c05:expanded-facade-max4m:76209:0:3","r04-c05:expanded-facade-max4m:76209:0:4","r04-c05:expanded-facade-max4m:76209:0:5","r04-c05:expanded-facade-max4m:76209:0:6","r04-c05:expanded-facade-max4m:76209:0:7","r04-c05:expanded-facade-max4m:76209:0:9"],"receiver_count":9,"periods":{"D":{"min":61.843773,"max":66.49146,"receiver_count":9,"unavailable_count":0},"E":{"min":59.625282,"max":64.27297,"receiver_count":9,"unavailable_count":0},"N":{"min":54.854073,"max":59.501762,"receiver_count":9,"unavailable_count":0}}}},{"type":"Feature","id":"lariac:397051888654","geometry":{"type":"Polygon","coordinates":[[[-118.54432982353342,34.180915360944354],[-118.54432807762906,34.18085551890872],[-118.54425951220976,34.180856899408],[-118.54426125698022,34.18091674144947],[-118.54432982353342,34.180915360944354]]]},"properties":{"building_pk":76213,"building_key":"lariac:397051888654","source_tile":"r04-c05","source_tile_ids":["r04-c05"],"source_bld_id":"397051888654","height_m":3.463,"receiver_ids":[200365,200366,200367,200368,200369,200370,200371],"receiver_keys":["r04-c05:expanded-facade-max4m:76213:0:1","r04-c05:expanded-facade-max4m:76213:0:2","r04-c05:expanded-facade-max4m:76213:0:3","r04-c05:expanded-facade-max4m:76213:0:4","r04-c05:expanded-facade-max4m:76213:0:5","r04-c05:expanded-facade-max4m:76213:0:6","r04-c05:expanded-facade-max4m:76213:0:7"],"receiver_count":7,"periods":{"D":{"min":63.983536,"max":65.475685,"receiver_count":7,"unavailable_count":0},"E":{"min":61.765045,"max":63.257202,"receiver_count":7,"unavailable_count":0},"N":{"min":56.993835,"max":58.48599,"receiver_count":7,"unavailable_count":0}}}},{"type":"Feature","id":"lariac:396535890184","geometry":{"type":"Polygon","coordinates":[[[-118.54607974588083,34.18516915405469],[-118.54608097437944,34.185038293000716],[-118.54598481476269,34.185037655171115],[-118.54598467582683,34.185051917322944],[-118.54597379670038,34.185051856442854],[-118.54597427490314,34.18499854508548],[-118.54589868354329,34.18499803431849],[-118.54589804008369,34.18506656989328],[-118.54592092255618,34.18506674158616],[-118.54592055232948,34.18510620293682],[-118.5459326216757,34.18510628639744],[-118.54593203476361,34.18516819897507],[-118.54607974588083,34.18516915405469]]]},"properties":{"building_pk":76733,"building_key":"lariac:396535890184","source_tile":"r04-c05","source_tile_ids":["r04-c05"],"source_bld_id":"396535890184","height_m":5.441,"receiver_ids":[200954,200955,200956,200957,200958,200959,200960,200961,200962,200963,200964],"receiver_keys":["r04-c05:expanded-facade-max4m:76733:0:10","r04-c05:expanded-facade-max4m:76733:0:11","r04-c05:expanded-facade-max4m:76733:0:12","r04-c05:expanded-facade-max4m:76733:0:14","r04-c05:expanded-facade-max4m:76733:0:15","r04-c05:expanded-facade-max4m:76733:0:16","r04-c05:expanded-facade-max4m:76733:0:17","r04-c05:expanded-facade-max4m:76733:0:18","r04-c05:expanded-facade-max4m:76733:0:6","r04-c05:expanded-facade-max4m:76733:0:8","r04-c05:expanded-facade-max4m:76733:0:9"],"receiver_count":11,"periods":{"D":{"min":53.106953,"max":58.16992,"receiver_count":11,"unavailable_count":0},"E":{"min":50.888466,"max":55.951435,"receiver_count":11,"unavailable_count":0},"N":{"min":46.117252,"max":51.18022,"receiver_count":11,"unavailable_count":0}}}},{"type":"Feature","id":"lariac:396645889388","geometry":{"type":"Polygon","coordinates":[[[-118.5456907841483,34.18284972044166],[-118.5456907757784,34.18285856913359],[-118.54560751824552,34.182858449792185],[-118.54560740586436,34.18290203273797],[-118.54557695278884,34.1829019771785],[-118.545576858757,34.1829433891236],[-118.54558086049552,34.18294337107257],[-118.54558078063782,34.18298695297008],[-118.5456596415169,34.182987064218025],[-118.5456596869293,34.1829636247712],[-118.54567820369294,34.18296365122054],[-118.5456782698558,34.18293325897294],[-118.54569589365958,34.18293326150037],[-118.54569594133392,34.18291531785541],[-118.54575281393407,34.182915391211466],[-118.54575294750943,34.1828498249211],[-118.5456907841483,34.18284972044166]]]},"properties":{"building_pk":76801,"building_key":"lariac:396645889388","source_tile":"r04-c05","source_tile_ids":["r04-c05"],"source_bld_id":"396645889388","height_m":5.788,"receiver_ids":[200993,200994,200995,200996,200997,200998,200999,201000,201001,201002,201003],"receiver_keys":["r04-c05:expanded-facade-max4m:76801:0:1","r04-c05:expanded-facade-max4m:76801:0:10","r04-c05:expanded-facade-max4m:76801:0:13","r04-c05:expanded-facade-max4m:76801:0:14","r04-c05:expanded-facade-max4m:76801:0:15","r04-c05:expanded-facade-max4m:76801:0:3","r04-c05:expanded-facade-max4m:76801:0:5","r04-c05:expanded-facade-max4m:76801:0:6","r04-c05:expanded-facade-max4m:76801:0:7","r04-c05:expanded-facade-max4m:76801:0:8","r04-c05:expanded-facade-max4m:76801:0:9"],"receiver_count":11,"periods":{"D":{"min":47.325615,"max":60.063416,"receiver_count":11,"unavailable_count":0},"E":{"min":45.10713,"max":57.84493,"receiver_count":11,"unavailable_count":0},"N":{"min":40.335915,"max":53.073715,"receiver_count":11,"unavailable_count":0}}}},{"type":"Feature","id":"lariac:396564890045","geometry":{"type":"Polygon","coordinates":[[[-118.54601469817348,34.18466215521189],[-118.54599049523969,34.184662264468855],[-118.54599041437717,34.18465503805705],[-118.5458922137422,34.184655591293364],[-118.54589213347212,34.18464330811861],[-118.545864027623,34.184643462913115],[-118.54586410321731,34.18465503118459],[-118.54584829896962,34.1846551295554],[-118.54584890924147,34.18473341507913],[-118.54601525777724,34.184732499263056],[-118.54601469817348,34.18466215521189]]]},"properties":{"building_pk":77243,"building_key":"lariac:396564890045","source_tile":"r04-c05","source_tile_ids":["r04-c05"],"source_bld_id":"396564890045","height_m":6.093,"receiver_ids":[201523,201524,201525,201526,201527,201528,201529,201530,201531],"receiver_keys":["r04-c05:expanded-facade-max4m:77243:0:1","r04-c05:expanded-facade-max4m:77243:0:10","r04-c05:expanded-facade-max4m:77243:0:11","r04-c05:expanded-facade-max4m:77243:0:2","r04-c05:expanded-facade-max4m:77243:0:3","r04-c05:expanded-facade-max4m:77243:0:4","r04-c05:expanded-facade-max4m:77243:0:7","r04-c05:expanded-facade-max4m:77243:0:8","r04-c05:expanded-facade-max4m:77243:0:9"],"receiver_count":9,"periods":{"D":{"min":51.49836,"max":56.267723,"receiver_count":9,"unavailable_count":0},"E":{"min":49.279873,"max":54.049236,"receiver_count":9,"unavailable_count":0},"N":{"min":44.50866,"max":49.278023,"receiver_count":9,"unavailable_count":0}}}},{"type":"Feature","id":"lariac:396764888757","geometry":{"type":"Polygon","coordinates":[[[-118.54528183431317,34.18119289794352],[-118.54528269991002,34.18113804591043],[-118.54520935768382,34.18113722257115],[-118.54520849203892,34.181192074603686],[-118.54528183431317,34.18119289794352]]]},"properties":{"building_pk":77414,"building_key":"lariac:396764888757","source_tile":"r04-c05","source_tile_ids":["r04-c05"],"source_bld_id":"396764888757","height_m":4.417,"receiver_ids":[201800,201801,201802,201803,201804,201805,201806],"receiver_keys":["r04-c05:expanded-facade-max4m:77414:0:1","r04-c05:expanded-facade-max4m:77414:0:2","r04-c05:expanded-facade-max4m:77414:0:3","r04-c05:expanded-facade-max4m:77414:0:4","r04-c05:expanded-facade-max4m:77414:0:5","r04-c05:expanded-facade-max4m:77414:0:6","r04-c05:expanded-facade-max4m:77414:0:7"],"receiver_count":7,"periods":{"D":{"min":54.94123,"max":57.707546,"receiver_count":7,"unavailable_count":0},"E":{"min":52.722744,"max":55.48906,"receiver_count":7,"unavailable_count":0},"N":{"min":47.95153,"max":50.717846,"receiver_count":7,"unavailable_count":0}}}},{"type":"Feature","id":"lariac:397361888710","geometry":{"type":"Polygon","coordinates":[[[-118.54337983023183,34.18108426004576],[-118.54337963113254,34.181002785717624],[-118.54318422378489,34.18100311352723],[-118.54318442251774,34.18108456081015],[-118.54337983023183,34.18108426004576]]]},"properties":{"building_pk":77701,"building_key":"lariac:397361888710","source_tile":"r04-c05","source_tile_ids":["r04-c05"],"source_bld_id":"397361888710","height_m":8.425,"receiver_ids":[202177,202178,202179,202180],"receiver_keys":["r04-c05:expanded-facade-max4m:77701:0:1","r04-c05:expanded-facade-max4m:77701:0:2","r04-c05:expanded-facade-max4m:77701:0:8","r04-c05:expanded-facade-max4m:77701:0:9"],"receiver_count":4,"periods":{"D":{"min":54.114937,"max":56.256596,"receiver_count":4,"unavailable_count":0},"E":{"min":51.896446,"max":54.03811,"receiver_count":4,"unavailable_count":0},"N":{"min":47.125237,"max":49.266895,"receiver_count":4,"unavailable_count":0}}}},{"type":"Feature","id":"lariac:397134890450","geometry":{"type":"Polygon","coordinates":[[[-118.54411901561015,34.18581542351762],[-118.54413939928209,34.185787357812124],[-118.54411748438282,34.185758053446],[-118.54395379324404,34.18576104356912],[-118.54395510667338,34.185810307037386],[-118.54391477038747,34.185811038373345],[-118.54391651456558,34.185876309521724],[-118.54397059457564,34.185876377350375],[-118.54397040164879,34.18587407206869],[-118.54412050371471,34.18587133598672],[-118.54411901561015,34.18581542351762]]]},"properties":{"building_pk":77834,"building_key":"lariac:397134890450","source_tile":"r04-c05","source_tile_ids":["r04-c05"],"source_bld_id":"397134890450","height_m":5.599,"receiver_ids":[202278,202279,202280,202281,202282,202283,202284],"receiver_keys":["r04-c05:expanded-facade-max4m:77834:0:1","r04-c05:expanded-facade-max4m:77834:0:10","r04-c05:expanded-facade-max4m:77834:0:16","r04-c05:expanded-facade-max4m:77834:0:17","r04-c05:expanded-facade-max4m:77834:0:2","r04-c05:expanded-facade-max4m:77834:0:7","r04-c05:expanded-facade-max4m:77834:0:9"],"receiver_count":7,"periods":{"D":{"min":53.67554,"max":58.41929,"receiver_count":7,"unavailable_count":0},"E":{"min":51.457054,"max":56.200798,"receiver_count":7,"unavailable_count":0},"N":{"min":46.68584,"max":51.42959,"receiver_count":7,"unavailable_count":0}}}},{"type":"Feature","id":"lariac:396776889235","geometry":{"type":"Polygon","coordinates":[[[-118.54528821318452,34.18257031474883],[-118.5452885197809,34.18253618451854],[-118.54536572955672,34.18253668835929],[-118.54536617934912,34.18248411910585],[-118.54532471439803,34.18248386611324],[-118.54532493088605,34.182461359895285],[-118.54528386297213,34.18246110509856],[-118.54528406450555,34.182441291860016],[-118.54517564077601,34.18244062665078],[-118.54517572183146,34.18243276752681],[-118.54511249933705,34.182432392554695],[-118.54511234152042,34.18244877071331],[-118.54510741522301,34.182448737921675],[-118.54510716710544,34.18247671304705],[-118.54511292108397,34.18247674210843],[-118.54511272829882,34.18249790221373],[-118.5451706276931,34.18249827323177],[-118.54517044074306,34.18251533849837],[-118.54519510786496,34.18251547433333],[-118.54519481262389,34.182546197577445],[-118.54520714627766,34.18254627901585],[-118.54520690385154,34.182569802291944],[-118.54528821318452,34.18257031474883]]]},"properties":{"building_pk":78440,"building_key":"lariac:396776889235","source_tile":"r04-c05","source_tile_ids":["r04-c05"],"source_bld_id":"396776889235","height_m":5.453,"receiver_ids":[203068,203069,203070,203071,203072,203073,203074,203075,203076,203077,203078,203079,203080,203081,203082,203083,203084],"receiver_keys":["r04-c05:expanded-facade-max4m:78440:0:1","r04-c05:expanded-facade-max4m:78440:0:10","r04-c05:expanded-facade-max4m:78440:0:11","r04-c05:expanded-facade-max4m:78440:0:12","r04-c05:expanded-facade-max4m:78440:0:13","r04-c05:expanded-facade-max4m:78440:0:14","r04-c05:expanded-facade-max4m:78440:0:15","r04-c05:expanded-facade-max4m:78440:0:16","r04-c05:expanded-facade-max4m:78440:0:19","r04-c05:expanded-facade-max4m:78440:0:2","r04-c05:expanded-facade-max4m:78440:0:20","r04-c05:expanded-facade-max4m:78440:0:3","r04-c05:expanded-facade-max4m:78440:0:4","r04-c05:expanded-facade-max4m:78440:0:5","r04-c05:expanded-facade-max4m:78440:0:7","r04-c05:expanded-facade-max4m:78440:0:8","r04-c05:expanded-facade-max4m:78440:0:9"],"receiver_count":17,"periods":{"D":{"min":50.64113,"max":69.3418,"receiver_count":17,"unavailable_count":0},"E":{"min":48.42264,"max":67.12331,"receiver_count":17,"unavailable_count":0},"N":{"min":43.65143,"max":62.352097,"receiver_count":17,"unavailable_count":0}}}},{"type":"Feature","id":"lariac:396995890453","geometry":{"type":"Polygon","coordinates":[[[-118.54456788680714,34.185794827094064],[-118.54435768269897,34.18579962019721],[-118.54436011346625,34.18587314368854],[-118.54440147259128,34.18587221557163],[-118.54440180372472,34.18588240874008],[-118.54441442912243,34.185891557578884],[-118.54441458756168,34.185910874247746],[-118.54440982631056,34.185910895678084],[-118.54441008396796,34.18594543627286],[-118.5443481209539,34.18594579719101],[-118.54434837249372,34.1859794029122],[-118.54438252881671,34.185979222142116],[-118.54438302649461,34.186022628341256],[-118.54456973383368,34.186022400925935],[-118.54456788680714,34.185794827094064]]]},"properties":{"building_pk":78454,"building_key":"lariac:396995890453","source_tile":"r04-c05","source_tile_ids":["r04-c05"],"source_bld_id":"396995890453","height_m":4.407,"receiver_ids":[203085,203086,203087,203088,203089,203090,203091,203092,203093,203094,203095,203096,203097,203098,203099,203100,203101,203102,203103],"receiver_keys":["r04-c05:expanded-facade-max4m:78454:0:1","r04-c05:expanded-facade-max4m:78454:0:10","r04-c05:expanded-facade-max4m:78454:0:12","r04-c05:expanded-facade-max4m:78454:0:13","r04-c05:expanded-facade-max4m:78454:0:15","r04-c05:expanded-facade-max4m:78454:0:2","r04-c05:expanded-facade-max4m:78454:0:20","r04-c05:expanded-facade-max4m:78454:0:21","r04-c05:expanded-facade-max4m:78454:0:22","r04-c05:expanded-facade-max4m:78454:0:23","r04-c05:expanded-facade-max4m:78454:0:24","r04-c05:expanded-facade-max4m:78454:0:25","r04-c05:expanded-facade-max4m:78454:0:26","r04-c05:expanded-facade-max4m:78454:0:4","r04-c05:expanded-facade-max4m:78454:0:5","r04-c05:expanded-facade-max4m:78454:0:6","r04-c05:expanded-facade-max4m:78454:0:7","r04-c05:expanded-facade-max4m:78454:0:8","r04-c05:expanded-facade-max4m:78454:0:9"],"receiver_count":19,"periods":{"D":{"min":53.58019,"max":67.62692,"receiver_count":19,"unavailable_count":0},"E":{"min":51.361702,"max":65.40844,"receiver_count":19,"unavailable_count":0},"N":{"min":46.590492,"max":60.637226,"receiver_count":19,"unavailable_count":0}}}},{"type":"Feature","id":"lariac:397130890297","geometry":{"type":"Polygon","coordinates":[[[-118.54412873903286,34.185460349074084],[-118.54415169298692,34.18543084375777],[-118.54412971646828,34.18540239163053],[-118.54413026486313,34.185344353175054],[-118.54397884939236,34.18534333033301],[-118.54397888978828,34.18533953825763],[-118.54392674260515,34.18533919578688],[-118.54392605728495,34.18540654960816],[-118.5439651436137,34.18540681378432],[-118.54396462459728,34.185459219260046],[-118.54412873903286,34.185460349074084]]]},"properties":{"building_pk":78581,"building_key":"lariac:397130890297","source_tile":"r04-c05","source_tile_ids":["r04-c05"],"source_bld_id":"397130890297","height_m":5.27,"receiver_ids":[203239,203240,203241,203242,203243,203244,203245],"receiver_keys":["r04-c05:expanded-facade-max4m:78581:0:1","r04-c05:expanded-facade-max4m:78581:0:10","r04-c05:expanded-facade-max4m:78581:0:11","r04-c05:expanded-facade-max4m:78581:0:13","r04-c05:expanded-facade-max4m:78581:0:2","r04-c05:expanded-facade-max4m:78581:0:3","r04-c05:expanded-facade-max4m:78581:0:4"],"receiver_count":7,"periods":{"D":{"min":49.776226,"max":56.17366,"receiver_count":7,"unavailable_count":0},"E":{"min":47.55774,"max":53.955173,"receiver_count":7,"unavailable_count":0},"N":{"min":42.786526,"max":49.183964,"receiver_count":7,"unavailable_count":0}}}},{"type":"Feature","id":"lariac:396546890312","geometry":{"type":"Polygon","coordinates":[[[-118.54599397960719,34.1855342707902],[-118.54606989459951,34.18553359901601],[-118.54606908279096,34.18547015291475],[-118.54605688230656,34.18547026298994],[-118.54605562695333,34.185374311918565],[-118.5460495435297,34.18537436642897],[-118.54604908936916,34.185340404611644],[-118.5460031633306,34.185340831915084],[-118.5460036282501,34.18537644260794],[-118.54599810675657,34.185376494579096],[-118.54599821154333,34.18538256780813],[-118.54588867089919,34.185383556285124],[-118.54588953145102,34.185449502148515],[-118.54591872709085,34.185449233343796],[-118.54591913212766,34.18548083243626],[-118.54599329509982,34.18548016771612],[-118.54599397960719,34.1855342707902]]]},"properties":{"building_pk":78626,"building_key":"lariac:396546890312","source_tile":"r04-c05","source_tile_ids":["r04-c05"],"source_bld_id":"396546890312","height_m":5.389,"receiver_ids":[203319,203320,203321,203322,203323,203324,203325,203326,203327,203328,203329],"receiver_keys":["r04-c05:expanded-facade-max4m:78626:0:1","r04-c05:expanded-facade-max4m:78626:0:10","r04-c05:expanded-facade-max4m:78626:0:11","r04-c05:expanded-facade-max4m:78626:0:12","r04-c05:expanded-facade-max4m:78626:0:13","r04-c05:expanded-facade-max4m:78626:0:15","r04-c05:expanded-facade-max4m:78626:0:16","r04-c05:expanded-facade-max4m:78626:0:17","r04-c05:expanded-facade-max4m:78626:0:18","r04-c05:expanded-facade-max4m:78626:0:19","r04-c05:expanded-facade-max4m:78626:0:9"],"receiver_count":11,"periods":{"D":{"min":48.41706,"max":56.65429,"receiver_count":11,"unavailable_count":0},"E":{"min":46.198574,"max":54.435802,"receiver_count":11,"unavailable_count":0},"N":{"min":41.42736,"max":49.66459,"receiver_count":11,"unavailable_count":0}}}},{"type":"Feature","id":"lariac:397220888916","geometry":{"type":"Polygon","coordinates":[[[-118.54369074112697,34.18149694551891],[-118.54368623747565,34.18150600644583],[-118.54368140994735,34.18150597315238],[-118.54368126328995,34.18151910840429],[-118.54367772571946,34.18151909725995],[-118.54367749305413,34.181539185604755],[-118.54367045026649,34.18153913432091],[-118.54366996060398,34.18158074006701],[-118.54367260542679,34.181580756126124],[-118.54367189435472,34.181639179365355],[-118.54374659170544,34.18163980551786],[-118.54374643808684,34.181651869767016],[-118.54378026482999,34.18165215764045],[-118.5437803047041,34.18164811764309],[-118.54380272430448,34.18164831885985],[-118.54380267960161,34.181651616908326],[-118.54381759177672,34.18165171484223],[-118.5438189897371,34.18153635060804],[-118.54377243342493,34.181535955896614],[-118.54377289889176,34.18149580715362],[-118.54371711602009,34.18149534301283],[-118.54371709528313,34.181497157012316],[-118.54369074112697,34.18149694551891]]]},"properties":{"building_pk":78627,"building_key":"lariac:397220888916","source_tile":"r04-c05","source_tile_ids":["r04-c05"],"source_bld_id":"397220888916","height_m":5.627,"receiver_ids":[203330,203331,203332,203333,203334,203335,203336,203337,203338],"receiver_keys":["r04-c05:expanded-facade-max4m:78627:0:10","r04-c05:expanded-facade-max4m:78627:0:11","r04-c05:expanded-facade-max4m:78627:0:12","r04-c05:expanded-facade-max4m:78627:0:13","r04-c05:expanded-facade-max4m:78627:0:14","r04-c05:expanded-facade-max4m:78627:0:15","r04-c05:expanded-facade-max4m:78627:0:16","r04-c05:expanded-facade-max4m:78627:0:6","r04-c05:expanded-facade-max4m:78627:0:9"],"receiver_count":9,"periods":{"D":{"min":55.84733,"max":59.71073,"receiver_count":9,"unavailable_count":0},"E":{"min":53.628838,"max":57.492245,"receiver_count":9,"unavailable_count":0},"N":{"min":48.857628,"max":52.72103,"receiver_count":9,"unavailable_count":0}}}},{"type":"Feature","id":"lariac:396835888952","geometry":{"type":"Polygon","coordinates":[[[-118.54496219097665,34.18160188154575],[-118.54496216145506,34.18161248834322],[-118.54495832574825,34.18161250562591],[-118.54495828076641,34.1816410297771],[-118.5449621490173,34.18164101234774],[-118.54496212200698,34.181652004093074],[-118.54496880104594,34.181652001045045],[-118.54496877597965,34.181673600347594],[-118.54495869169659,34.18167359079092],[-118.54495866652505,34.18170016301028],[-118.54496921400376,34.18170017047991],[-118.54496918246421,34.18173075459843],[-118.54512729725143,34.181730894017804],[-118.54512733995193,34.181686735301454],[-118.54510512010206,34.18168672545874],[-118.5451051964673,34.18160200703045],[-118.54496219097665,34.18160188154575]]]},"properties":{"building_pk":78793,"building_key":"lariac:396835888952","source_tile":"r04-c05","source_tile_ids":["r04-c05"],"source_bld_id":"396835888952","height_m":5.941,"receiver_ids":[203448,203449,203450,203451,203452,203453,203454,203455,203456,203457,203458,203459,203460,203461],"receiver_keys":["r04-c05:expanded-facade-max4m:78793:0:1","r04-c05:expanded-facade-max4m:78793:0:10","r04-c05:expanded-facade-max4m:78793:0:11","r04-c05:expanded-facade-max4m:78793:0:12","r04-c05:expanded-facade-max4m:78793:0:13","r04-c05:expanded-facade-max4m:78793:0:14","r04-c05:expanded-facade-max4m:78793:0:15","r04-c05:expanded-facade-max4m:78793:0:16","r04-c05:expanded-facade-max4m:78793:0:2","r04-c05:expanded-facade-max4m:78793:0:5","r04-c05:expanded-facade-max4m:78793:0:6","r04-c05:expanded-facade-max4m:78793:0:7","r04-c05:expanded-facade-max4m:78793:0:8","r04-c05:expanded-facade-max4m:78793:0:9"],"receiver_count":14,"periods":{"D":{"min":56.88641,"max":68.16827,"receiver_count":14,"unavailable_count":0},"E":{"min":54.66792,"max":65.94978,"receiver_count":14,"unavailable_count":0},"N":{"min":49.89671,"max":61.178566,"receiver_count":14,"unavailable_count":0}}}},{"type":"Feature","id":"lariac:396669888342","geometry":{"type":"Polygon","coordinates":[[[-118.54559895037312,34.18007853615845],[-118.54559897709078,34.180026985754665],[-118.5456359427879,34.18002698397502],[-118.54563596984285,34.17992998223131],[-118.545574868076,34.17992998290115],[-118.54557484005116,34.179956088134176],[-118.5455310965944,34.179956066374366],[-118.54553110792278,34.179983050435176],[-118.54550902086393,34.179983040069786],[-118.54550899569132,34.180009585243305],[-118.54546964990462,34.180009569770704],[-118.54546963689117,34.18007851540264],[-118.54559895037312,34.18007853615845]]]},"properties":{"building_pk":78801,"building_key":"lariac:396669888342","source_tile":"r04-c05","source_tile_ids":["r03-c05","r04-c05"],"source_bld_id":"396669888342","height_m":5.535,"receiver_ids":[203490,203491,203492],"receiver_keys":["r04-c05:expanded-facade-max4m:78801:0:14","r04-c05:expanded-facade-max4m:78801:0:15","r04-c05:expanded-facade-max4m:78801:0:16"],"receiver_count":3,"periods":{"D":{"min":70.09185,"max":70.199265,"receiver_count":3,"unavailable_count":0},"E":{"min":67.87336,"max":67.980774,"receiver_count":3,"unavailable_count":0},"N":{"min":63.10215,"max":63.209564,"receiver_count":3,"unavailable_count":0}}}},{"type":"Feature","id":"lariac:201700286341","geometry":{"type":"Polygon","coordinates":[[[-118.54099439194944,34.181382879628515],[-118.54112479745383,34.18138287324614],[-118.5411297097067,34.18137873842581],[-118.54116537179128,34.18137919461955],[-118.54116674315074,34.18134757495047],[-118.54118172158991,34.18133497016115],[-118.5411815212664,34.1811866662094],[-118.54112607406617,34.181141023917114],[-118.54118105904084,34.18109488751798],[-118.54113232649767,34.181054738942265],[-118.54098447205294,34.181056142342314],[-118.54093883231974,34.1810952291557],[-118.54099414046189,34.18113985521389],[-118.54098674215874,34.18114620902923],[-118.54098315246429,34.181143339244144],[-118.54095636602146,34.18114269003716],[-118.5409561752106,34.18116431712179],[-118.54096149366704,34.181168635168625],[-118.54093900132406,34.1811876681867],[-118.54093769994383,34.181333972918495],[-118.54096510692106,34.181353882639435],[-118.54095603747533,34.18136249688523],[-118.54095650300228,34.18137826731078],[-118.54098183433165,34.18137884098604],[-118.54098720062412,34.18137530006111],[-118.54099439194944,34.181382879628515]],[[-118.54110431175062,34.1811553557555],[-118.54107665113052,34.18117801178571],[-118.5410406378132,34.18117690892745],[-118.54101480381064,34.18115482127037],[-118.54101498515256,34.18112670942387],[-118.54104340404673,34.18110372005074],[-118.54107765567109,34.181103319802],[-118.54110491391637,34.18112573013711],[-118.54110431175062,34.1811553557555]]]},"properties":{"building_pk":79315,"building_key":"lariac:201700286341","source_tile":"r04-c05","source_tile_ids":["r04-c05"],"source_bld_id":"201700286341","height_m":4.453,"receiver_ids":[204180,204181,204182,204183,204184,204185,204186],"receiver_keys":["r04-c05:expanded-facade-max4m:79315:0:14","r04-c05:expanded-facade-max4m:79315:0:15","r04-c05:expanded-facade-max4m:79315:0:16","r04-c05:expanded-facade-max4m:79315:0:17","r04-c05:expanded-facade-max4m:79315:0:18","r04-c05:expanded-facade-max4m:79315:0:19","r04-c05:expanded-facade-max4m:79315:0:20"],"receiver_count":7,"periods":{"D":{"min":63.036842,"max":64.62337,"receiver_count":7,"unavailable_count":0},"E":{"min":60.818356,"max":62.404877,"receiver_count":7,"unavailable_count":0},"N":{"min":56.047142,"max":57.633663,"receiver_count":7,"unavailable_count":0}}}},{"type":"Feature","id":"lariac:201700286418","geometry":{"type":"Polygon","coordinates":[[[-118.54554071349374,34.182334176053324],[-118.54575181770183,34.18233400351691],[-118.54575181212422,34.182331323251844],[-118.54575531275296,34.18233132007765],[-118.54575527348317,34.18229890794572],[-118.545751790212,34.1822989110416],[-118.54575175444424,34.18226852917093],[-118.54572280998546,34.18226855248864],[-118.54572276999072,34.18223536322913],[-118.54569474436443,34.18223538600055],[-118.54569471703768,34.182212271437876],[-118.54562935936528,34.18221232468653],[-118.54562941805999,34.18226183541361],[-118.54554874740545,34.18226190090093],[-118.54554880034135,34.1823065505287],[-118.54554068066095,34.18230655740193],[-118.54554071349374,34.182334176053324]]]},"properties":{"building_pk":79320,"building_key":"lariac:201700286418","source_tile":"r04-c05","source_tile_ids":["r04-c05"],"source_bld_id":"201700286418","height_m":6.075,"receiver_ids":[204213,204214,204215,204216,204217,204218,204219,204220,204221,204222,204223,204224],"receiver_keys":["r04-c05:expanded-facade-max4m:79320:0:1","r04-c05:expanded-facade-max4m:79320:0:11","r04-c05:expanded-facade-max4m:79320:0:12","r04-c05:expanded-facade-max4m:79320:0:13","r04-c05:expanded-facade-max4m:79320:0:14","r04-c05:expanded-facade-max4m:79320:0:15","r04-c05:expanded-facade-max4m:79320:0:16","r04-c05:expanded-facade-max4m:79320:0:17","r04-c05:expanded-facade-max4m:79320:0:5","r04-c05:expanded-facade-max4m:79320:0:6","r04-c05:expanded-facade-max4m:79320:0:7","r04-c05:expanded-facade-max4m:79320:0:9"],"receiver_count":12,"periods":{"D":{"min":50.525227,"max":59.545013,"receiver_count":12,"unavailable_count":0},"E":{"min":48.30674,"max":57.326527,"receiver_count":12,"unavailable_count":0},"N":{"min":43.535526,"max":52.555313,"receiver_count":12,"unavailable_count":0}}}},{"type":"Feature","id":"lariac:201700286556","geometry":{"type":"Polygon","coordinates":[[[-118.54518818706576,34.18377046012693],[-118.54521322732477,34.183770532972936],[-118.54521324964398,34.18376514344254],[-118.54523183076401,34.1837651967172],[-118.54523182717938,34.18376614335449],[-118.5452945330424,34.18376632406143],[-118.54529456281065,34.18375925131479],[-118.54532596022179,34.18375934235706],[-118.54532617706226,34.18370747645643],[-118.54527294187729,34.18370732248944],[-118.54527324499055,34.18363459898053],[-118.54520244204437,34.183634401571034],[-118.5452024283816,34.18363779324099],[-118.54511650167463,34.18363754585045],[-118.54511645816036,34.18364800035031],[-118.54511331646961,34.183647991069485],[-118.54511320236497,34.18367539040615],[-118.54511695373553,34.18367540144688],[-118.54511690882005,34.183686139939375],[-118.54512382140355,34.183686159271126],[-118.54512362764368,34.183732438198845],[-118.5451574800334,34.183732536251036],[-118.5451573438343,34.18376519168873],[-118.54518820858786,34.1837652806598],[-118.54518818706576,34.18377046012693]]]},"properties":{"building_pk":79328,"building_key":"lariac:201700286556","source_tile":"r04-c05","source_tile_ids":["r04-c05"],"source_bld_id":"201700286556","height_m":5.087,"receiver_ids":[204264,204265,204266,204267,204268,204269,204270,204271,204272,204273,204274,204275,204276,204277,204278,204279],"receiver_keys":["r04-c05:expanded-facade-max4m:79328:0:1","r04-c05:expanded-facade-max4m:79328:0:10","r04-c05:expanded-facade-max4m:79328:0:11","r04-c05:expanded-facade-max4m:79328:0:12","r04-c05:expanded-facade-max4m:79328:0:13","r04-c05:expanded-facade-max4m:79328:0:15","r04-c05:expanded-facade-max4m:79328:0:16","r04-c05:expanded-facade-max4m:79328:0:17","r04-c05:expanded-facade-max4m:79328:0:18","r04-c05:expanded-facade-max4m:79328:0:2","r04-c05:expanded-facade-max4m:79328:0:3","r04-c05:expanded-facade-max4m:79328:0:4","r04-c05:expanded-facade-max4m:79328:0:5","r04-c05:expanded-facade-max4m:79328:0:6","r04-c05:expanded-facade-max4m:79328:0:8","r04-c05:expanded-facade-max4m:79328:0:9"],"receiver_count":16,"periods":{"D":{"min":52.611473,"max":69.0171,"receiver_count":16,"unavailable_count":0},"E":{"min":50.392982,"max":66.79861,"receiver_count":16,"unavailable_count":0},"N":{"min":45.621773,"max":62.027397,"receiver_count":16,"unavailable_count":0}}}},{"type":"Feature","id":"lariac:398355888645","geometry":{"type":"Polygon","coordinates":[[[-118.54013959647743,34.180998117620454],[-118.54013920528953,34.18094684406979],[-118.54011729369749,34.18092787156948],[-118.54006690328296,34.18092784866518],[-118.54006698070381,34.18083746946595],[-118.54005175856247,34.180825309799836],[-118.53993537657684,34.18082593940186],[-118.53993591877604,34.18089438668558],[-118.53987121381307,34.180894730521295],[-118.53987203953359,34.180998496316384],[-118.54013959647743,34.180998117620454]]]},"properties":{"building_pk":80349,"building_key":"lariac:398355888645","source_tile":"r04-c05","source_tile_ids":["r04-c05"],"source_bld_id":"398355888645","height_m":6.556,"receiver_ids":[204353,204354,204355,204356,204357,204358,204359,204360,204361,204362,204363,204364],"receiver_keys":["r04-c05:expanded-facade-max4m:80349:0:1","r04-c05:expanded-facade-max4m:80349:0:10","r04-c05:expanded-facade-max4m:80349:0:11","r04-c05:expanded-facade-max4m:80349:0:12","r04-c05:expanded-facade-max4m:80349:0:13","r04-c05:expanded-facade-max4m:80349:0:2","r04-c05:expanded-facade-max4m:80349:0:3","r04-c05:expanded-facade-max4m:80349:0:5","r04-c05:expanded-facade-max4m:80349:0:6","r04-c05:expanded-facade-max4m:80349:0:7","r04-c05:expanded-facade-max4m:80349:0:8","r04-c05:expanded-facade-max4m:80349:0:9"],"receiver_count":12,"periods":{"D":{"min":62.38903,"max":65.04543,"receiver_count":12,"unavailable_count":0},"E":{"min":60.170544,"max":62.826946,"receiver_count":12,"unavailable_count":0},"N":{"min":55.39933,"max":58.055733,"receiver_count":12,"unavailable_count":0}}}},{"type":"Feature","id":"lariac:399655889242","geometry":{"type":"Polygon","coordinates":[[[-118.5354491532428,34.18240246441637],[-118.53544932739216,34.18252254743411],[-118.53547716766205,34.18252253416864],[-118.53547721731609,34.182556003750655],[-118.5354513601707,34.18255603528299],[-118.53545154139499,34.18267705226866],[-118.53547749746555,34.18267704734472],[-118.53547752366504,34.18270702715583],[-118.53545246053288,34.182707056074435],[-118.53545253235329,34.18277495640553],[-118.53581631067571,34.18277458140036],[-118.53581563471663,34.1823032078681],[-118.53544917997507,34.182303566781194],[-118.53544925425985,34.18237185206025],[-118.53547646622482,34.18237181452991],[-118.535476497733,34.18240245334565],[-118.5354491532428,34.18240246441637]],[[-118.53563111554809,34.18260989543256],[-118.53558922223141,34.182609833929526],[-118.53558921508038,34.18261903962173],[-118.5355383611814,34.182618961884366],[-118.53553882192372,34.18245883941019],[-118.53559265268156,34.18245895805729],[-118.53559263707463,34.1824668448289],[-118.53563178585064,34.18246691848484],[-118.53563180145389,34.1824590317133],[-118.53568480544361,34.182459126934475],[-118.53568434054905,34.18261872743517],[-118.53563107268502,34.182618606335645],[-118.53563111554809,34.18260989543256]]]},"properties":{"building_pk":80397,"building_key":"lariac:399655889242","source_tile":"r04-c05","source_tile_ids":["r04-c05"],"source_bld_id":"399655889242","height_m":12.527,"receiver_ids":[204460,204461,204462,204463,204464,204465,204466,204467,204468,204469,204470,204471,204472,204473,204474,204475,204476,204477,204478,204479,204480,204481,204482,204483,204484,204485,204486,204487,204488,204489,204490,204491,204492,204493,204494,204495,204496,204497,204498,204499,204500,204501,204502],"receiver_keys":["r04-c05:expanded-facade-max4m:80397:0:1","r04-c05:expanded-facade-max4m:80397:0:12","r04-c05:expanded-facade-max4m:80397:0:13","r04-c05:expanded-facade-max4m:80397:0:14","r04-c05:expanded-facade-max4m:80397:0:15","r04-c05:expanded-facade-max4m:80397:0:16","r04-c05:expanded-facade-max4m:80397:0:17","r04-c05:expanded-facade-max4m:80397:0:18","r04-c05:expanded-facade-max4m:80397:0:19","r04-c05:expanded-facade-max4m:80397:0:2","r04-c05:expanded-facade-max4m:80397:0:20","r04-c05:expanded-facade-max4m:80397:0:21","r04-c05:expanded-facade-max4m:80397:0:22","r04-c05:expanded-facade-max4m:80397:0:23","r04-c05:expanded-facade-max4m:80397:0:24","r04-c05:expanded-facade-max4m:80397:0:25","r04-c05:expanded-facade-max4m:80397:0:26","r04-c05:expanded-facade-max4m:80397:0:27","r04-c05:expanded-facade-max4m:80397:0:28","r04-c05:expanded-facade-max4m:80397:0:29","r04-c05:expanded-facade-max4m:80397:0:3","r04-c05:expanded-facade-max4m:80397:0:30","r04-c05:expanded-facade-max4m:80397:0:31","r04-c05:expanded-facade-max4m:80397:0:32","r04-c05:expanded-facade-max4m:80397:0:33","r04-c05:expanded-facade-max4m:80397:0:34","r04-c05:expanded-facade-max4m:80397:0:35","r04-c05:expanded-facade-max4m:80397:0:36","r04-c05:expanded-facade-max4m:80397:0:37","r04-c05:expanded-facade-max4m:80397:0:38","r04-c05:expanded-facade-max4m:80397:0:39","r04-c05:expanded-facade-max4m:80397:0:4","r04-c05:expanded-facade-max4m:80397:0:40","r04-c05:expanded-facade-max4m:80397:0:41","r04-c05:expanded-facade-max4m:80397:0:42","r04-c05:expanded-facade-max4m:80397:0:43","r04-c05:expanded-facade-max4m:80397:0:44","r04-c05:expanded-facade-max4m:80397:0:45","r04-c05:expanded-facade-max4m:80397:0:5","r04-c05:expanded-facade-max4m:80397:0:6","r04-c05:expanded-facade-max4m:80397:0:7","r04-c05:expanded-facade-max4m:80397:0:8","r04-c05:expanded-facade-max4m:80397:0:9"],"receiver_count":43,"periods":{"D":{"min":45.52192,"max":68.90009,"receiver_count":43,"unavailable_count":0},"E":{"min":43.30343,"max":66.68161,"receiver_count":43,"unavailable_count":0},"N":{"min":38.53222,"max":61.910397,"receiver_count":43,"unavailable_count":0}}}},{"type":"Feature","id":"lariac:397935888686","geometry":{"type":"Polygon","coordinates":[[[-118.54134186081984,34.18096380737652],[-118.54134011602014,34.18101094158263],[-118.54140142706044,34.18101248105411],[-118.5414031394584,34.18096537403834],[-118.54134186081984,34.18096380737652]]]},"properties":{"building_pk":80401,"building_key":"lariac:397935888686","source_tile":"r04-c05","source_tile_ids":["r04-c05"],"source_bld_id":"397935888686","height_m":3.819,"receiver_ids":[204530,204531,204532,204533,204534,204535],"receiver_keys":["r04-c05:expanded-facade-max4m:80401:0:1","r04-c05:expanded-facade-max4m:80401:0:2","r04-c05:expanded-facade-max4m:80401:0:3","r04-c05:expanded-facade-max4m:80401:0:4","r04-c05:expanded-facade-max4m:80401:0:5","r04-c05:expanded-facade-max4m:80401:0:6"],"receiver_count":6,"periods":{"D":{"min":63.481754,"max":65.154015,"receiver_count":6,"unavailable_count":0},"E":{"min":61.263264,"max":62.935528,"receiver_count":6,"unavailable_count":0},"N":{"min":56.492054,"max":58.164314,"receiver_count":6,"unavailable_count":0}}}},{"type":"Feature","id":"lariac:396625888764","geometry":{"type":"Polygon","coordinates":[[[-118.54571263713339,34.18124984288172],[-118.54573026004611,34.18124976336604],[-118.54573006630494,34.18122508808022],[-118.54575079685495,34.1812249674931],[-118.54575017831044,34.18114041627844],[-118.54572141284275,34.181140546073614],[-118.5457213866354,34.18113653432118],[-118.5457080953458,34.18113662223957],[-118.54570812155251,34.181140633991944],[-118.5456965168699,34.18114068635124],[-118.54569648743065,34.18113617966576],[-118.54567393759604,34.18113628140543],[-118.54567396721069,34.18114081513644],[-118.54560863491697,34.1811411378248],[-118.54560916596762,34.18120733219612],[-118.5455929317306,34.18120743337778],[-118.54559314374399,34.181234746498774],[-118.54560934436483,34.181234646370285],[-118.54560961147858,34.181270394989646],[-118.54571280144222,34.181269847401005],[-118.54571263713339,34.18124984288172]]]},"properties":{"building_pk":83596,"building_key":"lariac:396625888764","source_tile":"r04-c05","source_tile_ids":["r04-c05"],"source_bld_id":"396625888764","height_m":5.52,"receiver_ids":[205663,205664,205665,205666,205667,205668,205669,205670,205671,205672],"receiver_keys":["r04-c05:expanded-facade-max4m:83596:0:1","r04-c05:expanded-facade-max4m:83596:0:11","r04-c05:expanded-facade-max4m:83596:0:12","r04-c05:expanded-facade-max4m:83596:0:13","r04-c05:expanded-facade-max4m:83596:0:14","r04-c05:expanded-facade-max4m:83596:0:15","r04-c05:expanded-facade-max4m:83596:0:2","r04-c05:expanded-facade-max4m:83596:0:3","r04-c05:expanded-facade-max4m:83596:0:4","r04-c05:expanded-facade-max4m:83596:0:9"],"receiver_count":10,"periods":{"D":{"min":51.613598,"max":63.40943,"receiver_count":10,"unavailable_count":0},"E":{"min":49.39511,"max":61.190945,"receiver_count":10,"unavailable_count":0},"N":{"min":44.623898,"max":56.41973,"receiver_count":10,"unavailable_count":0}}}},{"type":"Feature","id":"lariac:397025890604","geometry":{"type":"Polygon","coordinates":[[[-118.54436744942345,34.18622759143792],[-118.54435010879493,34.186256000498176],[-118.5443850748258,34.18629381886545],[-118.54444425416509,34.18629226148911],[-118.54446762876668,34.18625121175263],[-118.54450336566207,34.18625000689238],[-118.54452233925198,34.18621865052375],[-118.54448873596037,34.18617686828359],[-118.54445044837443,34.18617737059823],[-118.54443627373486,34.1862043364728],[-118.54440197337922,34.18620773281166],[-118.54439954157871,34.18618466152739],[-118.54438561157183,34.18616809975346],[-118.54435135249457,34.18618798332779],[-118.54433793884937,34.18617457913603],[-118.54427210003377,34.18617402345739],[-118.54427145209198,34.186226759480824],[-118.54436744942345,34.18622759143792]]]},"properties":{"building_pk":83654,"building_key":"lariac:397025890604","source_tile":"r04-c05","source_tile_ids":["r04-c05"],"source_bld_id":"397025890604","height_m":6.514,"receiver_ids":[205815,205816,205817,205818,205819,205820,205821,205822,205823,205824,205825,205826,205827,205828,205829],"receiver_keys":["r04-c05:expanded-facade-max4m:83654:0:10","r04-c05:expanded-facade-max4m:83654:0:11","r04-c05:expanded-facade-max4m:83654:0:12","r04-c05:expanded-facade-max4m:83654:0:14","r04-c05:expanded-facade-max4m:83654:0:15","r04-c05:expanded-facade-max4m:83654:0:16","r04-c05:expanded-facade-max4m:83654:0:17","r04-c05:expanded-facade-max4m:83654:0:18","r04-c05:expanded-facade-max4m:83654:0:2","r04-c05:expanded-facade-max4m:83654:0:3","r04-c05:expanded-facade-max4m:83654:0:4","r04-c05:expanded-facade-max4m:83654:0:5","r04-c05:expanded-facade-max4m:83654:0:6","r04-c05:expanded-facade-max4m:83654:0:7","r04-c05:expanded-facade-max4m:83654:0:8"],"receiver_count":15,"periods":{"D":{"min":46.025845,"max":66.87331,"receiver_count":15,"unavailable_count":0},"E":{"min":43.807358,"max":64.654816,"receiver_count":15,"unavailable_count":0},"N":{"min":39.036144,"max":59.883606,"receiver_count":15,"unavailable_count":0}}}},{"type":"Feature","id":"lariac:396640890527","geometry":{"type":"Polygon","coordinates":[[[-118.54566551515806,34.18605782907666],[-118.54572638962283,34.18605771941842],[-118.54572619307375,34.185992264604366],[-118.54566531974739,34.18599237515912],[-118.54566551515806,34.18605782907666]]]},"properties":{"building_pk":83663,"building_key":"lariac:396640890527","source_tile":"r04-c05","source_tile_ids":["r04-c05"],"source_bld_id":"396640890527","height_m":4.38,"receiver_ids":[205830,205831,205832,205833,205834,205835],"receiver_keys":["r04-c05:expanded-facade-max4m:83663:0:1","r04-c05:expanded-facade-max4m:83663:0:2","r04-c05:expanded-facade-max4m:83663:0:4","r04-c05:expanded-facade-max4m:83663:0:5","r04-c05:expanded-facade-max4m:83663:0:6","r04-c05:expanded-facade-max4m:83663:0:7"],"receiver_count":6,"periods":{"D":{"min":53.589756,"max":60.336094,"receiver_count":6,"unavailable_count":0},"E":{"min":51.371265,"max":58.117607,"receiver_count":6,"unavailable_count":0},"N":{"min":46.600056,"max":53.346397,"receiver_count":6,"unavailable_count":0}}}},{"type":"Feature","id":"lariac:396765888900","geometry":{"type":"Polygon","coordinates":[[[-118.54528412841745,34.18158490505403],[-118.54528372988509,34.18153398764849],[-118.54527939827113,34.18153398013089],[-118.54527944852222,34.181495976220766],[-118.54521236046921,34.18149592165021],[-118.54521224547875,34.18158484415256],[-118.54528412841745,34.18158490505403]]]},"properties":{"building_pk":84036,"building_key":"lariac:396765888900","source_tile":"r04-c05","source_tile_ids":["r04-c05"],"source_bld_id":"396765888900","height_m":4.88,"receiver_ids":[206320,206321,206322,206323,206324,206325,206326],"receiver_keys":["r04-c05:expanded-facade-max4m:84036:0:1","r04-c05:expanded-facade-max4m:84036:0:2","r04-c05:expanded-facade-max4m:84036:0:3","r04-c05:expanded-facade-max4m:84036:0:4","r04-c05:expanded-facade-max4m:84036:0:5","r04-c05:expanded-facade-max4m:84036:0:6","r04-c05:expanded-facade-max4m:84036:0:7"],"receiver_count":7,"periods":{"D":{"min":58.399914,"max":61.27766,"receiver_count":7,"unavailable_count":0},"E":{"min":56.181423,"max":59.059174,"receiver_count":7,"unavailable_count":0},"N":{"min":51.410213,"max":54.28796,"receiver_count":7,"unavailable_count":0}}}},{"type":"Feature","id":"lariac:396714888798","geometry":{"type":"Polygon","coordinates":[[[-118.5454486103937,34.18130323327459],[-118.5454478430827,34.18124752041704],[-118.54537381691598,34.181248293289585],[-118.54537472598584,34.18130346187714],[-118.5454486103937,34.18130323327459]]]},"properties":{"building_pk":85137,"building_key":"lariac:396714888798","source_tile":"r04-c05","source_tile_ids":["r04-c05"],"source_bld_id":"396714888798","height_m":4.033,"receiver_ids":[207612,207613,207614,207615,207616,207617,207618],"receiver_keys":["r04-c05:expanded-facade-max4m:85137:0:1","r04-c05:expanded-facade-max4m:85137:0:2","r04-c05:expanded-facade-max4m:85137:0:3","r04-c05:expanded-facade-max4m:85137:0:4","r04-c05:expanded-facade-max4m:85137:0:5","r04-c05:expanded-facade-max4m:85137:0:6","r04-c05:expanded-facade-max4m:85137:0:7"],"receiver_count":7,"periods":{"D":{"min":59.001976,"max":60.331673,"receiver_count":7,"unavailable_count":0},"E":{"min":56.783485,"max":58.113186,"receiver_count":7,"unavailable_count":0},"N":{"min":52.012276,"max":53.341972,"receiver_count":7,"unavailable_count":0}}}},{"type":"Feature","id":"lariac:396520890462","geometry":{"type":"Polygon","coordinates":[[[-118.54613348697356,34.18580257965698],[-118.5460357465787,34.18580304798357],[-118.546035807648,34.18581239040854],[-118.54601219904129,34.185812524933155],[-118.54601227825175,34.18582464313027],[-118.54596539153407,34.18582485477817],[-118.54596599717804,34.18591237303575],[-118.54606889490334,34.185911880580925],[-118.54606915235135,34.185946118257405],[-118.54613445586283,34.185945796368706],[-118.54613348697356,34.18580257965698]]]},"properties":{"building_pk":85706,"building_key":"lariac:396520890462","source_tile":"r04-c05","source_tile_ids":["r04-c05"],"source_bld_id":"396520890462","height_m":4.898,"receiver_ids":[208239,208240,208241,208242],"receiver_keys":["r04-c05:expanded-facade-max4m:85706:0:5","r04-c05:expanded-facade-max4m:85706:0:6","r04-c05:expanded-facade-max4m:85706:0:7","r04-c05:expanded-facade-max4m:85706:0:8"],"receiver_count":4,"periods":{"D":{"min":54.353558,"max":58.38879,"receiver_count":4,"unavailable_count":0},"E":{"min":52.13507,"max":56.1703,"receiver_count":4,"unavailable_count":0},"N":{"min":47.363857,"max":51.39909,"receiver_count":4,"unavailable_count":0}}}},{"type":"Feature","id":"lariac:396737889391","geometry":{"type":"Polygon","coordinates":[[[-118.54538182185394,34.18292771278081],[-118.54538184633114,34.182878290931804],[-118.54531029349481,34.182878283589254],[-118.54531029657727,34.18292777924035],[-118.54538182185394,34.18292771278081]]]},"properties":{"building_pk":85719,"building_key":"lariac:396737889391","source_tile":"r04-c05","source_tile_ids":["r04-c05"],"source_bld_id":"396737889391","height_m":4.779,"receiver_ids":[208243,208244,208245,208246,208247,208248,208249],"receiver_keys":["r04-c05:expanded-facade-max4m:85719:0:1","r04-c05:expanded-facade-max4m:85719:0:2","r04-c05:expanded-facade-max4m:85719:0:3","r04-c05:expanded-facade-max4m:85719:0:4","r04-c05:expanded-facade-max4m:85719:0:5","r04-c05:expanded-facade-max4m:85719:0:6","r04-c05:expanded-facade-max4m:85719:0:7"],"receiver_count":7,"periods":{"D":{"min":54.96617,"max":60.235653,"receiver_count":7,"unavailable_count":0},"E":{"min":52.747684,"max":58.017166,"receiver_count":7,"unavailable_count":0},"N":{"min":47.97647,"max":53.245953,"receiver_count":7,"unavailable_count":0}}}},{"type":"Feature","id":"lariac:2014121100650000","geometry":{"type":"Polygon","coordinates":[[[-118.5436078572399,34.18327656269289],[-118.54369781725777,34.18327503230777],[-118.5436976904494,34.18327088307125],[-118.54371590790309,34.18327058120172],[-118.54371545435538,34.183251732859475],[-118.54378855413148,34.18325052522159],[-118.54378755900706,34.18320947609153],[-118.54380022164911,34.18320925417754],[-118.54379905374698,34.1831619950885],[-118.54381085723698,34.18316177703617],[-118.54380760142337,34.18302741926271],[-118.54375372826892,34.18303084842974],[-118.54375394504156,34.183053984677485],[-118.54374514966567,34.183054024218514],[-118.54374499692102,34.183035724465896],[-118.54371219795371,34.183035926907486],[-118.54371232655119,34.183050517817136],[-118.54366778937704,34.18305080005986],[-118.54366843461936,34.18311943980916],[-118.54372993324236,34.183119053369616],[-118.54373027538293,34.18315645147808],[-118.54367681168922,34.183156801800514],[-118.54367663964922,34.18313536836799],[-118.54361639718758,34.183135749134536],[-118.5436165946092,34.1831559175869],[-118.5436099481693,34.183155947459504],[-118.5436104690905,34.18321049122761],[-118.543607228854,34.1832105057908],[-118.5436078572399,34.18327656269289]]]},"properties":{"building_pk":86318,"building_key":"lariac:2014121100650000","source_tile":"r04-c05","source_tile_ids":["r04-c05"],"source_bld_id":"2014121100650000","height_m":5.492,"receiver_ids":[208873,208874,208875,208876,208877,208878,208879,208880,208881,208882,208883,208884,208885,208886],"receiver_keys":["r04-c05:expanded-facade-max4m:86318:0:10","r04-c05:expanded-facade-max4m:86318:0:11","r04-c05:expanded-facade-max4m:86318:0:12","r04-c05:expanded-facade-max4m:86318:0:13","r04-c05:expanded-facade-max4m:86318:0:16","r04-c05:expanded-facade-max4m:86318:0:17","r04-c05:expanded-facade-max4m:86318:0:20","r04-c05:expanded-facade-max4m:86318:0:3","r04-c05:expanded-facade-max4m:86318:0:4","r04-c05:expanded-facade-max4m:86318:0:5","r04-c05:expanded-facade-max4m:86318:0:6","r04-c05:expanded-facade-max4m:86318:0:7","r04-c05:expanded-facade-max4m:86318:0:8","r04-c05:expanded-facade-max4m:86318:0:9"],"receiver_count":14,"periods":{"D":{"min":48.53074,"max":59.913918,"receiver_count":14,"unavailable_count":0},"E":{"min":46.312252,"max":57.69543,"receiver_count":14,"unavailable_count":0},"N":{"min":41.54104,"max":52.924217,"receiver_count":14,"unavailable_count":0}}}},{"type":"Feature","id":"lariac:201700286274","geometry":{"type":"Polygon","coordinates":[[[-118.5362216199513,34.18061614523085],[-118.53622199535006,34.180648096071415],[-118.53628487131043,34.18064709515495],[-118.5362852400226,34.180615985761364],[-118.53638653380607,34.180615733111146],[-118.53638601391071,34.18050283241818],[-118.53620410411928,34.18050410603533],[-118.53619567186273,34.180565916277935],[-118.53620370188659,34.18061618950995],[-118.5362216199513,34.18061614523085]]]},"properties":{"building_pk":86785,"building_key":"lariac:201700286274","source_tile":"r04-c05","source_tile_ids":["r04-c05"],"source_bld_id":"201700286274","height_m":6.648,"receiver_ids":[209615,209616,209617,209618,209619,209620,209621,209622,209623,209624,209625,209626,209627,209628,209629],"receiver_keys":["r04-c05:expanded-facade-max4m:86785:0:1","r04-c05:expanded-facade-max4m:86785:0:11","r04-c05:expanded-facade-max4m:86785:0:12","r04-c05:expanded-facade-max4m:86785:0:13","r04-c05:expanded-facade-max4m:86785:0:14","r04-c05:expanded-facade-max4m:86785:0:15","r04-c05:expanded-facade-max4m:86785:0:16","r04-c05:expanded-facade-max4m:86785:0:17","r04-c05:expanded-facade-max4m:86785:0:2","r04-c05:expanded-facade-max4m:86785:0:3","r04-c05:expanded-facade-max4m:86785:0:5","r04-c05:expanded-facade-max4m:86785:0:6","r04-c05:expanded-facade-max4m:86785:0:7","r04-c05:expanded-facade-max4m:86785:0:8","r04-c05:expanded-facade-max4m:86785:0:9"],"receiver_count":15,"periods":{"D":{"min":61.135826,"max":71.06355,"receiver_count":15,"unavailable_count":0},"E":{"min":58.91734,"max":68.84506,"receiver_count":15,"unavailable_count":0},"N":{"min":54.146126,"max":64.07385,"receiver_count":15,"unavailable_count":0}}}},{"type":"Feature","id":"lariac:201700286317","geometry":{"type":"Polygon","coordinates":[[[-118.54571116252875,34.181124908162886],[-118.5457232121579,34.181124884447016],[-118.54572319589884,34.18111957262338],[-118.54575450778529,34.18111950977175],[-118.54575431649049,34.18105403059496],[-118.54570836350327,34.181054123445904],[-118.54570833120732,34.181043201386466],[-118.5457037708423,34.1810432111441],[-118.54570342188372,34.18092320098899],[-118.54561838157522,34.180923377300054],[-118.54561852736111,34.180973600754896],[-118.54559415587988,34.180973650294284],[-118.54559418916497,34.180985058281365],[-118.54556451858585,34.180985118195885],[-118.54556462243562,34.181020952296684],[-118.54559453601759,34.18102089218761],[-118.54559456873744,34.181032213629024],[-118.54561033476956,34.18103218217498],[-118.54561036609424,34.18104279140301],[-118.54559542123454,34.181042821857396],[-118.54559540324631,34.18103657964812],[-118.54556464028084,34.18103664088414],[-118.54556465760291,34.18104261533785],[-118.54556208886478,34.18104261971246],[-118.54556231260078,34.18111940139916],[-118.54571114521272,34.181119102297856],[-118.54571116252875,34.181124908162886]]]},"properties":{"building_pk":86787,"building_key":"lariac:201700286317","source_tile":"r04-c05","source_tile_ids":["r04-c05"],"source_bld_id":"201700286317","height_m":3.402,"receiver_ids":[209657,209658,209659,209660,209661,209662,209663,209664,209665,209666,209667,209668,209669,209670],"receiver_keys":["r04-c05:expanded-facade-max4m:86787:0:10","r04-c05:expanded-facade-max4m:86787:0:11","r04-c05:expanded-facade-max4m:86787:0:13","r04-c05:expanded-facade-max4m:86787:0:14","r04-c05:expanded-facade-max4m:86787:0:18","r04-c05:expanded-facade-max4m:86787:0:19","r04-c05:expanded-facade-max4m:86787:0:2","r04-c05:expanded-facade-max4m:86787:0:20","r04-c05:expanded-facade-max4m:86787:0:3","r04-c05:expanded-facade-max4m:86787:0:4","r04-c05:expanded-facade-max4m:86787:0:6","r04-c05:expanded-facade-max4m:86787:0:7","r04-c05:expanded-facade-max4m:86787:0:8","r04-c05:expanded-facade-max4m:86787:0:9"],"receiver_count":14,"periods":{"D":{"min":61.912914,"max":63.938095,"receiver_count":14,"unavailable_count":0},"E":{"min":59.694427,"max":61.71961,"receiver_count":14,"unavailable_count":0},"N":{"min":54.923218,"max":56.948395,"receiver_count":14,"unavailable_count":0}}}},{"type":"Feature","id":"lariac:399794888875","geometry":{"type":"Polygon","coordinates":[[[-118.53519551202105,34.18151458313911],[-118.53519486972941,34.18153827313422],[-118.53520009480336,34.18153838704772],[-118.53519990705657,34.18154514765138],[-118.5352647536587,34.18154634462494],[-118.53526554987126,34.18151586712898],[-118.53519551202105,34.18151458313911]]]},"properties":{"building_pk":87191,"building_key":"lariac:399794888875","source_tile":"r04-c05","source_tile_ids":["r04-c05"],"source_bld_id":"399794888875","height_m":4.337,"receiver_ids":[210248,210249],"receiver_keys":["r04-c05:expanded-facade-max4m:87191:0:3","r04-c05:expanded-facade-max4m:87191:0:4"],"receiver_count":2,"periods":{"D":{"min":58.777035,"max":60.09089,"receiver_count":2,"unavailable_count":0},"E":{"min":56.558544,"max":57.872402,"receiver_count":2,"unavailable_count":0},"N":{"min":51.787334,"max":53.10119,"receiver_count":2,"unavailable_count":0}}}},{"type":"Feature","id":"lariac:399476889040","geometry":{"type":"Polygon","coordinates":[[[-118.53680823994968,34.18206163468638],[-118.53680844989509,34.18199656304625],[-118.53681664998089,34.181996581645436],[-118.53681680969198,34.181944288706376],[-118.5362429326047,34.18194306959513],[-118.53624275716835,34.182003277252065],[-118.53623756639179,34.182003272318205],[-118.53623736579013,34.182064799044845],[-118.53629136117934,34.182064916649956],[-118.53629136567562,34.1820605477501],[-118.53680823994968,34.18206163468638]]]},"properties":{"building_pk":87195,"building_key":"lariac:399476889040","source_tile":"r04-c05","source_tile_ids":["r04-c05"],"source_bld_id":"399476889040","height_m":12.314,"receiver_ids":[210250,210251,210252,210253,210254,210255,210256,210257,210258,210259,210260,210261,210262,210263,210264,210265,210266,210267,210268,210269,210270,210271,210272,210273,210274,210275,210276,210277,210278,210279,210280,210281,210282,210283],"receiver_keys":["r04-c05:expanded-facade-max4m:87195:0:1","r04-c05:expanded-facade-max4m:87195:0:10","r04-c05:expanded-facade-max4m:87195:0:11","r04-c05:expanded-facade-max4m:87195:0:12","r04-c05:expanded-facade-max4m:87195:0:13","r04-c05:expanded-facade-max4m:87195:0:14","r04-c05:expanded-facade-max4m:87195:0:15","r04-c05:expanded-facade-max4m:87195:0:16","r04-c05:expanded-facade-max4m:87195:0:17","r04-c05:expanded-facade-max4m:87195:0:18","r04-c05:expanded-facade-max4m:87195:0:19","r04-c05:expanded-facade-max4m:87195:0:2","r04-c05:expanded-facade-max4m:87195:0:20","r04-c05:expanded-facade-max4m:87195:0:21","r04-c05:expanded-facade-max4m:87195:0:22","r04-c05:expanded-facade-max4m:87195:0:23","r04-c05:expanded-facade-max4m:87195:0:24","r04-c05:expanded-facade-max4m:87195:0:25","r04-c05:expanded-facade-max4m:87195:0:26","r04-c05:expanded-facade-max4m:87195:0:27","r04-c05:expanded-facade-max4m:87195:0:28","r04-c05:expanded-facade-max4m:87195:0:29","r04-c05:expanded-facade-max4m:87195:0:3","r04-c05:expanded-facade-max4m:87195:0:30","r04-c05:expanded-facade-max4m:87195:0:31","r04-c05:expanded-facade-max4m:87195:0:32","r04-c05:expanded-facade-max4m:87195:0:33","r04-c05:expanded-facade-max4m:87195:0:34","r04-c05:expanded-facade-max4m:87195:0:4","r04-c05:expanded-facade-max4m:87195:0:5","r04-c05:expanded-facade-max4m:87195:0:6","r04-c05:expanded-facade-max4m:87195:0:7","r04-c05:expanded-facade-max4m:87195:0:8","r04-c05:expanded-facade-max4m:87195:0:9"],"receiver_count":34,"periods":{"D":{"min":45.912605,"max":69.015114,"receiver_count":34,"unavailable_count":0},"E":{"min":43.69412,"max":66.79663,"receiver_count":34,"unavailable_count":0},"N":{"min":38.922905,"max":62.025414,"receiver_count":34,"unavailable_count":0}}}},{"type":"Feature","id":"lariac:399398890136","geometry":{"type":"Polygon","coordinates":[[[-118.53662150163548,34.18488915576853],[-118.53639473806386,34.1848893376109],[-118.53639479872005,34.18497092252512],[-118.53649948466372,34.184970843182896],[-118.5364995398291,34.1850155793323],[-118.53639535066928,34.18501565647122],[-118.53639545085863,34.185093092306715],[-118.53649911180943,34.18509301660956],[-118.53649912582542,34.18509013160804],[-118.53662170069536,34.1850900278053],[-118.53662150163548,34.18488915576853]]]},"properties":{"building_pk":87199,"building_key":"lariac:399398890136","source_tile":"r04-c05","source_tile_ids":["r04-c05"],"source_bld_id":"399398890136","height_m":5.831,"receiver_ids":[210284,210285,210286,210287,210288,210289,210290,210291,210292,210293,210294,210295,210296,210297,210298,210299,210300,210301,210302,210303,210304,210305,210306,210307],"receiver_keys":["r04-c05:expanded-facade-max4m:87199:0:10","r04-c05:expanded-facade-max4m:87199:0:11","r04-c05:expanded-facade-max4m:87199:0:13","r04-c05:expanded-facade-max4m:87199:0:14","r04-c05:expanded-facade-max4m:87199:0:15","r04-c05:expanded-facade-max4m:87199:0:16","r04-c05:expanded-facade-max4m:87199:0:17","r04-c05:expanded-facade-max4m:87199:0:18","r04-c05:expanded-facade-max4m:87199:0:19","r04-c05:expanded-facade-max4m:87199:0:2","r04-c05:expanded-facade-max4m:87199:0:20","r04-c05:expanded-facade-max4m:87199:0:21","r04-c05:expanded-facade-max4m:87199:0:22","r04-c05:expanded-facade-max4m:87199:0:23","r04-c05:expanded-facade-max4m:87199:0:25","r04-c05:expanded-facade-max4m:87199:0:26","r04-c05:expanded-facade-max4m:87199:0:27","r04-c05:expanded-facade-max4m:87199:0:3","r04-c05:expanded-facade-max4m:87199:0:4","r04-c05:expanded-facade-max4m:87199:0:5","r04-c05:expanded-facade-max4m:87199:0:6","r04-c05:expanded-facade-max4m:87199:0:7","r04-c05:expanded-facade-max4m:87199:0:8","r04-c05:expanded-facade-max4m:87199:0:9"],"receiver_count":24,"periods":{"D":{"min":55.671238,"max":64.8365,"receiver_count":24,"unavailable_count":0},"E":{"min":53.45275,"max":62.618015,"receiver_count":24,"unavailable_count":0},"N":{"min":48.681538,"max":57.8468,"receiver_count":24,"unavailable_count":0}}}},{"type":"Feature","id":"lariac:398515888425","geometry":{"type":"Polygon","coordinates":[[[-118.53954916640912,34.18033630900346],[-118.53954918852209,34.180221995873154],[-118.53948213438751,34.180221992070045],[-118.53948213186179,34.180201107822505],[-118.53941514391899,34.18020110458855],[-118.5394151535435,34.1802229228036],[-118.53934757006043,34.18022292218827],[-118.53934754164159,34.180336301346195],[-118.53954916640912,34.18033630900346]]]},"properties":{"building_pk":87212,"building_key":"lariac:398515888425","source_tile":"r04-c05","source_tile_ids":["r04-c05"],"source_bld_id":"398515888425","height_m":7.074,"receiver_ids":[210308,210309,210310,210311,210312,210313,210314,210315,210316,210317,210318,210319,210320,210321,210322,210323],"receiver_keys":["r04-c05:expanded-facade-max4m:87212:0:1","r04-c05:expanded-facade-max4m:87212:0:10","r04-c05:expanded-facade-max4m:87212:0:11","r04-c05:expanded-facade-max4m:87212:0:12","r04-c05:expanded-facade-max4m:87212:0:13","r04-c05:expanded-facade-max4m:87212:0:14","r04-c05:expanded-facade-max4m:87212:0:15","r04-c05:expanded-facade-max4m:87212:0:16","r04-c05:expanded-facade-max4m:87212:0:17","r04-c05:expanded-facade-max4m:87212:0:2","r04-c05:expanded-facade-max4m:87212:0:3","r04-c05:expanded-facade-max4m:87212:0:4","r04-c05:expanded-facade-max4m:87212:0:5","r04-c05:expanded-facade-max4m:87212:0:6","r04-c05:expanded-facade-max4m:87212:0:7","r04-c05:expanded-facade-max4m:87212:0:9"],"receiver_count":16,"periods":{"D":{"min":53.45038,"max":66.87467,"receiver_count":16,"unavailable_count":0},"E":{"min":51.23189,"max":64.65619,"receiver_count":16,"unavailable_count":0},"N":{"min":46.46068,"max":59.884975,"receiver_count":16,"unavailable_count":0}}}},{"type":"Feature","id":"lariac:399330890201","geometry":{"type":"Polygon","coordinates":[[[-118.53682688804338,34.18521148109682],[-118.5368267938785,34.18511563210726],[-118.53682624533815,34.18511569224062],[-118.53682624718404,34.18509538496355],[-118.53678881729697,34.185095414048654],[-118.53678884251148,34.185114869246846],[-118.53674744439432,34.18511491502848],[-118.53674756980386,34.18521158879145],[-118.53682688804338,34.18521148109682]]]},"properties":{"building_pk":87222,"building_key":"lariac:399330890201","source_tile":"r04-c05","source_tile_ids":["r04-c05"],"source_bld_id":"399330890201","height_m":4.578,"receiver_ids":[210324,210325,210326,210327,210328,210329,210330,210331,210332],"receiver_keys":["r04-c05:expanded-facade-max4m:87222:0:1","r04-c05:expanded-facade-max4m:87222:0:2","r04-c05:expanded-facade-max4m:87222:0:3","r04-c05:expanded-facade-max4m:87222:0:4","r04-c05:expanded-facade-max4m:87222:0:5","r04-c05:expanded-facade-max4m:87222:0:6","r04-c05:expanded-facade-max4m:87222:0:7","r04-c05:expanded-facade-max4m:87222:0:8","r04-c05:expanded-facade-max4m:87222:0:9"],"receiver_count":9,"periods":{"D":{"min":57.99184,"max":59.26406,"receiver_count":9,"unavailable_count":0},"E":{"min":55.773354,"max":57.045574,"receiver_count":9,"unavailable_count":0},"N":{"min":51.00214,"max":52.27436,"receiver_count":9,"unavailable_count":0}}}},{"type":"Feature","id":"lariac:399755889490","geometry":{"type":"Polygon","coordinates":[[[-118.53533930053203,34.183289747625054],[-118.53539774660348,34.18328969537551],[-118.53539597175313,34.18282354214266],[-118.53533751452018,34.182823663861015],[-118.53533930053203,34.183289747625054]]]},"properties":{"building_pk":87225,"building_key":"lariac:399755889490","source_tile":"r04-c05","source_tile_ids":["r04-c05"],"source_bld_id":"399755889490","height_m":3.344,"receiver_ids":[210333,210334,210335,210336,210337,210338,210339,210340,210341,210342,210343,210344,210345,210346,210347,210348,210349,210350,210351,210352,210353,210354,210355,210356,210357,210358,210359,210360],"receiver_keys":["r04-c05:expanded-facade-max4m:87225:0:10","r04-c05:expanded-facade-max4m:87225:0:11","r04-c05:expanded-facade-max4m:87225:0:12","r04-c05:expanded-facade-max4m:87225:0:13","r04-c05:expanded-facade-max4m:87225:0:14","r04-c05:expanded-facade-max4m:87225:0:15","r04-c05:expanded-facade-max4m:87225:0:16","r04-c05:expanded-facade-max4m:87225:0:17","r04-c05:expanded-facade-max4m:87225:0:18","r04-c05:expanded-facade-max4m:87225:0:19","r04-c05:expanded-facade-max4m:87225:0:2","r04-c05:expanded-facade-max4m:87225:0:20","r04-c05:expanded-facade-max4m:87225:0:21","r04-c05:expanded-facade-max4m:87225:0:22","r04-c05:expanded-facade-max4m:87225:0:23","r04-c05:expanded-facade-max4m:87225:0:24","r04-c05:expanded-facade-max4m:87225:0:25","r04-c05:expanded-facade-max4m:87225:0:26","r04-c05:expanded-facade-max4m:87225:0:27","r04-c05:expanded-facade-max4m:87225:0:28","r04-c05:expanded-facade-max4m:87225:0:29","r04-c05:expanded-facade-max4m:87225:0:3","r04-c05:expanded-facade-max4m:87225:0:4","r04-c05:expanded-facade-max4m:87225:0:5","r04-c05:expanded-facade-max4m:87225:0:6","r04-c05:expanded-facade-max4m:87225:0:7","r04-c05:expanded-facade-max4m:87225:0:8","r04-c05:expanded-facade-max4m:87225:0:9"],"receiver_count":28,"periods":{"D":{"min":57.712257,"max":58.357693,"receiver_count":28,"unavailable_count":0},"E":{"min":55.493767,"max":56.139202,"receiver_count":28,"unavailable_count":0},"N":{"min":50.722557,"max":51.367992,"receiver_count":28,"unavailable_count":0}}}},{"type":"Feature","id":"lariac:399639890475","geometry":{"type":"Polygon","coordinates":[[[-118.53548389882702,34.186043374311225],[-118.53553058717225,34.186043167605355],[-118.53553053854802,34.18603558313507],[-118.53555765245639,34.1860354630839],[-118.53555770794966,34.186044118557454],[-118.53563309620823,34.18604378473191],[-118.53563288212945,34.18601039881889],[-118.53559399797176,34.186010571007095],[-118.53559376840582,34.1859747672229],[-118.53557806244123,34.18597483676908],[-118.53557786088712,34.1859434008392],[-118.53559264041334,34.185943335395386],[-118.5355924383336,34.18591181832899],[-118.53563317530947,34.185911637936044],[-118.53563296352017,34.18587860902417],[-118.53561404977674,34.185878692780356],[-118.5356139914569,34.18586959736607],[-118.53563399652167,34.18586950877705],[-118.53563388991876,34.185852883885225],[-118.53569572108002,34.18585261005556],[-118.53569550874003,34.18581949910562],[-118.53570985974277,34.185819435545284],[-118.53570975207259,34.18580264657724],[-118.53572225021077,34.185802591221766],[-118.53572260953237,34.18585861875692],[-118.53575012042513,34.18585849690405],[-118.53575021894483,34.18587385786776],[-118.53571708653787,34.18587400461902],[-118.5357171117343,34.18587793343407],[-118.53568318741098,34.18587808368348],[-118.5356834764062,34.185923148760985],[-118.53570278611716,34.18592306324019],[-118.53570293537247,34.18594633682669],[-118.53570931734224,34.185946308560915],[-118.5357095036131,34.18597535366504],[-118.53567266868907,34.18597551680244],[-118.53567288384164,34.186009067693185],[-118.53565251533,34.186009157898006],[-118.53565274122136,34.18604438471062],[-118.53573418167271,34.18604402401942],[-118.5357341273927,34.18603556056925],[-118.5357594556925,34.18603544838171],[-118.53575950697991,34.18604344484554],[-118.53580659128266,34.18604323627928],[-118.53580645098447,34.186021363651804],[-118.53583181182435,34.18602125130494],[-118.53583152063803,34.18597585717371],[-118.53581902247404,34.185975912540414],[-118.53581882982144,34.18594587847135],[-118.5358234587292,34.18594585796547],[-118.53582322254212,34.18590903726959],[-118.53580361451041,34.18590912413107],[-118.53580356445632,34.185901320592045],[-118.53581288987822,34.185901334276],[-118.53581293046828,34.18587671204094],[-118.53578197947562,34.18587665711776],[-118.53578206216937,34.185853354556016],[-118.53580253023999,34.185853400922795],[-118.53580267285234,34.18580341601345],[-118.53581457595979,34.18580344622638],[-118.53581467275578,34.18576695311883],[-118.53576808243139,34.185766857483785],[-118.5357680480137,34.185777052290355],[-118.53574010758848,34.18577701106748],[-118.53574010714887,34.18576662438659],[-118.53563131767676,34.185766419222126],[-118.53563126837068,34.18578444580309],[-118.53558520651436,34.18578437480359],[-118.53558495834046,34.185879673559555],[-118.53548433681713,34.18587951413473],[-118.53548389882702,34.186043374311225]]]},"properties":{"building_pk":87266,"building_key":"lariac:399639890475","source_tile":"r04-c05","source_tile_ids":["r04-c05"],"source_bld_id":"399639890475","height_m":9.376,"receiver_ids":[210425,210426,210427,210428,210429,210430,210431,210432,210433,210434,210435,210436,210437,210438,210439,210440,210441,210442,210443,210444,210445,210446,210447,210448,210449,210450,210451,210452,210453,210454,210455,210456,210457,210458,210459,210460,210461,210462,210463,210464,210465],"receiver_keys":["r04-c05:expanded-facade-max4m:87266:0:1","r04-c05:expanded-facade-max4m:87266:0:10","r04-c05:expanded-facade-max4m:87266:0:11","r04-c05:expanded-facade-max4m:87266:0:14","r04-c05:expanded-facade-max4m:87266:0:2","r04-c05:expanded-facade-max4m:87266:0:21","r04-c05:expanded-facade-max4m:87266:0:22","r04-c05:expanded-facade-max4m:87266:0:23","r04-c05:expanded-facade-max4m:87266:0:24","r04-c05:expanded-facade-max4m:87266:0:25","r04-c05:expanded-facade-max4m:87266:0:28","r04-c05:expanded-facade-max4m:87266:0:29","r04-c05:expanded-facade-max4m:87266:0:3","r04-c05:expanded-facade-max4m:87266:0:30","r04-c05:expanded-facade-max4m:87266:0:31","r04-c05:expanded-facade-max4m:87266:0:33","r04-c05:expanded-facade-max4m:87266:0:34","r04-c05:expanded-facade-max4m:87266:0:35","r04-c05:expanded-facade-max4m:87266:0:36","r04-c05:expanded-facade-max4m:87266:0:39","r04-c05:expanded-facade-max4m:87266:0:4","r04-c05:expanded-facade-max4m:87266:0:40","r04-c05:expanded-facade-max4m:87266:0:41","r04-c05:expanded-facade-max4m:87266:0:42","r04-c05:expanded-facade-max4m:87266:0:43","r04-c05:expanded-facade-max4m:87266:0:44","r04-c05:expanded-facade-max4m:87266:0:45","r04-c05:expanded-facade-max4m:87266:0:46","r04-c05:expanded-facade-max4m:87266:0:47","r04-c05:expanded-facade-max4m:87266:0:49","r04-c05:expanded-facade-max4m:87266:0:50","r04-c05:expanded-facade-max4m:87266:0:51","r04-c05:expanded-facade-max4m:87266:0:52","r04-c05:expanded-facade-max4m:87266:0:53","r04-c05:expanded-facade-max4m:87266:0:56","r04-c05:expanded-facade-max4m:87266:0:57","r04-c05:expanded-facade-max4m:87266:0:58","r04-c05:expanded-facade-max4m:87266:0:6","r04-c05:expanded-facade-max4m:87266:0:7","r04-c05:expanded-facade-max4m:87266:0:8","r04-c05:expanded-facade-max4m:87266:0:9"],"receiver_count":41,"periods":{"D":{"min":44.970993,"max":69.70456,"receiver_count":41,"unavailable_count":0},"E":{"min":42.752506,"max":67.48607,"receiver_count":41,"unavailable_count":0},"N":{"min":37.981297,"max":62.71486,"receiver_count":41,"unavailable_count":0}}}},{"type":"Feature","id":"lariac:399387889628","geometry":{"type":"Polygon","coordinates":[[[-118.5369163008453,34.18365727839196],[-118.53691660507114,34.18354005113526],[-118.53625145725478,34.183538880133774],[-118.53625132376614,34.18359007487489],[-118.53624514031281,34.18359007434201],[-118.53624461879481,34.18378699179196],[-118.53639129782307,34.183787276291746],[-118.53639174556908,34.183620146165275],[-118.53641892592353,34.18362019060536],[-118.53641882762841,34.1836564087498],[-118.5369163008453,34.18365727839196]]]},"properties":{"building_pk":87373,"building_key":"lariac:399387889628","source_tile":"r04-c05","source_tile_ids":["r04-c05"],"source_bld_id":"399387889628","height_m":6.032,"receiver_ids":[210587,210588,210589,210590,210591,210592,210593,210594,210595,210596,210597,210598,210599,210600,210601,210602,210603,210604,210605,210606,210607,210608,210609,210610,210611,210612],"receiver_keys":["r04-c05:expanded-facade-max4m:87373:0:1","r04-c05:expanded-facade-max4m:87373:0:2","r04-c05:expanded-facade-max4m:87373:0:20","r04-c05:expanded-facade-max4m:87373:0:21","r04-c05:expanded-facade-max4m:87373:0:22","r04-c05:expanded-facade-max4m:87373:0:23","r04-c05:expanded-facade-max4m:87373:0:24","r04-c05:expanded-facade-max4m:87373:0:25","r04-c05:expanded-facade-max4m:87373:0:26","r04-c05:expanded-facade-max4m:87373:0:27","r04-c05:expanded-facade-max4m:87373:0:28","r04-c05:expanded-facade-max4m:87373:0:29","r04-c05:expanded-facade-max4m:87373:0:31","r04-c05:expanded-facade-max4m:87373:0:32","r04-c05:expanded-facade-max4m:87373:0:33","r04-c05:expanded-facade-max4m:87373:0:36","r04-c05:expanded-facade-max4m:87373:0:37","r04-c05:expanded-facade-max4m:87373:0:38","r04-c05:expanded-facade-max4m:87373:0:39","r04-c05:expanded-facade-max4m:87373:0:40","r04-c05:expanded-facade-max4m:87373:0:41","r04-c05:expanded-facade-max4m:87373:0:42","r04-c05:expanded-facade-max4m:87373:0:43","r04-c05:expanded-facade-max4m:87373:0:44","r04-c05:expanded-facade-max4m:87373:0:45","r04-c05:expanded-facade-max4m:87373:0:46"],"receiver_count":26,"periods":{"D":{"min":45.298653,"max":68.74317,"receiver_count":26,"unavailable_count":0},"E":{"min":43.080166,"max":66.52469,"receiver_count":26,"unavailable_count":0},"N":{"min":38.308952,"max":61.753475,"receiver_count":26,"unavailable_count":0}}}},{"type":"Feature","id":"lariac:396823888831","geometry":{"type":"Polygon","coordinates":[[[-118.5449624840833,34.181297109692466],[-118.54496266690644,34.18137069739213],[-118.54498581160995,34.18137064809907],[-118.54498587700147,34.181400957711496],[-118.54500016142669,34.18140094833957],[-118.54500022332994,34.181425734208034],[-118.54510688812383,34.18142552849074],[-118.54510682169044,34.1814103603133],[-118.5451338359063,34.18141032059845],[-118.54513366458201,34.18134865846978],[-118.54510470017266,34.18134873402043],[-118.54510456015994,34.18129685440399],[-118.5449624840833,34.181297109692466]]]},"properties":{"building_pk":91246,"building_key":"lariac:396823888831","source_tile":"r04-c05","source_tile_ids":["r04-c05"],"source_bld_id":"396823888831","height_m":6.282,"receiver_ids":[211465,211466,211467,211468,211469,211470,211471,211472,211473,211474,211475],"receiver_keys":["r04-c05:expanded-facade-max4m:91246:0:1","r04-c05:expanded-facade-max4m:91246:0:10","r04-c05:expanded-facade-max4m:91246:0:11","r04-c05:expanded-facade-max4m:91246:0:12","r04-c05:expanded-facade-max4m:91246:0:13","r04-c05:expanded-facade-max4m:91246:0:16","r04-c05:expanded-facade-max4m:91246:0:2","r04-c05:expanded-facade-max4m:91246:0:4","r04-c05:expanded-facade-max4m:91246:0:5","r04-c05:expanded-facade-max4m:91246:0:8","r04-c05:expanded-facade-max4m:91246:0:9"],"receiver_count":11,"periods":{"D":{"min":57.015892,"max":67.44569,"receiver_count":11,"unavailable_count":0},"E":{"min":54.797405,"max":65.227196,"receiver_count":11,"unavailable_count":0},"N":{"min":50.02619,"max":60.455986,"receiver_count":11,"unavailable_count":0}}}},{"type":"Feature","id":"lariac:396764888558","geometry":{"type":"Polygon","coordinates":[[[-118.545322662869,34.18056399244244],[-118.54526758049475,34.180559239019665],[-118.54524982486265,34.180569376691125],[-118.54524639276302,34.18056524235691],[-118.5452007936443,34.18055967803575],[-118.54513476557267,34.180600259346434],[-118.54515411807408,34.18062204627886],[-118.54513699298884,34.18063256514919],[-118.54517713033411,34.180677697634316],[-118.54519511113017,34.180666652005485],[-118.54521469632002,34.18068868400099],[-118.5453562381244,34.18060176179498],[-118.545322662869,34.18056399244244]]]},"properties":{"building_pk":91259,"building_key":"lariac:396764888558","source_tile":"r04-c05","source_tile_ids":["r04-c05"],"source_bld_id":"396764888558","height_m":6.712,"receiver_ids":[211491,211492,211493,211494,211495,211496,211497,211498,211499,211500,211501,211502],"receiver_keys":["r04-c05:expanded-facade-max4m:91259:0:1","r04-c05:expanded-facade-max4m:91259:0:10","r04-c05:expanded-facade-max4m:91259:0:11","r04-c05:expanded-facade-max4m:91259:0:12","r04-c05:expanded-facade-max4m:91259:0:15","r04-c05:expanded-facade-max4m:91259:0:2","r04-c05:expanded-facade-max4m:91259:0:3","r04-c05:expanded-facade-max4m:91259:0:4","r04-c05:expanded-facade-max4m:91259:0:5","r04-c05:expanded-facade-max4m:91259:0:6","r04-c05:expanded-facade-max4m:91259:0:7","r04-c05:expanded-facade-max4m:91259:0:8"],"receiver_count":12,"periods":{"D":{"min":58.3554,"max":67.61914,"receiver_count":12,"unavailable_count":0},"E":{"min":56.13691,"max":65.40066,"receiver_count":12,"unavailable_count":0},"N":{"min":51.3657,"max":60.629444,"receiver_count":12,"unavailable_count":0}}}},{"type":"Feature","id":"lariac:397132889678","geometry":{"type":"Polygon","coordinates":[[[-118.54422717135478,34.18341930753622],[-118.5440955733717,34.18341959758452],[-118.54409564863539,34.183451472232335],[-118.54399371000166,34.18345168373746],[-118.5439936118909,34.18342129223229],[-118.54386571735049,34.18342156537362],[-118.54386671506546,34.18373743301905],[-118.54399656162006,34.183737151099365],[-118.54399652794636,34.18372181869364],[-118.54409615179405,34.18372158965274],[-118.5440961806593,34.183736181011064],[-118.54422817509405,34.18373589008204],[-118.54422717135478,34.18341930753622]]]},"properties":{"building_pk":91314,"building_key":"lariac:397132889678","source_tile":"r04-c05","source_tile_ids":["r04-c05"],"source_bld_id":"397132889678","height_m":8.537,"receiver_ids":[211583,211584,211585,211586,211587,211588,211589,211590,211591,211592,211593,211594,211595,211596,211597,211598,211599,211600,211601,211602,211603,211604,211605,211606,211607,211608,211609,211610,211611,211612,211613,211614,211615,211616],"receiver_keys":["r04-c05:expanded-facade-max4m:91314:0:1","r04-c05:expanded-facade-max4m:91314:0:10","r04-c05:expanded-facade-max4m:91314:0:11","r04-c05:expanded-facade-max4m:91314:0:12","r04-c05:expanded-facade-max4m:91314:0:13","r04-c05:expanded-facade-max4m:91314:0:14","r04-c05:expanded-facade-max4m:91314:0:15","r04-c05:expanded-facade-max4m:91314:0:16","r04-c05:expanded-facade-max4m:91314:0:17","r04-c05:expanded-facade-max4m:91314:0:18","r04-c05:expanded-facade-max4m:91314:0:19","r04-c05:expanded-facade-max4m:91314:0:2","r04-c05:expanded-facade-max4m:91314:0:20","r04-c05:expanded-facade-max4m:91314:0:21","r04-c05:expanded-facade-max4m:91314:0:22","r04-c05:expanded-facade-max4m:91314:0:24","r04-c05:expanded-facade-max4m:91314:0:26","r04-c05:expanded-facade-max4m:91314:0:27","r04-c05:expanded-facade-max4m:91314:0:28","r04-c05:expanded-facade-max4m:91314:0:29","r04-c05:expanded-facade-max4m:91314:0:3","r04-c05:expanded-facade-max4m:91314:0:30","r04-c05:expanded-facade-max4m:91314:0:31","r04-c05:expanded-facade-max4m:91314:0:32","r04-c05:expanded-facade-max4m:91314:0:33","r04-c05:expanded-facade-max4m:91314:0:34","r04-c05:expanded-facade-max4m:91314:0:35","r04-c05:expanded-facade-max4m:91314:0:36","r04-c05:expanded-facade-max4m:91314:0:37","r04-c05:expanded-facade-max4m:91314:0:4","r04-c05:expanded-facade-max4m:91314:0:5","r04-c05:expanded-facade-max4m:91314:0:6","r04-c05:expanded-facade-max4m:91314:0:8","r04-c05:expanded-facade-max4m:91314:0:9"],"receiver_count":34,"periods":{"D":{"min":50.297535,"max":61.447365,"receiver_count":34,"unavailable_count":0},"E":{"min":48.07905,"max":59.228874,"receiver_count":34,"unavailable_count":0},"N":{"min":43.307835,"max":54.457664,"receiver_count":34,"unavailable_count":0}}}},{"type":"Feature","id":"lariac:396838890642","geometry":{"type":"Polygon","coordinates":[[[-118.54511528934307,34.18628533635915],[-118.54505603256705,34.186284999367444],[-118.54505593086472,34.18629983833798],[-118.5449973021833,34.1862994975855],[-118.54499727061217,34.186304801510886],[-118.54495074489289,34.18630451619005],[-118.54495020736269,34.186369122351046],[-118.54498588726771,34.18636931860461],[-118.54498575039892,34.186388912476346],[-118.54511444911897,34.186389651488476],[-118.54511528934307,34.18628533635915]]]},"properties":{"building_pk":91315,"building_key":"lariac:396838890642","source_tile":"r04-c05","source_tile_ids":["r04-c05"],"source_bld_id":"396838890642","height_m":5.962,"receiver_ids":[211617,211618,211619,211620,211621],"receiver_keys":["r04-c05:expanded-facade-max4m:91315:0:1","r04-c05:expanded-facade-max4m:91315:0:2","r04-c05:expanded-facade-max4m:91315:0:3","r04-c05:expanded-facade-max4m:91315:0:4","r04-c05:expanded-facade-max4m:91315:0:5"],"receiver_count":5,"periods":{"D":{"min":58.961063,"max":68.15147,"receiver_count":5,"unavailable_count":0},"E":{"min":56.742577,"max":65.932976,"receiver_count":5,"unavailable_count":0},"N":{"min":51.971363,"max":61.161766,"receiver_count":5,"unavailable_count":0}}}},{"type":"Feature","id":"lariac:396980890580","geometry":{"type":"Polygon","coordinates":[[[-118.54458279062946,34.18616377725602],[-118.5445484696976,34.18616401381765],[-118.54454875023244,34.18619190361973],[-118.54458307226061,34.186191667053166],[-118.54458279062946,34.18616377725602]]]},"properties":{"building_pk":91350,"building_key":"lariac:396980890580","source_tile":"r04-c05","source_tile_ids":["r04-c05"],"source_bld_id":"396980890580","height_m":3.264,"receiver_ids":[211734,211735,211736,211737],"receiver_keys":["r04-c05:expanded-facade-max4m:91350:0:1","r04-c05:expanded-facade-max4m:91350:0:2","r04-c05:expanded-facade-max4m:91350:0:3","r04-c05:expanded-facade-max4m:91350:0:4"],"receiver_count":4,"periods":{"D":{"min":65.150116,"max":68.28123,"receiver_count":4,"unavailable_count":0},"E":{"min":62.93163,"max":66.062744,"receiver_count":4,"unavailable_count":0},"N":{"min":58.160416,"max":61.291527,"receiver_count":4,"unavailable_count":0}}}},{"type":"Feature","id":"lariac:397049888849","geometry":{"type":"Polygon","coordinates":[[[-118.54426963826083,34.18142460291236],[-118.54434863268217,34.181424626056184],[-118.5443492407166,34.18139874089571],[-118.54427027510756,34.181397475295235],[-118.54426963826083,34.18142460291236]]]},"properties":{"building_pk":91353,"building_key":"lariac:397049888849","source_tile":"r04-c05","source_tile_ids":["r04-c05"],"source_bld_id":"397049888849","height_m":6.242,"receiver_ids":[211754,211755,211756,211757],"receiver_keys":["r04-c05:expanded-facade-max4m:91353:0:3","r04-c05:expanded-facade-max4m:91353:0:4","r04-c05:expanded-facade-max4m:91353:0:5","r04-c05:expanded-facade-max4m:91353:0:6"],"receiver_count":4,"periods":{"D":{"min":62.31206,"max":64.52732,"receiver_count":4,"unavailable_count":0},"E":{"min":60.093575,"max":62.30883,"receiver_count":4,"unavailable_count":0},"N":{"min":55.32236,"max":57.537617,"receiver_count":4,"unavailable_count":0}}}},{"type":"Feature","id":"lariac:396755889049","geometry":{"type":"Polygon","coordinates":[[[-118.54532545986942,34.181995339522125],[-118.545324670914,34.181935136170935],[-118.54526148761704,34.18193572304907],[-118.5452616587987,34.18194665890705],[-118.54510953719762,34.181948031586096],[-118.54511081096108,34.18204697840703],[-118.54515762795438,34.18204654741843],[-118.5451577697957,34.18205814243738],[-118.54524859226676,34.18205732102818],[-118.54524814867877,34.18202476016191],[-118.54529321268613,34.18202433792492],[-118.54529308211893,34.18201447291813],[-118.54530929080777,34.18202555644692],[-118.5453349904546,34.18200158842598],[-118.54533505671324,34.18199645022824],[-118.54532545986942,34.181995339522125]]]},"properties":{"building_pk":92781,"building_key":"lariac:396755889049","source_tile":"r04-c05","source_tile_ids":["r04-c05"],"source_bld_id":"396755889049","height_m":4.953,"receiver_ids":[213118,213119,213120,213121,213122,213123,213124,213125,213126,213127,213128,213129,213130,213131,213132,213133],"receiver_keys":["r04-c05:expanded-facade-max4m:92781:0:1","r04-c05:expanded-facade-max4m:92781:0:10","r04-c05:expanded-facade-max4m:92781:0:11","r04-c05:expanded-facade-max4m:92781:0:13","r04-c05:expanded-facade-max4m:92781:0:14","r04-c05:expanded-facade-max4m:92781:0:15","r04-c05:expanded-facade-max4m:92781:0:16","r04-c05:expanded-facade-max4m:92781:0:17","r04-c05:expanded-facade-max4m:92781:0:18","r04-c05:expanded-facade-max4m:92781:0:2","r04-c05:expanded-facade-max4m:92781:0:3","r04-c05:expanded-facade-max4m:92781:0:5","r04-c05:expanded-facade-max4m:92781:0:6","r04-c05:expanded-facade-max4m:92781:0:7","r04-c05:expanded-facade-max4m:92781:0:8","r04-c05:expanded-facade-max4m:92781:0:9"],"receiver_count":16,"periods":{"D":{"min":52.23578,"max":68.93299,"receiver_count":16,"unavailable_count":0},"E":{"min":50.017292,"max":66.7145,"receiver_count":16,"unavailable_count":0},"N":{"min":45.24608,"max":61.94329,"receiver_count":16,"unavailable_count":0}}}},{"type":"Feature","id":"lariac:397247888867","geometry":{"type":"Polygon","coordinates":[[[-118.54362273992638,34.181503928918254],[-118.54368417691072,34.18150442177896],[-118.543684930715,34.18144239848292],[-118.54365718790594,34.181442165276664],[-118.54365768007916,34.18140094447868],[-118.54362398578422,34.18140065687764],[-118.54362273992638,34.181503928918254]]]},"properties":{"building_pk":93564,"building_key":"lariac:397247888867","source_tile":"r04-c05","source_tile_ids":["r04-c05"],"source_bld_id":"397247888867","height_m":4.517,"receiver_ids":[213961,213962,213963],"receiver_keys":["r04-c05:expanded-facade-max4m:93564:0:3","r04-c05:expanded-facade-max4m:93564:0:4","r04-c05:expanded-facade-max4m:93564:0:5"],"receiver_count":3,"periods":{"D":{"min":59.655148,"max":59.726673,"receiver_count":3,"unavailable_count":0},"E":{"min":57.43666,"max":57.508186,"receiver_count":3,"unavailable_count":0},"N":{"min":52.665447,"max":52.736973,"receiver_count":3,"unavailable_count":0}}}},{"type":"Feature","id":"lariac:396708890643","geometry":{"type":"Polygon","coordinates":[[[-118.54546857469285,34.18629102633627],[-118.5454684726202,34.18626027693412],[-118.54536299332642,34.18626056053933],[-118.54536314845589,34.18629944253052],[-118.54535365827788,34.18629945827346],[-118.5453539821579,34.186379476054384],[-118.54540354832862,34.18637936255123],[-118.5454036153478,34.1863947777497],[-118.54552066786152,34.186394469861526],[-118.54552028965568,34.18629087514674],[-118.54546857469285,34.18629102633627]]]},"properties":{"building_pk":93741,"building_key":"lariac:396708890643","source_tile":"r04-c05","source_tile_ids":["r04-c05"],"source_bld_id":"396708890643","height_m":4.752,"receiver_ids":[214103,214104,214105,214106,214107],"receiver_keys":["r04-c05:expanded-facade-max4m:93741:0:1","r04-c05:expanded-facade-max4m:93741:0:15","r04-c05:expanded-facade-max4m:93741:0:16","r04-c05:expanded-facade-max4m:93741:0:2","r04-c05:expanded-facade-max4m:93741:0:4"],"receiver_count":5,"periods":{"D":{"min":56.68314,"max":61.52405,"receiver_count":5,"unavailable_count":0},"E":{"min":54.464653,"max":59.305565,"receiver_count":5,"unavailable_count":0},"N":{"min":49.69344,"max":54.53435,"receiver_count":5,"unavailable_count":0}}}},{"type":"Feature","id":"lariac:201700286340","geometry":{"type":"Polygon","coordinates":[[[-118.54384243028753,34.181246479090234],[-118.54384615557204,34.18137063738688],[-118.5439517497179,34.18136844959788],[-118.54394814595102,34.18124831705232],[-118.5439145503306,34.18124901357469],[-118.54391440084046,34.181244047641734],[-118.54390908068565,34.181244158115184],[-118.5439084213796,34.181222203077404],[-118.5438960987958,34.1812224586351],[-118.54389616091606,34.1812245021557],[-118.54384945960459,34.18122546945806],[-118.5438500856773,34.18124632115582],[-118.54384243028753,34.181246479090234]]]},"properties":{"building_pk":94328,"building_key":"lariac:201700286340","source_tile":"r04-c05","source_tile_ids":["r04-c05"],"source_bld_id":"201700286340","height_m":4.258,"receiver_ids":[214870,214871,214872,214873,214874,214875,214876,214877,214878,214879,214880,214881],"receiver_keys":["r04-c05:expanded-facade-max4m:94328:0:1","r04-c05:expanded-facade-max4m:94328:0:10","r04-c05:expanded-facade-max4m:94328:0:11","r04-c05:expanded-facade-max4m:94328:0:12","r04-c05:expanded-facade-max4m:94328:0:13","r04-c05:expanded-facade-max4m:94328:0:14","r04-c05:expanded-facade-max4m:94328:0:2","r04-c05:expanded-facade-max4m:94328:0:3","r04-c05:expanded-facade-max4m:94328:0:4","r04-c05:expanded-facade-max4m:94328:0:7","r04-c05:expanded-facade-max4m:94328:0:8","r04-c05:expanded-facade-max4m:94328:0:9"],"receiver_count":12,"periods":{"D":{"min":56.687958,"max":61.029022,"receiver_count":12,"unavailable_count":0},"E":{"min":54.469467,"max":58.810535,"receiver_count":12,"unavailable_count":0},"N":{"min":49.698257,"max":54.03932,"receiver_count":12,"unavailable_count":0}}}},{"type":"Feature","id":"lariac:201700286357","geometry":{"type":"Polygon","coordinates":[[[-118.54550837863229,34.18164623469325],[-118.54555038067147,34.18164656904206],[-118.5455519400181,34.1816298690204],[-118.5456026349021,34.181629936049724],[-118.54560265555277,34.181617817402625],[-118.54565777411689,34.181617870764114],[-118.54565779685254,34.18161122087319],[-118.54571199029577,34.1816113063315],[-118.54571203969039,34.181583497083324],[-118.54575254400899,34.18158356134544],[-118.54575267363637,34.18151739103914],[-118.54569947281304,34.1815173020223],[-118.54568678340048,34.18150541471855],[-118.54564610127852,34.1815053602522],[-118.54564608911275,34.18151196772279],[-118.54559628165536,34.18151190031498],[-118.54559622778768,34.181539861042445],[-118.54559618229219,34.1815684392898],[-118.54550618084278,34.18156832325984],[-118.54550617022127,34.18158197989563],[-118.5454372964103,34.18158190645745],[-118.54543729242435,34.181584286551484],[-118.54537116937652,34.18158683137577],[-118.54537085588977,34.181635519768996],[-118.54543720869025,34.18163426401835],[-118.54543719466633,34.18164225085953],[-118.5455083835854,34.181642341804086],[-118.54550837863229,34.18164623469325]]]},"properties":{"building_pk":94329,"building_key":"lariac:201700286357","source_tile":"r04-c05","source_tile_ids":["r04-c05"],"source_bld_id":"201700286357","height_m":4.977,"receiver_ids":[214882,214883,214884,214885,214886,214887,214888,214889,214890,214891,214892,214893,214894,214895,214896,214897,214898,214899,214900,214901,214902,214903],"receiver_keys":["r04-c05:expanded-facade-max4m:94329:0:1","r04-c05:expanded-facade-max4m:94329:0:10","r04-c05:expanded-facade-max4m:94329:0:11","r04-c05:expanded-facade-max4m:94329:0:12","r04-c05:expanded-facade-max4m:94329:0:13","r04-c05:expanded-facade-max4m:94329:0:14","r04-c05:expanded-facade-max4m:94329:0:15","r04-c05:expanded-facade-max4m:94329:0:16","r04-c05:expanded-facade-max4m:94329:0:17","r04-c05:expanded-facade-max4m:94329:0:19","r04-c05:expanded-facade-max4m:94329:0:20","r04-c05:expanded-facade-max4m:94329:0:21","r04-c05:expanded-facade-max4m:94329:0:22","r04-c05:expanded-facade-max4m:94329:0:23","r04-c05:expanded-facade-max4m:94329:0:24","r04-c05:expanded-facade-max4m:94329:0:25","r04-c05:expanded-facade-max4m:94329:0:26","r04-c05:expanded-facade-max4m:94329:0:3","r04-c05:expanded-facade-max4m:94329:0:4","r04-c05:expanded-facade-max4m:94329:0:6","r04-c05:expanded-facade-max4m:94329:0:8","r04-c05:expanded-facade-max4m:94329:0:9"],"receiver_count":22,"periods":{"D":{"min":50.440704,"max":62.19895,"receiver_count":22,"unavailable_count":0},"E":{"min":48.222218,"max":59.980465,"receiver_count":22,"unavailable_count":0},"N":{"min":43.451004,"max":55.20925,"receiver_count":22,"unavailable_count":0}}}},{"type":"Feature","id":"lariac:201700286818","geometry":{"type":"Polygon","coordinates":[[[-118.54534748078011,34.18597121863447],[-118.54544307112371,34.18597140245999],[-118.5454431213189,34.18595400243464],[-118.54549110904146,34.18595409435212],[-118.54549118826341,34.185925524967324],[-118.54552110219757,34.1859255820834],[-118.54552125590418,34.18587037894994],[-118.54552797660932,34.18587039191239],[-118.54552816022465,34.18580432053121],[-118.54545295023063,34.18580417649383],[-118.54545280539664,34.18585609345913],[-118.54544120825454,34.18585607183033],[-118.54544124526504,34.18584296591848],[-118.54534783889237,34.18584278667004],[-118.54534748078011,34.18597121863447]]]},"properties":{"building_pk":94343,"building_key":"lariac:201700286818","source_tile":"r04-c05","source_tile_ids":["r04-c05"],"source_bld_id":"201700286818","height_m":5.282,"receiver_ids":[214948,214949,214950,214951,214952,214953,214954,214955,214956,214957,214958,214959,214960,214961,214962,214963,214964],"receiver_keys":["r04-c05:expanded-facade-max4m:94343:0:1","r04-c05:expanded-facade-max4m:94343:0:10","r04-c05:expanded-facade-max4m:94343:0:11","r04-c05:expanded-facade-max4m:94343:0:12","r04-c05:expanded-facade-max4m:94343:0:14","r04-c05:expanded-facade-max4m:94343:0:15","r04-c05:expanded-facade-max4m:94343:0:16","r04-c05:expanded-facade-max4m:94343:0:17","r04-c05:expanded-facade-max4m:94343:0:18","r04-c05:expanded-facade-max4m:94343:0:19","r04-c05:expanded-facade-max4m:94343:0:2","r04-c05:expanded-facade-max4m:94343:0:3","r04-c05:expanded-facade-max4m:94343:0:4","r04-c05:expanded-facade-max4m:94343:0:6","r04-c05:expanded-facade-max4m:94343:0:7","r04-c05:expanded-facade-max4m:94343:0:8","r04-c05:expanded-facade-max4m:94343:0:9"],"receiver_count":17,"periods":{"D":{"min":53.597424,"max":59.5506,"receiver_count":17,"unavailable_count":0},"E":{"min":51.378933,"max":57.332108,"receiver_count":17,"unavailable_count":0},"N":{"min":46.607723,"max":52.560898,"receiver_count":17,"unavailable_count":0}}}},{"type":"Feature","id":"lariac:399794888810","geometry":{"type":"Polygon","coordinates":[[[-118.53526550723294,34.18132856985971],[-118.5351924079923,34.18132944328757],[-118.535193342199,34.18138247334932],[-118.53526640877001,34.181381573019394],[-118.53526550723294,34.18132856985971]]]},"properties":{"building_pk":95096,"building_key":"lariac:399794888810","source_tile":"r04-c05","source_tile_ids":["r04-c05"],"source_bld_id":"399794888810","height_m":5.133,"receiver_ids":[215091,215092,215093],"receiver_keys":["r04-c05:expanded-facade-max4m:95096:0:1","r04-c05:expanded-facade-max4m:95096:0:6","r04-c05:expanded-facade-max4m:95096:0:7"],"receiver_count":3,"periods":{"D":{"min":61.3136,"max":62.009438,"receiver_count":3,"unavailable_count":0},"E":{"min":59.09511,"max":59.79095,"receiver_count":3,"unavailable_count":0},"N":{"min":54.3239,"max":55.019737,"receiver_count":3,"unavailable_count":0}}}},{"type":"Feature","id":"lariac:399381888487","geometry":{"type":"Polygon","coordinates":[[[-118.53655170238528,34.180498415586776],[-118.53662784092194,34.180497280826096],[-118.53662689471273,34.180452823602444],[-118.53655075495234,34.18045393042029],[-118.53655170238528,34.180498415586776]]]},"properties":{"building_pk":95166,"building_key":"lariac:399381888487","source_tile":"r04-c05","source_tile_ids":["r04-c05"],"source_bld_id":"399381888487","height_m":4.191,"receiver_ids":[215227,215228,215229,215230,215231,215232],"receiver_keys":["r04-c05:expanded-facade-max4m:95166:0:1","r04-c05:expanded-facade-max4m:95166:0:2","r04-c05:expanded-facade-max4m:95166:0:3","r04-c05:expanded-facade-max4m:95166:0:4","r04-c05:expanded-facade-max4m:95166:0:5","r04-c05:expanded-facade-max4m:95166:0:6"],"receiver_count":6,"periods":{"D":{"min":62.411156,"max":67.258484,"receiver_count":6,"unavailable_count":0},"E":{"min":60.19267,"max":65.04,"receiver_count":6,"unavailable_count":0},"N":{"min":55.421455,"max":60.268787,"receiver_count":6,"unavailable_count":0}}}},{"type":"Feature","id":"lariac:398715888679","geometry":{"type":"Polygon","coordinates":[[[-118.53859786600115,34.18083425240307],[-118.53859942089306,34.181150796376755],[-118.5389668740595,34.181150775049154],[-118.53896681770973,34.180834518299385],[-118.53860092919709,34.1808345543023],[-118.53860092724995,34.180834252293835],[-118.53859786600115,34.18083425240307]]]},"properties":{"building_pk":95182,"building_key":"lariac:398715888679","source_tile":"r04-c05","source_tile_ids":["r04-c05"],"source_bld_id":"398715888679","height_m":5.084,"receiver_ids":[215263,215264,215265,215266,215267,215268,215269,215270,215271,215272],"receiver_keys":["r04-c05:expanded-facade-max4m:95182:0:26","r04-c05:expanded-facade-max4m:95182:0:27","r04-c05:expanded-facade-max4m:95182:0:28","r04-c05:expanded-facade-max4m:95182:0:29","r04-c05:expanded-facade-max4m:95182:0:30","r04-c05:expanded-facade-max4m:95182:0:31","r04-c05:expanded-facade-max4m:95182:0:32","r04-c05:expanded-facade-max4m:95182:0:33","r04-c05:expanded-facade-max4m:95182:0:34","r04-c05:expanded-facade-max4m:95182:0:35"],"receiver_count":10,"periods":{"D":{"min":60.55241,"max":62.517292,"receiver_count":10,"unavailable_count":0},"E":{"min":58.33392,"max":60.298805,"receiver_count":10,"unavailable_count":0},"N":{"min":53.56271,"max":55.52759,"receiver_count":10,"unavailable_count":0}}}},{"type":"Feature","id":"lariac:399440888487","geometry":{"type":"Polygon","coordinates":[[[-118.53643383544383,34.180492233641495],[-118.53643347615385,34.180453681628286],[-118.53635719734856,34.180453744953574],[-118.53635740650458,34.180492572603434],[-118.53643351869842,34.18049223504639],[-118.53643383544383,34.180492233641495]]]},"properties":{"building_pk":95233,"building_key":"lariac:399440888487","source_tile":"r04-c05","source_tile_ids":["r04-c05"],"source_bld_id":"399440888487","height_m":4.264,"receiver_ids":[215295,215296,215297,215298,215299],"receiver_keys":["r04-c05:expanded-facade-max4m:95233:0:1","r04-c05:expanded-facade-max4m:95233:0:2","r04-c05:expanded-facade-max4m:95233:0:3","r04-c05:expanded-facade-max4m:95233:0:4","r04-c05:expanded-facade-max4m:95233:0:6"],"receiver_count":5,"periods":{"D":{"min":61.794655,"max":68.04229,"receiver_count":5,"unavailable_count":0},"E":{"min":59.576164,"max":65.8238,"receiver_count":5,"unavailable_count":0},"N":{"min":54.804955,"max":61.05259,"receiver_count":5,"unavailable_count":0}}}},{"type":"Feature","id":"lariac:399342890380","geometry":{"type":"Polygon","coordinates":[[[-118.53681745787165,34.185230099255705],[-118.53666231527845,34.185230430703584],[-118.53666233207292,34.18524334524057],[-118.5366682498711,34.18524334693134],[-118.5366683251257,34.18526519189947],[-118.53667130075021,34.18526517869662],[-118.5366713412693,34.18527672007749],[-118.53669511516298,34.185276669584034],[-118.53669517004232,34.185300576472756],[-118.53667132996856,34.18530062725979],[-118.53667136218778,34.18531087676559],[-118.53666686566186,34.185310896716665],[-118.53666708176489,34.185380500330005],[-118.53667042097803,34.185380512560265],[-118.53667045728801,34.185391229949026],[-118.53669373545114,34.18539118075402],[-118.53669381475379,34.18541382357028],[-118.53667096616273,34.18541386995775],[-118.53667099964635,34.18542414740573],[-118.53666845360037,34.18542415870255],[-118.53666866614704,34.18549337737267],[-118.53667306413884,34.18549338490505],[-118.53667309214933,34.185502810418754],[-118.5366938568453,34.185502773277676],[-118.5366939601566,34.185529152885515],[-118.5366721041352,34.18552919486876],[-118.53667215939026,34.18553779534921],[-118.53666908395348,34.18553780899493],[-118.5366692926453,34.18560625866555],[-118.53667266532285,34.18560624370098],[-118.53667270813582,34.185618142082944],[-118.53669499485058,34.18561809818862],[-118.5366950433454,34.18564118019331],[-118.53667173256248,34.18564122863141],[-118.53667177025528,34.18565233007166],[-118.53666773675181,34.185652320921946],[-118.53666793219666,34.18571870882128],[-118.53667130379398,34.18571869386157],[-118.53667132592031,34.18573226920637],[-118.53669509994363,34.18573221871293],[-118.53669518224157,34.18575532761399],[-118.53667183779754,34.1857553762014],[-118.53667187001705,34.18576562570716],[-118.53666836498583,34.18576564125895],[-118.53666857067736,34.18583362394346],[-118.53667191081975,34.18583360912327],[-118.5366719592799,34.18584638648521],[-118.53669421242626,34.18584634274023],[-118.53669428943579,34.18586862855548],[-118.53667292908575,34.18586866833911],[-118.53667296521093,34.18587935687938],[-118.53666846756957,34.185879376835345],[-118.53666864227917,34.18594777166276],[-118.53667267688748,34.18594778170913],[-118.53667271813273,34.18595926719113],[-118.53669533472245,34.185959221833535],[-118.53669541437935,34.185981919642444],[-118.53666859846106,34.1859819836324],[-118.5366686723121,34.186014079157204],[-118.53666169459379,34.18601408216902],[-118.53666172886821,34.186029717487045],[-118.53681984986204,34.18602940077561],[-118.53681745787165,34.185230099255705]]]},"properties":{"building_pk":95241,"building_key":"lariac:399342890380","source_tile":"r04-c05","source_tile_ids":["r04-c05"],"source_bld_id":"399342890380","height_m":9.522,"receiver_ids":[215310,215311,215312,215313,215314,215315,215316,215317,215318,215319,215320,215321,215322,215323,215324,215325,215326,215327,215328,215329,215330,215331,215332,215333,215334,215335,215336,215337,215338,215339,215340,215341,215342,215343,215344,215345,215346,215347,215348,215349,215350,215351,215352,215353,215354,215355,215356],"receiver_keys":["r04-c05:expanded-facade-max4m:95241:0:10","r04-c05:expanded-facade-max4m:95241:0:11","r04-c05:expanded-facade-max4m:95241:0:12","r04-c05:expanded-facade-max4m:95241:0:13","r04-c05:expanded-facade-max4m:95241:0:14","r04-c05:expanded-facade-max4m:95241:0:17","r04-c05:expanded-facade-max4m:95241:0:18","r04-c05:expanded-facade-max4m:95241:0:21","r04-c05:expanded-facade-max4m:95241:0:22","r04-c05:expanded-facade-max4m:95241:0:23","r04-c05:expanded-facade-max4m:95241:0:26","r04-c05:expanded-facade-max4m:95241:0:27","r04-c05:expanded-facade-max4m:95241:0:3","r04-c05:expanded-facade-max4m:95241:0:30","r04-c05:expanded-facade-max4m:95241:0:31","r04-c05:expanded-facade-max4m:95241:0:32","r04-c05:expanded-facade-max4m:95241:0:33","r04-c05:expanded-facade-max4m:95241:0:34","r04-c05:expanded-facade-max4m:95241:0:35","r04-c05:expanded-facade-max4m:95241:0:36","r04-c05:expanded-facade-max4m:95241:0:37","r04-c05:expanded-facade-max4m:95241:0:4","r04-c05:expanded-facade-max4m:95241:0:40","r04-c05:expanded-facade-max4m:95241:0:41","r04-c05:expanded-facade-max4m:95241:0:42","r04-c05:expanded-facade-max4m:95241:0:43","r04-c05:expanded-facade-max4m:95241:0:44","r04-c05:expanded-facade-max4m:95241:0:45","r04-c05:expanded-facade-max4m:95241:0:46","r04-c05:expanded-facade-max4m:95241:0:47","r04-c05:expanded-facade-max4m:95241:0:48","r04-c05:expanded-facade-max4m:95241:0:49","r04-c05:expanded-facade-max4m:95241:0:5","r04-c05:expanded-facade-max4m:95241:0:50","r04-c05:expanded-facade-max4m:95241:0:51","r04-c05:expanded-facade-max4m:95241:0:52","r04-c05:expanded-facade-max4m:95241:0:53","r04-c05:expanded-facade-max4m:95241:0:54","r04-c05:expanded-facade-max4m:95241:0:55","r04-c05:expanded-facade-max4m:95241:0:56","r04-c05:expanded-facade-max4m:95241:0:57","r04-c05:expanded-facade-max4m:95241:0:58","r04-c05:expanded-facade-max4m:95241:0:59","r04-c05:expanded-facade-max4m:95241:0:60","r04-c05:expanded-facade-max4m:95241:0:61","r04-c05:expanded-facade-max4m:95241:0:8","r04-c05:expanded-facade-max4m:95241:0:9"],"receiver_count":47,"periods":{"D":{"min":47.70804,"max":63.478985,"receiver_count":47,"unavailable_count":0},"E":{"min":45.48955,"max":61.260498,"receiver_count":47,"unavailable_count":0},"N":{"min":40.718338,"max":56.489285,"receiver_count":47,"unavailable_count":0}}}},{"type":"Feature","id":"lariac:399794888910","geometry":{"type":"Polygon","coordinates":[[[-118.53519724030068,34.18157794227683],[-118.53519613440754,34.18165152032939],[-118.53526661233498,34.18165120844295],[-118.53526688118892,34.18157855186513],[-118.53519724030068,34.18157794227683]]]},"properties":{"building_pk":95244,"building_key":"lariac:399794888910","source_tile":"r04-c05","source_tile_ids":["r04-c05"],"source_bld_id":"399794888910","height_m":5.13,"receiver_ids":[215357,215358,215359],"receiver_keys":["r04-c05:expanded-facade-max4m:95244:0:5","r04-c05:expanded-facade-max4m:95244:0:6","r04-c05:expanded-facade-max4m:95244:0:7"],"receiver_count":3,"periods":{"D":{"min":54.612656,"max":60.275986,"receiver_count":3,"unavailable_count":0},"E":{"min":52.39417,"max":58.0575,"receiver_count":3,"unavailable_count":0},"N":{"min":47.622955,"max":53.286285,"receiver_count":3,"unavailable_count":0}}}},{"type":"Feature","id":"lariac:397123889947","geometry":{"type":"Polygon","coordinates":[[[-118.54413259021692,34.184376501059184],[-118.54396776791161,34.18437795646528],[-118.54396843696168,34.18442988869614],[-118.54395891390135,34.18442998651892],[-118.54395975558656,34.18449826837375],[-118.54413254686031,34.184496749181605],[-118.54413160736198,34.18442363188591],[-118.54414027035494,34.18442356496509],[-118.54415235509495,34.18441070596921],[-118.54415294926928,34.18439034102518],[-118.54414010020385,34.184377126301946],[-118.54413259021692,34.184376501059184]]]},"properties":{"building_pk":98582,"building_key":"lariac:397123889947","source_tile":"r04-c05","source_tile_ids":["r04-c05"],"source_bld_id":"397123889947","height_m":8.489,"receiver_ids":[216478,216479,216480,216481,216482,216483,216484,216485],"receiver_keys":["r04-c05:expanded-facade-max4m:98582:0:13","r04-c05:expanded-facade-max4m:98582:0:14","r04-c05:expanded-facade-max4m:98582:0:15","r04-c05:expanded-facade-max4m:98582:0:16","r04-c05:expanded-facade-max4m:98582:0:5","r04-c05:expanded-facade-max4m:98582:0:6","r04-c05:expanded-facade-max4m:98582:0:7","r04-c05:expanded-facade-max4m:98582:0:8"],"receiver_count":8,"periods":{"D":{"min":49.374756,"max":55.414562,"receiver_count":8,"unavailable_count":0},"E":{"min":47.15627,"max":53.19607,"receiver_count":8,"unavailable_count":0},"N":{"min":42.385056,"max":48.424862,"receiver_count":8,"unavailable_count":0}}}},{"type":"Feature","id":"lariac:397135890348","geometry":{"type":"Polygon","coordinates":[[[-118.54411752743749,34.185541325699425],[-118.54413699910486,34.185510159179536],[-118.5441159155502,34.185481730980385],[-118.54394970608922,34.185483742534004],[-118.54395060083579,34.1855348497393],[-118.54391373536838,34.18553529049559],[-118.54391489715853,34.185601921987896],[-118.54397206381081,34.185601224948684],[-118.54397201443635,34.18559880722999],[-118.54411851853288,34.18559704927694],[-118.54411752743749,34.185541325699425]]]},"properties":{"building_pk":98651,"building_key":"lariac:397135890348","source_tile":"r04-c05","source_tile_ids":["r04-c05"],"source_bld_id":"397135890348","height_m":6.206,"receiver_ids":[216568,216569,216570,216571,216572,216573,216574],"receiver_keys":["r04-c05:expanded-facade-max4m:98651:0:1","r04-c05:expanded-facade-max4m:98651:0:10","r04-c05:expanded-facade-max4m:98651:0:16","r04-c05:expanded-facade-max4m:98651:0:17","r04-c05:expanded-facade-max4m:98651:0:2","r04-c05:expanded-facade-max4m:98651:0:7","r04-c05:expanded-facade-max4m:98651:0:9"],"receiver_count":7,"periods":{"D":{"min":54.03907,"max":56.286476,"receiver_count":7,"unavailable_count":0},"E":{"min":51.82058,"max":54.067986,"receiver_count":7,"unavailable_count":0},"N":{"min":47.04937,"max":49.296776,"receiver_count":7,"unavailable_count":0}}}},{"type":"Feature","id":"lariac:397029889937","geometry":{"type":"Polygon","coordinates":[[[-118.54434975160272,34.184496156795824],[-118.54442655379279,34.18449476713176],[-118.5444265740282,34.18449787195795],[-118.54449379433349,34.18449754232216],[-118.54449343485823,34.18444239289185],[-118.54455920040793,34.184442069768416],[-118.54455873113078,34.18437524223235],[-118.54434893654886,34.18437624159877],[-118.54434975160272,34.184496156795824]]]},"properties":{"building_pk":98660,"building_key":"lariac:397029889937","source_tile":"r04-c05","source_tile_ids":["r04-c05"],"source_bld_id":"397029889937","height_m":7.541,"receiver_ids":[216582,216583,216584,216585,216586,216587,216588,216589],"receiver_keys":["r04-c05:expanded-facade-max4m:98660:0:15","r04-c05:expanded-facade-max4m:98660:0:16","r04-c05:expanded-facade-max4m:98660:0:17","r04-c05:expanded-facade-max4m:98660:0:5","r04-c05:expanded-facade-max4m:98660:0:6","r04-c05:expanded-facade-max4m:98660:0:7","r04-c05:expanded-facade-max4m:98660:0:8","r04-c05:expanded-facade-max4m:98660:0:9"],"receiver_count":8,"periods":{"D":{"min":54.470192,"max":67.86012,"receiver_count":8,"unavailable_count":0},"E":{"min":52.251705,"max":65.64163,"receiver_count":8,"unavailable_count":0},"N":{"min":47.48049,"max":60.870422,"receiver_count":8,"unavailable_count":0}}}},{"type":"Feature","id":"lariac:397598888748","geometry":{"type":"Polygon","coordinates":[[[-118.54244379335191,34.18119821300496],[-118.54254439765084,34.181196580733946],[-118.54254151881122,34.18107400893249],[-118.54251490421618,34.18107443033396],[-118.54251527150487,34.18109022914327],[-118.54244210852141,34.18109143720503],[-118.54244279945158,34.18112149608447],[-118.54250316779272,34.181120510395544],[-118.54250348148378,34.18113306749377],[-118.54244228546146,34.181134055993404],[-118.54244379335191,34.18119821300496]]]},"properties":{"building_pk":98813,"building_key":"lariac:397598888748","source_tile":"r04-c05","source_tile_ids":["r04-c05"],"source_bld_id":"397598888748","height_m":4.996,"receiver_ids":[216891,216892,216893,216894],"receiver_keys":["r04-c05:expanded-facade-max4m:98813:0:6","r04-c05:expanded-facade-max4m:98813:0:7","r04-c05:expanded-facade-max4m:98813:0:8","r04-c05:expanded-facade-max4m:98813:0:9"],"receiver_count":4,"periods":{"D":{"min":64.20061,"max":64.48429,"receiver_count":4,"unavailable_count":0},"E":{"min":61.98212,"max":62.265804,"receiver_count":4,"unavailable_count":0},"N":{"min":57.210907,"max":57.49459,"receiver_count":4,"unavailable_count":0}}}},{"type":"Feature","id":"lariac:397093888611","geometry":{"type":"Polygon","coordinates":[[[-118.54422118780369,34.18081590826907],[-118.54422067892095,34.18071747999684],[-118.54407473723334,34.18071799956541],[-118.54407484156977,34.18073401953089],[-118.54406753452962,34.18073402445333],[-118.54406779905294,34.180779803661835],[-118.54409160511341,34.180779724517784],[-118.5440917776862,34.180816380515815],[-118.54422118780369,34.18081590826907]]]},"properties":{"building_pk":98890,"building_key":"lariac:397093888611","source_tile":"r04-c05","source_tile_ids":["r04-c05"],"source_bld_id":"397093888611","height_m":8.388,"receiver_ids":[217021,217022,217023,217024,217025,217026,217027,217028,217029,217030],"receiver_keys":["r04-c05:expanded-facade-max4m:98890:0:1","r04-c05:expanded-facade-max4m:98890:0:10","r04-c05:expanded-facade-max4m:98890:0:2","r04-c05:expanded-facade-max4m:98890:0:3","r04-c05:expanded-facade-max4m:98890:0:4","r04-c05:expanded-facade-max4m:98890:0:5","r04-c05:expanded-facade-max4m:98890:0:6","r04-c05:expanded-facade-max4m:98890:0:7","r04-c05:expanded-facade-max4m:98890:0:8","r04-c05:expanded-facade-max4m:98890:0:9"],"receiver_count":10,"periods":{"D":{"min":59.896355,"max":66.87833,"receiver_count":10,"unavailable_count":0},"E":{"min":57.677868,"max":64.659836,"receiver_count":10,"unavailable_count":0},"N":{"min":52.906654,"max":59.888626,"receiver_count":10,"unavailable_count":0}}}},{"type":"Feature","id":"lariac:397004890222","geometry":{"type":"Polygon","coordinates":[[[-118.54454775647879,34.18524816558201],[-118.54454775837901,34.185136793342764],[-118.54434155933662,34.18513681455269],[-118.54434156622106,34.185148026122],[-118.54431269975514,34.18514801809429],[-118.54431270187344,34.185239743868735],[-118.54434146947159,34.18523972439368],[-118.5443414582679,34.18524816019071],[-118.54454775647879,34.18524816558201]]]},"properties":{"building_pk":99107,"building_key":"lariac:397004890222","source_tile":"r04-c05","source_tile_ids":["r04-c05"],"source_bld_id":"397004890222","height_m":5.694,"receiver_ids":[217256,217257,217258,217259,217260,217261,217262,217263,217264,217265,217266,217267],"receiver_keys":["r04-c05:expanded-facade-max4m:99107:0:1","r04-c05:expanded-facade-max4m:99107:0:10","r04-c05:expanded-facade-max4m:99107:0:11","r04-c05:expanded-facade-max4m:99107:0:12","r04-c05:expanded-facade-max4m:99107:0:13","r04-c05:expanded-facade-max4m:99107:0:14","r04-c05:expanded-facade-max4m:99107:0:15","r04-c05:expanded-facade-max4m:99107:0:16","r04-c05:expanded-facade-max4m:99107:0:17","r04-c05:expanded-facade-max4m:99107:0:18","r04-c05:expanded-facade-max4m:99107:0:2","r04-c05:expanded-facade-max4m:99107:0:3"],"receiver_count":12,"periods":{"D":{"min":53.795452,"max":67.40599,"receiver_count":12,"unavailable_count":0},"E":{"min":51.57696,"max":65.18751,"receiver_count":12,"unavailable_count":0},"N":{"min":46.80575,"max":60.416294,"receiver_count":12,"unavailable_count":0}}}},{"type":"Feature","id":"lariac:396719890160","geometry":{"type":"Polygon","coordinates":[[[-118.54545612772375,34.18498744535356],[-118.5453827204282,34.18498730937397],[-118.54538249303131,34.185053837132735],[-118.54545593401419,34.185053972960766],[-118.54545612772375,34.18498744535356]]]},"properties":{"building_pk":99366,"building_key":"lariac:396719890160","source_tile":"r04-c05","source_tile_ids":["r04-c05"],"source_bld_id":"396719890160","height_m":4.657,"receiver_ids":[217563,217564,217565,217566,217567,217568,217569,217570],"receiver_keys":["r04-c05:expanded-facade-max4m:99366:0:1","r04-c05:expanded-facade-max4m:99366:0:2","r04-c05:expanded-facade-max4m:99366:0:3","r04-c05:expanded-facade-max4m:99366:0:4","r04-c05:expanded-facade-max4m:99366:0:5","r04-c05:expanded-facade-max4m:99366:0:6","r04-c05:expanded-facade-max4m:99366:0:7","r04-c05:expanded-facade-max4m:99366:0:8"],"receiver_count":8,"periods":{"D":{"min":52.144875,"max":61.142986,"receiver_count":8,"unavailable_count":0},"E":{"min":49.926388,"max":58.924496,"receiver_count":8,"unavailable_count":0},"N":{"min":45.155174,"max":54.153286,"receiver_count":8,"unavailable_count":0}}}},{"type":"Feature","id":"lariac:397019889417","geometry":{"type":"Polygon","coordinates":[[[-118.54447040226701,34.18303223845857],[-118.54447015166711,34.18296549558557],[-118.5444878087473,34.182965443145015],[-118.5444876717655,34.182929281933475],[-118.54446991597244,34.182929333916796],[-118.54446988297947,34.182919112360366],[-118.54433660039618,34.18291946435058],[-118.54433674729789,34.18295216358874],[-118.54434002006747,34.18295214885953],[-118.54434027525036,34.18301661441172],[-118.54433776182208,34.183016625723496],[-118.54433781914726,34.18303241510563],[-118.54447040226701,34.18303223845857]]]},"properties":{"building_pk":99505,"building_key":"lariac:397019889417","source_tile":"r04-c05","source_tile_ids":["r04-c05"],"source_bld_id":"397019889417","height_m":9.565,"receiver_ids":[217713,217714,217715,217716,217717,217718,217719,217720,217721,217722,217723],"receiver_keys":["r04-c05:expanded-facade-max4m:99505:0:1","r04-c05:expanded-facade-max4m:99505:0:10","r04-c05:expanded-facade-max4m:99505:0:11","r04-c05:expanded-facade-max4m:99505:0:2","r04-c05:expanded-facade-max4m:99505:0:3","r04-c05:expanded-facade-max4m:99505:0:4","r04-c05:expanded-facade-max4m:99505:0:5","r04-c05:expanded-facade-max4m:99505:0:6","r04-c05:expanded-facade-max4m:99505:0:7","r04-c05:expanded-facade-max4m:99505:0:8","r04-c05:expanded-facade-max4m:99505:0:9"],"receiver_count":11,"periods":{"D":{"min":54.079754,"max":66.08208,"receiver_count":11,"unavailable_count":0},"E":{"min":51.861267,"max":63.86359,"receiver_count":11,"unavailable_count":0},"N":{"min":47.090054,"max":59.09238,"receiver_count":11,"unavailable_count":0}}}},{"type":"Feature","id":"lariac:396671890581","geometry":{"type":"Polygon","coordinates":[[[-118.54561669790728,34.18620794811728],[-118.54561625817666,34.18614062640117],[-118.5455529384654,34.18614091201533],[-118.545553378145,34.18620823373168],[-118.54561669790728,34.18620794811728]]]},"properties":{"building_pk":99581,"building_key":"lariac:396671890581","source_tile":"r04-c05","source_tile_ids":["r04-c05"],"source_bld_id":"396671890581","height_m":4.788,"receiver_ids":[217864,217865,217866,217867,217868,217869,217870],"receiver_keys":["r04-c05:expanded-facade-max4m:99581:0:1","r04-c05:expanded-facade-max4m:99581:0:2","r04-c05:expanded-facade-max4m:99581:0:3","r04-c05:expanded-facade-max4m:99581:0:4","r04-c05:expanded-facade-max4m:99581:0:5","r04-c05:expanded-facade-max4m:99581:0:6","r04-c05:expanded-facade-max4m:99581:0:7"],"receiver_count":7,"periods":{"D":{"min":55.946537,"max":61.47136,"receiver_count":7,"unavailable_count":0},"E":{"min":53.728046,"max":59.252872,"receiver_count":7,"unavailable_count":0},"N":{"min":48.956837,"max":54.48166,"receiver_count":7,"unavailable_count":0}}}},{"type":"Feature","id":"lariac:397357888602","geometry":{"type":"Polygon","coordinates":[[[-118.54337800307262,34.18078818051821],[-118.54337846799369,34.18070706021843],[-118.54336646563704,34.18070700415275],[-118.54336646636807,34.18070211327406],[-118.54333442657756,34.180701982241544],[-118.54333441779406,34.180705802122304],[-118.54330184990633,34.180705700499914],[-118.5433018438321,34.18070476652776],[-118.54325905691853,34.18070460171133],[-118.54325904313671,34.180707486713544],[-118.54324532145597,34.1807074383585],[-118.5432453309469,34.1807038934455],[-118.54321358838243,34.180703761947505],[-118.5432135740656,34.18070656491164],[-118.54318411289326,34.18070644930413],[-118.54318364797723,34.18078743256758],[-118.54337800307262,34.18078818051821]]]},"properties":{"building_pk":99686,"building_key":"lariac:397357888602","source_tile":"r04-c05","source_tile_ids":["r04-c05"],"source_bld_id":"397357888602","height_m":8.169,"receiver_ids":[217959,217960,217961,217962,217963,217964,217965,217966,217967],"receiver_keys":["r04-c05:expanded-facade-max4m:99686:0:1","r04-c05:expanded-facade-max4m:99686:0:10","r04-c05:expanded-facade-max4m:99686:0:2","r04-c05:expanded-facade-max4m:99686:0:3","r04-c05:expanded-facade-max4m:99686:0:5","r04-c05:expanded-facade-max4m:99686:0:6","r04-c05:expanded-facade-max4m:99686:0:7","r04-c05:expanded-facade-max4m:99686:0:8","r04-c05:expanded-facade-max4m:99686:0:9"],"receiver_count":9,"periods":{"D":{"min":61.659077,"max":66.499176,"receiver_count":9,"unavailable_count":0},"E":{"min":59.44059,"max":64.280685,"receiver_count":9,"unavailable_count":0},"N":{"min":54.669376,"max":59.50947,"receiver_count":9,"unavailable_count":0}}}},{"type":"Feature","id":"lariac:396991888621","geometry":{"type":"Polygon","coordinates":[[[-118.54453335124305,34.180755753219806],[-118.54452749925883,34.1807558147271],[-118.54451291867498,34.180755971427104],[-118.54445258090134,34.18075661088849],[-118.54445234917098,34.180741361415],[-118.54437888642758,34.18074213114421],[-118.54437968248791,34.18079337672565],[-118.54440824825407,34.180793083165376],[-118.54440830515846,34.18079665482619],[-118.54442599342961,34.18079646521753],[-118.54442593652455,34.1807928935568],[-118.54444550900241,34.18079269546376],[-118.54444620598817,34.180838719748664],[-118.54453461394256,34.180837799750364],[-118.54453335124305,34.180755753219806]]]},"properties":{"building_pk":99701,"building_key":"lariac:396991888621","source_tile":"r04-c05","source_tile_ids":["r04-c05"],"source_bld_id":"396991888621","height_m":4.377,"receiver_ids":[217973,217974,217975,217976,217977,217978,217979,217980,217981,217982,217983,217984],"receiver_keys":["r04-c05:expanded-facade-max4m:99701:0:1","r04-c05:expanded-facade-max4m:99701:0:10","r04-c05:expanded-facade-max4m:99701:0:11","r04-c05:expanded-facade-max4m:99701:0:12","r04-c05:expanded-facade-max4m:99701:0:13","r04-c05:expanded-facade-max4m:99701:0:2","r04-c05:expanded-facade-max4m:99701:0:3","r04-c05:expanded-facade-max4m:99701:0:4","r04-c05:expanded-facade-max4m:99701:0:5","r04-c05:expanded-facade-max4m:99701:0:6","r04-c05:expanded-facade-max4m:99701:0:7","r04-c05:expanded-facade-max4m:99701:0:9"],"receiver_count":12,"periods":{"D":{"min":61.02945,"max":68.56141,"receiver_count":12,"unavailable_count":0},"E":{"min":58.810963,"max":66.34292,"receiver_count":12,"unavailable_count":0},"N":{"min":54.03975,"max":61.571705,"receiver_count":12,"unavailable_count":0}}}},{"type":"Feature","id":"lariac:396735889400","geometry":{"type":"Polygon","coordinates":[[[-118.54538182185394,34.18292771278081],[-118.54531029657727,34.18292777924035],[-118.54531029799448,34.18293464358969],[-118.54538181833578,34.182934651078995],[-118.54538182185394,34.18292771278081]]]},"properties":{"building_pk":100395,"building_key":"lariac:396735889400","source_tile":"r04-c05","source_tile_ids":["r04-c05"],"source_bld_id":"396735889400","height_m":4.804,"receiver_ids":[218734,218735,218736,218737],"receiver_keys":["r04-c05:expanded-facade-max4m:100395:0:1","r04-c05:expanded-facade-max4m:100395:0:2","r04-c05:expanded-facade-max4m:100395:0:3","r04-c05:expanded-facade-max4m:100395:0:4"],"receiver_count":4,"periods":{"D":{"min":54.97245,"max":58.301804,"receiver_count":4,"unavailable_count":0},"E":{"min":52.753963,"max":56.083317,"receiver_count":4,"unavailable_count":0},"N":{"min":47.98275,"max":51.312103,"receiver_count":4,"unavailable_count":0}}}},{"type":"Feature","id":"lariac:396660890637","geometry":{"type":"Polygon","coordinates":[[[-118.54556219859695,34.18628290940629],[-118.54556267440788,34.18636589438518],[-118.5455600957898,34.186365906015915],[-118.54556019999062,34.18638700978941],[-118.54557898166765,34.186386952120344],[-118.54557900751061,34.1863909088804],[-118.54561399099182,34.186390779026475],[-118.54561396532382,34.186386849311916],[-118.54563443263538,34.18638675698428],[-118.54563436389043,34.186376232669666],[-118.54572079732506,34.186375897726016],[-118.54572012615466,34.18625290400712],[-118.54566655978901,34.18625311862867],[-118.54566671804288,34.18628249292297],[-118.54556219859695,34.18628290940629]]]},"properties":{"building_pk":100503,"building_key":"lariac:396660890637","source_tile":"r04-c05","source_tile_ids":["r04-c05"],"source_bld_id":"396660890637","height_m":5.84,"receiver_ids":[218838,218839,218840,218841,218842],"receiver_keys":["r04-c05:expanded-facade-max4m:100503:0:11","r04-c05:expanded-facade-max4m:100503:0:12","r04-c05:expanded-facade-max4m:100503:0:13","r04-c05:expanded-facade-max4m:100503:0:15","r04-c05:expanded-facade-max4m:100503:0:16"],"receiver_count":5,"periods":{"D":{"min":54.556282,"max":61.491497,"receiver_count":5,"unavailable_count":0},"E":{"min":52.33779,"max":59.27301,"receiver_count":5,"unavailable_count":0},"N":{"min":47.56658,"max":54.501797,"receiver_count":5,"unavailable_count":0}}}},{"type":"Feature","id":"lariac:396756890283","geometry":{"type":"Polygon","coordinates":[[[-118.54534396566173,34.18541750436575],[-118.5453437472223,34.18528783177225],[-118.54519018946655,34.18528800203008],[-118.545190185433,34.185282231265276],[-118.54514901830728,34.185282279782506],[-118.54514903956094,34.18529052340474],[-118.54512681911137,34.185290568558614],[-118.54512690777419,34.185339563467586],[-118.54518378003937,34.18533949916397],[-118.54518380757614,34.185358844370406],[-118.54519481854723,34.185358821785414],[-118.5451948694903,34.18538690555211],[-118.54520852540864,34.18538689899164],[-118.54520859374955,34.185417647643916],[-118.54534396566173,34.18541750436575]]]},"properties":{"building_pk":100711,"building_key":"lariac:396756890283","source_tile":"r04-c05","source_tile_ids":["r04-c05"],"source_bld_id":"396756890283","height_m":8.099,"receiver_ids":[218973,218974,218975,218976,218977,218978,218979,218980,218981,218982,218983,218984,218985,218986,218987,218988,218989],"receiver_keys":["r04-c05:expanded-facade-max4m:100711:0:1","r04-c05:expanded-facade-max4m:100711:0:10","r04-c05:expanded-facade-max4m:100711:0:11","r04-c05:expanded-facade-max4m:100711:0:12","r04-c05:expanded-facade-max4m:100711:0:13","r04-c05:expanded-facade-max4m:100711:0:14","r04-c05:expanded-facade-max4m:100711:0:15","r04-c05:expanded-facade-max4m:100711:0:16","r04-c05:expanded-facade-max4m:100711:0:17","r04-c05:expanded-facade-max4m:100711:0:18","r04-c05:expanded-facade-max4m:100711:0:2","r04-c05:expanded-facade-max4m:100711:0:3","r04-c05:expanded-facade-max4m:100711:0:4","r04-c05:expanded-facade-max4m:100711:0:5","r04-c05:expanded-facade-max4m:100711:0:6","r04-c05:expanded-facade-max4m:100711:0:7","r04-c05:expanded-facade-max4m:100711:0:8"],"receiver_count":17,"periods":{"D":{"min":54.10997,"max":68.46717,"receiver_count":17,"unavailable_count":0},"E":{"min":51.89148,"max":66.24868,"receiver_count":17,"unavailable_count":0},"N":{"min":47.12027,"max":61.47747,"receiver_count":17,"unavailable_count":0}}}},{"type":"Feature","id":"lariac:397770888619","geometry":{"type":"Polygon","coordinates":[[[-118.54186382593066,34.180848667944844],[-118.54197442223922,34.18084811740777],[-118.54197405264978,34.180801349677154],[-118.5420028505489,34.1808012206274],[-118.5420024509266,34.180744643333405],[-118.54186308959306,34.18074534981918],[-118.54186382593066,34.180848667944844]]]},"properties":{"building_pk":100868,"building_key":"lariac:397770888619","source_tile":"r04-c05","source_tile_ids":["r04-c05"],"source_bld_id":"397770888619","height_m":5.809,"receiver_ids":[219262,219263,219264,219265,219266,219267,219268,219269,219270,219271,219272,219273,219274],"receiver_keys":["r04-c05:expanded-facade-max4m:100868:0:1","r04-c05:expanded-facade-max4m:100868:0:10","r04-c05:expanded-facade-max4m:100868:0:11","r04-c05:expanded-facade-max4m:100868:0:12","r04-c05:expanded-facade-max4m:100868:0:13","r04-c05:expanded-facade-max4m:100868:0:2","r04-c05:expanded-facade-max4m:100868:0:3","r04-c05:expanded-facade-max4m:100868:0:4","r04-c05:expanded-facade-max4m:100868:0:5","r04-c05:expanded-facade-max4m:100868:0:6","r04-c05:expanded-facade-max4m:100868:0:7","r04-c05:expanded-facade-max4m:100868:0:8","r04-c05:expanded-facade-max4m:100868:0:9"],"receiver_count":13,"periods":{"D":{"min":54.02366,"max":66.34796,"receiver_count":13,"unavailable_count":0},"E":{"min":51.805172,"max":64.12948,"receiver_count":13,"unavailable_count":0},"N":{"min":47.03396,"max":59.35826,"receiver_count":13,"unavailable_count":0}}}},{"type":"Feature","id":"lariac:396635889049","geometry":{"type":"Polygon","coordinates":[[[-118.5455841242894,34.182005356645554],[-118.54576984253076,34.1820045457953],[-118.545769503233,34.18195261208249],[-118.54574963236624,34.181952674700284],[-118.54574942071575,34.18192027777103],[-118.54573070620778,34.18192033426643],[-118.54573033881152,34.18185894799189],[-118.54563273501032,34.18185936040314],[-118.54563283426492,34.18187455638049],[-118.54557626175321,34.18187481158263],[-118.54557665028196,34.18193430181485],[-118.5456310066635,34.18193405661033],[-118.54563117770307,34.181960242986364],[-118.54558383086757,34.18196042952551],[-118.5455841242894,34.182005356645554]]]},"properties":{"building_pk":101094,"building_key":"lariac:396635889049","source_tile":"r04-c05","source_tile_ids":["r04-c05"],"source_bld_id":"396635889049","height_m":6.273,"receiver_ids":[219597,219598,219599,219600,219601,219602,219603,219604,219605,219606,219607,219608,219609],"receiver_keys":["r04-c05:expanded-facade-max4m:101094:0:10","r04-c05:expanded-facade-max4m:101094:0:11","r04-c05:expanded-facade-max4m:101094:0:12","r04-c05:expanded-facade-max4m:101094:0:14","r04-c05:expanded-facade-max4m:101094:0:15","r04-c05:expanded-facade-max4m:101094:0:16","r04-c05:expanded-facade-max4m:101094:0:20","r04-c05:expanded-facade-max4m:101094:0:3","r04-c05:expanded-facade-max4m:101094:0:4","r04-c05:expanded-facade-max4m:101094:0:5","r04-c05:expanded-facade-max4m:101094:0:6","r04-c05:expanded-facade-max4m:101094:0:8","r04-c05:expanded-facade-max4m:101094:0:9"],"receiver_count":13,"periods":{"D":{"min":49.60497,"max":63.57684,"receiver_count":13,"unavailable_count":0},"E":{"min":47.386482,"max":61.358353,"receiver_count":13,"unavailable_count":0},"N":{"min":42.61527,"max":56.58714,"receiver_count":13,"unavailable_count":0}}}},{"type":"Feature","id":"lariac:201700286349","geometry":{"type":"Polygon","coordinates":[[[-118.54409101818443,34.18151704761461],[-118.54414135387945,34.18151710695501],[-118.54414136190226,34.18151300940189],[-118.54415460186623,34.18151302646604],[-118.5441546299535,34.18149818692716],[-118.54416777988024,34.18149820439492],[-118.54416783793285,34.18146681598151],[-118.54409111127555,34.18146671760662],[-118.54409101818443,34.18151704761461]]]},"properties":{"building_pk":101787,"building_key":"lariac:201700286349","source_tile":"r04-c05","source_tile_ids":["r04-c05"],"source_bld_id":"201700286349","height_m":4.542,"receiver_ids":[220574,220575,220576,220577,220578,220579,220580],"receiver_keys":["r04-c05:expanded-facade-max4m:101787:0:1","r04-c05:expanded-facade-max4m:101787:0:2","r04-c05:expanded-facade-max4m:101787:0:3","r04-c05:expanded-facade-max4m:101787:0:4","r04-c05:expanded-facade-max4m:101787:0:5","r04-c05:expanded-facade-max4m:101787:0:6","r04-c05:expanded-facade-max4m:101787:0:7"],"receiver_count":7,"periods":{"D":{"min":53.442467,"max":61.27856,"receiver_count":7,"unavailable_count":0},"E":{"min":51.22398,"max":59.060074,"receiver_count":7,"unavailable_count":0},"N":{"min":46.45277,"max":54.28886,"receiver_count":7,"unavailable_count":0}}}},{"type":"Feature","id":"lariac:399347890050","geometry":{"type":"Polygon","coordinates":[[[-118.53676088701953,34.18473174173218],[-118.53669164809199,34.18473180195724],[-118.53669170691232,34.184776922148274],[-118.53676094588303,34.18477686282468],[-118.53676088701953,34.18473174173218]]]},"properties":{"building_pk":102169,"building_key":"lariac:399347890050","source_tile":"r04-c05","source_tile_ids":["r04-c05"],"source_bld_id":"399347890050","height_m":4.093,"receiver_ids":[220704,220705,220706,220707],"receiver_keys":["r04-c05:expanded-facade-max4m:102169:0:3","r04-c05:expanded-facade-max4m:102169:0:4","r04-c05:expanded-facade-max4m:102169:0:5","r04-c05:expanded-facade-max4m:102169:0:6"],"receiver_count":4,"periods":{"D":{"min":57.506756,"max":59.02011,"receiver_count":4,"unavailable_count":0},"E":{"min":55.28827,"max":56.801624,"receiver_count":4,"unavailable_count":0},"N":{"min":50.517056,"max":52.03041,"receiver_count":4,"unavailable_count":0}}}},{"type":"Feature","id":"lariac:399441890050","geometry":{"type":"Polygon","coordinates":[[[-118.5366232215262,34.184796681323206],[-118.53662339694554,34.18441211091403],[-118.53648888583162,34.18441207563862],[-118.53648878500469,34.1846897794463],[-118.53636938413803,34.184689759053356],[-118.5363693900238,34.184618533481235],[-118.53638499646385,34.1846185472146],[-118.53638508428726,34.1843953616073],[-118.53624267119805,34.184395306106694],[-118.53624250255838,34.18479658388223],[-118.5366232215262,34.184796681323206]]]},"properties":{"building_pk":103060,"building_key":"lariac:399441890050","source_tile":"r04-c05","source_tile_ids":["r04-c05"],"source_bld_id":"399441890050","height_m":7.955,"receiver_ids":[220861,220862,220863,220864,220865,220866,220867,220868,220869,220870,220871,220872,220873,220874,220875,220876,220877,220878,220879,220880,220881,220882,220883,220884,220885,220886,220887,220888,220889,220890,220891,220892,220893,220894,220895,220896,220897,220898,220899,220900,220901,220902,220903,220904,220905,220906,220907,220908,220909,220910,220911,220912,220913,220914,220915],"receiver_keys":["r04-c05:expanded-facade-max4m:103060:0:1","r04-c05:expanded-facade-max4m:103060:0:10","r04-c05:expanded-facade-max4m:103060:0:11","r04-c05:expanded-facade-max4m:103060:0:12","r04-c05:expanded-facade-max4m:103060:0:13","r04-c05:expanded-facade-max4m:103060:0:14","r04-c05:expanded-facade-max4m:103060:0:15","r04-c05:expanded-facade-max4m:103060:0:16","r04-c05:expanded-facade-max4m:103060:0:17","r04-c05:expanded-facade-max4m:103060:0:18","r04-c05:expanded-facade-max4m:103060:0:19","r04-c05:expanded-facade-max4m:103060:0:2","r04-c05:expanded-facade-max4m:103060:0:20","r04-c05:expanded-facade-max4m:103060:0:21","r04-c05:expanded-facade-max4m:103060:0:23","r04-c05:expanded-facade-max4m:103060:0:24","r04-c05:expanded-facade-max4m:103060:0:25","r04-c05:expanded-facade-max4m:103060:0:26","r04-c05:expanded-facade-max4m:103060:0:27","r04-c05:expanded-facade-max4m:103060:0:28","r04-c05:expanded-facade-max4m:103060:0:29","r04-c05:expanded-facade-max4m:103060:0:3","r04-c05:expanded-facade-max4m:103060:0:30","r04-c05:expanded-facade-max4m:103060:0:31","r04-c05:expanded-facade-max4m:103060:0:32","r04-c05:expanded-facade-max4m:103060:0:33","r04-c05:expanded-facade-max4m:103060:0:34","r04-c05:expanded-facade-max4m:103060:0:35","r04-c05:expanded-facade-max4m:103060:0:36","r04-c05:expanded-facade-max4m:103060:0:37","r04-c05:expanded-facade-max4m:103060:0:38","r04-c05:expanded-facade-max4m:103060:0:39","r04-c05:expanded-facade-max4m:103060:0:4","r04-c05:expanded-facade-max4m:103060:0:40","r04-c05:expanded-facade-max4m:103060:0:41","r04-c05:expanded-facade-max4m:103060:0:42","r04-c05:expanded-facade-max4m:103060:0:43","r04-c05:expanded-facade-max4m:103060:0:44","r04-c05:expanded-facade-max4m:103060:0:45","r04-c05:expanded-facade-max4m:103060:0:46","r04-c05:expanded-facade-max4m:103060:0:47","r04-c05:expanded-facade-max4m:103060:0:48","r04-c05:expanded-facade-max4m:103060:0:49","r04-c05:expanded-facade-max4m:103060:0:5","r04-c05:expanded-facade-max4m:103060:0:50","r04-c05:expanded-facade-max4m:103060:0:51","r04-c05:expanded-facade-max4m:103060:0:52","r04-c05:expanded-facade-max4m:103060:0:53","r04-c05:expanded-facade-max4m:103060:0:54","r04-c05:expanded-facade-max4m:103060:0:55","r04-c05:expanded-facade-max4m:103060:0:56","r04-c05:expanded-facade-max4m:103060:0:6","r04-c05:expanded-facade-max4m:103060:0:7","r04-c05:expanded-facade-max4m:103060:0:8","r04-c05:expanded-facade-max4m:103060:0:9"],"receiver_count":55,"periods":{"D":{"min":44.597008,"max":68.77951,"receiver_count":55,"unavailable_count":0},"E":{"min":42.37852,"max":66.56102,"receiver_count":55,"unavailable_count":0},"N":{"min":37.607307,"max":61.789806,"receiver_count":55,"unavailable_count":0}}}},{"type":"Feature","id":"lariac:398857888706","geometry":{"type":"Polygon","coordinates":[[[-118.53859786600115,34.18083425240307],[-118.53847852388458,34.180834247378236],[-118.53847855685983,34.180962382723884],[-118.53818415263164,34.18096240119771],[-118.53818412308691,34.18087059353813],[-118.53805619829934,34.18087061366533],[-118.53805624801399,34.181186375482326],[-118.53859830357275,34.18118629873096],[-118.53859827318941,34.181150796078384],[-118.53859942089306,34.181150796376755],[-118.53859786600115,34.18083425240307]]]},"properties":{"building_pk":103089,"building_key":"lariac:398857888706","source_tile":"r04-c05","source_tile_ids":["r04-c05"],"source_bld_id":"398857888706","height_m":5.331,"receiver_ids":[220990,220991,220992,220993,220994,220995,220996,220997,220998,220999],"receiver_keys":["r04-c05:expanded-facade-max4m:103089:0:1","r04-c05:expanded-facade-max4m:103089:0:16","r04-c05:expanded-facade-max4m:103089:0:17","r04-c05:expanded-facade-max4m:103089:0:18","r04-c05:expanded-facade-max4m:103089:0:19","r04-c05:expanded-facade-max4m:103089:0:2","r04-c05:expanded-facade-max4m:103089:0:20","r04-c05:expanded-facade-max4m:103089:0:3","r04-c05:expanded-facade-max4m:103089:0:4","r04-c05:expanded-facade-max4m:103089:0:5"],"receiver_count":10,"periods":{"D":{"min":62.24898,"max":63.94832,"receiver_count":10,"unavailable_count":0},"E":{"min":60.030495,"max":61.72983,"receiver_count":10,"unavailable_count":0},"N":{"min":55.25928,"max":56.95862,"receiver_count":10,"unavailable_count":0}}}},{"type":"Feature","id":"lariac:399381890084","geometry":{"type":"Polygon","coordinates":[[[-118.5366394302837,34.18486967681016],[-118.53664079939604,34.18483067717377],[-118.53659291270534,34.18482948862892],[-118.53659150993597,34.18486848751241],[-118.5366394302837,34.18486967681016]]]},"properties":{"building_pk":103096,"building_key":"lariac:399381890084","source_tile":"r04-c05","source_tile_ids":["r04-c05"],"source_bld_id":"399381890084","height_m":3.49,"receiver_ids":[221000,221001,221002,221003],"receiver_keys":["r04-c05:expanded-facade-max4m:103096:0:1","r04-c05:expanded-facade-max4m:103096:0:2","r04-c05:expanded-facade-max4m:103096:0:3","r04-c05:expanded-facade-max4m:103096:0:4"],"receiver_count":4,"periods":{"D":{"min":56.775803,"max":59.07334,"receiver_count":4,"unavailable_count":0},"E":{"min":54.557316,"max":56.854855,"receiver_count":4,"unavailable_count":0},"N":{"min":49.786102,"max":52.08364,"receiver_count":4,"unavailable_count":0}}}},{"type":"Feature","id":"lariac:397952888737","geometry":{"type":"Polygon","coordinates":[[[-118.54130396048912,34.18117672059746],[-118.54133127165674,34.181176817437255],[-118.54133189971104,34.1810696742649],[-118.54130458857253,34.18106957652376],[-118.54130396048912,34.18117672059746]]]},"properties":{"building_pk":103099,"building_key":"lariac:397952888737","source_tile":"r04-c05","source_tile_ids":["r04-c05"],"source_bld_id":"397952888737","height_m":3.755,"receiver_ids":[221004,221005,221006],"receiver_keys":["r04-c05:expanded-facade-max4m:103099:0:4","r04-c05:expanded-facade-max4m:103099:0:5","r04-c05:expanded-facade-max4m:103099:0:6"],"receiver_count":3,"periods":{"D":{"min":64.48899,"max":64.67655,"receiver_count":3,"unavailable_count":0},"E":{"min":62.2705,"max":62.458065,"receiver_count":3,"unavailable_count":0},"N":{"min":57.499287,"max":57.68685,"receiver_count":3,"unavailable_count":0}}}},{"type":"Feature","id":"lariac:399724889865","geometry":{"type":"Polygon","coordinates":[[[-118.5353494815066,34.18398935620356],[-118.53534920336438,34.18410084049951],[-118.5354051516084,34.184100949862355],[-118.53540459856818,34.18430358322598],[-118.53535007253274,34.18430349551515],[-118.53534997750123,34.184345373532516],[-118.53540635440294,34.18434548099829],[-118.53540588376967,34.18451967300488],[-118.53534990378604,34.18451956378158],[-118.53534959468168,34.184631295237885],[-118.53582435731396,34.18463216082792],[-118.53582606699962,34.1839864497583],[-118.53578156063868,34.1839863719469],[-118.53578155224153,34.18399013682982],[-118.5353494815066,34.18398935620356]],[[-118.53568118326862,34.18451367316619],[-118.53553969284201,34.18451322779151],[-118.53553991583092,34.184460357588584],[-118.53562995506859,34.18446064586371],[-118.53563019488242,34.18440516381432],[-118.53556065614318,34.1844049497501],[-118.53556153797506,34.184212372547364],[-118.53563147250341,34.18421258485769],[-118.53563169454902,34.184159576722514],[-118.53553689430902,34.1841592824842],[-118.53553713999811,34.18410470736223],[-118.53568302765132,34.184105160308285],[-118.53568118326862,34.18451367316619]]]},"properties":{"building_pk":103121,"building_key":"lariac:399724889865","source_tile":"r04-c05","source_tile_ids":["r04-c05"],"source_bld_id":"399724889865","height_m":7.434,"receiver_ids":[221011,221012,221013,221014,221015,221016,221017,221018,221019,221020,221021,221022,221023,221024,221025,221026,221027,221028,221029,221030,221031,221032,221033,221034,221035,221036,221037,221038,221039,221040,221041,221042,221043,221044,221045,221046,221047,221048,221049,221050,221051,221052,221053,221054,221055,221056,221057,221058,221059,221060,221061,221062,221063,221064,221065,221066,221067,221068,221069,221070],"receiver_keys":["r04-c05:expanded-facade-max4m:103121:0:1","r04-c05:expanded-facade-max4m:103121:0:10","r04-c05:expanded-facade-max4m:103121:0:11","r04-c05:expanded-facade-max4m:103121:0:12","r04-c05:expanded-facade-max4m:103121:0:13","r04-c05:expanded-facade-max4m:103121:0:15","r04-c05:expanded-facade-max4m:103121:0:16","r04-c05:expanded-facade-max4m:103121:0:17","r04-c05:expanded-facade-max4m:103121:0:18","r04-c05:expanded-facade-max4m:103121:0:2","r04-c05:expanded-facade-max4m:103121:0:20","r04-c05:expanded-facade-max4m:103121:0:21","r04-c05:expanded-facade-max4m:103121:0:22","r04-c05:expanded-facade-max4m:103121:0:23","r04-c05:expanded-facade-max4m:103121:0:24","r04-c05:expanded-facade-max4m:103121:0:25","r04-c05:expanded-facade-max4m:103121:0:26","r04-c05:expanded-facade-max4m:103121:0:27","r04-c05:expanded-facade-max4m:103121:0:28","r04-c05:expanded-facade-max4m:103121:0:29","r04-c05:expanded-facade-max4m:103121:0:3","r04-c05:expanded-facade-max4m:103121:0:30","r04-c05:expanded-facade-max4m:103121:0:31","r04-c05:expanded-facade-max4m:103121:0:32","r04-c05:expanded-facade-max4m:103121:0:33","r04-c05:expanded-facade-max4m:103121:0:34","r04-c05:expanded-facade-max4m:103121:0:35","r04-c05:expanded-facade-max4m:103121:0:36","r04-c05:expanded-facade-max4m:103121:0:37","r04-c05:expanded-facade-max4m:103121:0:38","r04-c05:expanded-facade-max4m:103121:0:39","r04-c05:expanded-facade-max4m:103121:0:4","r04-c05:expanded-facade-max4m:103121:0:40","r04-c05:expanded-facade-max4m:103121:0:41","r04-c05:expanded-facade-max4m:103121:0:42","r04-c05:expanded-facade-max4m:103121:0:43","r04-c05:expanded-facade-max4m:103121:0:44","r04-c05:expanded-facade-max4m:103121:0:45","r04-c05:expanded-facade-max4m:103121:0:46","r04-c05:expanded-facade-max4m:103121:0:47","r04-c05:expanded-facade-max4m:103121:0:48","r04-c05:expanded-facade-max4m:103121:0:49","r04-c05:expanded-facade-max4m:103121:0:50","r04-c05:expanded-facade-max4m:103121:0:51","r04-c05:expanded-facade-max4m:103121:0:52","r04-c05:expanded-facade-max4m:103121:0:53","r04-c05:expanded-facade-max4m:103121:0:54","r04-c05:expanded-facade-max4m:103121:0:55","r04-c05:expanded-facade-max4m:103121:0:56","r04-c05:expanded-facade-max4m:103121:0:57","r04-c05:expanded-facade-max4m:103121:0:58","r04-c05:expanded-facade-max4m:103121:0:59","r04-c05:expanded-facade-max4m:103121:0:6","r04-c05:expanded-facade-max4m:103121:0:60","r04-c05:expanded-facade-max4m:103121:0:61","r04-c05:expanded-facade-max4m:103121:0:62","r04-c05:expanded-facade-max4m:103121:0:63","r04-c05:expanded-facade-max4m:103121:0:7","r04-c05:expanded-facade-max4m:103121:0:8","r04-c05:expanded-facade-max4m:103121:0:9"],"receiver_count":60,"periods":{"D":{"min":44.801914,"max":68.97579,"receiver_count":60,"unavailable_count":0},"E":{"min":42.583427,"max":66.7573,"receiver_count":60,"unavailable_count":0},"N":{"min":37.812214,"max":61.98609,"receiver_count":60,"unavailable_count":0}}}},{"type":"Feature","id":"lariac:396597890640","geometry":{"type":"Polygon","coordinates":[[[-118.54576217501919,34.18639288544522],[-118.54586140231692,34.18639224564994],[-118.54586130889884,34.18638293041727],[-118.54588240414355,34.18638280816743],[-118.54588230066652,34.18637195404451],[-118.5459295505702,34.186371658750495],[-118.54592893939486,34.18630353994167],[-118.54590460399676,34.18630370477133],[-118.54590444557161,34.18628444309698],[-118.54588645727435,34.18628455132861],[-118.5458862591205,34.18626435583396],[-118.54583795157876,34.18626465588421],[-118.54583815762652,34.18628606121534],[-118.54582413868283,34.18628615152493],[-118.54582422204115,34.18629392786743],[-118.54576129889207,34.18629432178896],[-118.54576217501919,34.18639288544522]]]},"properties":{"building_pk":106300,"building_key":"lariac:396597890640","source_tile":"r04-c05","source_tile_ids":["r04-c05"],"source_bld_id":"396597890640","height_m":4.791,"receiver_ids":[222057,222058,222059],"receiver_keys":["r04-c05:expanded-facade-max4m:106300:0:10","r04-c05:expanded-facade-max4m:106300:0:11","r04-c05:expanded-facade-max4m:106300:0:12"],"receiver_count":3,"periods":{"D":{"min":56.538635,"max":57.482895,"receiver_count":3,"unavailable_count":0},"E":{"min":54.32015,"max":55.26441,"receiver_count":3,"unavailable_count":0},"N":{"min":49.548935,"max":50.4932,"receiver_count":3,"unavailable_count":0}}}},{"type":"Feature","id":"lariac:396524889939","geometry":{"type":"Polygon","coordinates":[[[-118.54609341681716,34.18443798251011],[-118.54609262638941,34.18437764213211],[-118.54602732463944,34.18437821192044],[-118.54602811628163,34.18443857933946],[-118.54609341681716,34.18443798251011]]]},"properties":{"building_pk":106305,"building_key":"lariac:396524889939","source_tile":"r04-c05","source_tile_ids":["r04-c05"],"source_bld_id":"396524889939","height_m":4.767,"receiver_ids":[222060,222061],"receiver_keys":["r04-c05:expanded-facade-max4m:106305:0:5","r04-c05:expanded-facade-max4m:106305:0:6"],"receiver_count":2,"periods":{"D":{"min":50.81828,"max":52.03825,"receiver_count":2,"unavailable_count":0},"E":{"min":48.59979,"max":49.819763,"receiver_count":2,"unavailable_count":0},"N":{"min":43.82858,"max":45.04855,"receiver_count":2,"unavailable_count":0}}}},{"type":"Feature","id":"lariac:396547890528","geometry":{"type":"Polygon","coordinates":[[[-118.54603013975147,34.186058244510726],[-118.54603071599564,34.18599471010233],[-118.54595942231528,34.18599426290994],[-118.54595881220492,34.1860577695227],[-118.54603013975147,34.186058244510726]]]},"properties":{"building_pk":106316,"building_key":"lariac:396547890528","source_tile":"r04-c05","source_tile_ids":["r04-c05"],"source_bld_id":"396547890528","height_m":4.231,"receiver_ids":[222099,222100],"receiver_keys":["r04-c05:expanded-facade-max4m:106316:0:4","r04-c05:expanded-facade-max4m:106316:0:5"],"receiver_count":2,"periods":{"D":{"min":59.760452,"max":59.795464,"receiver_count":2,"unavailable_count":0},"E":{"min":57.541965,"max":57.576977,"receiver_count":2,"unavailable_count":0},"N":{"min":52.770752,"max":52.805763,"receiver_count":2,"unavailable_count":0}}}},{"type":"Feature","id":"lariac:397434888638","geometry":{"type":"Polygon","coordinates":[[[-118.54312550857247,34.18088727819616],[-118.54312551733902,34.180807203934606],[-118.54293414122218,34.18080715622807],[-118.542934099548,34.180887202688695],[-118.54312550857247,34.18088727819616]]]},"properties":{"building_pk":106722,"building_key":"lariac:397434888638","source_tile":"r04-c05","source_tile_ids":["r04-c05"],"source_bld_id":"397434888638","height_m":8.147,"receiver_ids":[222568,222569,222570,222571],"receiver_keys":["r04-c05:expanded-facade-max4m:106722:0:1","r04-c05:expanded-facade-max4m:106722:0:2","r04-c05:expanded-facade-max4m:106722:0:8","r04-c05:expanded-facade-max4m:106722:0:9"],"receiver_count":4,"periods":{"D":{"min":57.732395,"max":64.27161,"receiver_count":4,"unavailable_count":0},"E":{"min":55.51391,"max":62.053116,"receiver_count":4,"unavailable_count":0},"N":{"min":50.742695,"max":57.281902,"receiver_count":4,"unavailable_count":0}}}},{"type":"Feature","id":"lariac:397029889906","geometry":{"type":"Polygon","coordinates":[[[-118.54456038813723,34.184360671231346],[-118.5445603184128,34.18429406187313],[-118.54449441884849,34.184294111531656],[-118.5444943610847,34.184239647719735],[-118.54434927097748,34.184239778799004],[-118.54434940747488,34.18435711412651],[-118.54442707729021,34.18435703951547],[-118.54442706910054,34.184360776451925],[-118.54456038813723,34.184360671231346]]]},"properties":{"building_pk":107085,"building_key":"lariac:397029889906","source_tile":"r04-c05","source_tile_ids":["r04-c05"],"source_bld_id":"397029889906","height_m":7.724,"receiver_ids":[222945,222946,222947,222948,222949,222950,222951,222952],"receiver_keys":["r04-c05:expanded-facade-max4m:107085:0:1","r04-c05:expanded-facade-max4m:107085:0:10","r04-c05:expanded-facade-max4m:107085:0:11","r04-c05:expanded-facade-max4m:107085:0:12","r04-c05:expanded-facade-max4m:107085:0:2","r04-c05:expanded-facade-max4m:107085:0:3","r04-c05:expanded-facade-max4m:107085:0:5","r04-c05:expanded-facade-max4m:107085:0:9"],"receiver_count":8,"periods":{"D":{"min":53.760956,"max":67.897675,"receiver_count":8,"unavailable_count":0},"E":{"min":51.54247,"max":65.679184,"receiver_count":8,"unavailable_count":0},"N":{"min":46.771255,"max":60.90797,"receiver_count":8,"unavailable_count":0}}}},{"type":"Feature","id":"lariac:396797890207","geometry":{"type":"Polygon","coordinates":[[[-118.54512042427052,34.18512138028127],[-118.54511996740129,34.185178044378695],[-118.54512628349487,34.185178070906844],[-118.5451261230827,34.185199038837915],[-118.54511755800382,34.18519899449776],[-118.54511707163549,34.18525612572795],[-118.54528630924024,34.18525706679916],[-118.54528665429152,34.18521370278141],[-118.54530017837669,34.18521377974689],[-118.54530049043326,34.18517549968423],[-118.54533180529982,34.18517566051841],[-118.54533225298154,34.185122596326046],[-118.54512042427052,34.18512138028127]]]},"properties":{"building_pk":107604,"building_key":"lariac:396797890207","source_tile":"r04-c05","source_tile_ids":["r04-c05"],"source_bld_id":"396797890207","height_m":8.416,"receiver_ids":[223516,223517,223518,223519,223520,223521,223522,223523,223524,223525,223526,223527,223528,223529,223530],"receiver_keys":["r04-c05:expanded-facade-max4m:107604:0:1","r04-c05:expanded-facade-max4m:107604:0:11","r04-c05:expanded-facade-max4m:107604:0:12","r04-c05:expanded-facade-max4m:107604:0:13","r04-c05:expanded-facade-max4m:107604:0:14","r04-c05:expanded-facade-max4m:107604:0:15","r04-c05:expanded-facade-max4m:107604:0:16","r04-c05:expanded-facade-max4m:107604:0:17","r04-c05:expanded-facade-max4m:107604:0:18","r04-c05:expanded-facade-max4m:107604:0:2","r04-c05:expanded-facade-max4m:107604:0:4","r04-c05:expanded-facade-max4m:107604:0:5","r04-c05:expanded-facade-max4m:107604:0:7","r04-c05:expanded-facade-max4m:107604:0:8","r04-c05:expanded-facade-max4m:107604:0:9"],"receiver_count":15,"periods":{"D":{"min":50.552025,"max":68.77801,"receiver_count":15,"unavailable_count":0},"E":{"min":48.333538,"max":66.559525,"receiver_count":15,"unavailable_count":0},"N":{"min":43.562325,"max":61.78831,"receiver_count":15,"unavailable_count":0}}}},{"type":"Feature","id":"lariac:396715888576","geometry":{"type":"Polygon","coordinates":[[[-118.54546584389136,34.18070274801603],[-118.54547107458643,34.18065820798839],[-118.54548644955773,34.18064813691731],[-118.54549499175432,34.180604213935425],[-118.5454616406635,34.180565398720695],[-118.54531928921284,34.18064990676046],[-118.54534114499785,34.18067528133991],[-118.54532490801869,34.18068491722715],[-118.54536368828937,34.18073002782184],[-118.54537939915514,34.1807207242669],[-118.54539839032964,34.18074281480724],[-118.54546584389136,34.18070274801603]]]},"properties":{"building_pk":107874,"building_key":"lariac:396715888576","source_tile":"r04-c05","source_tile_ids":["r04-c05"],"source_bld_id":"396715888576","height_m":6.483,"receiver_ids":[223814,223815,223816,223817,223818,223819,223820,223821,223822,223823,223824,223825],"receiver_keys":["r04-c05:expanded-facade-max4m:107874:0:1","r04-c05:expanded-facade-max4m:107874:0:11","r04-c05:expanded-facade-max4m:107874:0:12","r04-c05:expanded-facade-max4m:107874:0:13","r04-c05:expanded-facade-max4m:107874:0:14","r04-c05:expanded-facade-max4m:107874:0:15","r04-c05:expanded-facade-max4m:107874:0:2","r04-c05:expanded-facade-max4m:107874:0:3","r04-c05:expanded-facade-max4m:107874:0:4","r04-c05:expanded-facade-max4m:107874:0:5","r04-c05:expanded-facade-max4m:107874:0:6","r04-c05:expanded-facade-max4m:107874:0:7"],"receiver_count":12,"periods":{"D":{"min":55.927464,"max":67.308716,"receiver_count":12,"unavailable_count":0},"E":{"min":53.708977,"max":65.09023,"receiver_count":12,"unavailable_count":0},"N":{"min":48.937763,"max":60.31902,"receiver_count":12,"unavailable_count":0}}}},{"type":"Feature","id":"lariac:396664889878","geometry":{"type":"Polygon","coordinates":[[[-118.5455627786269,34.184270666012424],[-118.54562823554373,34.18427177535107],[-118.54562882828577,34.18421005748353],[-118.54556416166423,34.18420902391659],[-118.5455627786269,34.184270666012424]]]},"properties":{"building_pk":107942,"building_key":"lariac:396664889878","source_tile":"r04-c05","source_tile_ids":["r04-c05"],"source_bld_id":"396664889878","height_m":4.429,"receiver_ids":[224017,224018,224019,224020,224021,224022],"receiver_keys":["r04-c05:expanded-facade-max4m:107942:0:1","r04-c05:expanded-facade-max4m:107942:0:2","r04-c05:expanded-facade-max4m:107942:0:3","r04-c05:expanded-facade-max4m:107942:0:4","r04-c05:expanded-facade-max4m:107942:0:5","r04-c05:expanded-facade-max4m:107942:0:7"],"receiver_count":6,"periods":{"D":{"min":52.88681,"max":55.646584,"receiver_count":6,"unavailable_count":0},"E":{"min":50.668324,"max":53.428097,"receiver_count":6,"unavailable_count":0},"N":{"min":45.897114,"max":48.656883,"receiver_count":6,"unavailable_count":0}}}},{"type":"Feature","id":"lariac:396768889443","geometry":{"type":"Polygon","coordinates":[[[-118.54529753396375,34.18308135709588],[-118.54529724065475,34.1829604776008],[-118.54519712161051,34.182960653971534],[-118.54519711309105,34.182954362134666],[-118.54518299437098,34.18295437078168],[-118.54518296559161,34.18294480823466],[-118.54511412444778,34.18294492558746],[-118.54511424581952,34.183004087960754],[-118.54517310145967,34.18300398766967],[-118.5451731125799,34.18301583120248],[-118.54518951259034,34.18301581137202],[-118.54518965087244,34.183077556592764],[-118.545199834948,34.18307753863479],[-118.54519986094853,34.183081522440325],[-118.54529753396375,34.18308135709588]]]},"properties":{"building_pk":108013,"building_key":"lariac:396768889443","source_tile":"r04-c05","source_tile_ids":["r04-c05"],"source_bld_id":"396768889443","height_m":5.322,"receiver_ids":[224102,224103,224104,224105,224106,224107,224108,224109,224110,224111,224112,224113,224114,224115],"receiver_keys":["r04-c05:expanded-facade-max4m:108013:0:1","r04-c05:expanded-facade-max4m:108013:0:10","r04-c05:expanded-facade-max4m:108013:0:11","r04-c05:expanded-facade-max4m:108013:0:14","r04-c05:expanded-facade-max4m:108013:0:15","r04-c05:expanded-facade-max4m:108013:0:16","r04-c05:expanded-facade-max4m:108013:0:17","r04-c05:expanded-facade-max4m:108013:0:2","r04-c05:expanded-facade-max4m:108013:0:3","r04-c05:expanded-facade-max4m:108013:0:4","r04-c05:expanded-facade-max4m:108013:0:5","r04-c05:expanded-facade-max4m:108013:0:6","r04-c05:expanded-facade-max4m:108013:0:8","r04-c05:expanded-facade-max4m:108013:0:9"],"receiver_count":14,"periods":{"D":{"min":56.24456,"max":69.092476,"receiver_count":14,"unavailable_count":0},"E":{"min":54.02607,"max":66.87399,"receiver_count":14,"unavailable_count":0},"N":{"min":49.25486,"max":62.102776,"receiver_count":14,"unavailable_count":0}}}},{"type":"Feature","id":"lariac:397181889118","geometry":{"type":"Polygon","coordinates":[[[-118.54385705469737,34.18214698534707],[-118.5438584552556,34.18217915695366],[-118.54389075296523,34.18217816066173],[-118.54388931984568,34.182145988300356],[-118.54385705469737,34.18214698534707]]]},"properties":{"building_pk":108050,"building_key":"lariac:397181889118","source_tile":"r04-c05","source_tile_ids":["r04-c05"],"source_bld_id":"397181889118","height_m":3.475,"receiver_ids":[224171,224172],"receiver_keys":["r04-c05:expanded-facade-max4m:108050:0:1","r04-c05:expanded-facade-max4m:108050:0:2"],"receiver_count":2,"periods":{"D":{"min":56.182808,"max":58.65065,"receiver_count":2,"unavailable_count":0},"E":{"min":53.96432,"max":56.432163,"receiver_count":2,"unavailable_count":0},"N":{"min":49.193108,"max":51.66095,"receiver_count":2,"unavailable_count":0}}}},{"type":"Feature","id":"lariac:396646889105","geometry":{"type":"Polygon","coordinates":[[[-118.54555113097506,34.18215812424206],[-118.5456887184438,34.182158850467616],[-118.54568864138842,34.18216731451016],[-118.54575368156982,34.18216765303043],[-118.5457541489981,34.18210752605189],[-118.54568719082211,34.18210716913925],[-118.54568740313675,34.1820790571387],[-118.54567153195114,34.18207896376174],[-118.54567175923111,34.18204799379937],[-118.5456542348706,34.182047907878605],[-118.54565437947801,34.18202952384308],[-118.54552859625875,34.18202885432611],[-118.54552835199588,34.182062215259215],[-118.5455518613642,34.182062329196434],[-118.54555113097506,34.18215812424206]]]},"properties":{"building_pk":108320,"building_key":"lariac:396646889105","source_tile":"r04-c05","source_tile_ids":["r04-c05"],"source_bld_id":"396646889105","height_m":6.181,"receiver_ids":[224502,224503,224504,224505,224506,224507,224508,224509,224510,224511,224512,224513,224514,224515],"receiver_keys":["r04-c05:expanded-facade-max4m:108320:0:1","r04-c05:expanded-facade-max4m:108320:0:11","r04-c05:expanded-facade-max4m:108320:0:12","r04-c05:expanded-facade-max4m:108320:0:15","r04-c05:expanded-facade-max4m:108320:0:16","r04-c05:expanded-facade-max4m:108320:0:17","r04-c05:expanded-facade-max4m:108320:0:18","r04-c05:expanded-facade-max4m:108320:0:19","r04-c05:expanded-facade-max4m:108320:0:2","r04-c05:expanded-facade-max4m:108320:0:3","r04-c05:expanded-facade-max4m:108320:0:5","r04-c05:expanded-facade-max4m:108320:0:6","r04-c05:expanded-facade-max4m:108320:0:7","r04-c05:expanded-facade-max4m:108320:0:8"],"receiver_count":14,"periods":{"D":{"min":49.421665,"max":61.225746,"receiver_count":14,"unavailable_count":0},"E":{"min":47.203175,"max":59.00726,"receiver_count":14,"unavailable_count":0},"N":{"min":42.431965,"max":54.236046,"receiver_count":14,"unavailable_count":0}}}},{"type":"Feature","id":"lariac:2014121100800000","geometry":{"type":"Polygon","coordinates":[[[-118.54563798353969,34.18590215926264],[-118.54563829628425,34.18594472335019],[-118.54572735275056,34.185944271086335],[-118.54572696769706,34.185891974256],[-118.54571448695641,34.18589203777904],[-118.54571396690697,34.185821400546644],[-118.54566503115461,34.185821648369156],[-118.54566493296713,34.185806617369025],[-118.54556173613736,34.18580713787621],[-118.54556233041268,34.18589298021485],[-118.54555561758205,34.185893010492876],[-118.54555573753285,34.185906227488395],[-118.54560940204117,34.185905958379536],[-118.54560937816954,34.185902303627834],[-118.54563798353969,34.18590215926264]]]},"properties":{"building_pk":108882,"building_key":"lariac:2014121100800000","source_tile":"r04-c05","source_tile_ids":["r04-c05"],"source_bld_id":"2014121100800000","height_m":5.87,"receiver_ids":[225493,225494,225495,225496,225497,225498,225499,225500,225501,225502,225503,225504,225505,225506,225507],"receiver_keys":["r04-c05:expanded-facade-max4m:108882:0:1","r04-c05:expanded-facade-max4m:108882:0:10","r04-c05:expanded-facade-max4m:108882:0:11","r04-c05:expanded-facade-max4m:108882:0:12","r04-c05:expanded-facade-max4m:108882:0:13","r04-c05:expanded-facade-max4m:108882:0:15","r04-c05:expanded-facade-max4m:108882:0:16","r04-c05:expanded-facade-max4m:108882:0:2","r04-c05:expanded-facade-max4m:108882:0:3","r04-c05:expanded-facade-max4m:108882:0:4","r04-c05:expanded-facade-max4m:108882:0:5","r04-c05:expanded-facade-max4m:108882:0:6","r04-c05:expanded-facade-max4m:108882:0:7","r04-c05:expanded-facade-max4m:108882:0:8","r04-c05:expanded-facade-max4m:108882:0:9"],"receiver_count":15,"periods":{"D":{"min":50.625057,"max":58.820255,"receiver_count":15,"unavailable_count":0},"E":{"min":48.40657,"max":56.60177,"receiver_count":15,"unavailable_count":0},"N":{"min":43.635357,"max":51.830555,"receiver_count":15,"unavailable_count":0}}}},{"type":"Feature","id":"lariac:201700286246","geometry":{"type":"Polygon","coordinates":[[[-118.54568400643183,34.18006894586409],[-118.54577340228951,34.18006926462999],[-118.54577362137806,34.180026919023035],[-118.54581789404652,34.18002707714479],[-118.54581811465349,34.17998430329748],[-118.54580393964032,34.17998425277136],[-118.54580405212609,34.179962286145155],[-118.54580660573299,34.179962295356674],[-118.54580691783539,34.179901978854126],[-118.54573955539881,34.17990173829888],[-118.5457396741866,34.17987874117958],[-118.5457113285352,34.17987864008783],[-118.54571138865252,34.17986708562925],[-118.54564378433646,34.17986684430901],[-118.54564349166974,34.17992351127307],[-118.54571004488056,34.1799237510254],[-118.54571003100213,34.17992644219674],[-118.54570743371725,34.17992738521067],[-118.54571123275916,34.17994634376649],[-118.5457060322531,34.17994632485872],[-118.54570597248232,34.17995793250683],[-118.54568465192713,34.17995785560697],[-118.54568444020204,34.17999884435667],[-118.54568175316545,34.179998834843],[-118.54568168858576,34.180011367496945],[-118.54568430403015,34.18001137733359],[-118.54568400643183,34.18006894586409]]]},"properties":{"building_pk":109474,"building_key":"lariac:201700286246","source_tile":"r04-c05","source_tile_ids":["r03-c05","r04-c05"],"source_bld_id":"201700286246","height_m":5.73,"receiver_ids":[226010,226011],"receiver_keys":["r04-c05:expanded-facade-max4m:109474:0:1","r04-c05:expanded-facade-max4m:109474:0:2"],"receiver_count":2,"periods":{"D":{"min":69.72122,"max":69.731445,"receiver_count":2,"unavailable_count":0},"E":{"min":67.50274,"max":67.51296,"receiver_count":2,"unavailable_count":0},"N":{"min":62.731525,"max":62.74175,"receiver_count":2,"unavailable_count":0}}}},{"type":"Feature","id":"lariac:399359889195","geometry":{"type":"Polygon","coordinates":[[[-118.53670986498841,34.18242072872684],[-118.53671002247303,34.18239374302674],[-118.53662891220588,34.18239344389746],[-118.53662875451549,34.18242040165043],[-118.53670986498841,34.18242072872684]]]},"properties":{"building_pk":109881,"building_key":"lariac:399359889195","source_tile":"r04-c05","source_tile_ids":["r04-c05"],"source_bld_id":"399359889195","height_m":3.816,"receiver_ids":[226365,226366,226367,226368,226369,226370],"receiver_keys":["r04-c05:expanded-facade-max4m:109881:0:1","r04-c05:expanded-facade-max4m:109881:0:2","r04-c05:expanded-facade-max4m:109881:0:3","r04-c05:expanded-facade-max4m:109881:0:4","r04-c05:expanded-facade-max4m:109881:0:5","r04-c05:expanded-facade-max4m:109881:0:6"],"receiver_count":6,"periods":{"D":{"min":44.996845,"max":45.67235,"receiver_count":6,"unavailable_count":0},"E":{"min":42.77836,"max":43.453865,"receiver_count":6,"unavailable_count":0},"N":{"min":38.00715,"max":38.682655,"receiver_count":6,"unavailable_count":0}}}},{"type":"Feature","id":"lariac:399755889606","geometry":{"type":"Polygon","coordinates":[[[-118.53533958195523,34.18378613712391],[-118.53539979288406,34.18378600854616],[-118.53539834245467,34.18331208257039],[-118.53533816550143,34.18331221190008],[-118.53533958195523,34.18378613712391]]]},"properties":{"building_pk":109889,"building_key":"lariac:399755889606","source_tile":"r04-c05","source_tile_ids":["r04-c05"],"source_bld_id":"399755889606","height_m":3.103,"receiver_ids":[226383,226384,226385,226386,226387,226388,226389,226390,226391,226392,226393,226394,226395,226396,226397,226398,226399,226400,226401,226402,226403,226404,226405,226406,226407,226408,226409,226410,226411],"receiver_keys":["r04-c05:expanded-facade-max4m:109889:0:1","r04-c05:expanded-facade-max4m:109889:0:10","r04-c05:expanded-facade-max4m:109889:0:11","r04-c05:expanded-facade-max4m:109889:0:12","r04-c05:expanded-facade-max4m:109889:0:13","r04-c05:expanded-facade-max4m:109889:0:14","r04-c05:expanded-facade-max4m:109889:0:15","r04-c05:expanded-facade-max4m:109889:0:17","r04-c05:expanded-facade-max4m:109889:0:18","r04-c05:expanded-facade-max4m:109889:0:19","r04-c05:expanded-facade-max4m:109889:0:2","r04-c05:expanded-facade-max4m:109889:0:20","r04-c05:expanded-facade-max4m:109889:0:21","r04-c05:expanded-facade-max4m:109889:0:22","r04-c05:expanded-facade-max4m:109889:0:23","r04-c05:expanded-facade-max4m:109889:0:24","r04-c05:expanded-facade-max4m:109889:0:25","r04-c05:expanded-facade-max4m:109889:0:26","r04-c05:expanded-facade-max4m:109889:0:27","r04-c05:expanded-facade-max4m:109889:0:28","r04-c05:expanded-facade-max4m:109889:0:29","r04-c05:expanded-facade-max4m:109889:0:3","r04-c05:expanded-facade-max4m:109889:0:30","r04-c05:expanded-facade-max4m:109889:0:4","r04-c05:expanded-facade-max4m:109889:0:5","r04-c05:expanded-facade-max4m:109889:0:6","r04-c05:expanded-facade-max4m:109889:0:7","r04-c05:expanded-facade-max4m:109889:0:8","r04-c05:expanded-facade-max4m:109889:0:9"],"receiver_count":29,"periods":{"D":{"min":56.900635,"max":59.306652,"receiver_count":29,"unavailable_count":0},"E":{"min":54.682148,"max":57.088165,"receiver_count":29,"unavailable_count":0},"N":{"min":49.910934,"max":52.31695,"receiver_count":29,"unavailable_count":0}}}},{"type":"Feature","id":"lariac:399478889114","geometry":{"type":"Polygon","coordinates":[[[-118.53680770524132,34.18210706042951],[-118.53628899947599,34.18210900358451],[-118.53628896825207,34.1821041398957],[-118.53623679284325,34.18210431623743],[-118.5362373128996,34.182200710570754],[-118.53624309904599,34.182200684917206],[-118.5362432428674,34.18222832830847],[-118.53681693549035,34.18222619630673],[-118.53681664532297,34.18217074455269],[-118.536808048549,34.18217078270819],[-118.53680770524132,34.18210706042951]]]},"properties":{"building_pk":110008,"building_key":"lariac:399478889114","source_tile":"r04-c05","source_tile_ids":["r04-c05"],"source_bld_id":"399478889114","height_m":12.427,"receiver_ids":[226586,226587,226588,226589,226590,226591,226592,226593,226594,226595,226596,226597,226598,226599,226600,226601,226602,226603,226604,226605,226606,226607,226608,226609,226610,226611,226612,226613,226614,226615,226616,226617,226618,226619],"receiver_keys":["r04-c05:expanded-facade-max4m:110008:0:1","r04-c05:expanded-facade-max4m:110008:0:10","r04-c05:expanded-facade-max4m:110008:0:11","r04-c05:expanded-facade-max4m:110008:0:12","r04-c05:expanded-facade-max4m:110008:0:13","r04-c05:expanded-facade-max4m:110008:0:14","r04-c05:expanded-facade-max4m:110008:0:15","r04-c05:expanded-facade-max4m:110008:0:16","r04-c05:expanded-facade-max4m:110008:0:17","r04-c05:expanded-facade-max4m:110008:0:18","r04-c05:expanded-facade-max4m:110008:0:19","r04-c05:expanded-facade-max4m:110008:0:2","r04-c05:expanded-facade-max4m:110008:0:20","r04-c05:expanded-facade-max4m:110008:0:21","r04-c05:expanded-facade-max4m:110008:0:22","r04-c05:expanded-facade-max4m:110008:0:23","r04-c05:expanded-facade-max4m:110008:0:24","r04-c05:expanded-facade-max4m:110008:0:25","r04-c05:expanded-facade-max4m:110008:0:26","r04-c05:expanded-facade-max4m:110008:0:27","r04-c05:expanded-facade-max4m:110008:0:28","r04-c05:expanded-facade-max4m:110008:0:29","r04-c05:expanded-facade-max4m:110008:0:3","r04-c05:expanded-facade-max4m:110008:0:30","r04-c05:expanded-facade-max4m:110008:0:31","r04-c05:expanded-facade-max4m:110008:0:32","r04-c05:expanded-facade-max4m:110008:0:33","r04-c05:expanded-facade-max4m:110008:0:34","r04-c05:expanded-facade-max4m:110008:0:4","r04-c05:expanded-facade-max4m:110008:0:5","r04-c05:expanded-facade-max4m:110008:0:6","r04-c05:expanded-facade-max4m:110008:0:7","r04-c05:expanded-facade-max4m:110008:0:8","r04-c05:expanded-facade-max4m:110008:0:9"],"receiver_count":34,"periods":{"D":{"min":44.95227,"max":69.016235,"receiver_count":34,"unavailable_count":0},"E":{"min":42.73378,"max":66.797745,"receiver_count":34,"unavailable_count":0},"N":{"min":37.96257,"max":62.026535,"receiver_count":34,"unavailable_count":0}}}},{"type":"Feature","id":"lariac:396641889333","geometry":{"type":"Polygon","coordinates":[[[-118.54563365861758,34.18269947531301],[-118.54563399037399,34.182714725235755],[-118.54560896193556,34.182715085166095],[-118.54561027305462,34.18277913304935],[-118.54559873503379,34.182779295085886],[-118.54559951816114,34.182818311278],[-118.54560652761367,34.18281822466415],[-118.54560706725823,34.182833580932964],[-118.54563414193818,34.182833593125245],[-118.54563393757103,34.18282821363279],[-118.54575448083983,34.182826488748695],[-118.54575432988315,34.18281849273477],[-118.54575809911466,34.182818420732765],[-118.54575748247711,34.182789955460926],[-118.54575371432571,34.18279002655645],[-118.54575347367916,34.18277859696611],[-118.54574715957011,34.182778680450966],[-118.54574615636618,34.18273139358655],[-118.54571504487438,34.18273183598065],[-118.54571433067439,34.182698397330704],[-118.54568695479284,34.182698767868594],[-118.54568638491146,34.18267230832092],[-118.5456381481317,34.18267299294077],[-118.54563868401068,34.18269939764786],[-118.54563365861758,34.18269947531301]]]},"properties":{"building_pk":112170,"building_key":"lariac:396641889333","source_tile":"r04-c05","source_tile_ids":["r04-c05"],"source_bld_id":"396641889333","height_m":6.017,"receiver_ids":[227218,227219,227220,227221,227222,227223,227224,227225,227226,227227],"receiver_keys":["r04-c05:expanded-facade-max4m:112170:0:10","r04-c05:expanded-facade-max4m:112170:0:11","r04-c05:expanded-facade-max4m:112170:0:12","r04-c05:expanded-facade-max4m:112170:0:14","r04-c05:expanded-facade-max4m:112170:0:15","r04-c05:expanded-facade-max4m:112170:0:17","r04-c05:expanded-facade-max4m:112170:0:3","r04-c05:expanded-facade-max4m:112170:0:4","r04-c05:expanded-facade-max4m:112170:0:5","r04-c05:expanded-facade-max4m:112170:0:7"],"receiver_count":10,"periods":{"D":{"min":48.864944,"max":59.29995,"receiver_count":10,"unavailable_count":0},"E":{"min":46.646458,"max":57.081463,"receiver_count":10,"unavailable_count":0},"N":{"min":41.875244,"max":52.310253,"receiver_count":10,"unavailable_count":0}}}},{"type":"Feature","id":"lariac:396794888348","geometry":{"type":"Polygon","coordinates":[[[-118.54517393321787,34.180071274995015],[-118.54517290311328,34.180009671732186],[-118.54510611884875,34.18001043974984],[-118.54510711510073,34.180072016119276],[-118.54517393321787,34.180071274995015]]]},"properties":{"building_pk":112184,"building_key":"lariac:396794888348","source_tile":"r04-c05","source_tile_ids":["r03-c05","r04-c05"],"source_bld_id":"396794888348","height_m":4.785,"receiver_ids":[227252,227253],"receiver_keys":["r04-c05:expanded-facade-max4m:112184:0:6","r04-c05:expanded-facade-max4m:112184:0:7"],"receiver_count":2,"periods":{"D":{"min":70.59432,"max":70.66419,"receiver_count":2,"unavailable_count":0},"E":{"min":68.37584,"max":68.44571,"receiver_count":2,"unavailable_count":0},"N":{"min":63.604626,"max":63.674496,"receiver_count":2,"unavailable_count":0}}}},{"type":"Feature","id":"lariac:396654889449","geometry":{"type":"Polygon","coordinates":[[[-118.54554105419246,34.183030191705086],[-118.54554138131925,34.18309539890521],[-118.54553248722499,34.18309543902145],[-118.54553278884555,34.18315690763379],[-118.54559845520008,34.18315666642857],[-118.54559842630718,34.183152242682596],[-118.54564078184926,34.18315210660594],[-118.54564065304015,34.18312740398049],[-118.54566948554027,34.18312730095149],[-118.54566931795044,34.18309666273539],[-118.54569729021097,34.18309656358073],[-118.54569719100897,34.183076229703794],[-118.54575204423581,34.18307603720073],[-118.54575173867889,34.18301399071634],[-118.54569043740238,34.183014185265044],[-118.54569050483109,34.18302965545548],[-118.54554105419246,34.183030191705086]]]},"properties":{"building_pk":112208,"building_key":"lariac:396654889449","source_tile":"r04-c05","source_tile_ids":["r04-c05"],"source_bld_id":"396654889449","height_m":5.529,"receiver_ids":[227336,227337,227338,227339,227340,227341,227342,227343,227344,227345,227346,227347,227348,227349,227350,227351],"receiver_keys":["r04-c05:expanded-facade-max4m:112208:0:1","r04-c05:expanded-facade-max4m:112208:0:10","r04-c05:expanded-facade-max4m:112208:0:12","r04-c05:expanded-facade-max4m:112208:0:13","r04-c05:expanded-facade-max4m:112208:0:14","r04-c05:expanded-facade-max4m:112208:0:15","r04-c05:expanded-facade-max4m:112208:0:17","r04-c05:expanded-facade-max4m:112208:0:18","r04-c05:expanded-facade-max4m:112208:0:19","r04-c05:expanded-facade-max4m:112208:0:2","r04-c05:expanded-facade-max4m:112208:0:3","r04-c05:expanded-facade-max4m:112208:0:4","r04-c05:expanded-facade-max4m:112208:0:5","r04-c05:expanded-facade-max4m:112208:0:6","r04-c05:expanded-facade-max4m:112208:0:7","r04-c05:expanded-facade-max4m:112208:0:9"],"receiver_count":16,"periods":{"D":{"min":49.818153,"max":60.74989,"receiver_count":16,"unavailable_count":0},"E":{"min":47.599667,"max":58.531403,"receiver_count":16,"unavailable_count":0},"N":{"min":42.828453,"max":53.760193,"receiver_count":16,"unavailable_count":0}}}},{"type":"Feature","id":"lariac:396735889328","geometry":{"type":"Polygon","coordinates":[[[-118.54531876645858,34.182757400632404],[-118.54539150874058,34.18275733408859],[-118.54539121424344,34.18270774058163],[-118.5453184735347,34.18270804151971],[-118.54531876645858,34.182757400632404]]]},"properties":{"building_pk":112239,"building_key":"lariac:396735889328","source_tile":"r04-c05","source_tile_ids":["r04-c05"],"source_bld_id":"396735889328","height_m":4.898,"receiver_ids":[227381,227382,227383,227384,227385,227386,227387],"receiver_keys":["r04-c05:expanded-facade-max4m:112239:0:1","r04-c05:expanded-facade-max4m:112239:0:2","r04-c05:expanded-facade-max4m:112239:0:3","r04-c05:expanded-facade-max4m:112239:0:4","r04-c05:expanded-facade-max4m:112239:0:5","r04-c05:expanded-facade-max4m:112239:0:6","r04-c05:expanded-facade-max4m:112239:0:7"],"receiver_count":7,"periods":{"D":{"min":56.277,"max":60.727272,"receiver_count":7,"unavailable_count":0},"E":{"min":54.058514,"max":58.50878,"receiver_count":7,"unavailable_count":0},"N":{"min":49.2873,"max":53.73757,"receiver_count":7,"unavailable_count":0}}}},{"type":"Feature","id":"lariac:397031888915","geometry":{"type":"Polygon","coordinates":[[[-118.5442703988429,34.181649898014896],[-118.5444994952928,34.181648811859674],[-118.54449957069544,34.18166038013171],[-118.54459456198704,34.18165995244947],[-118.5445941168332,34.181591668813006],[-118.5445297092995,34.18159195880519],[-118.54452934461827,34.18153601243495],[-118.54445713446474,34.18153633751729],[-118.54445734113581,34.1815680474924],[-118.54444266110362,34.18156811357504],[-118.54444247127735,34.18153898734896],[-118.54435954805297,34.18153936059714],[-118.54435911580453,34.181473027843666],[-118.54428049062842,34.181473408739606],[-118.54428070650313,34.18150154675635],[-118.54426939899297,34.18150159764116],[-118.5442703988429,34.181649898014896]]]},"properties":{"building_pk":112274,"building_key":"lariac:397031888915","source_tile":"r04-c05","source_tile_ids":["r04-c05"],"source_bld_id":"397031888915","height_m":5.52,"receiver_ids":[227419,227420,227421,227422,227423,227424,227425,227426,227427,227428,227429,227430,227431,227432,227433,227434,227435,227436,227437,227438,227439,227440],"receiver_keys":["r04-c05:expanded-facade-max4m:112274:0:1","r04-c05:expanded-facade-max4m:112274:0:10","r04-c05:expanded-facade-max4m:112274:0:11","r04-c05:expanded-facade-max4m:112274:0:13","r04-c05:expanded-facade-max4m:112274:0:14","r04-c05:expanded-facade-max4m:112274:0:15","r04-c05:expanded-facade-max4m:112274:0:18","r04-c05:expanded-facade-max4m:112274:0:19","r04-c05:expanded-facade-max4m:112274:0:2","r04-c05:expanded-facade-max4m:112274:0:20","r04-c05:expanded-facade-max4m:112274:0:21","r04-c05:expanded-facade-max4m:112274:0:22","r04-c05:expanded-facade-max4m:112274:0:25","r04-c05:expanded-facade-max4m:112274:0:26","r04-c05:expanded-facade-max4m:112274:0:27","r04-c05:expanded-facade-max4m:112274:0:28","r04-c05:expanded-facade-max4m:112274:0:3","r04-c05:expanded-facade-max4m:112274:0:4","r04-c05:expanded-facade-max4m:112274:0:5","r04-c05:expanded-facade-max4m:112274:0:7","r04-c05:expanded-facade-max4m:112274:0:8","r04-c05:expanded-facade-max4m:112274:0:9"],"receiver_count":22,"periods":{"D":{"min":57.99972,"max":68.593544,"receiver_count":22,"unavailable_count":0},"E":{"min":55.781235,"max":66.37505,"receiver_count":22,"unavailable_count":0},"N":{"min":51.01002,"max":61.60384,"receiver_count":22,"unavailable_count":0}}}},{"type":"Feature","id":"lariac:397092888737","geometry":{"type":"Polygon","coordinates":[[[-118.54421972000104,34.1811640748974],[-118.54422377967379,34.18106656096885],[-118.5440802868742,34.18106242566957],[-118.54407962596291,34.18107770620537],[-118.54406977101907,34.18107742147388],[-118.54406779742013,34.181124666743905],[-118.54409408778103,34.18112542748184],[-118.54409262972797,34.181160387799174],[-118.54421972000104,34.1811640748974]]]},"properties":{"building_pk":112585,"building_key":"lariac:397092888737","source_tile":"r04-c05","source_tile_ids":["r04-c05"],"source_bld_id":"397092888737","height_m":9.409,"receiver_ids":[227790,227791,227792,227793,227794,227795,227796,227797,227798,227799],"receiver_keys":["r04-c05:expanded-facade-max4m:112585:0:1","r04-c05:expanded-facade-max4m:112585:0:10","r04-c05:expanded-facade-max4m:112585:0:11","r04-c05:expanded-facade-max4m:112585:0:12","r04-c05:expanded-facade-max4m:112585:0:13","r04-c05:expanded-facade-max4m:112585:0:2","r04-c05:expanded-facade-max4m:112585:0:3","r04-c05:expanded-facade-max4m:112585:0:7","r04-c05:expanded-facade-max4m:112585:0:8","r04-c05:expanded-facade-max4m:112585:0:9"],"receiver_count":10,"periods":{"D":{"min":51.252132,"max":63.97812,"receiver_count":10,"unavailable_count":0},"E":{"min":49.033646,"max":61.759632,"receiver_count":10,"unavailable_count":0},"N":{"min":44.262432,"max":56.98842,"receiver_count":10,"unavailable_count":0}}}},{"type":"Feature","id":"lariac:397071890522","geometry":{"type":"Polygon","coordinates":[[[-118.5442320860768,34.18602311015249],[-118.54430029103118,34.18602303133628],[-118.54429948223617,34.18600196409107],[-118.54423134486329,34.18600375463473],[-118.5442320860768,34.18602311015249]]]},"properties":{"building_pk":112744,"building_key":"lariac:397071890522","source_tile":"r04-c05","source_tile_ids":["r04-c05"],"source_bld_id":"397071890522","height_m":1.652,"receiver_ids":[227996,227997,227998],"receiver_keys":["r04-c05:expanded-facade-max4m:112744:0:3","r04-c05:expanded-facade-max4m:112744:0:4","r04-c05:expanded-facade-max4m:112744:0:5"],"receiver_count":3,"periods":{"D":{"min":57.228886,"max":59.479237,"receiver_count":3,"unavailable_count":0},"E":{"min":55.0104,"max":57.26075,"receiver_count":3,"unavailable_count":0},"N":{"min":50.239185,"max":52.489536,"receiver_count":3,"unavailable_count":0}}}},{"type":"Feature","id":"lariac:396703889059","geometry":{"type":"Polygon","coordinates":[[[-118.54547488971447,34.18200951231416],[-118.54547500586276,34.181974137909876],[-118.54543281347075,34.18197391618405],[-118.54543264941269,34.18200959823072],[-118.54547488971447,34.18200951231416]]]},"properties":{"building_pk":113024,"building_key":"lariac:396703889059","source_tile":"r04-c05","source_tile_ids":["r04-c05"],"source_bld_id":"396703889059","height_m":4.2,"receiver_ids":[228419,228420,228421,228422],"receiver_keys":["r04-c05:expanded-facade-max4m:113024:0:1","r04-c05:expanded-facade-max4m:113024:0:2","r04-c05:expanded-facade-max4m:113024:0:3","r04-c05:expanded-facade-max4m:113024:0:4"],"receiver_count":4,"periods":{"D":{"min":58.210033,"max":63.050976,"receiver_count":4,"unavailable_count":0},"E":{"min":55.991547,"max":60.83249,"receiver_count":4,"unavailable_count":0},"N":{"min":51.220333,"max":56.061275,"receiver_count":4,"unavailable_count":0}}}},{"type":"Feature","id":"lariac:396656889205","geometry":{"type":"Polygon","coordinates":[[[-118.54557041172959,34.182426975952474],[-118.54561081127059,34.18242621582375],[-118.54561172036101,34.1824589395721],[-118.54562289458049,34.1824587241811],[-118.54562328370059,34.182472791920915],[-118.54562688712936,34.1824727486188],[-118.54562718298224,34.18248250198997],[-118.54568907186237,34.18248131582675],[-118.54568950413238,34.18249683936522],[-118.54575165897357,34.18249567991791],[-118.5457500182833,34.18243682731781],[-118.545694244825,34.18243790297911],[-118.54569203620798,34.182358031639886],[-118.54556858821572,34.1823603745032],[-118.54557041172959,34.182426975952474]]]},"properties":{"building_pk":113112,"building_key":"lariac:396656889205","source_tile":"r04-c05","source_tile_ids":["r04-c05"],"source_bld_id":"396656889205","height_m":6.123,"receiver_ids":[228543,228544,228545,228546,228547,228548,228549,228550,228551,228552,228553,228554],"receiver_keys":["r04-c05:expanded-facade-max4m:113112:0:1","r04-c05:expanded-facade-max4m:113112:0:10","r04-c05:expanded-facade-max4m:113112:0:11","r04-c05:expanded-facade-max4m:113112:0:15","r04-c05:expanded-facade-max4m:113112:0:16","r04-c05:expanded-facade-max4m:113112:0:2","r04-c05:expanded-facade-max4m:113112:0:3","r04-c05:expanded-facade-max4m:113112:0:4","r04-c05:expanded-facade-max4m:113112:0:6","r04-c05:expanded-facade-max4m:113112:0:7","r04-c05:expanded-facade-max4m:113112:0:8","r04-c05:expanded-facade-max4m:113112:0:9"],"receiver_count":12,"periods":{"D":{"min":52.175068,"max":59.500717,"receiver_count":12,"unavailable_count":0},"E":{"min":49.95658,"max":57.282227,"receiver_count":12,"unavailable_count":0},"N":{"min":45.185368,"max":52.511017,"receiver_count":12,"unavailable_count":0}}}},{"type":"Feature","id":"lariac:396608890178","geometry":{"type":"Polygon","coordinates":[[[-118.54584954865709,34.185114493040096],[-118.54584894008349,34.1850265068949],[-118.54585561921553,34.18502647675239],[-118.54585545599913,34.18500149931082],[-118.54584828111429,34.185001531690645],[-118.54584822419613,34.184992821229415],[-118.54582706295274,34.184992916726316],[-118.54582711950935,34.18500157219504],[-118.54580003849557,34.1850016944014],[-118.54580006650447,34.185005981116745],[-118.54577665772308,34.185006113793136],[-118.5457767259488,34.18501655606944],[-118.54569161683158,34.18501696712515],[-118.54569213488519,34.18509627000696],[-118.54573902101201,34.185096030517954],[-118.54573914488549,34.18511499123243],[-118.54584954865709,34.185114493040096]]]},"properties":{"building_pk":113639,"building_key":"lariac:396608890178","source_tile":"r04-c05","source_tile_ids":["r04-c05"],"source_bld_id":"396608890178","height_m":6.315,"receiver_ids":[229121,229122,229123,229124,229125,229126,229127,229128,229129,229130,229131],"receiver_keys":["r04-c05:expanded-facade-max4m:113639:0:1","r04-c05:expanded-facade-max4m:113639:0:12","r04-c05:expanded-facade-max4m:113639:0:13","r04-c05:expanded-facade-max4m:113639:0:14","r04-c05:expanded-facade-max4m:113639:0:15","r04-c05:expanded-facade-max4m:113639:0:2","r04-c05:expanded-facade-max4m:113639:0:3","r04-c05:expanded-facade-max4m:113639:0:4","r04-c05:expanded-facade-max4m:113639:0:6","r04-c05:expanded-facade-max4m:113639:0:7","r04-c05:expanded-facade-max4m:113639:0:8"],"receiver_count":11,"periods":{"D":{"min":52.03476,"max":59.00833,"receiver_count":11,"unavailable_count":0},"E":{"min":49.816273,"max":56.789845,"receiver_count":11,"unavailable_count":0},"N":{"min":45.04506,"max":52.01863,"receiver_count":11,"unavailable_count":0}}}},{"type":"Feature","id":"lariac:201700286500","geometry":{"type":"Polygon","coordinates":[[[-118.5445835029464,34.183042324213275],[-118.54458531093232,34.183138777666706],[-118.54462868893414,34.18313823074444],[-118.54462687971929,34.18304176287219],[-118.5445835029464,34.183042324213275]]]},"properties":{"building_pk":114084,"building_key":"lariac:201700286500","source_tile":"r04-c05","source_tile_ids":["r04-c05"],"source_bld_id":"201700286500","height_m":3.929,"receiver_ids":[229668,229669,229670,229671,229672,229673],"receiver_keys":["r04-c05:expanded-facade-max4m:114084:0:1","r04-c05:expanded-facade-max4m:114084:0:2","r04-c05:expanded-facade-max4m:114084:0:5","r04-c05:expanded-facade-max4m:114084:0:6","r04-c05:expanded-facade-max4m:114084:0:7","r04-c05:expanded-facade-max4m:114084:0:8"],"receiver_count":6,"periods":{"D":{"min":62.25541,"max":69.833275,"receiver_count":6,"unavailable_count":0},"E":{"min":60.03692,"max":67.61479,"receiver_count":6,"unavailable_count":0},"N":{"min":55.26571,"max":62.84358,"receiver_count":6,"unavailable_count":0}}}},{"type":"Feature","id":"lariac:201700286664","geometry":{"type":"Polygon","coordinates":[[[-118.54351326510918,34.18462194792398],[-118.54351370954143,34.18468708607882],[-118.5436714433841,34.184686342019155],[-118.54367104418289,34.184625005471624],[-118.54368164915546,34.18462495599947],[-118.5436812107242,34.184560759931024],[-118.54360507109871,34.18456111928525],[-118.54360505348747,34.18455857971525],[-118.54352706319987,34.1845589473379],[-118.54352711341627,34.184566164872585],[-118.54352540920581,34.184566173432444],[-118.54352542390524,34.18456826584973],[-118.54352578908302,34.184621888940676],[-118.54351326510918,34.18462194792398]]]},"properties":{"building_pk":114092,"building_key":"lariac:201700286664","source_tile":"r04-c05","source_tile_ids":["r04-c05"],"source_bld_id":"201700286664","height_m":8.348,"receiver_ids":[229692,229693,229694,229695],"receiver_keys":["r04-c05:expanded-facade-max4m:114092:0:6","r04-c05:expanded-facade-max4m:114092:0:7","r04-c05:expanded-facade-max4m:114092:0:8","r04-c05:expanded-facade-max4m:114092:0:9"],"receiver_count":4,"periods":{"D":{"min":55.419476,"max":55.776665,"receiver_count":4,"unavailable_count":0},"E":{"min":53.20099,"max":53.558178,"receiver_count":4,"unavailable_count":0},"N":{"min":48.429775,"max":48.786964,"receiver_count":4,"unavailable_count":0}}}},{"type":"Feature","id":"lariac:399703890600","geometry":{"type":"Polygon","coordinates":[[[-118.53557438640183,34.18616476048297],[-118.53554968782674,34.186201169591406],[-118.53552511159182,34.186189654804544],[-118.5354925513482,34.18623761322216],[-118.53550349557676,34.186242730613394],[-118.53547991151495,34.18627751379782],[-118.5354919167935,34.1862831484865],[-118.53546305773466,34.186325648793314],[-118.5355564207866,34.18636942189217],[-118.5356661563996,34.18620779858009],[-118.53557438640183,34.18616476048297]]]},"properties":{"building_pk":114290,"building_key":"lariac:399703890600","source_tile":"r04-c05","source_tile_ids":["r04-c05"],"source_bld_id":"399703890600","height_m":5.776,"receiver_ids":[229723,229724,229725,229726,229727,229728,229729,229730,229731,229732,229733,229734,229735,229736,229737],"receiver_keys":["r04-c05:expanded-facade-max4m:114290:0:1","r04-c05:expanded-facade-max4m:114290:0:10","r04-c05:expanded-facade-max4m:114290:0:11","r04-c05:expanded-facade-max4m:114290:0:12","r04-c05:expanded-facade-max4m:114290:0:13","r04-c05:expanded-facade-max4m:114290:0:14","r04-c05:expanded-facade-max4m:114290:0:15","r04-c05:expanded-facade-max4m:114290:0:16","r04-c05:expanded-facade-max4m:114290:0:17","r04-c05:expanded-facade-max4m:114290:0:2","r04-c05:expanded-facade-max4m:114290:0:3","r04-c05:expanded-facade-max4m:114290:0:5","r04-c05:expanded-facade-max4m:114290:0:6","r04-c05:expanded-facade-max4m:114290:0:8","r04-c05:expanded-facade-max4m:114290:0:9"],"receiver_count":15,"periods":{"D":{"min":53.26038,"max":69.31293,"receiver_count":15,"unavailable_count":0},"E":{"min":51.041893,"max":67.094444,"receiver_count":15,"unavailable_count":0},"N":{"min":46.270683,"max":62.32323,"receiver_count":15,"unavailable_count":0}}}},{"type":"Feature","id":"lariac:398766888420","geometry":{"type":"Polygon","coordinates":[[[-118.53871994589335,34.18034203024466],[-118.53872014632792,34.18030969458834],[-118.53880433018385,34.18031003450933],[-118.538804993609,34.180197614472995],[-118.53866450104539,34.180197031306214],[-118.53866458845934,34.1801798015168],[-118.53861350302448,34.18017958907566],[-118.53861349062058,34.18017766523678],[-118.53858631211524,34.180177566292485],[-118.53858630063289,34.18018100122476],[-118.53845695108761,34.180180451137275],[-118.5384568634507,34.18019765297944],[-118.53845319359853,34.180197642271494],[-118.53845234589949,34.1803379262309],[-118.53865450425937,34.18033875791652],[-118.53865448632364,34.180342200991454],[-118.53871994589335,34.18034203024466]]]},"properties":{"building_pk":114318,"building_key":"lariac:398766888420","source_tile":"r04-c05","source_tile_ids":["r03-c05","r04-c05"],"source_bld_id":"398766888420","height_m":9.9,"receiver_ids":[229744,229745,229746,229747,229748,229749,229750,229756,229757,229758,229759,229760,229761,229762,229763],"receiver_keys":["r04-c05:expanded-facade-max4m:114318:0:1","r04-c05:expanded-facade-max4m:114318:0:17","r04-c05:expanded-facade-max4m:114318:0:18","r04-c05:expanded-facade-max4m:114318:0:19","r04-c05:expanded-facade-max4m:114318:0:2","r04-c05:expanded-facade-max4m:114318:0:20","r04-c05:expanded-facade-max4m:114318:0:21","r04-c05:expanded-facade-max4m:114318:0:22","r04-c05:expanded-facade-max4m:114318:0:23","r04-c05:expanded-facade-max4m:114318:0:24","r04-c05:expanded-facade-max4m:114318:0:3","r04-c05:expanded-facade-max4m:114318:0:6","r04-c05:expanded-facade-max4m:114318:0:7","r04-c05:expanded-facade-max4m:114318:0:8","r04-c05:expanded-facade-max4m:114318:0:9"],"receiver_count":15,"periods":{"D":{"min":49.55852,"max":68.13149,"receiver_count":15,"unavailable_count":0},"E":{"min":47.340034,"max":65.91301,"receiver_count":15,"unavailable_count":0},"N":{"min":42.56882,"max":61.141792,"receiver_count":15,"unavailable_count":0}}}},{"type":"Feature","id":"lariac:399338889856","geometry":{"type":"Polygon","coordinates":[[[-118.53669383429354,34.18438654705286],[-118.53681445123998,34.184386632948204],[-118.536813818075,34.18397934903027],[-118.53669329508797,34.18397944393019],[-118.53669383429354,34.18438654705286]]]},"properties":{"building_pk":114331,"building_key":"lariac:399338889856","source_tile":"r04-c05","source_tile_ids":["r04-c05"],"source_bld_id":"399338889856","height_m":4.014,"receiver_ids":[229783,229784,229785,229786,229787,229788,229789,229790,229791,229792,229793,229794,229795,229796,229797,229798,229799,229800,229801,229802,229803,229804,229805,229806,229807,229808,229809,229810,229811],"receiver_keys":["r04-c05:expanded-facade-max4m:114331:0:1","r04-c05:expanded-facade-max4m:114331:0:10","r04-c05:expanded-facade-max4m:114331:0:11","r04-c05:expanded-facade-max4m:114331:0:12","r04-c05:expanded-facade-max4m:114331:0:13","r04-c05:expanded-facade-max4m:114331:0:14","r04-c05:expanded-facade-max4m:114331:0:15","r04-c05:expanded-facade-max4m:114331:0:16","r04-c05:expanded-facade-max4m:114331:0:17","r04-c05:expanded-facade-max4m:114331:0:18","r04-c05:expanded-facade-max4m:114331:0:19","r04-c05:expanded-facade-max4m:114331:0:2","r04-c05:expanded-facade-max4m:114331:0:20","r04-c05:expanded-facade-max4m:114331:0:21","r04-c05:expanded-facade-max4m:114331:0:22","r04-c05:expanded-facade-max4m:114331:0:23","r04-c05:expanded-facade-max4m:114331:0:24","r04-c05:expanded-facade-max4m:114331:0:25","r04-c05:expanded-facade-max4m:114331:0:26","r04-c05:expanded-facade-max4m:114331:0:27","r04-c05:expanded-facade-max4m:114331:0:28","r04-c05:expanded-facade-max4m:114331:0:29","r04-c05:expanded-facade-max4m:114331:0:3","r04-c05:expanded-facade-max4m:114331:0:4","r04-c05:expanded-facade-max4m:114331:0:5","r04-c05:expanded-facade-max4m:114331:0:6","r04-c05:expanded-facade-max4m:114331:0:7","r04-c05:expanded-facade-max4m:114331:0:8","r04-c05:expanded-facade-max4m:114331:0:9"],"receiver_count":29,"periods":{"D":{"min":54.33408,"max":59.433247,"receiver_count":29,"unavailable_count":0},"E":{"min":52.115593,"max":57.21476,"receiver_count":29,"unavailable_count":0},"N":{"min":47.34438,"max":52.443546,"receiver_count":29,"unavailable_count":0}}}},{"type":"Feature","id":"lariac:2014113125850000","geometry":{"type":"Polygon","coordinates":[[[-118.53667627518438,34.186407889238716],[-118.53667577270015,34.18634014768137],[-118.53668896297572,34.18634008013997],[-118.5366886064033,34.18629218000766],[-118.5366744126827,34.18629225290288],[-118.53667437752816,34.18628762543574],[-118.53648848253133,34.18628857902815],[-118.53648827821345,34.18626098909532],[-118.53640861484725,34.18626139830805],[-118.53640870261812,34.18627320813935],[-118.53636869789453,34.18627341259184],[-118.53636941679133,34.18637016576275],[-118.53634776169314,34.18637027711583],[-118.53634802778758,34.186406143846185],[-118.53635509754008,34.18640610798891],[-118.53635518244157,34.186417641059194],[-118.53647686850589,34.18641701665473],[-118.53647680576132,34.1864085983193],[-118.53648250539025,34.18640856943311],[-118.53648257741297,34.18641826341155],[-118.53657075348877,34.18641781097838],[-118.53657068347681,34.18640843162973],[-118.53667627518438,34.186407889238716]]]},"properties":{"building_pk":114417,"building_key":"lariac:2014113125850000","source_tile":"r04-c05","source_tile_ids":["r04-c05"],"source_bld_id":"2014113125850000","height_m":4.575,"receiver_ids":[229966,229967,229968,229969,229970,229971,229972,229973,229974,229975,229976,229977,229978,229979,229980,229981],"receiver_keys":["r04-c05:expanded-facade-max4m:114417:0:1","r04-c05:expanded-facade-max4m:114417:0:10","r04-c05:expanded-facade-max4m:114417:0:11","r04-c05:expanded-facade-max4m:114417:0:12","r04-c05:expanded-facade-max4m:114417:0:13","r04-c05:expanded-facade-max4m:114417:0:14","r04-c05:expanded-facade-max4m:114417:0:15","r04-c05:expanded-facade-max4m:114417:0:16","r04-c05:expanded-facade-max4m:114417:0:17","r04-c05:expanded-facade-max4m:114417:0:2","r04-c05:expanded-facade-max4m:114417:0:3","r04-c05:expanded-facade-max4m:114417:0:4","r04-c05:expanded-facade-max4m:114417:0:5","r04-c05:expanded-facade-max4m:114417:0:6","r04-c05:expanded-facade-max4m:114417:0:7","r04-c05:expanded-facade-max4m:114417:0:8"],"receiver_count":16,"periods":{"D":{"min":58.812977,"max":70.99926,"receiver_count":16,"unavailable_count":0},"E":{"min":56.594486,"max":68.78077,"receiver_count":16,"unavailable_count":0},"N":{"min":51.823277,"max":64.00956,"receiver_count":16,"unavailable_count":0}}}}],"metadata":{"model":"tarzana-combined-road-study-r02-v1","tile_id":"r04-c05","status":"candidate_pending_owner_review","coordinate_crs":"OGC:CRS84","source_projected_crs":"EPSG:26911","bbox_wgs84":[-118.54611754770899,34.180074113452044,-118.53524324463521,34.18640921498828],"receiver_count":8315,"numeric_rows":24945,"numeric_laeq_min":35.460022,"numeric_laeq_max":80.143036,"masked_ids":[],"receiver_height_counts_m":{"1.5":4622,"4.0":3693},"building_count":281,"facade_receiver_count":3693,"attempt_id":"phase1-tarzana-full-mixed-r04-c05-union-hf583-nv-mac8-v1","source_hashes":{"export":"342c0da7f5b48c8a5f05435cd80d13fbe0a5bcdf1e782df8acbda7b3a119c180"},"shared_building_source_ids":["201700286246","396477888728","396486888573","396569888316","396669888342","396750888347","396794888348","398640888420","398766888420"],"quality_flags":{"physical_ceiling_margin_db":6.0,"physical_ceiling_masked_ids":[],"on_road_distance_m":3.0,"on_road_count":132,"method":"science/qa/physical_ceiling.py; science/pipeline/build_tile_assets.py"},"assumptions":{"source_scenario":"Assumed historical-context mixed-road scenario (852 corrected freeway + 583 corrected lower-road sources).","traffic":"Evening flow = 0.6 × day, night = 0.2 × day. Not observed or current traffic.","method":"Direct union export copied as emitted; physically impossible receivers masked, on-road receivers labelled.","calibration":"Uncalibrated modeled exterior LAeq; not a measurement, interior level, or quietness rating."}}}
